/*--------------------------------*- C++ -*----------------------------------*\
| =========                 |                                                 |
| \\      /  F ield         | OpenFOAM: The Open Source CFD Toolbox           |
|  \\    /   O peration     | Version:  2312                                  |
|   \\  /    A nd           | Website:  www.openfoam.com                      |
|    \\/     M anipulation  |                                                 |
\*---------------------------------------------------------------------------*/
FoamFile
{
    version     2.0;
    format      ascii;
    arch        "LSB;label=32;scalar=64";
    class       labelList;
    location    "constant/polyMesh";
    object      neighbour;
}
// * * * * * * * * * * * * * * * * * * * * * * * * * * * * * * * * * * * * * //


80490
(
1
145
11490
13343
13344
13348
13349
13377
13378
13379
13865
14226
15883
15885
2
900
903
12288
12289
13337
13338
13339
13340
13343
13379
15883
15940
3
4
5
20
11444
11445
11492
13332
13339
13340
13342
13343
15883
15884
15885
15941
15942
4
130
133
134
15942
5
20
22
1154
1155
15942
6
7
20
15830
15941
15942
7
138
141
142
13340
15830
8
9
143
13343
15830
9
10
18
19
20
21
13343
10
143
13343
15828
11
143
144
13343
13349
13350
12
13
18
13344
13345
13349
13350
13
14
18
13344
15827
14
13344
13345
14193
14194
14200
15
16
18
13344
14199
16
14194
14195
14196
14199
15882
17
1152
1153
11491
14197
14199
18
19
21
1153
11491
19
21
13344
20
21
1154
15885
21
22
13350
14199
15827
15828
15829
15830
23
129
130
1153
1154
1155
5651
14199
15830
16304
24
128
130
4253
4254
5650
16304
16377
25
127
4254
4255
4256
5649
16377
16378
26
126
4255
4256
4257
5648
16015
16379
27
125
4257
4258
5647
16014
16015
16380
28
124
4258
4259
5646
16011
16014
16381
29
123
4259
4260
5645
16010
16011
16382
30
122
4260
4261
5644
16007
16010
16383
31
121
4261
4262
5643
16006
16007
16384
32
120
4262
4263
5642
10615
16006
16385
33
119
4263
4264
5641
10614
10615
16386
34
118
4264
4265
5640
10613
10614
16387
35
117
4265
4266
5639
10612
10613
16388
36
116
4266
4267
5638
10611
10612
16389
37
115
4267
4268
5637
10610
10611
16390
38
114
4268
4269
5636
10609
10610
16391
39
113
4269
4270
5635
10608
10609
16392
40
112
4270
4271
5634
7842
10608
16393
41
111
4271
4272
5633
7841
7842
16394
42
110
4272
4273
5632
7745
7841
16395
43
109
4273
4274
5631
7743
7745
16396
44
108
4274
4275
5630
7743
7744
16397
45
107
4275
4276
5629
7613
7744
16398
46
106
4276
4277
5628
7612
7613
16399
47
105
4277
4278
4286
5627
7612
16400
48
104
4278
4279
4280
4285
4286
4287
49
3928
3932
3933
3935
4279
4280
4288
8049
8050
8052
16353
16354
50
104
3883
3922
3924
3925
3926
3927
3957
3958
3959
4279
8050
16412
51
103
3105
3883
3885
3886
3887
3956
16408
16411
16412
16414
16416
52
938
939
3089
3103
3104
16414
16416
16421
16469
53
103
938
3259
3260
16416
16420
54
102
3258
3259
3260
3352
3463
55
101
3258
3351
3352
3447
16440
56
100
3350
3351
3446
3447
16441
57
99
3349
3350
3445
3446
6631
58
98
3348
3349
3444
3445
16288
59
97
3347
3348
3443
3444
16284
60
96
3346
3347
3442
3443
6984
61
95
3345
3346
3441
3442
16281
62
94
3344
3345
3440
3441
7005
63
93
3343
3344
3439
3440
16279
64
92
3342
3343
3438
3439
7323
65
91
3341
3342
3437
3438
7326
66
90
3340
3341
3436
3437
7329
67
89
3339
3340
3435
3436
7332
68
88
3338
3339
3434
3435
7335
69
87
3337
3338
3433
3434
7338
70
86
3336
3337
3432
3433
7341
71
85
3335
3336
3431
3432
7344
72
84
3334
3335
3430
3431
16276
73
83
3333
3334
3429
3430
10823
74
82
3332
3333
3428
3429
10826
75
81
3331
3332
3427
3428
10829
76
80
3330
3331
3425
3426
3427
77
79
3167
3425
3426
6283
6284
78
852
862
863
6283
6284
6286
12241
12242
12248
79
129
867
868
869
879
6284
6285
12247
12248
12253
80
128
3423
3424
3425
6284
6285
81
127
3331
3424
3425
16376
16442
82
126
3331
3332
16375
16376
16443
83
125
3332
3333
16374
16375
16444
84
124
3333
3334
16373
16374
16445
85
123
3334
3335
16372
16373
16446
86
122
3335
3336
16371
16372
16447
87
121
3336
3337
16370
16371
16448
88
120
3337
3338
16369
16370
16449
89
119
3338
3339
16368
16369
16450
90
118
3339
3340
16367
16368
16451
91
117
3340
3341
16366
16367
16452
92
116
3341
3342
16365
16366
16453
93
115
3342
3343
16364
16365
16454
94
114
3343
3344
16363
16364
16455
95
113
3344
3345
16362
16363
16456
96
112
3345
3346
16361
16362
16457
97
111
3346
3347
16360
16361
16458
98
110
3347
3348
16359
16360
16459
99
109
3348
3349
16358
16359
16460
100
108
3349
3350
16357
16358
16461
101
107
3350
3351
16356
16357
16462
102
106
3351
3352
3353
16356
16463
103
105
3260
3352
3353
3881
3882
104
3260
3882
3883
16416
16424
105
3882
3883
4278
4279
16407
106
2794
3353
3882
4277
4278
107
3353
4276
4277
16356
16497
108
4275
4276
16356
16357
16496
109
4274
4275
16357
16358
16495
110
4273
4274
16358
16359
16494
111
4272
4273
16359
16360
16493
112
4271
4272
16360
16361
16492
113
4270
4271
16361
16362
16491
114
4269
4270
16362
16363
16490
115
4268
4269
16363
16364
16489
116
4267
4268
16364
16365
16488
117
4266
4267
16365
16366
16487
118
4265
4266
16366
16367
16486
119
4264
4265
16367
16368
16485
120
4263
4264
16368
16369
16484
121
4262
4263
16369
16370
16483
122
4261
4262
16370
16371
16482
123
4260
4261
16371
16372
16481
124
4259
4260
16372
16373
16480
125
4258
4259
16373
16374
16479
126
4257
4258
16374
16375
16478
127
4256
4257
16375
16376
16477
128
3424
4256
16376
16377
16476
129
130
2769
3424
6285
16377
130
135
136
881
6285
12252
12253
15830
15942
131
132
133
134
6285
11840
16304
16377
132
134
1235
2768
2769
2770
11840
133
1157
1160
2767
4253
11840
134
1155
1156
11445
11840
135
1236
11444
11840
136
881
1236
11444
15942
137
881
13342
15942
138
882
883
12252
13342
15941
139
141
883
12252
13340
15941
140
883
885
12217
12252
141
885
886
896
897
12217
12255
142
12255
13340
143
897
898
12257
13340
15940
144
12257
13343
15940
145
900
13343
14207
146
900
901
13348
13349
14207
147
150
151
901
902
13378
14207
148
892
902
13356
14207
149
150
892
13351
13352
13355
150
153
154
13351
13352
13354
151
13351
13378
152
153
13347
13348
13378
14206
153
156
157
11489
13346
13347
14206
154
13366
14206
155
156
13367
14201
14202
156
159
160
13369
14201
14202
157
11489
14201
158
159
11489
14191
14192
14205
159
11486
11487
11488
14190
14191
14205
160
14205
14522
161
11487
13370
14203
14530
162
163
166
14526
15495
163
14528
14530
15495
164
165
166
14527
15495
165
14251
15495
15496
166
168
14250
15495
167
11486
11487
11488
15495
168
11484
11486
11488
15494
169
11483
11484
14249
15494
15496
170
171
174
14254
15504
171
14253
15496
15504
172
173
174
14255
15504
173
14257
15504
15505
174
176
14256
15504
175
11482
11483
14234
15504
176
11480
11482
14234
15503
177
11479
11480
14514
15503
15505
178
179
182
14260
15562
179
14259
15505
15562
180
181
182
14261
15562
181
14263
15562
15563
182
184
14262
15562
183
11478
11479
14504
15562
184
11476
11478
14504
15561
185
11475
11476
14537
15561
15563
186
189
14266
15560
15564
187
188
189
15560
15564
15580
188
192
15560
15582
189
191
15560
15581
190
11474
11475
14541
15560
191
280
11474
14541
15559
192
194
278
279
15559
193
15559
194
15582
15583
195
14269
15581
15584
15586
196
197
278
15584
15585
15586
197
277
15587
198
276
11411
15575
15589
199
200
275
11413
15575
15589
200
274
15591
201
273
11414
15573
15574
202
272
11416
15573
15574
15593
203
271
15593
15595
204
270
15595
15597
205
290
15592
15593
15597
206
11419
11425
11426
15592
15593
15594
207
11425
11426
15596
15597
208
209
267
15596
15597
15598
209
294
11423
11425
15599
210
266
15600
211
265
11423
15600
212
264
11423
14944
15458
15459
213
214
263
14946
15458
15459
214
262
15801
215
261
14947
15798
15802
216
217
260
14949
15798
15802
217
259
15804
218
258
14950
15797
15805
219
257
6434
6435
15797
15805
220
256
15807
221
255
6434
15807
222
223
254
6434
6436
15796
223
6431
6437
6438
15786
224
253
15795
225
252
6438
15795
226
251
6439
15795
227
228
250
6439
6441
15794
228
6427
6442
6443
15645
229
249
15808
230
248
6443
15808
231
247
6444
15808
232
233
246
6444
6446
15809
233
6423
6447
6448
15810
234
245
15813
235
244
6448
15813
236
243
6449
15813
237
240
242
6449
6451
15812
238
240
6419
6452
15814
239
6418
6452
6453
6454
15814
240
15676
15820
241
15820
242
6419
15676
15677
243
6419
6420
6421
15677
244
6421
15677
245
6422
15678
246
6423
15695
247
6423
6424
6425
15695
248
6425
15695
249
6426
15634
250
6427
15778
251
6427
6428
6429
15778
252
6429
15778
253
6430
15659
254
6431
15779
255
6431
6432
6433
15779
256
6433
15779
257
15780
258
6433
15420
15780
15806
259
260
15417
15781
15806
260
15781
261
15417
15781
15803
262
263
15450
15451
15803
263
15451
264
15450
15451
15457
265
295
15452
15453
15457
266
295
15452
267
294
15571
268
269
293
294
15571
269
15570
15598
270
290
291
15568
15597
271
290
15568
272
289
15567
273
288
289
15567
15572
274
275
285
15565
15572
275
15565
276
285
15565
15590
277
278
282
15558
15590
278
15558
279
282
15558
280
281
15554
15586
281
11474
14541
14546
14547
15554
282
283
14547
14548
15467
15554
283
15467
15558
284
14550
14551
15467
15553
15590
285
286
14551
14552
15466
15553
15590
286
15466
15565
287
322
323
15466
15566
15572
288
301
302
323
11428
15566
15572
289
300
11428
15567
290
299
300
15567
15593
291
15568
292
293
298
299
11426
15568
293
297
298
11426
15569
294
296
297
11426
15571
295
15571
296
11423
15452
15453
15454
297
11426
15452
15454
298
308
309
11426
15548
299
305
306
11426
15550
300
11426
15567
301
304
305
15526
15567
302
304
15526
15566
303
321
322
323
5690
15566
304
316
320
5690
15551
305
315
316
15526
15551
306
15526
15550
307
308
314
315
15528
15550
308
312
314
15528
15549
309
311
312
15528
15548
310
15454
15529
15548
311
15445
15446
15454
15455
15529
15535
312
15445
15528
15535
313
314
15528
15534
15547
314
15520
15522
15523
15528
315
15524
15528
15605
316
15528
15551
317
320
15524
15525
15551
318
319
15519
15523
15524
15525
319
5680
5688
5689
7692
15519
15533
320
5687
15519
15602
15603
321
5686
15551
15602
15603
322
5686
15566
15603
323
14552
14553
14554
15566
324
15566
325
5690
5691
11428
11429
14554
14771
14773
14775
14931
15466
15475
15478
326
5691
14554
14557
14559
14560
14771
14772
14773
15469
15474
15475
15478
327
5692
14486
14493
14494
14558
14559
14560
14561
14751
14752
14771
14772
328
14274
14487
14491
14492
14493
14494
14495
14559
14560
15469
15470
15471
329
7698
11843
11854
11855
12029
14389
14483
14492
14493
14557
14558
14559
15471
15472
15479
15873
330
5694
5695
7698
7699
7818
11843
11844
11855
11856
11872
12029
12030
331
1159
5695
7916
11841
11843
11844
11856
11869
11870
11871
11872
12030
332
334
7917
7938
7939
8943
8944
11857
11868
11869
11870
11871
11872
333
1161
2864
2865
8944
8945
11841
11866
11867
11868
11869
11870
12018
334
5696
7280
10845
11864
11865
11866
11868
11869
11874
11875
12018
12019
12020
15914
15981
335
5695
6931
7700
7938
11868
11869
11872
11873
11874
11875
11876
336
6932
7701
7938
7939
8947
11861
11862
11863
11865
11868
11875
11876
337
6933
6935
7702
7940
8947
8948
8949
11861
11862
11863
12784
12785
338
7279
7280
8947
8948
10809
10810
10811
10845
10846
11863
11864
11865
12784
12786
16002
16003
339
1163
7468
7940
7941
7942
8945
8946
8947
8948
10846
10847
16002
340
1164
6936
7469
7941
7942
7943
8948
10810
10812
11908
11909
16002
341
1165
6937
7470
7943
7944
10515
10516
10812
11906
11907
11908
11909
342
7278
7279
10808
10809
10810
10811
10812
11889
11890
11891
11906
11907
11908
11910
12781
15986
343
6935
6937
7704
8950
8951
10806
10807
10808
11907
11908
11910
11911
344
7705
8951
8952
10518
10805
11882
11883
11888
11890
11907
11910
11911
345
7706
8953
10518
10519
10785
10786
10787
10788
10804
11882
11883
11888
346
7277
7278
10518
10519
10779
10782
10783
10784
10785
11888
11889
11890
11891
11892
11905
12779
347
1167
7945
7946
8953
8954
8955
10516
10517
10518
10519
10782
11892
348
1168
7947
8954
8955
8956
10519
10520
10523
10524
10780
10782
10783
349
1169
7948
8956
8957
8958
10521
10522
10523
10524
10525
10774
10780
350
7276
7277
7953
10524
10525
10772
10773
10774
10779
10780
10781
10783
10784
10791
10795
11918
351
7708
10521
10524
10525
10526
10787
10789
10790
10791
10793
10794
10795
352
7709
8959
8962
8963
10525
10526
10768
10770
10771
10773
10794
10795
353
7710
7979
8889
8960
8962
8963
8964
10756
10757
10769
10770
10771
354
7275
7276
7953
7954
7974
7978
7979
8962
10757
10758
10759
10771
10772
10773
15985
16230
355
1171
7954
7955
7956
7977
7978
7979
7980
8958
8960
8961
8962
356
1172
7957
7972
7973
7977
7978
7979
7980
7981
8890
9377
10759
357
1173
7958
7959
7972
7973
7981
7982
7983
8891
9375
9376
9377
358
7274
7275
7962
7973
7974
9373
9374
9375
9376
9377
9378
9381
10758
10759
10760
16195
359
7712
8887
8889
8891
8965
8966
9376
9377
9378
9379
9380
9381
360
7713
7984
7987
8886
8966
8967
9371
9372
9374
9376
9380
9381
361
7714
7985
7987
7988
7989
7990
8885
8967
9369
9370
9371
9372
362
7268
7273
7274
7961
7962
7987
7988
9364
9365
9366
9367
9369
9372
9373
9374
11943
363
1175
7037
7038
7371
7960
7961
7983
7985
7986
7987
7988
9366
364
1176
7034
7036
7037
7038
7039
7269
7270
7988
9365
9366
9368
365
1177
7029
7030
7031
7032
7033
7034
7035
7040
7269
7270
9368
366
7023
7031
7032
7268
7269
7271
7272
7273
9358
9359
9360
9363
9364
9365
9368
16194
367
7032
7035
7716
7990
7991
7992
8883
9360
9361
9362
9363
9368
368
7028
7032
7717
7992
7993
8882
9332
9333
9334
9359
9360
9361
369
7027
7718
7993
7994
7995
8881
9331
9332
9333
9334
9335
9336
370
6965
7023
7024
7062
7272
9328
9329
9330
9331
9332
9333
9336
9358
9359
16196
16198
371
1179
6961
6962
7020
7024
7025
7026
7027
7029
9330
9331
9332
372
1180
6635
6958
6960
6961
6962
6963
6964
9329
9330
9331
16197
373
1181
6636
6637
6638
6957
6958
6959
6963
6964
7724
9322
16197
374
5777
6964
6965
7062
7063
7724
9320
9321
9322
9323
9324
9327
9328
9329
9346
16197
375
6959
7720
7724
7725
7995
7996
8879
9324
9325
9326
9327
16197
376
6639
7721
7722
7723
7724
7725
8878
9318
9319
9321
9324
9325
377
4180
6640
6802
6803
7603
7722
7723
8875
8876
8877
9318
9319
378
4178
4179
4180
5777
5778
7063
7723
8862
8865
8866
8876
9319
9320
9321
9343
379
4061
4062
4064
4065
4179
4180
5896
6802
7595
7597
8865
8876
380
3966
4009
4062
4063
4170
4179
4445
5895
5896
8864
8865
8866
381
383
3967
4006
4007
4008
4009
4168
4169
4170
4444
4445
8864
382
4168
4169
4170
4171
4172
5777
6170
6171
7063
8862
8864
8866
8867
8868
16204
383
2909
2911
3195
4165
4166
4167
4168
4169
4172
4440
6169
6170
384
1737
1738
3196
3465
4006
4007
4166
4167
4168
4169
4441
385
1737
1738
3466
3800
3839
3840
4005
4006
4007
4008
4442
4450
16340
16343
16344
16348
386
1596
1598
1599
1737
1738
1739
3196
3728
3752
3753
3800
3834
3839
4134
16343
16404
387
1598
1599
3199
3750
3751
388
389
3199
3728
3729
3730
3750
389
2409
3728
3739
3749
390
391
3728
3730
3731
16426
391
2409
2415
2417
16426
16427
392
2418
2419
4125
16426
393
394
395
2419
3731
3732
4125
394
2420
2421
2448
3732
395
396
398
2422
3732
4124
396
3731
3732
4126
4127
397
429
3732
4129
398
399
427
428
429
4129
5498
399
2422
2423
4124
5498
400
2424
2425
2426
5498
401
403
404
428
2425
2426
5499
402
441
2424
2425
2426
2427
5496
403
441
5496
5503
5504
16321
16322
404
405
407
5499
5503
16321
405
426
428
5499
16323
406
425
4820
5499
407
408
423
424
425
4820
5538
408
5503
5504
5538
16321
409
5505
5506
5507
5538
410
411
422
423
5506
5507
5534
411
5355
5505
5506
5507
5508
5514
412
421
5507
5533
413
421
5354
5355
5356
5357
5533
414
421
2156
2157
5533
415
417
418
420
2156
2157
5359
416
2156
2157
5531
5542
417
5531
5541
5542
8384
8385
418
419
5359
8384
8385
8386
419
420
2155
5359
420
2151
2152
5359
5438
16334
421
422
2153
2154
5359
422
2154
5533
423
2153
2154
5534
424
4820
5534
425
2152
2153
4820
4821
5361
426
2096
4820
4821
4823
427
2096
4823
16323
428
429
2096
4129
4130
4823
429
5499
430
2095
2426
4120
4121
4124
4126
4129
4130
4134
5149
16323
16324
16325
431
432
442
444
2426
4114
4121
4122
4123
4124
5152
5153
16324
432
2423
2424
3714
5497
433
434
2427
2428
3711
3713
434
435
440
441
442
2427
2428
435
2428
3711
5152
436
443
2428
3710
3711
16328
437
439
440
443
5493
5494
16328
438
439
4699
5488
5489
5493
5494
439
440
4819
5494
5509
5510
16322
440
5151
5494
441
442
5494
16322
442
5496
443
2426
4819
5150
5151
5152
5158
16321
16323
16324
444
2209
2222
3517
3518
4503
4699
5151
5152
16328
16436
445
992
2223
3711
3712
4105
4112
4122
4123
4472
5152
16431
446
992
2204
16431
16434
447
2204
2205
4470
16405
16434
448
449
3506
4102
4113
16405
449
3506
4101
450
2456
3506
4100
4113
451
452
2454
2456
2550
3505
452
2549
3505
453
2454
3505
3819
16425
454
455
2383
2384
3815
16425
455
2384
3814
456
2383
2384
3813
16437
457
978
2370
2385
16437
16439
458
2369
2385
459
462
464
2377
16438
16439
460
461
462
977
1568
16438
16439
461
976
977
1747
16438
462
976
1029
1760
1761
16438
463
467
16438
464
466
1032
1034
1761
1762
465
1762
466
2368
2377
467
468
1035
3809
3810
468
469
2377
3809
469
471
472
1760
3809
3810
470
471
1568
2375
2376
3809
471
472
474
1565
1566
1567
3809
472
3759
3809
473
3804
3805
3809
3810
474
476
477
1038
3804
3805
3808
475
476
1551
1566
1567
3808
476
477
479
1547
1548
3808
3846
477
3803
3808
478
1039
3808
3847
3848
479
481
482
1040
3847
3848
5200
480
481
1546
1547
3846
5200
481
482
484
1531
1532
1533
5200
482
4002
5200
483
1041
1042
3994
5200
484
486
487
1042
1043
3994
5201
485
486
1531
1532
5201
5203
486
487
489
1530
4028
4030
5201
487
4018
5201
488
1044
3992
3993
5201
489
491
492
1045
3992
3993
4032
490
491
1530
4029
4030
4032
491
492
494
1527
1528
1529
4032
492
4032
4074
493
1046
1047
4032
4039
494
496
497
1047
1048
4035
4039
495
496
1513
1528
1529
4035
496
497
499
1509
1510
4035
5574
497
4035
4073
498
1049
4035
4037
4038
499
501
502
1050
4037
4038
5932
500
501
1508
1509
5574
5932
501
502
504
1493
1494
1495
5932
502
5586
5932
503
1051
1052
5587
5932
504
506
507
1052
1053
5587
5931
505
506
1493
1494
5931
6765
506
507
509
1492
5916
5918
5931
507
5931
5940
508
1054
5931
5943
5944
509
511
512
1055
5920
5943
5944
510
511
1492
5917
5918
5920
511
512
514
1489
1490
1491
5920
512
5920
5997
513
1056
1057
5920
5990
514
516
517
1057
1058
5990
8193
515
516
1475
1490
1491
8193
516
517
519
1471
1472
5995
8193
517
5996
8193
518
1059
5993
5994
8193
519
521
522
1060
2603
5993
5994
520
521
1470
1471
2603
5995
521
522
524
1455
1456
1457
2603
522
2603
6790
523
1061
1062
1063
2603
524
526
527
1062
1063
8239
8241
525
526
1455
1456
2600
8239
526
527
528
2340
2341
2342
8239
527
8220
8239
528
531
1368
8239
8241
529
531
1365
8239
530
2341
8238
8264
8266
8268
531
8238
8271
532
1366
8239
8241
533
8240
8244
534
1062
1354
8240
8241
8243
535
8240
8248
536
1353
1354
5977
5979
5980
537
5976
5981
538
1826
5975
5979
5981
5982
539
5981
16293
540
562
1825
1826
1827
16295
541
1828
5971
542
1828
2650
2651
5970
16295
543
1828
16296
544
550
2651
2652
2653
8197
545
546
549
2653
2654
8197
546
548
1832
2686
2687
5928
547
1829
548
549
5960
549
1841
2688
5960
16298
550
5960
16297
16298
551
567
5959
16296
16297
552
2651
5967
5968
5970
553
565
5967
5968
5969
5970
16294
554
563
564
1091
5967
5969
16294
555
559
563
564
1092
1093
5973
556
1080
1081
1093
5951
5952
5973
557
558
559
5951
5952
5953
5974
558
560
1064
1065
1066
5974
5978
559
560
5974
5985
560
561
563
564
5974
561
5974
5975
5978
5983
562
1826
5974
5975
563
5971
5972
16293
16294
564
5972
565
1089
1094
1825
5597
5948
5949
5951
5983
5985
566
1820
1821
2649
2650
2656
4048
5595
5596
5597
5946
5948
567
568
1089
1096
1887
1896
2652
2656
2657
5597
5599
5600
5968
568
1887
5959
5968
569
570
1887
1890
5965
5968
570
571
572
1089
1090
1091
5965
571
580
1890
5965
572
575
579
1890
5965
573
574
578
5965
574
1078
1079
1090
5606
5958
575
577
5966
576
5966
577
579
5604
578
5605
5606
579
1087
5605
5606
580
1088
1893
5604
581
1893
5599
5613
582
594
1088
1089
5598
5599
5613
583
1095
1898
1899
5598
5613
6010
584
593
594
1095
5612
6009
6010
585
592
1095
5619
6009
586
587
591
592
5619
6007
6008
587
589
590
6007
8037
588
1910
1911
5620
6007
6008
589
1911
1912
5620
6011
6012
6018
590
601
6011
6012
8037
591
598
599
601
5950
8037
592
598
5619
5950
593
596
597
1094
5619
594
596
1094
5612
595
1087
1088
1089
5612
596
1085
1087
1089
5611
597
1084
1085
1094
5611
598
616
1094
8036
599
615
616
5950
8036
600
614
5950
8038
601
602
603
613
614
6794
8038
602
6794
8037
603
6012
6013
6014
6794
8040
604
612
6794
8033
605
611
612
6014
8033
8225
606
6014
6015
6019
8031
8225
16229
607
609
610
611
8031
8224
16229
608
6019
8031
9108
9109
9111
16229
609
631
632
8055
9108
9111
610
632
8055
8224
611
621
622
633
8032
8224
612
8033
8224
613
620
621
636
8033
614
620
636
8038
615
618
619
6793
8038
616
618
6793
8036
617
1083
1084
5951
8036
618
1083
1384
5951
8035
619
1383
1384
6793
8035
620
624
6793
8034
621
623
624
636
8034
622
636
8032
623
626
627
633
8032
8223
624
626
8034
8223
625
1369
1382
1383
8034
626
1369
1382
8057
8258
627
8057
8223
8257
8258
628
8056
8223
8259
629
632
633
634
8056
8082
8259
630
632
634
8080
8082
631
1403
8080
8083
8084
9105
9106
632
8055
8084
9105
633
634
8055
634
8032
635
8082
8084
8085
8222
8223
8224
8226
8256
9111
636
1368
6791
6792
6795
6796
6797
8220
8221
8222
8223
8224
8226
637
1369
6792
6793
6794
6795
8223
8224
8225
638
1064
5950
5984
5985
5986
5987
5988
6791
6792
6793
6794
6795
639
640
4295
4300
5986
5987
6011
6013
6017
6794
6795
6796
6805
8225
8312
8315
8318
640
1914
1915
1916
4299
4300
4301
4302
5623
6642
6800
6804
6805
641
1097
1099
1912
1913
4289
4294
4295
4298
4299
4300
4302
5622
6005
6011
8315
642
1097
1184
2716
2718
4054
4057
4058
4060
4281
4298
4299
6004
6005
16313
16314
16353
643
1185
2716
3873
3875
3959
3960
3969
3970
4057
4058
4059
5580
5584
16311
16313
16319
644
933
3112
3114
3467
3468
3873
3884
3885
3890
3891
3968
3969
3970
16307
16317
16319
645
791
934
2922
2923
3112
3466
3467
3468
3480
3767
3770
4001
16317
16417
16421
16422
646
789
791
937
3766
16422
647
649
650
789
937
2923
3766
648
2923
3764
3765
3771
649
3764
3771
3793
3794
3797
650
937
3794
3797
651
789
937
1739
3795
652
788
1302
1739
1740
3201
3795
653
781
782
786
788
1302
2921
654
780
781
2921
3200
3201
3202
655
1598
1735
3196
3197
3200
3202
656
779
780
1734
3196
3197
4145
657
778
779
3195
4142
4143
4145
658
776
777
3195
4141
4143
4875
659
775
776
3194
4875
4877
4878
660
773
774
3194
4874
4878
4879
661
772
773
3193
4874
4883
4884
662
770
771
3193
4873
4884
4885
663
769
770
3192
4873
4889
4890
664
767
768
3192
4872
4890
4891
665
766
767
3191
4872
4895
4896
666
764
765
3191
4871
4896
4897
667
763
764
3190
4871
4901
4902
668
761
762
3190
4870
4902
4903
669
760
761
3189
4870
4907
4908
670
758
759
3189
4869
4908
4909
671
757
758
3188
4869
4913
4914
672
755
756
3188
4868
4914
4915
673
754
755
3187
4868
4919
4920
674
752
753
3187
4867
4920
4921
675
751
752
3186
4867
4925
4926
676
749
750
3186
4866
4926
4927
677
748
749
3185
4866
4931
4932
678
746
747
3185
4865
4932
4933
679
745
746
3184
4865
4937
4938
680
743
744
3184
4864
4938
4939
681
742
743
3183
4864
4943
4944
682
740
741
3183
4863
4944
4945
683
739
740
3182
4863
4949
4950
684
737
738
3182
4862
4950
4951
685
736
737
3181
4862
4955
4956
686
734
735
3181
4861
4956
4957
687
733
734
3180
4861
4961
4962
688
731
732
3180
4860
4962
4963
689
730
731
3179
4860
4967
4968
690
728
729
3179
4859
4968
4969
691
727
728
3178
4859
4973
4974
692
725
726
3178
4858
4974
4975
693
724
725
3177
4858
4979
4980
694
722
723
3177
4857
4980
4981
695
721
722
3176
4857
4985
4986
696
719
720
3176
4856
4986
4987
697
718
719
3175
4856
4991
4992
698
716
717
3175
4855
4992
4993
699
715
716
3174
4855
4997
4998
700
713
714
3174
4854
4998
4999
701
712
713
4854
5003
5004
5701
702
710
711
4853
5004
5005
5701
703
709
710
4853
5009
5010
5700
704
707
708
4852
5010
5011
5700
705
706
707
4852
5015
5016
6221
706
4852
5017
6258
6259
707
708
1260
4852
6222
6325
708
4852
10917
709
1259
1265
4852
16464
710
711
1251
1265
4853
16464
711
4853
5702
712
1250
1266
4853
16465
713
714
1248
1266
4854
16465
714
3173
4854
715
1247
1267
4854
16466
716
717
1267
1271
4855
16466
717
4855
7463
718
1268
1270
1278
4855
719
720
1268
1277
1278
4856
720
4856
7462
721
1276
4856
7460
7461
722
723
4857
5713
7460
7461
723
4857
7459
724
4857
5714
5715
7288
725
726
4858
5715
5716
7288
726
4858
7458
727
4858
5717
5718
7353
728
729
4859
5718
5719
7353
729
4859
7455
730
4859
5720
5721
7354
731
732
4860
5721
5722
7354
732
4860
7454
733
4860
5723
5724
7355
734
735
4861
5724
5725
7355
735
4861
7450
736
4861
5726
5727
7356
737
738
4862
5727
5728
7356
738
4862
7449
739
4862
5729
5730
7357
740
741
4863
5730
5731
7357
741
4863
7446
742
4863
5732
5733
7358
743
744
4864
5733
5734
7358
744
4864
7362
745
4864
5735
5736
7359
746
747
4865
5736
5737
7359
747
4865
7363
748
4865
5738
5739
7251
749
750
4866
5739
5740
7251
750
4866
7260
751
4866
5741
5742
7257
752
753
4867
5742
5743
7257
753
4867
7261
754
4867
5744
5745
7000
755
756
4868
5745
5746
7000
756
4868
7012
757
4868
5747
5748
6993
758
759
4869
5748
5749
6993
759
4869
6992
760
4869
5750
5751
6979
761
762
4870
5751
5752
6979
762
4870
6991
763
4870
5753
5754
6622
764
765
4871
5754
5755
6622
765
4871
6619
766
4871
5756
5757
5758
767
768
4152
4872
5757
5758
768
4872
6618
769
4151
4872
5763
5764
770
771
3455
4873
5763
5764
771
4873
5768
772
3454
4159
4873
16403
773
774
3452
4159
4874
16403
774
4874
5767
775
3451
4160
4874
16402
776
777
2915
4160
4875
16402
777
4165
4875
778
2912
2914
4875
16475
779
780
783
2912
4145
16475
780
4145
4166
781
782
2921
4145
782
1300
2921
783
784
786
2921
4146
784
2912
2913
2914
4146
16475
785
2918
2920
4146
786
787
935
936
2918
2919
2920
787
936
2921
788
789
790
935
936
2922
789
1302
2922
790
937
2922
791
792
938
2922
792
938
16417
16421
16422
793
934
935
938
16419
16420
794
934
935
2919
3259
3261
16420
795
2919
3259
3263
3461
3462
3463
796
3258
3264
3461
3462
3463
4163
797
3258
3266
3460
4163
5774
16440
798
3267
3447
3448
3460
5774
16440
799
3269
3447
3448
3458
3459
16441
800
3270
3446
3458
3459
4157
16441
801
3272
3446
4157
6629
6630
6631
802
3273
3445
5761
6629
6630
6631
803
3275
3445
5761
6627
6628
16288
804
3276
3444
6627
6628
16283
16288
805
3278
3444
6972
6973
16283
16284
806
3279
3443
6972
6973
6975
16284
807
3281
3443
6975
6982
6983
6984
808
3282
3442
6982
6983
6984
16280
809
3284
3442
6985
6986
16280
16281
810
3285
3441
6985
6986
6996
16281
811
3287
3441
6996
7003
7004
7005
812
3288
3440
7003
7004
7005
16278
813
3290
3440
7006
7007
16278
16279
814
3291
3439
7006
7007
7259
16279
815
3293
3439
7259
7321
7322
7323
816
3294
3438
7321
7322
7323
7365
817
3296
3438
7324
7325
7326
7365
818
3297
3437
7324
7325
7326
7361
819
3299
3437
7327
7328
7329
7361
820
3300
3436
7327
7328
7329
16246
821
3302
3436
7330
7331
7332
16246
822
3303
3435
7330
7331
7332
16248
823
3305
3435
7333
7334
7335
16248
824
3306
3434
7333
7334
7335
16250
825
3308
3434
7336
7337
7338
16250
826
3309
3433
7336
7337
7338
16252
827
3311
3433
7339
7340
7341
16252
828
3312
3432
7339
7340
7341
16254
829
3314
3432
7342
7343
7344
16254
830
3315
3431
7342
7343
7344
16256
831
3317
3431
7345
7346
16256
16276
832
3318
3430
7345
7346
7348
16276
833
3320
3430
7348
10821
10822
10823
834
3321
3429
10821
10822
10823
16302
835
3323
3429
10824
10825
10826
16302
836
3324
3428
5708
10824
10825
10826
837
3326
3428
5708
10827
10828
10829
838
3327
3427
10827
10828
10829
16303
839
1243
1244
3329
3330
3427
16303
840
1243
1244
1254
3169
3330
3426
841
1242
1254
1256
3167
3168
3426
842
1242
1256
1263
3166
3167
6283
843
863
864
1263
6283
10920
10921
844
845
851
863
6286
10920
10921
845
848
851
6286
10927
846
848
6286
10922
10925
10926
847
6228
6229
6289
10925
10926
848
6229
6289
11296
15900
849
851
6286
11296
15900
850
11296
11298
12240
15900
851
853
11298
11299
12240
15901
852
853
6286
15901
853
862
863
15901
854
861
12241
15901
855
856
858
861
11299
11300
12241
856
857
11299
11300
11363
12233
12267
857
858
11300
12244
858
11300
12232
12267
15943
15944
859
860
11300
12248
860
11304
11305
11327
12248
15944
861
862
867
11302
11303
12248
862
11302
12241
863
866
867
11302
864
10920
865
866
3165
3166
6284
10920
866
868
908
1237
3164
3165
6284
867
6284
11302
868
869
11302
11303
869
879
908
1237
870
879
11513
871
878
11303
11304
11513
12247
872
873
875
878
11304
11326
12247
873
874
11306
11307
11325
11326
12231
874
875
11326
12250
875
11325
11326
12214
12215
12230
876
877
11326
12253
877
883
884
12215
12253
13341
878
879
881
882
907
12253
879
907
12247
880
881
907
881
907
1236
1237
6285
882
907
883
907
12252
884
12252
13341
885
12215
12251
13341
886
887
12216
12217
12251
887
896
12217
12228
888
896
12216
12217
12229
15945
889
12218
12219
12220
12226
12229
15945
890
895
896
12218
12225
12226
12256
891
894
12218
12225
12258
892
893
894
12224
12258
12286
15939
893
12258
12285
15939
894
902
903
12258
895
898
899
12258
12288
896
898
12256
12288
897
12217
12256
898
12217
12257
899
12257
12288
15940
900
902
12288
14207
901
902
14207
15940
902
13379
14207
903
14207
904
11383
11384
11385
12288
13338
13378
13379
13380
13747
13749
905
11380
11381
11382
12212
12218
12288
12289
13086
13330
13338
13381
13745
906
11315
11319
11377
11378
11379
11510
11511
12212
12292
12970
13084
13330
907
11322
11326
11509
11511
11512
12212
12214
12289
12291
13330
13331
13341
908
11326
11444
11498
11512
11513
13331
13332
13333
13341
13342
909
1237
1240
1241
10920
11302
11442
11444
11497
11498
11499
11513
13333
15896
15898
910
1238
1240
1241
1242
2770
3163
3164
3171
3422
3423
11441
11837
911
1243
2771
2866
3161
3162
3171
3419
3420
10842
10843
11837
16442
912
2772
3159
3160
3416
3417
7466
10827
10830
10842
10843
10848
16443
913
2773
2872
3157
3158
3413
3414
10820
10824
10830
10848
16000
16444
914
2774
2873
3155
3156
3410
3411
10814
10815
10820
10821
16000
16445
915
2775
2874
3153
3154
3407
3408
7345
10814
10815
10816
11895
16446
916
2776
3151
3152
3404
3405
7342
7472
7473
7474
10816
11895
16447
917
2777
2880
3149
3150
3401
3402
7339
7473
7474
7475
11904
16448
918
2778
2881
3147
3148
3398
3399
7336
7475
7476
10777
11904
16449
919
2779
2882
3145
3146
3395
3396
7333
7476
7477
10776
10777
16450
920
2780
3143
3144
3392
3393
7330
7477
7478
7950
7951
10776
16451
921
2781
2888
3141
3142
3389
3390
7327
7478
7479
7951
7976
16452
922
2782
2889
3139
3140
3386
3387
7324
7366
7479
7971
7976
16453
923
2783
2890
3137
3138
3383
3384
7322
7366
7367
7966
7971
16454
924
2784
3135
3136
3380
3381
7006
7367
7369
7964
7965
7966
16455
925
2785
2896
3133
3134
3377
3378
7004
7264
7372
7964
7965
16456
926
2786
2897
3131
3132
3374
3375
6985
7264
7265
7266
7372
16457
927
2787
2898
3129
3130
3371
3372
6983
7017
7041
7265
7266
16458
928
2788
3127
3128
3368
3369
6971
6972
7017
7018
7021
7041
16459
929
2789
2904
3125
3126
3365
3366
6628
6967
6968
6971
7021
16460
930
2790
2905
3123
3124
3362
3363
6629
6632
6633
6967
6968
16461
931
2791
2906
3121
3122
3359
3360
3459
5771
5775
6632
6633
16462
932
2792
3119
3120
3356
3357
3460
4173
4174
4175
5771
5775
16463
933
2793
3117
3118
3354
3461
3464
3880
3881
4171
4173
4174
16401
934
1185
3115
3116
3464
3467
3877
3878
3967
3969
16401
16424
935
2920
2922
3261
3461
3464
3465
3467
16419
16420
936
937
938
1302
3257
3259
4146
938
939
1302
1303
3766
3771
3788
3789
939
3259
16416
940
941
942
2930
2931
2932
3088
3089
3771
3789
16422
16423
16469
941
942
943
944
2926
2935
2936
3087
3088
3473
942
3088
3789
16469
943
2927
2928
2929
3769
3771
3785
3787
3789
944
2937
2938
2939
2942
3781
3784
3785
945
946
2945
2946
2947
2973
3087
3781
946
1850
2972
3782
947
2945
2946
2947
2971
3083
948
949
2623
3781
3782
949
950
2622
3780
3781
3782
950
2938
2944
2945
3781
3790
951
2621
3780
3781
952
957
958
1770
3779
3784
3790
953
1769
3774
3776
3778
954
958
959
960
3774
3776
3777
955
956
958
959
960
1751
3773
956
1751
1753
1754
1755
3773
3786
957
2941
2943
3773
958
2941
2942
2943
3784
3790
959
3784
960
1315
1316
1752
1753
1760
1771
2943
3483
3760
16502
961
1024
1308
962
1024
1025
1308
1309
1313
3777
963
964
1310
1312
16501
964
965
968
1310
3499
16501
965
1020
1021
1025
1026
16501
966
968
3498
16501
967
971
1014
1015
1020
2394
968
970
2394
969
16501
970
3496
3498
3499
971
3496
972
974
975
3497
3498
973
974
1014
2387
2388
3497
974
975
977
978
979
1569
3497
975
1015
3497
976
1026
1027
3497
3498
977
1026
1027
1028
16438
978
1569
16438
16439
979
1569
2385
980
1569
2388
2390
3500
16437
981
2382
2383
2389
2390
3500
16437
982
983
984
2382
2383
3503
16425
983
985
2453
2454
2455
3503
16425
984
985
3503
3725
985
1009
2389
3502
3503
986
1008
3503
3509
987
1006
3504
3509
988
999
1005
3504
989
999
1004
3508
3509
990
994
998
2447
3508
3509
3510
991
2455
2456
3508
3510
4112
4113
992
993
994
3511
4112
4113
16405
993
995
3511
16405
16431
994
995
3511
4123
995
996
998
2447
3511
996
2432
3511
3514
3515
997
2433
3511
3513
998
999
1000
2435
3507
3513
999
2447
3507
1000
1002
3507
1001
3507
1002
2435
3720
1003
1004
1005
2435
3721
1004
2436
2441
2442
2446
2447
3721
1005
1007
3721
1006
3721
1007
1008
3722
1008
2445
2446
3509
3722
16429
1009
3722
3725
16429
1010
1011
2399
2400
3725
1011
2399
3502
1012
2389
2391
2399
2400
1013
1014
1570
2388
2391
2393
1014
2387
2393
1015
1570
2393
1016
1019
2396
1017
1018
1019
1569
1570
1571
2396
1018
1575
1576
1590
1591
1595
2396
1019
1590
1747
2396
1020
1021
1026
1590
2396
1021
1026
2394
1022
1023
1025
1026
1307
1023
1307
1588
1589
1590
1748
1749
1024
1307
1750
1752
1025
1308
1750
1751
1752
1026
1308
1027
1028
1569
1747
1748
1752
1760
1028
3495
3499
1029
1312
1313
1314
3494
1030
1314
1315
1760
1761
3494
1031
1032
1316
1317
1760
1761
3493
1032
1033
1317
1318
1319
3493
3804
1033
3493
3810
1034
1036
1319
1321
3493
1035
1762
1036
3806
1037
1322
3805
3806
3810
1038
1319
1323
1324
3807
1039
1324
1325
3804
3805
3807
1040
1325
1326
3807
3847
3848
1041
1327
1328
3847
3848
3850
1042
1043
1328
1329
3850
3994
1043
3990
3994
1044
1330
1331
3989
3994
1045
1331
1332
3989
3992
3993
1046
1333
1334
3988
3992
3993
1047
1048
1334
1335
3988
4039
1048
4033
4039
1049
1336
1337
4034
4039
1050
1337
1338
4034
4037
4038
1051
1339
1340
4037
4038
5923
1052
1053
1340
1341
5587
5923
1053
5587
5922
1054
1342
1343
5587
5930
1055
1343
1344
5930
5943
5944
1056
1345
1346
5943
5944
8195
1057
1058
1346
1347
5990
8195
1058
2605
5990
1059
1348
1349
5990
8194
1060
1349
1350
5993
5994
8194
1061
1351
1352
5980
5993
5994
1062
1063
1352
1353
1354
5980
1063
8240
1064
1356
1368
1455
5988
5993
6790
6791
6792
8220
1065
1066
1353
1369
5951
5983
5985
5988
6792
6793
8250
1066
5977
8247
8250
1067
1068
5953
5955
8250
1068
1069
1070
1369
1370
1371
5955
1069
5953
5955
6793
1070
1073
1384
5953
5954
5955
1071
1072
1390
5955
1072
1370
1379
1380
1391
8246
1073
1389
16219
1074
1388
16219
1075
1387
5954
16219
1076
1081
1386
5952
5954
5956
1077
1081
5609
5957
1078
1080
5608
5957
1079
5607
5957
1080
1086
1092
5973
1081
1085
1092
1093
5973
1082
5973
1083
1085
1386
5609
5610
1084
1385
1386
5610
5951
1085
5611
5951
1086
5608
5611
1087
5605
5606
5607
1088
1089
5605
5606
1089
5604
1090
1091
1092
1094
1095
5597
1091
1092
5958
1092
5967
5968
5969
1093
5973
1094
5973
1095
5597
5949
5950
5951
5985
6007
1096
4294
5597
5949
6006
6007
6009
6010
16291
1097
1897
1898
2656
2713
4051
4053
5596
5597
6006
16291
16305
1098
1905
2713
3933
3934
4053
4054
4290
4291
4294
4295
6005
6006
16291
16314
1099
3933
4280
4281
4290
1100
4280
4281
4282
4289
5622
1101
4280
4282
4283
4302
4303
4304
1102
4182
4284
4286
4302
4303
4306
1103
4182
4183
4286
4308
5781
5782
1104
4184
4185
5781
5782
5783
7612
1105
4185
4186
5785
6955
6956
7612
1106
4187
4188
5787
6955
6956
7613
1107
4188
4189
5789
6954
7613
16238
1108
4190
4191
6954
7617
7744
16238
1109
4191
4192
6953
7619
7744
16237
1110
4193
4194
6953
7621
7743
16237
1111
4194
4195
6952
7623
7743
16236
1112
4196
4197
6952
7745
7747
16236
1113
4197
4198
6951
7745
7749
16235
1114
4199
4200
6951
7751
7841
16235
1115
4200
4201
6950
7753
7841
16234
1116
4202
4203
6950
7842
7844
16234
1117
4203
4204
6949
7842
7846
16233
1118
4205
4206
6949
7848
10608
16233
1119
4206
4207
6948
7850
10606
10608
1120
4208
4209
6948
10605
10606
10609
1121
4209
4210
6947
10434
10609
16022
1122
4211
4212
6947
10436
10610
16022
1123
4212
4213
6946
10438
10610
16021
1124
4214
4215
6946
10440
10611
16021
1125
4215
4216
6945
10442
10611
16020
1126
4217
4218
6945
10444
10612
16020
1127
4218
4219
6944
10446
10612
16019
1128
4220
4221
6944
10593
10613
16019
1129
4221
4222
6943
10591
10592
10613
1130
4223
4224
6943
10589
10592
10614
1131
4224
4225
6942
10587
10588
10614
1132
4226
4227
6942
10585
10588
10615
1133
4227
4228
6941
10583
10584
10615
1134
4229
4230
6941
10581
10584
16006
1135
4230
4231
6940
10579
10580
16006
1136
4232
4233
6940
10572
10580
16007
1137
4233
4234
6939
10570
10571
16007
1138
4235
4236
6939
10498
10571
16010
1139
4236
4237
6938
10496
10497
16010
1140
4238
4239
6938
10494
10497
16011
1141
4239
4240
7920
7921
7922
16011
1142
4241
4242
7920
7921
10485
16014
1143
4242
4243
7919
10483
10484
16014
1144
4244
4245
7919
10481
10484
16015
1145
4245
4246
7918
10479
10480
16015
1146
4247
4248
4255
7918
8939
10480
1147
4248
4249
4255
7917
8937
8938
1148
4250
4251
4254
7917
8936
8937
1149
4251
4252
4254
7914
7915
7916
1150
1157
1158
5653
7915
7916
16304
1151
1156
1158
11446
11447
11459
16304
1152
1153
1156
11491
16304
1153
5651
11447
11448
11491
14197
1154
1155
11491
1155
15885
1156
11445
1157
1158
11445
16304
1158
1160
4252
4253
16304
1159
16304
1160
7916
11445
11446
11839
11841
11842
11843
11844
11870
12030
14047
1161
2767
2770
2864
4252
4253
7916
11445
11839
11841
11870
1162
2765
2766
2771
2864
4249
4250
7917
8944
11867
11870
16378
1163
2763
2764
2772
4246
4247
7918
8944
8945
8946
10847
11867
16379
1164
2761
2762
2773
4243
4244
7919
7941
7942
8946
10847
16380
1165
2759
2760
2774
4240
4241
7920
7941
7942
7943
11909
16381
1166
2757
2758
2775
4237
4238
6938
7943
7944
10515
11909
16382
1167
2755
2756
2776
4234
4235
6939
7944
7945
10515
10516
10517
16383
1168
2753
2754
2777
4231
4232
6940
7945
8954
8955
10517
16384
1169
2751
2752
2778
4228
4229
6941
8954
8955
8956
10523
16385
1170
2749
2750
2779
4225
4226
6942
8956
8957
10522
10523
16386
1171
2747
2748
2780
4222
4223
6943
7955
8957
8958
8961
10522
16387
1172
2745
2746
2781
4219
4220
6944
7955
7977
7980
8961
16388
1173
2743
2744
2782
4216
4217
6945
7972
7977
7980
7981
16389
1174
2741
2742
2783
4213
4214
6946
7959
7972
7981
7982
16390
1175
2739
2740
2784
4210
4211
6947
7959
7960
7982
7983
7986
16391
1176
2737
2738
2785
4207
4208
6948
7037
7038
7960
7986
16392
1177
2735
2736
2786
4204
4205
6949
7034
7037
7038
7270
16393
1178
2733
2734
2787
4201
4202
6950
7030
7033
7034
7270
16394
1179
2731
2732
2788
4198
4199
6951
7025
7026
7029
7030
7033
16395
1180
2729
2730
2789
4195
4196
6952
6961
6962
7025
7026
16396
1181
2727
2728
2790
4192
4193
6953
6958
6961
6962
6963
16397
1182
2725
2726
2791
4189
4190
6637
6954
6957
6958
6963
16398
1183
2723
2724
2792
4186
4187
5779
5780
6637
6638
6955
6957
16399
1184
2721
2722
2793
3965
4178
4181
4183
4184
5779
5780
5781
16400
1185
2719
2720
3965
4058
4061
4181
4283
4284
4285
4299
4302
1186
1187
2793
3962
3963
3965
3966
3969
4058
16401
16407
1187
3875
3876
3877
3883
3962
16407
1188
3878
3879
3882
3963
16407
1189
2793
2794
2795
3879
3880
3882
1190
2793
2794
2796
3353
3354
3355
1191
2792
2798
3353
3355
3356
16497
1192
2792
2799
3357
3358
16356
16497
1193
2791
2801
3358
3359
16356
16496
1194
2791
2802
3360
3361
16357
16496
1195
2790
2804
3361
3362
16357
16495
1196
2790
2805
3363
3364
16358
16495
1197
2789
2807
3364
3365
16358
16494
1198
2789
2808
3366
3367
16359
16494
1199
2788
2810
3367
3368
16359
16493
1200
2788
2811
3369
3370
16360
16493
1201
2787
2813
3370
3371
16360
16492
1202
2787
2814
3372
3373
16361
16492
1203
2786
2816
3373
3374
16361
16491
1204
2786
2817
3375
3376
16362
16491
1205
2785
2819
3376
3377
16362
16490
1206
2785
2820
3378
3379
16363
16490
1207
2784
2822
3379
3380
16363
16489
1208
2784
2823
3381
3382
16364
16489
1209
2783
2825
3382
3383
16364
16488
1210
2783
2826
3384
3385
16365
16488
1211
2782
2828
3385
3386
16365
16487
1212
2782
2829
3387
3388
16366
16487
1213
2781
2831
3388
3389
16366
16486
1214
2781
2832
3390
3391
16367
16486
1215
2780
2834
3391
3392
16367
16485
1216
2780
2835
3393
3394
16368
16485
1217
2779
2837
3394
3395
16368
16484
1218
2779
2838
3396
3397
16369
16484
1219
2778
2840
3397
3398
16369
16483
1220
2778
2841
3399
3400
16370
16483
1221
2777
2843
3400
3401
16370
16482
1222
2777
2844
3402
3403
16371
16482
1223
2776
2846
3403
3404
16371
16481
1224
2776
2847
3405
3406
16372
16481
1225
2775
2849
3406
3407
16372
16480
1226
2775
2850
3408
3409
16373
16480
1227
2774
2852
3409
3410
16373
16479
1228
2774
2853
3411
3412
16374
16479
1229
2773
2855
3412
3413
16374
16478
1230
2773
2856
3414
3415
16375
16478
1231
2772
2858
3415
3416
16375
16477
1232
2772
2859
3417
3418
16376
16477
1233
2771
2861
3418
3419
16376
16476
1234
2771
2862
3420
3421
3424
16476
1235
2768
2769
2770
3421
3422
3424
1236
1238
1239
2769
2770
6285
1237
1239
6285
11444
1238
1239
6285
1239
3164
3422
3423
6285
1240
6285
1241
2770
11441
11442
11443
11444
11497
11835
11837
11838
11839
1242
1264
3165
3171
10918
10919
10920
11440
11441
11442
11499
1243
1256
1264
3166
3167
3168
3171
5703
10918
10920
1244
3169
3171
3172
3329
3330
5703
5704
10827
10842
1245
1253
3235
1246
1249
1253
3235
5704
5705
16303
1247
1248
5704
5705
16274
1248
1267
1271
5706
16274
16466
1249
1250
1266
16274
16465
1250
1253
1266
3235
1251
1252
1266
16275
16465
1252
1258
1259
1265
16275
16464
1253
1255
5703
16275
1254
1255
3235
5703
1255
3426
5703
1256
1257
1258
3234
5703
1257
3234
1258
1261
1262
1263
1264
3234
1259
1265
3234
1260
1261
1265
3233
16464
1261
3233
6222
6223
6324
6325
1262
1264
3233
1263
1264
6223
6282
10921
10923
1264
6283
1265
5703
6222
10917
10918
10919
10920
10928
1266
5700
5702
5703
6222
10917
10918
16464
1267
3172
3173
5701
5702
5703
5704
16465
1268
1271
3173
3174
5704
5706
5709
7463
7465
16466
1269
1270
1277
1278
3175
5709
5710
7460
7462
7463
7464
1270
1273
1274
1277
3237
1271
1272
1277
1278
16273
1272
5706
16273
16466
1273
5707
5709
16273
1274
3237
5707
5708
5709
10825
1275
3237
5710
5711
10825
16302
1276
1277
5710
5711
16272
1277
5712
5713
7460
7461
16272
1278
16272
1279
1280
3227
3229
4855
4856
16272
16273
1281
3226
4856
4857
7461
16257
16272
1282
3225
4857
4858
5715
16257
16258
1283
3224
4858
4859
5718
16258
16259
1284
3223
4859
4860
5721
16259
16260
1285
3222
4860
4861
5724
16260
16261
1286
3221
4861
4862
5727
16261
16262
1287
3220
4862
4863
5730
16262
16263
1288
3219
4863
4864
5733
16263
16264
1289
3218
4864
4865
5736
16264
16265
1290
3217
4865
4866
5739
16265
16266
1291
3216
4866
4867
5742
16266
16267
1292
3215
4867
4868
5745
16267
16268
1293
3214
4868
4869
5748
16268
16269
1294
3213
4869
4870
5751
16269
16270
1295
3212
4870
4871
5754
16270
16271
1296
3211
4150
4871
4872
5757
16271
1297
3210
4149
4150
4872
4873
5764
1298
3209
4148
4149
4873
4874
16403
1299
3208
4147
4148
4874
4875
16402
1300
3207
4145
4146
4147
4875
16475
1301
1302
3198
3200
4145
4146
1302
1303
1740
1741
1742
3199
3200
3743
3746
3747
1303
3200
4146
1304
1305
1306
1585
1586
3743
3746
3771
3772
3788
3794
3795
3796
1305
1306
1307
1308
1749
1750
1754
1757
3772
3773
1306
3746
3772
3788
1307
1583
1584
1587
1588
2395
3743
3744
3746
1308
2394
2395
2396
16501
1309
3773
3774
16501
1310
1765
3775
1311
16501
1312
1764
1765
3499
1313
3494
3499
1314
1315
1765
1767
3494
1315
1752
3494
1316
1767
3494
16502
1317
1318
1771
3493
16502
1318
3493
3760
1319
1772
3483
3484
3493
1320
3493
1321
1323
1782
2615
2616
3484
1322
2616
1323
3806
1324
1783
2614
3807
1325
1326
1783
3483
3807
1326
3807
3998
1327
1783
3485
3486
3807
1328
1329
1787
3485
3486
3850
1329
3850
3897
1330
1788
3850
3898
3899
1331
1332
1792
3898
3899
3989
1332
3989
4014
1333
1793
3900
3901
3989
1334
1335
1797
3900
3901
3988
1335
3974
3988
1336
1798
3975
3976
3988
1337
1338
1802
3975
3976
4034
1338
4034
4041
1339
1803
4034
4042
4043
1340
1341
1807
4042
4043
5923
1341
5577
5923
1342
1808
5588
5589
5923
1343
1344
1812
5588
5589
5930
1344
5591
5930
1345
1813
5592
5593
5930
1346
1347
1817
5592
5593
8195
1347
5945
8195
1348
1818
5946
5947
8195
1349
1350
1822
5946
5947
8194
1350
5989
8194
1351
1823
5982
5983
8194
1352
1353
5979
5980
5982
5983
1353
5980
5988
1354
5979
5980
1355
5980
1356
5977
8243
8249
8250
1357
8242
8243
8249
8250
8251
1358
1367
1368
1371
8242
8249
8251
1359
1363
1367
1368
1372
1373
8252
1360
1373
1374
1375
8252
8255
8256
1361
1362
1363
2331
8255
8256
8270
1362
1364
2332
2333
2339
8265
8270
1363
1364
8222
8270
1364
1365
1367
1368
8270
1365
2340
8264
8265
8270
1366
8264
8270
1367
8242
8244
8245
8271
1368
8245
1369
2340
6792
8220
8222
8223
8256
1370
1371
1372
1382
1383
6792
6793
8223
1371
1372
8246
1372
8249
8250
8251
1373
1374
1380
8252
1374
8223
8252
1375
1378
1380
8252
8258
1376
1377
1395
8252
1377
2329
2330
8060
8254
8255
1378
1394
8253
1379
1393
8253
1380
1392
8253
1381
8252
1382
1391
1392
8058
8258
1383
1390
1391
8058
1384
8035
1385
1388
1390
8035
1386
1387
5610
5954
1387
5609
5610
1388
5610
1389
8035
1390
1391
8058
1391
8058
1392
8058
1393
8058
1394
8057
8258
1395
8059
8060
1396
8059
8060
8258
1397
8059
8060
8256
8257
8259
16228
1398
8063
8079
8256
8259
1399
8064
8076
8081
8082
8256
8259
1400
8076
8081
8082
8222
1401
1410
8076
8081
8082
8083
8085
1402
1403
1410
8085
9097
1403
1406
1407
1408
1409
9075
9097
1404
8083
8084
9097
9106
1405
1406
8084
9105
9106
9114
1406
8086
8088
8089
9107
9110
9114
1407
8090
9075
9114
1408
8090
9075
9102
1409
1412
1413
8090
9075
9098
1410
1411
9075
9096
1411
8074
8075
8085
9096
1412
1415
8073
8074
8286
9096
1413
1415
8286
9098
1414
1419
8091
8092
8093
9098
1415
1416
1419
8093
9095
1416
1450
1451
8286
9095
1417
1431
1432
1451
8094
9095
1418
1419
1430
8094
9099
1419
1422
1423
1429
1430
9082
9099
1420
8092
8093
9099
1421
1422
8091
8092
8093
9115
1422
8095
8097
8098
9085
9086
9115
1423
9082
9083
9115
1424
9082
9083
9091
1425
1426
1427
1428
1429
9021
9091
1426
9016
9021
9083
9090
1427
9017
9019
9020
9021
16061
1428
9020
9021
16063
1429
1435
1436
9020
9021
9092
1430
9021
9099
1431
1434
1435
9081
9099
1432
1434
9081
9095
1433
1449
1450
1451
8284
9095
1434
1446
1447
8284
9093
1435
1445
1446
9081
9093
1436
9081
9092
1437
1438
1444
1445
9092
16209
1438
1443
1444
16064
16209
1439
1442
1443
9020
9116
16209
1440
1441
9020
9080
9116
1441
9018
9019
9080
9127
16045
16046
1442
9080
9117
9118
16045
16069
1443
9117
16069
16209
1444
2504
2505
16065
16209
1445
2506
2509
2511
16209
1446
9093
16209
1447
2511
2513
9093
9094
1448
1449
2318
9093
9094
1449
2320
8069
8070
8071
8072
1450
2319
9095
1451
8072
8073
8285
9095
1452
9095
1453
2348
2592
2593
8094
8228
8284
8285
8286
8287
8288
9024
9072
1454
2340
2343
2344
2349
2353
2354
2593
8219
8228
8285
8287
8288
1455
1458
1459
2594
2597
2598
8208
8210
8217
8218
8219
8288
16499
1456
1457
2340
2600
5995
6790
6798
8210
8219
8220
1457
2357
2600
1458
1469
1470
2600
2602
1459
1468
1469
2598
2602
16499
1460
1461
1462
2597
8199
16499
1461
1463
2586
2594
2595
2596
8199
1462
1463
8199
8217
1463
1466
1467
1468
8199
8208
1464
2584
8199
8206
8207
1465
1466
2583
6771
8191
8206
8207
1466
6770
6771
8191
8214
1467
1473
6770
8191
8208
1468
1473
8198
8208
1469
1470
1473
2602
8208
1470
2602
8210
1471
1472
2602
5995
1472
2358
5995
1473
1474
1475
5995
8192
1474
1476
8192
8208
1475
1476
6788
8192
1476
1489
1490
1491
8192
1477
6769
6770
6786
8192
1478
1487
1488
1489
5919
6769
6786
1479
1480
1481
6769
6770
6786
8190
1480
1482
2580
6771
6772
6773
8190
1481
1482
6785
8190
1482
1485
1486
1487
6776
8190
1483
2578
6774
6775
8190
1484
1485
2577
5912
6763
6774
6775
1485
5912
5913
6763
6782
1486
5913
5915
6763
6776
1487
5915
6767
6776
1488
5915
5917
5919
6776
1489
5917
5919
6778
1490
1491
5917
5919
1491
2359
1492
4067
5990
5995
5996
5997
6778
6786
6788
1493
4068
5916
5917
5918
5939
5940
5943
5997
6776
6778
1494
1495
4069
5574
5586
5587
5902
5937
5939
5940
6765
1495
2361
6765
1496
1507
1508
5933
6765
1497
1506
1507
5914
5933
5936
5937
1498
1499
1500
5913
5936
5937
6762
1499
1501
2574
5910
5911
5912
6762
1500
1501
5907
6762
1501
1504
1505
1506
5901
6762
1502
2572
5908
5909
6762
1503
1504
2571
4084
5208
5908
5909
1504
4083
4084
5208
5572
1505
1511
4083
5208
5901
1506
1511
5901
5934
1507
1508
1511
5901
5933
1508
5902
5933
1509
1510
5574
5933
1510
2362
5574
1511
1512
1513
5207
5574
1512
1514
5207
5901
1513
1514
5207
5573
1514
1527
1528
1529
5207
1515
4081
4082
4083
5207
1516
1525
1526
1527
4031
4081
4082
1517
1518
1519
4081
4082
4083
5209
1518
1520
2568
4084
4085
4086
5209
1519
1520
5209
5222
1520
1523
1524
1525
4078
5209
1521
2566
4087
5209
16406
1522
1523
2565
4087
4090
4092
16406
1523
4090
4091
4092
4453
1524
4027
4078
4091
4092
1525
4027
4078
5205
1526
4027
4029
4031
4078
1527
4029
4031
4077
1528
1529
4029
4031
1529
2363
1530
4011
4039
4073
4074
4077
4081
5573
5574
1531
3993
4012
4018
4019
4028
4029
4030
4074
4077
4078
1532
1533
3846
3994
4002
4004
4018
4019
4020
4024
5203
1533
2365
5203
1534
1545
1546
5199
5203
1535
1544
1545
4024
4025
4026
5199
1536
1537
1538
4024
4025
4091
5198
1537
1539
2562
4088
4089
4090
5198
1538
1539
4454
5198
1539
1542
1543
1544
4021
5198
1540
2560
4455
4456
5198
1541
1542
2559
3825
4096
4455
4456
1542
3824
3825
3842
4096
1543
1549
3824
4021
4096
1544
1549
4021
4094
1545
1546
1549
4021
5199
1546
4020
5199
1547
1548
3846
5199
1548
2366
3846
1549
1550
1551
3846
4095
1550
1552
4021
4095
1551
1552
3845
4095
1552
1565
1566
1567
4095
1553
3823
3824
3843
4095
1554
1563
1564
1565
3811
3823
3843
1555
1556
1557
3823
3824
3843
4097
1556
1558
2556
3825
3826
3827
4097
1557
1558
3836
4097
1558
1561
1562
1563
3830
4097
1559
2554
3828
3829
4097
1560
1561
2553
3818
3820
3828
3829
1561
3755
3817
3818
3820
1562
2373
3817
3820
3830
1563
2373
3821
3830
1564
2373
2375
3811
3830
1565
2375
3811
3831
1566
1567
2375
3811
1567
2367
1568
3759
3799
3803
3804
3831
3843
3845
3846
1569
1747
1760
2374
2375
2376
2381
3758
3759
3830
3831
1570
1571
1595
1747
2379
2381
2382
1571
2393
1572
1574
1575
2391
2392
1573
1574
2382
2391
2392
2400
2401
1574
1575
2392
2405
2406
2413
3756
1575
2381
2392
1576
1595
2392
2413
1577
1595
2397
2412
1578
1591
1592
1593
1594
2397
2412
1579
1580
1582
1593
1594
3747
1580
2410
2411
2412
2414
3747
1581
1596
1741
3747
3748
3751
1582
1596
1741
1743
3743
1583
1592
1593
1594
1743
3743
1584
1588
1592
1594
1585
1587
1588
1743
1744
1586
1742
1743
1744
3795
3796
1587
1756
1757
1758
3794
3796
1588
1757
1758
1589
1748
1749
1590
1592
1748
2395
1591
1748
2396
1592
1594
2396
1593
1594
2395
1594
3742
1595
1596
1744
1746
1748
2414
1596
1746
1747
1748
2381
2414
3756
3758
3833
1597
1739
1741
1744
1745
1746
2414
3748
3751
3752
3753
3833
3834
1598
1741
3200
3201
3751
1599
3200
3201
3202
1600
1735
1736
3203
3729
1601
1736
3203
3729
4128
4131
4134
1602
1730
1731
1735
1736
3203
4135
1603
1729
1730
4131
4132
4135
5114
1604
2097
4132
5114
5132
5133
5134
1605
1728
1729
5113
5116
5132
5133
1606
1727
1728
5113
5136
5137
5138
1607
1725
1726
5112
5136
5137
6553
1608
1724
1725
5112
6549
6550
6551
1609
1722
1723
5111
6549
6550
6556
1610
1721
1722
5111
6548
7070
7071
1611
1719
1720
5410
5412
6548
7071
1612
1718
1719
5410
6547
7086
7088
1613
1716
1717
5409
6547
7085
7088
1614
1715
1716
5409
6546
7083
16277
1615
1713
1714
5408
6546
7082
16277
1616
1712
1713
5408
6545
7193
7194
1617
1710
1711
5407
6545
7194
7195
1618
1709
1710
5407
6544
7216
7425
1619
1707
1708
5406
6544
7424
7425
1620
1706
1707
5406
6543
7422
16255
1621
1704
1705
5405
6543
7421
16255
1622
1703
1704
5405
6542
7428
7429
1623
1701
1702
5404
6542
7429
7430
1624
1700
1701
5404
6541
7431
8575
1625
1698
1699
5403
6541
8574
8575
1626
1697
1698
5403
6540
8572
16216
1627
1695
1696
5402
6540
8571
16216
1628
1694
1695
5402
6539
8590
8591
1629
1692
1693
5401
6539
8591
8592
1630
1691
1692
5401
6538
8636
8637
1631
1689
1690
5400
6538
8637
8638
1632
1688
1689
5400
6537
8639
8681
1633
1686
1687
5399
6537
8680
8681
1634
1685
1686
5399
6536
8682
8683
1635
1683
1684
5398
6536
8683
8684
1636
1682
1683
5398
6535
8706
8707
1637
1680
1681
5397
6535
8707
8708
1638
1679
1680
5397
6534
8729
9274
1639
1677
1678
5396
6534
9273
9274
1640
1676
1677
5396
6533
9275
11783
1641
1674
1675
5395
6533
11782
11783
1642
1673
1674
5395
6532
11781
11799
1643
1671
1672
5394
6532
11780
11799
1644
1670
1671
5394
6531
11786
11787
1645
1668
1669
5393
6531
11787
11788
1646
1667
1668
5393
6530
11796
11797
1647
1665
1666
5392
6530
9843
11797
1648
1664
1665
5392
7146
7147
7148
1649
1662
1663
5391
7146
7147
9840
1650
1661
1662
5391
7145
9838
16179
1651
1659
1660
5390
7145
9837
16179
1652
1658
1659
5390
7144
11812
11813
1653
1656
1657
5389
7113
7144
11813
1654
1655
1656
5389
7143
10912
11566
1655
5046
5389
11562
11563
1656
1657
5013
5389
6220
12894
1657
5389
10915
1658
5012
5389
6218
6219
1659
1660
5007
5390
6218
6219
1660
5390
11826
1661
5006
5390
6216
6217
1662
1663
5001
5391
6216
6217
1663
5391
10854
1664
5000
5391
6214
6215
1665
1666
4995
5392
6214
6215
1666
5392
10855
1667
4994
5392
6212
6213
1668
1669
4989
5393
6212
6213
1669
5393
9853
1670
4988
5393
6210
6211
1671
1672
4983
5394
6210
6211
1672
5394
9854
1673
4982
5394
6208
6209
1674
1675
4977
5395
6208
6209
1675
5395
8752
1676
4976
5395
6206
6207
1677
1678
4971
5396
6206
6207
1678
5396
8743
1679
4970
5396
6204
6205
1680
1681
4965
5397
6204
6205
1681
5397
8733
1682
4964
5397
6202
6203
1683
1684
4959
5398
6202
6203
1684
5398
8734
1685
4958
5398
6200
6201
1686
1687
4953
5399
6200
6201
1687
5399
8651
1688
4952
5399
6198
6199
1689
1690
4947
5400
6198
6199
1690
5400
8642
1691
4946
5400
6196
6197
1692
1693
4941
5401
6196
6197
1693
5401
7485
1694
4940
5401
6194
6195
1695
1696
4935
5402
6194
6195
1696
5402
7487
1697
4934
5402
6192
6193
1698
1699
4929
5403
6192
6193
1699
5403
7488
1700
4928
5403
6190
6191
1701
1702
4923
5404
6190
6191
1702
5404
7434
1703
4922
5404
6188
6189
1704
1705
4917
5405
6188
6189
1705
5405
7383
1706
4916
5405
6186
6187
1707
1708
4911
5406
6186
6187
1708
5406
7241
1709
4910
5406
6184
6185
1710
1711
4905
5407
6184
6185
1711
5407
7219
1712
4904
5407
6182
6183
1713
1714
4899
5408
6182
6183
1714
5408
7052
1715
4898
5408
6180
6181
1716
1717
4893
5409
6180
6181
1717
5409
7053
1718
4892
5409
6178
6179
1719
1720
4887
5410
6178
6179
1720
5410
7054
1721
4886
5410
6176
6177
1722
1723
4881
5111
6176
6177
1723
5111
7067
1724
4880
5111
6174
6175
1725
1726
4139
5112
6174
6175
1726
5112
6168
1727
4136
4137
4138
5112
1728
1729
1732
4136
4137
5113
1729
5113
5141
1730
1731
4135
5113
1731
3205
4135
1732
1733
1734
4135
4144
1733
4136
4137
4138
4142
4144
1734
4142
4144
4167
1735
3196
3197
4142
4144
1736
3196
3197
3203
1737
3203
1738
3196
3839
4007
4133
4134
4135
4167
4441
4442
1739
2921
2922
3196
3202
3465
3466
3800
4006
4166
1740
1744
1745
2921
2922
2923
3201
3466
3795
3797
3800
3834
4000
1741
1742
3201
3795
1742
3751
1743
1744
1744
3743
1745
1746
1748
1758
1746
1758
1759
2923
3761
3796
3797
3798
3800
3834
4000
1747
1748
1758
1759
3758
3798
3833
3834
1748
1752
1759
1760
2381
3758
3759
1749
1752
1758
1759
1750
1757
1751
1752
1754
1757
1752
3773
1753
1758
1759
1760
3760
1754
1755
1758
1759
2924
2943
3760
3761
3762
3786
3797
1755
1757
1756
3772
3786
3792
3793
1757
1758
3772
3793
1758
1759
3761
3797
1760
3758
3759
3760
3761
3798
3997
1761
3759
3760
3804
1762
1763
3493
3494
3495
16438
1764
1768
2616
2618
3492
3493
3494
16502
1765
1766
3494
3495
1766
1767
1768
3775
1768
3494
3777
1769
3776
3791
16502
1770
1771
3492
3791
1771
1773
1774
2619
2621
3492
1772
1773
3492
16502
1773
1774
1776
3483
3484
3492
1774
2943
3492
1775
2621
2944
3492
16474
1776
1778
1779
2624
2944
3491
16474
1777
1778
1782
3483
3484
3491
1778
1779
1780
1781
1782
3485
3491
1779
3482
3491
1780
2625
3487
3488
3491
1781
1785
2629
3491
1782
1784
2615
2630
3491
1783
3491
1784
3807
1785
2613
2614
2631
3486
1786
1787
2632
3851
1787
1789
1790
2632
2633
3487
3851
1788
1789
3485
3486
3851
1789
1790
1792
3851
3898
3899
1790
3851
3894
1791
2633
3851
3858
3859
1792
1794
1795
2636
3852
3858
3859
1793
1794
3852
3898
3899
1794
1795
1797
3852
3900
3901
1795
3852
3893
1796
2637
3852
3856
3857
1797
1799
1800
2638
3856
3857
3987
1798
1799
3900
3901
3987
1799
1800
1802
3975
3976
3987
1800
3973
3987
1801
2639
2640
3905
3987
1802
1804
1805
2640
2641
3905
3986
1803
1804
3975
3976
3986
1804
1805
1807
3986
4042
4043
1805
3977
3986
1806
2642
3978
3979
3986
1807
1809
1810
2643
3978
3979
5924
1808
1809
4042
4043
5924
1809
1810
1812
5588
5589
5924
1810
5578
5924
1811
2644
2645
4047
5924
1812
1814
1815
2645
2646
4047
5929
1813
1814
5588
5589
5929
1814
1815
1817
5592
5593
5929
1815
5590
5929
1816
2647
4048
4049
5929
1817
1819
1820
2648
4048
4049
8196
1818
1819
5592
5593
8196
1819
1820
1822
5946
5947
8196
1820
5595
8196
1821
2649
2650
8196
1822
1824
1825
1827
2650
16295
1823
1824
1827
5946
5947
1824
1825
1826
1827
5982
5983
1825
1827
5948
1826
1827
16295
1827
1828
2606
5981
8194
8196
16295
1829
2606
2650
8196
8197
1830
2607
4049
5928
5929
8196
8197
1831
2608
2645
3980
5924
5925
5928
5929
1832
1833
1842
1833
1841
2684
2687
5928
1834
1840
2683
5925
5926
1835
1836
1839
2681
5925
5926
1836
1838
2667
2680
3983
3984
1837
3980
1838
1839
1844
1839
1844
2664
3985
16498
1840
1844
5927
16498
1841
1842
1843
2659
5927
1842
1843
2659
2688
1843
1844
2659
2689
2690
3050
5960
1845
2691
3050
3051
16498
1846
2662
2663
2664
2665
2692
3051
3052
1847
2672
2673
2674
3052
3053
3055
16471
1848
2979
2980
3055
3057
3058
3073
3076
1849
1853
2978
2979
3076
3081
3489
3490
1850
1851
2617
3490
3783
1851
3083
3783
1852
1853
2972
1853
2971
3082
3083
3490
1854
2970
2977
3081
1855
1856
2969
2977
2979
1856
1858
1859
2968
2976
2979
1857
1858
2979
3077
3080
3081
1858
1859
1861
2979
3072
3073
3074
1859
2979
2985
1860
2979
2981
2984
1861
1863
1864
2981
2983
3055
1862
1863
3055
3056
3072
3073
1863
1864
1866
3055
3056
3071
16471
1864
2995
3055
1865
2994
3054
3055
1866
1868
1869
2993
3052
3054
1867
1868
2675
3052
3071
16471
1868
1869
1871
2661
2662
2675
3052
1869
3003
3052
1870
2693
3002
3052
1871
1873
1874
2693
2695
3001
3051
1872
1873
2661
2662
3051
3985
1873
1874
1876
2660
3051
3985
16498
1874
3051
3907
1875
2695
3026
3027
3051
1876
1878
1879
3026
3027
3049
3050
1877
1878
2660
3050
5927
16498
1878
1879
1881
2658
2659
3050
5927
1879
3050
3951
1880
3044
3049
3050
16473
1881
1883
1884
2689
3043
16473
1882
1883
2658
2659
2688
2689
1883
1884
1886
2657
2688
2689
16298
1884
2689
3943
1885
2689
3942
5962
1886
1888
1889
3941
5962
5963
1887
1888
2657
5963
16297
16298
1888
1889
5963
16297
1889
1895
5963
1890
1891
1894
5963
1891
1893
5965
1892
5964
1893
1894
5601
1894
5600
5601
1895
3941
5600
5601
1896
3941
5614
5615
1897
5599
5600
5614
5615
5616
1898
2708
2709
5614
5616
16305
1899
5598
5599
5613
16305
1900
1902
5613
16291
1901
1902
1907
1908
5603
6010
16291
1902
1906
1907
8045
16291
1903
1906
5602
16291
16305
1904
2709
2710
2712
2713
5602
16305
1905
1906
2711
2712
2713
8052
1906
3933
3934
4290
4291
8052
1907
8052
16291
1908
4291
4292
8044
16291
1909
5618
6009
16291
1910
4292
4294
5618
6008
6009
1911
1912
4292
4293
4294
5620
1912
4295
5620
1913
4289
5620
5622
1914
5622
5624
6017
6018
1915
1916
5623
5624
6016
6017
1916
6806
6807
8030
1917
4305
5623
5625
8029
1918
4305
4307
5625
6642
6643
8029
1919
6642
6643
8027
8028
1920
6644
6645
6811
7604
8027
8028
1921
6645
6811
7604
8026
1922
1923
6645
6811
7604
8115
8116
1923
1924
7722
8115
8116
1924
6646
6647
6648
7605
8115
1925
7721
8115
8116
8119
8122
1926
7721
8119
8120
8122
1927
7721
8119
8122
8123
8124
16224
1928
8123
8124
9325
16224
1929
6820
8123
8124
8156
16224
16225
1930
6820
8156
9005
16225
1931
1932
6820
8156
10403
10404
16225
1932
1933
9339
10403
10404
1933
6655
6656
6657
8155
10403
1934
5885
6825
6832
10403
10404
1935
5885
6825
6832
10409
1936
5885
6825
6828
6829
6830
6832
1937
6828
6829
6830
10737
1938
6045
6669
6828
6829
6830
10659
1939
6045
6669
10659
12683
1940
1941
6045
6046
6669
10659
10660
1941
10660
10717
10718
10730
1942
1943
6665
6666
6668
10660
1943
6668
10716
10717
12466
1944
1945
6666
6667
6668
12687
1945
10715
10716
12461
12687
1946
1947
4333
4334
10741
12687
1947
10714
10715
10741
12465
1948
1949
4334
4335
10741
12688
1949
10713
10714
12531
12688
1950
1951
4336
4337
10742
12688
1951
10712
10713
10742
12532
1952
1953
4337
4338
10742
12689
1953
10712
12454
12456
12689
1954
1955
4339
4340
10745
12689
1955
10745
12453
12454
12533
1956
1957
4340
4341
10745
12690
1957
12452
12453
12591
12690
1958
1959
4342
4343
10746
12690
1959
10746
12451
12452
12602
1960
1961
4343
4344
10746
12603
1961
12450
12451
12590
12603
1962
1963
4345
4346
10749
12603
1963
10749
12449
12450
12601
1964
1965
4346
4347
10749
12694
1965
12448
12449
12596
12694
1966
1967
4348
4349
10750
12694
1967
10750
12447
12448
12600
1968
1969
4349
4350
10750
12709
1969
12446
12447
12595
12709
1970
1971
4351
4352
12709
13498
1971
12445
12446
12710
13498
1972
1973
4352
4353
13498
15266
1973
12444
12445
13523
15266
1974
1975
4354
4355
13499
15266
1975
12443
12444
13499
13527
1976
1977
4355
4356
13499
15265
1977
12442
12443
13535
15265
1978
1979
4357
4358
13500
15265
1979
12441
12442
13500
13528
1980
1981
4358
4359
13500
15283
1981
12440
12441
13573
15283
1982
1983
4360
4361
13501
15283
1983
12439
12440
13501
13599
1984
1985
4361
4362
13501
15282
1985
12439
13574
13576
15282
1986
1987
4363
4364
13502
15282
1987
13502
13576
13578
13600
1988
1989
4364
4365
13502
15281
1989
13578
13580
15171
15281
1990
1991
4366
4367
13503
15281
1991
13503
13580
13601
13602
1992
1993
4367
4368
13503
15280
1993
13602
13604
15170
15280
1994
1995
4369
4370
13504
15280
1995
13504
13604
13624
13625
1996
1997
4370
4371
13504
15292
1997
13625
13627
15169
15292
1998
1999
4372
4373
13505
15292
1999
13505
13627
13637
13638
2000
2001
4373
4374
13505
15291
2001
13638
13640
15168
15291
2002
2003
4375
4376
13506
15291
2003
13506
13640
15143
15156
2004
2005
4376
4377
13506
15290
2005
15142
15143
15167
15290
2006
2007
4378
4379
13507
15290
2007
13507
15141
15142
15157
2008
2009
4379
4380
13507
15841
2009
15140
15141
15166
15841
2010
2011
4381
4382
13508
15841
2011
13508
15139
15140
15159
2012
2013
4382
4383
13508
15840
2013
13510
15138
15139
15840
2014
2015
4384
4385
13509
15840
2015
13509
15137
15138
15306
2016
4385
4386
4387
13509
15305
2017
15136
15137
15242
15305
2018
4387
4388
4389
15136
15242
15248
2019
4389
15105
15106
15241
15243
15248
2020
4389
15245
15248
15622
2021
2037
4388
4389
5863
15246
15248
2022
2031
5863
15001
15248
2023
2032
2033
5863
15248
15610
15611
2024
2025
2032
2033
15609
15610
15612
2025
15429
15612
15613
15655
15656
2026
2027
15003
15612
15613
2027
2029
2030
2031
2032
15003
15247
2028
15003
15614
15624
2029
15397
15614
15615
15616
15623
15624
2030
15244
15247
15397
2031
15244
15245
15246
15247
15396
2032
15001
15246
15247
2033
15247
2034
5864
6911
14998
15001
15002
15003
15432
15539
15541
15545
15609
15610
15611
15656
2035
14905
15002
15003
15004
15408
15410
15437
15441
15442
15539
15651
15656
2036
14905
14906
14994
14995
15001
15002
15003
15004
15005
15395
15396
15397
2037
14611
14907
14988
14989
14990
14991
14992
14994
14995
15394
15395
15396
2038
4390
5864
14823
14870
14871
14988
14992
14993
14994
14998
14999
15001
15246
15396
15622
2039
4388
4390
5861
5864
5865
6929
12792
13480
13486
13509
14871
15242
2040
4393
5865
6929
6930
12790
12792
13480
13481
13482
13483
13486
14871
2041
5866
6931
12771
12772
12788
12789
12790
12791
13482
13483
13486
13487
2042
4393
7280
11864
12020
12024
12397
12788
12789
12790
12794
13482
15914
15915
15916
15917
2043
12005
12789
12790
12791
12793
12794
13446
13448
13449
15173
15192
15915
2044
12004
12762
12763
12768
12770
12789
13446
13447
15172
15173
15915
15916
2045
12003
12407
12408
12409
12762
12763
12764
12766
12767
12768
12769
15172
2046
7279
7280
10809
11864
12397
12398
12399
12407
12762
12767
12768
12782
12783
12786
12787
15916
2047
5868
6933
12767
12768
12769
12771
12773
12774
12782
12787
13488
13489
2048
5869
6934
12410
12413
12767
12774
12775
12776
12782
12783
13489
13490
2049
5870
10806
11912
11913
12411
12412
12413
12775
12776
12777
13490
13491
2050
7278
7279
10809
11889
11988
11996
12399
12400
12401
12412
12413
12776
12777
12780
12781
12783
2051
11996
11997
11999
12001
12401
12402
12409
12411
12412
12413
12414
12415
2052
9863
11921
11990
11991
11996
11997
11998
12412
12415
12416
12780
13492
2053
9864
11920
11921
11922
11980
11981
11982
11984
11990
11991
12416
12417
2054
7277
7278
10784
11889
11919
11920
11921
11968
11980
11988
11989
11990
12778
12779
12780
15982
2055
5872
10804
11913
11914
11915
11919
11920
11921
11922
12778
13493
13494
2056
5873
10792
11915
11916
11917
11919
11920
11923
11926
13494
13495
15982
2057
5874
10767
10793
10796
10797
11916
11917
11924
11925
11926
13495
13496
2058
7276
7277
9871
10772
10784
10796
11917
11918
11925
11926
11963
11968
11969
11970
15982
15983
2059
9866
11924
11925
11926
11927
11928
11963
11964
11970
11971
11982
13536
2060
9867
10764
10766
11925
11929
11956
11957
11963
11964
13522
13536
15983
2061
9877
9878
9902
10763
10764
10765
11930
11954
11956
11957
12594
13522
2062
7275
7276
9871
9872
9873
10758
10762
10763
10764
10772
11954
11955
11956
15983
15984
15985
2063
5876
10751
10752
10762
10763
10764
10765
10767
10769
10798
13497
15984
2064
5877
8888
9899
9901
10748
10751
10752
10753
10761
10762
10763
11955
2065
5878
8887
9382
9383
9384
9898
9899
9900
10747
10748
10753
10761
2066
7274
7275
9373
9382
9663
9873
9874
9898
9899
10758
10760
10761
11939
11940
11944
11955
2067
9875
9898
9899
9900
9902
9903
9904
11932
11933
11939
11944
12589
2068
8838
9895
9897
9898
9905
11933
11934
11935
11939
11940
12536
12589
2069
8839
9394
9886
9887
9894
9895
9896
9906
9908
11934
11935
12536
2070
7273
7274
9364
9373
9663
9664
9665
9886
9893
9894
9895
11935
11940
11941
11942
11943
2071
5880
8885
9384
9385
9386
9894
9895
9896
10743
10744
11941
11942
2072
5881
8884
9386
9387
9388
9391
9393
9893
9894
10740
10743
11942
2073
5882
8883
9354
9355
9387
9388
9389
9390
9391
9392
10739
10740
2074
7272
7273
9294
9358
9364
9388
9389
9390
9391
9665
9666
9890
9891
9892
9893
16194
2075
8841
9390
9391
9392
9394
9395
9396
9888
9889
9890
9892
12460
2076
8842
9351
9353
9390
9397
9675
9676
9889
9890
9891
10729
12460
2077
9300
9301
9348
9350
9351
9352
9398
9400
9674
9675
9676
10729
2078
7062
7272
9294
9295
9296
9328
9337
9347
9350
9351
9357
9358
9674
9675
9891
16196
2079
5884
8881
9337
9338
9350
9351
9352
9354
9356
9357
10737
10738
2080
5885
8880
9312
9337
9338
9339
9340
9347
9349
9350
10736
10737
2081
5886
8879
9311
9312
9313
9315
9316
9339
9340
9341
10734
10736
2082
7062
7063
8860
9167
9296
9297
9306
9311
9312
9320
9328
9340
9341
9344
9346
9347
2083
9167
9168
9298
9306
9307
9308
9310
9311
9312
9313
9348
9401
2084
8856
9156
9157
9167
9168
9169
9309
9310
9311
9314
9344
9345
2085
8855
8870
8871
8872
9155
9156
9157
9158
9169
9170
9345
10674
2086
2088
7063
8860
8861
8862
8869
8870
8872
8873
9156
9320
9342
9343
9344
9345
2087
5888
8872
8873
8874
8877
9153
9155
9156
9315
9317
9342
10735
2088
5889
5891
7598
8161
8167
8358
8872
8873
8874
9152
9153
9154
2089
5892
7597
8167
8168
8357
8358
8869
8870
8871
8872
8873
2090
5566
5893
5895
7506
8168
8357
8852
8854
8861
8863
8869
8870
2091
2093
4444
5142
5143
5564
5565
5566
6148
7506
8851
8852
8863
2092
5142
6171
7063
8850
8851
8852
8859
8860
8861
8862
8863
16202
16203
16204
16205
2093
4438
4440
5136
5140
5141
5142
6150
6167
6168
8851
16203
16205
2094
4133
4441
4815
5132
5140
5141
5142
5143
5564
6149
8851
2095
4133
4442
4814
4815
4816
5143
5144
5148
5553
5555
5556
5563
5564
5565
7545
8396
2096
2097
2098
2151
4133
4134
4815
4816
4820
5132
5148
5149
5555
16323
16325
16327
2097
2098
4823
2098
4130
4131
4132
5114
2099
4821
4822
5134
5135
2100
2151
2152
4821
4822
5135
16334
2101
4822
5117
5131
5134
5135
6573
2102
5131
5360
6572
6573
16333
16334
2103
2104
5131
5436
6572
2104
2110
5122
5123
5130
5436
6574
2105
2110
2150
5436
5439
16333
2106
2150
5439
8476
8477
2107
2109
2110
2111
8476
8477
8480
2108
2109
2111
8480
9220
2109
2111
8480
8484
8485
9515
9516
2110
2111
5123
5124
9221
2111
5436
2112
2150
4813
5129
5130
6149
7502
7503
8480
2113
2114
2123
2149
2150
4807
4808
4812
4813
4814
7504
8388
8394
8477
8478
8479
16155
2114
5437
5439
5440
8389
8477
2115
2121
2122
8475
8477
8478
2116
2118
2122
5442
8388
8389
8475
2117
5442
5445
5446
8388
16126
2118
2124
2125
5446
16126
2119
2121
2122
2124
2125
8475
2120
2124
2125
2142
9194
2121
2141
2142
4806
4807
9194
2122
4805
4806
4807
8475
2123
8475
2124
2146
2149
4807
4808
4812
8387
8388
8390
8394
9187
16155
2125
2145
2146
2147
4807
8387
8388
9186
9187
2126
2144
5447
8474
2127
2144
2167
5447
5449
8474
9186
2128
2143
2167
9186
9193
2129
2130
2143
2175
2176
2177
9193
2130
2173
2175
2177
8469
2131
2177
4783
4784
9191
9192
2132
2143
2145
9189
9190
9191
9192
2133
2142
2143
2145
9195
2134
2135
2140
2141
9188
9189
9195
2135
2136
2140
9188
16121
2136
4788
4789
9188
9189
9196
2137
2138
2140
9188
16128
2138
4789
4790
4791
10275
16128
2139
4802
4803
4804
4808
16128
2140
4804
4806
4808
16122
2141
4806
9188
16122
2142
9188
9194
2143
2144
2145
9194
2144
2145
9193
2145
8474
2146
2177
4807
4809
9185
9186
9187
9188
2147
4810
5461
8387
8390
8391
8392
8400
9185
9186
9187
2148
5446
5447
5448
5452
5461
5462
5528
8383
8387
8388
9186
2149
3672
5461
5462
5544
5548
7553
8377
8378
8382
8383
8387
8392
2150
2151
2155
4814
5440
5441
8378
8379
8381
8382
8383
8384
8387
8388
8394
2151
4813
4814
4815
5130
5131
5439
6149
16333
2152
2154
2155
4814
4815
4816
4820
5131
5438
8381
8384
16327
16334
2153
5361
16334
2154
5361
2155
2156
4820
5354
5507
16326
2156
4816
4820
5352
5353
8381
8382
8384
16326
16327
2157
5353
5354
5544
5545
8382
8384
16326
2158
5357
5358
5543
2159
4708
5357
5358
5543
5545
5546
2160
4708
5520
5521
5545
2161
5463
5464
5465
5520
5521
16320
2162
2163
5463
5465
5526
2163
5451
5462
5523
5524
5526
16320
2164
3677
4713
5451
5466
5526
2165
3676
4714
4715
8472
2166
4715
5450
5451
5452
8472
8473
2167
2168
5450
5452
8471
2168
2176
5449
8471
9186
2169
2176
3689
4717
8471
8473
2170
2175
4718
8470
10188
2171
2174
2175
4718
4720
8470
2172
2174
8470
10190
2173
8469
10191
2174
4722
4782
4783
8469
2175
4721
8470
2176
2177
8470
2177
8471
2178
2179
3690
8400
8455
9185
9186
10193
2179
3690
4720
10178
10193
2180
2181
3690
3693
3695
10193
2181
2182
2183
3695
8455
8456
8457
2182
3693
3695
9185
2183
2186
3693
3694
3695
8402
2184
2186
3695
8405
2185
8408
8411
8412
8456
10177
2186
10177
16193
2187
3694
3695
8404
2188
3696
9463
2189
3694
3696
5456
8401
9464
2190
3696
9465
2191
4679
5456
5457
5458
10183
2192
3698
4678
2193
3541
3673
3698
5458
7522
2194
3698
7524
2195
3540
3541
4514
10185
10186
2196
4513
5479
2197
4512
4695
5479
5480
10186
2198
5479
16350
2199
4507
4691
4695
4696
5477
2200
3702
4506
2201
3702
4505
4691
4700
16351
2202
2203
4501
16351
16435
16436
2203
4500
16435
2204
16352
16432
16435
16436
2205
2207
16432
16434
2206
16434
2207
4468
4470
2208
4470
4471
4472
16352
2209
4471
4472
16352
16432
2210
4471
4472
4473
4503
16352
2211
2220
2221
2222
4471
4473
4474
2212
2216
2221
2222
4475
4476
4498
2213
4476
4477
4479
4493
4498
5266
2214
2215
2216
4493
5266
5267
5343
2215
2217
5268
5269
5270
5343
5550
2216
2217
5343
5350
2217
2220
2221
2222
5343
2218
5343
5345
5348
5349
2219
2220
4504
4689
4690
5348
5349
2220
4503
4504
4689
5151
2221
2222
4503
4689
2222
4499
2223
4493
5151
5152
5157
5158
5348
5350
2224
2225
4106
4111
4122
4474
4475
4494
5152
5153
5154
5157
2225
4106
4468
4474
4475
2226
2227
4106
4109
4475
4497
2227
2228
2230
4477
4494
4495
4497
2228
4109
4497
5154
2229
2461
2462
4109
4460
4497
2230
2232
2233
2462
2463
4460
5195
2231
2232
4478
4494
4495
5195
2232
2233
2235
5169
5170
5171
5195
2233
5161
5195
2234
2464
4463
4464
5195
2235
2237
2238
2465
4463
4464
5262
2236
2237
5169
5170
5172
5262
2237
2238
2240
5174
5191
5192
5262
2238
5168
5262
2239
2466
2467
5216
5262
2240
2242
2243
2467
2468
5216
5261
2241
2242
5175
5191
5192
5261
2242
2243
2245
5235
5236
5237
5261
2243
5227
5261
2244
2469
5214
5215
5261
2245
2247
2248
2470
5214
5215
5336
2246
2247
5235
5236
5238
5336
2247
2248
2250
5240
5257
5258
5336
2248
5336
7539
2249
2471
2472
5336
5570
2250
2252
2253
2472
2473
5335
5570
2251
2252
5241
5257
5258
5335
2252
2253
2255
5335
7568
7572
7573
2253
5335
7581
2254
2474
5335
7574
7575
2255
2257
2258
2475
7574
7575
8186
2256
2257
7569
7572
7573
8186
2257
2258
2260
6748
6749
6750
8186
2258
7586
8186
2259
2476
2477
7587
8186
2260
2262
2263
2477
2478
7587
8187
2261
2262
6748
6749
6751
8187
2262
2263
2265
6747
6754
6756
8187
2263
8187
8302
2264
2479
7590
7591
8187
2265
2267
2268
2480
6758
7590
7591
2266
2267
6747
6755
6756
6758
2267
2268
2270
6744
6745
6746
6758
2268
6758
8301
2269
2481
2482
6758
8300
2270
2272
2273
2482
2483
8300
9055
2271
2272
6730
6745
6746
9055
2272
2273
2275
6726
6727
9039
9055
2273
9030
9055
2274
2484
8204
8205
9055
2275
2277
2278
2485
8204
8205
9056
2276
2277
6725
6726
9039
9056
2277
2278
2280
6710
6711
6712
9056
2278
9029
9056
2279
2486
2487
9026
9056
2280
2282
2283
2487
2488
9026
9060
2281
2282
6710
6711
9060
10038
2282
2283
2285
6706
6708
6709
9060
2283
9028
9060
2284
2489
9060
9062
9063
2285
2287
2288
2490
9062
9063
10074
2286
2287
6707
6708
6709
10074
2287
2288
2289
2290
2305
9079
10074
2288
9064
10074
2289
2491
2493
8283
10074
2290
2493
2497
10074
2291
2493
5322
5324
10074
2292
2305
2306
5320
5324
10073
2293
2306
5319
10059
10060
10073
2294
2303
2304
2305
2306
10044
10073
2295
2296
2297
10044
10060
10075
16170
2296
2298
10053
10061
10062
10075
16170
2297
2298
10046
10075
2298
2301
2302
2303
10043
10075
2299
5304
6699
10062
10075
2300
2301
5303
5304
6699
6702
10076
2301
6702
6703
10047
10076
2302
6703
6705
10043
10076
2303
6705
10043
10072
2304
6705
6707
10043
10073
2305
6707
9078
10073
2306
6707
9079
10073
2307
10073
2308
5319
5320
10093
10094
2309
5317
5318
10044
10093
10094
10095
2310
4571
4572
10093
10095
10097
2311
2500
10093
10094
10095
16068
2312
2500
16067
16162
2313
2503
16066
16162
2314
2315
2503
2505
8279
16210
2315
2507
8279
2316
2506
2512
8279
16210
2317
2510
2512
8278
2318
2513
8278
9094
2319
2320
2513
2521
8276
2320
2521
2522
8276
2321
2322
2522
8276
2322
8070
8275
2323
2336
2337
8069
8273
2324
2325
2337
2338
8067
8273
2325
8066
8272
2326
2327
2332
8065
8261
2327
2331
2332
8064
8261
2328
2330
2331
8063
8261
2329
8062
8260
2330
8061
8260
2331
8261
16228
2332
8255
8256
8261
2333
2338
2339
8261
2334
2338
2339
8262
2335
2524
8262
8263
8265
8267
2336
2338
2524
8231
8273
2337
2338
2522
2523
8273
8285
2338
8068
8273
2339
8273
2340
8075
8076
8077
8085
8222
8228
8230
8256
8285
2341
2342
8219
8220
8221
8222
8228
8269
2342
8238
8269
2343
2599
2600
2601
8269
2344
2353
2354
2598
2599
2601
2345
2349
2354
8229
8237
8269
2346
8229
8230
8231
8232
8237
8285
2347
2348
2349
8233
8235
8236
8285
2348
2350
2531
2533
8235
8236
8284
2349
2350
8236
2350
2353
2354
8236
2351
2590
2593
8236
16500
2352
2353
2589
2593
2596
9059
16500
2353
2596
2597
8288
9059
2354
2597
9059
2355
2356
2536
2601
8234
8236
8237
8238
9059
2357
2537
2601
2602
8198
8199
9059
16499
2358
2601
2602
2603
8238
8239
8240
2359
2602
2603
2604
8192
8193
8198
2360
2605
5919
5920
6768
8192
8193
2361
5918
5919
5920
5921
5931
6764
6767
2362
5922
5931
5932
5933
5935
6764
2363
4035
4036
5207
5932
5933
5934
2364
4031
4032
4033
4035
5206
5207
2365
3991
4030
4031
4032
5201
5202
5205
2366
3990
4093
5199
5200
5201
5202
2367
3808
3849
4094
4095
5199
5200
2368
3806
3808
3809
3811
3822
4095
2369
2376
2377
3809
3811
3812
3821
2370
2377
2371
2378
2379
3812
3813
2372
2379
3812
3813
16437
2373
2379
2380
2382
3812
3813
3817
2374
2380
3812
3830
2375
2376
2378
2379
2380
3812
2376
3811
2377
2378
2379
3812
16439
2380
3812
2381
3812
2382
3755
3756
3757
3758
3830
3831
3833
2383
2400
2401
2453
3755
3756
3817
3830
2384
2385
3500
3501
3503
3505
2386
3495
3497
3500
16438
2387
3497
3500
2388
2389
2390
3500
2390
3500
3502
2391
3500
2392
2393
2396
2397
2398
2399
2413
3724
2394
2396
2397
2399
2395
2396
16501
2396
2397
3742
3743
3744
2397
2398
2412
3740
3742
3747
2399
2406
2407
2408
3723
3724
3738
3739
3740
2400
3722
3724
2401
2402
2404
2405
3724
3725
2403
2404
2451
2453
3724
3725
16429
2404
2405
2416
2451
3724
3726
3727
2405
3724
3755
2406
2416
3724
3756
2407
2408
3756
2408
2410
2411
2412
2413
2414
2409
2415
2416
2417
16427
2410
2415
3739
3749
16427
2411
2414
3739
3748
3749
2412
2414
3740
2413
2414
2414
2415
3752
3756
3833
2416
2417
3727
3728
3752
3754
3756
4125
16427
2417
3724
2418
3723
3726
16427
2419
2449
2450
3723
3726
4125
2420
3736
4125
2421
2443
2448
2449
3717
3736
2422
2448
3715
3716
3717
3733
2423
3733
4124
2424
3714
3715
4124
5497
2425
2426
2427
5497
2426
5501
2427
4124
16321
16323
16324
2428
2429
3710
3711
3713
5494
5495
5496
5497
2430
2431
2432
2437
2438
3712
3734
5495
5497
16428
2431
2432
2434
3514
2432
3515
3709
3710
3712
2433
2437
2438
3712
2434
2435
2436
16428
2435
3513
16428
2436
16428
2437
2440
2441
2447
16428
2438
2440
2447
2439
3712
3713
3714
4123
2440
3714
3716
3734
4123
2441
2442
2447
3716
3734
2442
2447
3719
2443
2444
2446
2447
3735
2444
2448
2449
3716
3717
3735
2445
2450
2452
3735
2446
2450
2451
2452
3722
16429
2447
3722
2448
2452
4112
4123
2449
2452
3715
3716
3717
4114
4123
4124
4125
2450
3723
2451
2452
3723
3726
2452
3724
2453
3510
3727
4112
4114
4115
4123
4125
2454
2455
2551
3727
3755
3818
3828
4112
4115
16429
2455
3505
2456
3508
3509
3510
2457
3508
2458
2550
2551
4099
4100
2459
2551
2552
4099
4100
4104
4112
2460
2552
2553
4099
4108
4110
4111
2461
2554
2555
4098
4109
4110
4111
2462
2463
2555
2556
4098
4460
2463
4460
4466
2464
2557
2558
4460
5196
2465
2558
2559
4463
4464
5196
2466
2560
2561
4463
4464
5197
2467
2468
2561
2562
5197
5216
2468
5212
5216
2469
2563
2564
5211
5216
2470
2564
2565
5211
5214
5215
2471
2566
2567
5210
5214
5215
2472
2473
2567
2568
5210
5570
2473
5333
5570
2474
2569
2570
5334
5570
2475
2570
2571
5334
7574
7575
2476
2572
2573
6761
7574
7575
2477
2478
2573
2574
6761
7587
2478
6760
7587
2479
2575
2576
7587
8188
2480
2576
2577
7590
7591
8188
2481
2578
2579
7590
7591
8189
2482
2483
2579
2580
8189
8300
2483
8202
8300
2484
2581
2582
8201
8300
2485
2582
2583
8201
8204
8205
2486
2584
2585
8200
8204
8205
2487
2488
2585
2586
8200
9026
2488
9026
9057
2489
2587
2588
9026
9058
2490
2588
2589
9058
9062
9063
2491
2535
2590
2591
9062
9063
2492
2533
2534
2535
2591
8283
2493
2494
2532
2534
2535
8281
2494
2496
10074
2495
9061
2496
8280
8281
2497
5322
8280
8281
8282
2498
2499
5322
10091
2499
2501
2502
2517
8282
8283
10091
2500
2501
5321
9079
10091
10094
2501
2502
2503
10091
16069
2502
9080
10091
2503
2514
10091
16209
16210
2504
10091
2505
16065
16066
16069
2506
2507
16065
16066
2507
2509
2510
2511
2508
2509
16064
16065
2510
2511
9092
9093
16064
16065
2511
9094
2512
2513
2514
10092
2514
2515
2516
10092
2515
2517
10092
16209
16210
2516
2517
9081
10092
2517
2518
2520
2521
8284
10092
2518
8282
8283
10092
2519
2534
8281
10092
2520
2528
2529
2532
8277
8281
2521
2528
8277
8284
2522
2527
8276
8284
2523
2527
8276
8285
2524
2526
8274
8285
2525
2526
8232
8274
2526
8234
8274
2527
2528
8233
8274
2528
8235
8276
2529
2531
8277
2530
8277
2531
2532
2536
2532
8233
8235
8236
2533
2534
2535
2534
2535
2590
2591
8284
2535
2536
2590
2591
8236
9058
9061
10074
2537
8236
9058
9059
9061
16500
2538
2595
8199
8200
9057
9058
9059
2539
8191
8198
8199
8200
8201
8203
8207
2540
6768
6772
8189
8190
8191
8201
8202
2541
6759
6763
6767
6775
8188
8189
8190
2542
5911
5935
6760
6761
6762
6763
8188
2543
5208
5332
5334
5909
5934
6761
6762
2544
4085
5206
5208
5209
5210
5333
5334
2545
4092
5205
5209
5210
5211
5213
16406
2546
4089
4092
4093
5197
5198
5211
5212
2547
4094
4096
4456
4465
5196
5197
5198
2548
3822
3826
4096
4097
4098
4466
5196
2549
3820
3821
3829
4097
4098
4099
4467
2550
3819
2551
3819
4099
4100
2552
2553
3818
4099
2553
4099
4115
2554
3828
3829
4099
2555
2556
3828
3829
4098
2556
4098
4118
2557
3826
3827
4098
2558
2559
3825
3826
3827
5196
2559
4459
5196
2560
4455
4456
5196
2561
2562
4455
4456
5197
2562
4458
5197
2563
4088
4089
5197
2564
2565
4088
4089
4090
5211
2565
5211
5218
2566
4087
5211
16406
2567
2568
4087
5210
16406
2568
5210
5221
2569
4085
4086
5210
2570
2571
4084
4085
4086
5334
2571
5334
5571
2572
5334
5908
5909
2573
2574
5908
5909
6761
2574
6761
7577
2575
5910
5911
6761
2576
2577
5910
5911
5912
8188
2577
6783
8188
2578
6774
6775
8188
2579
2580
6774
6775
8189
2580
7592
8189
2581
6772
6773
8189
2582
2583
6771
6772
6773
8201
2583
8201
8215
2584
8201
8206
8207
2585
2586
8200
8206
8207
2586
8200
8297
2587
2594
2595
8200
2588
2589
2594
2595
2596
9058
2589
9025
9058
2590
2593
9058
16500
2591
2593
16500
2592
2593
8094
8283
8284
9022
9023
9024
9025
9063
9064
9071
9081
2594
8284
8288
9024
9025
9063
16500
2595
2596
8206
8217
8288
8289
8297
9025
9026
2596
2597
9059
2598
9059
16499
2599
2600
2601
16499
2600
2601
8219
2601
2602
8237
8238
8239
9059
2603
8192
8198
8199
2604
5980
8193
8239
8240
2605
5980
5981
5994
8193
8194
8240
2606
5920
5921
8193
8194
8195
2607
5947
5981
8194
8195
8196
2608
5593
5921
5929
5930
8195
8196
2609
5589
5922
5923
5924
5929
5930
2610
3980
3986
4034
4036
4043
5923
5924
2611
3976
3981
3986
3987
3988
4033
4034
2612
3852
3855
3901
3987
3988
3989
3991
2613
3062
3850
3851
3852
3899
3989
3990
2614
2631
3486
3807
3849
3850
3851
2615
2616
2617
3484
3491
3492
3493
2618
2622
3489
3490
3491
3492
16474
2619
2620
3492
3791
2620
3779
3791
2621
2622
3780
2622
3492
2623
3783
16474
2624
3083
3490
3783
2625
2944
3083
3084
3490
16474
2626
3082
3084
3487
3488
3490
2627
2628
3076
3077
3078
3487
3488
2628
3059
3074
3075
3076
3078
3858
2629
2633
3059
3076
2630
2632
3060
3488
3489
2631
3489
2632
2633
3061
3851
2634
3851
2635
3059
3061
3062
3063
3859
2636
3064
3065
3075
3853
2637
3065
3066
3853
3858
3859
2638
3066
3067
3853
3856
3857
2639
3068
3069
3856
3857
3982
2640
2641
2677
3069
3905
3982
2641
3905
3981
2642
2678
2679
3905
3983
2643
2679
2680
3978
3979
3983
2644
2681
2682
3978
3979
5925
2645
2646
2682
2683
4047
5925
2646
4047
2647
2684
2685
4047
5928
2648
2685
2686
4048
4049
5928
2649
2654
2655
4048
4049
8197
2650
2651
2652
2655
8197
2652
8197
2653
2654
2655
8197
2654
8197
16297
2655
2657
2686
8197
2656
8197
2657
3948
4048
4050
4051
4053
5595
5596
5597
5616
2658
2686
3944
3948
4048
4051
5615
5617
16298
2659
2660
2683
2684
2715
3946
3947
3948
3949
3951
4047
2661
2680
2681
3026
3906
3907
3949
3950
3951
3978
16498
2662
2677
2678
2958
3012
3070
3071
3872
3905
3906
3907
2663
2664
2664
2665
2668
2674
2675
2665
2667
3985
2666
2667
2668
3981
2668
2678
3983
3984
2669
2676
2677
3982
2670
2671
2674
2676
3068
3982
2671
2673
3064
3067
3853
3854
2672
3855
2673
2674
2674
3056
3057
16471
2675
16471
2676
3052
2677
3068
3982
2678
3068
3069
3982
2679
2680
3983
3984
2680
3906
3983
2681
3983
3984
2682
2683
5925
5926
2683
3949
5925
2684
5925
5926
2685
2686
2687
5928
2686
3948
5928
2687
5928
2688
5928
2689
2690
3050
5960
5961
5963
2691
3048
3050
16473
2692
2696
2697
2698
3027
3050
3051
2693
2694
3051
3052
2694
3000
2695
2696
3911
2696
3051
3912
2697
2698
2700
3027
2698
3027
3046
3048
3049
2699
2700
3046
3913
2701
3046
3910
3911
3912
2702
3013
3014
3025
3026
3910
3912
2703
3024
3025
3026
3045
3046
3917
2704
3024
3026
3041
3044
2705
3022
3023
3041
3044
3947
3951
2706
3022
3040
3946
3951
2707
2715
3021
3039
3040
3945
3946
2708
3039
3040
3944
3945
4051
4052
2709
4051
4052
5614
5615
5616
2710
2713
5614
2711
2712
2713
3038
3937
4052
2712
2713
3930
3931
3934
3935
2713
8048
2714
4051
4053
16291
16314
2715
2716
3020
3037
3038
3039
3930
3952
4051
16312
16314
16415
2716
3021
3948
3949
3950
3951
3952
4046
4051
16310
16312
2717
3926
3952
3953
4054
5580
16310
16311
16312
16313
16314
16354
16355
16415
2718
3926
3960
4279
16354
2719
3960
3961
4279
4281
16353
2720
3961
3962
4279
4283
4285
2721
3963
3964
4278
4284
4285
2722
2795
3964
4183
4278
16400
2723
2796
2797
4184
4277
16400
2724
2797
2798
4186
4277
16399
2725
2799
2800
4187
4276
16399
2726
2800
2801
4189
4276
16398
2727
2802
2803
4190
4275
16398
2728
2803
2804
4192
4275
16397
2729
2805
2806
4193
4274
16397
2730
2806
2807
4195
4274
16396
2731
2808
2809
4196
4273
16396
2732
2809
2810
4198
4273
16395
2733
2811
2812
4199
4272
16395
2734
2812
2813
4201
4272
16394
2735
2814
2815
4202
4271
16394
2736
2815
2816
4204
4271
16393
2737
2817
2818
4205
4270
16393
2738
2818
2819
4207
4270
16392
2739
2820
2821
4208
4269
16392
2740
2821
2822
4210
4269
16391
2741
2823
2824
4211
4268
16391
2742
2824
2825
4213
4268
16390
2743
2826
2827
4214
4267
16390
2744
2827
2828
4216
4267
16389
2745
2829
2830
4217
4266
16389
2746
2830
2831
4219
4266
16388
2747
2832
2833
4220
4265
16388
2748
2833
2834
4222
4265
16387
2749
2835
2836
4223
4264
16387
2750
2836
2837
4225
4264
16386
2751
2838
2839
4226
4263
16386
2752
2839
2840
4228
4263
16385
2753
2841
2842
4229
4262
16385
2754
2842
2843
4231
4262
16384
2755
2844
2845
4232
4261
16384
2756
2845
2846
4234
4261
16383
2757
2847
2848
4235
4260
16383
2758
2848
2849
4237
4260
16382
2759
2850
2851
4238
4259
16382
2760
2851
2852
4240
4259
16381
2761
2853
2854
4241
4258
16381
2762
2854
2855
4243
4258
16380
2763
2856
2857
4244
4257
16380
2764
2857
2858
4246
4257
16379
2765
2859
2860
4247
4256
16379
2766
2860
2861
4249
4256
16378
2767
2862
2863
4250
16377
16378
2768
2863
4252
4253
16377
2769
2770
2862
2863
16377
2770
2771
2864
11444
11837
11838
11839
2772
2861
2862
2864
2865
10843
11837
11867
16476
2773
2858
2859
7467
10843
10847
10848
11867
16477
2774
2855
2856
7468
7942
10847
10848
16000
16478
2775
2852
2853
7469
7942
7943
10814
16000
16479
2776
2849
2850
7470
7943
7944
10814
11895
16480
2777
2846
2847
7471
7473
7944
7945
11895
16481
2778
2843
2844
7473
7945
7946
8955
11904
16482
2779
2840
2841
7947
8955
8956
10777
11904
16483
2780
2837
2838
7948
8956
8957
10776
10777
16484
2781
2834
2835
7949
7951
7955
8957
10776
16485
2782
2831
2832
7951
7955
7956
7976
7977
16486
2783
2828
2829
7957
7971
7972
7976
7977
16487
2784
2825
2826
7958
7959
7966
7971
7972
16488
2785
2822
2823
7370
7959
7960
7964
7966
16489
2786
2819
2820
7038
7371
7372
7960
7964
16490
2787
2816
2817
7038
7039
7266
7270
7372
16491
2788
2813
2814
7030
7040
7041
7266
7270
16492
2789
2810
2811
7019
7021
7025
7030
7041
16493
2790
2807
2808
6962
6967
7020
7021
7025
16494
2791
2804
2805
6633
6635
6962
6963
6967
16495
2792
2801
2802
5775
6633
6636
6637
6963
16496
2793
2798
2799
4174
4176
5775
5779
6637
16497
2794
2795
2796
3965
4174
4177
5779
16401
2795
2796
2796
3963
3964
4278
2797
2798
4277
2798
4277
5779
2799
4277
16497
2800
2801
4276
16497
2801
4276
6637
2802
4276
16496
2803
2804
4275
16496
2804
4275
6963
2805
4275
16495
2806
2807
4274
16495
2807
4274
6962
2808
4274
16494
2809
2810
4273
16494
2810
4273
7025
2811
4273
16493
2812
2813
4272
16493
2813
4272
7030
2814
4272
16492
2815
2816
4271
16492
2816
4271
7270
2817
4271
16491
2818
2819
4270
16491
2819
4270
7038
2820
4270
16490
2821
2822
4269
16490
2822
4269
7960
2823
4269
16489
2824
2825
4268
16489
2825
4268
7959
2826
4268
16488
2827
2828
4267
16488
2828
4267
7972
2829
4267
16487
2830
2831
4266
16487
2831
4266
7977
2832
4266
16486
2833
2834
4265
16486
2834
4265
7955
2835
4265
16485
2836
2837
4264
16485
2837
4264
8957
2838
4264
16484
2839
2840
4263
16484
2840
4263
8956
2841
4263
16483
2842
2843
4262
16483
2843
4262
8955
2844
4262
16482
2845
2846
4261
16482
2846
4261
7945
2847
4261
16481
2848
2849
4260
16481
2849
4260
7944
2850
4260
16480
2851
2852
4259
16480
2852
4259
7943
2853
4259
16479
2854
2855
4258
16479
2855
4258
7942
2856
4258
16478
2857
2858
4257
16478
2858
4257
10847
2859
4257
16477
2860
2861
4256
16477
2861
4256
11867
2862
4256
16476
2863
16377
16476
2864
16377
2865
11837
11838
11839
11841
11867
11870
12018
2866
7467
10843
10844
11836
11837
11838
11866
11867
12018
15981
2867
3171
3172
7466
10840
10841
10842
10843
10844
11441
11836
11837
2868
5698
7280
10839
10840
10841
10844
10845
10850
10851
10852
11836
12020
12021
12022
15981
2869
3172
3173
5699
5701
5702
10836
10838
10839
10840
10841
10852
10853
2870
3173
3174
7463
7465
10831
10832
10833
10835
10841
10850
10852
10853
2871
3175
7283
7284
7285
7462
7463
7464
10819
10831
10832
10833
10834
2872
7279
7280
7281
7282
7283
10811
10819
10831
10832
10845
10849
10850
10851
15999
16001
16003
2873
7464
7466
7468
10819
10820
10830
10831
10848
10849
15999
16000
2874
7286
7469
10813
10814
10815
10818
10819
10820
15999
16000
16001
2875
7287
7470
7472
10813
10814
10815
10816
10817
10818
11894
11895
2876
7278
7279
7282
8745
8746
8749
9856
10811
10813
10817
10818
11891
11894
11896
15986
16001
2877
3177
7285
7287
7458
7459
8746
8747
8748
8749
8751
10817
10818
2878
3178
7455
7457
7458
8739
8740
8741
8746
8747
10817
11896
11897
2879
3179
7453
7454
7455
7456
8737
8738
8739
8740
8742
11897
11898
2880
7277
7278
8736
8737
8740
8745
10779
11891
11893
11896
11897
11898
11902
11903
11905
11977
2881
7456
7472
7473
7474
7475
7946
11893
11897
11898
11903
11904
2882
7452
7475
7476
7947
10777
10778
11898
11899
11902
11903
11904
2883
7451
7476
7477
7948
7950
10775
10776
10777
10778
11899
11900
2884
7276
7277
7953
8644
8645
8648
8736
10775
10778
10779
10781
11899
11900
11901
11902
16213
2885
3181
7449
7450
7451
7453
8645
8646
8647
8648
8650
11899
11900
2886
3182
7445
7446
7448
7449
7481
7482
7483
8645
8646
11900
11901
2887
3183
7248
7362
7443
7444
7445
7446
7447
7480
7481
7482
7484
2888
7275
7276
7442
7443
7480
7481
7482
7952
7953
7974
7975
8644
11901
11953
16230
16231
2889
7447
7478
7479
7480
7481
7950
7951
7952
7956
7975
7976
2890
7249
7366
7479
7480
7957
7969
7970
7971
7975
7976
16231
2891
7250
7366
7367
7369
7958
7966
7967
7968
7969
7970
7971
2892
7274
7275
7437
7438
7441
7442
7962
7967
7968
7969
7970
7974
11952
16195
16231
16232
2893
3185
7246
7248
7250
7260
7363
7438
7439
7440
7441
7968
7969
2894
3186
7245
7260
7261
7262
7368
7435
7436
7438
7439
7968
16232
2895
3187
7011
7012
7013
7244
7261
7262
7263
7376
7377
7435
7436
2896
7262
7263
7268
7273
7274
7373
7374
7375
7376
7436
7437
7491
7962
7963
9367
16232
2897
7011
7262
7263
7264
7369
7371
7372
7373
7963
7964
7965
2898
7014
7015
7039
7263
7264
7265
7266
7267
7372
7373
7374
2899
6990
7015
7016
7017
7018
7040
7041
7042
7265
7266
7267
2900
7015
7016
7023
7042
7043
7044
7045
7267
7268
7271
7272
7273
7374
7375
7379
7381
2901
3189
6990
6991
6992
7013
7015
7016
7045
7046
7242
7378
7379
2902
3190
6619
6621
6970
6991
7016
7043
7045
7046
7047
7049
7050
2903
3191
6617
6618
6619
6620
6969
6970
7048
7049
7050
7059
7060
2904
6965
6966
6969
6970
7022
7023
7043
7044
7050
7058
7059
7061
7062
7272
16186
16198
2905
6620
6966
6967
6968
6969
6970
6971
7018
7020
7021
7022
2906
5765
5769
6632
6633
6634
6635
6966
6967
6968
6969
7061
2907
4175
5766
5769
5770
5771
5775
5776
6632
6633
6634
6636
2908
5769
5770
5776
5777
6171
6172
6634
6965
7057
7058
7061
7062
7063
7064
8868
9323
2909
3193
5766
5767
5768
5769
5770
6172
6173
6617
7055
7056
7057
2910
3194
4165
4172
4439
5767
5770
6169
6170
6172
6173
8868
2911
3460
4160
4164
4165
4172
4173
4175
5766
5767
5770
5771
5772
2912
2920
3461
3464
3465
4164
4165
4166
4169
4171
4172
4173
2913
2914
2920
2921
3195
4160
4164
4165
4166
16475
2914
2917
2918
3257
2915
2916
4147
16475
2916
3451
4147
4160
4161
16402
2917
4147
4162
4164
2918
3257
3462
4162
4163
4164
2919
2920
3257
3462
2920
3259
2921
2922
3461
3464
3465
4164
4166
2922
3196
3465
4166
2923
3465
3466
3467
2924
3466
3480
3481
3761
3762
3767
3797
3801
3999
4000
4001
2925
2943
3470
3481
3482
3483
3760
3761
3762
3997
3998
3999
2926
2927
2939
2940
2943
2944
3085
3471
3481
3482
3762
3767
3768
2927
2935
2936
2939
2928
2929
2939
2940
3769
2929
3762
3763
3764
2930
3765
3767
3769
2931
3765
3766
3767
16422
16423
2932
2934
2935
3768
3769
16423
2933
3102
3103
3770
16422
16423
2934
3088
3102
3474
3476
3770
2935
3088
3474
3768
2936
3473
3768
3769
2937
2946
3085
3086
3473
2938
2939
2946
3085
2939
2942
2944
2945
3790
2940
2942
2941
3763
3785
2942
2943
3763
3785
3786
2943
2944
3482
3483
3760
3762
2945
3085
3482
3483
3487
3790
16474
2946
2947
3085
3086
2948
2949
3080
2949
2967
2969
2970
2971
2973
3080
2950
2966
2967
3080
3086
3087
2951
3086
3087
3472
3473
3474
3475
2952
2965
2966
2986
3472
3475
3478
2953
2964
2965
2986
3111
3478
16467
2954
2962
2963
2996
3111
16467
16468
2955
2961
2962
2996
3862
3863
16468
2956
2959
2960
3004
3005
3862
3863
2957
2958
2959
3004
3005
3009
3872
2958
3004
3010
3011
3907
2959
2960
3003
3004
3012
2960
3004
3070
2961
3003
3004
3071
16472
2962
2963
2995
2996
3071
16472
2963
2996
3861
2964
2995
2996
3072
16470
2965
2966
2985
2986
3072
16470
2966
2986
3079
2967
2985
2986
3080
2968
2987
3080
2969
2975
2984
2985
2987
2970
2973
2974
2971
2972
2973
2974
2972
2973
2973
2974
2987
3087
2975
2977
2976
2987
2977
2978
2978
2979
2980
3055
3076
2981
3055
2982
2983
2984
2990
2984
2990
2994
2995
16470
2985
2990
16470
2986
2987
2988
2989
2990
2996
3087
3478
2988
2990
3087
2989
3087
3088
3089
3090
3091
3099
3475
2990
2996
2997
3091
3097
3098
16409
16414
16467
2991
2996
16470
2992
2993
2994
2996
2997
2999
3004
16472
2993
2994
3054
2994
3002
3003
16472
2995
16472
2996
2997
3004
16468
2998
3004
3108
3863
3864
16408
16409
16410
2999
3004
3006
3007
3008
3009
3010
3029
3909
3921
16410
3000
3001
3002
3004
3011
3012
3013
3909
3910
3001
3002
3911
3002
3011
3012
3013
3912
3003
3012
3004
3005
3006
3864
16318
3007
3008
3009
3864
3866
16318
3008
3867
3869
3954
3009
3010
3029
3870
3871
3010
3872
3011
3029
3907
3908
3012
3013
3907
3908
3014
3026
3015
3024
3025
3026
3908
3909
3016
3028
3029
3030
3908
3909
3920
3017
3023
3024
3028
3916
3919
3920
3018
3022
3028
3919
3938
3019
3020
3021
3022
3033
3938
3952
3020
3034
3036
3938
16415
3021
3037
3038
3039
3938
3022
3938
3023
3938
3951
3024
3916
3951
3025
3026
3916
3026
3914
3027
3028
3907
3951
3029
3030
3871
3907
3919
3920
3950
3951
3952
3953
3030
3031
3870
3919
3920
3921
3032
3869
3870
3921
3923
3953
16413
3033
3034
3918
3919
3923
3953
8051
3034
3918
3919
3952
3035
3036
3918
16415
3036
3927
3928
3929
8050
8051
16415
3037
3929
3936
16415
3038
3930
3936
3039
3930
3937
4052
3040
3041
3937
3938
3939
3943
3944
3945
3946
5614
3042
3043
3044
3916
3917
3938
3939
3947
3043
3044
3047
16473
3044
3942
3943
3947
3045
3947
3046
3047
3049
3917
3047
3917
3048
3917
3049
16473
3050
3051
5927
3052
3985
3053
3055
3054
3055
3056
3057
3854
3058
3064
3073
3075
3059
3063
3060
3075
3076
3061
3489
3062
3063
3851
3852
3853
3855
3859
3064
3065
3853
3854
3066
3067
3072
3853
3854
3067
3853
3861
3068
3071
3853
3854
3069
3071
3982
3070
3982
3071
3857
3861
3862
3872
3903
3904
3905
3906
3973
16315
3072
3857
3861
3862
16471
16472
3073
3074
3079
3080
3111
3858
3861
16470
3074
3075
3076
3077
3078
3076
3077
3078
3489
3490
3078
3080
3081
3082
3079
3080
3085
3111
3471
3472
3479
3487
3858
3860
3861
3894
3081
3082
3085
3472
3487
3082
3083
3084
3490
3084
3490
3085
3490
3086
3471
3472
3482
3487
3768
3087
3088
3089
3090
3474
3476
16469
3090
3091
3092
3100
3101
3102
16414
16469
3091
3092
16469
3092
3093
16409
16414
3094
3098
3099
3100
3477
3095
3096
3098
3100
3477
16414
3096
3101
3104
3105
3106
3112
16414
3097
3107
3109
3110
16414
3098
3108
3109
3110
16467
16468
3099
3477
3478
16467
3100
3475
3476
3477
3478
3101
3102
3476
3477
3102
3104
3112
3103
3770
3104
3770
16421
3105
3112
3113
16421
3106
3112
3113
3885
3886
3107
3112
3889
16408
3108
3109
3110
3865
3889
16408
3109
3110
3863
3864
16468
3110
16409
3111
3112
3477
3862
3890
16316
16318
16468
3112
3472
3477
3479
3860
3861
3862
16316
16467
3113
3477
3479
3480
3770
3890
3891
16316
16317
3114
16416
16417
3115
3884
3885
16416
16417
16418
3116
3877
16416
16418
16419
16424
3117
3260
3261
3262
3878
16424
3118
3260
3262
3263
3880
3881
3119
3264
3265
3352
3354
3881
3120
3265
3266
3352
3356
16463
3121
3267
3268
3351
3357
16463
3122
3268
3269
3351
3359
16462
3123
3270
3271
3350
3360
16462
3124
3271
3272
3350
3362
16461
3125
3273
3274
3349
3363
16461
3126
3274
3275
3349
3365
16460
3127
3276
3277
3348
3366
16460
3128
3277
3278
3348
3368
16459
3129
3279
3280
3347
3369
16459
3130
3280
3281
3347
3371
16458
3131
3282
3283
3346
3372
16458
3132
3283
3284
3346
3374
16457
3133
3285
3286
3345
3375
16457
3134
3286
3287
3345
3377
16456
3135
3288
3289
3344
3378
16456
3136
3289
3290
3344
3380
16455
3137
3291
3292
3343
3381
16455
3138
3292
3293
3343
3383
16454
3139
3294
3295
3342
3384
16454
3140
3295
3296
3342
3386
16453
3141
3297
3298
3341
3387
16453
3142
3298
3299
3341
3389
16452
3143
3300
3301
3340
3390
16452
3144
3301
3302
3340
3392
16451
3145
3303
3304
3339
3393
16451
3146
3304
3305
3339
3395
16450
3147
3306
3307
3338
3396
16450
3148
3307
3308
3338
3398
16449
3149
3309
3310
3337
3399
16449
3150
3310
3311
3337
3401
16448
3151
3312
3313
3336
3402
16448
3152
3313
3314
3336
3404
16447
3153
3315
3316
3335
3405
16447
3154
3316
3317
3335
3407
16446
3155
3318
3319
3334
3408
16446
3156
3319
3320
3334
3410
16445
3157
3321
3322
3333
3411
16445
3158
3322
3323
3333
3413
16444
3159
3324
3325
3332
3414
16444
3160
3325
3326
3332
3416
16443
3161
3327
3328
3331
3417
16443
3162
3328
3329
3331
3419
16442
3163
3169
3170
3420
3425
16442
3164
3168
3170
3422
3423
3425
3165
3166
3423
6284
3166
6284
3167
3168
6284
3168
3169
3170
3425
3170
3329
3330
3425
3171
3425
3172
5703
10840
10842
10918
11441
11837
3173
5702
5703
5704
7465
10840
10841
10842
10918
3174
5701
5702
5704
7463
7465
10841
10853
3175
4997
4998
4999
5701
6214
7463
10833
10853
3176
4991
4992
4993
6212
7284
7462
7463
10833
3177
4985
4986
4987
6210
7284
7285
7459
7460
7462
8748
3178
4979
4980
4981
6208
7288
7458
7459
8747
8748
3179
4973
4974
4975
6206
7353
7455
7458
8739
8747
3180
4967
4968
4969
6204
7354
7454
7455
8738
8739
3181
4961
4962
4963
6202
7355
7450
7453
7454
8647
8738
3182
4955
4956
4957
6200
7356
7449
7450
8646
8647
3183
4949
4950
4951
6198
7357
7445
7446
7449
8646
3184
4943
4944
4945
6196
7358
7362
7444
7445
7446
3185
4937
4938
4939
6194
7248
7359
7362
7363
7440
7444
3186
4931
4932
4933
6192
7251
7260
7363
7439
7440
3187
4925
4926
4927
6190
7257
7260
7261
7435
7439
3188
4919
4920
4921
6188
7000
7012
7261
7377
7435
3189
4913
4914
4915
6186
6992
6993
7012
7013
7377
7378
3190
4907
4908
4909
6184
6979
6991
6992
7046
7378
3191
4901
4902
4903
6182
6619
6622
6991
7046
7049
3192
4895
4896
4897
5758
6180
6618
6619
7049
7060
3193
4889
4890
4891
5763
5768
6178
6617
6618
7056
7060
3194
4159
4883
4884
4885
5767
5768
6173
6176
7056
3195
4160
4165
4877
4878
4879
5767
6169
6173
6174
3196
4136
4141
4142
4143
4165
4166
4167
6169
3197
4135
4166
4167
3198
3199
3200
3203
3205
3207
4144
4145
3200
3203
3204
3739
3747
3750
3751
16426
3201
3202
3203
4145
3202
3204
3205
3729
4144
5114
3205
3730
3732
4127
4128
4129
4823
5114
5498
16426
3206
4144
4824
5113
5114
3207
4137
4144
4825
4827
4876
5112
5113
3208
4143
4144
4145
4875
4876
3209
4827
4874
4875
4876
4878
5110
3210
4828
4873
4874
4884
5109
5110
3211
4829
4872
4873
4890
5108
5109
3212
4830
4871
4872
4896
5107
5108
3213
4831
4870
4871
4902
5106
5107
3214
4832
4869
4870
4908
5105
5106
3215
4833
4868
4869
4914
5104
5105
3216
4834
4867
4868
4920
5103
5104
3217
4835
4866
4867
4926
5102
5103
3218
4836
4865
4866
4932
5101
5102
3219
4837
4864
4865
4938
5100
5101
3220
4838
4863
4864
4944
5099
5100
3221
4839
4862
4863
4950
5098
5099
3222
4840
4861
4862
4956
5097
5098
3223
4841
4860
4861
4962
5096
5097
3224
4842
4859
4860
4968
5095
5096
3225
4843
4858
4859
4974
5094
5095
3226
4844
4857
4858
4980
5093
5094
3227
4845
4856
4857
4986
5092
5093
3228
4846
4855
4856
4992
5091
5092
3229
4847
4849
4854
4855
4998
5090
5091
3230
4854
4855
16273
16274
16466
3231
4849
4853
4854
16274
16275
16465
3232
3233
4850
4852
4853
16275
16464
3233
4851
4852
6259
6273
6281
6325
6326
12916
15997
3234
4852
6281
6282
16275
3235
3426
6282
6283
16275
3236
3426
3427
16274
16275
3237
3427
3428
5705
5706
5707
10828
16273
16274
3238
3428
3429
10825
16272
16273
3239
3429
3430
5711
5712
7349
10822
16257
16272
3240
3430
3431
7289
7290
7346
7347
16257
16258
3241
3431
3432
7292
7293
7294
7343
16258
16259
3242
3432
3433
7296
7297
7298
7340
16259
16260
3243
3433
3434
7300
7301
7302
7337
16260
16261
3244
3434
3435
7304
7305
7306
7334
16261
16262
3245
3435
3436
7308
7309
7310
7331
16262
16263
3246
3436
3437
7312
7313
7314
7328
16263
16264
3247
3437
3438
7316
7317
7318
7325
16264
16265
3248
3438
3439
7252
7253
7320
7321
16265
16266
3249
3439
3440
7007
7008
7255
7256
16266
16267
3250
3440
3441
6997
7001
7002
7003
16267
16268
3251
3441
3442
6986
6987
6994
6995
16268
16269
3252
3442
3443
6976
6980
6981
6982
16269
16270
3253
3443
3444
6623
6624
6973
6974
16270
16271
3254
3444
3445
4150
5759
5760
6626
6627
16271
3255
3445
3446
4149
4150
4154
4155
4156
6630
3256
3446
3447
3449
3453
3457
3458
4148
4149
3257
3258
3447
4147
4148
4161
4162
5773
5774
3258
3259
3462
4146
4147
3259
3352
3447
4163
3260
3261
3262
3263
3352
3882
16416
3262
3263
16419
16420
3263
3464
3264
3461
3463
3265
3266
3352
3461
3463
3266
3352
4173
3267
3352
3460
16440
3268
3269
3351
3460
16440
3269
3351
5771
3270
3351
3459
16441
3271
3272
3350
3459
16441
3272
3350
6632
3273
3350
6629
6631
3274
3275
3349
6629
6631
3275
3349
6968
3276
3349
6628
16288
3277
3278
3348
6628
16288
3278
3348
6971
3279
3348
6972
16284
3280
3281
3347
6972
16284
3281
3347
7017
3282
3347
6983
6984
3283
3284
3346
6983
6984
3284
3346
7265
3285
3346
6985
16281
3286
3287
3345
6985
16281
3287
3345
7264
3288
3345
7004
7005
3289
3290
3344
7004
7005
3290
3344
7965
3291
3344
7006
16279
3292
3293
3343
7006
16279
3293
3343
7367
3294
3343
7322
7323
3295
3296
3342
7322
7323
3296
3342
7366
3297
3342
7324
7326
3298
3299
3341
7324
7326
3299
3341
7479
3300
3341
7327
7329
3301
3302
3340
7327
7329
3302
3340
7478
3303
3340
7330
7332
3304
3305
3339
7330
7332
3305
3339
7477
3306
3339
7333
7335
3307
3308
3338
7333
7335
3308
3338
7476
3309
3338
7336
7338
3310
3311
3337
7336
7338
3311
3337
7475
3312
3337
7339
7341
3313
3314
3336
7339
7341
3314
3336
7474
3315
3336
7342
7344
3316
3317
3335
7342
7344
3317
3335
10816
3318
3335
7345
16276
3319
3320
3334
7345
16276
3320
3334
10815
3321
3334
10821
10823
3322
3323
3333
10821
10823
3323
3333
10820
3324
3333
10824
10826
3325
3326
3332
10824
10826
3326
3332
10830
3327
3332
10827
10829
3328
3329
3331
10827
10829
3329
3331
10842
3330
3331
3332
3425
3427
16376
3333
3428
16375
3334
3429
16374
3335
3430
16373
3336
3431
16372
3337
3432
16371
3338
3433
16370
3339
3434
16369
3340
3435
16368
3341
3436
16367
3342
3437
16366
3343
3438
16365
3344
3439
16364
3345
3440
16363
3346
3441
16362
3347
3442
16361
3348
3443
16360
3349
3444
16359
3350
3445
16358
3351
3446
16357
3352
3447
16356
3353
3354
3355
3356
3882
4277
16356
3355
3356
3880
3881
3356
4174
3357
16463
3358
3359
16356
16463
3359
5775
16356
3360
16356
16462
3361
3362
16357
16462
3362
6633
16357
3363
16357
16461
3364
3365
16358
16461
3365
6967
16358
3366
16358
16460
3367
3368
16359
16460
3368
7021
16359
3369
16359
16459
3370
3371
16360
16459
3371
7041
16360
3372
16360
16458
3373
3374
16361
16458
3374
7266
16361
3375
16361
16457
3376
3377
16362
16457
3377
7372
16362
3378
16362
16456
3379
3380
16363
16456
3380
7964
16363
3381
16363
16455
3382
3383
16364
16455
3383
7966
16364
3384
16364
16454
3385
3386
16365
16454
3386
7971
16365
3387
16365
16453
3388
3389
16366
16453
3389
7976
16366
3390
16366
16452
3391
3392
16367
16452
3392
7951
16367
3393
16367
16451
3394
3395
16368
16451
3395
10776
16368
3396
16368
16450
3397
3398
16369
16450
3398
10777
16369
3399
16369
16449
3400
3401
16370
16449
3401
11904
16370
3402
16370
16448
3403
3404
16371
16448
3404
7473
16371
3405
16371
16447
3406
3407
16372
16447
3407
11895
16372
3408
16372
16446
3409
3410
16373
16446
3410
10814
16373
3411
16373
16445
3412
3413
16374
16445
3413
16000
16374
3414
16374
16444
3415
3416
16375
16444
3416
10848
16375
3417
16375
16443
3418
3419
16376
16443
3419
10843
16376
3420
16376
16442
3421
3422
3424
16442
3422
3424
11837
3423
3424
3425
6285
16376
16377
3426
6284
3427
6283
3428
16303
3429
5708
3430
16302
3431
7348
3432
16256
3433
16254
3434
16252
3435
16250
3436
16248
3437
16246
3438
7361
3439
7365
3440
7259
3441
16278
3442
6996
3443
16280
3444
6975
3445
16283
3446
5761
3447
4157
3448
3449
5772
5773
3450
3453
3457
3458
5772
5773
3451
3452
4148
5772
5773
3452
4148
4160
4161
16402
3453
3454
4148
4159
16403
3454
3457
4159
3455
3456
4149
4159
16403
3456
4149
4151
4155
5763
5764
3457
4149
4156
4158
3458
4156
4157
4158
3459
3460
4158
5766
5771
5772
6629
6632
16441
3461
4164
4173
5771
5772
5774
16440
3462
3463
3464
4164
4173
3465
3467
3967
4169
4171
4173
16401
3466
3467
3967
4006
4166
4169
3467
3468
3800
3801
3968
4000
4001
4005
4006
16344
16346
3468
3967
3968
3969
4006
16418
3469
3480
3801
3891
3892
3895
3896
3968
4001
4015
4016
16307
16317
16346
3470
3860
3892
3893
3894
3895
3896
3897
3898
3902
3995
4014
4015
3471
3481
3482
3485
3894
3895
3896
3897
3996
3998
3999
4001
3472
3479
3480
3481
3482
3487
3768
3860
3894
3895
3473
3474
3475
3477
3479
3768
3770
3474
3475
3476
3477
3478
3479
3770
3480
3768
3770
3860
3895
16316
16317
3481
3767
3768
3770
3895
4001
16317
16423
3482
3762
3767
3768
3895
3999
4001
3483
3485
3487
3894
3998
3484
3485
3760
3804
3998
3486
3487
3847
3894
3897
3898
3998
3488
3858
3894
3489
3490
3491
3491
3492
3493
3494
3495
16438
3496
3497
3499
16438
3497
3498
3500
16438
3499
3501
3503
16437
3502
3503
3504
3505
3508
16425
3505
3507
3508
3506
3508
3507
3508
3511
4113
16434
3508
3511
3512
3509
3510
3511
3510
3512
16405
16433
16434
3513
3514
16433
16434
3514
3515
3516
16430
16431
16433
3517
3521
3706
3709
16430
16433
3518
16430
16431
16432
16433
16436
3519
3520
3521
3704
16351
16436
3520
3522
3704
4699
4700
4701
16351
3521
3522
3704
5493
3522
3704
3706
3708
3523
3524
3704
5492
3524
3703
5491
3525
4701
4702
5476
5490
3526
3527
4702
4704
5474
5476
3527
4693
4701
4702
5476
5482
5483
3528
3529
4705
5476
3529
5472
5474
5475
3530
3701
5471
5483
16332
3531
3532
5478
5518
16332
3532
3534
3535
4693
5478
5482
5483
3533
3534
4709
5478
16329
16331
3534
3535
3537
3680
5463
5478
16329
3535
5478
5545
3536
4694
5478
5480
5481
3537
3539
3540
5480
5481
10185
10186
3538
3539
3679
3680
5463
10185
3539
3540
3541
3672
3673
3674
10185
3540
5548
10185
3541
5549
10185
10186
3542
10185
3543
3544
4514
7521
7522
3544
3546
3547
4515
4516
5549
7521
3545
3546
3672
7521
7522
7523
3546
3547
3549
3671
4682
7521
7523
3547
7521
8377
3548
4517
7521
7555
7556
3549
3551
3552
4518
4684
7555
7556
3550
3551
3671
4681
4682
4684
3551
3552
3554
3668
3669
3670
4684
3552
4684
8376
3553
4519
4520
4684
7557
3554
3556
3557
4520
4521
7557
9460
3555
3556
3662
3669
3670
9460
3556
3557
3559
3658
3659
9177
9460
3557
8375
9460
3558
4522
7560
7561
9460
3559
3561
3562
4523
7560
7561
9459
3560
3561
3657
3658
9177
9459
3561
3562
3564
3642
3643
3644
9459
3562
9176
9459
3563
4524
4525
8177
9459
3564
3566
3567
4525
4526
8177
9475
3565
3566
3642
3643
9456
9475
3566
3567
3569
3641
4670
4672
9475
3567
9175
9475
3568
4527
8352
8353
9475
3569
3571
3572
4528
8352
8353
9474
3570
3571
3641
4671
4672
9474
3571
3572
3574
3638
3639
3640
9474
3572
9474
9491
3573
4529
4530
9474
9479
3574
3576
3577
4530
4531
9473
9479
3575
3576
3624
3639
3640
9473
3576
3577
3579
3620
3621
9473
10133
3577
9473
9490
3578
4532
9473
9477
9478
3579
3581
3582
4533
9477
9478
10007
3580
3581
3619
3620
10007
10133
3581
3582
3584
3604
3605
3606
10007
3582
10007
10132
3583
4534
4535
10007
10027
3584
3586
3587
4535
4536
10027
16168
3585
3586
3604
3605
10003
16168
3586
3587
3589
3601
3602
3603
16168
3587
10131
16168
3588
4537
10030
10031
16168
3589
3591
3592
4538
10030
10031
16166
3590
3591
3595
3602
3603
16166
3591
3592
3593
3594
3595
6686
16166
3592
16147
16166
3593
4539
4540
10110
16166
3594
4546
4550
16166
3595
4547
6688
16166
16169
3596
6689
16166
3597
3600
3602
4631
16167
16169
3598
4645
16167
3599
3600
4644
10004
10320
10322
3600
3601
9998
10001
10002
10004
10320
3601
4632
10004
3602
3603
10002
10003
10004
3603
16167
3604
6686
9432
9434
9435
9998
10030
10131
16137
16147
3605
3606
9436
9999
10003
10027
10131
10132
10133
10135
16137
3606
10003
10005
3607
3618
3619
10003
10332
3608
3617
3618
9999
10000
10001
10332
3609
3610
3611
9999
10000
10331
10333
3610
3612
4656
4657
8439
10331
10333
3611
3612
10245
10331
3612
3615
3616
3617
10244
10331
3613
4657
4658
8440
10331
3614
3615
4659
4660
4661
8440
10327
3615
4661
4662
10243
10327
3616
3622
4662
10244
10327
3617
3622
10244
10324
3618
3619
3622
10244
10332
3619
10135
10332
3620
3621
10133
10332
3621
10006
10133
3622
3623
3624
10133
10326
3623
3625
10244
10326
3624
3625
10136
10326
3625
3638
3639
3640
10326
3626
4662
4663
4664
10326
3627
3636
3637
3638
4663
4664
9469
3628
3629
3630
4662
4663
4664
10330
3629
3631
4661
8441
10211
10212
10330
3630
3631
9495
10330
3631
3634
3635
3636
4665
10330
3632
10210
10212
10270
10330
3633
3634
10203
10204
10206
10208
10270
3634
9496
10204
10205
10206
3635
4665
4669
10205
10206
3636
4665
4669
9468
3637
4665
4669
4671
9469
3638
4671
9469
9494
3639
3640
4671
9469
3640
9470
3641
4664
9173
9479
9490
9491
9494
10133
10136
3642
4665
4670
4671
4672
8353
9174
9175
9454
9491
9494
3643
3644
4666
8177
8371
9175
9176
9177
9179
9454
9456
3644
4674
9456
3645
3656
3657
9456
9458
3646
3655
3656
4666
4667
4668
9458
3647
3648
3649
4666
4667
10205
16157
3648
3650
8417
8418
8453
10204
16157
3649
3650
9497
16157
3650
3653
3654
3655
9183
16157
3651
8416
8418
8454
16157
3652
3653
8407
8409
8410
8454
16158
3653
8406
8407
9184
16158
3654
3660
8406
9183
16158
3655
3660
9183
9466
3656
3657
3660
9183
9458
3657
9179
9458
3658
3659
9177
9458
3659
4675
9177
3660
3661
3662
9177
9461
3661
3663
9183
9461
3662
3663
9180
9461
3663
3668
3669
3670
9461
3664
8402
8403
8406
9461
3665
3666
3667
3668
4683
8402
8403
3666
3694
4683
8404
9464
3667
4680
4681
4683
8400
9464
3668
4681
4683
8391
3669
3670
4681
4683
3670
4676
3671
4811
7557
8375
8376
8391
8402
9177
9180
3672
4681
4682
5457
5461
7555
8376
8377
8391
8392
8400
3673
3674
5452
5459
5461
5462
5463
5548
5549
8377
3674
3698
5459
3675
3678
3679
5459
10184
3676
3677
3678
5452
5453
5454
10184
3677
3685
3686
10184
3678
3679
3682
3684
10184
3679
5462
10184
3680
3682
5463
10184
3681
3699
5463
3682
3683
3699
4711
16329
16330
3683
5466
10184
3684
4712
10187
3685
4713
10187
3686
4714
10187
3687
3697
4715
5453
10180
3688
3689
8473
10180
10182
3689
3691
3692
5452
5453
5454
10182
3690
3691
10181
10182
10188
3691
3692
10182
10188
3692
9186
10182
3693
5455
8400
8401
10182
3694
3695
8400
8401
3695
3696
10177
10178
10182
10192
3697
8401
10178
10182
10183
3698
5453
10179
10182
10183
10184
10187
3699
10183
10184
10185
3700
5478
5479
10184
10185
10187
3701
5478
16330
16331
16332
3702
5475
5476
5477
5478
5479
5483
3703
3704
4700
5476
5477
16435
3704
5476
3705
5476
16351
16433
16435
3706
16433
16435
3707
3708
3709
5495
3709
5492
5493
5495
16328
3710
5495
16328
3711
16430
3712
3713
3714
4123
3715
4123
5497
3716
5497
3717
3734
3718
3719
3733
3734
3735
3736
3737
3720
3721
3734
3735
16428
3721
16428
3722
3735
16428
3723
3724
3735
16429
3724
3726
3735
3736
3738
16426
3725
3727
3728
3754
3755
3756
3837
4114
4115
4116
4125
3729
3730
3731
3752
3753
3754
4116
4120
4125
4126
4134
16404
3730
3731
4127
4128
3732
3733
3736
3737
5498
16426
3734
3736
3737
5497
5498
5501
3735
5497
16428
3736
3737
3738
16426
3739
3740
3741
16426
16427
3740
3741
3747
3748
3749
16426
3741
3742
3747
3743
3744
3745
3747
3744
3745
3746
3747
3745
3746
3749
3751
3750
3752
3751
3752
3753
3754
3756
3833
3754
3757
3800
3832
3833
3834
3835
3839
16343
16404
3755
3756
3757
3833
3835
3837
4116
16404
3756
3757
3828
3830
3836
3837
4115
3757
3833
3758
3830
3831
3832
3833
3835
3836
3837
3844
3759
3798
3799
3831
3832
3833
3834
3760
3798
3799
3803
3804
3831
3997
3761
3804
3997
3998
3762
3797
3798
3997
3999
4000
3763
3764
3767
3792
3797
3764
3785
3786
3792
3765
3771
3792
3766
3767
3771
3767
3768
3769
3770
3772
3785
3787
3788
3789
3773
3785
3787
3788
3792
3793
3774
3784
3785
3775
3776
3777
3778
3784
3776
3777
3777
3778
3779
3791
3780
3784
3781
3782
3784
3783
3785
3790
3786
3787
3788
3789
3793
3794
3797
3795
3796
3797
3796
3799
3800
3802
3832
3834
3997
4000
3800
3802
3803
3831
3832
3844
3845
3997
4003
16342
3801
3802
3832
3834
3840
4000
16342
16343
16344
3802
3896
3996
3999
4000
4001
4005
16344
16345
16346
3803
3996
3997
3999
4000
4003
16342
16344
16345
3804
3845
3846
3847
3996
3997
3998
4002
4003
3805
3847
3997
3998
3806
3807
3808
3809
3849
3808
3849
3850
3809
3849
4095
5200
3810
3811
3812
3821
3822
4095
4097
3813
3820
3821
3814
3815
3815
3821
3816
3817
3819
3820
3817
3818
3819
3820
16425
3818
3820
3819
3820
3820
3821
4097
4099
3822
4097
3823
4094
4095
4096
4097
3824
3843
3825
3843
4096
3826
3827
4096
3827
3828
3836
3838
3842
3843
4118
4455
4459
4460
3829
3830
3836
3837
4111
4115
4118
3831
3836
3843
3832
3836
3843
3844
3845
3833
3834
3835
3844
16342
16343
3834
3836
3837
3838
3839
3841
3844
4119
16343
16404
3837
3838
3842
3843
3844
4118
3838
4115
4116
4117
4118
4119
16404
3839
3841
3842
3844
4118
4119
4457
4459
4461
5164
3840
3841
4119
4120
4134
4442
5163
5164
5165
16340
16343
16404
3841
4005
4022
4450
16339
16340
16341
16342
16343
16344
16348
3842
3844
4022
4457
5164
16339
16340
16342
16343
3843
3844
3845
4021
4022
4454
4455
4457
4459
3844
3845
4021
3845
4022
16342
16343
3846
4003
4020
4021
4022
16342
3847
4002
4003
4020
4021
3848
3897
3994
3996
3998
4002
3849
3850
3990
5200
3851
3989
3990
5200
3852
3853
3855
3987
3989
3854
3855
3982
3856
3981
3982
3987
3857
3858
3861
3893
3900
3903
3905
3973
3859
3860
3861
3893
3894
3898
3861
3892
3893
3894
3895
3903
16316
16317
3862
3893
3903
16316
3863
3872
3890
3903
16315
16316
16318
3864
3865
3866
16318
3866
3888
3889
3955
16318
16408
3867
16318
16410
3868
3869
3954
3955
16410
3869
3954
3955
3956
3957
16412
16413
3870
3921
3954
3871
3921
3872
3873
3907
3950
3952
3953
3954
16309
16311
16318
3873
3904
3906
3907
3950
16309
16315
16318
3874
3887
3888
3890
3891
3953
3954
3958
5580
16309
16311
16315
16318
16319
3875
3883
3884
3887
3958
3876
3883
3884
3959
3960
3877
3883
3884
3969
3878
3883
3884
16424
3879
3880
3882
16424
3880
3882
16401
3881
3882
3883
4278
3884
4279
16416
3885
3886
3887
3887
3889
3890
3888
3956
3958
3889
3955
16408
3890
16408
3891
16315
16316
16318
3892
3903
3970
3972
16307
16315
16316
16317
16319
3893
3895
3902
3903
3972
4015
16307
16316
16317
3894
3898
3900
3902
3903
3973
4014
3895
3897
3898
3896
4001
16317
3897
3995
3996
3999
4001
4015
16345
16346
3898
3994
3995
3996
3998
4002
4014
3899
3900
3994
4014
3901
3902
3973
3974
3975
3993
4014
3903
3971
3972
3973
3974
4013
4014
4015
16306
16307
3904
3972
3973
16315
16316
3905
3906
3971
3972
3973
3977
4045
5581
16309
16315
16319
3906
3973
3975
3977
3978
3907
3949
3950
3977
3978
4045
16309
3908
3950
3951
3909
3910
3914
3915
3916
3921
3911
3912
3913
3914
3917
3912
3914
3917
3915
3916
3917
3916
3918
3920
3921
3922
3917
3918
3938
3919
3921
3922
3936
3938
8050
3920
3922
16410
16412
3923
8050
16412
3924
3953
8051
16413
3925
3926
3927
3953
3957
3958
8051
16413
3926
3958
3959
16311
3927
3959
16354
3928
16415
3929
16354
16415
3930
3935
16355
16415
3931
3935
16355
3932
3934
3935
16314
16355
3933
16314
16353
16354
3934
4290
16353
3935
3936
3937
8048
8049
8050
8052
16355
3937
3938
8048
8049
8050
3938
3939
4052
5602
5614
8048
3940
3941
3942
5601
5614
5617
3941
3942
5962
3942
5617
3943
5617
3944
3946
3945
3946
5615
5617
3946
3948
3947
3949
4046
4047
4048
4050
4051
5590
16312
3950
3951
3978
4045
4046
4047
5578
16310
3951
3952
4045
16309
16310
16311
3952
3953
16310
16311
16415
3954
8051
16311
16413
16415
3955
3956
3957
16318
3956
16408
3957
3958
3959
3960
3961
3962
4279
3962
4058
4279
3963
4279
16407
3964
4278
16407
3965
4278
3966
4058
4061
4177
4178
4179
4181
5779
16401
3967
3969
4009
4058
4059
4061
4062
4170
4177
4179
16401
3968
3969
4006
4009
4169
4170
4171
16401
3969
3970
4005
4006
4008
4009
4010
4016
4059
16307
16308
16346
16349
3970
4009
4058
4059
16401
3971
3972
4016
4059
4071
5580
5581
5582
5584
16306
16307
16308
16319
3972
3973
3974
3975
3977
4040
4041
4044
5581
5582
16306
3973
5581
16306
16307
16315
16319
3974
3975
3977
3975
3993
4013
4014
4039
4040
4041
4074
16306
3976
3977
4039
4041
4042
3978
4041
4042
4044
4045
5578
5581
3979
4042
4045
4047
5578
3980
3981
3983
3986
5924
5925
3982
3983
3986
3987
3983
3987
3984
3986
5925
3985
3987
4034
5924
3988
3989
3991
4032
4033
4034
3990
3991
5201
3991
5200
5201
3992
4032
4033
5201
3993
3994
4013
4014
4018
4039
4074
3995
4002
4014
4018
3996
4002
4004
4013
4014
4015
4017
4018
16345
16346
3997
3998
3999
4002
4003
16345
3998
3999
4000
3999
4000
4001
4003
4004
4018
4020
16345
4004
4020
4022
16341
16342
16344
16345
4005
4012
4017
4018
4019
4020
4023
16341
16345
16347
4006
4008
4016
4017
4451
16341
16344
16345
16346
16347
16348
16349
4007
4008
4009
4169
4008
4168
4441
4442
4443
4444
4445
4450
5143
4009
4010
4063
4443
4445
4446
4450
4451
16301
16338
16348
16349
4010
4059
4062
4063
4170
4445
4011
4016
4059
4063
4071
4072
4075
4076
4451
5904
16299
16300
16301
16308
16349
4012
4040
4072
4073
4074
4075
4076
4077
4080
5573
5575
16299
4013
4017
4018
4019
4074
4075
4076
4077
4079
16347
16349
4014
4015
4016
4017
4018
4040
4074
4075
16306
4015
4018
4016
4017
16306
16307
16346
4017
4075
16306
16307
16308
16346
16349
4018
4075
16345
16346
16347
16349
4019
4074
4020
4023
4024
4077
4078
4079
4453
5204
16347
4021
4022
4023
4024
4454
16341
4022
4024
4454
4455
4023
4454
4457
16339
16341
16342
4024
4079
4449
4452
4453
4454
16339
16341
16347
16348
4025
4026
4078
4088
4091
4453
4454
4026
4091
4093
4027
4091
5202
5203
5204
4028
4078
5202
5204
4029
4030
5202
5203
5204
4030
4031
4032
5202
5205
5206
5207
5209
4033
4035
5201
4034
4035
4036
4035
4036
5923
4036
5207
5932
4037
5922
5923
5932
4038
4039
4041
4042
4073
5574
5576
5577
5586
5587
4040
4041
4073
4074
4041
4072
4073
4074
4075
5576
5582
16306
16308
4042
4044
4073
5576
5577
5582
4043
4044
5577
5578
5588
4045
4056
5576
5577
5578
5579
5581
5582
5583
5584
4046
5578
5579
5580
5581
16309
16310
4047
4050
4055
4056
5578
5579
5590
16310
16312
16313
4048
5578
5588
5590
4049
4050
5590
5592
5595
4051
4053
4054
4055
5590
5594
5595
5596
6003
16312
4052
4053
16312
16314
4054
5596
6003
6005
6006
16312
16314
4055
4057
4298
6003
6004
6005
16312
16313
16314
4056
4057
5579
5590
5594
6001
6003
6004
16312
16313
4057
5577
5578
5579
5583
5588
5590
5591
5594
5941
6001
4058
4059
4060
4071
5579
5580
5583
5584
5999
6001
6004
16292
16313
4059
4060
4061
4062
4299
4060
4062
4063
4070
4071
5584
16292
16300
16308
4061
4062
4064
4065
4066
4070
4298
4299
4300
5999
6004
8314
16287
16292
4062
4065
4178
4179
4180
4181
4299
4301
4063
4064
4065
4070
4179
5896
4064
4070
4445
4446
5894
5896
5897
5904
16241
16286
16300
16301
4065
4066
4070
5896
5897
6780
6801
7594
7595
7596
8308
8309
16286
16287
4066
4180
4299
4300
4301
6800
6801
6802
7595
4067
4300
5998
5999
6779
6780
6801
8212
8309
8310
8311
8312
8314
8317
16287
4068
5991
5996
5997
5998
6778
6779
6787
6788
6789
8310
8311
4069
5939
5940
5942
5997
5998
6000
6777
6778
6779
16285
16287
4070
5575
5585
5586
5902
5903
5938
5939
5940
5941
6000
16285
4071
5585
5903
5904
5999
6000
6780
16285
16286
16287
16292
16300
4072
5576
5582
5583
5584
5585
16292
16300
16308
4073
4075
5575
5576
5582
5585
16299
16300
16308
4074
5573
5574
5575
5576
5586
4075
4077
4076
16306
16308
16349
4077
4079
4080
4451
5223
16299
16301
16347
16349
4078
4079
4080
4081
5222
5573
4079
4081
4087
4453
5222
4080
4448
4451
4452
4453
5222
5223
16347
4081
4447
5222
5223
5572
5573
5900
5905
16299
16301
4082
4083
4086
5222
5572
5573
5901
4083
5206
4084
5208
4085
4086
5208
4086
4087
4447
5221
5222
5570
5571
5572
5908
4088
4448
4453
5215
5218
5221
5222
16406
4089
4090
4449
4453
4454
4455
4458
5216
5218
4090
4091
4092
4092
4093
5198
5202
5205
5209
5211
4094
5198
5199
5202
5205
4095
4096
5198
5199
4096
5199
4097
5196
5198
4098
4099
4466
4467
4497
5196
4100
4467
4469
4101
4102
4102
4467
4103
4104
4469
4470
4104
4105
4469
4470
16405
4105
4107
4108
4112
4469
4106
4107
4469
4470
4472
4107
4108
4469
4474
4108
4122
4469
4109
4110
4111
4469
4110
4111
4497
4111
4467
4112
4115
4117
4118
4122
4460
5154
4113
4114
4115
4122
4123
4115
4116
4117
4121
4122
4123
4124
4125
4126
4116
4117
4118
4122
4117
4119
4120
4121
4125
4126
16404
4118
4119
4120
4121
4122
4461
5153
5154
5155
4119
4459
4460
4461
5154
4120
4461
5155
5164
5165
16404
4121
4126
4134
5148
5155
5165
16325
16404
4122
4124
4126
5153
5155
16324
16325
4123
5152
5153
5154
4124
4125
4126
4126
4127
4134
4128
4129
4129
4131
4134
4130
4131
5114
4132
4134
5114
4133
5114
4134
4135
4441
4442
4815
5132
5141
5143
5148
4135
4442
5148
5165
16325
16404
4136
4167
4441
5132
5141
4137
4138
4167
4440
5136
5141
6168
6169
6174
4138
4139
4140
4141
4876
4140
4876
4877
4880
6174
6175
4141
4876
4877
6169
4142
4143
4876
4877
4143
4144
4145
4876
5113
4146
4875
4147
4148
4875
4149
4874
4150
4873
4151
4152
4153
4872
16271
4152
4153
4155
5763
5764
4153
5756
5757
5758
5759
4154
5760
5762
4155
4156
5760
5761
5762
6630
4156
5763
4157
4158
6630
4158
4159
5762
5763
5765
5766
5768
5772
6629
6632
4160
5763
5766
5767
5768
5772
16403
4161
4164
4165
5767
5772
16402
4162
5773
4163
4164
5773
5774
4164
4165
4173
5772
4166
4172
5767
6169
4167
4169
4168
4440
4441
5141
6169
4169
4440
4441
4444
5142
6170
8864
16204
4170
4171
4172
4171
4177
4179
8864
8866
8867
16401
4172
4173
4174
4175
4177
8867
16401
4173
4175
5770
6170
8867
8868
4174
4175
5771
4175
4176
4177
5775
5779
8867
16401
4176
5770
5771
5775
5776
8867
8868
4177
5775
5776
5777
5778
5779
6636
6637
6638
8867
9322
4178
4179
5778
5779
8866
8867
16401
4179
4180
4181
5778
5779
5780
6638
6640
7723
4180
5778
8865
8866
4181
4301
6640
6802
6803
7723
8876
4182
4299
4301
4302
5780
5781
6640
6642
4183
4284
4286
4184
4284
4286
16400
4185
4186
7612
16400
4186
5780
7612
4187
7612
16399
4188
4189
7613
16399
4189
6957
7613
4190
7613
16398
4191
4192
7744
16398
4192
6958
7744
4193
7744
16397
4194
4195
7743
16397
4195
6961
7743
4196
7743
16396
4197
4198
7745
16396
4198
7026
7745
4199
7745
16395
4200
4201
7841
16395
4201
7033
7841
4202
7841
16394
4203
4204
7842
16394
4204
7034
7842
4205
7842
16393
4206
4207
10608
16393
4207
7037
10608
4208
10608
16392
4209
4210
10609
16392
4210
7986
10609
4211
10609
16391
4212
4213
10610
16391
4213
7982
10610
4214
10610
16390
4215
4216
10611
16390
4216
7981
10611
4217
10611
16389
4218
4219
10612
16389
4219
7980
10612
4220
10612
16388
4221
4222
10613
16388
4222
8961
10613
4223
10613
16387
4224
4225
10614
16387
4225
10522
10614
4226
10614
16386
4227
4228
10615
16386
4228
10523
10615
4229
10615
16385
4230
4231
16006
16385
4231
8954
16006
4232
16006
16384
4233
4234
16007
16384
4234
10517
16007
4235
16007
16383
4236
4237
16010
16383
4237
10515
16010
4238
16010
16382
4239
4240
16011
16382
4240
11909
16011
4241
16011
16381
4242
4243
16014
16381
4243
7941
16014
4244
16014
16380
4245
4246
16015
16380
4246
8946
16015
4247
16015
16379
4248
4249
4255
16379
4249
4255
8944
4250
4255
16378
4251
4252
4254
16378
4252
4254
11870
4253
4254
4255
5649
5650
16018
16304
16377
4256
5648
5649
16015
16017
4257
16376
16377
4258
16015
16375
4259
16014
16374
4260
16011
16373
4261
16010
16372
4262
16007
16371
4263
16006
16370
4264
10615
16369
4265
10614
16368
4266
10613
16367
4267
10612
16366
4268
10611
16365
4269
10610
16364
4270
10609
16363
4271
10608
16362
4272
7842
16361
4273
7841
16360
4274
7745
16359
4275
7743
16358
4276
7744
16357
4277
7613
16356
4278
7612
4279
4286
4280
4281
4282
4283
4286
4287
4288
5621
4282
4283
16353
4283
4299
4284
4285
4285
4286
4287
5626
5627
7612
4288
4303
5621
5626
5627
4289
4290
4293
5620
5621
8043
8044
8052
4290
4293
5622
4291
4293
4292
8044
4293
4294
8044
4294
4295
6006
6007
16291
4296
4298
5949
5986
6005
6006
6007
6011
8315
4297
4298
5596
5948
5949
5984
5986
6003
6005
6006
8313
8315
4298
5594
5595
5596
5945
5946
5948
5984
5989
5991
6002
6003
8313
4299
4300
5999
6002
6003
6004
6005
8312
8313
8314
8315
4300
4301
4302
4301
6799
6800
6801
6805
8312
8314
8315
8317
8318
4302
6640
6642
6800
6802
6803
6804
4303
4304
4305
4306
5781
6642
4304
4306
4305
4306
5621
5622
5623
4306
5625
4307
4308
5626
4308
5626
6642
6643
4309
5626
5781
5782
5783
4310
5781
5783
6643
7610
4311
4312
5784
6641
6643
6644
7610
4312
6641
6645
6646
8117
4313
5784
5786
6641
7606
7609
4314
5786
5788
7606
7609
7726
7727
4315
7607
7608
7726
7727
4316
6650
7607
7608
7728
7729
7997
4317
6650
7729
7997
8024
4318
4319
6650
7729
7997
8126
8127
4319
4320
7996
8126
8127
4320
7730
7731
7732
8019
8126
4321
7719
8126
8127
8129
9002
4322
7719
8129
8130
9002
4323
6833
6834
7719
8129
9002
16226
4324
6833
6834
9335
16226
4325
6659
6833
6834
8154
10415
16226
4326
6659
8154
9003
10415
4327
4328
6659
8154
10411
10412
10415
4328
4329
9356
10411
10412
4329
6837
6838
6839
8153
10411
4330
5883
6664
6851
10411
10412
4331
5883
6664
6851
10657
4332
5883
6664
6667
6848
6849
6851
4333
6667
6848
6849
10739
4334
4335
6667
6848
6849
10741
4335
10741
12681
4336
6844
6845
6847
10741
4337
4338
6845
6846
6847
10742
4338
10742
12680
4339
5812
5813
10742
12606
4340
4341
5813
5814
10745
12606
4341
10745
12679
4342
5815
5816
10745
12605
4343
4344
5816
5817
10746
12605
4344
10746
12691
4345
5818
5819
10746
12604
4346
4347
5819
5820
10749
12604
4347
10749
12692
4348
5821
5822
10749
12693
4349
4350
5822
5823
10750
12693
4350
10750
12695
4351
5824
5825
10750
12708
4352
4353
5825
5826
12708
13498
4353
13498
15267
4354
5827
5828
12707
13498
4355
4356
5828
5829
12707
13499
4356
13499
15268
4357
5830
5831
13499
15264
4358
4359
5831
5832
13500
15264
4359
13500
15269
4360
5833
5834
13500
15263
4361
4362
5834
5835
13501
15263
4362
13501
15270
4363
5836
5837
13501
15262
4364
4365
5837
5838
13502
15262
4365
13502
15271
4366
5839
5840
13502
15261
4367
4368
5840
5841
13503
15261
4368
13503
15272
4369
5842
5843
13503
15279
4370
4371
5843
5844
13504
15279
4371
13504
15284
4372
5845
5846
13504
15278
4373
4374
5846
5847
13505
15278
4374
13505
15285
4375
5848
5849
13505
15277
4376
4377
5849
5850
13506
15277
4377
13506
15286
4378
5851
5852
13506
15289
4379
4380
5852
5853
13507
15289
4380
13507
15293
4381
5854
5855
13507
15296
4382
4383
5855
5856
13508
15296
4383
13508
15300
4384
5857
5858
13508
15299
4385
4386
5858
5859
13509
15299
4386
13509
15301
4387
5860
5861
13509
15249
4388
13509
15248
4389
5861
5863
15248
4390
15248
4391
12792
13479
13480
14321
14822
14823
14824
14871
14993
15133
15241
15242
15393
15622
4392
12793
12795
13475
13476
13478
13479
13480
13931
14321
14714
14815
14816
14822
14824
15688
15867
4393
12013
12025
12027
12795
13480
13481
13931
14321
14322
14323
14808
14843
14858
14871
14872
15867
4394
12024
12025
12026
12790
12793
12794
12795
13480
13481
13482
4395
12006
12007
12011
12013
12015
12023
12024
12025
12794
12795
12796
15917
4396
6524
11827
11828
11832
12007
12008
12009
12010
12011
12012
12023
12796
4397
6525
7280
10851
10857
10858
11827
12007
12008
12020
12021
12023
12396
12397
12761
15917
4398
7145
10836
10854
10857
10858
10859
11824
11825
11826
11827
11828
12008
4399
6527
7146
9850
10835
10854
10855
10856
10857
10858
10859
12760
12761
4400
6528
6530
9850
9851
9852
9853
9857
9858
10834
10855
10856
12760
4401
7279
7280
7281
7282
9857
9858
10851
10856
12397
12398
12399
12405
12406
12759
12760
12761
4402
6526
6528
9858
11764
11765
11803
12003
12404
12405
12758
12759
12760
4403
9858
9859
11765
11776
11777
11800
11801
11802
12002
12404
12405
12406
4404
8754
9860
9862
11773
11775
11776
11777
11800
11801
11993
11994
12001
4405
7278
7279
7282
8745
8753
8754
9855
9856
11777
11800
11988
11994
11995
12399
12400
12406
4406
6532
8751
8752
8753
8754
8755
9852
9854
9855
9860
11777
11778
4407
6533
8741
8743
8744
8752
8753
8754
8755
9277
9278
9861
11995
4408
6534
8731
8732
8733
8742
8743
8744
8824
9277
9278
9279
11976
4409
7277
7278
8736
8744
8745
9278
9279
11968
11974
11975
11976
11977
11987
11988
11989
11995
4410
8824
9278
9279
9280
9652
9653
9862
9864
11973
11974
11986
11987
4411
8825
9279
9280
9281
9654
9865
11966
11967
11973
11974
11975
11978
4412
8653
8826
9281
9282
9655
9866
9868
11960
11961
11966
11967
11978
4413
7276
7277
8644
8652
8653
8735
8736
9871
11961
11962
11967
11968
11969
11975
11978
16213
4414
6536
8650
8651
8652
8653
8654
8732
8734
8735
8826
11978
11979
4415
6537
7483
8641
8642
8643
8651
8652
8653
8654
8827
8828
11962
4416
6538
7484
7485
7486
8633
8634
8641
8642
8643
8828
8829
11950
4417
7275
7276
7442
8643
8644
8828
8829
9870
9871
9872
9873
11948
11949
11950
11953
11962
4418
8633
8828
8829
9283
9284
9657
9868
9869
9870
9877
11947
11948
4419
8829
8830
8834
9284
9285
9658
9876
11945
11946
11947
11948
11949
4420
8831
8834
8835
8837
9285
9286
9659
9661
9662
9875
11945
11946
4421
7274
7275
7437
7442
7489
8834
8835
9662
9663
9873
9874
11938
11945
11949
11951
11952
4422
6540
7246
7486
7487
7488
7489
8831
8832
8833
8834
8835
11951
4423
6541
7245
7433
7434
7488
7489
7490
7492
8832
8835
8836
11938
4424
6542
7244
7382
7383
7384
7418
7419
7433
7434
7490
7492
7493
4425
7273
7274
7375
7382
7437
7490
7491
7492
7493
9663
9664
9665
9885
11936
11938
16175
4426
7418
7492
7493
7494
8837
8839
9287
9288
9884
9885
11936
11937
4427
7385
7493
7494
7495
8840
9289
9667
9668
9884
9885
16175
16176
4428
7221
7223
7495
7496
8841
8843
9290
9292
9293
9667
9668
16176
4429
7044
7220
7221
7272
7273
7375
7380
7381
9293
9294
9665
9666
9667
16175
16176
16183
4430
6544
7218
7219
7220
7221
7223
7240
7241
7242
7380
7384
16176
4431
6545
7047
7051
7052
7079
7080
7218
7219
7220
7221
7222
16183
4432
6546
6613
6614
6615
7048
7051
7052
7053
7078
7079
7080
16185
4433
7044
7051
7058
7062
7078
7079
7272
9294
9295
9296
9673
16182
16183
16184
16185
16186
4434
6613
7078
7079
7497
7498
8843
8844
8845
9300
9672
9673
16182
4435
7076
7077
7078
7498
7499
8846
9299
9304
9305
9672
9673
16184
4436
7073
7075
7076
7499
7500
8847
8857
9165
9166
9298
9304
9305
4437
6171
7058
7062
7063
7064
7065
7066
7075
7076
8860
9166
9296
9297
9305
16184
16202
4438
6548
6615
7054
7055
7065
7066
7067
7068
7072
7073
7075
7076
4439
6167
6168
6549
7066
7067
7068
7074
7075
16202
16203
16205
4440
6168
6169
6170
6171
6172
6173
6174
7055
7066
7067
16203
4441
5141
5142
6168
6169
6170
16203
16204
4442
4444
5141
5142
5143
4443
4450
5143
5144
5148
5163
5165
5556
16337
16340
4444
4445
4446
4450
5143
5144
5225
5565
5566
5567
5894
7546
16242
16337
16338
4445
5142
5143
5566
5895
8863
8864
16204
4446
5566
5894
5895
5896
8864
4447
4451
5223
5224
5225
5894
5904
5905
7579
16240
16241
16242
16301
16338
4448
5221
5222
5223
5224
5569
5571
5572
5899
5905
16240
4449
4452
4453
5218
5219
5220
5221
5222
5223
5224
16338
4450
4452
4453
4454
4457
4458
5166
5217
5218
5219
16339
4451
4452
5163
5166
5219
5225
16337
16338
16339
16340
16348
4452
5223
16301
16338
16347
16348
16349
4453
5219
5223
16338
16339
16347
16348
4454
5218
5222
4455
4457
4458
16339
4456
4457
4458
4459
4463
4458
4459
4462
5164
5166
16339
16340
4459
4462
4463
5166
5168
5216
5217
5218
4460
4461
4462
4463
5161
5164
4461
4463
4494
5154
5161
4462
5147
5154
5155
5161
5162
5164
5165
4463
5146
5161
5162
5163
5164
5166
5167
5168
5217
4464
5161
5168
5169
5216
4465
4466
5194
5195
5196
5197
5212
5262
4467
4496
4497
5195
5196
4468
4469
4497
4469
4471
4496
4497
4498
4499
4470
4471
4497
4472
4473
4474
4498
4499
4689
16352
4473
4474
4474
5152
4475
4476
4477
4498
4477
4498
5157
4478
4494
4495
4498
4479
4494
4495
5171
5264
16336
4480
4493
5264
5266
5267
16336
4481
4490
4491
4492
5171
5264
16336
4482
4486
4491
4492
5172
5173
5263
4483
5173
5174
5176
5190
5263
7515
4484
4485
4486
5190
7514
7515
7518
4485
4487
5276
7511
7512
7513
7518
4486
4487
5558
7518
4487
4490
4491
4492
7518
4488
5274
5559
5560
7518
4489
4490
5268
5273
5342
5559
5560
4490
5267
5268
5342
5551
4491
4492
5267
5342
4492
5340
4493
5160
5169
5190
5229
5231
5551
5558
5559
4494
5157
5159
5160
5266
5267
5350
5550
5551
4495
5147
5154
5157
5160
5161
5169
4496
4497
4498
5194
5195
5264
5265
4498
5195
4499
5264
5265
5343
4500
4688
4689
5265
5343
4501
16352
4502
4503
4505
4689
16352
4503
4504
4505
4689
16351
4504
4689
4505
4689
4690
4699
4506
4689
4690
4507
4688
4508
4688
4690
5349
16350
4509
4512
4695
5344
5345
4510
4511
4512
5344
5345
5346
5481
4511
4515
4516
5270
5344
5346
5549
4512
4514
5344
10186
4513
5344
16350
4514
4686
4515
4686
7524
4516
4686
5549
4517
5271
5272
5549
7520
4518
5272
5273
7520
7555
7556
4519
5274
5275
7519
7555
7556
4520
4521
5275
5276
7519
7557
4521
7525
7557
4522
5277
5278
7526
7557
4523
5278
5279
7526
7560
7561
4524
5280
5281
7560
7561
7563
4525
4526
5281
5282
7563
8177
4526
8177
8350
4527
5283
5284
8177
8349
4528
5284
5285
8349
8352
8353
4529
5286
5287
8348
8352
8353
4530
4531
5287
5288
8348
9479
4531
9471
9479
4532
5289
5290
9472
9479
4533
5290
5291
9472
9477
9478
4534
5292
5293
9477
9478
10009
4535
4536
5293
5294
10009
10027
4536
10008
10027
4537
5295
5296
10010
10027
4538
5296
5297
10010
10030
10031
4539
5298
5299
10030
10031
10033
4540
4541
5299
5300
10033
10110
4541
4546
10078
10110
4542
4545
5301
5302
10077
10110
4543
4544
4545
5302
5303
6698
10077
4544
5303
5305
5309
10077
4545
5306
10077
10079
10081
4546
10077
10082
4547
4549
10078
10079
4548
10078
4549
4629
6688
4550
4551
10080
10082
10083
4551
4552
6688
10083
4552
4554
4555
10082
10083
10110
4553
4554
6686
6687
6691
10083
4554
4555
4557
6695
6696
6697
10083
4555
10083
10109
4556
6698
10082
10083
10085
4557
4559
4560
5310
6698
10085
16037
4558
4559
6696
6697
16036
16037
4559
4560
4561
4591
4626
16036
16037
4560
10108
16037
4561
5311
5312
10107
16037
4562
4563
4584
16037
4563
4626
4627
16054
4564
4583
5312
10086
16056
4565
4582
16056
16165
4566
4581
16165
4567
4580
5313
5314
10087
16056
4568
4569
4578
5314
5315
10087
4569
4577
16164
4570
4571
4576
5316
10088
4571
4575
5316
5317
10088
4572
4574
5317
10088
4573
16163
4574
10097
16048
4575
4576
10097
10098
16048
4576
10099
10101
16042
4577
4578
10102
16049
4578
16049
4579
4580
10102
16049
4580
5314
10103
10105
16041
4581
10106
16052
16055
4582
16052
4583
16053
16055
4584
4585
16053
16054
16055
4585
4591
16053
16054
4586
4587
10106
10107
16053
16055
4587
4590
4591
10107
16039
4588
9146
10105
10106
10107
16040
4589
4590
9146
10108
16040
4590
6131
6132
9145
10108
16027
16031
4591
10108
16031
16032
16039
4592
16032
16035
16039
4593
4626
16039
16054
4594
4625
16035
16038
4595
4624
16033
16035
16038
16078
4596
6694
16033
16038
16078
4597
6693
9421
9426
9427
16034
16085
4598
4622
9426
16078
4599
4621
16083
16085
4600
4601
4620
16083
16084
16085
4601
4607
16083
16084
16161
4602
4603
9427
9428
16083
16085
4603
4606
4607
9428
10164
4604
9418
9427
9428
16081
16082
4605
4606
9418
9997
16081
4606
9417
9996
9997
10155
10162
10358
4607
9997
10162
10164
10165
4608
4636
10164
10165
10167
4609
4618
10164
16084
4610
4617
10167
16153
4611
4614
4616
10166
10167
16153
4612
4614
8435
10166
16153
4613
8434
10160
10257
10316
10353
4614
10347
10353
4615
16153
4616
8435
10346
10347
4617
8435
8437
10168
10170
4618
10168
16160
4619
4636
16160
4620
16084
16160
16161
4621
9429
9430
16086
16161
4622
16086
16089
4623
6693
16089
4624
6694
16078
16089
4625
4628
6694
6696
16036
4626
4627
16036
4627
4628
10086
16037
4629
6696
10083
10084
16037
16087
16089
4630
6687
6688
9430
9431
10083
16087
4631
6688
16169
4632
4645
6689
9431
9432
4633
4644
9431
9432
4634
4638
4643
9431
9432
9433
9998
4635
6690
6692
9428
9429
9431
9433
4636
4637
4638
9428
9429
10169
16161
4637
4639
10168
10169
16161
4638
4639
9997
10169
4639
4642
4643
9998
10169
4640
8437
8438
10168
10169
4641
4642
4651
8436
8437
8438
10318
4642
4650
4651
10318
16136
4643
4650
9998
10318
10319
4644
4646
9998
4645
4646
4647
10319
4646
4647
9430
9431
10169
10170
10318
4648
10322
4649
4650
4654
10318
10319
10321
4650
4651
4653
10318
10333
4651
9999
10318
10319
4652
8439
10314
10318
4653
8439
10171
10313
10314
4654
4656
10171
10336
10343
4655
10171
4656
10321
10323
4657
4658
10331
10333
4658
10331
10343
4659
10331
10334
10336
4660
10327
10328
10334
10337
4661
10327
10328
10338
4662
8441
10327
10328
4663
4664
10327
4664
10325
4665
8441
9451
9494
9495
10136
10243
10244
4666
4669
9452
9454
9494
9495
9496
10270
4667
4668
8453
9179
9183
9453
9454
9496
9497
10205
4668
9467
10205
4669
9455
9456
9457
10205
4670
9455
9457
4671
4672
9455
9456
9457
4672
9469
4673
4674
8351
9457
9468
9469
9470
9474
9475
4675
8350
9457
9458
9459
9467
9475
4676
7562
9458
9459
9460
9461
9466
4677
4683
4684
7525
9460
9461
9462
4678
4679
4682
4683
4684
4685
7521
9465
4679
7522
4680
4682
7523
9465
4681
4683
5456
9464
4682
4683
4684
9461
9462
9464
4685
7519
7521
7525
9460
4686
5341
7519
7520
7521
7525
7556
4687
5344
7520
7521
7524
4688
5265
5269
5341
5342
5343
5344
7520
4689
5343
5344
5349
16350
4690
5343
4691
4692
4696
5477
4693
4696
4697
4699
4700
4701
5477
4694
4697
5477
5482
5483
4695
4696
4697
5477
5480
5481
4696
5477
4697
5348
5477
4698
5477
4699
4818
4819
5151
5347
5348
5353
5354
5481
5482
5487
5545
16326
4700
4701
4819
5151
5348
5482
5488
5489
4701
4702
5476
4703
5476
4704
5485
5488
5490
5515
4705
5473
5484
5490
5513
4706
5471
5472
5517
4707
5471
5482
5484
5517
5518
5547
4708
4709
5482
5519
5547
4709
5464
5519
5545
5546
4710
5464
5469
5518
5519
4711
5465
5467
5468
16329
4712
5465
5466
5467
5468
4713
5466
5467
4714
5526
4715
8472
4716
8472
8473
4717
8472
8473
10180
4718
8471
10181
4719
8470
4720
10179
10181
10188
4721
10178
10188
10190
4722
10190
10192
10193
4723
10191
10192
10193
10194
4724
4725
4782
8457
10192
10194
4725
4781
10195
4726
4780
8458
8459
10196
4727
4779
8459
8460
10196
10198
4728
4777
8461
8462
10198
10199
4729
4730
4776
8420
8462
10199
4730
10200
16103
16105
4731
4747
8421
8422
10201
16106
4732
4738
4739
8422
8423
10201
16106
4733
4734
4738
4739
8424
8425
10214
4734
8425
8426
8428
10214
10217
10221
4735
10214
10218
10220
4736
4737
4738
4751
10215
10218
4737
4750
10215
4738
4749
10215
16105
16106
4739
10215
4740
4741
4742
4743
4744
4752
4753
10268
10270
10272
10294
4741
4744
4746
4747
16102
4742
4744
4748
4749
4752
16107
4743
4744
4752
16109
4744
4752
4753
4757
4758
16100
4745
4770
16101
4746
4770
4772
10272
16101
4747
4772
4773
4775
10272
16102
4748
4775
4776
16102
16103
4749
16104
16106
16107
4750
4751
16104
16107
4751
16108
4752
10219
10220
16130
4753
10220
16130
4754
10221
10265
4755
4756
4757
10221
10222
10265
10294
4756
10223
10224
10294
10306
4757
4762
10225
10266
10267
10294
4758
10294
16100
4759
4760
4770
10267
10268
16100
4760
4769
4770
10268
16110
4761
4768
4769
10267
10268
16099
4762
4763
4767
10293
16099
4763
10225
10226
10266
10267
10293
4764
4765
4767
10293
16129
4765
10226
10227
10228
10296
16129
4766
10141
10143
10144
10145
16129
4767
9209
10141
10143
16112
4768
9207
9209
10293
16112
4769
9207
10268
16112
4770
4771
9206
10268
16111
4771
10268
16101
4772
9205
10268
16119
4773
9204
9205
10272
16119
4774
9203
10272
16117
4775
8453
8463
8464
9203
16117
16118
4776
8453
16102
4777
8463
16102
16103
4778
4779
8463
8466
8467
4779
8467
10198
4780
8466
8467
16201
4781
4782
4785
8468
16201
4782
8468
4783
4785
8468
4784
9192
10194
4785
4786
8455
9190
9191
9192
4786
8455
8468
4787
8455
8465
9197
9198
16201
4788
4809
9190
9197
9198
9199
10276
4789
4809
9190
9196
4790
4792
9196
10275
10276
4791
4792
10275
16115
4792
4800
4801
4802
10275
16114
4793
9200
10275
10276
16116
4794
4795
4800
9200
9202
10274
16116
4795
4796
4800
10274
16120
4796
9202
9204
9205
10274
16119
4797
4798
4800
10274
16113
4798
9205
9206
9207
10273
16113
4799
9208
9211
9212
9500
16113
4800
4801
9212
9500
16114
4801
10274
16114
4802
9213
10286
16114
4803
4808
16114
4804
4808
9213
9214
9217
9513
4805
4808
8478
9217
9219
4806
4807
8478
9219
4807
16122
4808
9187
9188
4809
7504
9187
9188
9217
10275
10277
10278
10286
16155
4810
8455
9184
9185
9187
9188
9190
9498
10275
10277
4811
8390
8391
8402
9180
9181
9182
9184
9185
9187
10277
16155
4812
7558
8374
8375
8376
8390
8391
8392
8393
9178
9180
9181
4813
4814
6147
7504
8373
8374
8379
8390
8393
8394
8399
9181
10278
10281
16155
4814
5564
6147
6148
6149
7502
7503
7504
7505
16200
4815
4816
5563
5564
6147
6149
8379
8381
8394
8396
8399
4816
5131
5132
5135
5140
5564
6149
4817
5149
5351
5352
5552
5553
5555
8379
8380
8381
8396
16327
4818
5159
5347
5350
5351
5352
5550
5551
5552
5561
7552
7553
8380
4819
5150
5151
5158
5347
5348
5350
5351
5352
5353
16326
16327
4820
5150
5151
5354
5507
5509
5510
16321
16326
4821
5149
5150
5507
16321
16323
16326
16327
4822
4823
4824
5114
5115
5134
5135
5360
5361
5362
4824
5114
5361
5498
5499
5538
4825
5113
5114
5115
5133
5362
4826
5112
5113
5115
5137
5363
6554
4827
5111
5112
5364
5366
6550
6554
6555
4828
4876
5110
5111
5112
6175
4829
5109
5110
5111
5366
5410
6177
4830
5108
5109
5367
5409
5410
6179
4831
5107
5108
5368
5408
5409
6181
4832
5106
5107
5369
5407
5408
6183
4833
5105
5106
5370
5406
5407
6185
4834
5104
5105
5371
5405
5406
6187
4835
5103
5104
5372
5404
5405
6189
4836
5102
5103
5373
5403
5404
6191
4837
5101
5102
5374
5402
5403
6193
4838
5100
5101
5375
5401
5402
6195
4839
5099
5100
5376
5400
5401
6197
4840
5098
5099
5377
5399
5400
6199
4841
5097
5098
5378
5398
5399
6201
4842
5096
5097
5379
5397
5398
6203
4843
5095
5096
5380
5396
5397
6205
4844
5094
5095
5381
5395
5396
6207
4845
5093
5094
5382
5394
5395
6209
4846
5092
5093
5383
5393
5394
6211
4847
5091
5092
5384
5392
5393
6213
4848
5090
5091
5385
5391
5392
6215
4849
5087
5089
5090
5386
5390
5391
6217
4850
4853
4854
5004
5089
5090
4851
4852
4853
5010
5087
5088
5089
4852
5016
5017
5018
5019
5020
5084
5085
5086
5088
12914
12916
4853
5088
4854
5089
16275
4855
5090
16274
4856
5091
16273
4857
5092
16272
4858
5093
16257
4859
5094
16258
4860
5095
16259
4861
5096
16260
4862
5097
16261
4863
5098
16262
4864
5099
16263
4865
5100
16264
4866
5101
16265
4867
5102
16266
4868
5103
16267
4869
5104
16268
4870
5105
16269
4871
5106
16270
4872
5107
16271
4873
5108
4874
5109
4875
5110
4876
4877
5110
5112
4878
4879
4879
4880
4882
4883
5110
4881
4882
5110
6174
6175
4882
4883
4886
5110
6176
6177
4883
5110
6173
4884
4885
5110
4885
4886
4888
4889
5109
4887
4888
5109
6176
6177
4888
4889
4892
5109
6178
6179
4889
5109
7056
4890
4891
5109
4891
4892
4894
4895
5108
4893
4894
5108
6178
6179
4894
4895
4898
5108
6180
6181
4895
5108
7060
4896
4897
5108
4897
4898
4900
4901
5107
4899
4900
5107
6180
6181
4900
4901
4904
5107
6182
6183
4901
5107
7049
4902
4903
5107
4903
4904
4906
4907
5106
4905
4906
5106
6182
6183
4906
4907
4910
5106
6184
6185
4907
5106
7046
4908
4909
5106
4909
4910
4912
4913
5105
4911
4912
5105
6184
6185
4912
4913
4916
5105
6186
6187
4913
5105
7378
4914
4915
5105
4915
4916
4918
4919
5104
4917
4918
5104
6186
6187
4918
4919
4922
5104
6188
6189
4919
5104
7377
4920
4921
5104
4921
4922
4924
4925
5103
4923
4924
5103
6188
6189
4924
4925
4928
5103
6190
6191
4925
5103
7435
4926
4927
5103
4927
4928
4930
4931
5102
4929
4930
5102
6190
6191
4930
4931
4934
5102
6192
6193
4931
5102
7439
4932
4933
5102
4933
4934
4936
4937
5101
4935
4936
5101
6192
6193
4936
4937
4940
5101
6194
6195
4937
5101
7440
4938
4939
5101
4939
4940
4942
4943
5100
4941
4942
5100
6194
6195
4942
4943
4946
5100
6196
6197
4943
5100
7444
4944
4945
5100
4945
4946
4948
4949
5099
4947
4948
5099
6196
6197
4948
4949
4952
5099
6198
6199
4949
5099
7445
4950
4951
5099
4951
4952
4954
4955
5098
4953
4954
5098
6198
6199
4954
4955
4958
5098
6200
6201
4955
5098
8646
4956
4957
5098
4957
4958
4960
4961
5097
4959
4960
5097
6200
6201
4960
4961
4964
5097
6202
6203
4961
5097
8647
4962
4963
5097
4963
4964
4966
4967
5096
4965
4966
5096
6202
6203
4966
4967
4970
5096
6204
6205
4967
5096
8738
4968
4969
5096
4969
4970
4972
4973
5095
4971
4972
5095
6204
6205
4972
4973
4976
5095
6206
6207
4973
5095
8739
4974
4975
5095
4975
4976
4978
4979
5094
4977
4978
5094
6206
6207
4978
4979
4982
5094
6208
6209
4979
5094
8747
4980
4981
5094
4981
4982
4984
4985
5093
4983
4984
5093
6208
6209
4984
4985
4988
5093
6210
6211
4985
5093
8748
4986
4987
5093
4987
4988
4990
4991
5092
4989
4990
5092
6210
6211
4990
4991
4994
5092
6212
6213
4991
5092
7284
4992
4993
5092
4993
4994
4996
4997
5091
4995
4996
5091
6212
6213
4996
4997
5000
5091
6214
6215
4997
5091
10833
4998
4999
5091
4999
5000
5002
5003
5090
5001
5002
5090
6214
6215
5002
5003
5006
5090
6216
6217
5003
5090
10853
5004
5005
5090
5701
5005
5701
5006
5008
5009
5089
5701
5007
5008
5089
6216
6217
5008
5009
5012
5089
6218
6219
5009
5089
10838
5010
5011
5089
5700
5011
5700
5012
5014
5015
5088
5700
5013
5014
5088
6218
6219
5014
5015
5088
6220
12894
12896
5015
5088
10916
5016
5088
6221
12896
5017
5018
5019
6221
5018
6258
6259
6260
16290
5019
5026
12910
5020
5027
5028
12895
12896
5021
5036
12897
12898
5022
5027
5035
5036
5084
12898
5023
5025
5026
5027
5081
5082
5084
5024
5032
5080
5081
5082
6255
11602
5025
6255
6334
6335
11602
12911
12912
5026
5084
6261
12911
12912
16290
5027
5084
12910
16290
5028
5084
5029
5044
5081
6220
6221
12891
12892
12895
12896
12898
12899
12900
12909
12910
12918
12919
5030
5074
5081
6256
11579
11580
11581
11598
12809
12899
12900
12901
12918
5031
5032
5063
5074
11628
5032
5033
5042
5063
5064
11628
12899
5033
5080
5081
5082
11628
5034
5035
11628
12898
5035
5036
5042
5043
11638
12898
5036
5082
5083
12898
5037
5085
12897
12898
5038
5043
5044
5045
5085
5039
5043
5044
5045
11639
11641
5040
5043
5044
5050
5051
11637
11641
5041
5051
5057
5058
5059
5065
11637
5042
5043
5059
5060
5064
5065
11638
5043
11638
12899
5044
11638
5045
5065
11562
11576
11577
11641
12892
12898
12899
5046
5047
5086
11641
12893
12895
12897
5047
5086
11562
11563
12893
12894
5048
5086
11575
11576
5049
5050
11574
11575
11576
11640
11641
5050
5053
11574
11576
11644
15980
5051
5053
11576
11637
5052
11577
11637
5053
5054
5055
5056
5057
11577
11646
5054
11576
11646
5055
11570
11646
12100
12101
15980
5056
11561
11646
12102
5057
11578
11646
11650
11651
12158
5058
5065
11646
5059
5060
5065
11636
12157
12158
5060
5065
11631
5061
5062
5064
5065
11630
5062
5066
5067
5068
11630
12157
12159
5063
5072
11580
11630
5064
5072
5073
11580
11628
5065
11628
5066
11577
11578
11579
11580
12899
5067
5068
11578
11580
11612
11613
11618
11648
11695
12156
12157
12159
5068
5071
5072
11627
5069
5070
11634
12156
12159
5070
11617
11625
11634
12160
12161
5071
11623
11625
11634
5072
11582
11583
11622
11626
11627
5073
11580
11582
11627
5074
5075
11580
11629
5075
5078
5079
5080
11629
5076
5077
5078
11581
11582
11629
5077
11583
11584
11629
12175
5078
5079
6253
11585
11586
11629
5079
11598
11629
5080
6254
6255
6256
11629
5081
11629
5082
6256
12898
12899
12910
12911
12918
5083
5084
5085
11602
11628
11638
12913
12914
5085
11602
12913
12914
12916
16290
5086
11638
11639
12914
5087
5088
5388
5389
11639
11640
12893
12894
12895
12897
5088
5089
5387
5389
5390
6219
5089
5389
12896
5090
5390
5091
5391
5092
5392
5093
5393
5094
5394
5095
5395
5096
5396
5097
5397
5098
5398
5099
5399
5100
5400
5101
5401
5102
5402
5103
5403
5104
5404
5105
5405
5106
5406
5107
5407
5108
5408
5109
5409
5110
5410
5111
5112
5366
5410
6555
5113
6554
5114
5115
5116
5117
5118
5138
5139
5362
5363
6554
6571
5117
5132
5133
5134
5138
5139
5118
5131
5139
6572
6573
5119
5138
5139
6151
6152
6153
5120
6151
6152
6571
6572
6574
6575
5121
5122
5435
6151
6575
5122
5128
5435
6158
6159
6166
6576
5123
5128
5130
5435
6574
5124
5130
9221
5125
5127
5128
5129
9221
9516
5126
5127
5129
9223
9516
5127
5129
8489
8490
9516
9611
9612
5128
5129
6159
6160
9222
5129
5435
5130
6150
6165
6166
7501
7502
8849
9516
5131
5140
6149
6150
6151
6166
6574
7502
5132
5140
6149
6151
6572
6573
5133
5134
5136
5140
5141
5134
5135
5137
5138
5140
5141
6151
6167
6168
6549
6553
5138
6553
5139
6553
5140
5141
6149
6150
6151
6167
8851
5142
6168
5143
8851
8863
16203
16204
5144
5564
5565
5566
5145
5163
5167
5225
5226
5230
5553
5556
5565
7542
7544
7545
7546
16337
5146
5167
5168
5191
5217
5226
5227
5228
5229
5230
5232
5234
7544
5147
5160
5161
5162
5167
5168
5169
5229
5230
5231
5554
5556
5148
5153
5154
5155
5156
5157
5159
5160
5161
5162
5554
5149
5155
5156
5162
5163
5165
5553
5554
5555
5556
16325
5150
5156
5158
5351
5555
16323
16324
16325
16327
5151
5158
5351
16321
16323
16324
16326
16327
5152
5158
5348
5350
5153
5157
5158
16324
5154
5155
5156
5157
5158
16324
16325
5155
5157
5161
5156
5162
5165
16325
5157
5158
5159
5351
5554
5555
16324
16325
5158
5159
5160
5350
5159
5350
5351
16324
5160
5231
5350
5351
5551
5552
5554
5555
5161
5169
5229
5231
5551
5554
16336
5162
5168
5169
5163
5164
5165
5167
5554
5556
5164
5165
5166
5167
5556
16337
16340
5165
5166
16340
5167
5217
5219
16337
16339
16340
5168
5217
5226
5230
5556
16337
5169
5191
5216
5217
5227
5229
5170
5171
5172
5191
5229
5171
5172
5194
5172
5264
16336
5173
5174
5263
5174
5229
5263
5175
5191
5192
5263
5176
5191
5192
5237
5338
16335
5177
5190
5338
7514
7515
16335
5178
5187
5188
5189
5237
5338
16335
5179
5183
5188
5189
5238
5239
5337
5180
5239
5240
5242
5256
5337
7530
5181
5182
5183
5256
7530
7531
7565
5182
5184
5282
7532
7533
7534
7565
5183
5184
7537
7565
5184
5187
5188
5189
7565
5185
5280
7535
7536
7565
5186
5187
5279
7513
7516
7535
7536
5187
7510
7513
7514
7516
5188
5189
7514
7516
5189
7528
5190
5228
5233
5235
5256
7510
7535
7537
7538
5191
5228
5229
5232
5558
7510
7511
7514
7515
5192
5216
5227
5228
5229
5235
5193
5194
5212
5260
5261
5262
5263
5338
5339
5195
5262
5263
5264
5340
5196
5262
5264
5197
5198
5211
5212
5262
5199
5200
5202
5201
5202
5203
5204
5205
5204
5206
5209
5207
5208
5209
5934
5208
5933
5934
5209
5334
5934
6762
5210
5211
5213
5333
5334
5336
5212
5213
5261
5213
5261
5262
5214
5260
5261
5333
5336
5215
5216
5218
5220
5221
5227
5235
5570
7539
5217
5218
5227
5218
5219
5220
5226
5227
16337
5219
5220
5221
5227
5220
5224
5225
5226
16337
16338
5221
5224
5225
5226
5227
5234
5569
7539
7540
5222
5224
5569
5570
5571
7539
5223
5572
5224
5905
16301
16338
5225
5569
7540
16240
16242
16338
5226
5567
7540
7546
16242
16337
16338
5227
5234
7540
7544
7546
16337
5228
5234
5235
7539
5229
5232
5233
5234
5235
7510
7538
7544
16335
5230
5231
5232
5558
5231
5232
5553
5554
5556
5557
7544
7545
5232
5551
5552
5553
5554
5557
5558
5561
5233
5557
5558
5562
7510
7543
7544
7545
5234
7509
7510
7537
7538
7541
7542
7543
7544
7547
7583
5235
5568
7538
7539
7540
7541
7544
7546
5236
5237
5238
5257
7538
7539
5237
5238
5260
5238
5338
16335
5239
5240
5337
5240
5337
7538
5241
5257
5258
5337
5242
5257
5258
7567
7568
16239
5243
5256
7530
7531
7567
16239
5244
5253
5254
5255
7567
7568
16239
5245
5249
5254
5255
7569
7570
8185
5246
6750
6752
7570
8185
8323
8324
5247
5248
5249
8323
8324
8325
8347
5248
5250
5288
8326
8327
8328
8347
5249
5250
8329
8347
5250
5253
5254
5255
8347
5251
5286
8181
8182
8347
5252
5253
5285
7532
7566
8181
8182
5253
7531
7532
7566
8175
5254
5255
7531
7566
5255
8184
5256
7571
7572
7582
7584
8175
8181
8323
8329
5257
7530
7531
7534
7537
7538
7582
7583
8175
5258
5568
5570
7538
7539
7572
7581
7582
5259
5260
5331
5333
5335
5336
5337
7529
7567
5261
5336
5337
5338
7528
5262
5336
5338
5263
5264
5338
5339
5340
7518
5265
5340
5342
16336
5266
5340
5342
5343
5267
5268
5342
5269
5271
5342
5550
5270
5271
5550
5271
5344
5345
5346
5550
5272
5273
5550
7520
5273
7520
7552
5274
5559
5560
7520
5275
5276
5559
5560
7519
5276
7519
7551
5277
7511
7512
7519
5278
5279
7511
7512
7513
7526
5279
7526
7550
5280
7526
7535
7536
5281
5282
7535
7536
7563
5282
7549
7563
5283
7533
7534
7563
5284
5285
7532
7533
7534
8349
5285
8176
8349
5286
8181
8182
8349
5287
5288
8181
8182
8348
5288
8348
8354
5289
8327
8328
8348
5290
5291
8326
8327
8328
9472
5291
9472
9481
5292
6738
8339
8340
9472
5293
5294
6737
8339
8340
10009
5294
9484
10009
5295
6734
8337
8338
10009
5296
5297
8336
8337
8338
10010
5297
10010
10026
5298
6719
10010
10012
10013
5299
5300
6718
10012
10013
10033
5300
10025
10033
5301
6700
6701
6715
10033
5302
5303
6700
6701
6702
10077
5303
10077
10112
5304
6699
10077
5305
6699
10071
5306
5308
10062
10070
10071
5307
10071
5308
10081
10084
5309
10063
10065
10067
10069
5310
10065
10067
10081
5311
6698
10065
10066
10067
10085
5312
5313
10064
10066
10067
10107
5313
10086
10107
5314
5315
10087
10107
16056
5315
10087
5316
10053
10054
10064
10087
5317
10053
10054
10056
10088
5318
10044
10056
10088
5319
10044
10057
10089
5320
10057
10058
10089
5321
5322
5323
10090
5322
9079
10090
10094
5323
10090
5324
10090
5325
5326
6708
9060
9061
10037
10072
10073
10074
5327
6711
9047
9056
9057
9060
10036
10037
5328
6726
8203
9048
9054
9055
9056
10036
5329
6745
6757
6758
8202
9049
9054
9055
5330
6756
6757
6758
6759
8187
8344
9050
5331
6749
6760
8185
8186
8187
8343
8344
5332
5335
7567
7573
8184
8185
8186
5333
5334
5335
6760
6761
7575
8186
5334
5335
5336
5335
6761
5336
7567
8186
5337
5338
7528
7529
7565
7567
5339
7516
7528
16335
5340
7515
7516
7517
7518
7528
5341
5342
7518
5342
5560
7517
7518
7519
7520
5343
7518
7520
5344
5345
5346
7520
5346
5348
5349
5347
5348
5350
5352
5353
5481
5548
5549
5550
7552
7553
5349
5350
5481
5550
5351
5550
5551
5352
5552
5555
16327
5353
7553
8380
8381
8382
16326
16327
5354
5481
5544
5545
5548
7553
8382
16326
5355
5356
5357
5482
5486
5507
5545
16326
5356
5486
5514
5357
5486
5516
5546
5547
5358
5359
5516
5519
5520
5531
5532
5533
5543
5360
5361
5437
5530
5531
5532
5533
5534
5539
5540
5361
5362
5436
5437
6571
16333
16334
5362
5534
5538
5539
5363
6571
6573
5364
6152
6554
6570
6571
5365
6554
6555
6566
6569
6570
5366
5411
6555
6569
6577
6579
7090
5367
5410
5411
6555
7071
5368
5409
5410
5411
7088
7089
7090
5369
5408
5409
7089
7091
7192
16277
5370
5407
5408
7092
7192
7194
7215
5371
5406
5407
7093
7215
7425
7426
5372
5405
5406
7094
7426
7427
16255
5373
5404
5405
7095
7427
7429
8577
5374
5403
5404
7096
8575
8576
8577
5375
5402
5403
7097
8576
8589
16216
5376
5401
5402
7098
8589
8591
8677
5377
5400
5401
7099
8637
8677
8678
5378
5399
5400
7100
8678
8679
8681
5379
5398
5399
7101
8679
8683
8704
5380
5397
5398
7102
8704
8707
8728
5381
5396
5397
7103
8728
9272
9274
5382
5395
5396
7104
9272
11783
11784
5383
5394
5395
7105
11784
11785
11799
5384
5393
5394
7106
11785
11787
11798
5385
5392
5393
7107
9842
11797
11798
5386
5391
5392
7108
7147
9841
9842
5387
5390
5391
7109
9841
11811
16179
5388
5389
5390
7110
7112
11811
11813
5389
7111
7112
11563
11564
11565
11566
11575
11640
11642
11643
15978
5390
7112
5391
11811
5392
9841
5393
9842
5394
11798
5395
11785
5396
11784
5397
9272
5398
8728
5399
8704
5400
8679
5401
8678
5402
8677
5403
8589
5404
8576
5405
8577
5406
7427
5407
7426
5408
7215
5409
7192
5410
7089
5411
5412
5413
5414
6555
6577
7086
7087
7089
7090
5413
6548
7070
7071
7086
7087
5414
6558
6578
6579
6580
7087
5415
6581
6582
6583
7086
7087
5416
6577
6578
6581
6582
7187
16244
5417
5418
6581
7185
7187
5418
5424
6588
6589
6596
7185
7188
5419
5424
6561
7185
16243
16244
5420
5431
5432
6561
16243
5421
5423
5424
5425
5431
5432
16188
5422
5423
5425
9227
16188
5423
5425
8504
8505
9606
9607
16188
5424
5425
6589
6590
9228
5425
7185
5426
6595
6596
7077
7498
7499
8846
16188
16243
5427
5428
5429
5430
5431
6165
6564
7073
7499
7500
8847
9610
16243
5428
5431
5433
6561
6562
5429
5431
6163
6563
9225
9610
5430
5431
9226
9610
5431
8499
8500
9608
9610
16188
5432
5433
7185
9225
9226
9227
9228
9608
5434
6560
6561
6562
6569
6577
7185
9225
5435
6156
6157
6158
6164
6569
6570
9222
9225
5436
6570
6571
9221
9222
5437
6571
8476
9221
5438
5439
5440
5530
5540
8386
8389
8475
8476
16127
5439
5440
8386
16334
5440
16333
5441
8386
8389
5442
5443
5530
8385
5443
5530
8388
8389
5444
5445
5530
5541
8383
8385
5445
5522
5523
5527
5528
5541
8383
5446
8383
16126
5447
5448
5528
16126
5448
8474
5449
5450
5524
5525
5528
5450
5525
9186
5451
5452
5524
5525
5452
5526
5453
5454
5461
5462
8400
9186
5454
5455
5459
5460
10183
5456
5457
5460
8400
8401
10183
5457
10183
5458
5459
5460
10183
5459
7523
10183
5460
10183
5461
10183
5462
8377
8387
8391
8392
8400
9186
5463
5523
5524
5544
5548
8383
16320
5464
5465
5481
5544
5545
5548
5465
5519
5466
5467
5467
5468
5519
5520
5526
5469
16330
5470
5519
16331
5471
5517
5518
16332
5472
5517
5518
5473
5517
5474
5513
5475
5476
5477
5478
5479
5479
10185
16329
5480
10185
5481
5482
5545
5548
5549
5483
5484
5485
5545
5547
5485
5513
5547
5486
5487
5488
5515
5547
5487
5508
5509
5515
5488
5509
5515
5489
5509
5515
5490
5492
5512
5491
5492
5512
5492
5512
5493
5512
5494
5495
5496
5511
5512
5515
16322
5496
5512
16328
5497
5499
5500
5501
5511
5498
5501
5499
5501
5500
5501
5502
5538
5501
5502
5503
5511
5536
5538
5502
5504
16321
5505
5510
5511
16321
16322
5506
5507
5508
5510
5511
5507
5536
5508
16321
16326
5509
5515
5510
5515
5511
5512
5514
5515
5536
5538
5513
5515
5514
5515
5516
5517
5515
5516
5533
5534
5535
5536
5516
5517
5519
5533
5546
5547
5518
5519
5520
5521
5526
5527
5531
16320
5522
5542
5543
5544
16320
5523
5527
5542
5544
5524
5527
5528
16320
5525
5526
5527
8471
8472
8474
16126
5527
8472
5528
5529
5530
5531
16126
5530
5531
5540
16126
16127
5531
5540
8385
8475
16126
16127
5532
5540
5541
5542
5533
5539
5540
5534
5535
5539
5535
5536
5537
5538
5539
5536
5537
5539
5537
5538
5542
8383
5543
5544
5544
5545
5548
8382
8383
8384
5546
5548
5547
5549
7553
8377
8382
5550
7552
7553
7555
8377
5551
5559
7552
5552
5558
5559
5561
7552
5553
5554
5555
5557
5561
8380
8396
5554
5555
5556
5557
5563
7545
8396
5555
5556
5558
5561
5562
5563
7543
7545
8395
8396
5559
5561
5562
7510
7511
7551
5560
5561
7511
7551
7552
7555
5562
7551
7552
7554
8380
8395
8396
5563
7509
7510
7511
7543
7550
7551
7558
8395
8397
5564
5565
6147
7542
7543
7545
8373
8379
8395
8396
8397
8398
8399
5565
6147
6148
6149
7506
8851
5566
5567
5893
6147
7506
7507
7542
7545
7546
8398
16221
5567
5893
5894
5895
7506
8168
8863
5568
5893
5894
7540
7541
7542
7546
7579
7580
8173
16220
16221
16222
16242
5569
7538
7539
7540
7541
7580
7581
7582
7583
7585
16220
5570
5571
7539
7540
7576
7580
7581
16240
16242
5571
7539
7574
7581
5572
5899
5908
7574
7576
7577
7581
16240
5573
5899
5900
5901
5905
5907
5908
5574
5575
5900
5901
5902
16299
5575
5586
5901
5902
5576
5585
5586
5900
5902
5903
16299
16300
5577
5582
5583
5585
5586
5941
5578
5583
5586
5587
5588
5591
5941
5579
5588
5590
5580
5581
5583
5584
16310
16313
5581
5584
16309
16310
16311
16313
16319
5582
5584
16309
16319
5583
5584
16306
16308
5584
5585
5941
6001
16292
5586
5903
5941
6000
16292
16300
5587
5902
5940
5941
5588
5591
5940
5941
5943
5589
5590
5591
5592
5591
5592
5594
5595
5592
5594
5940
5941
5942
5943
5945
6001
5593
5594
5595
5943
5945
5946
5595
5942
5945
6001
6002
6003
6004
5596
5945
5946
5948
6003
5597
5948
5949
6003
6005
6006
5598
5948
5949
5969
6006
5599
5613
5600
5613
5601
5602
5604
5613
5614
5603
5613
5614
8045
8048
8052
16305
5604
5612
5613
5618
6010
8044
8045
8046
5605
5612
5613
5606
5607
5611
5612
5607
5608
5609
5611
5610
5611
8035
8036
5612
5619
8036
5613
5618
5619
5614
5615
5616
5616
5617
5619
5620
6008
6009
8042
8043
8044
8046
5620
8036
8037
8042
5621
5624
8037
8040
8041
8042
8043
8044
5622
5623
5624
5625
5626
5623
5625
6015
6016
6017
6018
8030
8031
8040
8041
8053
5626
7610
8027
8029
8030
5627
7610
7611
5628
5782
7611
7612
5629
6956
7611
7612
7613
7614
5630
7613
7614
7616
7744
16238
5631
7616
7742
7743
7744
16237
5632
7742
7743
7745
7746
16236
5633
7745
7746
7840
7841
16235
5634
7840
7841
7842
7843
16234
5635
7842
7843
10607
10608
16233
5636
10604
10606
10607
10608
10609
5637
10603
10604
10609
10610
16022
5638
10602
10603
10610
10611
16021
5639
10601
10602
10611
10612
16020
5640
10600
10601
10612
10613
16019
5641
10592
10599
10600
10613
10614
5642
10588
10599
10614
10615
10616
5643
10584
10615
10616
16005
16006
5644
10580
16005
16006
16007
16008
5645
10571
16007
16008
16009
16010
5646
10497
16009
16010
16011
16012
5647
7921
16011
16012
16013
16014
5648
10484
16013
16014
16015
16016
5649
10480
16015
16016
16017
5650
8937
16017
16018
5651
5652
7915
16018
16304
5652
11447
11448
14198
14199
15489
15824
16304
5653
7821
11459
11845
15488
15489
16018
16304
5654
7914
7915
7916
11459
11845
5655
7821
7912
7914
7916
5656
7821
7912
11844
11845
11846
12652
5657
7820
11844
11846
12651
5658
5677
7820
11847
11852
11855
12651
5659
5660
5677
11852
11855
12654
5660
5666
5674
5675
5676
12654
14556
5661
5665
12654
15557
5662
5664
5665
11852
11853
15487
15557
5663
11470
11471
11851
11853
14502
15487
5664
11471
14502
14544
15510
5665
5668
14544
15510
15557
5666
5667
15511
15557
5667
5674
14556
15511
5668
5669
5670
5672
15511
15556
5669
14544
15510
15556
5670
5671
14545
15484
15555
15556
5671
5672
15514
15556
5672
14549
15482
15483
15555
15556
5673
5674
15518
15556
5674
5683
5684
15480
15482
15518
5675
14556
15517
15518
5676
5679
5681
12655
14556
15517
5677
5678
7819
14556
5678
7817
7818
7819
11855
5679
7694
7698
7813
7818
7819
5680
5681
7694
7698
12655
5681
5688
5689
7692
7693
12655
5682
12655
15604
5683
5687
5688
15516
15517
15604
5684
5685
5687
15480
15516
15517
5685
15480
15482
15515
5686
14553
15480
15481
15482
15552
5687
14553
15552
15602
15603
5688
15516
15602
15603
5689
15516
5690
7692
7693
7697
7698
14557
14773
14774
14889
15525
15531
15533
15603
15604
15865
5691
11428
14554
14773
14774
14775
15525
15526
15527
15603
5692
11429
14771
14772
14773
14774
14775
14776
14891
14892
15865
5693
11430
14750
14751
14752
14753
14754
14771
14772
14776
14777
14891
5694
7697
7698
12028
12029
14483
14557
14558
14752
14753
14772
14844
14851
14889
14890
14891
15865
5695
6929
6930
7697
7698
7699
7811
11435
11873
12028
12029
13485
5696
6930
7699
11435
11869
11872
11873
11874
12029
12030
5697
11435
11436
11841
11869
11874
12016
12017
12018
12019
12026
12030
5698
11437
11834
11835
11836
11838
12015
12016
12017
12018
12019
12022
15981
5699
10839
10840
11438
11440
11441
11831
11832
11834
11835
11836
12022
5700
5702
10837
10838
10839
10840
10916
10917
10918
11439
11440
11831
5701
5702
6218
6221
10838
10916
10917
5702
6216
10838
10853
5703
10838
10840
10917
10918
5704
10918
5705
5709
7465
10827
10842
16303
5706
5707
10828
16303
5707
5708
5709
10828
5709
5710
7463
7464
7465
10824
10827
10830
5711
7286
7351
7460
7462
7464
10820
10821
10824
16302
5712
7349
10822
16302
5713
7349
7460
5714
7350
7460
7461
16257
5715
5716
7288
7289
7350
16257
5716
7288
5717
7288
7289
7291
16258
5718
5719
7291
7293
7353
16258
5719
7353
5720
7293
7295
7353
16259
5721
5722
7295
7297
7354
16259
5722
7354
5723
7297
7299
7354
16260
5724
5725
7299
7301
7355
16260
5725
7355
5726
7301
7303
7355
16261
5727
5728
7303
7305
7356
16261
5728
7356
5729
7305
7307
7356
16262
5730
5731
7307
7309
7357
16262
5731
7357
5732
7309
7311
7357
16263
5733
5734
7311
7313
7358
16263
5734
7358
5735
7313
7315
7358
16264
5736
5737
7315
7317
7359
16264
5737
7359
5738
7317
7319
7359
16265
5739
5740
7251
7252
7319
16265
5740
7251
5741
7251
7252
7254
16266
5742
5743
7254
7256
7257
16266
5743
7257
5744
7009
7256
7257
16267
5745
5746
7000
7001
7009
16267
5746
7000
5747
6998
7000
7001
16268
5748
5749
6993
6994
6998
16268
5749
6993
5750
6988
6993
6994
16269
5751
5752
6979
6980
6988
16269
5752
6979
5753
6977
6979
6980
16270
5754
5755
6622
6623
6977
16270
5755
6622
5756
6622
6623
6625
16271
5757
5758
5759
6625
16271
5758
5759
5762
5763
6618
6619
6620
6622
16282
5760
6626
5761
5762
6626
6627
5762
5763
5765
6618
6620
6628
6629
6968
16282
5764
5765
5768
6618
5766
5768
5769
6617
6618
6620
6629
6632
6968
6969
5767
5768
5769
5770
5771
5772
6632
5768
5770
5772
6173
5769
6617
6618
7056
5770
6617
6632
6634
6969
7057
7061
5771
5776
6172
8868
5772
5775
6632
5773
5774
5776
6633
6636
6637
5777
6634
6636
8867
8868
9322
9323
5778
7063
8866
8867
8868
9321
9322
9323
5779
6638
7723
8866
8867
9321
9322
5780
6637
6638
5781
6638
6639
6640
6641
6955
6957
7723
5782
5783
6640
6641
6642
6955
5783
5784
5785
7611
5785
6641
7611
5786
5787
6955
6956
7611
5787
6955
7609
5788
5789
6955
6956
7614
5789
7614
7726
7727
5790
6954
7614
7617
16238
5791
6954
7615
7617
7727
5792
5793
7615
7618
7727
7728
7998
5793
7729
7730
7998
8023
5794
7618
7620
7741
7998
8020
5795
7620
7622
7741
7999
8000
8020
5796
7999
8000
8021
8022
5797
7734
8001
8002
8018
8021
8022
5798
7734
8002
8018
8132
5799
5800
7734
7737
7738
8002
8018
5800
5801
7737
7738
7993
5801
7738
8003
8004
8005
8017
5802
7717
7737
7738
8013
10414
5803
7717
8013
8999
10414
5804
6852
6853
7717
8013
10414
16227
5805
6852
6853
9361
16227
5806
6841
6852
6853
8152
10420
16227
5807
6841
8152
10417
10420
5808
5809
6841
8152
10420
10654
10655
5809
5810
9387
10654
10655
5810
6856
6857
6858
8151
10654
5811
5881
6846
10653
10654
10655
5812
5881
6846
10653
12607
5813
5814
5881
6846
10653
12606
5814
10743
12606
5815
5880
6861
6862
12606
5816
5817
5880
6862
6863
12605
5817
10744
12605
5818
5879
6864
6865
12605
5819
5820
5879
6865
6866
12604
5820
10747
12604
5821
5878
6867
6868
12604
5822
5823
5878
6868
6869
12693
5823
10748
12693
5824
5877
6870
6871
12693
5825
5826
5877
6871
6872
12708
5826
10751
12708
5827
5876
6873
6874
12708
5828
5829
5876
6874
6875
12707
5829
12707
13497
5830
5875
6876
6877
12707
5831
5832
5875
6877
6878
15264
5832
13496
15264
5833
5874
6879
6880
15264
5834
5835
5874
6880
6881
15263
5835
13495
15263
5836
5873
6882
6883
15263
5837
5838
5873
6883
6884
15262
5838
13494
15262
5839
5872
6885
6886
15262
5840
5841
5872
6886
6887
15261
5841
13493
15261
5842
5871
6888
6889
15261
5843
5844
5871
6889
6890
15279
5844
13491
15279
5845
5870
6891
6892
15279
5846
5847
5870
6892
6893
15278
5847
13490
15278
5848
5869
6894
6895
15278
5849
5850
5869
6895
6896
15277
5850
13489
15277
5851
5868
6897
6898
15277
5852
5853
5868
6898
6899
15289
5853
13488
15289
5854
5867
6900
6901
15289
5855
5856
5867
6901
6902
15296
5856
13487
15296
5857
5866
6903
6904
15296
5858
5859
5866
6904
6905
15299
5859
13486
15299
5860
5865
6906
6907
15299
5861
5862
5865
6907
6908
15249
5862
15249
5863
5864
6909
6910
15249
15611
5864
15248
5865
6909
6910
6924
6928
6929
7697
14871
14998
14999
15000
15001
15541
5866
6906
6907
6908
6929
13483
13485
13486
13509
5867
6903
6904
6905
12772
13483
13484
13486
13487
13508
5868
6900
6901
6902
11877
12771
12772
12773
13487
13488
13507
5869
6897
6898
6899
11878
12773
12774
13488
13489
13506
5870
6894
6895
6896
11879
12774
12775
13489
13490
13505
5871
6891
6892
6893
11880
11912
12775
13490
13491
13504
5872
6888
6889
6890
11881
11912
11913
11914
13491
13493
13503
5873
6885
6886
6887
10803
11914
11915
13493
13494
13502
5874
6882
6883
6884
10802
11915
11916
13494
13495
13501
5875
6879
6880
6881
10797
10801
11916
13495
13496
13500
5876
6876
6877
6878
10767
10797
10798
10800
13496
13497
13499
5877
6873
6874
6875
10751
10752
10798
10799
13497
13498
5878
6870
6871
6872
10748
10750
10751
10752
10753
10755
5879
6867
6868
6869
9383
10747
10748
10749
10753
10754
5880
6864
6865
6866
8149
9383
9384
9385
10744
10746
10747
5881
6861
6862
6863
8150
9385
9386
10743
10744
10745
5882
6846
8151
9386
9387
10653
10740
10742
10743
5883
6842
6843
6844
6849
8152
9355
9387
10655
10739
10740
10741
5884
6664
6668
6851
8153
9354
9355
9356
10738
10739
5885
6660
6661
6662
6669
6830
8154
9338
9356
10412
10737
10738
5886
6670
6825
6832
8155
9338
9339
10736
10737
5887
6671
6821
6822
6823
8156
9316
9339
10401
10404
10734
10736
5888
6033
6034
6035
6061
6672
8157
9315
9316
9317
10399
10734
10735
5889
6062
6072
6073
6074
6075
6673
8158
8874
9153
9317
10735
5890
6079
6080
6081
6091
6092
6674
8159
8161
8874
9152
9153
5891
6104
6105
6106
6109
6125
8160
8161
8162
9067
9151
9152
10049
16074
16094
16171
16172
5892
6144
7599
8161
8162
8166
8167
8358
8359
9151
9152
10016
10020
10021
16145
16171
5893
6145
7596
8166
8167
8168
8169
8356
8357
8358
8359
8364
8366
10019
10020
16192
5894
6146
7506
7507
8168
8169
8173
8356
8357
8366
10284
16221
16222
5895
5896
5897
7579
7596
8168
8169
16217
16222
16241
16242
5896
7597
8168
8862
8863
8864
8865
8869
5897
7595
7596
7597
8168
8865
5898
5904
5906
6780
6781
7578
7579
7596
8304
8305
8308
16217
16241
16286
5899
5906
5907
5910
5938
6781
6782
6783
6784
7577
7578
7588
8305
5900
5905
5906
5907
5908
7576
7577
7578
16240
16241
5901
5902
5903
5904
5905
5906
5907
5938
16299
5902
5907
5908
5937
5903
5907
5937
5938
5939
5904
5906
5938
16285
16286
16299
16300
5905
5906
16241
16286
16299
16300
16301
5906
16240
16241
16299
16301
5907
5938
6781
7578
16241
16286
5908
5910
5937
5938
6782
7577
5909
5910
7574
7577
5911
5912
5937
6774
6782
6783
7577
7587
5912
5913
6763
5914
5936
5937
6763
5915
5936
5937
6764
6765
6766
5916
6764
6766
6776
5917
5918
6764
6765
6766
5918
5919
5920
6764
6767
6768
8190
8192
5921
5931
8193
8195
5922
5930
5931
5944
8195
5923
5930
5931
5932
5924
5930
5932
5925
5929
5926
5928
5927
5929
8197
5930
8196
5931
8195
5932
6764
5933
5934
5935
6762
6764
5935
6762
5936
6762
6763
6764
6767
5937
5938
5939
6776
6782
5939
6777
6781
6782
16285
16286
5940
6766
6776
6777
6778
6782
16285
5941
5942
5943
5997
6000
5942
6000
6001
16292
5943
5945
5991
5997
5998
5999
6000
6001
6002
5944
5945
5990
5997
5946
5989
5990
5991
5997
6002
5947
5948
5983
5989
5990
5949
5983
5984
5985
5989
5950
5984
5985
5986
6006
6007
5951
5985
5986
6007
6011
6793
6794
5952
5953
5985
6793
5953
5956
5954
5955
5955
5956
5974
8246
8247
8249
16219
5957
5972
5973
5974
8247
16219
5958
5973
5959
5965
5966
5967
5972
5973
5960
5963
5964
5965
5967
16296
5961
5963
16298
5962
5963
5964
5965
16297
5965
5966
5967
5968
5969
5970
5972
5973
16294
5969
5971
16294
16296
5972
5973
5974
16293
5974
5975
5978
8247
5976
5978
16293
5977
8247
5978
8247
8248
5979
5980
5981
8194
8240
5982
8194
5983
5984
5985
5988
5989
5993
5985
5986
5987
5988
5989
5992
8313
8315
5986
5988
6793
5987
6007
6011
6794
8315
5988
5992
6791
6795
8312
8313
8315
8316
8318
5989
5992
5993
6790
6791
6792
5990
5991
5992
5993
5996
8313
5991
5993
5996
5997
5992
5996
5997
5998
6002
8311
8313
8314
5993
5996
6789
6790
6791
8311
8312
8313
8316
5994
5995
5996
6790
5996
6788
6789
6790
8208
8210
5997
6788
6789
6790
8311
5998
6778
5999
6000
6002
6779
8311
8314
16287
6000
6001
6002
6004
8314
16287
16292
6001
16285
16287
16292
6002
6004
16292
6003
6004
8313
8314
6004
6005
6006
6007
16291
6008
6011
6009
6010
6012
6018
6794
6013
6018
8040
6014
6017
8040
6015
8040
8225
6016
6017
8225
6017
6019
6805
6806
6018
6020
6805
6806
8031
16229
6021
6805
6806
8104
9109
9110
6022
6023
6805
6806
8087
8102
8103
6023
6024
6800
8102
8103
6024
6804
6807
6808
6809
8103
6025
6097
7602
8102
8103
8113
6026
6097
7602
8106
8113
6027
6095
6097
7602
8110
8111
8113
6028
6095
8110
8111
8875
6029
6076
6095
8110
8111
8158
16223
6030
6076
8158
9007
16223
6031
6032
6074
6076
8158
10386
16223
6032
6033
6074
9317
10386
6033
6816
6817
6818
8157
10386
6034
6061
6074
10386
10399
6035
6061
10397
10399
6036
6059
6061
10399
10400
10401
6037
6059
10400
10401
10734
6038
6052
6059
6671
10400
10401
10406
6039
6052
6671
10406
10407
6040
6041
6051
6052
6671
10406
12685
6041
6049
6050
10732
12685
6042
6043
6670
6826
6827
12685
6043
6048
6049
6670
10662
6044
6045
6670
6827
6828
12684
6045
6047
6048
10731
12684
6046
6669
12684
6047
6669
10661
10718
6048
10661
10718
10719
10721
10731
6049
10662
10721
10726
10731
6050
10662
10726
10732
12517
6051
10663
10732
12505
12506
12517
6052
6671
10663
12506
6053
6054
6671
12686
6054
6056
6057
6058
6059
6672
12686
6055
10733
12506
12686
6056
10664
10665
10671
10733
12506
12507
6057
6672
10664
10671
6058
6060
6066
6067
6672
10388
6059
6060
6672
10396
6060
6672
10400
6061
6063
6064
6672
10387
6062
6063
10387
6063
6064
6072
6073
6074
10387
6064
10387
10735
6065
6066
6071
6673
10387
6066
6070
6071
6673
10395
6067
6069
6070
6673
10388
6068
10388
10671
10672
6069
10389
10670
10671
10672
12524
12525
6070
6673
10389
12524
6071
6085
6086
6673
10391
6072
6082
6083
6673
10384
6073
6075
6081
6082
10384
6074
6075
10385
6075
10386
6076
6078
6079
10383
6077
6078
8158
10383
6078
6079
6093
6094
6095
8159
10383
6079
8874
10383
6080
6081
6092
10383
6081
6091
6092
10382
6082
6083
6091
10384
6083
9153
10384
6084
6085
6090
6674
10384
6085
6089
6090
6674
10394
6086
6088
6089
6674
10391
6087
10391
10673
12524
6088
10374
10375
10390
10673
12523
12524
6089
6674
10375
10390
6090
6674
6675
6677
10392
6091
6107
6674
6675
10380
6092
6106
6107
10380
6093
6103
6104
9009
6094
6096
6102
6103
8159
9009
6095
6096
8159
9008
6096
8110
8159
6097
6099
6100
8109
8159
6098
6099
7602
8109
6099
6100
7601
8096
8101
8102
8109
6100
7600
8109
6101
6102
8096
8109
8160
6102
8108
8160
9086
9087
9088
6103
6104
8160
9009
9010
6104
8161
9009
6105
6106
9009
9010
6106
9011
10381
16072
16073
6107
6109
6126
10380
6108
9152
10380
6109
6675
6676
9152
10125
10126
10379
6110
10126
10379
16093
6111
6112
6125
6126
6127
10379
16093
6112
6125
10118
10119
16025
6113
6114
6125
6127
6128
16024
6114
9143
10051
10117
10118
16024
6115
6123
9143
16024
16206
6116
6117
6122
6123
6128
6129
16206
6117
6118
6123
9141
16051
16077
16206
6118
6122
6123
16057
6119
6122
6123
9138
16050
16077
6120
9123
9133
9134
9135
9138
16050
6121
6122
9132
9133
9134
16075
6122
6125
6127
6128
16070
16073
16075
6123
16075
6124
6125
9134
9147
10051
16077
16206
6125
9134
9137
9138
9139
9147
9149
10045
10046
10050
10051
10052
10053
6126
6127
6128
9134
10049
10050
10051
16070
16073
16074
16094
6127
10380
16073
6128
10393
16073
6129
6130
10393
16024
16051
16057
16075
16076
6131
9142
16024
16026
16040
16051
16076
16206
6132
9145
16026
16028
16029
16039
16040
6133
6134
6140
9423
6134
6139
6140
6683
9423
9424
16028
6135
6139
6140
10116
16026
16027
6136
10116
10122
16026
16149
6137
6138
6139
10122
16092
16149
6138
6142
6679
6680
10123
10124
16092
6139
6681
6683
6684
16092
6140
16092
6141
6684
6685
6697
9148
9423
9424
10108
10109
16149
6142
6684
6685
6686
9434
9435
9447
10109
10111
16146
16147
16149
16173
6143
6144
6679
6680
6684
9408
9409
9410
9447
10123
10124
10128
10129
16146
16148
16149
6144
6674
6676
6677
6678
9152
9154
9405
9407
9438
10375
10376
10673
6145
8358
8359
9151
9152
9154
9437
9438
9440
10125
10128
10129
16142
16145
16148
6146
8356
8357
8358
8359
8871
9160
9171
9172
9437
9438
9488
16141
16142
16191
16192
6147
7505
7506
7507
8356
8357
8369
8372
8854
9161
9171
9172
10282
10284
10291
16191
6148
7504
7505
7506
7507
8372
8373
8398
8399
10281
10282
6149
7502
7503
7505
7506
8850
8851
8852
8853
8854
6150
7502
8851
6151
6166
6167
7074
7501
7502
8850
8851
16205
6152
6153
6166
6167
6565
6575
6153
6575
6154
6552
6553
6554
6575
6155
6551
6552
6554
6557
6565
6566
6156
6565
6566
6567
6570
6575
6576
6157
6158
6565
6567
6158
6164
6562
6563
6564
6568
6159
6164
6166
6576
6160
6166
9222
6161
6163
6164
6165
9222
9612
6162
6163
6165
9224
9612
6163
6165
8494
8495
9609
9610
9612
6164
6165
6563
9225
6165
6166
6564
7074
7500
7501
8848
9612
6167
6564
6565
6576
7074
7501
6168
6549
6552
6565
7068
7074
16205
6169
6174
6549
7067
16203
6170
6173
6174
6171
6172
8868
16203
16204
6172
7063
7064
7066
8868
16202
16203
16204
6173
7055
7057
7064
7066
8868
6174
6176
7055
7056
7067
6175
6176
6549
7067
6177
6178
6548
7054
7055
7056
7067
6179
6180
6547
6616
7053
7054
7056
7060
6181
6182
6546
7048
7049
7052
7053
7060
6183
6184
6545
7046
7047
7049
7052
7219
6185
6186
6544
7046
7219
7241
7242
7378
6187
6188
6543
7241
7243
7377
7378
7383
6189
6190
6542
7244
7377
7383
7434
7435
6191
6192
6541
7245
7434
7435
7439
7488
6193
6194
6540
7246
7439
7440
7487
7488
6195
6196
6539
7247
7440
7444
7485
7487
6197
6198
6538
7444
7445
7484
7485
8642
6199
6200
6537
7445
7483
8642
8646
8651
6201
6202
6536
8646
8647
8650
8651
8734
6203
6204
6535
8647
8649
8733
8734
8738
6205
6206
6534
8733
8738
8739
8742
8743
6207
6208
6533
8739
8741
8743
8747
8752
6209
6210
6532
8747
8748
8751
8752
9854
6211
6212
6531
7284
8748
8750
9853
9854
6213
6214
6530
7284
9853
10833
10834
10855
6215
6216
7146
10833
10835
10853
10854
10855
6217
6218
7145
10836
10838
10853
10854
11826
6219
6220
7144
10837
10838
10915
10916
11826
6221
7143
10915
10916
11562
11830
12890
12891
12892
12894
12908
12919
13300
15927
6222
6258
10916
10917
11439
12043
12908
12909
12910
12919
12928
15933
6223
6258
6324
6325
6327
6328
10917
10919
10928
12043
13071
13072
15933
6224
6282
6324
10923
6225
6282
6322
10923
13071
6226
6321
6322
10924
13071
15990
6227
6228
10924
10925
10933
10934
15990
6228
10933
10934
10936
10937
11262
11263
6229
6289
10934
6230
6231
6289
11261
11262
6231
6287
11261
11295
11296
6232
6233
6290
11261
11262
11359
6233
6290
6297
6298
11260
11359
15987
6234
6290
10935
10936
6235
6305
6306
10935
10936
11264
15987
6236
10935
10936
10938
15988
6237
6306
6307
6308
10938
10939
15988
6238
6304
6306
6307
6308
11246
15998
6239
6303
6304
11246
11248
15998
6240
11246
12182
15998
6241
6279
11241
11245
6242
6278
11240
11244
6243
6244
6278
6314
11239
11244
6244
6246
6278
6314
11238
6245
6278
11237
6246
6277
11236
6247
6248
6277
6315
11235
6248
6251
6344
6345
6346
11234
6249
6250
6342
12178
6250
6312
6315
6316
6331
6340
6342
6251
6252
6331
6332
6342
11587
6252
6344
6346
11587
6253
6333
6348
11587
11600
11601
6254
6348
11585
11586
11600
11601
6255
6256
6333
6334
11600
11601
6256
11602
6257
11586
11598
11599
12810
12910
12911
12917
12918
6258
6317
6329
6330
6332
6333
6338
11587
11599
12045
12911
12917
16289
6259
6260
6272
6327
6328
6329
6338
12909
12910
12911
12917
15933
16290
6260
6272
6325
6326
6261
6262
6272
12916
16290
6262
6335
12911
12912
12916
6263
6336
6337
6338
12916
6264
6265
6271
6272
6273
6337
6338
6265
6276
6336
6337
6338
6339
6341
6266
6270
6338
15995
6267
6270
6311
6317
6318
6341
15995
6268
6270
6319
10942
15995
6269
6281
6319
6320
6322
6323
10942
6270
6271
6281
6323
6324
6326
6327
6271
6327
15995
6272
6273
6326
6327
6273
6274
6275
6276
6281
12915
12916
15995
15997
6275
12915
6276
12915
15995
15997
6277
6341
6342
6343
12915
15995
15996
6278
6315
6342
6344
15996
6279
6314
11244
15996
6280
6308
6309
6313
11245
15988
15996
15998
6281
6318
6319
10931
10940
15988
15989
15994
15995
15996
6282
6322
6323
6324
15989
15990
15991
15994
15995
15997
6283
6286
10921
10922
10923
15990
15991
15993
6284
6286
6285
6287
6288
6289
12240
12241
12242
15990
15993
6288
6289
6290
6291
11295
11296
11297
12239
12240
6289
12240
12242
15993
6290
11263
15990
15992
15993
6291
11263
11264
11265
11359
6292
6296
6297
11265
11357
11358
12238
12239
6293
6296
11267
11269
6294
6295
11290
12238
6295
11346
11356
12236
12237
12238
6296
11291
11356
12238
6297
11266
11270
11357
11358
6298
11260
11358
6299
6300
11260
11265
11266
15987
6300
6301
11265
11266
11267
11284
6301
6305
11265
11283
6302
11265
11285
6303
6305
11250
11264
6304
11249
15998
6305
11252
15998
6306
11251
11264
15987
6307
11264
6308
10930
10935
10941
10944
11223
11224
11253
11258
11259
12184
6309
11245
6310
6313
10939
10940
10941
11245
6311
6312
10940
10941
15996
6312
6317
6318
6340
6341
15996
6313
6314
6315
6316
15996
6314
6316
11245
6315
6316
11244
6316
6317
6330
10941
10944
11226
11227
11228
11587
15966
6318
6327
6329
6330
6338
6340
6341
10941
10942
10943
6319
10940
6320
10931
10940
10942
6321
10932
10942
15989
6322
10932
10933
13071
15989
6323
6324
13071
6324
6328
6325
6326
6327
6328
6329
6338
10942
6329
10928
10942
10943
12043
12056
13070
13071
13072
15933
6330
6338
10942
10943
12045
12056
12917
15933
6331
10941
10943
10944
11587
11599
12045
12046
12055
15958
6332
6340
6342
6333
6339
6340
6342
16289
6334
11600
11601
16289
6335
11601
12911
6336
6343
12911
12912
16289
6337
6338
6339
6343
16289
6338
12915
6339
12911
6340
6342
6341
6342
6343
6344
11601
15996
6344
11601
11602
12913
12915
12916
16289
6345
6346
11601
11603
6346
11233
6347
6348
11232
6348
6350
11584
11585
11603
11604
6349
11601
6350
6351
11231
11232
12176
6351
11232
11605
11606
12176
6352
10952
11231
11586
11607
12176
6353
10953
11586
11607
15962
6354
6355
10953
10954
11087
15962
6355
11089
11607
11608
12173
6356
11086
11609
12172
15968
6357
11084
11609
12172
15968
15969
6358
11610
13829
15967
15969
6359
11610
11611
11612
11695
15967
15973
6360
11695
12171
15969
15973
6361
6362
11081
12171
15969
15970
6362
11698
12163
12165
15973
6363
11080
12166
12170
15971
6364
6365
11078
12166
12170
15971
6365
11701
11712
12167
12169
6366
11077
11713
13234
13235
6367
6368
11075
11713
13234
13235
6368
11704
11714
11715
13231
6369
11074
11716
12142
15974
6370
11706
11717
13225
13226
6371
11072
13225
13226
13229
15974
6372
11071
13238
6373
11070
13155
13229
13238
13239
6374
13156
13216
15887
15890
6375
11068
13216
13239
15887
15889
6376
11067
13220
6377
11066
13219
13220
15757
15889
6378
13212
13242
15756
15891
6379
13148
13210
13212
13242
15755
15756
6380
6382
13201
13210
13211
13242
15755
6381
6382
13201
15752
15754
6382
13201
15743
15744
15745
15746
15751
6383
13170
13201
13243
13245
6384
11754
13176
13243
13244
13245
15743
6385
11754
13177
15743
15759
6386
6389
6475
6476
11754
15743
15761
6387
6389
11750
13177
15761
6388
13177
13179
15772
6389
13180
15772
6390
6476
11749
15761
6391
6392
6475
6476
6478
15761
6392
15339
15771
6393
6473
6474
6479
15762
6394
6395
6472
6473
6481
15762
6395
15354
15770
6396
6470
6471
6482
15763
6397
6467
6469
6470
6484
15763
6398
6467
15735
15775
6399
6400
15726
15735
6400
6466
6467
15764
15774
6401
6402
15727
15733
15734
6402
6404
6466
6497
15734
6403
6407
15729
15733
15734
6404
6405
6407
15730
15768
6405
6463
6464
6466
6497
15768
6406
6460
6462
6463
15218
15768
6407
6409
6460
15769
6408
15769
6409
15729
15730
15731
6410
15218
15377
6411
6412
6460
15218
15219
15377
6412
14971
15220
15221
15375
6413
6459
15222
15378
15379
6414
6415
6457
15222
15378
15379
6415
14968
15223
15224
15373
6416
6456
15225
15380
15381
6417
6418
6454
15225
15380
15381
6418
6453
15226
15227
15382
6419
15228
15675
15676
6420
15677
6421
15228
15229
15230
15231
15677
6422
6449
15677
6423
6448
15118
15119
15230
15678
6424
15695
6425
15117
15118
15635
15636
15695
6426
6444
15695
6427
6443
15629
15634
15635
15662
6428
15778
6429
15649
15660
15661
15662
15778
6430
6439
15778
6431
6438
15422
15423
15659
15660
6432
15779
6433
15420
15421
15422
15652
15779
6434
15779
6435
15797
6436
14950
14952
15652
15797
15805
6437
14952
15652
15796
6438
14952
14954
15652
15785
15786
6439
6440
15785
15786
6440
15786
6441
14954
14956
15649
15785
15786
6442
14956
15649
15794
6443
14956
14958
15645
15646
15649
6444
6445
15645
15646
6445
15645
6446
14958
14960
15636
15645
15646
6447
14960
15636
15809
6448
14960
14962
15636
15810
15811
6449
6450
15810
15811
6450
15810
6451
14962
14964
15231
15810
15811
6452
14964
15231
15812
6453
14964
14966
15231
15814
6454
14966
15814
6455
6456
14966
15814
6456
15381
15819
6457
14967
14968
15815
6458
6459
14968
14969
15815
6459
15379
15818
6460
14970
14971
14972
6461
14971
14972
6462
11145
14970
14971
14972
14974
14975
6463
6464
11141
14974
14975
15768
6464
15326
15768
6465
6498
11141
15767
15768
6466
6468
6498
11137
15764
15765
15767
6467
6497
15764
15765
6468
6485
15764
15765
6469
6499
11137
15737
15764
15765
6470
6471
6499
11133
15737
15763
6471
6483
15763
6472
11133
14673
15739
15763
6473
6474
11129
14673
15739
15762
6474
6480
15762
6475
11129
13284
15741
15762
6476
13284
15741
15742
15761
6477
15761
6478
11747
11749
13276
13282
6479
11749
13281
15338
15339
6480
6481
13281
15338
15339
6481
13280
15340
15342
6482
15343
15353
15354
6483
6484
15343
15353
15354
6484
15344
15345
15352
6485
15346
15347
15775
6486
6496
15346
15347
15774
15775
6487
6496
15327
15328
15329
15346
15347
6488
6495
15327
15329
15703
6489
6490
6495
15355
15356
15359
15703
6490
6511
15356
15359
15702
6491
6511
15359
15360
15701
15776
6492
6493
6495
6497
15217
15701
15776
6493
6494
6495
6497
15724
6494
6497
15217
15729
15730
15731
6495
6496
6497
15725
15727
15774
6496
6497
15703
6497
15347
6498
15217
15326
15327
15359
6499
6518
13139
13143
13437
13439
14707
14975
15326
15327
15767
6500
13023
13027
13141
13143
13144
14673
15327
15345
15346
15737
6501
6518
6520
13027
13143
14671
14672
15327
15349
15350
15358
15720
15838
6502
12361
12362
12371
12392
13195
13196
13441
13442
14671
15321
15322
15324
15358
15720
15838
15839
6503
12361
12391
13686
15322
6504
12389
12390
12391
13442
13686
13689
6505
13442
13687
13689
15322
15323
6506
6515
6516
13687
13690
13691
15323
6507
6508
6515
6516
13691
15318
15319
6508
13466
15319
15363
15365
15699
6509
6510
15319
15325
15362
6510
6512
6513
6514
6515
15320
15325
6511
15325
15362
15700
6512
15356
15359
15360
15700
6513
15320
15356
15359
6514
12363
15320
15321
15357
15358
6515
15320
15321
15323
15324
6516
15320
6517
13440
13441
13442
13478
13690
13691
13693
13694
13695
13925
15318
15324
15325
15365
6518
13439
13440
13471
13473
13808
13925
14975
15213
15214
15325
15326
15365
6519
13143
13439
13440
15324
15325
15326
15327
15358
15359
15838
6520
13143
13439
13440
13441
13473
13696
13697
13698
14680
14681
14707
15838
6521
13027
13028
13143
13144
14671
14677
14678
14680
14681
15838
15839
6522
13029
13145
13698
13700
13812
14663
14664
14677
14678
14680
14681
15868
6523
12392
12797
13196
13441
13442
14625
14664
14678
14679
14680
14713
14714
14715
15839
15868
15869
6524
12006
12351
12390
12392
12393
12394
12796
12797
13442
13443
13476
14714
6525
11823
12006
12007
12008
12009
12351
12352
12393
12394
12796
12797
6526
10858
11763
11805
11824
12005
12007
12008
12352
12394
12395
12396
6527
10858
11763
11764
11804
12004
12395
12396
12758
12759
12760
12761
6528
7160
9849
9850
10858
10859
10860
11762
11763
11764
11824
12760
6529
7161
8810
9849
9850
9851
9858
9859
11764
11765
12760
6530
8810
8811
9844
9845
9846
9849
9850
9851
10860
11790
11791
11794
6531
7146
9843
9850
9851
9853
10855
11796
11797
6532
8811
9851
9852
9853
9854
11778
11786
11787
11788
6533
8752
8755
8812
9854
11778
11780
11781
11799
6534
8743
8752
8755
8813
9275
9277
11782
11783
6535
8729
8731
8733
8743
8814
9273
9274
9277
6536
8706
8707
8708
8723
8731
8732
8733
8734
11979
6537
8651
8654
8682
8683
8684
8699
8734
11979
6538
8639
8641
8642
8651
8654
8670
8680
8681
6539
7485
8617
8634
8636
8637
8638
8641
8642
6540
7485
7486
7487
8590
8591
8592
8612
8634
8833
6541
7487
7488
8571
8572
8611
8832
8833
16216
6542
7431
7433
7434
7488
8574
8575
8610
8832
6543
7383
7402
7419
7428
7429
7430
7433
7434
6544
7240
7241
7383
7384
7386
7419
7421
7422
16255
6545
7216
7218
7219
7224
7240
7241
7424
7425
6546
7052
7080
7193
7194
7195
7210
7218
7219
6547
6597
6614
7052
7053
7080
7082
7083
16277
6548
6581
6614
6615
7053
7054
7072
7085
7086
7088
6549
6580
7054
7067
7068
7070
7071
7072
6550
6551
6556
6565
7067
7068
6551
6556
6552
6553
6554
6556
6553
6554
6554
6555
6570
6556
6557
6558
6569
7069
7070
6557
7069
7070
6558
6565
6566
6567
7069
6559
6579
6580
7069
7070
6560
6567
6568
6569
6578
6579
6580
6561
6562
6578
6580
6562
16243
16244
6563
6564
6568
6564
9225
6565
6568
6580
7068
7073
7074
7500
16243
6566
6567
6580
7068
7074
6567
6568
6569
6569
6570
6577
6571
6575
6576
6572
6574
6573
6574
6576
6578
7090
7185
7186
16244
6579
6580
16244
6580
6581
7068
7072
7073
16243
6582
6583
6596
6597
6614
7072
7077
7187
16243
6583
7090
7187
6584
7084
7085
7089
7187
6585
6597
6598
6599
7083
7084
7089
6586
6597
6598
7186
7187
7188
7190
6587
6588
6597
7184
7190
6588
6594
6604
6605
6612
7184
7191
6589
6594
6596
7184
7188
6590
6596
9228
6591
6593
6594
6595
9228
9607
6592
6593
6595
9230
9607
6593
6595
8509
8510
9604
9605
9607
6594
6595
6605
6606
9229
6595
7184
6596
6611
6612
6613
7497
7498
8845
9607
6597
6612
6613
6614
7077
7188
7498
16243
6598
6599
6612
6613
6614
7080
7190
7210
6599
7091
7190
6600
7081
7082
7190
7192
6601
7081
7192
7193
7196
7210
7211
6602
7189
7190
7191
7210
7211
7212
6603
6604
7183
7210
7212
6604
6610
7183
7201
7202
7209
7213
6605
6610
6612
7183
7191
6606
6612
9229
6607
6609
6610
6611
9229
9605
6608
6609
6611
9231
9605
6609
6611
8514
8515
9602
9603
9605
6610
6611
7202
7203
9232
6611
7183
6612
7208
7209
7222
7496
7497
9291
9605
6613
7080
7191
7209
7210
7222
7497
6614
7077
7078
7079
7080
7222
7497
7498
6615
7053
7072
7077
7078
7080
7084
6616
7053
7054
7065
7072
7076
7077
7078
16184
16185
6617
7048
7053
7054
7055
7056
7057
7058
7059
7060
7065
16185
6618
6969
7056
7057
7059
7060
7061
6619
6620
6969
7060
6620
6621
6622
6970
6991
7049
16282
6621
6628
6968
6969
6970
6971
16282
6622
6970
6971
6972
6978
6990
6991
7016
7017
7018
16282
6623
6978
6979
6991
16282
6624
6974
6625
6626
6973
6974
16282
16283
6626
16271
16282
6627
16282
16283
6628
6629
6968
6971
6972
16282
16288
6630
6631
6632
6968
6633
6968
6634
6635
6636
6963
6967
6635
6636
6964
6965
6966
7061
9323
6636
6962
6963
6964
6965
6966
6967
7020
9330
6637
6963
6964
9322
9323
6638
6957
6963
9322
6639
6957
7723
7724
9321
9322
6640
6641
6955
6957
6959
7605
7722
7723
7724
7725
7726
6641
6642
6803
7604
7722
7723
6642
6955
7604
7605
7722
7726
6643
6803
6804
7604
6644
7610
6645
7604
7610
6646
7604
8117
6647
7605
7606
7607
8117
6648
7605
7607
8025
6649
6650
7605
7607
8121
8122
6650
6651
7725
8121
8122
6651
7997
8121
6652
7720
8121
8122
8124
8127
6653
7720
8124
8125
8127
6654
7720
8124
8127
8128
8129
16225
6655
8128
8129
9326
16225
6656
8128
8129
8155
16225
16226
6657
8155
9004
16226
6658
6659
6831
6832
8155
16226
6659
6660
6831
6832
9338
6660
6831
8154
6661
6830
6831
6832
10412
6662
6830
10410
10412
6663
6664
6830
10412
10658
10659
6664
6665
10658
10659
10738
6665
10658
6666
6667
6668
10658
10659
6667
6668
12682
6668
6848
6669
9353
10730
10738
10739
10741
12461
6670
9352
10659
10730
10731
10737
10738
6671
6826
6827
6828
9349
10731
10732
10736
10737
6672
9313
10406
10732
10733
10734
10736
6673
9314
10672
10733
10734
10735
6674
9153
9155
10672
10673
10735
6675
9152
9153
9154
10673
6676
10379
6677
6678
10124
10125
10379
6678
10375
10392
6679
9407
10375
10376
10378
6680
9408
9410
10124
10378
6681
9410
16079
6682
6683
6684
9412
9413
16079
6683
6684
9413
9419
9420
9424
9425
6684
16028
6685
9412
9413
9447
16149
16173
6686
6697
9420
9421
9422
9428
9434
10109
16082
16088
16173
6687
6690
6691
6697
9428
9434
10109
10110
16147
6688
6690
6691
6689
6690
9431
9432
6691
9431
9432
9433
6692
6695
16087
16088
6693
9428
9429
16086
16087
16088
6694
6695
16086
16087
16088
6695
16087
6696
6697
16087
16088
6697
6698
10108
10109
16030
16032
16033
16034
6699
9148
10052
10085
10107
10108
10109
10110
10112
6700
9149
10043
10046
10047
10052
10053
10065
10112
6701
6702
6715
9045
9150
10013
10023
10025
10047
10110
10112
6702
6715
10034
6703
6715
10076
6704
6714
9045
9046
10076
6705
6713
9045
9046
10037
10038
10039
6706
10037
10039
10043
6707
6708
6709
10037
10038
10039
6708
6709
10073
6709
6710
9028
9063
9064
9065
9078
9079
10040
10043
6711
6712
8163
9026
9028
9029
9038
9039
9045
10038
10040
6712
10038
6713
6724
6725
10036
10038
6714
6723
6724
9045
9046
10036
6715
6716
6717
9045
9046
10035
6716
6718
10035
6717
6718
10023
10035
6718
6721
6722
6723
9040
10035
6719
10012
10013
10035
6720
6721
8336
9053
10012
10013
6721
8335
8336
9053
10014
6722
6728
8335
9040
9053
6723
6728
9040
9048
6724
6725
6728
9040
10036
6725
9038
10036
6726
6727
9039
10036
6727
9039
6728
6729
6730
9039
9054
6729
6731
9040
9054
6730
6731
9041
9054
6731
6744
6745
6746
9054
6732
8333
8334
8335
9054
6733
6742
6743
6744
6757
8333
8334
6734
6735
6736
8333
8334
8335
9051
6735
6737
8336
8337
8338
9051
6736
6737
9051
9485
6737
6740
6741
6742
8332
9051
6738
8339
8340
9051
6739
6740
8326
8339
8340
8346
6740
8325
8326
8346
8362
6741
6753
8325
8332
8346
6742
6753
8332
9050
6743
6753
6755
6757
8332
6744
6755
6757
8321
6745
6746
6755
6757
6746
6747
8165
8300
8301
8321
8333
9030
9039
9041
6748
6754
6755
6756
7590
8301
8302
8320
8321
8322
8332
6749
6750
6751
7571
7572
7586
7587
8170
8302
8322
8323
6750
6751
6751
7569
7570
8185
6752
6754
8344
8345
6753
8323
8324
8325
8344
8345
6754
8332
8344
8345
6755
6756
8344
8345
6756
6757
6758
8344
9049
9050
9051
9054
6759
8187
8189
8202
9055
6760
7591
8187
8188
8189
8202
6761
8186
8187
8188
6762
8186
8188
6763
6764
6767
8188
8190
6765
6766
6767
6766
6768
8190
6769
8190
8191
8192
8198
6770
6786
6771
6786
8191
6772
6773
8191
6773
6774
6785
6786
7592
7593
8206
8214
8215
8300
6775
6776
6782
6783
6784
6785
7590
7592
6777
6778
6782
6785
6786
6778
6779
6780
6781
6782
6784
6785
6787
8307
16285
6779
6785
6786
6787
6788
6780
6787
8307
8309
8310
16285
16287
6781
7594
8307
8308
8309
16285
16286
16287
6782
6784
8305
8307
8308
16285
16286
6783
6784
6785
6784
7577
7587
7588
7589
7590
7592
8302
8305
6785
7589
7592
7593
8305
8306
8307
8308
6786
6787
7592
7593
8214
8307
6787
6788
8208
8214
6788
7593
8209
8213
8214
8307
8309
8310
6789
8208
8209
8210
8214
8310
6790
6798
8209
8210
8211
8310
8311
8316
8317
6791
6798
8210
8220
8316
6792
6795
6797
6798
8220
8316
8318
6793
6795
8220
8223
8251
6794
6795
8225
6796
6797
8224
8225
8318
6797
6799
6805
8086
8224
8225
8226
8318
9111
16218
16229
6798
6799
8220
8221
8226
8293
8316
8318
16218
6799
8210
8211
8218
8219
8220
8221
8293
8316
6800
6801
6805
7601
8211
8212
8291
8293
8294
8312
8316
8317
8318
16218
6801
6802
6803
6804
6805
7600
7601
7602
6802
7594
7595
7599
7600
7601
8212
8290
8294
8309
8317
9034
6803
7595
7598
7600
7602
8875
8876
6804
6810
7602
7603
7604
7722
8875
6805
6807
6808
6809
7602
7604
8028
8029
6806
7601
8086
8225
8318
9111
16218
6807
8030
6808
8028
8029
8030
6809
8028
8105
6810
6811
8028
8112
8113
6811
6812
8112
8113
6812
7604
8112
6813
7603
8111
8112
8113
8116
6814
7603
8111
8114
8116
6815
7603
8111
8116
8118
8119
16223
6816
8118
8119
9318
16223
6817
8118
8119
8157
16223
16224
6818
8157
9006
16224
6819
6820
8157
10398
10399
16224
6820
6821
9316
10398
10399
6821
8156
10398
6822
10398
10399
10401
10404
6823
10401
10402
10404
6824
6825
10401
10404
10405
10406
6825
6826
10405
10406
10736
6826
10405
6827
6828
10405
10406
6828
10408
6829
6830
6831
10405
10408
10409
10410
10658
12683
12684
6832
6833
9003
9004
10403
10409
10410
10411
6834
8128
8130
9000
9001
9003
9004
10413
16226
6835
7718
7735
7736
6836
7718
7736
7737
10413
10414
10415
6837
9334
10413
10414
10415
6838
8153
10413
10414
10415
16227
6839
8153
10416
16227
6840
6841
6850
6851
8153
16227
6841
6842
6850
6851
9355
6842
6850
8152
6843
6849
6850
6851
10655
6844
6849
10655
10656
6845
6846
6847
6849
10655
6846
6847
10740
6847
6848
10654
10656
12606
12607
12680
12681
12688
6849
6850
10656
10657
10658
12681
12682
12687
6851
6852
10411
10416
10417
10654
10656
10657
6853
8012
8998
8999
10413
10416
10417
10418
16227
6854
7716
8008
8009
6855
7716
8009
8010
10418
10419
10420
6856
9362
10418
10419
10420
6857
8151
10418
10419
10420
16023
6858
8151
12608
16023
6859
6860
8151
10652
10653
16023
6860
6861
9386
10652
10653
6861
7639
7640
7641
8150
10652
6862
6863
10652
10653
6863
12678
6864
7641
7642
10651
6865
6866
7642
7643
10651
6866
12677
6867
7644
7645
10650
6868
6869
7645
7646
10650
6869
12676
6870
7647
7648
12675
6871
6872
7648
7649
12675
6872
12696
6873
7650
7651
12674
6874
6875
7651
7652
12674
6875
12697
6876
7653
7654
12673
6877
6878
7654
7655
12673
6878
12706
6879
7656
7657
12670
6880
6881
7657
7658
12670
6881
12705
6882
7659
7660
12669
6883
6884
7660
7661
12669
6884
12704
6885
7662
7663
12668
6886
6887
7663
7664
12668
6887
12703
6888
7665
7666
15260
6889
6890
7666
7667
15260
6890
15273
6891
7668
7669
15259
6892
6893
7669
7670
15259
6893
15274
6894
7671
7672
15258
6895
6896
7672
7673
15258
6896
15275
6897
7674
7675
15276
6898
6899
7675
7676
15276
6899
15287
6900
7677
7678
15288
6901
6902
7678
7679
15288
6902
15294
6903
7680
7681
15295
6904
6905
7681
7682
15295
6905
15297
6906
7683
7684
15298
6907
6908
7684
7685
15298
6908
15302
6909
7686
7687
15250
6910
7687
7688
7689
15250
6911
6912
6913
15303
6912
15303
15432
15545
15610
15611
6913
6922
15303
15541
6914
6923
6924
7689
7690
15303
6915
6916
6923
6924
7690
15521
15546
6916
15522
15530
15534
15535
15546
6917
6918
15536
15538
15546
6918
6919
6921
6922
6923
15538
15544
6919
15536
15538
15606
6920
15412
15444
15536
15537
15538
6921
15412
15434
15444
15539
15540
15542
6922
15433
15539
15542
15544
15545
6923
15541
15544
15545
6924
15544
6925
7689
7690
7697
14889
14938
14939
14998
15000
15521
15530
15531
15538
15541
6926
14937
14938
14939
14940
14942
15410
15446
15447
15527
15529
15530
15538
6927
14887
14888
14892
14906
14937
14938
14939
14940
14941
14996
14997
15000
6928
14777
14876
14880
14881
14882
14883
14884
14887
14888
14907
14996
14997
6929
7697
12028
14844
14870
14871
14881
14882
14888
14889
14890
14997
14998
14999
15000
15866
6930
7687
7697
12028
13481
13483
13485
14871
6931
11435
11873
11874
12026
12028
13481
13482
13483
13485
6932
11873
11874
11875
11876
12772
12788
13482
13483
13484
15914
6933
11862
11863
11864
11875
11876
11877
12771
12772
12773
12787
12788
6934
11862
11863
11878
12773
12774
12782
12784
12785
12786
12787
6935
10806
10807
10808
10809
11879
12774
12775
12776
12782
12784
12785
6936
7703
8948
8949
8950
10807
10808
10810
11908
12784
12785
6937
7920
7940
7941
8948
8949
8950
10488
10489
10509
11908
11909
6938
8950
8951
8952
10489
10510
10514
10515
11907
11908
11909
6939
7920
10489
10494
10495
10496
10497
10514
10515
11909
6940
8952
10498
10499
10514
10515
10517
10570
10571
10576
6941
8953
8954
10517
10572
10573
10576
10577
10579
10580
6942
8954
10520
10523
10577
10581
10582
10583
10584
10618
6943
10521
10522
10523
10585
10586
10587
10588
10596
10618
6944
8959
8961
10522
10589
10590
10591
10592
10595
10596
6945
7980
8960
8961
10446
10447
10531
10593
10595
16019
6946
7980
7981
8890
8892
10442
10443
10444
10531
16020
6947
7981
7982
8891
8892
10438
10439
10440
10536
16021
6948
7982
7984
7986
10432
10434
10435
10436
10536
16022
6949
7037
7850
7851
7985
7986
8971
10432
10605
10606
6950
7034
7036
7037
7846
7847
7848
8971
8972
16233
6951
7033
7034
7035
7753
7754
7844
8972
8973
16234
6952
7026
7028
7033
7749
7750
7751
8973
16212
16235
6953
6961
7026
7027
7623
7624
7747
7999
16212
16236
6954
6958
6960
6961
7619
7620
7621
7998
7999
16237
6955
6957
6958
6959
7617
7726
7998
16238
6956
6957
7726
6958
6959
7724
7726
6959
6960
6961
6963
7998
16197
6960
7724
7725
7726
7996
7997
7998
16197
6961
7027
7994
7995
7996
7998
7999
8019
9331
16197
6962
7026
7027
7999
9331
6963
6967
7020
7025
9330
6964
6965
9322
9323
9329
9330
16197
6966
7061
7062
9323
9329
9330
16198
6967
6969
7020
7022
7061
9330
16198
6968
7020
7021
6969
6971
6970
7059
7061
6971
7016
7018
7022
7043
7050
6972
7017
7018
7021
16282
6973
6978
6983
7017
16282
16284
6974
6975
6976
6977
6978
6976
6978
6977
6978
6980
6981
6982
6978
16270
6979
6983
6989
6990
6991
7017
16282
6980
6989
6990
6991
6992
6993
6981
6982
6987
6988
6989
16280
6983
6984
6985
6989
6990
7017
7265
6986
6989
6999
7004
7014
7264
7265
16281
6987
6995
6988
6989
6994
6995
16280
6989
16269
6990
6992
6993
6999
7014
7265
16280
6991
6992
7014
7015
7016
7017
7265
6992
7016
7046
6993
7012
7013
7014
7015
7378
6994
6999
7000
7012
7014
6995
6996
6997
6998
6999
6997
6999
6998
6999
7001
7002
7003
6999
16268
7000
7004
7010
7011
7012
7014
7264
7001
7010
7011
7012
7257
7261
7002
7003
7008
7009
7010
16278
7004
7005
7006
7010
7011
7264
7965
7007
7010
7258
7322
7367
7368
7965
16279
7008
7255
7009
7010
7255
7256
16278
7010
16267
7011
7257
7258
7261
7368
7965
16278
7012
7014
7261
7262
7263
7264
7368
7965
7013
7014
7261
7263
7377
7014
7015
7243
7263
7374
7376
7377
7378
7379
7015
7263
7264
7265
7016
7263
7265
7267
7374
7379
7017
7018
7042
7043
7045
7018
7041
7265
7019
7021
7022
7041
7042
7043
7020
7021
7022
7023
7024
7025
7029
7030
7031
7040
7041
7042
7021
7022
7024
7025
9330
16198
7022
7025
7041
7023
7024
7042
7043
16198
7024
7031
7042
7043
7271
7272
9359
16198
7025
7029
7031
9330
9332
9359
16198
7026
7029
7030
7027
7028
7029
7033
9332
16212
7028
7993
7994
7999
8018
9331
9332
16212
7029
7032
7033
7035
7992
7993
8017
8973
9332
16212
7030
7031
7032
7033
9332
9359
7031
7033
7040
7041
7270
7032
7040
7042
7269
7271
9359
7033
7035
7992
9332
9359
9360
9368
7034
7035
8973
7035
7036
7037
7270
8972
9368
7036
7991
7992
8972
8973
8976
9368
7037
7985
7988
7989
7990
7991
8971
8972
8977
9368
7038
7985
7986
7988
8971
7039
7270
7371
7372
7960
9366
7040
7266
7267
7268
7269
7270
7371
7372
7373
9366
7041
7042
7266
7267
7269
7270
7271
7042
7266
7043
7267
7271
7044
7045
7050
7272
7045
7047
7050
7051
7220
7272
7381
16183
16186
7046
7047
7050
7220
7242
7379
7381
7047
7049
7219
7242
7378
7048
7049
7050
7051
7052
7219
7220
7242
7049
7050
7051
7052
7053
7059
7060
16185
16186
7050
7052
7060
7051
7059
16186
7052
7079
7220
16183
16185
16186
7053
7080
7219
7054
7060
16185
7055
7056
7065
7067
7072
7056
7057
7064
7065
7066
7067
7057
7060
7058
7059
7061
7064
7065
7059
7061
7062
7064
7065
16184
16185
16186
7060
7061
16185
16186
7062
7063
7064
7272
9295
9296
9297
9323
9328
9329
9346
9347
16184
16186
16196
16198
7064
8860
8861
8862
8866
8868
9297
9320
9321
9323
9343
9344
9346
16202
16204
7065
7066
7066
7076
16184
16185
7067
7075
16202
16203
7068
7069
7072
7073
7074
7075
7070
7071
7073
7076
7077
7087
16243
7074
7075
7076
7077
7499
7500
16243
7075
7500
7501
8857
16205
7076
7500
8857
9166
16202
16205
7077
7078
7499
9305
16184
7078
7498
7499
16243
7079
7498
9673
16184
16185
7080
7221
7222
7497
8843
16182
16183
7081
7210
7218
7222
7082
7192
7193
7083
7192
7193
16277
7084
7085
7089
16277
7085
7089
7086
7088
7089
7087
7088
7090
7091
7186
7192
7091
7186
7092
7186
7189
7192
7093
7189
7192
7211
7214
7215
7094
7214
7215
7225
7426
8580
7095
7387
7426
7427
8579
8580
7096
7403
7427
8577
8578
8579
7097
8549
8576
8577
8578
8587
7098
8567
8576
8587
8588
8589
7099
8588
8589
8613
8676
8677
7100
8618
8675
8676
8677
8678
7101
8671
8674
8675
8678
8679
7102
8674
8679
8700
8703
8704
7103
8703
8704
8724
8727
8728
7104
8727
8728
8815
9269
9272
7105
9268
9269
9272
11772
11784
7106
8801
9267
9268
11784
11785
7107
9266
9267
11785
11793
11798
7108
9265
9266
9842
11794
11798
7109
9265
9815
9841
9842
11809
7110
9833
9841
11809
11810
11811
7111
7112
10863
11810
11811
11815
7112
10894
10895
10896
11815
12112
12123
12127
15978
7113
7114
7115
10911
10912
10913
11811
11815
7114
7144
10912
10913
11812
11813
7115
9835
10862
10863
10864
10913
7116
7142
10894
10911
10912
10913
7117
7142
10864
10865
10893
10894
11815
7118
7140
7142
10866
10893
11816
7119
7129
7140
10866
11759
11816
11817
7120
7128
11816
11817
15717
7121
7127
7128
11818
11819
13184
15717
7122
7124
7125
7126
11819
13184
15716
7123
11818
11819
13184
15712
15713
15714
7124
10877
10878
13271
15712
15714
7125
10878
13271
15716
7126
10879
10880
10881
13183
15716
7127
10882
13268
15716
7128
7131
10882
13268
15717
7129
7130
12124
15717
7130
7139
11759
12124
7131
7132
7133
7139
12124
13207
7132
10882
13207
13268
7133
10883
10884
10885
13207
13250
7134
7138
12128
13207
7135
7138
10885
10886
10887
12128
13151
7136
7138
10888
12128
13206
7137
10888
10889
10891
10892
12123
13206
7138
7139
7140
7141
10892
10893
12123
7139
7141
12128
7140
7141
12124
7141
11816
7142
11759
12800
13151
13205
13206
13207
7143
10862
10893
10894
10910
10914
11759
11760
12097
12798
12799
12800
12801
14631
7144
10910
10912
10914
10915
11562
11566
11829
12097
12098
12099
12890
13035
14631
15927
7145
10862
10914
10915
11812
11813
11825
11826
11828
7146
9837
9838
10854
10859
10861
11825
11826
16179
7147
7148
9840
9850
10854
10855
10859
10860
7148
9840
7149
9840
9842
9843
16178
7150
9815
9816
9842
9844
10860
16178
7151
9265
9814
9815
9845
9848
10860
7152
7153
9264
9814
10860
7153
7159
9264
9811
9812
9813
11762
7154
7159
9264
9847
9848
9849
7155
7166
7167
9847
9849
7156
7158
7159
7160
7166
7167
16180
7157
7158
7160
9262
16180
7158
7160
9800
9801
9809
12377
16180
7159
7160
9263
9810
9811
7160
9264
7161
9849
11762
11763
11764
11804
11806
16180
7162
7163
7164
7165
7166
8810
9777
9849
11764
11765
11766
11803
7163
7166
7168
8808
9847
7164
7166
8793
8809
9260
9777
7165
7166
9261
9777
7166
9774
9777
9795
9796
16180
7167
7168
9260
9261
9262
9263
9264
9795
7169
8808
9260
9264
9265
9266
9846
9847
7170
8798
8805
8806
9257
9260
9266
9267
11767
7171
8760
8761
8762
8772
9256
9257
9267
9268
7172
8775
8819
8820
8821
9253
9256
9268
9269
7173
8712
8713
8714
8720
8727
9252
9253
9269
7174
8688
8689
8690
8696
8703
8727
9249
9252
7175
8659
8660
8661
8667
8674
8703
9248
9249
7176
8622
8623
8624
8630
8674
8675
9245
9248
7177
8596
8597
8598
8604
8675
8676
9244
9245
7178
8556
8562
8563
8564
8588
8676
9241
9244
7179
8546
8553
8554
8587
8588
8608
9240
9241
7180
7407
7408
7409
7415
8578
8587
9237
9240
7181
7391
7392
7393
7399
8578
8579
9236
9237
7182
7229
7230
7231
7237
8579
8580
9233
9236
7183
7199
7200
7201
7207
7214
8580
9232
9233
7184
7189
7214
9229
9232
7185
7186
7189
9228
9229
7186
9228
7187
7188
7189
7188
7190
7191
7192
7214
7191
7193
7215
7194
7195
7195
7196
7215
7216
7217
7197
7210
7211
7212
7215
7217
7198
7215
7216
7217
7224
7225
7226
7199
7212
7213
7214
7224
7225
8581
7200
7201
7224
8581
7201
7207
7231
7232
7239
8582
7202
7207
7209
7213
7203
7209
9232
7204
7206
7207
7208
9232
9603
7205
7206
7208
9234
9603
7206
7208
8519
8520
9601
9603
16189
7207
7208
7232
7233
9233
7208
7209
7223
7238
7239
7495
7496
9290
9603
7210
7213
7218
7222
7223
7224
7239
7496
7211
7212
7218
7222
7224
7212
7213
7214
7214
7215
8580
7216
7217
7426
7217
7424
7425
7218
7219
7221
7222
7223
7224
7240
7220
7241
7242
7221
7242
7380
7381
16183
7222
7223
7496
8843
9293
16176
16183
7223
7496
7497
8843
7224
7239
7240
7385
7495
7496
16176
7225
7226
7239
7240
7386
8581
7226
8581
7227
7423
7424
7426
8581
7228
7386
7387
7388
7422
7423
7426
7229
7386
7387
8580
8581
8582
8583
7230
7231
7386
8583
7231
7237
7393
7394
7401
8584
7232
7237
7239
8582
7233
7239
9233
7234
7236
7237
7238
9233
16189
7235
7236
7238
9235
16189
7236
7238
8524
8525
9599
9600
16189
7237
7238
7394
7395
9236
7238
7239
7385
7400
7401
7494
7495
9289
16189
7240
7385
7386
7401
7495
8582
7241
7384
7385
7386
7419
7423
16176
7242
7243
7378
7380
7383
7384
7243
7378
7379
7380
7381
7244
7375
7376
7377
7378
7379
7380
7382
7383
7384
7245
7376
7377
7382
7383
7434
7435
7436
7490
7491
7246
7434
7435
7436
7437
7438
7439
7488
7489
7490
7247
7438
7439
7440
7441
7487
7488
7489
11951
11952
7248
7440
7441
7442
7443
7444
7484
7485
7486
7487
11950
11951
7249
7362
7363
7440
7441
7443
7444
7480
7969
16231
7250
7324
7359
7360
7362
7363
7364
7366
7447
7479
7480
7969
7251
7258
7260
7322
7363
7364
7366
7367
7368
7968
7969
7252
7257
7258
7260
7359
7363
7364
7253
7320
7254
7255
7258
7259
7320
7321
7255
7258
16266
7256
7258
7259
7257
7258
7260
7261
7368
7259
7260
7322
7364
7367
7368
7261
7363
7368
7439
7968
7262
7368
7435
7263
7368
7369
7436
7963
7965
7968
16232
7264
7373
7374
7376
7265
7372
7965
7266
7267
7270
7372
7268
7269
7271
7373
7374
7269
7271
7273
7373
7374
9365
9366
9367
7270
7271
9365
9366
9368
7272
7273
7273
7381
9294
9295
9358
9359
9666
9891
16183
16186
16194
16196
16198
7274
7374
7375
7381
7491
9364
9365
9367
9664
9665
9666
9893
11943
16175
16194
7275
7437
7491
7962
9367
9373
9374
9663
9664
9874
10760
11938
11940
11943
11952
16195
16232
7276
7442
7974
9872
9873
9874
10758
10759
10760
11949
11952
11953
11955
15985
16195
16230
16231
7277
7953
8644
9871
9872
10772
10773
10781
11901
11918
11953
11962
11969
15983
15985
16213
16230
7278
8736
10779
10781
10783
10784
11902
11905
11918
11968
11969
11975
11977
11989
12779
15982
16213
7279
8745
9856
11889
11890
11891
11896
11905
11977
11988
11989
11995
12400
12779
12780
12781
15986
7280
7281
7282
9856
10809
10810
10811
12398
12399
12400
12406
12781
12783
12786
15986
16001
16003
7281
10845
10850
10851
11864
11865
12020
12021
12397
12398
12761
12786
15914
15916
15917
15981
16003
7282
7283
9857
10832
10834
10851
10856
7283
8749
8750
9855
9856
9857
12406
16001
7284
7285
8749
8750
9857
10819
10832
10834
16001
7285
7462
8748
8750
9853
10833
10834
7286
7459
7462
8748
8749
8750
10818
10819
16001
7287
7351
7459
7460
7462
7464
10815
10818
10819
10820
10821
7288
7345
7351
7352
7457
7458
7459
10815
10816
10817
10818
7289
7351
7352
7353
7458
7459
7460
7290
7347
7291
7292
7346
7347
7352
16256
7292
7352
16258
7293
7294
7343
7352
16256
7294
7353
7295
7296
7343
16253
16254
7296
16253
16259
7297
7298
7340
16253
16254
7298
7354
7299
7300
7340
16251
16252
7300
16251
16260
7301
7302
7337
16251
16252
7302
7355
7303
7304
7337
16249
16250
7304
16249
16261
7305
7306
7334
16249
16250
7306
7356
7307
7308
7334
16247
16248
7308
16247
16262
7309
7310
7331
16247
16248
7310
7357
7311
7312
7331
16245
16246
7312
16245
16263
7313
7314
7328
16245
16246
7314
7358
7315
7316
7328
7360
7361
7316
7360
16264
7317
7318
7325
7360
7361
7318
7359
7319
7320
7325
7364
7365
7320
7364
16265
7321
7364
7365
7322
7323
7324
7364
7366
7367
7325
7326
7327
7360
7364
7366
7479
7328
7329
7330
7360
7447
7478
7479
16245
7331
7332
7333
7448
7477
7478
16245
16247
7334
7335
7336
7451
7476
7477
16247
16249
7337
7338
7339
7452
7475
7476
16249
16251
7340
7341
7342
7456
7474
7475
16251
16253
7343
7344
7345
7352
7457
7474
10816
16253
7346
7351
7352
10815
10816
10821
16276
7347
7348
7349
7350
7351
7349
7351
7350
7351
10822
7351
16257
7352
7459
7460
10815
10821
7353
7457
7458
10816
16253
16256
7354
7455
7457
7458
16253
7355
7454
7455
7456
16251
16253
7356
7450
7452
7454
16249
16251
7357
7449
7450
7451
16247
16249
7358
7446
7448
7449
16245
16247
7359
7360
7362
7446
7447
16245
7360
7362
7363
7364
7361
7362
7364
7447
7479
16245
7363
7444
7446
7447
7480
7364
7440
7969
7365
7366
7367
7479
7969
7971
7368
7369
7965
7966
7968
7369
7965
7968
7370
7963
7964
7965
7966
7967
7968
16232
7371
7958
7959
7960
7961
7962
7963
7964
7966
7967
7983
9375
7372
7373
7960
7961
7963
7964
9366
9367
7373
7964
7374
7963
9366
9367
7375
7376
7379
7376
7379
7380
7381
7382
7491
16175
7377
7379
7382
7436
7491
7378
7383
7435
7379
7380
7381
7381
7382
7384
16175
16176
7383
7384
7490
7491
7493
16175
7384
7419
7434
7385
7419
7493
16175
16176
7386
7401
7418
7419
7493
7494
7495
16176
7387
7388
7401
7402
7419
8583
7388
8583
7389
7420
7421
7427
8583
7390
7402
7403
7404
7420
7427
7428
7391
7402
7403
8579
8583
8584
8585
7392
7393
7402
8585
7393
7399
7409
7410
7417
8586
7394
7399
7401
8584
7395
7401
9236
7396
7398
7399
7400
9236
9600
7397
7398
7400
9238
9600
7398
7400
8529
8530
9597
9598
9600
7399
7400
7410
7411
9237
7400
7401
7416
7417
7418
7494
9287
9288
9600
7402
7417
7418
7419
7494
8584
7403
7404
7417
7418
7419
7433
8585
8610
7404
8585
7405
7430
7432
8577
8585
7406
7431
7432
8549
8550
8577
8610
7407
8548
8549
8578
8585
8586
8610
7408
7409
8548
8610
7409
7415
8545
8546
8547
8609
7410
7415
7417
8586
7411
7417
9237
7412
7414
7415
7416
9237
9598
7413
7414
7416
9239
9598
7414
7416
8534
8535
8543
9596
9598
7415
7416
8544
8545
9240
7416
7417
8607
8609
8836
9286
9287
9598
9660
7418
7433
8586
8609
8610
8836
9287
7419
7433
7492
7493
7494
8836
9287
7420
7433
7493
7421
7427
7428
7422
7427
7428
16255
7423
7424
7426
16255
7424
7426
7425
7426
7427
8580
7428
8577
8579
7429
7430
7430
7431
7432
8577
7432
8574
8575
8577
7433
8577
7434
7492
8610
8832
8836
7435
7488
7490
7436
7439
7437
7438
7490
7491
16232
7438
7489
7490
7491
11938
11952
16232
7439
7441
7489
7968
11952
16232
7440
7488
7441
7444
7487
7442
7443
7969
11951
11952
16231
7443
11949
11950
11951
11952
11953
16231
7444
7480
7482
7484
11950
11953
16231
7445
7484
7485
7446
7482
7483
7484
8642
8646
7447
7448
7449
7481
16245
7448
7478
7479
7480
7481
16245
7449
7451
7477
7478
7481
7950
11900
16245
16247
7450
7451
8646
11900
16247
7451
7452
7453
7454
8647
11899
16249
7452
7476
7477
11899
11900
16247
16249
7453
7454
7456
7475
7476
11898
11899
16249
16251
7454
8647
8648
8649
8737
8738
11898
11899
11902
7455
7456
8738
11898
16251
7456
7457
7458
8739
11897
16253
7457
7474
7475
11897
11898
16251
16253
7458
7472
7474
10816
10817
11897
16253
7459
8747
10817
7460
7462
8748
10818
7461
7462
7463
7464
10819
7464
7465
10831
10833
7465
10819
10820
10824
10830
10831
7466
10827
10830
10831
10841
10842
7467
10830
10831
10841
10842
10843
10844
10848
10849
10850
7468
8945
10843
10844
10845
10846
10847
10848
10849
11866
11867
7469
7942
10846
10847
10848
10849
15999
16000
16002
16003
7470
7942
7943
10811
10812
10813
10814
15999
16000
16002
7471
7943
7944
10812
10813
10814
11894
11895
11906
15986
7472
7473
7944
7945
7946
10516
11891
11892
11893
11894
11895
11906
7473
7474
10816
10817
11893
11894
11895
11896
11897
7474
7945
7946
11893
11895
11904
7475
10816
11897
16253
7476
11898
11904
16251
7477
10777
11899
16249
7478
7950
10776
11900
16247
7479
7481
7950
7951
16245
7480
7976
7481
7969
7975
16231
7482
7950
7952
11900
11901
7483
7484
8643
8644
8645
11901
11953
7484
8642
8643
8644
8645
8646
8650
8651
8652
7485
8642
8643
11950
11953
7486
7487
8634
8642
11950
7487
8634
8829
8830
8833
8834
11949
11950
11951
7488
8833
11951
7489
8832
7490
8835
11938
11951
11952
7491
7492
11938
7493
8835
8836
8837
9287
11936
11938
7494
9885
16175
16176
7495
8525
9287
9288
9289
9884
7496
8520
9289
9290
9668
16176
7497
8515
8843
9290
9291
9292
7498
8510
8843
8844
8845
9291
7499
8505
8845
8846
9672
7500
8500
8846
8847
9304
16243
7501
8495
8847
8848
8857
9165
7502
8490
8848
8849
8850
8857
8858
16205
7503
8485
8849
8850
8851
8853
7504
7505
8481
8482
8483
8484
8849
8853
9162
9511
7505
8372
9161
9214
9215
9216
9500
10278
10281
10286
10290
16155
7506
8372
8853
8854
9161
9162
9171
9510
7507
8357
8852
8854
7508
7542
7547
7548
8173
8174
8369
8373
8398
10282
10283
10284
16221
7509
7534
7537
7547
7548
7549
7583
8174
8175
8176
8178
8180
10283
7510
7535
7537
7543
7547
7548
7549
7550
7559
8397
8398
7511
7535
7537
7543
7550
7512
7513
7535
7550
7551
7557
7513
7517
7514
7516
7515
7516
7517
7518
7526
7527
7528
7565
7518
7519
7525
7526
7527
7519
7520
7525
7526
7521
7522
7523
7523
7524
7526
7562
9460
7527
7562
7563
9460
7528
7536
7562
7563
7564
7565
7529
7565
7530
7564
7565
7566
7567
8184
7531
7532
7566
7533
7534
7566
7534
7564
7535
7537
7549
8175
8176
8177
8181
7536
7537
7549
7550
7560
7538
7547
7549
7583
8175
7539
7541
7582
7583
7540
7581
7541
7546
7580
16242
7542
7544
7546
7547
7583
16220
16221
7543
7544
7545
7546
7547
8398
16221
7544
7545
7547
8397
8398
7545
7546
7548
7583
8174
8398
16221
7549
7559
8178
8373
8397
8398
10280
10282
10283
7550
7559
7560
8176
8177
8178
9176
7551
7557
7558
7559
7560
8375
8397
7552
7554
7555
7557
7558
8376
8395
7553
7554
7555
8377
8380
7554
8377
8378
8380
8381
8382
7555
7558
8376
8377
8378
8379
8380
8392
8393
8395
7556
7557
8376
8377
7558
7560
8375
8376
7559
8374
8375
8376
8393
8395
8397
8399
7560
8178
8373
8374
8375
8397
9176
9178
10280
7561
8177
8375
9176
9177
7562
7563
8350
9459
9460
7564
7565
8349
8350
9459
7565
7566
8183
8349
8350
7566
7567
8183
8184
8347
8349
7568
8184
8185
16239
7569
7572
7573
16239
7570
7572
7573
8185
7571
8185
7572
7582
7584
7585
7586
8170
8172
8322
8323
8329
8330
7573
7574
7581
7582
7585
7586
7575
7576
7577
7581
7586
7587
7577
7578
7579
7580
7581
7585
7586
7588
8171
16240
7578
7586
7587
7588
7579
7588
8171
8305
16217
16240
16241
7580
8169
8171
16217
16222
16240
16241
16242
7581
7585
8171
16220
16222
16240
16242
7582
7585
7586
7583
7584
7585
8175
16220
16239
7584
8174
8175
16220
16221
7585
8172
8173
8174
8175
8180
8329
8330
8367
16220
7586
8170
8171
8172
16220
16222
7587
7588
8170
8171
8302
7588
7590
8302
7589
8170
8171
8302
8303
8305
16217
7590
7592
8299
8301
8302
8303
8304
8305
8306
8319
8320
7591
7592
8300
8301
8302
7593
8215
8299
8300
8301
8306
7594
8213
8214
8215
8216
8299
8306
8307
9033
7595
7596
7599
8212
8213
8304
8306
8307
8308
8309
9032
9033
9034
9035
7596
7597
7598
7599
7600
8167
8876
7597
7599
8166
8167
8168
8169
8304
8308
9035
10019
16217
7598
8167
8168
8865
8869
8873
8876
9343
7599
7600
8159
8161
8167
8873
8874
8875
8876
8877
7600
8160
8161
8162
8166
8167
8290
9032
9034
9035
10021
16211
7601
7602
8159
8160
8161
8290
8875
7602
8086
8095
8101
8102
8160
8290
8291
8294
9073
9074
16218
7603
8113
8159
8875
7604
7721
7722
8111
8116
8158
8875
9318
7605
7722
7606
7607
7721
7722
7725
7726
7997
7607
7609
7608
7609
7615
8023
8024
8025
8117
8121
7610
7611
7614
7615
8117
7611
8027
8117
7612
7614
7613
7614
7744
7615
7616
7616
7727
7728
7741
8023
7617
7618
7619
7741
7742
7744
7618
7619
16238
7619
7998
7620
7621
16237
7621
7741
7622
7623
7742
16237
7623
7742
7999
8000
7624
7742
7747
16236
7625
7740
7747
8000
7626
7627
7740
7748
8000
8001
16212
7627
7739
8002
8003
16212
7628
7748
7750
7839
8016
16212
7629
7750
7752
7839
8016
8973
8974
7630
8014
8015
8973
8974
7631
8007
8014
8015
8136
8975
8976
7632
8007
8134
8136
8976
7633
7634
8007
8010
8011
8136
8976
7634
7635
7991
8010
8011
7635
8011
8137
8138
8139
8977
7636
7715
8010
8011
10419
10424
7637
7715
8997
10419
10424
7638
7715
10419
10421
10422
10424
16023
7639
9370
10421
10422
16023
7640
8150
10421
10422
10647
16023
7641
8150
10647
12609
7642
7643
8150
10647
10651
7643
9385
10651
7644
8146
8147
8149
10651
7645
7646
8147
8148
8149
10650
7646
9383
10650
7647
7769
7770
10650
10754
7648
7649
7770
7771
10754
12675
7649
10753
12675
7650
7772
7773
10755
12675
7651
7652
7773
7774
10755
12674
7652
10752
12674
7653
7775
7776
10799
12674
7654
7655
7776
7777
10799
12673
7655
10798
12673
7656
7778
7779
10800
12673
7657
7658
7779
7780
10800
12670
7658
10797
12670
7659
7781
7782
10801
12670
7660
7661
7782
7783
10801
12669
7661
11916
12669
7662
7784
7785
10802
12669
7663
7664
7785
7786
10802
12668
7664
11915
12668
7665
7787
7788
10803
12668
7666
7667
7788
7789
10803
15260
7667
11914
15260
7668
7790
7791
11881
15260
7669
7670
7791
7792
11881
15259
7670
11912
15259
7671
7793
7794
11880
15259
7672
7673
7794
7795
11880
15258
7673
12775
15258
7674
7796
7797
11879
15258
7675
7676
7797
7798
11879
15276
7676
12774
15276
7677
7799
7800
11878
15276
7678
7679
7800
7801
11878
15288
7679
12773
15288
7680
7802
7803
11877
15288
7681
7682
7803
7804
11877
15295
7682
12772
15295
7683
7805
7806
13484
15295
7684
7685
7806
7807
13484
15298
7685
13483
15298
7686
7808
7809
13485
15298
7687
7688
7809
7810
13485
15250
7688
15250
7689
7695
7696
7697
15250
7690
15250
7691
7696
15252
15521
7692
7696
15252
15531
15532
7693
7696
15252
15533
7694
7695
15251
7695
7698
7811
7812
15251
7696
7697
7810
7811
15251
7697
15252
7698
12028
13485
14889
14890
15000
15531
15865
7699
11855
12029
14556
14557
14558
15479
15604
15865
7700
7812
7813
7814
7815
7899
11856
11872
11873
13485
7701
7896
7897
7902
7903
7934
7938
11857
11872
11873
11876
13484
7702
7893
7894
7931
7932
7933
7938
11858
11861
11862
11876
11877
7703
7890
7891
8924
8925
8926
8949
10473
11861
11862
11878
12785
7704
7887
7888
8921
8922
8923
8949
8950
10509
10807
11879
12785
7705
7884
7885
8918
8919
8920
8950
8951
10510
10807
11880
11911
7706
7881
7882
8915
8916
8917
8951
11881
11882
11883
11887
11911
7707
7878
7879
8912
8913
8914
10786
10788
10803
11882
11883
11884
7708
7875
7876
8909
8910
8911
10619
10786
10787
10788
10789
10790
10802
7709
7872
7873
8906
8907
8908
10526
10554
10789
10790
10794
10801
7710
7869
7870
8903
8904
8905
8963
10526
10527
10770
10794
10800
7711
7866
7867
8963
8964
10528
10543
10544
10545
10756
10770
10799
7712
7862
7863
7864
8889
8964
8965
8992
9379
10532
10755
10756
12615
7713
8965
8966
8988
8989
8990
9379
9380
10533
10640
10649
10754
7714
7765
7766
7767
8149
8966
8967
9371
9380
10431
10642
10646
7715
7989
8142
8143
8144
8150
8967
8968
9370
9371
10422
10644
7716
7989
7990
7991
8151
8977
9362
9370
10419
10424
7717
7991
7992
8008
8009
8010
8152
8976
9361
9362
7718
7992
7993
8013
8017
8153
9334
9361
10414
7719
7735
7736
7737
7993
7994
8018
8154
9334
9335
7720
7994
7995
7996
8019
8129
8155
9002
9326
9335
7721
7725
7996
7997
8124
8127
8156
9325
9326
7722
7725
8119
8122
8157
9318
9325
7723
7725
9318
7724
9319
9321
7725
9321
9322
9324
16197
7726
7996
7997
9325
7727
7997
7998
7728
7729
7997
7730
7997
8023
7731
8019
8020
8021
8023
7732
8019
8021
8131
7733
7734
8019
8021
9001
9002
7734
7735
7994
9001
9002
7735
8018
9001
7736
7737
9001
9002
7737
9000
7738
7739
8012
8132
8133
8999
9000
9001
10413
7740
7839
8002
8003
8014
8022
8132
8133
7741
7742
7746
7839
8000
8001
8022
7742
8020
8022
8023
7743
7746
7744
7745
7746
7841
7747
7748
7749
7839
7840
7748
7749
16236
7749
16212
7750
7751
16235
7751
7839
7752
7753
7840
16235
7753
7840
8973
8974
7754
7840
7844
16234
7755
7838
7844
8974
7756
7757
7838
7845
8972
8974
8975
7757
8135
8136
8137
8972
7758
7837
7845
7847
8972
8978
7759
7837
7847
7849
8970
8971
8978
7760
8970
8971
8979
8980
7761
8141
8968
8969
8979
8980
8982
7762
8141
8968
8982
10426
7763
7764
8141
8968
8982
10643
10644
7764
7765
8967
10643
10644
7765
8983
8984
8985
10431
10643
7766
10642
10643
10644
10646
7767
8995
10642
10646
7768
8148
10642
10646
10648
10649
7769
8148
9380
10648
10649
7770
7771
8148
10648
10649
10754
7771
10754
12611
7772
8990
8991
8993
10754
7773
7774
8991
8992
8993
10755
7774
10755
12612
7775
7864
7865
10755
12616
7776
7777
7865
7866
10799
12616
7777
10799
12698
7778
7867
7868
10799
12672
7779
7780
7868
7869
10800
12672
7780
10800
12699
7781
7870
7871
10800
12671
7782
7783
7871
7872
10801
12671
7783
10801
12700
7784
7873
7874
10801
12627
7785
7786
7874
7875
10802
12627
7786
10802
12701
7787
7876
7877
10802
12667
7788
7789
7877
7878
10803
12667
7789
10803
12702
7790
7879
7880
10803
12666
7791
7792
7880
7881
11881
12666
7792
11881
12665
7793
7882
7883
11881
12640
7794
7795
7883
7884
11880
12640
7795
11880
12664
7796
7885
7886
11880
12663
7797
7798
7886
7887
11879
12663
7798
11879
15257
7799
7888
7889
11879
12662
7800
7801
7889
7890
11878
12662
7801
11878
15256
7802
7891
7892
11878
12661
7803
7804
7892
7893
11877
12661
7804
11877
15255
7805
7894
7895
11877
12659
7806
7807
7895
7896
12659
13484
7807
13484
15254
7808
7897
7898
7900
13484
7809
7810
7898
7899
7900
13485
7810
13485
15253
7811
7812
13485
15251
7812
15251
7813
7814
7899
15251
7814
7815
7817
7818
7819
7815
7899
12656
7816
7899
7903
7904
12657
7817
7904
7905
11856
12650
12653
12657
7818
7819
11856
12650
12651
7819
7820
12649
12654
12655
12656
12657
15251
7821
12647
12649
12651
12654
15487
15488
7822
7912
12647
12652
15488
16018
7823
7909
7910
8934
8935
12646
12647
16017
16018
7824
8928
8940
8941
10477
11859
12646
16016
16017
7825
8928
10474
10475
10482
10487
12636
16013
16016
7826
7923
7924
10492
10508
12633
12636
16012
16013
7827
10490
10495
10511
10512
12632
12633
16009
16012
7828
10499
10500
10567
10568
12623
12632
16008
16009
7829
10573
10574
10624
11885
11886
12623
16005
16008
7830
10558
10559
10582
10616
10620
10624
10625
16005
7831
10555
10556
10586
10598
10599
10616
10625
10627
7832
10450
10451
10547
10590
10599
10600
10627
10629
7833
10447
10448
10529
10530
10547
10600
10601
10633
7834
8895
8896
10443
10601
10602
10633
10635
10636
7835
8893
10428
10439
10534
10535
10602
10603
10636
7836
7854
7855
8981
10428
10430
10435
10603
10604
7837
7851
7852
8969
8970
8980
8981
10604
10607
7838
7843
7847
8135
8978
8980
10607
7839
7840
7843
8014
8135
8974
8975
7840
8014
8016
7841
7843
7842
7843
10608
7844
7845
7846
10607
7845
7846
16234
7846
8972
7847
7848
16233
7848
7849
7850
10607
16233
7850
8970
8971
10607
7851
10605
10606
10607
7852
8970
10605
7853
7854
8969
8970
10432
10433
7854
8981
8982
8983
10432
7855
10430
10432
10433
10435
7856
10430
10435
10437
10535
10536
7857
10428
10429
10535
10536
7858
8987
10428
10429
10533
10534
10537
7859
8987
10533
10537
10637
7860
7861
8987
10533
10537
10639
10640
7861
7862
8965
10639
10640
7862
10532
10538
10539
10540
10639
7863
8992
10639
10640
12615
7864
8992
12613
12615
7865
7866
8992
12615
12616
7866
10756
12616
7867
10543
10544
12616
7868
7869
10544
10545
12672
7869
10770
12672
7870
8903
8904
12672
7871
7872
8904
8905
12671
7872
10794
12671
7873
8906
8907
12671
7874
7875
8907
8908
12627
7875
10790
12627
7876
8909
8910
12627
7877
7878
8910
8911
12667
7878
10786
12667
7879
8912
8913
12667
7880
7881
8913
8914
12666
7881
11882
12666
7882
8915
8916
12666
7883
7884
8916
8917
12640
7884
11911
12640
7885
8918
8919
12640
7886
7887
8919
8920
12663
7887
10807
12663
7888
8921
8922
12663
7889
7890
8922
8923
12662
7890
12662
12785
7891
8924
8925
12662
7892
7893
8925
8926
12661
7893
11862
12661
7894
7931
7932
12661
7895
7896
7932
7933
12659
7896
11876
12659
7897
7902
7934
12659
7898
7899
7900
7902
7903
7899
7900
11873
7900
7901
12656
12657
12659
15251
15253
15254
15298
7902
12648
12656
12657
12658
12659
12660
15254
7903
7934
7904
7905
7934
12657
7905
11872
12657
7906
7907
7935
11857
12657
7907
7908
7909
7911
11857
12647
12653
7908
7935
11857
12648
7909
7935
8932
8933
11857
12646
7910
8934
11857
7911
7912
7913
8934
8935
11871
7912
11871
12647
12653
7913
11871
12652
7914
8936
11871
16018
7915
7916
8936
16018
7916
7917
11446
11844
11870
11871
7918
8935
8936
8937
8938
8943
8944
11870
11871
7919
7939
8939
8940
8943
8944
8946
10479
10480
11860
7920
7940
7941
8946
10481
10482
10483
10484
10488
11860
7921
7922
7923
7941
10485
10488
10489
11909
7922
10485
7923
10485
10493
10494
16012
7924
10485
10492
7925
10486
10487
10488
10492
10508
7926
10487
10488
10507
12636
7927
8929
10472
10473
10474
10507
12636
7928
8929
10472
10473
12644
7929
7930
8926
8927
8929
10472
10473
7930
7931
8926
8927
11861
7931
7936
8927
8930
8931
11858
7932
7933
8926
8927
7933
12660
7934
7936
7937
12658
7935
7937
12658
7936
7937
11857
12658
7937
8931
8932
11858
12658
7938
12658
7939
8943
11857
11858
11861
11868
11872
11876
7940
8943
8944
8945
8946
8947
11858
11860
11861
11868
7941
8946
8947
8948
8949
10473
10488
11860
11861
7942
8946
8948
10488
11909
7943
10847
16000
16002
7944
10812
10814
11909
7945
10515
10516
11895
11906
7946
8955
10516
10517
11892
7947
8955
10782
11892
11893
11903
11904
11905
7948
8955
8956
10777
10778
10779
10780
10782
11903
11904
7949
8956
8957
10774
10775
10776
10777
10778
10780
10781
7950
7951
7952
7953
7954
7955
7956
8957
8958
10774
10775
10776
7951
7952
10775
10776
11900
11901
7952
7955
7956
7976
10776
7953
7954
7956
7975
10775
11901
16230
7954
10773
10774
10775
10781
11901
16230
7955
7956
7978
8958
8962
10773
10774
16230
7956
7977
8957
8958
8961
7957
7975
7976
7977
7978
16230
7958
7970
7971
7972
7973
7974
7975
7976
7977
7978
7959
7966
7967
7970
7971
7972
7973
9375
16195
7960
7966
7972
7982
7983
9375
7961
7964
7983
7986
7962
7963
7983
7987
9366
9367
9374
9375
7963
7967
9367
9374
9375
16195
16232
7964
7967
9367
16232
7965
7966
7967
7971
7968
7970
9375
16195
16232
7969
16232
7970
16231
7971
7973
7974
7975
16195
16231
7972
7976
7973
7977
7981
7974
7978
9375
9377
10759
16195
7975
7978
10759
16195
16230
16231
7976
7978
16230
16231
7977
7978
7980
7979
10759
16230
7980
8889
8890
8960
8962
8964
9377
10757
10759
7981
8890
8960
8961
10531
7982
8890
8891
8892
9377
7983
7984
7986
8891
9376
10536
7984
7986
7987
9374
9375
9376
7985
7986
7987
8891
8966
8967
9376
10431
10432
10536
7986
7987
7988
7989
8967
8968
8971
10432
7987
10432
7988
8967
9372
9374
9376
7989
7990
9365
9366
9368
9369
7990
7991
8140
8967
8968
8971
8977
9370
7991
8884
9362
9363
9365
9368
9369
9370
7992
8972
8976
8977
9362
9368
7993
8006
8017
8973
8976
9361
7994
8017
8018
9332
9334
16212
7995
7996
7999
8018
8019
9331
9335
7996
8880
9326
9327
9329
9331
9335
9336
16197
7997
7998
8019
9326
16197
7998
8019
7999
8019
8000
8018
8019
16212
8001
8002
8018
8003
8018
8004
8015
8016
8017
8005
8015
8017
8133
8006
8007
8012
8013
8015
8017
8007
8008
8012
8013
8008
8012
8976
8009
8010
8012
8013
8010
8998
8011
8012
8134
8135
8997
8998
10418
10423
10425
8013
8014
8133
8134
8998
8999
8015
8133
8134
8135
8016
8017
8017
8018
8973
8976
16212
8019
16212
8020
8021
8021
8022
8023
8131
8132
9001
8024
8126
8131
8025
8121
8125
8126
8131
8026
8115
8117
8120
8121
8027
8105
8112
8114
8115
8117
8028
8030
8105
8112
8117
8029
8031
8103
8104
8105
8032
8033
8040
8053
8054
8055
8104
9104
9113
16229
8033
8034
8054
8055
8056
8057
8034
8038
8039
8040
8053
8054
8035
8038
8057
8058
8036
8038
8058
8037
8038
8038
8039
8040
8041
8042
8039
8040
8040
8041
8053
8041
8053
8042
8043
8044
8046
8045
8046
8047
8052
8046
8047
8048
8052
8047
8049
8052
8050
8051
8054
8055
9113
8056
8080
9104
9112
9113
8057
8059
8079
8080
8081
8259
8058
8059
8257
8258
8060
8061
8079
16228
8061
16228
8062
16228
8063
8079
8064
8065
8079
16228
8065
8076
8081
8066
8067
8077
8078
8067
8078
8068
8069
8077
8078
8069
8073
8075
9096
8070
8071
8072
8071
8072
8078
9093
9095
9096
9098
8073
8285
8074
8075
8285
9096
8075
8228
9096
8076
8077
9096
8077
8081
8078
8079
8081
9096
9097
8080
8081
8081
9097
9103
9104
9112
8082
8083
9096
9097
8083
8084
8085
8086
8226
9075
9105
9106
9111
8086
8221
8222
8226
8227
8228
8286
9075
8087
8088
8089
8226
8227
8291
9074
9075
9107
9110
9111
16218
8088
8102
8103
9110
8089
8100
8101
8107
9110
8090
8099
9101
8091
8099
9075
9101
8092
8093
8098
8099
9101
8093
9100
8094
8095
8286
9072
9074
9075
9082
8095
8284
8286
9022
9024
9071
9072
9081
9082
8096
8097
8098
8160
8291
9068
9071
9072
9073
9074
9082
9085
9086
16208
8097
8109
9086
8098
8100
8101
8107
9086
8099
9101
8100
9074
9101
8101
8107
9074
8102
8107
8103
8104
8105
8106
8107
8109
8112
8105
8107
9104
9109
9110
9113
9114
8106
8112
8107
8109
8110
8112
8114
9008
8108
8109
9101
9114
9115
8109
9008
9009
9086
9087
9088
9090
9115
10381
16062
8110
9008
9009
8111
8112
8114
8118
9007
9008
10383
8113
8114
8115
8115
8118
8120
9007
8116
8117
8118
8120
8121
8119
8120
8123
9006
9007
10386
16223
8121
8123
8125
9006
8122
8123
8125
8126
8124
8125
8128
9005
9006
10398
16224
8126
8128
8130
9005
8127
8128
8130
8131
9001
8129
8130
9004
9005
10403
16225
8131
9000
9001
9004
8132
9001
8133
9000
9001
8134
8999
8135
8998
10425
8136
8137
8980
10425
8137
8975
8976
8138
8977
8978
8979
8139
8977
8979
10425
8140
8141
8977
8979
10423
10424
8141
8142
10423
10424
8142
8968
10423
8143
10422
10423
10424
10644
8144
8996
10422
10644
8145
10422
10644
10645
10646
10647
8146
9371
10645
10646
10647
8147
8148
8149
10645
10646
10647
8148
8149
12610
8149
10648
8150
8886
9371
9380
9383
9385
10754
8151
8885
9370
9371
9385
9386
10647
8152
8884
9362
9370
9386
9387
16023
8153
8883
9355
9361
9362
9387
10420
8154
8882
9334
9355
9356
9361
16227
8155
8881
9334
9335
9338
9356
10415
8156
8880
9326
9335
9338
9339
16226
8157
8879
9316
9325
9326
9339
16225
8158
8878
9316
9317
9318
9325
16224
8159
8874
8875
8877
9317
9318
16223
8160
8161
8874
8875
8161
8162
8290
9067
9068
9073
16172
16208
16211
8162
8167
8874
9152
8163
9032
9036
9037
9068
9069
10016
10021
10041
10049
16171
16172
16211
8164
9027
9028
9029
9036
9037
9038
9044
9065
9069
10040
10041
8165
8298
9029
9030
9031
9036
9037
9038
9039
9041
9043
10017
10021
8166
8299
8301
8319
8320
8321
9030
9031
9041
9042
10017
10018
8167
8304
8319
8364
9031
9032
9035
10016
10017
10018
10019
10020
10021
8168
8358
8873
8169
8357
8869
8170
8171
8172
8173
8303
8304
8364
8365
8366
10019
16217
16222
8171
8172
8302
8303
8320
8322
8330
8365
8172
8303
16217
16222
8173
8330
8365
8366
8367
16220
16222
8174
8356
8366
8367
10284
16220
16221
16222
8175
8180
8367
10283
10284
16220
16221
8176
8180
8181
8329
8177
8178
8179
8180
8181
8353
8354
9175
10283
8178
8353
9175
9176
8179
8370
8371
9175
9176
10280
10282
10283
8180
8353
8354
8368
8369
8370
9174
9175
9480
9491
9492
10283
8181
8329
8354
8355
8367
8368
10283
10284
8182
8328
8329
8353
8354
8183
8184
8342
8347
8348
8349
8351
8185
8343
8347
8186
8343
8344
8347
8187
8188
8344
8189
8190
8201
8202
8191
8192
8198
8199
8201
8193
8198
8194
8195
8196
8197
8199
8200
9059
8201
8203
9056
9057
9058
8202
8203
9055
8203
9055
8204
9055
9056
9057
8205
8206
8215
8297
8298
8300
9026
9029
9030
9039
8207
8208
8214
8215
8216
8217
8297
8209
8210
8214
8217
8210
8211
8212
8213
8214
8216
8217
8218
8295
8310
8211
8217
8218
8219
8212
8218
8293
8294
8295
8310
8316
8317
8213
8290
8294
8295
8309
8310
8317
9034
8214
8216
8295
8307
8309
8310
9033
9034
8215
8216
8217
8216
8297
8298
8299
8300
9030
9033
8217
8289
8295
8296
8297
8298
9033
9034
8218
8288
8289
8295
8297
8219
8287
8288
8289
8292
8293
8294
8295
8220
8221
8228
8287
8288
8293
8221
8222
8222
8226
8227
8228
8287
8293
16218
8223
8226
8228
8256
8224
8256
8225
8226
9111
8227
9111
16218
8228
8286
8287
8291
8293
9072
9074
9075
16218
8229
8285
8286
8287
8230
8237
8269
8231
8237
8266
8267
8269
8232
8237
8267
8233
8234
8237
8267
8234
8235
8236
8236
8237
9059
8238
8266
8267
8269
8239
8268
8240
8241
8242
8243
8249
8244
8248
8249
8245
8246
8249
8252
8254
8270
8271
8247
8249
8252
8253
16219
8248
8249
8250
8251
8252
8251
8253
8254
8270
8254
8255
8260
8261
8262
8270
8256
8257
8259
8258
8259
8261
8262
8270
8272
8273
8263
8270
8272
8273
8274
8264
8268
8265
8270
8271
8266
8270
8267
8269
8268
8273
8274
8275
8276
8275
8276
8277
8276
8277
8278
10092
8278
8280
10092
8279
10092
8280
10091
10092
16162
16210
8281
8282
10090
10091
10092
8282
8283
8284
9022
9063
9064
9079
9080
9081
16209
8285
9081
8286
8287
9072
9074
9075
8288
8291
8292
8293
9024
9072
8289
8292
9024
9025
8290
8292
8295
8296
8297
9024
9025
9027
9070
8291
8292
8294
8295
8296
9032
9034
9068
9070
9073
16211
8292
8293
8294
9072
9073
9074
16218
8293
8294
8295
9024
9070
9072
9073
8294
16218
8295
8296
9034
8297
8298
9027
9032
9033
9034
9036
9070
16211
8298
9025
9026
9027
9029
8299
9027
9029
9030
9031
9032
9033
9036
8300
8301
8306
8319
9030
9031
9033
9035
8301
9030
8302
8319
8320
8321
9030
8303
8320
8322
8304
8305
8319
8320
8365
10019
16217
8305
8306
8308
8319
9035
10019
16217
8306
8308
16217
8307
8308
8319
9033
9035
8308
8309
8310
8311
8317
8312
8313
8314
8316
8317
8313
8314
8315
8316
8317
8318
8314
8315
8317
8318
8320
9031
9035
10018
10019
8321
8322
8331
8365
10018
10019
8322
8331
8332
8333
9041
9042
9485
10018
8323
8330
8331
8332
8345
8362
8365
8324
8325
8328
8329
8330
8332
8362
8325
8343
8326
8346
8327
8328
8346
8328
8342
8329
8339
8354
8355
8362
9479
9481
8330
8354
8355
8362
8367
8331
8355
8362
8363
8365
8366
8367
8332
8361
8362
8363
8364
8365
9042
9485
9486
10018
8333
8339
8362
9485
8334
8335
8338
9040
9041
9042
9485
10014
8335
9049
8336
9053
8337
8338
9053
8338
9052
8339
8360
9484
9485
10013
10014
10026
10027
8340
8361
8362
9478
9481
9484
9485
8341
8342
8346
9050
9051
9052
9472
9476
10009
8343
8346
8347
8348
9471
9472
8344
8346
8347
9050
8345
8346
9050
8347
9050
9051
9472
8348
8349
8351
9471
9472
9474
8350
8351
9475
8351
9459
9475
8352
9471
9474
9475
8353
8354
9175
9479
9491
8355
8368
9479
9480
9481
9491
8356
8361
8362
8363
8367
8368
9480
9481
9482
8357
8363
8364
8366
8367
8368
8369
9482
9488
10284
16191
16192
8358
8854
8870
8871
9171
8359
8871
8872
9152
9154
9438
8360
8364
9486
9487
9488
10015
10016
10020
10129
16142
16143
16145
16192
8361
9042
9484
9485
9486
9487
10014
10015
10024
10026
10028
16143
8362
8363
9481
9482
9483
9484
9485
9486
9487
16192
8363
9481
9485
8364
8365
8366
8367
9482
9486
16192
8365
8366
9486
10018
10019
10020
16192
8366
10018
10019
8367
8368
10284
8369
9480
9482
9492
10283
10284
16191
8370
8372
9172
9492
10282
10283
10284
10291
16191
8371
8372
9174
9175
9492
10280
10282
10283
10289
10291
8372
9174
9175
9176
9178
9179
9453
9454
10279
10280
10289
8373
9161
10278
10279
10280
10281
10282
10288
10289
10290
10291
8374
8397
8398
8399
10280
10281
10282
8375
8393
8397
8399
9178
9181
10280
10281
8376
9176
9177
9178
9180
8377
8391
8392
8393
8378
8392
8379
8380
8381
8382
8387
8392
8393
8394
8380
8381
8393
8394
8395
8396
8399
8381
8395
8396
8382
8383
8384
8384
8387
8388
8385
8386
8386
8388
8390
8392
8394
8389
8391
8392
8393
8394
9181
9187
16155
8392
8400
8402
9180
9185
8393
8394
8394
8395
8399
8396
8397
8399
8398
8399
8401
8402
9185
9186
8403
8406
8455
9180
9183
9184
9185
8404
8406
9462
8405
9462
9463
16193
8406
8407
8408
16158
8407
16158
8408
8410
8455
16158
8409
8410
16158
16193
8410
8412
8415
8416
16158
8411
16158
8412
8458
8460
10196
8413
8414
10176
16159
8414
8416
8419
8451
10176
16159
8415
10176
8416
9466
8417
8418
16157
8418
8451
10207
16156
16157
8419
16157
8420
8451
8461
10199
8421
8452
8453
8461
8462
10199
8422
8423
8452
8453
10201
10202
8423
10201
10272
8424
10201
10202
10270
10271
8425
8426
10213
10214
10270
10271
8426
10214
10294
8427
8441
8442
10213
10214
8428
8441
8442
10309
10310
10338
10339
8429
10217
10263
10309
10339
8430
10262
10309
10310
10339
10341
8431
10260
10311
10312
10341
10342
8432
8433
10259
10312
10313
10342
8433
10258
10344
8434
10257
10314
10315
10317
8435
8436
10315
10317
10347
8436
10317
8437
8438
10314
10315
10317
8438
10170
8439
9997
9998
10159
10160
10161
10165
10166
16136
16151
8440
9999
10236
10245
10254
10255
10256
10313
10314
16136
8441
10242
10243
10244
10245
10302
10303
10304
10310
10311
10345
8442
9495
10140
10222
10223
10243
10270
10294
8443
8445
10173
8444
8445
10173
10328
10337
10338
8445
10173
10329
8446
10173
10211
10213
8447
8448
10174
10210
10213
10271
8448
10174
10209
8449
10174
10202
10208
10271
8450
8451
8452
10175
10202
10207
8451
10175
16156
8452
10175
8453
10175
8454
9496
9497
9499
10204
10270
10272
8455
8460
8461
8464
8465
8466
9183
9184
9497
9498
16159
8456
8457
8458
9184
9185
8457
8458
10177
8458
10192
10193
10194
8459
8460
10196
8460
10196
16201
8461
10196
16159
8462
10199
16159
8463
10199
8464
16117
8465
8466
9201
16117
16118
8466
9197
9198
9199
16201
8467
8468
9197
16102
16116
16117
8469
9192
9196
9197
8470
9192
9193
9195
8471
9193
8472
8474
9193
8473
8475
9193
9194
16125
16126
8476
9194
9219
16122
16124
16125
16126
16127
8477
9218
9219
9220
9221
8478
8479
8479
9219
8480
9216
9217
9218
16200
8481
9218
16200
8482
8484
9216
9218
9511
16200
8483
8484
9511
9514
8484
9508
9511
9517
9518
16190
8485
8486
9515
8486
9515
9516
8487
8489
8849
9515
9516
9518
8488
8489
8849
9518
9613
8489
8849
9518
9522
9523
9524
9929
8490
8491
8849
9611
8491
9611
9612
8492
8494
8848
9524
9611
9612
8493
8494
8848
9524
9614
8494
8848
9524
9528
9529
9530
9928
8495
8496
8848
9609
8496
9609
9610
8497
8499
8847
9530
9609
9610
8498
8499
8847
9530
9615
8499
8847
9530
9534
9535
9536
9927
8500
8501
8847
9608
8501
9608
16188
8502
8504
8846
9536
9608
16188
8503
8504
8846
9536
9616
8504
8846
9536
9540
9541
9542
9926
8505
8506
8846
9606
8506
9606
9607
8507
8509
8845
9542
9606
9607
8508
8509
8845
9542
9617
8509
8845
9542
9546
9547
9548
9925
8510
8511
8845
9604
8511
9604
9605
8512
8514
9291
9548
9604
9605
8513
8514
9291
9548
9618
8514
9291
9548
9552
9553
9554
9924
8515
8516
9291
9602
8516
9602
9603
8517
8519
9290
9554
9602
9603
8518
8519
9290
9554
9619
8519
9290
9554
9558
9559
9560
9923
8520
8521
9290
9601
8521
9601
16189
8522
8524
9289
9560
9601
16189
8523
8524
9289
9560
9620
8524
9289
9560
9564
9565
9566
9922
8525
8526
9289
9599
8526
9599
9600
8527
8529
9288
9566
9599
9600
8528
8529
9288
9566
9621
8529
9288
9566
9570
9571
9572
12479
8530
8531
9288
9597
8531
9287
9597
9598
8532
8534
9572
9597
9598
9660
8533
8534
9572
9622
9660
8534
9572
9576
9577
9578
9660
12480
8535
8536
9596
9660
8536
8543
9286
9596
8537
8539
8543
9578
9596
9659
8538
8539
9578
9623
9659
8539
9578
9582
9583
9591
9659
12481
8540
9592
9593
9595
9659
8541
8542
8543
8607
9593
9594
9595
8542
8544
8557
8558
8607
8608
9241
8543
8544
8607
9242
8544
8607
9596
8545
8607
8608
9240
8546
8609
9240
8547
8553
8554
8608
8609
8548
8552
8587
8609
8549
8550
8552
8587
8610
8550
8610
8551
8573
8574
8576
8610
8552
8567
8568
8572
8573
8576
8611
8553
8566
8567
8587
8611
8554
8566
8611
8555
8556
8557
8608
16199
8556
8565
8566
8588
16199
8557
8562
8563
8564
16199
8558
9241
16199
8559
8561
8562
8606
9241
9594
8560
8561
8606
9243
9594
8561
8606
9589
9594
9625
9626
16187
8562
8599
8600
8606
9244
8563
8606
8564
8598
8599
8615
8616
8565
8612
8614
8566
8569
8588
8612
8613
8614
8567
8568
8588
8611
8568
8611
8569
8570
8571
8589
8611
8570
8589
8590
8593
8612
8613
8571
8589
8590
8833
8572
8589
8590
16216
8573
8574
8576
16216
8574
8576
8832
8575
8576
8577
8587
8589
8578
8579
8585
8586
8587
8580
8583
8584
8581
8582
8582
8584
8586
8588
8589
8676
8590
8677
8591
8592
8592
8593
8635
8636
8677
8594
8612
8613
8614
8635
8677
8595
8617
8618
8619
8635
8636
8677
8596
8614
8615
8617
8618
8676
16214
8597
8598
8617
16214
8598
8604
8624
8625
8632
16215
8599
8604
8615
8616
8600
8616
9244
8601
8603
8604
8605
9244
16187
8602
8603
8605
9246
16187
8603
8605
9630
9631
9726
9727
16187
8604
8605
8625
8626
9245
8605
8606
8616
8631
8632
8633
9283
9284
9657
16187
8607
8616
8830
9284
9285
9594
9658
16199
8608
8609
8831
9285
9286
9659
16199
8610
8611
8831
8832
8836
9286
16199
8611
8832
8836
8612
8831
8832
8833
16199
8613
8614
8616
8617
8634
8830
8833
16199
8614
8615
8676
8616
8676
8617
8632
8633
8634
8830
9284
16199
8618
8619
8632
8633
8634
8641
8670
16214
8619
16214
8620
8638
8640
8678
16214
8621
8639
8640
8656
8670
8671
8678
8622
8670
8671
8672
8675
16214
16215
8623
8624
8670
8672
8624
8630
8661
8662
8669
8673
8625
8630
8632
16215
8626
8632
9245
8627
8629
8630
8631
9245
9727
8628
8629
8631
9247
9727
8629
8631
9635
9636
9727
9785
9786
8630
8631
8662
8663
9248
8631
8632
8668
8669
8827
9282
9283
9656
9727
8633
8641
8669
8670
8827
9283
16215
8634
8641
8827
8828
8829
8830
9283
9284
8635
8641
8829
8830
8833
8636
8677
8637
8638
8677
8638
8639
8640
8678
8640
8678
8680
8681
8641
8678
8642
8654
8670
8827
8828
8643
8651
8644
8652
8828
11950
11953
11962
8645
8652
11901
11953
11962
16213
8646
8648
8650
8652
11900
11901
16213
8647
8650
8651
8648
8649
8650
8734
8738
8649
8650
8735
8736
8737
11899
11902
16213
8650
8732
8733
8734
8735
8736
8737
8738
8742
11976
8651
8652
8734
8735
16213
8652
8654
8734
8653
8735
11962
16213
8654
8826
8827
8828
9282
9868
11961
11962
11978
8655
8669
8670
8699
8826
8827
11979
8656
8657
8679
8680
8682
8657
8670
8671
8672
8679
8680
8658
8679
8682
8685
8699
8700
8659
8672
8673
8674
8699
8700
8701
8660
8661
8699
8701
8661
8667
8690
8691
8698
8702
8662
8667
8669
8673
8663
8669
9248
8664
8666
8667
8668
9248
9786
8665
8666
8668
9250
9786
8666
8668
9640
9641
9784
9786
16181
8667
8668
8691
8692
9249
8668
8669
8697
8698
8826
9281
9282
9655
9786
8670
8673
8698
8699
8826
8827
9282
8671
8672
8699
8827
8672
8673
8674
8674
8675
8679
8703
8676
8678
16214
16215
8677
8678
8679
8680
8682
8704
8681
8682
8683
8684
8684
8685
8704
8705
8706
8686
8699
8700
8701
8704
8705
8687
8704
8705
8706
8709
8723
8724
8688
8701
8702
8703
8723
8724
8725
8689
8690
8723
8725
8690
8696
8714
8715
8722
8726
8691
8696
8698
8702
8692
8698
9249
8693
8695
8696
8697
9249
16181
8694
8695
8697
9251
16181
8695
8697
9645
9646
9782
9783
16181
8696
8697
8715
8716
9252
8697
8698
8721
8722
8825
9280
9281
9654
16181
8699
8702
8722
8723
8825
8826
9281
11979
8700
8701
8723
8826
11979
8701
8702
8703
8703
8704
8727
8705
8706
8728
8706
11979
8707
8708
8708
8709
8728
8729
8730
8710
8723
8724
8725
8728
8730
8711
8728
8729
8730
8814
8815
8816
8712
8725
8726
8727
8814
8815
9270
8713
8714
8814
9270
8714
8720
8821
8822
8823
9271
8715
8720
8722
8726
8716
8722
9252
8717
8719
8720
8721
9252
9783
8718
8719
8721
9254
9783
8719
8721
8777
9650
9651
9781
9783
8720
8721
8776
8822
9253
8721
8722
8774
8823
8824
9280
9652
9653
9783
8723
8726
8731
8814
8823
8824
8825
9280
8724
8725
8731
8814
8825
11979
8725
8726
8727
8727
8728
9269
8729
8730
9272
8730
9273
9274
8731
8732
8733
8814
8824
8825
9277
9279
11979
8733
8734
8735
8825
9279
11975
11976
11978
11979
8734
8738
8742
8743
11976
8735
11979
8736
11975
11976
11978
16213
8737
11902
11975
11976
11977
16213
8738
8740
8742
11898
11902
11976
11977
8739
8742
8740
8741
8742
8743
8747
8741
8742
8744
8745
8746
11896
11897
11977
8742
8743
8744
8745
8746
8747
8751
8752
8753
8743
8744
11976
11977
8744
8752
9277
8745
8753
9278
11976
11977
11995
8746
8753
9856
11896
11977
11995
8747
8749
8751
8753
9856
10817
11896
8748
8751
8752
8749
8750
8751
9854
8750
8751
9855
9856
10818
16001
8751
9852
9853
9854
9855
9857
10834
8752
8753
9854
9855
9856
8753
8755
9854
8754
9855
9856
11995
8755
9278
9860
9861
9862
11773
11777
11994
11995
8756
8812
8813
9277
9860
9861
11769
11778
8757
8758
11781
11782
11784
8758
8813
8817
11771
11772
11782
11784
8759
8801
8802
8812
11781
11784
8760
8800
8801
8812
9268
11770
11771
8761
8762
8800
8812
8762
8772
8797
8798
8799
11768
8763
8772
8820
11769
11770
8764
8771
8820
9256
11769
8765
8766
8771
8774
8775
8776
9256
8766
8774
8776
8777
9255
8767
8774
8777
8781
8782
9780
8768
8769
8771
8773
8782
8783
9780
8769
8770
8771
8773
9258
8770
8773
8786
8787
8795
9779
8771
8772
8773
8796
8797
9257
8772
8773
9256
8773
8774
9860
11766
11768
11769
11773
11775
11776
8775
8776
8777
8823
9652
9861
11769
11773
11774
8776
8820
8821
8777
8822
9253
8778
9651
9781
8779
8781
9650
9651
9753
9781
11774
8780
8781
9753
9791
11774
8781
9753
9757
9758
9759
11774
12726
8782
8783
9780
11774
8783
9780
11773
8784
8786
9759
9780
11775
8785
8786
9759
9792
11775
8786
9759
9763
9764
9765
11775
12727
8787
8788
9779
11775
8788
8795
9779
11776
8789
8791
8795
9765
9779
11802
8790
8791
9765
9793
11802
8791
9765
9769
9770
9771
11802
13651
8792
9775
9776
9778
11802
8793
8794
8795
9776
9777
9778
11766
8794
8796
8809
9260
11766
11767
8795
8796
9259
11766
8796
9779
11766
8797
9257
11766
11767
8798
9257
11768
8799
8805
8806
11767
11768
8800
8804
9267
11768
8801
8802
8804
8812
9267
8802
8812
8803
8812
11779
11780
11785
8804
8811
11779
11785
11786
11789
11793
8805
8811
9267
11792
11793
8806
8811
11792
8807
8808
8809
8810
11767
8808
8810
9266
11791
11792
8809
8810
9846
9847
8810
9260
8811
9849
9851
9859
11765
11766
11768
8812
9851
9859
11768
11778
11789
11792
11793
8813
9860
11768
11769
11778
8814
8817
8818
8819
8823
9277
9861
11769
11771
11772
8815
8816
8823
8824
9270
9277
8816
9270
8817
9270
9272
9273
9276
8818
9272
9275
9276
11772
8819
9269
9270
9271
11771
11772
8820
8821
11771
8821
11769
11770
8822
8823
9271
8823
9253
8824
9271
9277
9652
9861
11769
8825
9277
9278
9279
9280
9652
9861
8826
9279
9280
9281
11978
11979
8827
9281
9282
11978
11979
8828
9282
9283
9868
8829
9283
9868
9870
11962
8830
8834
9284
11948
11949
11950
8831
8833
8834
9284
9285
16199
8832
8833
8834
8835
8836
9285
9286
16199
8833
8835
8836
8834
16199
8835
9285
11945
11949
11951
8836
8837
9286
9662
11938
8837
9286
9287
8838
9286
9287
9660
9661
9662
11936
11937
11938
8839
9661
9662
9663
9875
9881
11933
11934
11935
11936
11937
11939
8840
9664
9882
9884
9885
9886
9887
11934
11935
11936
11937
8841
9394
9665
9667
9668
9883
9884
9885
9886
9887
9888
9892
8842
9292
9293
9666
9667
9668
9669
9888
9889
9890
9892
8843
8844
9292
9293
9294
9300
9670
9675
9676
9889
9890
16182
8844
9291
9292
9293
16182
16183
8845
9291
9292
9300
9547
9670
9671
9672
9676
16182
8846
9291
9542
9671
9672
8847
9302
9304
9536
9672
8848
9165
9303
9304
9530
8849
8857
8858
9164
9165
9524
8850
8853
8858
9163
9518
8851
8852
8853
8855
8857
8858
8859
16205
8852
16205
8853
8854
8855
8859
8861
8863
8870
8854
8855
8858
9162
9163
9170
16190
8855
8870
8871
9162
9170
9171
8856
8858
8859
8861
8870
9163
9169
9170
9345
8857
8858
8859
8860
9164
9165
9166
9167
9168
9169
9298
9345
8858
8859
9165
9166
16202
16205
8859
9163
9164
9165
9169
9523
8860
8861
9166
9345
16202
16205
8861
9166
9167
9297
9344
9345
16202
8862
8863
8869
8870
9345
8863
8864
8865
8866
8869
9343
16204
8864
8869
16204
8865
8866
16204
8866
8869
8876
9343
8867
8868
8870
8873
9343
8871
8872
9170
9345
8872
9154
9159
9170
9171
9438
10674
8873
9153
9154
9155
9156
10674
8874
8876
8877
9342
9343
8875
8877
9153
9317
8876
8877
9318
8877
9319
9343
8878
9317
9318
9319
9342
9343
8879
9315
9316
9317
9318
9319
9320
9324
9325
9341
9342
8880
9316
9324
9325
9326
9327
9339
9340
9341
9346
8881
9326
9327
9328
9335
9336
9337
9338
9339
9340
8882
9333
9334
9335
9336
9337
9338
9356
9357
16196
8883
9333
9334
9354
9355
9356
9357
9358
9360
9361
9389
8884
9355
9360
9361
9362
9363
9387
9388
9389
16194
8885
9362
9363
9364
9369
9370
9386
9387
9388
11942
8886
9369
9370
9371
9372
9385
9386
11941
11942
11943
8887
9371
9372
9373
9380
9381
9382
9383
9384
9385
11941
8888
9378
9379
9380
9381
9382
9383
10753
10754
10760
10761
8889
9378
9379
10752
10753
10755
10756
10757
10758
10761
10762
10769
8890
8964
8965
9377
9378
9379
10756
10757
10759
8891
8892
8960
8964
8965
9377
10531
10532
8892
8965
8966
9376
9377
10533
10536
8893
8894
8895
8965
10441
10531
10532
10533
10536
8894
8895
10439
10441
10534
10535
8895
10537
10538
10636
8896
10441
10443
10635
8897
10443
10445
10530
10531
10635
8898
10530
10531
10633
10634
8899
10528
10529
10542
10548
10633
10634
8900
10528
10542
10548
10632
8901
8902
10528
10542
10545
10546
10548
8902
8903
8963
10545
10546
8903
10527
10546
10549
10550
10551
8904
8905
10545
10546
8905
12618
8906
10551
10552
10630
8907
8908
10552
10553
10630
8908
12619
8909
10455
10456
12626
8910
8911
10456
10457
12626
8911
12628
8912
10458
10459
12625
8913
8914
10459
10460
12625
8914
12629
8915
10461
10462
12624
8916
8917
10462
10463
12624
8917
12630
8918
10464
10465
12639
8919
8920
10465
10466
12639
8920
12641
8921
10467
10468
12638
8922
8923
10468
10469
12638
8923
12642
8924
10470
10471
12637
8925
8926
10471
10472
12637
8926
12643
8927
8928
12637
12643
12644
12645
12658
12660
12661
8929
8930
10476
12636
12644
12645
12646
8930
10473
10474
10476
8931
8932
10476
11858
11859
8932
11858
12645
8933
11858
11859
12646
8934
8941
8943
12646
8935
8941
8942
8943
8936
8938
8937
8938
16018
8938
8939
8942
16017
8940
8942
10479
10480
16017
8941
10477
10479
8942
8943
10477
11859
8943
16017
8944
11857
11858
11860
11871
8945
8946
11867
11868
11870
8946
8947
10846
10847
11865
11866
11867
11868
8947
10847
11860
8948
10846
11861
11863
11865
11868
8949
10810
11908
12784
16002
8950
10471
10473
10488
10509
11861
12785
8951
10468
10489
10509
10510
10807
11908
8952
10465
10510
10514
11883
11887
11907
11911
8953
10514
10515
10516
10517
10518
10576
11883
11887
11907
8954
10517
10518
10519
10520
10576
10577
10788
11883
11884
8955
10517
10519
10520
10523
10577
8956
10782
11904
8957
10523
10777
10780
8958
10522
10774
10776
8959
8961
8962
10522
10525
10773
10774
8960
8961
8962
8963
10521
10522
10525
10526
10527
10595
10596
8961
8962
8963
8964
10528
10531
10595
8962
10522
10595
8963
10525
10771
10773
8964
10526
10527
10528
10595
10770
8965
10528
10531
10532
10541
10756
8966
9377
9379
10532
10533
8967
8986
9376
9380
10431
10533
10536
8968
9371
10431
10432
8969
8971
8977
8982
10431
10432
8970
8982
8971
8972
8977
10432
8973
8976
8977
8974
8976
16212
8975
8976
8977
8978
8979
8979
8980
8981
10423
10425
10426
8982
8983
10426
10427
10428
10643
8983
8984
10429
10430
10431
8985
10427
10429
10431
8986
8987
10429
10431
10641
10642
8987
8988
10641
10642
8988
10533
10641
8989
10640
10641
10642
10649
8990
8994
10640
10649
8991
8992
8993
10640
10649
8992
8993
9379
8993
8994
10639
10648
12611
12612
12613
12616
12675
8995
10637
10639
10641
10648
12611
12613
8996
10427
10641
10643
10645
10648
12610
8997
10421
10423
10426
10643
10645
12609
8998
10418
10421
10423
10425
12608
8999
10417
10418
9000
10413
10416
9001
9003
10413
9002
9004
10410
10411
10413
10416
9005
10403
10409
9006
10398
10402
10403
9007
10386
10397
10398
9008
10383
10385
10386
9009
10382
10383
9010
10380
10381
10382
10383
9011
9067
9088
9012
9013
9067
9088
10381
16072
9013
9067
9131
16059
16071
9014
9015
9067
9088
9089
16062
9015
9125
9126
9130
9131
16062
9016
9017
9018
16062
16207
9017
9083
9084
9089
9090
16207
9018
16061
16207
9019
9126
9127
16046
16207
9020
9021
16046
9021
9116
9022
9080
9081
9082
16207
16209
9023
9064
9066
9071
9076
9080
9081
9082
16207
16208
9024
9025
9027
9028
9063
9064
9065
9068
9069
9070
9071
9076
9025
9070
9071
9072
9073
9026
9027
9028
9063
9070
9027
9028
9029
9063
9028
9029
9036
9069
9070
16211
9029
9063
9064
9065
9069
10040
9030
9036
9038
9039
9031
9039
9041
9032
9033
9035
9036
10017
10021
9033
9034
9035
9036
10021
16211
9034
9035
9037
9069
10021
16211
9038
9043
9044
10016
10017
10021
10022
10041
16171
9039
9040
9041
9043
9044
9045
10023
10040
9040
9041
9041
9043
9045
10013
10014
10023
9042
9043
10014
10017
9043
9485
9486
10014
10015
10017
10018
10020
9044
10014
10015
10016
10017
10022
10023
10024
9045
9150
10022
10023
10040
10041
10042
10047
10048
16171
9046
10023
10040
10043
10047
9047
9048
10034
10035
10036
10037
10072
10076
9049
9053
9054
10011
10035
10036
9050
9051
9052
9053
9054
9051
9052
9053
10009
9053
10008
10009
10010
10011
9054
10010
10011
10035
9055
10036
9056
9057
9060
10036
9058
9060
9061
9059
9060
9061
9061
10037
10074
9062
10074
9063
9064
9065
9066
9076
9078
9079
9080
9066
9069
9076
9077
9078
10040
10041
10042
16172
9067
9076
9077
9078
9079
9080
9127
9128
9130
10045
16207
9068
9076
9077
9088
9089
9130
10049
16074
16172
16207
16208
9069
9070
9071
9073
9076
16172
16208
16211
9070
9076
10041
16172
16211
9071
9073
16211
9072
9073
9076
9082
16208
9073
9074
9075
9077
16172
16207
16208
9078
9130
10041
10042
10045
10049
10050
16074
16172
9079
9120
10040
10042
10043
10044
10045
10046
9080
9118
9119
10044
10094
9081
16045
16207
16209
9082
16209
9083
16207
16208
9084
9085
9090
9085
9087
9089
9090
16208
9086
9090
9087
9088
16208
9089
9090
9091
9115
16061
16062
9092
9099
9100
9115
16061
16063
9093
9099
9116
16063
16064
9094
9095
9099
9096
9098
9099
9097
9098
9098
9102
9103
9114
9099
9100
9101
9102
9100
9115
9101
9102
9115
9102
9114
9115
9103
9114
9104
9106
9112
9114
9105
9107
9108
9112
9113
9114
9106
9107
9108
9108
9110
9109
9111
9110
9111
9113
9117
16046
16061
16063
16064
16065
9118
16043
16046
16048
16065
16067
16068
16069
9119
16068
16069
9120
9128
10096
16043
16044
16045
9121
9128
16043
16044
9122
9128
9129
9136
10045
16043
16044
9123
9124
9136
10045
16047
9124
9132
9133
9134
9135
16047
9125
9126
9129
9130
9131
16047
9126
9130
9131
16060
9127
9129
9130
16046
9128
16046
9129
16043
16045
9130
16043
9131
9134
10045
16074
16207
9132
16059
16071
9133
9134
16059
16070
16071
9134
16058
9135
10045
10050
16074
9136
9137
16042
9137
10045
10099
10100
16042
9138
9139
10100
10101
16042
9139
16050
9140
10103
10104
16041
16077
9141
9146
9147
10104
10105
16041
16077
9142
9146
9147
16051
9143
9144
9145
9146
9147
16206
9144
9147
16024
9145
9147
10116
10117
16026
16027
9146
9147
9147
16040
9148
10051
10052
10107
10108
9149
10051
10052
10108
10109
10111
10112
10113
10115
10116
16149
9150
10042
10046
10047
10048
10050
10051
10052
10112
10113
16094
9151
10022
10023
10024
10025
10047
10048
10111
10112
10113
16144
9152
10016
10022
10048
10049
10113
10120
10126
10128
10129
16094
16144
16145
16171
9153
9154
9154
9155
10673
10735
9155
9405
9438
10673
10674
9156
9157
9314
9404
10672
10673
10674
10735
9157
9311
9314
9315
9342
9344
9345
10735
9158
9169
9309
9310
9314
9403
9404
10672
10674
10681
9159
9163
9169
9170
9309
9404
9945
9946
9947
9948
10674
10676
9160
9162
9170
9171
9405
9438
9938
9939
9940
9941
9942
10674
9161
9171
9172
9437
9438
9935
9936
9937
9985
10138
10141
10237
10241
16134
16141
16154
9162
9171
9172
9500
9502
9503
9504
10141
10288
10290
10291
10295
16154
9163
9170
9171
9505
9506
9507
9508
9509
9164
9169
9170
9519
9520
9521
9522
9980
9165
9168
9169
9303
9309
9525
9526
9527
9528
9978
9166
9168
9298
9303
9304
9529
9167
9297
9298
9305
16202
9168
9297
9298
9306
9311
9344
9345
9169
9298
9303
9307
9308
9309
9310
9954
9170
9309
9345
9949
9171
9944
10674
9172
9438
9943
9173
9488
9489
9492
9493
10137
10138
10288
10291
16141
16154
16191
9174
9451
9480
9489
9490
9491
9492
9493
9494
10134
10136
10137
9175
9452
9454
9491
9492
9493
9494
10289
10291
9176
9454
9491
9177
9178
9179
10280
9178
9179
9180
9183
9179
9180
9181
9182
10279
10280
10281
9180
9182
9183
9453
9454
9497
10279
9181
9182
9183
9184
9182
10277
10278
10279
10281
16155
9183
9184
9453
9497
9498
10277
10278
10279
10285
9184
9497
9185
9198
9497
9498
10277
9186
9187
9191
9188
10277
16155
9189
10275
9190
9192
9191
9192
9192
9193
9195
9196
9197
9194
9195
9195
16122
16123
16124
16125
9196
16121
16122
16123
9197
16115
16116
16121
16128
9198
9199
10276
16116
16117
16201
9199
9200
9201
9498
10276
9201
9498
16116
9202
9203
9498
16117
16118
9203
10274
16117
9204
9499
16117
16118
9205
9499
16119
9206
10273
16119
9207
10273
16111
9208
9209
10273
16112
9209
9211
9500
16112
9210
10295
16112
9211
9503
9933
10143
10295
9212
9500
9501
9503
9933
9213
9214
9500
9501
9513
9214
9513
10286
9215
9216
9513
9216
9501
9502
9510
9511
9512
9217
9218
16200
9218
9219
9220
9512
9513
9514
9515
16200
9220
9513
16122
16124
16128
9221
9223
9514
9515
9222
9223
9515
9223
9224
9225
9611
9224
9515
9611
9613
9225
9226
9609
9611
9614
9226
9609
9227
9608
9609
9615
9228
9230
9606
9608
9616
9229
9230
9606
9230
9231
9232
9604
9231
9604
9606
9617
9232
9234
9602
9604
9618
9233
9234
9602
9234
9235
9236
9601
9235
9601
9602
9619
9236
9238
9599
9601
9620
9237
9238
9599
9238
9239
9240
9597
9239
9597
9599
9621
9240
9242
9596
9597
9622
9241
9242
9596
9242
9243
9244
9595
9243
9595
9596
9623
9244
9246
9595
9624
9625
9245
9246
9625
9246
9247
9248
9726
9247
9625
9725
9726
9248
9250
9726
9785
9787
9249
9250
9785
9250
9251
9252
9784
9251
9784
9785
9788
9252
9254
9782
9784
9789
9253
9254
9782
9254
9255
9256
9781
9255
9781
9782
9790
9256
9258
9780
9781
9791
9257
9258
9780
9258
9259
9260
9779
9259
9779
9780
9792
9260
9261
9778
9779
9793
9261
9778
9262
9778
9794
9795
9263
9795
12376
12377
13187
9264
9810
9811
11808
12377
13186
13187
9265
11808
11809
9266
9842
9845
9848
11809
9267
11791
11792
11798
9268
11785
9269
11770
11771
11784
9270
9271
9272
9271
9273
9275
9276
11784
9274
9275
9276
9276
11782
11783
9277
9278
9861
9279
9652
9861
9862
11987
11995
9280
11974
11975
11976
11978
9281
9646
9652
9653
9654
11973
9282
9641
9654
9655
11966
11978
9283
9636
9655
9656
9868
11960
9284
9631
9656
9657
9868
9869
9285
9626
9657
9658
11947
9286
9593
9658
9659
11946
16199
9287
9659
9660
9661
9288
9660
11937
9289
9566
9660
9882
9884
11937
9290
9560
9668
9883
9884
9291
9292
9554
9668
9669
9292
9548
9670
9293
9553
9668
9669
9670
9889
9294
9666
9667
9890
16182
16183
9295
9666
9675
9890
9891
16182
16183
9296
9300
9673
9674
9675
16182
9297
9299
9305
9306
9347
9673
9674
16184
9298
9305
9306
9299
9303
9304
9305
9306
9307
9300
9301
9302
9304
9305
9306
9307
9348
9672
9673
9674
9301
9671
9672
9673
9674
9675
9676
16182
9302
9307
9348
9398
9399
9400
9671
9672
9674
9676
9964
9303
9304
9307
9399
9537
9538
9539
9540
9671
9672
16174
9304
9307
9308
9531
9532
9533
9534
9976
9305
9307
9535
9672
9306
9673
16184
9307
9312
9347
9348
9674
9308
9348
9399
9401
9959
9309
9310
9399
9401
9402
9955
9956
9957
9958
12510
9310
9403
9950
9951
9952
9953
10683
9311
9313
9314
9401
9402
9403
10733
12511
9312
9313
9314
9315
9341
9344
10734
9313
9340
9347
9348
9349
9350
9401
10736
9314
9349
9401
9402
10732
10733
10734
10736
9315
9403
10672
10733
10734
10735
9316
9317
9341
9342
9344
10734
10735
9317
9325
9339
9341
10734
9318
9342
10735
9319
9325
9320
9321
9324
9342
9343
9321
9324
9341
9342
9343
9344
9346
9322
9324
9323
9325
9327
9341
9346
9326
9327
9335
9339
9328
9329
9336
9340
9346
16197
9329
9336
9337
9340
9346
9347
16196
9330
9331
9336
16197
9331
16198
9332
9336
16197
9333
9359
9334
9336
9357
9358
9359
9360
16196
9335
9356
9361
9336
9338
9337
16196
9338
9340
9347
9350
9357
16196
9339
9356
10737
9340
10736
9341
9346
9347
9342
9344
9346
9343
9344
9345
9348
9350
9674
9349
9350
9399
9400
9401
9674
9350
9352
9400
9401
10727
10731
10732
10736
10737
9351
9352
9400
9674
10737
9352
9353
9354
9357
9390
9675
9891
10729
10738
9353
9400
10728
10729
10730
10731
10737
10738
9354
9390
9392
10729
10730
10738
10739
12459
12460
12461
9355
9356
9357
9389
9390
9891
10738
10739
9356
9361
9387
9389
10739
9357
10738
9358
9389
9891
16196
9359
9360
9389
9891
16194
16196
9360
9361
9363
9389
16194
9362
9363
9370
9387
9364
9365
9368
9369
9388
16194
9365
9369
9388
9893
11942
11943
16194
9366
9368
9369
9367
9370
9372
11942
11943
9371
9386
9372
9380
9385
9373
9374
9381
11941
11943
9374
9381
9382
10760
11940
11941
11943
9375
9376
9381
9376
16195
9377
9381
9378
10759
9379
9381
10757
10758
10759
10760
10761
9380
10753
10754
10755
10756
9381
9383
10754
9382
10760
9383
9384
9898
10760
10761
11940
11941
9384
9385
10747
10753
10754
9385
9895
9897
9898
10744
10747
11940
11941
9386
10744
11941
9387
10743
11942
9388
10740
9389
9391
9893
11942
16194
9390
9891
16194
9391
9392
9890
9891
10739
12460
9392
9393
9394
9395
9892
9893
9894
10740
9393
9395
10739
10740
10741
12458
12460
12461
12531
9394
9395
9894
9896
9908
10740
10742
10743
12456
12457
12531
9395
9886
9887
9888
9892
9893
9894
9907
9908
9396
9888
9907
9908
10708
12457
12458
12460
12531
9397
9669
9683
9684
9685
9686
9888
9889
9907
10703
12458
12460
9398
9670
9676
9678
9679
9680
9681
9889
10729
12459
12460
12472
9399
9400
9671
9676
9965
9966
9967
9968
10692
10728
10729
9400
9401
9960
9961
9962
9963
10727
12515
9401
10727
10728
10729
10731
16004
9402
10727
10732
12513
9403
10727
10732
10733
12500
12501
12502
12503
12504
12505
9404
10665
10666
10667
10668
10669
10672
10682
10733
9405
10672
10673
10674
10677
10678
10679
10680
12525
12526
9406
9438
10369
10370
10371
10372
10373
10374
10673
10674
9407
9439
9984
10372
10373
9408
9439
9440
9984
10376
9409
9410
9440
9441
9984
9410
9442
9443
10360
9411
9412
16090
9412
9415
9443
9446
9447
16090
9413
9415
16090
9414
16080
9415
9416
9417
9418
9419
16080
16173
9416
16090
16173
9417
9445
9446
9996
10359
16173
9418
10358
16173
9419
16081
16082
16173
9420
9425
16173
9421
9422
9424
9425
16082
9422
9426
9427
16034
16082
9423
16029
16030
9424
16029
16030
16031
9425
9426
16028
16029
16079
16080
16081
16091
9427
16029
16034
16038
16081
16083
9428
9429
9434
9997
9998
16173
9430
9431
10169
16087
16089
16160
9432
9433
10169
16087
9433
9434
9435
9447
9448
9997
9998
16137
16147
16173
9436
9447
9448
10029
10130
10131
16137
16138
16146
16147
16148
9437
9449
10028
10130
10131
10132
10134
10135
16137
16138
16139
16140
9438
9488
9986
9987
10129
10130
10138
16134
16138
16139
16140
16141
16142
16148
9439
10674
16095
9440
9984
9985
9986
16095
9441
9984
9986
9442
9984
9986
16148
9443
9987
9988
10360
16148
9444
9446
9447
9988
10360
9445
9448
9988
9989
10360
9446
9448
9990
9995
9996
10359
9447
10359
9448
16138
16146
16148
16173
9449
9997
9998
16135
16136
16137
16138
16151
16173
9450
9999
10135
10236
10245
10246
16134
16135
16136
16137
16138
16139
9451
10134
10135
10136
10137
10138
10139
10242
10243
10244
10245
10246
16139
9452
9493
9494
9495
10136
10137
10139
10140
10243
10292
16154
9453
9454
9493
9494
9495
9496
10269
10287
10288
10289
10292
9454
9496
9497
9499
10279
10285
10287
10289
10290
9455
9494
9496
10289
9456
9457
9457
9458
9467
9468
9469
9475
10206
9459
9461
9466
9467
16157
9460
9475
9461
9462
9466
16158
9463
9466
16158
16193
9464
9465
9467
16157
16158
9468
10206
16156
16157
9469
10206
10209
10325
10330
9470
9474
10325
10326
10330
9471
9473
9474
10006
10325
10326
9472
9473
9474
9476
9473
9476
10009
9474
9476
10006
10007
10326
9475
9477
10006
10007
10008
10009
9478
9479
9481
9483
9484
9490
10027
10132
10133
9480
9481
9490
9491
9481
9482
9483
9489
9490
9491
9492
16191
9482
9483
9484
9490
9483
9487
9488
9489
16191
16192
9484
9487
9488
9489
9490
10028
10132
10134
16140
9485
9487
10026
10027
10028
10132
9486
10014
9487
10015
10018
10020
16192
9488
10028
16140
16142
16143
16192
9489
16140
16141
16142
16191
16192
9490
9492
10134
10137
16140
16141
16191
9491
10132
10133
10134
10136
9492
9494
9493
10291
16191
9494
10137
10288
10289
10291
10292
16154
9495
10136
9496
10140
10243
10269
10270
10292
10294
9497
9499
10269
10270
10272
10287
9498
9499
10285
16118
9499
10274
10275
10277
10285
10286
9500
10269
10272
10273
10274
10285
10287
9501
10273
10274
10278
10285
10286
10287
10288
10290
10295
9502
9512
9503
9504
9509
9510
9512
9504
9933
10143
9505
9934
9935
9943
10142
9506
9507
9509
9934
9942
9943
9507
9508
9509
9932
9508
9941
9944
9979
9980
9509
9517
9519
16190
9510
9511
9512
9511
9512
9512
9513
9514
9517
9932
9933
9934
9514
9933
16113
16114
16128
9515
9517
9613
9932
9516
9517
9611
9613
9518
9519
9613
9929
9931
9932
9979
16190
9519
16190
9520
9522
9980
16190
9521
9522
9931
9980
9522
9948
9949
9977
9978
9980
9523
9525
9929
9524
9525
9929
9525
9929
9526
9528
9929
9978
9527
9528
9930
9978
9528
9953
9954
9975
9976
9978
9529
9531
9928
9530
9531
9928
9531
9928
9532
9534
9928
9976
9533
9534
9973
9976
9534
9958
9959
9974
9976
16174
9535
9537
9927
9536
9537
9927
9537
9927
9538
9540
9927
16174
9539
9540
9972
16174
9540
9963
9964
10689
10690
16174
9541
9543
9926
9542
9543
9672
9926
9543
9926
9544
9546
9671
9926
10690
9545
9546
9671
9971
10690
9546
9671
9677
9968
9969
9970
10690
9547
9549
9671
9925
9548
9549
9925
9549
9925
9550
9552
9670
9925
9970
9551
9552
9670
9970
12475
9552
9670
9681
9682
9970
12491
12492
9553
9555
9670
9924
9554
9555
9924
9555
9924
9556
9558
9669
9924
12492
9557
9558
9669
12476
12492
9558
9669
9686
9687
12492
15937
15938
9559
9561
9669
9923
9560
9561
9668
9923
9561
9923
9562
9564
9883
9923
15938
9563
9564
9883
12477
15938
9564
9691
9692
9883
9920
9921
15938
9565
9567
9883
9922
9566
9567
9884
9922
9567
9922
9568
9570
9882
9921
9922
9569
9570
9882
9921
12478
9570
9696
9697
9882
9921
12486
12487
9571
9573
9882
12479
9572
9573
11937
12479
9573
9660
12479
9574
9576
9881
12479
12487
9575
9576
9881
12483
12487
9576
9701
9702
9881
12484
12485
12487
9577
9579
9881
12480
9578
9579
9661
12480
9579
9659
12480
9580
9582
9880
12480
12485
9581
9582
9880
12482
12485
9582
9706
9707
9880
12485
12575
15935
9583
9584
9880
12481
9584
9591
11946
12481
9585
9587
9591
9879
12481
15935
9586
9587
9879
12573
15935
9587
9711
9712
9720
9879
12574
15935
9588
9721
9722
9724
9879
9589
9590
9591
9658
9722
9723
9724
9590
9592
9625
9626
9627
9658
9591
9592
9624
9658
9592
9658
12481
9593
9594
9595
9658
9594
9595
9595
9596
9623
9624
9625
12481
9597
9622
9623
12480
9598
9599
9621
9622
12479
9600
9601
9620
9621
9922
9602
9619
9620
9923
16189
9603
9604
9618
9619
9924
9605
9606
9617
9618
9925
9607
9608
9616
9617
9926
9609
9615
9616
9927
16188
9610
9611
9614
9615
9928
9612
9613
9614
9929
9614
9929
9931
9615
9928
9929
9930
9616
9927
9928
9973
9617
9926
9927
9972
9618
9925
9926
9971
9619
9924
9925
12475
9620
9923
9924
12476
9621
9922
9923
12477
9622
9922
12478
12479
9623
12479
12480
12483
9624
12480
12481
12482
9625
9724
9725
12481
12573
9626
9627
9724
9725
9726
16187
9627
16187
9628
9630
9657
9723
16187
9629
9630
9657
9723
9725
9630
9657
9718
9723
9728
9729
16177
9631
9632
9657
9726
9632
9726
9727
9633
9635
9656
9726
9727
9729
9634
9635
9656
9729
9787
9635
9656
9729
9733
9734
9735
12720
9636
9637
9656
9785
9637
9785
9786
9638
9640
9655
9735
9785
9786
9639
9640
9655
9735
9788
9640
9655
9735
9739
9740
9741
12721
9641
9642
9655
9784
9642
9784
16181
9643
9645
9654
9741
9784
16181
9644
9645
9654
9741
9789
9645
9654
9741
9745
9746
9747
12724
9646
9647
9654
9782
9647
9782
9783
9648
9650
9653
9747
9782
9783
9649
9650
9653
9747
9790
9650
9653
9747
9751
9752
9753
12725
9651
9653
9781
9652
9781
9653
9861
9862
11773
11774
11986
9654
9747
11774
11973
11985
11986
9655
9741
11966
11972
11973
9656
9735
11960
11965
11966
9657
9729
9868
9869
11959
11960
9658
9723
9869
11947
11958
9659
9879
11946
11947
9660
9661
9880
11946
9661
9881
11937
9662
9875
9880
9881
11933
11937
11946
9663
9874
9875
11936
11938
11939
11945
9664
9874
11935
11936
11938
11939
11940
9665
9885
9886
11935
11936
9666
9667
9885
9886
9892
9893
16175
9667
9890
9892
9668
9885
9892
16175
16176
9669
9883
9884
9888
9670
9883
9888
9889
12492
9671
9676
9889
9970
9672
9676
10690
9673
9674
16182
16184
9675
9676
9890
9891
16182
9677
9889
10729
9678
9968
9969
9970
9679
9681
9968
9969
9970
12472
9680
9681
12472
12474
9681
10701
10702
10703
12472
12493
9682
9683
12491
9683
9889
12491
12492
9684
9686
10703
12491
12492
9685
9686
10703
12490
9686
10703
10707
10708
12494
15936
9687
9688
15937
9688
9888
15937
15938
9689
9691
9907
15936
15937
15938
9690
9691
9907
12489
15936
9691
9907
9909
9910
9918
9919
15936
9692
9693
9907
9920
9693
9887
9920
9921
9694
9696
9906
9918
9920
9921
9695
9696
9906
9918
12488
9696
9906
9916
9918
12537
12579
12580
9697
9698
9906
12486
9698
11934
12486
12487
9699
9701
9905
12486
12487
12580
9700
9701
9905
12577
12580
9701
9905
12541
12542
12543
12578
12580
9702
9703
9905
12484
9703
11933
12484
12485
9704
9706
9904
12484
12485
12543
9705
9706
9904
12543
12576
9706
9904
12543
12547
12548
13558
13559
9707
9708
9904
12575
9708
11932
12575
15935
9709
9711
11931
12575
13559
15935
9710
9711
11931
12716
13559
9711
11931
12552
12553
12554
12715
13559
9712
9713
11931
12574
9713
9720
9878
12574
9714
9716
9720
11930
12554
12574
9715
9716
11930
12554
12717
9716
11930
12554
12558
12559
12567
13548
9717
11930
12568
12569
12571
9718
9719
9720
11958
12569
12570
12571
9719
9721
9728
9730
11958
16177
9720
9721
11958
12572
9721
11958
12574
9722
9723
9724
11958
9723
9724
11947
9724
9725
9728
12481
12572
12573
12574
9726
9728
9787
12572
9727
9728
9785
9787
9729
9730
9787
12571
12572
12719
12720
16177
9730
16177
9731
9733
11959
12570
16177
9732
9733
11959
12570
12719
9733
11959
12565
12570
13543
13544
13545
9734
9736
11959
12720
9735
9736
11960
12720
9736
12720
9737
9739
11965
12720
13544
9738
9739
11965
12722
13544
9739
11965
13541
13544
13563
13564
13566
9740
9742
11965
12721
9741
9742
11966
12721
9742
12721
9743
9745
11972
12721
13566
9744
9745
11972
12723
13566
9745
11972
12432
13566
13592
13593
13594
9746
9748
11972
12724
9747
9748
11973
12724
9748
12724
9749
9751
11985
12724
13594
9750
9751
11985
12730
13594
9751
11985
12430
12731
12732
13594
15934
9752
9754
11985
12725
9753
9754
11986
12725
9754
11774
12725
9755
9757
11992
12725
15934
9756
9757
11992
12729
15934
9757
11992
12736
12737
13614
13615
15934
9758
9760
11992
12726
9759
9760
11993
12726
9760
11775
12726
9761
9763
12000
12726
13615
9762
9763
12000
12728
13615
9763
12000
12741
12742
13615
13618
13619
9764
9766
12000
12727
9765
9766
11801
12727
9766
11802
12727
9767
9769
12403
12727
13619
9768
9769
12403
13619
13668
9769
12403
12746
12747
12755
13619
13650
9770
12403
12756
13651
9771
12404
12756
13651
9772
9773
9775
11803
12756
13651
9773
9774
9775
9794
11803
9774
11803
12753
13652
13653
15912
9775
9795
9796
9797
11803
9776
9777
9778
11803
9777
9778
11765
9778
9779
9793
9794
9795
13651
9780
9792
9793
12727
9781
9791
9792
12726
9782
9790
9791
12725
9783
9784
9789
9790
12724
9785
9788
9789
12721
16181
9786
9787
9788
12720
9788
12719
12720
9789
12720
12721
12722
9790
12721
12723
12724
9791
12724
12725
12730
9792
12725
12726
12729
9793
12726
12727
12728
9794
12727
13651
13668
9795
12376
13651
13652
13667
9796
9797
12376
12377
13652
16180
9797
11764
16180
9798
9800
11804
13653
16180
9799
9800
11804
12376
13653
9800
11804
12378
12379
13653
13657
13658
9801
9802
11804
12377
9802
9809
11763
12377
9803
9805
9809
11805
12377
12379
9804
9805
11805
12375
12379
9805
11805
12379
12383
12384
12385
13683
9806
11805
12353
12354
13684
9807
9808
9809
11806
12353
13684
13685
9808
9810
9823
9824
11806
11807
13186
9809
9810
11806
13187
9810
11806
12377
9811
11806
11807
9812
11762
9813
9819
9820
11762
11807
11808
9814
9818
11762
11809
9815
9816
9818
10860
11809
9816
10860
9817
9839
9840
9841
10860
9818
9833
9834
9838
9839
9841
10861
9819
9832
9833
10861
11809
9820
9832
10861
11808
9821
9822
9823
11761
11807
11808
9822
9831
9832
11761
11810
9823
9828
9829
9830
11761
11814
9824
11761
13186
9825
9827
9828
11822
13186
13685
9826
9827
11822
13188
13685
9827
11822
12357
12358
13190
13191
13685
9828
10867
10868
11822
13185
9829
11814
11822
9830
10865
10866
10867
11760
11814
9831
10862
10864
11814
9832
9835
10862
10863
10864
11810
9833
9834
10861
11810
9834
10861
9835
9836
9837
10861
11811
9836
10862
10863
11811
11812
9837
11811
11812
11825
9838
11811
11812
16179
9839
9840
9841
16179
9840
9841
10859
9841
9842
11809
11811
9843
9844
11798
16178
9844
11796
11797
16178
9845
11790
11794
16178
9846
9848
11791
11794
9847
11791
9848
9849
9849
9850
10860
11762
11764
9851
10855
10859
10860
12760
16178
9852
9853
9858
9859
11778
11795
9853
9854
9855
9857
9858
9859
11777
11778
12406
9854
9857
10834
10855
9855
11778
9856
9857
11777
12406
9858
10834
10856
12406
9859
11765
11777
12405
12406
12760
9860
11765
11766
11768
11776
11777
11778
9861
11768
11769
11773
11776
11777
11778
9862
11769
11773
9863
11773
11774
11986
11987
11993
11994
11995
9864
11986
11987
11988
11990
11991
11992
11993
11994
11996
11997
12001
9865
11973
11974
11980
11981
11985
11986
11987
11989
11990
11991
9866
11966
11967
11968
11970
11971
11972
11973
11974
11980
11981
11982
9867
11960
11961
11963
11964
11965
11966
11967
11969
11970
11971
9868
9869
9870
9871
9877
11956
11957
11959
11960
11961
11963
11964
9869
9870
11960
11961
11962
9870
9877
11947
11957
11958
11959
11960
16177
9871
9872
9877
11948
11956
11961
11962
9872
11956
11961
11962
11963
11969
15983
9873
9877
11948
11954
11956
9874
9876
11944
11945
11948
11949
11954
11955
9875
11939
11944
11945
9876
9880
11932
11933
11939
11944
11945
11946
9877
9878
9879
9902
11932
11944
11945
11946
11947
11948
11954
9878
11947
11948
11954
11956
11957
11958
9879
9902
11930
11931
11932
11947
11954
11957
11958
12594
9880
11931
11932
11946
11947
11958
15935
9881
9904
11932
11933
11946
12485
9882
9905
11933
11934
11937
12487
9883
9884
9887
9906
9921
11934
11937
9884
9887
9888
9907
15938
9885
9887
11937
9886
11936
16175
9887
9892
9893
9894
11935
9888
9906
9907
9908
11934
9889
9892
9907
9890
12460
9891
9892
9893
9894
11942
9895
9896
9908
10743
11942
9896
9897
9898
10744
11935
11940
11941
12536
9897
9908
10743
10744
10745
12456
12535
12536
12591
9898
9900
10744
10746
10747
12536
12588
12589
12590
12591
9899
9900
10747
11939
11940
12589
9900
9901
9902
9903
10748
10761
10763
11944
11955
9901
9903
10747
10748
10749
12589
12590
12592
12596
9902
9903
10748
10750
10751
10763
10765
12593
12594
12595
12596
9903
10763
11931
11932
11944
11954
11955
12594
9904
11931
11932
12548
12589
12592
12593
12594
12596
9905
11931
11932
11933
12543
12589
12592
9906
11933
11934
12536
12580
12588
12589
9907
9908
9918
11934
12535
12536
9908
12457
15936
9909
12456
12457
12535
12536
9910
9917
9918
9919
9911
9912
9917
9919
10709
12457
9912
10709
10710
12457
12582
9913
10710
10711
12455
12457
12583
9914
9915
9917
12455
12534
12535
12583
9915
9916
9917
12535
12581
9916
12534
12535
12584
12585
12586
9917
12535
12537
12538
12579
9918
9919
12535
9919
9920
12488
12489
12494
12579
12581
12582
12583
9921
9922
12477
12478
12486
12488
12489
15937
9923
12477
12478
12479
9924
12476
12477
15937
9925
12475
12476
12491
9926
9969
9971
12475
9927
9971
9972
10689
9928
9972
9973
9974
9929
9930
9973
9975
9930
9931
9977
9931
9973
9975
9977
10686
9932
9977
9979
10685
9933
9934
9979
9981
9934
9982
10143
16112
16113
16129
9935
9942
9943
9979
9981
9982
9983
10142
9936
9937
9942
9943
10142
9937
9982
10144
10239
10240
9938
9983
9985
10238
16095
9939
9940
9942
9983
10372
16095
9940
9941
9942
9981
9941
10371
10675
10676
12521
9942
9944
9945
9979
9943
9945
9979
9980
9946
9948
9979
9980
10676
9947
9948
10676
10685
9948
10676
10680
10681
10683
10684
9949
9950
9977
9950
9977
9978
9951
9953
9977
9978
10683
9952
9953
10683
10686
9953
10667
10683
12509
12510
12511
9954
9955
9975
9955
9975
9976
9956
9958
9975
9976
12510
9957
9958
10687
12510
9958
12502
12510
12512
12513
12515
9959
9960
9974
9960
9974
16174
9961
9963
9974
12515
16174
9962
9963
10688
12515
9963
10691
10692
10723
12515
16004
9964
9965
10689
9965
10689
10690
9966
9968
10689
10690
10692
9967
9968
10692
12473
9968
10692
10696
10697
12471
12472
9969
9970
9971
10689
12471
12473
12474
12475
12491
9972
10689
12473
12475
9973
9974
10688
10689
9974
9975
10687
9975
10687
10688
10689
12512
16174
9976
9977
10686
10687
12509
9978
9979
10684
10685
10686
9980
9981
10685
12521
9982
9983
10368
10685
12521
9983
10144
10239
10240
10367
16096
16097
16129
9984
10238
10367
10368
10372
10377
12521
16095
9985
9986
10360
10363
10364
10367
10377
10378
16090
16133
9986
10363
10364
9987
10363
9988
10360
10362
9989
10360
10362
16138
9990
9991
10360
10361
10362
16135
9991
9995
10359
16135
9992
9993
9994
16133
16135
9993
10237
10361
10364
10365
10366
16133
9994
10151
10153
10235
16133
9995
10154
16133
16151
9996
10154
10155
10359
16151
9997
10359
9998
10162
16136
16151
16173
9999
16136
16137
10000
10001
10135
10244
10245
16136
16137
10001
10321
10323
10002
10003
10004
10320
10003
10004
16137
10004
10005
10320
10323
10332
16167
16168
10006
10007
10008
10323
10332
16167
16168
10007
10324
10326
10332
10008
10009
10332
16168
10009
10010
10032
16168
10010
10011
10032
10033
16168
10012
10032
10033
10034
10035
10013
10014
10023
10024
10025
10026
10030
10015
10023
10024
10026
10016
10017
10020
10022
10024
16143
16145
10017
10020
10021
10022
16145
16171
10018
10020
10021
10019
10020
10023
10024
10048
16144
16145
16171
10024
10025
10047
10025
10026
10029
16143
16144
16145
10026
10029
10030
10110
10111
10112
16144
16147
10027
10028
10029
10030
10131
16143
10028
10030
10131
10132
10029
10130
10131
10132
16140
16142
16143
10030
10111
10129
10130
10131
16143
16144
16146
16147
10031
10110
10131
16147
10032
10033
10078
16166
16167
16168
10034
10035
10077
10078
16166
10035
10071
10076
10077
10078
10036
10076
10037
10038
10039
10072
10073
10076
10039
10040
10041
10042
10043
10047
10042
10048
10049
16171
16172
10043
10045
10046
10047
10048
10049
10050
10044
10046
10047
10045
10046
10053
10098
10099
16044
10046
10050
16074
10047
10050
10052
10053
10100
10048
10112
10049
10050
10113
16094
16171
10050
16074
16094
16171
16172
10051
16074
16094
10052
10113
10117
10118
16094
10053
10066
10104
10107
10108
10112
10054
10064
10101
10102
10103
10107
10055
10064
10068
10056
10057
10061
10063
10068
10069
10057
10088
16170
10058
10060
10089
10059
10089
10060
10072
10061
10075
16170
10062
10070
10075
16170
10063
10075
10064
10065
10067
10065
10066
10067
10066
10067
10067
10068
10084
10086
10087
16037
10069
10086
10087
10088
10089
16164
10070
10071
10072
10075
10076
10077
10073
10075
10076
10074
10075
10076
16170
10077
10078
10079
16166
10080
10081
10084
10082
10084
10085
10083
10084
16037
16087
10085
10086
16037
10087
16037
16165
10088
16056
16164
16165
10089
10093
16163
16164
10090
10093
16163
10091
10093
16162
10092
10093
16162
10094
10095
16162
16163
10095
10096
10097
16043
16044
16068
10098
16048
16068
10099
16044
16048
10100
10101
16042
16044
10101
16042
10102
10103
16042
10103
16049
10104
10105
16041
10105
16041
10106
10107
16041
10107
16052
10108
10109
16027
16031
10110
10111
10112
16147
16149
10111
10112
16147
10112
10113
10128
16144
16146
16147
16149
10113
10114
10128
16094
16144
16149
10115
10118
10119
10120
10121
10122
16025
10116
10118
10122
16025
10117
16026
16027
10118
16026
10119
16025
10120
16025
16093
16094
10121
10126
16025
10122
10123
10127
10128
16025
10123
16025
16149
10124
16025
10125
10127
10379
10126
10127
10379
10127
10379
16093
10128
10379
10129
16144
16146
16149
10130
16142
16143
16144
16145
16146
16148
10131
16138
16140
16142
16143
16146
16148
10132
16137
16147
10133
10134
10135
16140
10134
10135
10136
10244
10135
10136
10137
16139
16140
16141
10136
10244
10245
16137
16139
10137
10243
10244
10138
10139
16139
16141
16154
10139
10141
10237
10241
10246
16134
16139
16141
16154
10140
10141
10241
10242
10243
10246
10292
10296
16154
10141
10224
10225
10242
10243
10269
10292
10293
10294
10296
10142
10143
10144
10145
10241
10288
10292
10293
10295
10296
16154
10143
10144
10144
10145
10240
10146
10228
16097
10147
10228
10240
10241
16097
16132
10148
10237
10239
16097
16132
10149
10150
10237
10239
10365
10366
16096
10150
10231
10232
10247
16096
16132
10151
10233
10234
10235
16096
10152
10153
10234
10235
10356
10366
10153
10157
10233
10234
10235
10252
10354
10154
10235
10357
10155
10156
10157
10357
16151
10156
10358
16151
10157
10158
10161
10162
10163
16151
10158
10354
16151
10159
10251
10252
10253
16150
16151
10160
10161
10253
10254
10316
16150
10161
10166
10353
10162
10163
10165
10166
10163
10164
10253
10353
10354
10357
10358
16153
10165
10358
16081
16083
16153
10166
10167
16153
10168
16153
10169
10170
10318
16160
16161
10171
10317
10318
10346
16160
10172
10317
10318
10342
10344
10173
10335
10336
10337
10339
10340
10342
10345
10174
10214
10216
10339
10175
10201
10214
10215
10271
10176
10199
10200
10201
10177
10196
10197
10199
16159
10178
10192
10195
10196
10179
10182
10189
10192
10180
10181
10182
10181
10183
10188
10184
10185
10187
10186
10190
10191
10192
10191
10193
10194
10195
10196
10194
10196
10197
10199
10198
10199
10200
10201
10201
10215
16105
10202
10214
10215
16106
10203
10204
10206
10207
10208
10205
10206
10207
10206
10207
10208
10330
16157
10208
16156
10209
10210
10210
10211
10212
10330
10212
10328
10329
10330
10213
10330
10214
10215
10216
10339
10216
10217
10218
10339
10218
10264
10219
10220
10264
16130
10221
16130
10222
10263
10264
10265
10223
10263
10265
10224
10303
10306
10307
10308
10225
10297
10298
10306
10307
10226
10266
10227
10229
10266
10296
10297
10228
10229
10296
16098
10229
10296
16097
16132
10230
10296
10297
10299
10350
10231
10232
10247
10248
10299
10350
16132
10232
10247
16131
16132
10233
10247
10248
10250
10351
10234
10235
10250
10252
10351
10235
10355
10236
10237
10247
10252
16135
16151
10237
10242
10245
10246
10247
10249
10250
10251
16135
16136
16151
10238
10239
10241
10246
10247
10361
10364
10365
10366
16134
16135
10239
10364
10365
10240
10365
10241
10242
10246
10247
10296
10243
10245
10246
10247
10296
10298
10299
10300
10244
10245
10307
10245
10246
10301
16136
10247
16134
16135
16139
10248
10296
16132
10249
10300
10349
10250
10251
10255
10300
10301
10349
10251
10351
10252
10253
10254
16150
10253
10254
10316
10349
10351
10352
10353
10354
16150
10255
10256
10316
16150
10256
10301
10302
10348
10349
10257
10259
10352
10258
10259
10316
10352
10259
10352
10260
10348
10352
10261
10262
10304
10305
10348
10262
10305
10341
10263
10304
10305
10308
10264
10265
10308
10265
10266
10305
10306
16100
16130
10267
10306
10350
16098
16099
16100
16129
10268
10269
10272
10273
10293
10294
10270
10272
10273
10287
10292
10293
10294
10295
10271
10272
10294
10273
10294
10274
10287
10293
10295
10275
10285
10286
10276
10277
10286
10278
10285
10286
16155
10279
10281
10285
10286
10290
16155
10280
10281
10285
10289
10290
10281
10282
10283
10284
10286
10287
10290
10288
10289
10290
10292
10295
10289
10290
10291
10292
10295
16154
10290
10291
10293
10295
16154
10294
10295
10296
10297
10298
10306
10299
10300
10303
10306
10307
10300
10350
10301
10302
10349
10302
10349
10303
10304
10348
10349
10304
10306
10307
10308
10305
10306
10349
10350
10352
10307
10308
10349
10350
10309
10310
10339
10311
10338
10339
10345
10312
10313
10342
10343
10345
10313
10342
10348
10314
10342
10343
10315
10317
10316
10317
10318
10342
10344
10346
10319
10320
10321
10322
10323
10333
10323
10324
10331
10332
10325
10326
10327
10331
10332
10334
10326
10327
10329
10330
10327
10332
10328
10330
10331
10329
10332
10333
10335
10336
10337
10337
10343
10345
10338
10345
10339
10340
10342
10341
10342
10343
10344
10347
10349
10350
10351
10352
10351
16097
16098
16131
10352
10354
10355
16096
16131
10353
10354
16153
10355
10356
10357
16152
10356
16096
16131
16152
10357
10366
10367
16096
16133
16152
10358
10359
16133
16152
10359
16080
16081
10360
16080
16090
16133
10361
10362
16090
16133
10362
10364
10363
16134
10364
16134
10365
10366
10367
10368
10377
16096
16133
10369
10377
12520
12521
12522
10370
10371
10372
10373
10371
10373
10374
12522
12523
12526
10372
10675
10677
12521
10373
16095
10374
10376
10377
10375
10390
10376
10390
10377
10378
10390
12522
10379
10390
10392
16079
16090
16092
10380
10392
10393
16024
16025
16092
16093
10381
10382
10384
10392
10393
10394
10382
10393
16059
16062
16072
16073
16075
10383
10384
10385
10394
10384
10385
10386
10385
10387
10391
10394
10395
10386
10387
10395
10397
10387
10397
10398
10388
10395
10396
10397
10400
10389
10391
10395
10396
10664
12686
10390
10391
10664
12522
12524
12525
12527
10391
10392
12522
10392
10394
10395
10393
10394
10394
16024
16075
10395
10396
10397
10400
10407
12686
10398
10400
10402
10399
10400
10402
10403
10401
10402
10405
10407
12686
10403
10405
10407
10409
10404
10405
10409
10406
10407
10408
10409
12685
10408
12685
12686
10409
12683
12684
12685
10410
10411
10657
10658
12683
10412
10413
10416
10657
10658
10414
10415
10416
10417
10657
10418
10654
10656
12608
10419
10420
10421
10654
12608
10422
10423
10645
10652
12608
12609
16023
10424
10425
10426
10643
10426
10427
10643
10428
10637
10641
10643
10429
10636
10637
10641
10430
10431
10431
10432
10533
10536
10433
10536
10434
10604
10605
10435
10436
10604
10605
16022
10436
10437
10438
10603
16022
10438
10535
10536
10603
10439
10440
10603
16021
10440
10535
10441
10442
10602
16021
10442
10602
10443
10444
10602
16020
10444
10445
10446
10601
16020
10446
10530
10531
10601
10447
10593
10601
16019
10448
10530
10593
10449
10450
10529
10530
10594
10595
10450
10547
10548
10549
10595
10451
10590
10594
10595
10629
10452
10590
10596
10597
10598
10629
10453
10596
10598
10627
10628
10454
10553
10554
10555
10626
10627
10628
10455
10553
10554
10626
12620
10456
10457
10553
10554
10626
12626
10457
10789
12626
10458
10619
10621
10622
12626
10459
10460
10619
10622
10623
12625
10460
10788
12625
10461
10561
10562
11884
12625
10462
10463
10562
10563
11884
12624
10463
11883
12624
10464
10564
10565
11887
12624
10465
10466
10565
10566
11887
12639
10466
12639
10467
10502
10503
10510
12639
10468
10469
10503
10504
10510
12638
10469
12638
10470
10505
10506
10509
12638
10471
10472
10506
10507
10509
12637
10472
12637
10473
12637
10474
10488
10509
11858
11860
11861
10475
10487
10476
10477
10478
10482
10487
11860
10477
11860
10478
11859
11860
10479
10481
11860
16016
10480
10481
16016
10482
10483
10484
16016
10483
10487
10484
10485
10486
16013
10486
16013
10487
10488
16013
10488
10489
10509
11860
10490
10491
10492
10493
10509
10510
10514
11909
10491
10492
10493
10495
10511
10512
10492
10504
10505
12633
10493
10508
10494
16012
10495
10496
10497
16012
10496
10512
10497
10498
10513
16009
10499
10513
10570
10571
16009
10500
10568
10570
10501
10512
10513
10514
10567
10568
10502
10512
10514
10566
12632
10503
10504
10510
10511
10566
12632
10504
10510
12634
10505
10510
10511
12633
10506
10507
10508
10509
12633
10507
10509
12635
10508
10509
12636
10509
10510
10511
10514
11887
10512
10513
10514
10514
16009
10515
10576
11887
10516
10517
11907
11909
10517
10518
11890
11892
11906
11907
10518
10576
10519
11883
11888
11890
11892
11907
10520
10524
10782
10783
10785
10787
10788
10521
10523
10524
10577
10618
10619
10787
10788
10789
10522
10523
10524
10525
10526
10554
10596
10618
10789
10523
10525
10596
10524
10618
10525
10780
10783
10787
10789
10791
10526
10773
10774
10795
10527
10552
10554
10596
10789
10794
10528
10549
10550
10551
10554
10595
10596
10628
10629
10529
10531
10532
10542
10548
10595
10530
10548
10531
10532
10595
10533
10538
10539
10540
10634
10635
10534
10536
10537
10535
10537
10536
10538
10636
10539
10634
10635
10636
10540
10634
10638
10541
10542
10634
12614
12615
10542
10543
12614
12615
10543
12614
10544
10545
12614
12615
10545
12617
10546
10547
10630
10631
10632
12614
12617
12618
12672
10548
10549
10627
10631
10632
10633
10549
10550
10628
10629
10551
10628
10631
10552
10553
10628
10630
10553
10630
10554
10630
10555
10596
10618
10619
10626
10789
10556
10598
10626
10557
10558
10586
10598
10617
10618
10558
10618
10621
10625
10626
10559
10582
10617
10618
10620
10560
10577
10578
10582
10620
11886
10561
10577
10623
10624
11886
10562
10563
10623
10624
11884
11885
10563
11884
12622
10564
10575
11884
11885
12623
10565
10566
10567
10575
11887
12623
10566
11887
12631
10567
11887
12632
10568
11887
10569
10574
10575
10576
10570
10572
10574
10576
16008
10571
10572
16008
10573
10579
10580
16008
10574
10579
11886
10575
10576
11885
11886
10576
12623
10577
11883
11884
11887
10578
10618
10619
10788
11884
11886
10579
10581
11886
16005
10580
10581
16005
10582
10583
10584
16005
10583
10584
10585
10616
10617
10586
10587
10588
10616
10617
10587
10598
10588
10589
10597
10599
10590
10591
10592
10597
10599
10591
10592
10593
10594
10600
10594
10600
16019
10595
10600
10596
10597
10598
10618
10598
10599
10600
10614
10616
10601
10613
10602
10612
10603
10611
10604
10610
10605
10607
10609
10606
10608
10609
10610
10611
10612
10613
10614
10615
10616
16006
10617
16005
10618
10619
10789
10620
10621
10622
10623
10788
10789
11884
10621
10623
10622
10623
10625
10626
10623
12621
10624
10625
12621
12622
12623
12625
10626
10627
12620
12621
12626
10628
10630
10631
12620
10629
10631
12618
12619
12620
12626
12671
10632
12618
12620
10633
10638
12614
12617
10634
10636
10638
12614
10635
10637
10638
10639
10638
10639
10641
10639
12613
12614
10640
10641
12613
12614
10642
10643
10648
10644
10645
10646
10647
10648
10651
12609
12610
10649
10650
12610
12611
10651
12604
12610
12611
12675
12676
12677
10652
12605
12609
12610
12677
12678
10653
10654
12606
12607
12608
12609
12678
10655
10656
12607
12608
10657
12607
12681
10658
12682
10659
10660
12682
12683
10661
12466
12682
12683
12684
12687
10662
10718
10719
12466
12470
12518
12684
10663
10726
12516
12518
12684
12685
10664
12505
12506
12508
12516
12685
12686
10665
10671
12508
12527
12686
10666
10669
10671
10667
10668
10669
12504
12507
12508
10668
10682
12503
12509
12511
10669
10682
12519
10670
10679
10682
12527
10671
10672
10679
12527
10672
10673
10733
10735
10674
12523
12524
10675
10676
10677
12521
10677
12521
10678
10680
12521
12526
10679
10680
12520
12526
10680
12525
12526
12527
10681
10682
10684
10682
10683
10684
10683
10684
10684
10685
10686
12509
12519
12520
12521
12527
10686
12520
12521
10687
12509
12519
10688
12499
12509
12512
10689
10691
12473
12498
12512
10690
10691
12473
10692
10693
10723
12471
12473
12497
12498
12512
12518
16004
10693
16004
10694
10696
10720
10723
10728
16004
10695
10696
10720
10728
12497
10696
10719
10720
10728
12468
12469
12470
10697
10698
10728
12471
10698
10729
12471
12472
10699
10701
12459
12468
12471
12472
10700
10701
12459
12468
12496
10701
12459
12462
12463
12467
12468
12528
10702
10704
12459
12493
10703
10704
12460
12493
10704
12493
10705
10707
12458
12463
12493
10706
10707
12458
12463
12495
10707
10710
12458
12463
12464
12529
12530
10708
10709
12458
12494
10709
12494
15936
10710
12457
12494
15936
10711
12457
12529
12530
10712
10713
12457
12532
10713
12454
12455
12456
12532
10714
12530
12531
12532
10715
12464
12465
12530
12531
10716
12461
12462
12464
12465
10717
12461
12462
12466
12467
10718
10730
12466
12467
12469
10719
10730
12469
10720
10728
10721
10722
10728
12518
10722
10731
12518
10723
10724
10725
10726
10727
12518
10724
10727
12514
16004
10725
10727
12498
12514
10726
10727
12501
12514
12516
12517
10727
10728
10731
10732
12514
10729
10730
10731
12459
10730
12459
12460
10731
10738
12459
12461
12469
10732
10737
10733
10736
12517
10734
12506
12507
10735
10736
10737
10738
10739
10740
10741
12461
10741
10742
10743
12531
10742
12461
12531
10743
10745
12456
12531
10744
10745
12456
10745
10746
10747
12591
10746
12456
12591
10747
10749
12590
12591
10748
10749
12590
10749
10750
10751
10753
12596
10750
12590
12596
10751
12595
12596
13498
10752
10763
10765
12595
13497
13498
10753
10755
10756
10762
10769
10798
10799
10754
10755
10761
10755
10756
10799
10757
10769
10770
10799
10758
10759
10762
10769
10771
15985
10759
10760
10761
10762
11955
15985
10761
10762
11955
10763
10769
11955
15984
15985
10764
10765
11954
11955
12594
10765
10766
10767
11925
11956
13497
13522
15983
15984
10766
12594
12595
13497
13498
13521
13522
13523
10767
11924
11925
13496
13497
13499
13520
13522
13523
13535
13536
10768
10796
10797
10798
11925
13496
13497
15983
15984
10769
10770
10771
10772
10793
10794
10795
10796
10797
10798
10800
15984
10770
10771
10798
10799
15984
15985
10771
10794
10798
10799
10800
10772
10773
10795
15984
15985
10773
10795
10796
11918
15983
15984
15985
10774
10795
10775
10780
10781
10776
10778
10781
11900
11901
10777
10778
11904
10779
10780
10781
11899
11902
11903
10780
10781
10782
10783
11902
11903
11905
10781
10782
10783
10783
11892
11903
11905
10784
10785
10787
10791
10785
10791
10792
11917
11918
11919
12779
15982
10786
10787
10791
10792
10804
11888
11919
12779
10787
10788
10790
10792
10802
10803
10804
11882
11915
10788
10789
10790
10791
10792
10789
11883
11884
10790
10791
10792
10793
10794
10801
10802
11916
10792
10793
10795
11917
11918
10793
10802
10804
11915
11916
11917
11919
10794
10795
10796
10797
10801
11916
11917
11918
10795
10797
10800
10801
10796
11918
10797
11917
11918
11925
15983
15984
10798
10800
10801
11916
13496
10799
10800
13497
15984
10800
10801
10802
11916
10803
11915
11916
10804
11881
11882
11914
11915
10805
11882
11888
11914
11915
11919
12778
12779
10806
11881
11882
11888
11889
11910
11911
11912
11913
11914
12777
12778
10807
10808
11880
11910
11911
11912
12775
12776
12777
12781
10808
11879
11880
11911
12775
12785
10809
10810
11908
11910
12776
12781
12784
10810
12776
12781
12782
12783
12784
12786
10811
10812
11908
12784
16002
10812
10813
15986
15999
16001
16002
16003
10813
11906
11908
15986
16002
10814
10818
11894
15986
15999
16001
10815
11895
16000
10816
10818
10820
10821
10817
11895
10818
11894
11896
11897
10819
16001
10820
10831
15999
16001
10821
10824
10830
16000
10822
10823
10824
10825
10826
10827
10830
10828
10829
10830
10842
10831
10842
10848
10832
10841
10849
10850
10833
10834
10835
10850
10851
10852
10856
10834
10835
10853
10855
10835
10855
10856
10836
10851
10852
10853
10854
10855
10856
10857
10837
10838
10839
10852
10853
10854
10857
11826
11827
12021
10838
10839
10915
10916
11826
11827
11828
11830
11831
11832
12010
10839
10853
10916
11826
10840
10852
11827
11831
11832
12021
12022
10841
10918
11440
11441
11836
10842
10844
10850
10852
10843
10844
10848
11837
11867
10845
10849
10850
11836
11866
15981
10846
10849
10850
11865
11866
15981
16003
10847
10849
11865
11866
16002
16003
10848
11867
10849
16000
10850
15999
16003
10851
10852
10852
10856
10857
12021
12761
10853
10857
12021
10854
10855
10857
10859
11826
10856
10857
12760
12761
10858
11827
12021
12761
10859
11763
11824
12008
12396
12760
12761
10860
10861
11762
11824
11825
10861
11762
10862
11761
11762
11824
11825
10863
10864
10914
11760
11761
11823
11825
10864
10865
11815
10866
11760
11815
10867
11760
11816
11817
10868
11760
13185
10869
11817
11818
11821
13185
13191
10870
11818
11821
13189
13191
15713
10871
13189
13192
13193
13197
15713
15715
10872
10873
13193
13197
15715
15722
15924
10873
12369
15707
15708
15718
15722
10874
10875
15709
15711
15722
10875
10876
10877
13272
15711
15714
15715
10876
15709
15711
15721
10877
11745
13275
15709
15710
15711
10878
13271
15711
10879
11744
11745
11755
13271
10880
11744
11755
13183
10881
11742
11743
13183
13246
13247
10882
11757
13183
13248
10883
11757
13248
13268
10884
11757
13248
13250
10885
11737
11738
13203
13250
15923
10886
13151
13250
10887
11668
12129
12132
13151
15923
10888
11669
12122
13151
10889
11669
11670
12122
13206
10890
11671
12121
13206
10891
10897
10900
11671
12121
12801
10892
10893
10896
10897
12123
12801
10893
12123
12800
10894
12123
10895
10896
10896
10898
10906
10910
10911
11565
10897
12801
10898
10899
12112
12801
10899
10906
10910
12112
10900
10901
10902
10907
10908
12112
10901
10908
11671
12121
10902
10903
10908
11672
11684
12115
10903
10907
10908
12111
10904
10907
10908
11684
11686
12106
10905
11569
11686
12106
12107
12108
12109
10906
10907
11568
12108
12109
15978
10907
10910
11565
11567
15978
10908
15978
10909
10910
11677
11684
12108
12801
12802
10910
11558
11560
11677
11679
11683
11709
12105
12106
12108
12802
12803
13048
10911
11565
11567
12098
12099
12108
12800
12801
12802
13048
14631
10912
11565
10913
11566
10914
10915
11760
11823
11825
11828
11829
12009
12097
12798
10916
11826
11828
11829
11830
12010
12890
10917
11439
11830
11831
12908
10918
10919
11439
11440
12043
10919
11440
11441
10920
10928
11439
11440
11442
11499
12041
12042
12043
13072
13073
13319
15932
10921
10926
10927
10928
11302
11499
13073
15898
15901
10922
10923
10923
10925
10926
10924
10928
10925
10928
15990
10926
15990
10927
10928
10934
11261
11520
15900
10928
11302
11499
11502
11519
11520
13073
15898
15899
15900
15901
10929
10934
11520
12042
13069
13070
13071
13072
13073
10930
10934
10935
11258
11259
11261
11501
11520
11521
11522
11523
13069
13070
10931
10932
10934
10935
10937
10938
10941
10942
10943
11258
13070
13071
10932
10938
10940
10933
10937
10938
15989
10934
15989
10935
11261
11520
13070
13071
10936
11258
11259
11260
11261
11281
11521
10937
11262
11263
10938
11263
10939
15988
10940
10941
15988
10941
10942
10943
10944
11225
11258
10943
13070
13071
10944
11258
11523
12045
12055
12056
13070
10945
10946
11222
11258
11524
12046
12051
12055
15959
10946
11222
11224
11225
11226
15954
15959
10947
11222
15955
15959
10948
10961
11221
15955
15956
15964
10949
11589
12050
15957
15959
10950
10959
11589
11590
15957
15964
10951
10958
15960
10952
10953
10957
11230
11590
15960
10953
11231
12176
13834
10954
10956
15962
10955
15962
10956
11087
13837
10957
11087
13832
13834
13835
10958
11591
13832
13833
13834
10959
12815
10960
11591
12047
12050
12815
10961
12815
15964
10962
12050
12051
12052
12053
10963
12817
15956
10964
11220
11525
12052
12817
12820
10965
12817
15965
10966
11217
12818
12819
12820
12836
10967
11216
12951
10968
11215
12832
12836
12948
12951
10969
12951
15951
10970
11213
12947
12948
12949
12950
10971
12953
15950
10972
11211
12950
12953
12954
12956
10973
12953
15948
10974
11209
12956
12957
12958
12961
10975
10976
11208
12958
12959
12961
10976
12966
15947
10977
11207
12967
12968
12969
10978
10979
11206
12967
12969
12970
10979
13082
15946
10980
11205
13083
13084
13085
10981
10982
11204
13083
13085
13086
10982
13853
15920
10983
11203
13744
13745
13746
10984
10985
11202
13744
13746
13747
10985
13854
15919
10986
11201
13749
13750
13855
10987
10988
11200
13750
13751
13855
10988
14059
15918
10989
11199
14060
14061
14062
10990
11198
14060
14062
14063
14065
10991
11197
14067
10992
11196
13869
14065
14067
14068
10993
13870
14069
14378
14524
10994
13870
14069
14186
14378
14380
15876
10995
10997
14232
14378
14379
14380
15876
10996
10997
14071
14232
14382
10997
14072
14232
14277
14384
14385
14386
10998
13874
14232
14569
14571
10999
11001
14276
14277
14569
14570
14571
11000
11001
14276
14277
14567
11001
14276
14277
14281
14489
14490
14566
11002
13878
14276
14572
14574
11003
11005
14488
14489
14572
14573
14574
11004
11005
14488
14489
14575
11005
14285
14488
14489
14563
14564
14565
11006
13882
14398
14399
14488
11007
11009
14397
14398
14399
14562
14563
11008
11009
14562
14563
14763
11009
14289
14562
14563
14760
14761
14762
11010
13886
14478
14480
14562
11011
11013
11431
14478
14479
14480
14761
11012
11013
11431
14761
14783
11013
11431
14293
14757
14758
14759
14761
11014
11431
13890
14784
14786
11015
11017
14756
14757
14784
14785
14786
11016
11017
14756
14757
14914
11017
14297
14756
14757
14878
14879
14913
11018
13894
14756
15014
15016
11019
11021
14877
14878
15014
15015
15016
11020
11021
14877
14878
15012
11021
14301
14877
14878
14910
14911
14912
11022
13898
14865
14867
14877
11023
11025
14865
14866
14867
14909
14910
11024
11025
14909
14910
15018
11025
14305
14909
14910
15027
15028
15029
11026
13902
14909
15030
15032
11027
11029
14612
15028
15030
15031
15032
11028
11029
14612
15028
15038
11029
14309
14612
15028
15046
15237
15238
11030
13906
14612
15047
15049
11031
11033
15047
15048
15049
15236
15237
11032
11033
15236
15237
15853
11033
14312
14315
14316
15236
15237
15852
11034
13910
14984
15073
15236
11035
14315
14983
14984
15073
15235
15842
11036
14105
14315
15235
15842
11037
11156
14104
14105
14314
15892
11038
15074
15076
15642
15842
11039
11154
15074
15076
15077
15892
11040
11153
15844
11041
11152
13917
15077
15844
15851
11042
13918
13919
15080
15845
11043
11150
13919
13920
15845
15851
11044
11045
11148
13920
13921
15845
11045
11147
15066
11046
11146
13804
13805
15846
11047
11048
11144
13805
13806
15846
11048
11143
15065
11049
11142
13435
13436
15847
11050
11051
11140
13436
13437
15847
11051
11139
14703
11052
11138
13139
13140
15848
11053
11054
11136
13140
13141
15848
11054
11135
14702
11055
11134
13023
13024
15849
11056
11057
11132
13024
13025
15849
11057
11131
14701
11058
11127
11128
11130
15850
11059
11125
11126
11128
15749
15850
11060
14700
15748
11061
11123
11125
14700
15747
15773
11062
14700
15758
11063
11120
11121
14695
15754
15773
11064
14113
15753
11065
11118
11120
14113
15756
15891
11066
14113
15757
11067
11115
11116
14114
15891
11068
14115
11069
11113
11115
14115
15890
11070
13239
14115
11071
11110
11111
14116
15890
11072
14001
11073
11108
11110
11706
14001
11074
14001
15974
11075
11704
11705
11706
11707
11076
11077
11703
11704
11707
11077
13235
13997
11078
11701
11702
13995
11079
11080
11700
11701
13995
11080
13824
15971
11081
11698
11699
13825
11082
11083
11697
11698
13825
11083
13988
15970
11084
11696
13827
13829
15969
11085
11086
13827
13828
13829
11086
13975
15968
11087
11089
11090
13831
11088
11089
13831
11089
11090
11586
11596
11597
13831
13835
11090
13831
11091
11581
11597
13828
13831
11092
11094
11596
11597
12902
12903
13831
11093
11094
12902
12903
13975
11094
11539
12902
12903
13977
13978
13979
11095
12902
13827
13828
13830
11096
11098
11696
13827
13830
13978
13980
11097
11098
13978
13980
13988
11098
11543
13978
13980
13989
13990
13991
11099
11697
13825
13826
13980
11100
11102
11699
12806
13825
13826
13990
11101
11102
12806
13824
13990
11102
11547
12806
13990
13992
13993
13994
11103
11700
12806
13995
13996
11104
11106
11702
12805
13993
13995
13996
11105
11106
12805
13993
13997
11106
11551
12805
13993
13998
13999
14000
11107
11703
11707
11708
12805
11108
11705
11706
11707
11708
12804
13999
11109
12804
13999
14001
11110
11111
11555
11556
12804
13999
14116
11111
13229
14116
11112
11556
13153
14116
15890
11113
11555
11556
14116
14118
14121
15890
11114
14115
14118
14121
11115
11116
12092
12093
14114
14118
14121
11116
14114
15889
11117
12093
13149
14114
15891
11118
12092
12093
13148
14114
14693
15891
11119
13148
14113
14693
11120
11121
12881
12882
13148
14693
14695
11121
14695
15755
11122
12882
13201
14695
15773
11123
12881
12882
13285
13286
14695
15773
11124
13285
13286
14700
11125
11126
12345
12346
13285
13286
15850
11126
15750
15850
11127
11128
12346
13284
15850
11128
12345
12346
13025
14673
15850
11129
15850
11130
15749
15762
11131
11132
15738
15739
15749
11132
15738
11133
11134
15738
15739
11134
13024
15763
11135
11136
15736
15737
11136
15736
11137
11138
15736
15737
11138
13140
15764
11139
11140
15766
15767
11140
15766
11141
11142
15766
15767
11142
13436
15768
11143
11144
14973
14974
11144
14973
11145
11146
14973
14974
11146
13805
14970
14972
11147
11148
15816
15817
11148
15816
11149
11150
15816
15817
11150
13920
14967
14969
15815
11151
15080
15082
15083
11152
15082
15851
11153
15078
15079
15080
15081
11154
15639
11155
15078
15638
15639
15642
11156
15639
15892
11157
15640
15641
15642
15643
11158
14104
15792
11159
14103
15643
15789
15792
15793
11160
15792
15856
11161
14101
15787
15788
15789
15790
11162
15400
15855
11163
14099
15399
15400
15403
15790
11164
15400
15857
11165
14096
15401
15402
15403
15404
11166
14095
15406
11167
14094
14948
15404
15406
15407
11168
11169
14093
14948
15799
15800
11169
15042
15799
11170
14092
14945
15799
15800
11171
11172
14091
14943
14945
15460
11172
14090
15460
11173
11421
14089
14943
15460
11174
11175
11421
14088
15461
15837
11175
15461
15864
11176
11418
14087
15461
15837
11177
11178
11418
14086
15462
15463
11178
14085
15462
11179
11415
14084
15462
15463
11180
11181
11415
14083
15464
15465
11181
15464
15863
11182
11412
14082
15464
15465
11183
11410
11412
14081
15576
15588
11184
14920
15576
11185
11407
11408
14079
15577
15588
11186
14078
15578
11187
11405
11407
14077
15578
15871
11188
14578
15578
11189
11402
11403
14075
14510
15871
11190
14074
14534
11191
11400
11402
14073
14534
15880
11192
14383
14534
11193
11397
11398
14071
14247
15880
11194
14070
14525
11195
11395
11397
14069
14524
14525
11196
14068
14525
11197
11392
11393
14523
14524
11198
14518
11199
11390
11392
14066
14518
11200
11387
13363
14066
15918
11201
11387
13363
15904
15918
11202
11384
13362
15904
15919
11203
11384
13362
15905
15919
11204
11381
13361
15905
15920
11205
11381
13360
13361
15920
11206
11378
12205
13360
15946
11207
11378
12205
15930
15946
11208
11375
12204
15930
15947
11209
11375
12204
15931
15947
11210
11340
12193
15931
15948
11211
11341
11342
12188
12956
11212
11342
12188
15948
15950
11213
11342
11343
12188
12950
11214
11274
15949
15950
15951
11215
11275
11276
12186
12948
11216
11276
11277
12186
15951
11217
12185
11218
11255
11277
12185
15965
11219
11220
11256
12820
15953
11220
11221
11222
11256
11257
11524
15953
11221
15953
15956
15965
11222
12052
15953
11223
11257
15953
11224
11253
11256
11257
12184
15953
11225
11242
11247
12184
15954
11226
11242
15954
11227
11242
11243
15954
15966
11228
11588
15957
15958
15959
15966
11229
11235
11238
12177
12178
15966
11230
11231
11234
11587
11588
12177
12178
11231
11587
11588
15960
11232
11587
12176
11233
11234
12176
11234
15961
11235
12177
12178
11236
11238
12177
12178
11237
12179
11238
11239
12179
11239
12177
11240
11243
12180
15966
11241
11243
12181
11242
12181
12182
11243
11245
11247
15954
11244
15954
11245
11246
11247
15998
11248
12182
15954
11249
11252
12182
12183
12184
11250
11252
11286
11251
11285
11286
11252
11253
11280
11281
11282
11283
11253
11282
11254
11281
11282
12184
11255
11256
11259
11278
11280
11281
11282
11256
11259
11278
12185
11257
11259
15953
11258
15953
11259
11522
11523
11524
12055
13070
11260
11278
11521
11522
11524
12819
12831
11261
11272
11279
11280
11288
11294
11503
11521
15987
11262
11294
11502
11520
11521
15900
11263
11264
15988
15989
15990
15992
11265
15987
15988
15998
11266
11267
11267
11271
11268
11269
11271
11284
11289
11270
11289
11290
11271
11272
11291
11292
11293
12187
11272
11284
12187
11273
11279
11288
11293
12187
11274
11275
11292
11293
11343
11503
12187
11275
11343
11503
15949
11276
11279
11503
12186
15952
11277
11278
12186
12831
15952
11278
12186
12836
11279
12186
15952
11280
11288
12186
15952
11281
11282
11283
11288
11282
11283
11286
11287
12183
12185
12186
15953
11284
11285
11285
11287
11288
11286
11287
12183
11288
11289
12185
12186
12187
15949
11290
12187
12192
11291
11346
11292
11346
12187
11293
11344
11345
11371
12187
11294
12187
11295
11358
11359
11360
11369
11370
11371
11502
11503
11521
15900
11296
11297
11358
11359
11360
11297
15900
11298
11362
11370
11299
11362
11363
11370
12240
11300
12240
11301
11302
11327
11370
12267
15899
15901
11302
11327
11329
11365
11369
11370
11372
11505
11506
11507
11509
15899
15943
11303
11327
11498
11507
11513
15898
15899
15901
11304
12247
11305
11306
11327
12247
11306
11327
12246
15944
11307
11327
11328
12231
15944
11308
11324
11509
12231
11309
11324
11328
11329
11330
11509
12265
11310
11313
11314
11330
11331
11510
12265
11311
11331
11334
12196
12265
11312
11313
11334
12197
12263
12269
11313
11316
11317
12199
12263
12269
11314
11510
12263
11315
11316
11323
11324
11510
12268
11316
11319
11321
11322
11323
12268
11317
12201
12268
11318
11319
12200
12262
12270
11319
11320
12208
12219
12262
12270
12272
11320
12262
11321
12212
12213
12219
12262
15945
11322
12212
12213
12268
11323
11324
11325
12214
12268
11324
11511
12268
11325
11509
12268
11326
12268
11327
11509
11512
11513
13341
11328
11507
11509
11513
15944
11329
12265
15944
11330
11331
11365
12265
15943
11331
11506
12265
11332
11366
11372
12265
11333
11334
11366
11372
12264
11334
11335
11338
11353
11354
12264
11335
11337
12264
11336
12264
11337
11338
12194
11338
11373
12195
12196
12197
11339
11349
11352
12190
11340
11341
11351
11352
11372
11373
12190
11341
11372
11373
12193
11342
11344
11372
12188
12189
11343
11504
12188
12189
11344
11503
12188
12189
11345
11351
11371
12188
12189
11346
11351
11371
12192
11347
11350
12192
11348
11350
12191
12236
11349
12191
12235
11350
11351
11352
11354
12190
11351
12190
12237
11352
11371
12190
11353
12190
11354
11366
11367
12266
11355
12234
12235
12237
11356
11361
11367
11371
12234
11357
11361
11371
12237
12238
11358
11361
11371
11359
11360
11361
11362
12239
11362
11367
11371
12239
11363
11364
11370
12239
11364
11370
12233
11365
11367
11368
11370
12266
12267
11366
11368
12266
12267
15943
11367
11368
11372
12266
11368
11371
12266
11369
12266
11370
11371
11372
11502
11503
11504
11505
11506
11518
12189
15899
11371
11502
15899
15900
15901
11372
11503
11373
11504
11506
11510
12957
11374
12195
12196
15931
11375
11376
11510
12195
12196
12197
15931
11376
11510
12204
11377
11510
12199
12201
12202
15930
11378
11379
12200
12201
12202
15930
11379
12205
11380
12208
12211
13359
13360
11381
11382
12210
12211
13359
13360
11382
13361
11383
12276
12287
13358
15905
11384
11385
12286
12287
13358
15905
11385
13362
11386
12285
13356
13357
15904
11387
11388
13355
13356
13357
13378
15904
11388
13363
13378
11389
13354
13365
13366
13378
14066
11390
11489
13365
13366
13367
14066
14521
11391
11489
14518
14521
11392
11393
11489
13374
13375
14521
14523
11393
14065
14523
11394
13375
14185
14523
14524
11395
13374
13375
14186
14241
14523
14524
11396
14186
14241
14525
11397
11398
14186
14241
14245
14246
14247
11398
14247
15876
11399
14232
14246
14247
15880
11400
14233
14245
14246
14247
14512
15880
11401
14233
14512
14534
11402
11403
14233
14508
14509
14510
14512
11403
14510
15875
11404
14496
14509
14510
15871
11405
14508
14509
14510
14539
14540
15871
11406
14539
14540
15578
11407
11408
14270
14271
14539
14540
15577
11408
15577
15836
11409
14271
15468
15577
15588
11410
14270
14271
15467
15577
15585
15588
11411
15467
15576
15585
11412
11413
15467
15575
15585
15589
11413
15575
15862
11414
15465
15466
15575
15589
11415
11416
15465
15466
15573
15574
11416
14932
15574
11417
11428
15463
15573
15574
11418
11419
11428
15463
15592
15593
15594
11419
14933
15592
11420
11427
15592
15594
15837
11421
11422
11424
11425
11427
15599
15837
11422
15599
15861
11423
11424
14942
14943
14944
15599
11424
11425
15599
11425
15529
15599
11426
15599
11427
15526
15528
15529
11428
14775
14893
14895
14896
14937
14942
15526
15527
15529
15837
11429
14775
14925
14926
15463
15466
15526
11430
14589
14590
14591
14592
14771
14775
14776
14893
14930
15478
11431
14290
14291
14292
14293
14561
14751
14754
14769
14771
14776
14778
11432
14481
14562
14749
14750
14751
14754
14756
14761
11433
13888
13889
13890
13891
14396
14426
14428
14429
14479
14481
14747
14749
11434
14395
14426
14427
14429
14481
14482
14748
14749
14750
14846
14847
14850
11435
11436
12027
12028
12029
14156
14432
14482
14483
14484
14844
14845
14846
14847
14849
14850
14851
11436
11874
12016
12026
12027
12028
12029
12030
13481
11437
11842
12016
12017
12027
12029
12030
12031
12035
14155
14156
14157
14484
14849
15886
11438
11443
11834
11835
12014
12016
12017
12035
12037
13944
14146
14147
14152
14155
14157
14435
11439
11440
11442
11831
11833
11834
11835
12037
12041
13308
13309
13310
13944
14147
15879
15907
11440
11830
11831
12041
12043
12908
12927
12928
13308
13310
15908
15932
11441
11442
11831
11835
12041
11442
11835
11836
11837
11838
11443
11497
11499
11835
12037
12041
13318
13319
15894
15896
15907
11444
11493
11497
11835
11838
11839
11842
12017
12035
12036
12037
14049
14152
15893
15894
11445
11493
11497
11839
13332
13333
13342
15884
15893
11446
11491
11492
11493
11839
11842
14047
14179
14225
15884
15885
11447
11458
11459
11460
11491
11843
11844
14047
14223
14224
14225
14500
15874
15881
11448
11458
11459
11449
11457
15881
11450
11457
14196
14197
14198
15881
11451
11457
14210
14211
15491
15881
11452
14211
14237
14238
15491
11453
11455
11456
11457
14237
14238
15489
11454
14237
14238
15498
15832
11455
11463
11466
14500
15498
15832
11456
11458
11462
11463
14500
15489
11457
11458
14224
15489
11458
15489
15881
11459
11460
15489
11460
11845
11461
11462
11846
15488
11462
11464
11846
11847
11848
14223
15488
11463
14500
15488
11464
11465
14500
15499
11465
11849
14223
15499
11466
11467
11468
11849
14499
15499
11467
14499
15498
15832
11468
14216
14217
14499
15502
15822
11469
11850
14499
15507
11470
11850
14219
14220
14221
15507
15822
11471
11850
14502
15507
11472
14220
14502
14543
15486
11473
11476
11477
14220
14503
14543
15486
11474
11476
14503
15485
15833
11475
14541
15485
15833
11476
14541
15561
11477
14503
15561
11478
14219
14503
15506
11479
14218
14219
14504
15506
11480
14504
15503
11481
14217
14218
14498
15503
11482
14215
14217
14498
15497
11483
14214
14215
14234
15497
11484
14234
15494
11485
14213
14214
14239
15494
11486
14213
14239
15492
15493
11487
11488
15492
15493
11488
14203
11489
13371
13372
13373
13374
13376
14186
14188
14239
11490
13376
13377
13378
14063
14185
14521
11491
13344
13346
13376
13377
14184
14188
14192
14193
14226
14227
15882
11492
13344
14197
14224
14225
14226
14227
15881
15882
15885
11493
13865
14047
14177
14178
14179
14225
14226
15883
15884
15885
11494
11839
11842
12036
13332
13335
14037
14038
14048
14049
14178
14179
15884
15893
11495
13335
13336
13337
13861
13862
13864
14035
14036
14037
14038
14039
14178
11496
12290
13329
13334
13335
13336
13736
13737
13738
13740
14036
14037
15893
11497
11514
11515
11516
12291
13325
13326
13329
13334
13735
13736
13737
15895
11498
11514
12036
13318
13332
13333
13334
13737
15893
15894
15895
15896
11499
11507
11508
11512
11513
11514
13333
15896
15897
15898
11500
11519
12042
13068
13073
13318
13319
13320
15896
15897
15898
11501
11505
11516
11517
11518
11519
12942
13067
13068
13074
13075
13320
15897
11502
11518
11519
11520
11521
11522
12829
12831
13067
13068
13069
13073
11503
11505
11518
11519
11520
11521
15899
15900
11504
11518
11521
12831
12947
11505
11506
11517
11518
12293
12942
12944
12945
12954
12955
11506
11507
11508
11517
11518
11519
15897
15898
15899
11507
11508
11509
11510
11511
11517
12293
12960
11508
11509
11512
11513
15897
15898
15899
11509
11511
11512
11514
11515
11516
11517
12291
12293
15897
11510
11511
11512
11513
11511
12293
12959
12968
11512
11515
12291
12292
12293
13330
15929
11513
11514
12291
13331
13333
11515
11516
12291
13333
13334
15895
15896
15897
11516
11517
12291
12292
12293
13076
13078
13325
13326
13329
11517
13075
13076
13320
13321
13325
15895
15896
15897
11518
12293
12942
12963
13075
13076
15897
11519
11521
12831
12942
12946
13067
11520
13068
13073
15897
15898
15899
11521
13069
13073
15900
11522
12831
15952
11523
11524
12827
12829
12830
12831
12835
13067
13069
11524
12044
12055
12056
12827
12828
12829
13069
13070
13072
11525
11526
11527
12055
12059
12821
12827
12830
11526
11527
12817
12821
11527
12060
12821
12825
12826
13842
11528
12051
12052
12053
12054
11529
11531
12049
12053
12054
12059
12060
11530
11531
12059
12060
12816
11531
12059
12060
12064
13839
13840
13841
11532
12048
12059
12813
12814
11533
11535
12812
12813
12814
12923
13840
11534
11535
12923
13838
13840
11535
12068
12923
13840
13982
13983
13984
11536
11595
12904
12923
13976
11537
11539
12903
12904
12922
13976
13983
11538
11539
12922
13974
13983
11539
12072
12922
13981
13983
13985
13986
11540
12922
13977
13979
11541
11543
13054
13977
13978
13979
13985
11542
11543
13054
13985
13987
11543
12076
13054
13985
14008
14009
14010
11544
13054
13989
13991
11545
11547
13053
13989
13990
13991
14009
11546
11547
13053
13823
14009
11547
12080
13053
14005
14006
14007
14009
11548
13053
13992
13994
11549
11551
13052
13992
13993
13994
14006
11550
11551
13052
13822
14006
11551
12084
13052
13819
13820
13821
14006
11552
13052
13998
14000
11553
11555
13818
13819
13998
13999
14000
11554
11555
13818
13819
14002
11555
12088
13818
13819
14117
14118
14119
11556
13818
14116
11557
14116
11558
12095
12096
12803
12804
13050
13152
13153
13204
13818
14120
14121
14630
11559
11709
12096
12802
12803
12804
13048
13049
13050
13152
14630
14631
11560
11709
12098
12805
12807
12888
13036
13037
13042
13047
13048
13049
13050
11561
11709
11710
12099
12100
12103
12104
12108
13042
13047
13048
15979
11562
11577
11578
11579
11694
12100
12102
12807
13040
13041
13042
13047
11563
11573
11576
11577
12098
12099
12100
12891
12892
13040
13047
15927
11564
11566
11573
11575
11565
11566
11572
12099
11566
11567
11568
11572
11642
11569
11571
11572
11642
12108
12109
11570
11645
12107
12108
12109
15979
11571
11645
12100
12101
15979
15980
11572
11573
11574
11642
12100
15980
11573
11642
12099
11574
11642
11575
11576
11642
11576
11577
12100
11578
11579
12100
12892
12899
13040
11579
11580
11650
11651
11694
11695
12158
13041
15972
11580
11695
12808
12892
12899
12900
12901
13040
13041
11581
11611
11695
12899
12901
11582
11586
11598
11608
11609
11610
11695
12901
12902
13828
11583
11627
11584
11626
11627
12174
11585
11603
11604
11606
11586
11603
11587
11598
11599
11607
12811
13835
11588
11599
12046
13833
11589
11590
15957
15958
11590
12046
15957
15958
15959
11591
15957
11592
13832
13833
11593
12046
12047
12048
13832
13833
13836
11594
11596
12811
12812
13832
13835
13836
11595
11596
12811
12812
13837
11596
12811
12812
12903
12904
13976
11597
12811
13831
11598
13831
11599
12809
12810
12811
12901
12902
12905
12918
11600
12045
12046
12058
12810
12811
12917
13836
11601
11602
11603
11629
11603
11628
11629
12913
11604
11627
11629
11605
11606
15963
11607
12173
12174
12175
11608
12173
12175
11609
11610
12173
12174
12175
11610
12172
11611
11622
15967
11612
11622
15967
11613
11618
11622
11623
15967
11614
11618
12163
12164
15972
15973
11615
12152
12155
12163
12164
11616
11617
11618
11619
12152
12160
11617
11619
12161
11618
11619
11623
11624
11619
11620
12162
12163
12171
15967
11621
11624
12172
12173
15967
11622
11624
11626
12174
11623
12174
15967
11624
15967
11625
11626
11634
11627
11628
11629
11630
11634
11629
11630
11638
11631
11632
11634
11636
11638
11632
11636
11637
11638
11639
11633
11634
11635
11636
12159
11634
11635
12161
11635
11636
11647
12153
12155
12156
12160
11637
11646
11647
12157
12158
11638
11639
11640
11644
11646
11639
11640
11641
11642
11643
11644
11643
11644
11645
12110
15978
11644
12110
11645
11646
12110
15980
11646
11686
11688
12110
13044
13045
15979
11647
13044
11648
11649
11650
11688
11692
11693
12154
13044
11649
11650
12156
12157
11650
11692
11693
12154
12155
12164
11651
11693
12158
11652
12102
13044
11653
11691
11693
11694
12102
13043
13044
11654
11691
11710
11711
12103
13043
13044
11655
11656
11710
11711
12104
13045
13046
11656
11679
11680
11681
12105
13045
13046
11657
11658
13045
13232
11658
11688
11689
11690
11711
12147
11659
11660
11680
11687
12146
11660
11687
12144
11661
11662
11680
11687
12145
11662
11726
11728
12116
12117
15976
11663
11681
11685
13236
11664
11673
11678
11681
11682
11685
15976
11665
11674
11675
11678
12120
15975
15976
11666
11667
11678
12130
15975
11667
11731
12130
12131
12135
13223
15977
11668
11669
11675
11676
12130
12131
11669
11676
12129
12132
11670
11675
11676
12122
11671
11674
11677
12122
11672
11674
11677
12121
11673
11674
11677
12115
11674
11677
11682
11683
11684
11685
11675
11677
12120
11676
12120
11677
11678
12803
13150
13151
13152
13153
13204
13206
13224
11678
12801
12802
12803
13152
13206
11679
11719
11720
11721
12803
13153
13228
15975
15976
11680
11681
11705
11709
11710
11715
11716
11717
11718
12803
12804
11681
11687
11682
11683
11685
11683
11685
12803
11684
11685
12105
12106
11685
11686
11687
12115
12116
12120
13045
11687
12106
12110
12111
12115
13045
15978
11688
12116
13045
11689
11690
11711
13044
13045
11690
12148
11691
11692
11711
12149
11692
12168
13044
11693
12150
12154
11694
11695
11699
11700
11710
12165
12166
12167
12806
13041
13042
11696
11697
12901
13041
13980
15973
11697
13827
13828
13829
13830
11698
11699
13825
13826
11699
13825
11700
13825
13826
11701
11702
13995
13996
11702
13995
11703
11710
13995
13996
11704
11705
11707
11708
11710
11705
11707
11706
11707
11708
11707
11708
13995
13997
13998
14001
11709
11710
12803
12804
12805
13042
13046
13048
13050
11711
11712
11713
11714
12805
13042
11713
11714
12149
12167
12168
12169
11714
13234
11715
12147
13231
13232
11716
11718
12146
13231
13232
11717
11718
12142
11718
13225
13226
13227
13228
11719
12145
13230
13236
11720
11726
11727
13228
13230
13236
11721
11723
12141
13228
11722
13157
13222
13223
13224
13228
11723
12139
13222
13223
15977
11724
11727
11729
12139
12141
11725
11727
12118
13237
11726
12117
13237
11727
12145
13230
13236
11728
13230
11729
12118
12119
15975
11730
12118
12119
15975
15977
11731
12119
12139
15977
11732
12130
12138
11733
12135
12137
13252
11734
12134
12135
13162
13252
13253
11735
13163
13252
13253
11736
13164
13251
13265
11737
12133
13167
13251
13253
13254
13256
11738
12133
13203
13251
13254
15923
11739
13203
13248
13249
11740
13202
13247
13248
13249
13254
13255
11741
11742
13202
13255
13263
11742
11753
13244
13259
13261
13263
13266
11743
11753
13246
13247
13263
11744
11752
13182
13246
11745
11746
11752
11755
13182
11746
11755
13275
11747
11755
13276
13277
13283
15710
11748
11752
11754
13276
13282
13283
11749
11751
11752
11754
13181
11750
13180
13181
11751
13178
13179
13262
11752
11753
11754
13178
13261
13262
11753
11754
13182
11754
13263
11755
13200
13201
13246
13284
15743
11756
13198
13199
13200
13246
15711
15712
15716
11757
11820
12348
12883
12884
13199
13200
13201
13208
13209
13246
14669
15716
11758
13202
13203
13207
13208
13209
13246
13248
15716
15717
11759
12094
12095
12884
13149
13151
13203
13204
13205
13207
13208
13209
14628
11760
11820
11821
12798
12799
12800
13205
13207
13208
14627
14628
14670
15717
11761
11821
11822
11823
12351
12798
11762
11806
11822
11823
11824
11825
12352
11763
11806
11824
11764
11804
11805
11806
11824
12352
12395
11765
11803
11804
12758
12760
11766
11776
11802
11803
12404
11767
11768
11776
11802
11769
11776
11778
11770
11773
11771
11772
11774
11775
11776
11993
11775
11986
11992
11993
11776
11801
11802
11993
12000
11777
11801
11802
11778
11800
12406
11779
11780
11785
11786
11781
11785
11786
11799
11782
11784
11799
11783
11784
11785
11786
11798
11787
11788
11788
11789
11795
11796
11798
11790
11792
11793
11795
11798
11791
11794
11795
11796
11798
11792
11794
11793
11796
11798
11797
11798
11801
11994
12001
12002
12399
12400
12401
12405
12406
11802
11993
12000
12001
12002
12402
12403
12404
11803
12403
12404
11804
12404
12757
12758
11805
12395
12758
13445
13653
11806
12352
12379
12393
12394
12395
13444
11807
11822
11824
12352
11808
11809
11810
11814
13186
11810
11811
11814
11815
11812
11813
11815
11816
13185
13186
11816
12123
11817
12123
12124
12125
13184
13185
13270
11818
11821
11819
11821
13184
11820
13184
11821
12350
13197
13199
13208
14668
14669
14670
15712
15716
15717
11822
12350
12351
12392
12798
13191
13197
14668
14670
15712
15717
11823
12351
12352
12393
13685
11824
11825
11828
12008
12009
12351
12352
12798
11825
12008
12352
11826
11828
12008
11827
11828
11828
11832
12008
12010
12021
12023
11829
12008
12009
12010
11830
12009
12010
12012
12097
12798
12890
13033
13034
13035
13704
14633
14730
15909
11831
11833
12010
12890
12908
13299
13300
13308
13704
13946
15908
15909
11832
11833
11834
12010
13308
11833
11834
12010
12011
12015
12021
12022
12023
11834
12010
12011
12012
12014
13308
13704
13933
13944
13945
13946
14334
14731
15879
11835
12011
12014
12015
12016
12022
13944
11836
11838
12017
12037
11837
11838
12018
12022
15981
11838
11839
11841
12017
12018
11840
11841
11842
12017
11842
11869
11870
12017
12018
12030
11843
12017
12030
12031
12035
14047
14048
14049
14179
14390
15886
11844
11855
12029
12030
12031
14047
14223
14389
14390
15472
15873
15874
11845
11846
11855
11856
11871
14223
11846
11847
15488
11848
11852
11855
15488
11849
11851
15488
15872
11850
11851
15499
15872
11851
15507
15872
11852
11853
15487
15872
11853
11855
15487
11854
15487
11855
14223
14273
14501
14502
14556
15471
15472
15473
15479
15557
15872
11856
14223
14556
15472
15479
15557
15872
11857
11871
11872
12650
12651
12652
12653
11858
11871
11872
11859
11860
11861
11861
11862
11863
11876
11877
11878
12773
12785
11864
11865
11875
12784
12786
12787
11865
11875
12786
12787
12788
15914
15916
11866
11868
11875
11867
11868
12018
15981
11869
11875
11870
11872
11874
12018
12030
11871
11872
11873
11874
11876
13483
13484
13485
11875
12019
12026
13482
15914
11876
12788
15914
11877
12772
13484
11878
12772
12773
13484
11879
12773
12774
12785
11880
12774
12775
12785
11881
11911
11912
12775
11882
11911
11912
11914
11883
11888
11911
11914
11884
11887
11885
11887
11886
11889
11890
11910
12778
12779
11890
11910
12777
12778
12779
12780
12781
11891
11892
11906
11907
11910
11892
11893
11894
11896
11905
11906
15986
11893
11905
11906
11894
11896
11897
11903
11905
11895
11896
11906
15986
11897
11898
11899
11902
11903
11900
11902
11901
11903
11904
11905
11907
15986
11908
11910
11909
11911
12777
12781
11912
11913
11914
12775
12777
13491
11914
11921
12412
12777
12778
12780
13491
13492
13493
11915
12778
13493
11916
11919
13494
11917
13495
11918
11919
11926
15982
11920
12778
12779
15982
11921
11922
11923
11926
11980
11982
12417
13494
15982
11922
11990
12412
12416
12778
12780
13492
13493
11923
12416
12417
13492
13493
13494
13502
13517
13574
15171
11924
11926
11927
11982
12417
13494
13495
13501
13518
13573
13574
11925
11926
11927
13495
13496
13500
13519
13535
13536
13573
11926
11963
13496
13536
15983
11927
11970
11982
13495
15982
11928
11971
11982
11983
12417
13518
13519
13536
13568
13573
11929
11964
11965
11971
11983
13519
13536
13538
13539
13540
13541
13542
11930
11957
11959
11964
12564
12565
12566
12567
12568
13520
13522
13536
11931
11957
11958
12554
12594
13521
13522
11932
12593
12594
13559
11933
11944
11946
11934
11939
12589
11935
11937
12536
11936
11939
11940
11937
11938
11940
11944
11941
11942
11943
11943
11945
11954
11955
11946
11948
11949
11947
11948
11958
11949
11954
11950
11951
11951
11953
11952
11955
11956
11957
11963
15983
11958
11959
11964
12569
13522
11959
11960
11964
11965
12570
11961
11964
11965
11966
11962
11963
11967
11969
11964
11969
11970
15983
11965
11971
13536
13543
11966
11971
11972
13544
11967
11971
11972
11973
11968
11969
11970
11974
11975
11978
11969
11970
11974
11975
11980
11989
15982
11970
11971
11980
11982
15982
11972
11981
11982
11983
13564
11973
11981
11983
11985
13566
11974
11981
11985
11986
11975
11980
11987
11989
11976
11978
11977
11979
11981
11982
11989
11990
15982
11982
11983
11984
11985
11991
12417
13593
11983
12417
15982
11984
12417
12432
12433
12434
12435
13518
13565
11985
11991
11998
12416
12417
12427
12428
12429
12430
12431
13517
11986
11991
11992
13594
11987
11991
11992
11993
11988
11989
11990
11994
11995
11989
11990
11994
11995
11996
12400
12780
11990
11991
11996
12780
11992
11997
11998
12416
12732
11993
11997
11998
12000
15934
11994
11997
12000
12001
11995
11996
12001
12400
11997
12001
12400
12401
12412
12780
11998
11999
12000
12001
12402
12415
12737
11999
12415
12416
12733
12734
12735
12736
13516
13588
12000
12402
12414
12415
12738
12739
12740
12741
12765
13515
13612
12001
12402
12403
13615
12002
12400
12401
12402
12003
12399
12401
12402
12403
12404
12405
12407
12408
12409
12004
12398
12404
12405
12407
12408
12757
12758
12759
12762
12763
12005
12395
12396
12397
12758
12759
12762
12763
13445
13446
15915
12006
12007
12394
12395
12396
12794
13444
13446
13449
15915
15917
12007
12394
12793
12794
12795
12796
13443
13449
13476
14714
12008
12023
12394
12396
12794
12796
15917
12009
12352
12010
12012
12351
12796
12797
12798
13033
12011
12012
13704
12012
12013
12014
12015
12023
12025
12796
13933
12013
12796
12797
13033
13702
13703
13704
13933
14730
14731
14732
15870
12014
12025
12795
12796
13702
13931
13932
13933
14323
14714
14732
14734
14808
14818
12015
12016
12025
12027
13933
13944
14155
14323
14333
14334
14433
14435
14734
12016
12019
12020
12022
12023
12024
12025
12026
12017
12019
12025
12026
12027
14155
12018
12030
12035
12019
15981
12020
12022
12024
12026
15914
15981
12021
12022
12023
12024
15914
15917
15981
12022
12023
12023
15981
12024
15917
12025
12026
12794
13482
15914
15917
12026
12027
12795
13481
14323
12027
13481
13482
15914
12028
13481
14155
14323
14432
14433
14843
14845
14849
14858
12029
13481
14843
14844
14845
14851
14871
14890
15866
12030
12031
14483
14484
14558
14851
15873
12031
12032
14048
14156
14170
14171
14389
14390
14392
14483
14484
14485
15873
15886
12033
14169
14170
14171
14172
14173
14181
14392
14393
14394
14395
14485
14487
12034
14044
14050
14051
14162
14163
14164
14166
14169
14170
14171
14172
15886
12035
14030
14033
14034
14035
14050
14051
14052
14150
14151
14158
14162
14163
12036
14033
14048
14049
14050
14146
14151
14152
14156
14157
14163
15886
12037
13737
13738
14032
14033
14037
14049
14152
15893
15894
12038
13309
13318
13730
13731
14032
14146
14147
14148
14152
15894
15907
12039
13729
13730
13731
13732
13733
13735
14025
14026
14030
14031
14032
14148
12040
13315
13316
13317
13321
13724
13726
13729
13730
13731
13732
15906
15907
12041
12932
12936
12937
12938
12939
12940
13074
13311
13315
13316
13317
15906
12042
12927
12937
12938
13309
13310
13317
13318
13319
15906
15907
15932
12043
12828
12829
12937
13068
13069
13072
13073
13319
15932
12044
12056
12057
12828
12909
12926
12927
12928
13072
15932
15933
12045
12055
12056
12057
12058
12059
12827
12828
12924
12925
12926
12932
12046
12055
12056
12057
12058
12810
12917
15933
12047
12048
12049
12055
12058
12059
12811
12048
12049
12815
12049
12812
12813
12814
12050
12051
12053
12054
12051
12053
12052
12053
12054
12053
12054
12814
12815
12816
12817
13842
12055
12056
12058
12059
12827
12057
12828
13070
13072
15933
12058
12810
12906
12909
12917
12924
12926
12928
15933
12059
12810
12811
12813
12905
12923
12924
12925
12060
12827
12923
12925
12933
12061
12826
13842
12062
12064
12825
12826
12933
12934
13842
12063
12064
12933
12934
13843
12064
12849
12933
12934
13060
13061
13062
12065
12933
13839
13841
12066
12068
13059
13060
13839
13840
13841
12067
12068
13059
13060
13962
12068
12853
13059
13060
13959
13960
13961
12069
13059
13982
13984
12070
12072
13058
13960
13982
13983
13984
12071
12072
13058
13960
13973
12072
12857
13058
13304
13305
13958
13960
12073
13058
13981
13986
12074
12076
13303
13304
13981
13985
13986
12075
12076
13303
13304
14012
12076
12861
13303
13304
13708
13709
13957
12077
13303
14008
14010
12078
12080
13707
13708
14008
14009
14010
12079
12080
13707
13708
14011
12080
12865
13707
13708
13954
13955
13956
12081
13707
14005
14007
12082
12084
13953
13954
14005
14006
14007
12083
12084
13953
13954
14004
12084
12869
13953
13954
14126
14127
14128
12085
13820
13821
13953
12086
12088
13817
13819
13820
13821
14127
12087
12088
13817
14003
14127
12088
12873
13817
14123
14124
14125
14127
12089
13817
14117
14119
12090
12092
14117
14118
14119
14122
14123
12091
12092
14122
14123
14691
12092
12877
14122
14123
14692
14693
14694
12093
14114
14122
12094
14114
12095
12884
12885
13148
13149
13204
13209
14120
14121
14122
14628
14635
12096
12799
12885
13152
13204
13205
14120
14121
14628
14629
14630
12097
12886
12888
13049
13050
13051
13294
13818
14120
14629
14630
12098
12798
12799
12800
13034
13035
13049
13294
14627
14629
14630
14631
14633
12099
12890
13035
13036
13047
13048
13049
14631
15927
12100
12108
13047
13048
12101
12108
13047
15980
12102
12103
13044
12103
13043
13044
12104
13043
13044
15979
12105
12107
13045
13046
15979
12106
12107
13045
13046
12108
13045
12109
13048
12110
12111
15978
12112
12113
12114
12115
15978
12113
12114
12115
12121
12123
12127
15978
12114
12115
12121
12127
12116
12120
12121
12117
12119
12120
15976
12118
12119
12120
12130
15975
15977
12121
12122
12130
12122
12123
12126
12127
12123
12126
12128
12129
12130
12124
12125
12126
12127
12128
12125
12128
13184
13250
13267
13268
13270
12126
12128
13267
12127
12128
12129
13250
13267
12130
12132
13250
13251
13252
15923
12131
13252
12132
12134
13150
12133
12134
13150
15923
12134
13150
13251
12135
13150
13252
13253
12136
13252
12137
13158
13162
13222
13223
12138
12140
13162
12139
12140
13223
12140
12141
13221
13222
12142
13222
13225
13230
13237
13238
12143
13225
13230
13231
13234
15974
12144
13230
13231
12145
12146
12146
13230
13236
12147
13231
13232
12148
12149
13231
13232
12149
13233
12150
12168
12169
12151
12164
12167
12168
12169
12152
12154
12162
12164
12153
12162
12154
12155
12160
12156
12160
12157
12159
12160
12158
12159
12161
12163
12169
12170
12164
12165
12169
12170
12171
15967
15972
15973
12165
15972
12166
12167
15972
15973
12167
12170
12168
12169
12169
12170
13231
13233
13234
12171
13234
15971
12172
15967
15969
15970
12173
15962
15967
15968
12174
12175
12176
15962
15963
15967
12175
12177
15960
15961
15962
15963
12178
12179
12180
15957
15960
15961
12180
12181
15954
15955
15957
15960
15966
12182
12183
15954
12184
12185
15953
15954
15955
12186
15953
15965
12187
15949
15952
12188
12192
15949
12189
12190
12192
12193
15949
12191
12192
12193
12194
12195
12192
12193
15949
12194
12195
12204
15948
12195
12196
12197
12202
12203
12204
15931
12197
12198
12199
12199
12203
12269
12200
12201
12202
12201
12202
12207
12208
12202
12203
12204
12205
12206
13359
15930
12204
12205
15947
12206
13359
13361
15946
12207
12273
12282
13359
12208
12270
12273
12209
12210
12211
13359
12210
12272
12273
12274
13359
12211
12218
12275
12276
13359
12212
13359
12213
12217
12218
12288
12289
13330
13341
15945
12214
12215
12216
12230
15945
12215
12230
12216
12230
13341
12217
12230
12218
12288
12289
13340
13341
12219
12220
12225
12226
12275
12276
12288
12220
12262
12221
12225
12226
12261
12272
12222
12261
12271
12272
12274
12281
12223
12224
12225
12259
12279
12281
12224
12259
12278
15939
12225
12259
12277
12226
12259
12227
12228
12229
12256
12259
12260
12261
12229
12251
12254
12255
12256
12230
12251
12256
12261
12262
15945
12231
12250
12251
12253
12262
12268
12232
12246
12247
12250
12263
12265
12268
12233
12244
12246
12248
12264
12265
12266
15943
15944
12234
12239
12240
12241
12243
12244
12266
12235
12238
12239
12264
12266
12236
12237
12238
12238
12239
12240
12266
12241
12242
12243
12242
12243
12244
12245
12248
12243
12244
12245
12245
12246
12248
12247
12248
12249
12250
12248
12249
12250
12253
12250
12251
12253
12252
12253
12254
12255
12253
12254
12255
15830
15941
12255
12256
12257
15828
15830
12257
12258
12259
12258
13350
14207
15828
15830
15940
12259
13351
14207
15939
12260
12261
12261
12281
12262
12271
12272
12263
12268
12270
12264
12265
12268
12269
12265
12266
12266
12268
12267
12271
12272
12273
12274
12275
12279
12280
12282
12276
12279
12282
12277
12286
12287
13358
12278
12279
12286
13358
12279
12283
12284
12280
12282
12281
12282
12283
13358
13359
13361
12284
13357
13358
13362
12285
12286
15939
12286
13355
13356
13357
12287
13358
12288
13358
12289
13338
13340
12290
13330
13331
13338
13339
13340
13341
13342
12291
13329
13330
13331
13332
13334
13335
13336
13337
13338
13339
13381
12292
13329
13330
13331
13333
13334
12293
12971
12972
12973
12974
13326
13329
13330
13381
15922
12294
12295
12296
12297
13076
15928
12295
12297
12955
12959
12960
12961
15928
12296
12297
12966
15928
12297
12974
13077
13078
13079
15928
12298
12944
12962
12963
12299
12301
12943
12962
12963
13076
13077
12300
12301
12965
13076
13077
12301
12978
13076
13077
13080
13323
13324
12302
12840
12964
13076
15925
12303
12305
12964
13322
13323
15925
15926
12304
12305
13322
13323
13846
12305
12982
13322
13323
13727
13728
14018
12306
12844
13322
13965
13967
12307
12309
13726
13727
13965
13966
13967
12308
12309
13726
13727
14017
12309
12986
13726
13727
14019
14020
14021
12310
12848
13314
13726
13968
12311
12313
13313
13314
13725
13968
14020
12312
12313
13725
14016
14020
12313
12990
13725
13939
13940
14020
14415
12314
12852
13725
13969
13971
12315
12317
13938
13939
13969
13970
13971
12316
12317
13938
13939
14015
12317
12994
13938
13939
14138
14139
14416
12318
12856
13938
14014
15903
12319
12321
14014
14137
14138
15902
15903
12320
12321
14137
14138
14448
12321
12998
14137
14138
14449
14450
14451
12322
12860
14137
14452
14454
12323
12325
14136
14450
14452
14453
14454
12324
12325
14136
14450
14456
12325
13002
14136
14450
14645
14646
14647
12326
12864
14136
14642
14644
12327
12329
14135
14642
14643
14644
14646
12328
12329
14135
14646
14649
12329
13006
14135
14646
14650
14651
14652
12330
12868
14129
14131
14135
12331
12333
13815
14129
14130
14131
14651
12332
12333
13815
14651
14653
12333
13010
13815
14651
14659
14660
14661
12334
12872
13815
14638
14639
12335
12337
14637
14638
14639
14660
14662
12336
12337
14660
14662
14689
12337
13014
14660
14662
14686
14687
14688
12338
12876
14662
14697
14699
12339
12341
13146
14687
14697
14698
14699
12340
12341
13146
14111
14687
12341
13018
13146
14675
14676
14685
14687
12342
12880
13146
13287
14696
12343
12345
13286
13287
14674
14675
14696
12344
12345
14674
14675
14701
12345
13022
13025
13026
14674
14675
15849
12346
14674
15850
12347
15850
12348
13027
13028
13198
13200
13284
13285
13288
14667
14672
14673
14674
15341
12349
12883
13028
13198
13199
13200
13285
13288
14666
14667
14668
14669
12350
12883
12884
13029
13147
13288
13289
13290
14634
14635
14665
14666
14669
12351
12392
12797
12798
13196
14625
14626
14627
14634
14665
14666
14668
14669
14670
14679
12352
12358
12392
12393
12797
12798
12353
12393
12394
12354
13684
13685
12355
12357
12385
12393
13684
13685
12356
12357
12374
12385
12393
12357
12385
12389
12390
12391
12393
13686
12358
12359
12393
13190
12359
13190
13191
12360
12391
12392
13190
13191
13192
12361
12373
12391
12392
13193
13194
12362
12371
12373
13194
15322
12363
12364
12371
15321
15322
15723
12364
15330
15357
15358
15723
12365
12366
15331
15720
15723
12366
12367
12369
12370
12371
12372
15720
12367
15331
15705
15720
12368
15331
15332
15335
15336
15720
12369
15335
15336
15707
15708
15718
15719
12370
12372
15707
15718
15924
12371
12372
13194
13195
15924
12372
12373
15336
15705
15706
15722
15723
15924
12374
13189
13190
13193
13194
13686
13687
15722
15723
12375
13188
13190
13682
13683
13684
13686
12376
12377
12378
13187
13665
13683
13684
12377
12378
13652
13666
12378
13187
13684
12379
12380
13652
13657
13658
13665
13666
13678
13683
12380
13658
12381
12383
13444
13657
13658
13659
12382
12383
13444
13659
13665
12383
13444
13450
13659
13663
13664
15911
12384
12386
13444
13683
12385
12386
12394
13683
12386
12393
13683
12387
12389
13443
13683
15911
12388
12389
13443
13682
15911
12389
13443
13454
13455
13688
13689
15911
12390
13443
13686
12391
13686
12392
13686
12393
12797
13195
13196
13197
13442
14668
14679
15839
12394
13443
12395
13443
13444
13449
12396
12758
13444
13445
13446
13658
12397
12759
12761
15915
15917
12398
12759
12761
12762
15915
15916
15917
12399
12405
12407
12759
12762
12400
12401
12405
12406
12407
12783
12401
12402
12407
12409
12413
12783
12403
12408
12409
12414
12742
12765
12404
12408
12757
12765
13619
12405
12408
12757
12758
12406
12407
12759
12408
12409
12762
12767
12783
12409
12747
12757
12763
12764
12765
12766
12410
12413
12414
12765
12766
12767
12783
12411
12413
12414
12766
12767
12769
13489
13490
13505
13514
15168
15169
12412
12413
12414
12415
13490
13491
13492
13504
13515
15169
15170
12413
12415
12777
12780
13491
13492
12414
12767
12776
12783
13490
12415
12765
12766
13514
13515
13634
15169
12416
13492
13515
13516
13611
15170
12417
13492
13516
13517
13587
15171
12418
13517
13518
13574
12419
12426
12427
12434
13595
12420
12421
12426
12434
12436
13518
13595
12421
12436
12437
13518
13597
12422
12437
12438
13518
13575
13598
12423
12424
12426
13517
13575
13577
13598
12424
12425
12426
13517
13596
12425
13517
13577
13579
13585
15913
12426
12429
13517
13586
13587
13589
12427
13517
13595
12428
12429
12431
12434
13595
12429
12430
12431
13590
12430
13587
13588
13589
12431
12731
12732
12733
12432
13592
13593
13594
12433
12434
13565
13592
13593
12434
12435
13565
13591
12435
13595
12436
13540
13565
13567
13568
12437
13518
13531
13567
13568
12438
13518
13530
13569
13572
12439
12440
13518
13599
12440
13574
13575
13576
13599
12441
13572
13573
13599
12442
13528
13529
13572
13573
12443
13528
13529
13534
13535
12444
13526
13527
13534
13535
12445
13523
13524
13526
13527
12446
12710
12711
13523
13524
12447
12595
12710
12711
12713
12448
12595
12599
12600
12713
12449
12596
12597
12599
12600
12450
12596
12597
12601
13556
12451
12590
12601
13554
13556
12452
12587
12590
12602
13554
12453
12585
12587
12591
12602
12454
12533
12534
12585
12591
12455
12456
12533
12534
12456
12583
12457
12531
12535
12591
12458
12531
12535
12459
12460
12461
12463
12464
12531
12460
12461
12467
12468
12461
12462
12531
12463
12528
12464
12528
12465
12466
12528
12529
12532
12687
12688
12467
12470
12528
12687
12468
12469
12470
12470
12471
12496
12497
12518
12528
12472
12473
12474
12493
12496
12497
12474
12497
12475
12490
12491
12493
12496
12476
12491
12477
12490
12491
15937
12478
12489
15937
12479
12483
12486
12488
12480
12483
12486
12481
12482
12483
12484
12482
12573
12575
12483
12484
12573
12575
12576
12484
12486
12577
12485
12486
12575
12576
12577
12578
12487
12488
12577
12579
12489
12577
12579
12581
12490
12494
12582
15937
12491
12493
12494
12495
15937
12492
12493
15937
12494
12495
12496
12528
12495
12529
12582
15936
15937
12496
12528
12529
12582
12497
12528
12498
12518
12499
12512
12516
12518
12500
12508
12509
12512
12516
12519
12501
12502
12503
12504
12502
12504
12505
12516
12517
12503
12512
12513
12514
12504
12509
12510
12511
12505
12507
12508
12506
12507
12508
12509
12516
12519
12527
12510
12511
12512
12519
12511
12513
12514
12515
12516
12514
12515
12515
12517
12518
12520
12527
12521
12522
12527
12522
12523
12526
12527
12524
12526
12525
12526
12529
12530
12532
12582
12583
12531
12533
12583
12688
12689
12534
12583
12584
12602
12689
12690
12535
12536
12588
12591
12537
12588
12589
12591
12538
12579
12580
12539
12541
12579
12580
12586
12588
12540
12541
12586
12588
13552
12541
12586
12587
12588
13553
13554
13555
12542
12544
12578
12588
12543
12544
12578
12589
12544
12578
12545
12547
12578
12592
13555
12546
12547
12592
13551
13555
12547
12592
12597
12598
13555
13556
13557
12548
12549
12592
13558
12549
13558
13559
12550
12552
12593
12598
13558
13559
12551
12552
12593
12598
13550
12552
12593
12598
12599
12712
12713
12714
12553
12555
12593
12715
12554
12555
12594
12715
12555
12715
12556
12558
12712
12715
13521
12557
12558
12712
13521
13549
12558
12711
12712
13521
13524
13525
13571
12559
12560
13521
13548
12560
12567
13522
13548
12561
12563
12567
13520
13525
13548
12562
12563
13520
13525
13560
12563
13520
13525
13526
13533
13534
13570
12564
13520
13537
13546
13547
12565
12566
12567
13537
13538
13546
12566
12568
13542
13543
13545
12567
12568
12718
12568
13548
12569
12570
12571
12570
12571
12571
12572
12574
12717
12718
12719
13545
13548
12573
12574
12717
12719
12574
12575
12716
12575
12715
12716
12717
12576
12716
13558
15935
12577
12578
12716
13551
13558
12578
12579
13552
12579
13551
13552
13553
13558
12580
12581
12584
13552
12582
12583
12584
13552
12583
12584
12585
12586
12602
13552
13553
12586
12591
12587
12588
12588
12602
12589
12590
12591
12592
12590
12592
12591
12592
12596
13554
12593
12596
13555
13556
12594
12595
12596
12598
12599
13521
12595
13521
13522
12596
12713
13498
13521
13523
12597
12598
13557
12599
13557
12600
12601
12694
12709
12710
12714
13557
12602
12603
12694
13553
13556
13557
12603
12690
13553
12604
12690
12691
12692
12694
12605
12676
12677
12691
12692
12693
12606
12677
12678
12679
12690
12691
12607
12678
12679
12680
12689
12608
12678
12680
12609
12610
12678
12611
12677
12612
12675
12676
12613
12616
12674
12675
12696
12698
12614
12616
12617
12615
12616
12617
12617
12672
12674
12698
12618
12672
12698
12619
12671
12672
12699
12620
12626
12627
12628
12671
12700
12621
12626
12622
12625
12626
12628
12623
12624
12625
12629
12631
12624
12631
12632
12625
12629
12630
12631
12639
12666
12626
12628
12629
12667
12627
12628
12628
12667
12669
12671
12700
12701
12629
12667
12701
12630
12666
12667
12702
12631
12639
12640
12641
12665
12666
12632
12634
12639
12633
12634
12639
12634
12635
12636
12638
12635
12638
12639
12641
12636
12637
12638
12642
12644
12637
12644
12638
12642
12643
12644
12662
12639
12641
12642
12663
12640
12641
12641
12663
12664
12665
12666
15259
12642
12663
12664
12643
12662
12663
15257
12644
12660
12661
12662
15256
12645
12646
12648
12658
12660
12647
12648
12658
12648
12649
12653
12657
12649
12657
12658
12650
12654
12656
12657
12651
12653
12652
12653
12653
12655
15487
15511
15512
15518
12656
15251
15252
15516
15518
15519
12657
15251
15253
12658
12659
12660
12660
12661
15254
15255
15295
12661
15255
12662
15255
15256
15288
12663
15256
15257
15276
12664
15257
15258
12665
15257
15258
15259
15274
12666
12702
15259
15260
15273
12667
12702
15260
12668
12701
12702
12669
12701
12702
12703
12704
15260
15262
12670
12700
12701
12704
12705
15263
12671
12673
12699
12700
12705
12706
15264
12672
12699
12700
12673
12698
12699
12674
12697
12698
12699
12706
12707
12675
12696
12697
12698
12708
12676
12693
12696
12677
12692
12693
12696
12678
12691
12679
12680
12689
12690
12691
12681
12688
12689
12682
12687
12688
12683
12687
12684
12685
12686
12688
12689
12690
12691
12692
12693
12694
12695
12694
12695
12696
12708
12695
12709
12696
12708
12709
15267
12697
12708
12698
12706
12707
12708
15267
12699
12700
12706
12701
12705
12702
12704
12703
15260
12704
15260
15261
15262
15271
15273
12705
15262
15263
15270
12706
15263
15264
15269
12707
15264
15268
12708
15264
15266
15267
15268
12709
15267
12710
15266
15267
12711
12714
13527
13571
15266
12712
13521
12713
12714
13521
12714
12715
13549
13550
13557
13571
12716
12717
13548
13549
13550
13558
12717
13550
13558
12718
13548
13549
12719
13545
13546
13548
13560
13562
12720
12722
13545
12721
12722
13545
12722
12723
12724
13563
12723
13545
13562
13563
12724
12730
13563
13591
13592
12725
12730
13592
12726
12729
12730
12731
12727
12728
12729
13614
12728
13618
13651
13668
12729
13614
13617
13618
13668
12730
12731
13614
13616
12731
13590
13592
12732
12733
13589
13590
13592
13614
13616
15934
12733
15934
12734
12736
13588
15934
12735
12736
13588
13616
12736
13583
13588
13611
13612
13613
12737
12738
13614
12738
13614
13615
12739
12741
13612
13614
13615
12740
12741
13612
13617
12741
13607
13612
13620
13634
13635
12742
12743
13618
12743
13618
13619
12744
12746
12765
13618
13619
13635
12745
12746
12765
13635
13669
12746
12765
13630
13635
13647
13648
13649
12747
12748
12765
13650
12748
12755
13650
12749
12751
12755
12764
13648
13650
12750
12751
12764
13648
13670
12751
12764
13643
13648
15150
15151
15152
12752
12764
13671
13672
13673
12753
12754
12755
12757
13671
13672
15910
12754
12756
12757
13652
13654
15912
12755
12756
12757
13667
12756
12757
13650
12757
13651
12758
12763
12764
13445
12759
12763
13445
15912
12760
12761
12762
12761
12763
12768
15915
15916
12764
13445
13446
13447
13672
15172
12765
12766
13447
13513
13648
15172
12766
13514
13635
12767
12769
13513
13514
13647
15168
15172
12768
12769
12782
12783
13489
12769
12770
12771
12787
12789
13488
15172
15916
12770
13488
13489
13506
13513
15167
15168
15172
12771
12789
12791
13487
13488
13507
13512
15166
15167
15172
15173
12772
12773
12787
12788
12789
13487
13488
15916
12773
12788
13483
13484
13487
12774
12787
13488
12775
12782
12785
13489
12776
13490
12777
12781
12782
12783
12778
12780
12781
12779
12780
12783
12784
12786
12787
12785
12786
12787
12788
15916
12789
13482
15914
15916
12790
12791
13487
15173
15915
15916
12791
12792
12793
12794
13480
13482
13486
15192
12792
13486
13487
13508
13510
13511
15166
15173
15192
12793
13479
13480
13486
13509
13510
15192
15193
15242
12794
12795
13449
13476
13477
13479
13480
15192
12795
13449
15915
15917
12796
13476
13480
13931
14714
12797
13702
14714
12798
13033
13702
14625
14626
14679
14714
14715
15870
12799
13033
14626
14627
14633
14670
12800
13205
14627
14628
14629
14630
12801
12802
13152
13205
13206
14630
14631
12802
13206
12803
13048
13152
13206
14630
14631
12804
13152
13153
13227
12805
13050
13153
13226
13818
13999
12806
13037
13042
13050
13052
13993
12807
13037
13038
13041
13042
13053
13980
13990
12808
12889
13036
13037
13038
13039
13040
13041
13042
13047
15927
12809
12891
12900
12901
12920
12921
13038
13039
13040
13041
13055
13980
12810
12900
12901
12902
12905
12906
12907
12918
12919
12920
12921
12811
12905
12906
12909
12917
12918
12924
12812
12902
12905
12923
12813
12814
12814
12815
12816
13832
13837
13838
13839
13976
12816
13832
13837
12817
13838
13839
13842
13843
12818
13842
13844
12819
12820
12821
12822
12834
12835
12836
12951
13064
13842
13844
12820
12821
12834
12835
12836
12821
12822
12835
12823
12825
12830
12834
12835
13065
12824
12825
12830
13065
13844
12825
12830
12845
12934
12935
13063
13065
12826
12830
13842
12827
13842
12828
12829
12830
12925
12932
12933
12936
12829
12926
12932
12937
13069
13072
15932
12830
12932
12936
12937
13067
13068
13069
13074
12831
12933
12936
12941
13065
13067
12832
12833
12834
12837
12942
13067
12833
12834
12837
12951
12834
12837
12841
13064
13065
13066
12835
12836
12838
12946
12947
12948
12949
12839
12841
12942
12943
12945
12946
12949
12840
12841
12942
12943
12952
12841
12942
12943
12964
15925
15926
12842
12942
13064
13066
12843
12845
12941
13064
13065
13066
15926
12844
12845
12941
13845
15926
12845
12941
13965
13966
13967
15926
12846
12935
12941
13063
12847
12849
12934
12935
12940
13063
13966
12848
12849
12940
13964
13966
12849
12940
13313
13314
13966
13968
12850
12940
13061
13062
12851
12853
13060
13061
13062
13312
13313
12852
12853
13312
13313
13963
12853
13312
13313
13969
13970
13971
12854
13312
13959
13961
12855
12857
13716
13959
13960
13961
13970
12856
12857
13716
13970
13972
12857
13716
13970
14014
15902
15903
12858
13305
13716
13958
12859
12861
13304
13305
13715
13958
15902
12860
12861
13715
14013
15902
12861
13715
14452
14453
14454
15902
12862
13709
13715
13957
12863
12865
13708
13709
13714
13957
14453
12864
12865
13714
14453
14455
12865
13714
14453
14642
14643
14644
12866
13714
13955
13956
12867
12869
13952
13954
13955
13956
14643
12868
12869
13952
14641
14643
12869
13952
14129
14130
14131
14643
12870
13952
14126
14128
12871
12873
13816
14126
14127
14128
14130
12872
12873
13816
14130
14640
12873
13816
14130
14637
14638
14639
12874
13816
14124
14125
12875
12877
14123
14124
14125
14636
14637
12876
12877
14636
14637
14690
12877
14636
14637
14697
14698
14699
12878
14636
14692
14694
12879
12881
13147
14692
14693
14694
14698
12880
12881
13147
14112
14698
12881
13147
13286
13287
14696
14698
12882
13147
14695
12883
14695
12884
13147
13148
13200
13201
13209
13285
13288
14635
14669
12885
13148
13208
13209
14628
14634
14635
14669
14670
12886
13290
13291
14120
14122
14627
14628
14629
14632
14634
14635
12887
13032
13051
13291
13292
13293
13294
13817
14120
14629
14632
14633
12888
13034
13051
13292
13293
13294
13295
13296
13706
13712
13713
13951
13953
12889
13035
13036
13037
13049
13050
13051
13052
13294
13295
13296
12890
13036
13037
13038
13039
13053
13055
13295
13296
13297
13298
13706
12891
13034
13035
13036
13039
13295
13298
13299
13300
15909
15927
12892
12900
12908
12919
12920
13039
13040
13300
15927
12893
12899
12900
13040
12894
12895
12895
12896
12897
12898
12899
12900
12901
12918
12919
12920
13040
12902
12921
13041
13830
13980
12903
12905
12921
12922
13980
12904
13976
12905
13976
12906
12907
12921
12922
12923
12924
12930
12907
12908
12909
12918
12919
12920
12924
12928
12929
12908
12920
12921
12922
12924
12929
12930
13055
13056
13057
13301
12909
12919
12920
12927
12928
12929
13299
13300
13301
15908
12910
12917
12918
12919
12928
15933
12911
12917
12918
12912
12917
12913
12914
12915
12916
12916
12918
15933
12919
12920
12921
13039
13055
13300
13301
12922
13038
13054
13055
13056
13979
13980
12923
12930
13054
13056
13058
13983
12924
12925
12930
13059
13840
12925
12926
12928
12929
12930
12931
12926
12930
12931
12932
12933
12939
13059
13841
12927
12928
12929
12931
12932
12938
15932
12928
12929
12931
12938
13308
13310
13718
15908
15932
12929
12930
12931
13057
13301
13718
15908
12931
13056
13057
13058
13059
13717
13984
12932
12938
12939
13057
13059
13311
13717
13718
12933
12936
12937
12938
12939
15932
12934
12936
12939
12940
13059
12935
13063
12936
13063
12937
12939
12940
12941
13067
13074
13316
12938
13068
13074
13317
13319
15932
12939
13310
13311
13718
15906
15932
12940
13059
13061
13311
13312
13315
13717
12941
13312
13315
13316
13726
13966
12942
13067
13074
13075
13316
13322
15926
12943
13067
13075
13076
12944
12962
12963
12945
12954
12955
12962
12963
12946
12947
12949
12950
12954
12947
12949
12948
12949
12950
12949
12950
12951
12952
12953
12962
13064
12952
13064
13844
12953
12962
12964
12965
13064
13845
12954
12961
12962
12966
12955
12956
12957
12960
12961
12957
12961
12958
12959
12960
12961
12959
12961
15931
12960
12961
12968
12961
12962
12966
12967
12963
12964
12965
12966
13079
12965
13064
13080
13845
13846
13965
15925
15926
12966
13079
13080
13081
13846
12967
13079
13082
12968
12969
12970
12971
13079
13082
13083
15928
15929
12969
12970
15928
15929
12970
15930
12971
13084
15929
12972
12974
15922
15928
15929
12973
12974
13082
15922
12974
13090
13327
13328
13851
15922
12975
13078
13079
12976
12978
13077
13078
13079
13326
13327
12977
12978
13081
13326
13327
12978
13094
13326
13327
13848
13849
13850
12979
13080
13324
13326
12980
12982
13080
13323
13324
13734
13849
12981
12982
13734
13847
13849
12982
13098
13734
13849
14362
14363
14364
12983
13728
13734
14018
12984
12986
13727
13728
13733
14018
14363
12985
12986
13733
14361
14363
12986
13102
13733
14022
14023
14024
14363
12987
13733
14019
14021
12988
12990
14019
14020
14021
14023
14027
12989
12990
14023
14027
14413
12990
13106
14023
14027
14142
14143
14414
12991
13940
14027
14415
12992
12994
13939
13940
14141
14142
14415
12993
12994
14141
14142
14417
12994
13110
14141
14142
14329
14330
14459
12995
14139
14141
14416
12996
12998
14138
14139
14328
14329
14416
12997
12998
14328
14329
14447
12998
13114
14328
14329
14340
14341
14458
12999
14328
14449
14451
13000
13002
14339
14340
14449
14450
14451
13001
13002
14339
14340
14457
13002
13118
14339
14340
14460
14461
14462
13003
14339
14645
14647
13004
13006
14461
14465
14645
14646
14647
13005
13006
14461
14465
14648
13006
13122
14461
14465
14655
14656
14657
13007
14465
14650
14652
13008
13010
13814
14650
14651
14652
14656
13009
13010
13814
14654
14656
13010
13126
13814
14656
14658
14718
14719
13011
13814
14659
14661
13012
13014
13813
14659
14660
14661
14719
13013
13014
13813
14719
15055
13014
13130
13813
14719
15056
15057
15058
13015
13813
14686
14688
13016
13018
13145
14686
14687
14688
15057
13017
13018
13145
14110
15057
13018
13134
13145
14682
14683
14684
15057
13019
13145
14676
14685
13020
13022
13144
14675
14676
14683
14685
13021
13022
13144
14683
14702
13022
13138
13141
13142
13144
14683
15848
13023
13026
13144
15849
13024
13025
13026
13141
15849
13025
15849
13026
14673
15849
13027
15849
13028
13143
13144
14671
14672
14673
14674
14677
15351
13029
13196
13288
14666
14667
14671
14672
14674
14677
14678
13030
13146
13288
13289
14663
14664
14665
14666
14677
14678
14679
13031
13289
13290
13700
14621
14622
14623
14624
14625
14662
14663
14664
14665
13032
13701
13815
14132
14133
14134
14619
14620
14621
14622
14623
14624
15870
13033
13290
13291
13292
13293
13816
13951
14132
14133
14623
14624
14632
13034
13293
13703
14133
14624
14625
14626
14627
14632
14633
14730
15870
13035
13293
13294
13295
13704
13712
14633
14730
15909
13036
13049
13294
13295
13037
13039
13047
13049
13295
15927
13038
13042
13050
13052
13053
13296
13994
13039
13041
13053
13054
13055
13297
13980
13991
13040
13055
13298
13300
15927
13041
13047
15927
13042
13826
13980
13043
13047
13996
13044
13045
13046
13048
15927
13049
14631
13050
13294
14630
14631
13051
13052
13818
14000
13052
13292
13294
13296
13817
13818
13820
13953
14120
13053
13296
13818
13953
14006
13054
13296
13297
13707
14009
13055
13056
13297
13303
13980
13985
13056
13297
13298
13300
13301
13302
13057
13058
13297
13301
13302
13303
13306
13986
13058
13301
13302
13306
13307
13717
13718
13719
15908
13059
13303
13306
13716
13717
13960
13060
13312
13717
13061
13062
13062
13063
13839
13843
13959
13962
13963
13964
13968
13064
13842
13843
13844
13845
13964
13965
13065
13066
13844
13845
13066
13067
13068
13074
13075
13069
13073
13074
13319
13320
13070
13072
13073
13071
13072
13075
13316
13317
13319
13320
13321
13076
13316
13320
13321
13322
13325
15925
13077
13322
13325
13326
13078
13079
13079
13080
13081
13082
13851
13081
13323
13324
13846
13847
13848
14018
13082
13847
13848
13851
13852
13083
13851
13853
13084
13085
13086
13087
13744
13851
13853
15921
15922
13085
13086
15921
15922
13086
13360
13087
13745
15921
13088
13090
13381
13382
15921
15922
13089
13090
13381
13382
13853
13090
13381
13382
13386
13741
13742
13743
13091
13328
13381
13851
13092
13094
13327
13328
13740
13741
13851
13093
13094
13740
13741
13852
13094
13390
13740
13741
14368
14369
14370
13095
13740
13848
13850
13096
13098
13739
13848
13849
13850
14369
13097
13098
13739
14369
14372
13098
13394
13739
14365
14366
14367
14369
13099
13739
14362
14364
13100
13102
14029
14362
14363
14364
14366
13101
13102
14029
14360
14366
13102
13398
14029
14366
14409
14410
14411
13103
14022
14024
14029
13104
13106
14022
14023
14024
14028
14410
13105
13106
14028
14410
14412
13106
13402
14028
14350
14351
14410
14419
13107
14028
14143
14414
13108
13110
14142
14143
14349
14350
14414
13109
13110
14349
14350
14418
13110
13406
14349
14350
14420
14440
14441
13111
14330
14349
14459
13112
13114
14329
14330
14439
14440
14459
13113
13114
14439
14440
14446
13114
13410
14439
14440
14443
14444
14445
13115
14341
14439
14458
13116
13118
14340
14341
14442
14443
14458
13117
13118
14442
14443
14791
13118
13414
14442
14443
14792
14793
14794
13119
14442
14460
14462
13120
13122
14460
14461
14462
14466
14793
13121
13122
14466
14793
14797
13122
13418
14466
14793
14798
14799
14800
13123
14466
14655
14657
13124
13126
14616
14655
14656
14657
14799
13125
13126
14616
14799
14801
13126
13422
14616
14721
14722
14799
15053
13127
14616
14658
14718
13128
13130
14658
14718
14719
14720
14721
13129
13130
14720
14721
15054
13130
13426
14708
14709
14710
14720
14721
13131
14720
15056
15058
13132
13134
13811
14709
15056
15057
15058
13133
13134
13811
14109
14709
13134
13430
13811
14704
14705
14706
14709
13135
13811
14682
14684
13136
13138
14682
14683
14684
14705
14707
13137
13138
14703
14705
14707
13138
13434
13437
13438
14705
14707
15847
13139
13142
14707
15848
13140
13141
13142
13437
15848
13141
15848
13142
15848
13143
15848
13144
13439
14681
14707
15327
15838
13145
14674
14677
14681
14683
14707
13146
13811
13812
13813
14663
14677
14681
15057
13147
13288
13289
14662
14663
14674
14677
14687
13148
13285
13288
13289
14635
14636
14698
13149
13201
13209
14122
14635
14693
13150
13202
13203
13204
13209
13212
13213
13218
13219
14121
13151
13153
13158
13159
13160
13203
13204
13217
13152
13203
13204
13205
13206
13207
13153
13204
13205
13206
14630
13154
13155
13156
13157
13204
14121
13155
13157
13225
13226
13227
13228
13229
13156
13157
13238
13157
13216
13217
15887
15888
13158
13222
13224
13159
13217
13222
13223
13224
13160
13162
13217
13221
13161
13167
13213
13214
13215
13217
13162
13163
13167
13215
13253
13163
13221
13164
13240
13165
13167
13240
13166
13172
13240
13265
13167
13168
13172
13215
13256
13168
13214
13215
13169
13202
13211
13213
13214
13215
13170
13172
13202
13211
13241
13171
13202
13211
13243
13244
13245
13172
13173
13243
13244
13266
13173
13241
13257
13174
13258
15760
13175
13244
13259
15760
13176
13177
13260
15760
13177
13243
13244
13261
13178
15759
13179
13260
13261
13262
13180
13262
13181
13182
13262
13275
13276
15338
13183
13262
13263
13271
13275
13276
13184
13249
13263
13268
13269
13271
13185
13189
13268
13269
13270
13271
13272
13273
13186
13188
13189
13190
13187
13188
13684
13188
13684
13189
13190
13684
13190
13272
13273
15713
15722
13191
13192
13684
13686
13192
13193
13197
13194
13197
15924
13195
13196
13197
14667
14671
14672
15718
15720
13197
14666
14667
14668
14671
14678
14679
15839
13198
13199
14667
14668
15711
15712
15715
15718
15924
13199
13200
13277
13278
13279
13284
14667
14672
15711
15718
13200
14667
14668
14669
15711
15712
15716
13201
13246
13283
13284
13285
15744
13202
13209
13246
13285
13203
13209
13211
13246
13254
13255
13204
13207
13209
13214
15923
13205
14121
15888
13206
13207
14628
14630
13208
15717
13209
14628
14669
14670
15716
15717
13210
13246
13211
13212
13242
13212
13242
13213
13219
13242
13214
13215
13218
13219
13215
13216
13220
13221
13240
13241
13242
13217
13218
13220
13221
13222
13238
15887
15888
15889
13218
15888
13219
15887
15888
15889
13220
13221
13241
13242
15757
13222
13238
13240
13223
13224
13225
13238
13224
13226
13227
13228
13229
13230
13238
13227
13229
13228
13231
13236
13237
13232
13233
13234
13234
13235
13239
13241
13242
13243
15752
15760
13243
15752
15755
15756
13244
13245
15751
15752
15759
15760
13245
13246
13247
15716
13248
13249
13249
13250
13251
13263
13264
13268
13251
13267
13268
13252
13254
13264
13253
13255
13256
13257
13264
13266
13257
13264
13265
13258
13264
13265
13266
13259
13264
13266
13260
13263
13261
13262
13262
13263
13264
13265
13266
13268
13270
13269
13270
13270
13271
13273
13272
13273
13274
13275
13273
13274
13275
15714
15715
15721
15722
13274
13275
15721
13276
15337
15721
13277
13282
13283
15337
15338
15340
15710
13278
13279
13282
13283
15710
13279
15337
15708
15709
13280
15334
15340
15341
15719
13281
13282
13284
15340
15341
15342
13282
13284
15338
13283
13284
13285
14673
15741
15742
13286
13288
14674
15745
13287
14696
13288
14696
13289
14666
14674
14677
13290
14623
14635
14636
14662
14663
14665
14699
13291
14623
14624
14626
14632
14634
14635
14636
14665
13292
13816
13817
14120
14122
14124
14623
14632
14635
14636
13293
13713
13816
13817
13951
13952
13953
14128
14132
13294
13712
13951
14133
14632
14633
14730
13295
14629
14633
13296
13298
13706
13712
15909
13297
13706
13707
13713
13953
14007
13298
13302
13303
13706
13707
13710
14010
13299
13300
13301
13302
13706
13711
15909
13300
13301
13302
13308
13704
13711
13719
13946
15908
15909
13301
13302
13719
15908
13303
13306
13706
13710
13711
13719
13720
13304
13306
13707
13710
13715
13305
13958
13306
13958
13307
13710
13715
13716
13717
13719
13720
13721
13308
13311
13716
13717
13718
13719
13720
13721
13722
13723
13937
13947
13309
13310
13718
13719
13723
13945
13946
13947
15879
15908
13310
13723
13724
13731
13942
13944
14147
15879
15906
15907
13311
13718
13723
15906
13312
13315
13717
13718
13722
13723
13724
15906
13313
13315
13716
13717
13722
13725
13314
13968
13315
13968
13316
13722
13724
13725
13726
13732
15906
13317
13321
13322
13726
13729
13967
13318
13319
13320
13321
13730
15906
15907
13319
13320
13321
13730
15894
15895
15896
15907
13320
13321
15895
15896
15897
13322
13325
13729
13730
13735
15895
13323
13325
13726
13729
13734
13324
13325
13326
13729
13734
13735
13736
15895
13327
13329
13734
13736
13740
13328
13851
13329
13851
13330
13334
13336
13381
13736
13740
13331
13338
13381
15921
13332
13333
13334
13339
13341
13342
13333
13334
13335
13339
13342
15884
15893
13334
13335
13737
15893
13336
13337
13339
14037
14178
15884
15893
13337
13338
13380
13381
13740
13742
13861
13862
14036
13338
13339
13379
13380
13861
13865
14178
15883
15884
13339
13379
13380
13381
13748
13340
13342
15883
15884
13341
13342
13343
13342
13344
15883
15885
13345
14226
15882
15885
13346
13348
14206
13347
13348
14192
14193
14206
13348
13377
14206
13349
14206
13350
13351
14200
14206
14207
15827
15828
13352
14201
14206
14207
13353
13354
13355
13364
13355
13365
13366
13367
13356
13357
13357
13358
13362
13363
13364
13365
15904
13359
13361
13362
15905
13360
13361
13362
15920
13363
15919
13364
13365
14518
15918
13365
13366
13367
14066
14518
14519
14520
13367
13368
13369
13369
14202
14519
13370
14520
14521
14522
13371
14520
14522
14526
14529
13372
13374
14520
14521
14522
14526
13373
13374
14517
14527
13374
14240
14241
14248
14249
14250
13375
14523
13376
14523
13377
14183
14184
14185
14186
14187
14188
14191
14227
14239
13378
13379
13865
13866
14064
14176
14184
14185
14226
13379
13751
13866
14061
13380
13857
13861
13865
13866
15883
13381
13383
13384
13385
13386
13856
13861
13862
13866
13382
13740
13383
13744
13745
13748
13384
13386
13744
13747
13748
13856
13385
13386
13854
13856
13386
13755
13856
13858
13859
13860
13387
13742
13743
13388
13390
13741
13742
13743
13859
13862
13389
13390
13859
13862
14057
13390
13759
13859
13862
14040
14041
14056
13391
13862
14368
14370
13392
13394
14041
14042
14368
14369
14370
13393
13394
14041
14042
14371
13394
13763
14041
14042
14053
14054
14055
13395
14042
14365
14367
13396
13398
14052
14053
14365
14366
14367
13397
13398
14052
14053
14359
13398
13767
14052
14053
14160
14161
14358
13399
14052
14409
14411
13400
13402
14159
14160
14409
14410
14411
13401
13402
14159
14160
14408
13402
13771
14159
14160
14355
14356
14357
13403
14159
14351
14419
13404
13406
14350
14351
14354
14355
14419
13405
13406
14354
14355
14421
13406
13775
14354
14355
14473
14474
14475
13407
14354
14420
14441
13408
13410
14420
14438
14440
14441
14474
13409
13410
14438
14474
14789
13410
13779
14438
14470
14471
14472
14474
13411
14438
14444
14445
13412
13414
14443
14444
14445
14469
14470
13413
13414
14469
14470
14790
13414
13783
14469
14470
14737
14738
14795
13415
14469
14792
14794
13416
13418
14736
14737
14792
14793
14794
13417
13418
14736
14737
14796
13418
13787
14736
14737
14803
14804
14805
13419
14736
14798
14800
13420
13422
14615
14798
14799
14800
14804
13421
13422
14615
14802
14804
13422
13791
14615
14804
14831
14832
14833
13423
14615
14722
15053
13424
13426
14721
14722
14830
14831
15053
13425
13426
14830
14831
15052
13426
13795
14830
14831
15059
15060
15061
13427
14708
14710
14830
13428
13430
13810
14708
14709
14710
15060
13429
13430
13810
14108
15060
13430
13799
13810
15060
15062
15063
15064
13431
13810
14704
14706
13432
13434
13809
14704
14705
14706
15063
13433
13434
13809
15063
15065
13434
13803
13806
13807
13809
15063
15846
13435
13438
13809
15847
13436
13437
13438
13806
14975
15847
13437
15847
13438
15847
13439
15847
13440
13473
13697
13808
13809
14707
14975
15326
13441
13473
13695
13696
13925
15324
15325
15838
13442
13475
13695
13696
14680
15324
15838
15839
15869
13443
13475
13476
13478
13689
13695
14714
15324
15839
15869
13444
13449
13476
13477
15911
13445
13446
13448
13449
13659
13446
13447
13654
13655
13656
13657
15910
13447
13448
13449
13677
15173
15915
13448
13512
13673
13674
13675
13676
15151
15172
15173
13449
13477
13511
13660
13661
13662
13663
15173
15175
15192
13450
13476
13477
15192
13451
13663
13664
15911
13452
13454
13477
13663
13664
15191
15911
13453
13454
13477
13681
15191
13454
13477
15188
15191
15196
15197
15312
13455
13456
13477
13688
13456
13476
13688
13689
13457
13478
13688
13689
13690
15197
13458
13478
13691
13692
15197
15313
13459
13468
13469
13692
15198
15199
15313
13460
13461
13468
13469
15199
15200
15316
13461
15201
15204
15205
15316
15367
13462
13463
15206
15316
15366
13463
13464
13466
13467
13468
15317
15366
13464
15206
15366
15697
13465
15206
15207
15210
15211
15366
13466
15210
15211
15363
15364
15365
15699
13467
15317
15318
15365
15699
13468
13692
13693
15317
15318
13469
15317
13470
13478
13693
13694
13924
15127
15128
15129
15198
15199
15200
15366
15367
15683
15686
13471
13923
13924
15084
15086
15232
15366
15367
15369
15370
15371
15683
15684
13472
13693
13808
13923
13924
13925
14976
15208
15209
15210
15365
15366
13473
13694
13808
13923
13924
13925
13926
13927
14977
14979
14981
15086
15687
13474
13695
13696
13697
13808
13809
13925
13926
13927
13475
13696
13697
13698
13810
13926
13927
13928
13929
14711
14712
14819
14979
13476
13478
13694
13695
13696
13926
14712
14713
14714
14815
14816
14819
15688
15869
13477
13478
13479
14714
13478
13479
15191
15192
15193
13479
13693
13694
13695
14822
15197
15310
15686
15688
13480
14822
15192
15193
15195
15196
15242
13481
14321
14871
13482
14843
14871
13483
15914
13484
13485
13486
13485
13487
13508
13509
13510
13488
13507
13508
15166
13489
13506
13507
15167
13490
13505
13506
15168
13491
13504
13505
15169
13492
13493
13503
13504
15170
13493
13503
13516
15170
15171
13494
13502
13503
15171
13495
13501
13502
13574
13496
13500
13501
13573
13497
13499
13500
13535
13498
13499
13523
13499
13523
13500
13523
13535
13501
13535
13573
13502
13573
13574
13503
13574
15171
13504
15170
15171
13505
15169
15170
13506
15168
15169
13507
15167
15168
13508
15166
15167
13509
13510
15166
13510
15242
13511
15138
15139
15166
15184
15192
15193
15242
13512
15160
15161
15162
15163
15164
15166
15173
15176
15192
15193
13513
15145
15146
15147
15148
15149
15158
15166
15167
15172
15173
13514
13641
13642
13643
13644
13645
13646
15167
15168
15172
13515
13628
13629
13630
13631
13632
13633
15168
15169
13516
13605
13606
13607
13608
13609
13610
15169
15170
13517
13581
13582
13583
13584
13585
13586
15170
15171
13518
13574
13577
15171
13519
13573
13574
13520
13529
13530
13531
13532
13533
13535
13536
13547
13573
13521
13522
13523
13525
13526
13535
13536
13522
13523
13523
13536
13524
13535
13525
13571
13526
13571
13527
13528
13570
13571
15265
15266
13529
13569
13570
13599
15265
15283
13530
13533
13531
13532
13533
13569
13572
13532
13540
13547
13567
13568
13533
13547
13561
13534
13547
13570
13535
13570
13536
13573
13537
13538
13546
13547
13539
13540
13542
13546
13547
13540
13541
13542
13562
13541
13567
13568
13542
13563
13564
13565
13543
13544
13545
13544
13545
13545
13546
13562
13563
13547
13548
13560
13561
13562
13567
13570
13549
13560
13571
13550
13560
13571
13551
13557
13558
13552
13553
13557
13558
13553
13554
13555
13557
13555
13556
13558
13559
13561
13570
13571
13562
13567
13569
13570
13597
13563
13567
13591
13564
13565
13566
13567
13591
13592
13565
13566
13566
13568
13569
13591
13595
13597
13570
13572
13597
13598
13599
13571
13573
13574
13575
13576
15171
13576
13598
13577
13578
13600
13578
13600
13579
13580
13600
15171
13580
13585
15171
15913
13581
13601
13602
15171
13582
13585
13601
13602
13583
13584
13585
13603
13609
13623
13584
13586
13610
13611
13613
13585
13586
13622
13586
15913
13587
13588
13589
13588
13589
13589
13590
13595
13596
13613
13616
13622
15913
13591
13592
13595
13596
13616
13592
13595
13597
13593
13594
13595
13594
13596
13597
13598
13597
13598
13622
15913
13598
13599
13600
15913
13600
15282
15283
13601
15281
15282
15913
13602
13623
13624
15280
15281
15913
13603
13604
15170
13604
13609
13623
15170
13605
13624
13625
15170
13606
13609
13624
13625
13607
13608
13609
13626
13632
13636
13608
13610
13620
13633
13634
13609
13610
13621
13610
13623
13611
13612
13613
13612
13613
13613
13614
13616
13617
13620
13621
13622
13623
13615
13616
13617
13618
13617
13622
13618
13620
13621
13669
13619
13620
13650
13668
13669
13621
13633
13634
13635
13636
13649
13669
15154
13622
13623
13636
15154
13623
15913
13624
13636
15913
13625
13636
13637
15280
15292
13626
13627
15169
13627
13632
13636
15169
13628
13637
13638
15169
13629
13632
13637
13638
13630
13631
13632
13639
13645
15155
13631
13633
13646
13647
13649
13632
13633
15154
13633
13636
13634
13635
13635
13637
15154
15155
13638
15155
15156
15291
15292
13639
13640
15168
13640
13645
15155
15168
13641
15143
15156
15168
13642
13645
15143
15156
13643
13644
13645
15144
15145
15182
13644
13646
15149
15150
15152
13645
13646
15153
13646
15155
13647
13648
13649
13648
13649
13649
13650
13669
13670
15152
15153
15154
15155
13651
13667
13668
13669
13670
13671
13652
13667
13668
13653
13654
13666
13667
13671
15912
13654
15912
13655
13657
15910
15912
13656
13657
13666
15910
13657
13659
13676
13677
13678
15910
13658
13660
13677
13678
13661
13663
13676
13677
13678
15175
13662
13663
13680
15175
13663
15162
15175
15178
15190
15191
13664
13665
13678
13680
13681
13682
13683
13688
15178
15911
13666
13678
13680
13682
13683
13667
13671
13678
13679
13668
13670
13671
13669
13670
15154
13671
13679
15152
15153
13672
13673
13678
13679
15152
15910
13673
15910
13674
13676
15151
15910
13675
13676
13679
15151
13676
15148
15151
15174
15175
15177
13677
13678
13678
13679
13680
15177
13680
15152
15177
15180
13681
15177
15178
15179
13682
13688
15178
15312
15313
15315
13683
13686
13687
13688
13684
13686
13685
13687
13688
13688
15313
15319
15320
15322
15323
15723
13689
13690
15312
15313
13690
13691
13692
15313
15318
13693
15313
13694
13924
13925
15365
15366
13695
13924
13925
13926
14822
15686
15687
15688
13696
13925
13926
13697
13698
13926
14680
14712
15869
13698
13809
13810
13811
13927
14681
14706
14707
14711
13699
13811
13812
14680
14681
14711
14712
15868
15869
13700
13812
13929
14617
14711
14712
14713
14716
14717
14720
14723
14817
15868
13701
13812
13813
14621
14622
14663
14664
14715
14716
14717
15868
13702
13814
14464
14617
14618
14619
14620
14621
14622
14716
14717
14726
13703
13932
14620
14621
14625
14713
14714
14715
14716
14726
14732
14818
15870
13704
13933
14133
14134
14620
14728
14729
14730
14731
14732
15870
13705
13711
13712
13945
13946
13948
14729
14730
14731
15909
13706
13710
13711
13712
13713
13714
13720
13935
13948
13949
13950
13951
14729
13707
13710
13711
13712
13713
15909
13708
13710
13713
13714
13953
13709
13957
13710
13957
13711
13713
13714
13715
13720
13949
13712
13719
13720
13946
13948
15909
13713
13951
14729
14730
15909
13714
13950
13951
13952
13953
13955
13715
13949
13950
13952
14136
14453
13716
13720
13721
13949
14137
15902
13717
13721
13722
13938
13970
13718
13722
13961
13719
13723
15908
13720
13946
13947
15908
13721
13936
13946
13947
13948
13949
13722
13936
13937
13938
13947
13949
14137
14140
15903
13723
13724
13725
13937
13938
13941
13971
13724
13937
13942
13947
15879
15906
13725
13731
13732
13937
13941
13942
14026
15906
13726
13732
13938
13941
14020
14027
13727
13729
13732
13733
13728
14018
13729
14018
13730
13732
13733
13734
13735
14031
13731
13735
14032
15894
15895
15907
13732
13942
14026
14147
14148
15906
15907
13733
13941
14021
14025
14026
14027
13734
14025
14027
14029
14031
14363
13735
13736
13739
13849
14031
13736
13737
13738
14031
14032
15894
15895
13737
13738
13739
13740
13850
14031
14036
13738
14032
14037
15893
15894
15895
13739
14030
14031
14032
14033
14034
14035
14036
14037
13740
14029
14031
14034
14036
14042
14369
13741
13862
14036
13742
13743
13743
13744
13851
13852
13853
13854
13858
14057
14368
13745
13746
13747
13748
13853
13854
13855
13746
13747
13748
13747
15905
13748
13749
13750
13751
13855
13856
13857
13751
13855
15904
13752
13855
13857
14061
13753
13755
13855
13856
13857
13866
13867
13754
13755
13866
13867
14059
13755
13866
13867
13871
14375
14376
14377
13756
13858
13860
13866
13757
13759
13858
13859
13860
13863
14376
13758
13759
13863
14058
14376
13759
13863
13875
14374
14376
15877
15878
13760
13863
14040
14056
13761
13763
14040
14041
14043
14056
15877
13762
13763
14043
14373
15877
13763
13879
14043
14167
14168
14402
15877
13764
14043
14054
14055
13765
13767
14053
14054
14055
14166
14167
13766
13767
14166
14167
14401
13767
13883
14166
14167
14403
14404
14405
13768
14161
14166
14358
13769
13771
14160
14161
14165
14358
14404
13770
13771
14165
14404
14407
13771
13887
14165
14404
14423
14424
14425
13772
14165
14356
14357
13773
13775
14355
14356
14357
14424
14428
13774
13775
14422
14424
14428
13775
13891
14424
14428
14476
14745
14746
13776
14428
14473
14475
13777
13779
14473
14474
14475
14744
14745
13778
13779
14744
14745
14788
13779
13895
14744
14745
14837
14838
14839
13780
14471
14472
14744
13781
13783
14470
14471
14472
14838
14855
13782
13783
14836
14838
14855
13783
13899
14838
14855
14862
14863
14864
13784
14738
14795
14855
13785
13787
14737
14738
14795
14861
14862
13786
13787
14835
14861
14862
13787
13903
14861
14862
15033
15034
15035
13788
14803
14805
14861
13789
13791
14614
14803
14804
14805
15034
13790
13791
14614
14834
15034
13791
13907
14614
15034
15036
15858
15859
13792
14614
14832
14833
13793
13795
14829
14831
14832
14833
15858
13794
13795
14829
15051
15858
13795
13911
14829
15070
15071
15072
15858
13796
14829
15059
15061
13797
13799
14978
15059
15060
15061
15071
13798
13799
14107
14978
15071
13799
13915
14978
15067
15068
15069
15071
13800
14978
15062
15064
13801
13803
14977
15062
15063
15064
15068
13802
13803
14977
15066
15068
13803
13918
13921
13922
14977
15068
15845
13804
13807
14977
15846
13805
13806
13807
13921
14976
15846
13806
15846
13807
14975
15846
13808
15846
13809
13923
13925
13927
14975
14976
14977
15376
13810
13927
14707
14975
14977
15063
13811
13927
13928
14711
14830
14978
15060
13812
14681
14707
14709
14711
14720
13813
14663
14681
14711
14717
14720
15058
15868
13814
14622
14662
14663
14717
14719
14720
13815
14465
14616
14618
14619
14622
14656
14717
13816
14132
14135
14619
14622
14623
14651
14662
13817
13952
14130
14132
14623
14636
13818
13953
14120
14122
14127
13819
14120
14121
13820
13821
13821
13822
13998
14002
14003
14004
14005
14117
14126
13823
13992
13997
13998
14002
14004
14005
13824
13987
13989
13992
14005
14008
14011
13825
13988
13989
13992
13995
13997
13826
13827
13988
13989
13995
13828
13829
13830
13831
13975
13977
13988
13829
13830
13832
13837
13975
13976
13833
13834
13835
13836
13837
13834
13835
13836
13835
13836
13838
13975
13976
13839
13962
13974
13976
13982
13840
13841
13842
13843
13962
13982
13841
13843
13844
13844
13962
13964
13845
13846
13964
13965
13847
13965
14017
14018
13848
14018
14361
14362
14372
13849
13850
13851
13852
14362
14368
14372
13850
13852
13853
13853
14057
14368
14372
13854
13855
13858
14057
14059
13856
13857
13858
14059
14060
13857
13859
13860
14056
14057
14058
14059
14375
13860
13862
13861
13862
13863
13864
13865
13866
14039
14176
14178
13863
14036
14039
14042
13864
13866
14039
14043
14045
14175
14176
14376
13865
14038
14039
14044
14045
14046
14176
14177
14178
14179
14180
13866
14176
14177
14178
14184
14226
15883
13867
14176
14185
13868
14060
14061
14064
13869
13871
14060
14063
14064
14065
14185
13870
13871
14067
14185
13871
14185
14378
14379
14380
13872
14185
14375
14377
13873
13875
14175
14375
14376
14377
14379
13874
13875
14175
14379
14381
13875
14175
14379
14569
14570
14571
13876
14175
14374
15878
13877
13879
14174
14374
14570
15877
15878
13878
13879
14174
14568
14570
13879
14174
14570
14572
14573
14574
13880
14168
14174
14402
13881
13883
14167
14168
14173
14402
14573
13882
13883
14173
14400
14573
13883
14173
14397
14398
14399
14573
13884
14173
14403
14405
13885
13887
14396
14397
14403
14404
14405
13886
13887
14396
14397
14406
13887
14396
14397
14478
14479
14480
13888
14396
14423
14425
13889
13891
14423
14424
14425
14479
13890
13891
14477
14479
13891
14479
14784
14785
14786
13892
14476
14746
13893
13895
14476
14745
14746
14747
14785
13894
13895
14747
14785
14787
13895
14747
14785
15014
15015
15016
13896
14747
14837
14839
13897
13899
14837
14838
14839
14854
15015
13898
13899
14854
15013
15015
13899
14854
14865
14866
14867
15015
13900
14854
14863
14864
13901
13903
14860
14862
14863
14864
14866
13902
13903
14860
14866
15017
13903
14860
14866
15030
15031
15032
13904
14860
15033
15035
13905
13907
14613
15031
15033
15034
15035
13906
13907
14613
15031
15037
13907
14613
15031
15047
15048
15049
13908
14613
15036
15859
13909
13911
14828
15036
15048
15858
15859
13910
13911
14828
15048
15050
13911
14828
14983
14984
15048
15073
13912
14828
15070
15072
13913
13915
14982
14983
15070
15071
15072
13914
13915
14106
14982
14983
13915
14982
14983
15074
15075
15842
15843
13916
14982
15067
15069
13917
13918
15067
15068
15069
15075
15085
13918
15075
15085
15844
13919
13922
15085
15845
13920
13921
13922
15084
15845
13921
15845
13922
14976
15845
13923
15845
13924
14976
14977
14981
15084
15085
15086
15374
15684
13925
15086
15366
15683
15686
15687
13926
15365
13927
14819
14979
15687
15688
13928
14977
14978
14979
14981
15064
13929
14711
14812
14813
14819
14829
14830
14978
14979
14980
15061
13930
14711
14712
14723
14812
14813
14814
14816
14817
14819
14830
13931
14615
14617
14723
14724
14725
14735
14806
14807
14811
14813
14814
14817
13932
14322
14713
14714
14725
14807
14808
14814
14815
14816
14817
14818
15867
13933
14323
14467
14725
14726
14727
14732
14733
14734
14808
14818
13934
13945
14333
14334
14336
14343
14727
14728
14731
14732
14734
13935
14325
14327
14336
14337
14338
14339
14342
14343
14463
14464
14727
14728
13936
13948
13949
13950
14134
14136
14336
14337
14338
14728
14729
14731
13937
13945
13947
13948
13949
14137
14140
14327
14335
14336
14337
13938
13941
13942
13943
13947
14140
14335
15879
13939
13941
14137
14140
14141
13940
14415
13941
14415
13942
13943
14026
14027
14140
14141
14144
13943
13944
14026
14145
14147
14335
15879
13944
14026
14140
14141
14144
14145
14327
14331
14332
14335
14348
13945
14145
14146
14147
14332
14333
14334
14335
14435
15879
13946
13947
13948
14334
14335
14336
14731
15879
13947
13948
13948
14335
15879
13949
14336
14729
14731
13950
14136
14137
14337
14454
13951
13952
14132
14134
14135
14136
14338
14644
14729
13952
14132
14133
14134
14729
14730
13953
14132
14135
14643
13954
13955
13956
13956
13957
14004
14005
14011
14126
14455
14641
14642
13958
14008
14011
14012
14013
14452
14455
13959
13972
13973
13981
14012
14013
14014
13960
13961
13962
13963
13969
13972
13973
13982
13961
13963
13973
13982
13964
13968
13969
13972
14016
13965
13968
14017
13966
13967
13968
14017
14018
13967
13969
14016
14017
14019
13970
13971
13972
14014
14015
14016
14415
13971
13973
14013
14014
14015
13974
13981
13982
14012
13975
13976
13977
13981
13982
13987
13976
13977
13988
13977
13982
13978
13979
13981
13987
13988
13989
13979
13980
13982
13985
13986
13987
14008
14012
13983
13984
13984
13986
13988
13989
14008
14012
13989
13990
13991
13992
14008
13991
13993
13994
13995
13997
13998
14005
13994
13996
13997
13998
14001
13999
14000
14001
14002
14116
14000
14002
14116
14003
14115
14116
14117
14004
14117
14125
14126
14640
14691
14005
14011
14126
14641
14006
14007
14008
14011
14007
14009
14010
14011
14012
14010
14012
14455
14013
14014
14448
14452
14455
14015
14416
14448
14452
15902
15903
14016
14415
14416
14417
14448
14017
14019
14413
14415
14018
14019
14361
14019
14361
14362
14020
14021
14022
14361
14413
14415
14021
14023
14024
14360
14361
14362
14409
14412
14413
14414
14024
14027
14025
14026
14027
14028
14029
14030
14031
14144
14148
14149
14150
14027
14144
14145
14147
14148
14149
14028
14141
14144
14029
14144
14149
14150
14159
14349
14352
14410
14030
14031
14034
14052
14150
14366
14031
14032
14033
14034
14148
14149
14150
14151
14152
14032
14034
14364
14033
14148
14152
15894
14034
14035
14037
14049
14050
14151
14152
14035
14036
14042
14051
14052
14150
14367
14036
14037
14038
14039
14042
14044
14049
14050
14051
14037
14039
14042
14370
14038
14049
15893
14039
14044
14048
14049
14050
14178
14179
14180
14040
14042
14043
14044
14045
14051
14041
14056
14042
14056
14043
14051
14052
14044
14045
14051
14166
14169
14174
15877
14045
14048
14050
14051
14169
14170
14180
14181
14046
14169
14174
14175
14176
14180
14181
14182
15878
14047
14175
14176
14177
14180
14181
14182
14183
14184
14228
14231
14391
14048
14177
14179
14180
14224
14225
14228
14389
14390
14391
15874
14049
14050
14170
14179
14180
14390
15886
14050
14051
14163
14170
15886
14052
14054
14162
14166
14169
14053
14150
14159
14162
14166
14054
14055
14055
14056
14358
14359
14365
14371
14373
14401
14402
14057
14058
14368
14371
14373
14374
14058
14368
14371
14059
14373
14374
14375
14381
14060
14067
14375
14061
14062
14063
14064
14065
14067
14375
14062
14063
14064
14063
14066
14064
14065
14068
14375
14378
14381
14069
14070
14378
15876
14071
14382
14072
14382
14383
15876
14073
14384
14385
15880
14074
14383
14384
14385
15875
14075
14577
14076
14279
14577
14578
15875
14077
14280
14579
15835
15871
14078
14578
14579
15835
15836
14079
14919
14080
14582
14919
14920
15836
14081
14583
14921
14922
15588
14082
14920
14921
14922
15862
14083
14921
14923
15862
15863
14084
14924
14929
14932
15863
14085
14086
14925
14929
14932
14086
14917
14087
14926
14928
14933
14088
14895
14928
14933
15864
14089
14896
14934
15861
15864
14090
14091
14897
14934
15861
14091
15010
14092
14898
15009
15860
14093
14899
15009
15042
15860
14094
14900
15042
15043
15044
14095
14901
14902
15043
15044
14096
15040
14097
14606
14902
15040
15857
14098
14099
14607
15045
15403
14099
14100
14607
14608
14609
15045
15398
14100
15045
15855
15857
14101
14609
15045
15790
14102
14311
15854
15855
15856
14103
14312
14313
15789
15852
14104
14313
14314
15852
15856
14105
14106
15073
15074
15852
15853
15892
14107
15050
15067
15070
15073
15074
15844
14108
15051
15059
15062
15066
15067
15070
14109
14704
14708
15052
15059
15062
15065
14110
14684
14703
14704
14708
15054
15056
14111
14684
14685
14686
14702
15055
15056
14112
14685
14686
14689
14696
14697
14701
14113
14690
14692
14695
14696
14697
14700
14114
14691
14692
14695
14115
14117
14691
14692
15891
14116
14117
14691
14117
15890
14118
14119
14125
14691
14119
14121
14120
14121
14122
14629
14122
15887
14123
14635
14636
14124
14125
14125
14126
14639
14640
14690
14691
14692
14127
14128
14129
14640
14641
14128
14130
14131
14639
14640
14641
14642
14649
14650
14653
14131
14132
14133
14134
14135
14619
14623
14134
14620
14624
14729
14730
15870
14135
14338
14464
14619
14620
14728
14729
14136
14338
14465
14619
14646
14137
14337
14338
14339
14450
14138
14140
14328
14337
14139
14416
14140
14416
14141
14327
14328
14331
14335
14337
14142
14144
14328
14331
14349
14143
14414
14144
14414
14145
14149
14331
14348
14349
14352
14146
14147
14148
14149
14153
14332
14348
14435
14147
14148
14149
14151
14152
14153
14155
14157
14435
14148
14149
14151
14152
14150
14151
14153
14158
14348
14352
14151
14158
14159
14162
14352
14411
14152
14153
14157
14158
14163
14154
14155
14157
14158
14348
14352
14434
14435
14848
14155
14158
14346
14347
14348
14352
14353
14354
14427
14430
14431
14434
14848
14156
14157
14333
14431
14432
14433
14434
14435
14848
14849
14157
14163
14164
14171
14484
14847
14848
14849
15886
14158
14163
14848
14159
14162
14163
14164
14352
14353
14848
14160
14162
14165
14352
14353
14354
14161
14358
14162
14358
14163
14164
14165
14166
14172
14353
14164
14171
14848
15886
14165
14171
14172
14353
14395
14426
14427
14847
14848
14166
14172
14353
14396
14404
14426
14428
14167
14169
14172
14173
14168
14402
14169
14402
14170
14172
14173
14174
14181
14393
14171
14180
14181
14390
14392
15886
14172
14395
14484
14485
14847
15886
14173
14394
14395
14396
14405
14426
14174
14393
14394
14396
14488
14573
14175
14181
14182
14276
14393
14570
14176
14182
14183
14185
14232
14379
14177
14183
14184
14185
14377
14178
14179
14180
14184
14225
14226
14228
14179
15883
15884
14180
14181
14390
14391
14182
14275
14390
14391
14392
14393
14183
14231
14232
14275
14276
14387
14391
14393
14571
14184
14185
14186
14187
14228
14230
14231
14232
14380
14185
14187
14225
14226
14227
14228
14186
14187
14230
14232
14234
14239
14241
14188
14224
14227
14228
14229
14230
14231
14235
14238
14239
14189
14190
14211
14212
14227
14238
14239
15493
15881
15882
14190
14204
14209
14211
15493
14191
14192
14205
14208
15493
14192
14205
14193
14205
14208
14194
14200
14195
14200
14208
14209
15882
14196
14209
15826
15882
14197
14198
14209
14210
15882
14198
14199
14204
15489
15491
15824
15825
15826
15831
14200
15826
15827
14201
14204
14205
14206
15826
15827
14202
14203
14205
14206
14204
14205
14530
15492
15495
14205
14209
15491
15492
15825
15826
14206
14208
15492
14207
14209
15882
14210
15882
14211
15491
15882
14212
15491
15493
14213
14237
15490
15493
14214
14236
14237
14239
15490
14215
14239
15497
14216
14235
14236
15497
15832
14217
14235
15502
15832
14218
14498
15502
15822
14219
14498
15506
14220
14221
15506
15822
14221
15486
14222
14273
14497
14498
14499
14501
14502
14503
14504
15822
15872
14223
14229
14230
14231
14233
14235
14274
14387
14388
14497
14498
14499
14501
14224
14229
14388
14389
14499
14500
14501
15472
15872
15874
14225
14227
14228
14229
14238
14500
15874
15881
14226
14227
14228
14227
15883
15885
14228
14238
15881
15882
14229
14231
14391
15874
14230
14231
14235
14238
14388
14499
14500
15874
14231
14232
14233
14234
14235
14239
14246
14387
14498
14232
14275
14387
14388
14391
15874
14233
14276
14387
14234
14385
14387
14496
14497
14498
14504
14512
14235
14239
14242
14243
14244
14245
14498
14236
14238
14239
14498
14499
14500
15832
14237
15490
15832
14238
15490
14239
14500
15881
14240
14241
14242
14248
14249
14242
14248
14243
14245
14248
14249
14254
14244
14245
14255
14515
14245
14256
14511
14512
14513
14514
14246
14247
14247
14248
14511
14515
14525
14534
15880
14249
14250
14254
14515
14516
14517
14523
14525
14250
14252
14254
14251
14527
14252
14516
14527
14253
14516
15496
14254
14255
14516
14255
14256
14257
14515
14257
14511
14514
14258
14532
14259
14514
14532
15505
14260
14261
14532
14261
14505
14511
14514
14262
14263
14506
14533
14263
14507
14536
14537
14264
14535
14265
14535
14537
15563
14266
14535
15564
15580
14267
14536
14537
15580
14268
14270
14536
14537
14538
14539
14541
14269
14270
14541
15579
15580
14270
14541
15581
15584
15585
15586
14271
14541
15577
14272
15577
14273
14503
14540
14541
14542
14547
14555
15467
15468
15469
15470
15473
15475
14274
14497
14501
14502
14503
14540
14542
15469
15470
15471
15473
14275
14387
14388
14491
14492
14496
14497
14501
15470
15471
15472
14276
14387
14388
14389
14391
14392
14393
14487
14491
14492
14277
14387
14393
14488
14491
14496
14278
14384
14386
14279
14281
14384
14385
14386
14496
15875
14280
14281
14496
14577
14281
14496
14579
14580
15834
15835
14282
14490
14496
14566
14283
14285
14489
14490
14495
14566
14580
14284
14285
14495
14576
14580
14285
14495
14580
14584
14765
14766
14767
14286
14495
14564
14565
14287
14289
14561
14563
14564
14565
14766
14288
14289
14561
14764
14766
14289
14561
14588
14766
14768
14769
14770
14290
14561
14760
14762
14291
14293
14760
14761
14762
14769
14292
14293
14769
14782
14293
14592
14769
14779
14780
14781
14294
14758
14759
14295
14297
14757
14758
14759
14778
14779
14296
14297
14778
14779
14915
14297
14596
14778
14779
14885
14886
15023
14298
14778
14879
14913
14299
14301
14878
14879
14884
14885
14913
14300
14301
14884
14885
15011
14301
14600
14884
14885
15020
15021
15022
14302
14884
14911
14912
14303
14305
14908
14910
14911
14912
15021
14304
14305
14908
15019
15021
14305
14604
14908
15021
15024
15025
15026
14306
14908
15027
15029
14307
14309
14611
15025
15027
15028
15029
14308
14309
14611
15025
15039
14309
14607
14608
14609
14611
15025
15045
14310
14611
15046
15238
14311
14312
14609
14610
15046
15237
15238
14312
14609
14610
15854
14313
14316
14610
15852
14314
14315
14316
15239
15852
14315
15643
15852
14316
15235
15852
14317
15852
14318
14610
14985
14989
15234
15235
15236
15239
15240
15390
15392
15394
15620
14319
14823
14827
14985
14986
14987
14988
14989
14990
15234
15236
15392
15394
14320
14812
14820
14821
14824
14825
14826
14827
14828
14980
14985
14986
14987
14321
14613
14809
14810
14811
14825
14826
14827
14859
14873
14874
14987
14990
14322
14809
14815
14823
14824
14825
14870
14871
14872
14873
14987
14993
15867
14323
14740
14741
14807
14808
14809
14843
14857
14858
14872
15867
14324
14333
14344
14432
14433
14436
14733
14734
14740
14808
14858
14325
14344
14345
14346
14436
14437
14468
14469
14733
14735
14739
14740
14742
14326
14342
14343
14344
14345
14442
14463
14467
14468
14727
14733
14734
14327
14331
14332
14333
14342
14343
14344
14345
14346
14347
14348
14434
14439
14328
14331
14332
14334
14335
14336
14337
14342
14343
14329
14331
14337
14339
14342
14439
14330
14459
14331
14459
14332
14342
14347
14348
14349
14439
14333
14334
14335
14343
14348
14434
14435
14334
14343
14344
14433
14434
14435
14734
14335
14336
14343
14336
15879
14337
14343
14728
14731
14338
14339
14342
14451
14339
14463
14464
14465
14619
14647
14728
14340
14342
14442
14463
14465
14341
14458
14342
14458
14343
14345
14439
14442
14463
14344
14727
14734
14345
14346
14433
14434
14436
14733
14734
14346
14347
14437
14438
14439
14442
14444
14468
14469
14347
14430
14431
14433
14434
14436
14437
14438
14743
14348
14349
14352
14354
14430
14434
14438
14439
14441
14349
14352
14434
14435
14350
14352
14354
14439
14351
14419
14352
14419
14353
14354
14354
14356
14426
14427
14428
14430
14848
14355
14428
14430
14438
14356
14357
14357
14358
14407
14408
14419
14421
14422
14423
14473
14359
14401
14403
14407
14408
14409
14360
14365
14371
14401
14408
14409
14361
14362
14365
14372
14409
14412
14362
14413
14363
14364
14365
14372
14364
14366
14367
14368
14371
14372
14409
14367
14369
14370
14371
14372
14370
14372
14373
14374
14401
14402
14568
14375
14381
14402
14568
14569
15877
15878
14376
14377
14378
14381
14377
14379
14380
14381
14382
14569
15876
14380
14382
14568
14569
14383
14384
14567
14569
14385
14386
14566
14567
14569
14577
15875
14386
15875
14387
14388
14491
14496
14497
14389
14391
14492
14501
15472
15874
14390
14391
14392
14492
15472
15873
15874
14391
14392
14392
15874
14393
14485
14487
14492
15873
14394
14487
14488
14491
14574
14395
14396
14398
14481
14485
14486
14487
14488
14494
14562
14396
14426
14481
14482
14484
14485
14486
14847
14397
14426
14481
14562
14398
14399
14399
14400
14403
14406
14478
14565
14572
14575
14763
14401
14402
14403
14406
14568
14572
14575
14402
14403
14407
14403
14568
14572
14404
14405
14406
14407
14423
14405
14407
14423
14477
14478
14763
14408
14422
14423
14409
14412
14419
14421
14410
14411
14412
14419
14411
14413
14414
14418
14419
14414
14415
14417
14415
14417
14418
14419
14459
14416
14417
14417
14447
14448
14449
14459
14418
14447
14459
14419
14420
14421
14446
14459
14420
14421
14421
14440
14441
14445
14446
14459
14473
14789
14422
14473
14789
14423
14473
14476
14477
14788
14424
14425
14476
14477
14478
14425
14428
14426
14427
14428
14429
14481
14847
14428
14429
14430
14431
14743
14846
14847
14848
14849
14429
14430
14744
14430
14743
14744
14746
14747
14748
14749
14840
14846
14431
14437
14438
14475
14743
14744
14432
14433
14434
14436
14743
14846
14848
14849
14433
14436
14743
14841
14843
14845
14846
14849
14858
14434
14436
14435
14437
14740
14742
14743
14841
14858
14438
14469
14471
14739
14742
14743
14744
14840
14855
14439
14469
14474
14744
14440
14442
14441
14443
14463
14466
14468
14469
14444
14445
14445
14446
14458
14472
14789
14790
14791
14792
14447
14458
14459
14789
14791
14448
14449
14457
14458
14459
14449
14452
14456
14450
14451
14452
14456
14457
14458
14645
14451
14453
14454
14455
14456
14642
14454
14456
14641
14642
14457
14642
14645
14649
14458
14460
14645
14648
14791
14459
14460
14791
14461
14462
14645
14648
14655
14791
14792
14797
14462
14465
14463
14464
14465
14466
14467
14468
14618
14727
14465
14467
14618
14619
14620
14726
14727
14728
14732
14466
14618
14619
14467
14468
14616
14618
14724
14736
14793
14468
14617
14618
14724
14725
14726
14727
14733
14735
14469
14724
14733
14735
14736
14739
14794
14470
14736
14739
14855
14471
14472
14472
14473
14788
14789
14790
14795
14836
14837
14474
14475
14476
14788
14789
14475
14477
14745
14746
14784
14787
14788
14837
14478
14783
14784
14787
14479
14480
14760
14763
14783
14784
14480
14481
14482
14486
14562
14749
14750
14751
14483
14484
14485
14486
14750
14752
14847
14850
14851
14484
14485
14486
14493
14558
14752
14851
15873
14485
14847
14486
14487
14493
15873
14487
14493
14494
14562
14750
14751
14752
14488
14491
14492
14493
14494
15873
14489
14491
14494
14495
14562
14490
14566
14491
14566
14492
14494
14495
14496
15470
14493
15471
15472
15873
14494
14558
14559
14752
15873
14495
14560
14561
14562
14564
14751
14496
14560
14561
14580
15468
15470
14497
14540
15470
14498
14501
14503
14504
14509
14540
15470
14499
14504
14513
14500
14501
15872
14502
15471
15472
15872
14503
14542
15473
15557
15872
14504
14538
14540
14541
14542
14505
14506
14507
14508
14540
14506
14508
14511
14512
14513
14514
14507
14508
14533
14508
14536
14537
14538
14539
14509
14510
14510
14511
14533
14534
14536
15578
15871
14512
14513
14514
14515
14532
14533
14534
14513
14514
14516
14525
14532
14534
14517
14518
14520
14523
14525
14527
14531
14519
14520
14523
14520
14521
14522
14523
14526
14531
14522
14524
14525
14527
14528
14528
14529
14531
14530
14531
14533
14534
14535
14536
15578
14536
15579
14537
14538
14539
15577
15578
15579
14538
14539
14540
14541
15468
15470
15835
14542
15467
14543
14544
14545
14546
14555
15473
15556
15557
15833
14544
15486
15833
14545
15510
15833
14546
15484
15833
14547
14548
15554
15555
15833
14548
15554
14549
14550
14555
15554
15555
14550
14555
15482
15483
14551
14552
14555
15481
15553
14552
15475
15553
14553
14554
15481
15553
14554
15552
14555
14773
15466
15474
15475
15480
15603
15604
14556
15467
15469
15473
15474
15475
15480
15556
14557
15473
15474
15479
15480
15517
15556
15557
15604
14558
14559
14772
14773
15474
15479
15604
15865
14559
14752
14772
14560
14772
15469
15471
15474
15479
14561
14767
14771
15468
15469
15470
15475
15478
14562
14751
14766
14771
15478
14563
14751
14564
14565
14565
14566
14575
14576
14760
14763
14764
14765
14567
14572
14575
14576
14577
14579
14568
14569
14572
14575
14577
14569
14572
14570
14571
14572
14571
14573
14574
14575
14574
14576
14763
14577
14579
14764
14765
14919
14578
14579
14580
14581
14765
14919
15834
15835
15836
14581
15834
14582
14584
15468
15834
15835
15836
14583
14584
14919
15468
14584
14921
14922
15468
15476
15477
14585
14765
14767
15468
14586
14588
14765
14766
14767
15477
15478
14587
14588
14918
15477
15478
14588
14924
14929
14930
14931
15477
15478
14589
14768
14770
15478
14590
14592
14768
14769
14770
14930
14591
14592
14917
14930
14592
14894
14926
14927
14928
14930
14593
14780
14781
14594
14596
14779
14780
14781
14893
14894
14595
14596
14893
14894
14916
14596
14893
14894
14896
14934
14935
14936
14597
14886
14893
15023
14598
14600
14885
14886
14935
14941
15023
14599
14600
14935
14941
15010
14600
14898
14935
14941
15007
15008
15009
14601
14941
15020
15022
14602
14604
15006
15007
15020
15021
15022
14603
14604
15006
15007
15041
14604
14900
14903
14904
15006
15007
15043
14605
15006
15024
15026
14606
14607
14903
15005
15024
15025
15026
14607
14903
15005
15040
14608
15005
15045
14609
15045
15395
14610
15045
14611
14989
15236
15239
15394
15395
15398
15620
15788
14612
14908
14989
14991
14995
15005
15025
15395
14613
14827
14874
14909
14989
14990
14991
15028
15236
14614
14810
14826
14827
14828
14860
14874
15031
14615
14806
14810
14811
14813
14826
14829
14861
15034
14616
14723
14724
14736
14804
14806
14813
14830
14617
14618
14717
14720
14723
14724
14799
14618
14716
14717
14723
14724
14725
14726
14817
14818
14619
14657
14717
14724
14726
14620
14622
14652
14621
14726
14728
14732
15870
14622
14624
14625
14664
14715
14716
15870
14623
14661
14662
14663
14717
14624
14636
14638
14662
14625
14626
14632
14665
15870
14626
14664
14665
14679
14715
15870
14627
14632
14634
14665
14628
14629
14632
14633
14634
14670
14629
14634
14670
14630
14632
14633
14631
14633
14634
14635
14665
14669
14670
14636
14694
14637
14662
14638
14639
14639
14640
14653
14659
14689
14690
14697
14641
14653
14690
14642
14649
14643
14644
14645
14649
14644
14646
14647
14648
14649
14650
14647
14649
14650
14654
14655
14797
14650
14653
14651
14652
14653
14654
14655
14659
14652
14654
14659
14689
14655
14658
14659
14801
15055
14656
14657
14658
14797
14798
14801
14657
14659
14718
14719
14801
15053
15054
15055
15056
14660
14661
14686
14689
15055
14661
14662
14663
14664
14677
14688
14665
14678
14679
14715
15868
14666
14679
14667
14668
14669
14678
14679
14668
14671
14672
15718
14669
14670
14672
14678
15720
15838
15839
14673
15333
15334
15335
15718
15720
14674
15342
15343
15344
15739
14675
14677
14676
14685
14677
14685
14678
14681
14679
14680
15839
14681
15838
15839
15868
15869
14682
14707
14683
14684
14684
14685
14702
14703
14704
15056
15848
14686
14696
14701
14702
15849
14687
14688
14689
14697
15055
15056
14688
14690
14697
15055
14691
14692
14697
14692
14693
14694
14695
14697
14694
14696
14700
15773
14697
14700
14701
15850
14698
14699
14699
14701
15850
14702
15849
15850
14703
15848
15849
14704
15065
15847
15848
14705
14706
14708
15062
15065
15847
14706
14707
14709
14710
15052
15053
15054
15056
15059
14710
14711
14712
14720
14723
14830
14713
14816
14817
14819
15868
15869
14714
14715
14716
14816
14817
14818
15868
15869
14715
14816
14818
15869
14716
15868
14717
14726
14817
14818
15868
14718
14720
14723
14719
14721
14723
14830
14722
15053
14723
15053
14724
14813
14817
14830
14725
14735
14736
14800
14806
14726
14733
14735
14807
14808
14817
14818
14727
14732
14818
14728
14732
14733
14734
14729
14731
14732
14730
14731
14734
14735
14740
14808
14736
14739
14740
14741
14806
14807
14808
14737
14739
14806
14861
14738
14795
14739
14795
14740
14741
14742
14806
14855
14856
14861
14741
14742
14807
14808
14857
14858
14742
14806
14807
14809
14810
14811
14856
14857
14859
14861
14743
14840
14841
14842
14855
14856
14857
14858
14744
14748
14840
14841
14846
14745
14747
14840
14855
14746
14748
14749
14756
14785
14840
14853
14854
14749
14755
14840
14841
14842
14845
14846
14850
14852
14853
14750
14754
14755
14756
14786
14850
14853
14751
14752
14753
14754
14755
14850
14851
14752
14754
14762
14771
14753
14772
14851
14754
14755
14777
14844
14850
14851
14881
14890
14891
14755
14756
14758
14776
14777
14778
14880
14756
14777
14844
14850
14852
14853
14876
14880
14881
14757
14778
14853
14877
14880
14758
14759
14759
14760
14781
14782
14783
14784
14913
14914
14915
14761
14762
14763
14764
14768
14782
14783
14762
14764
14783
14765
14768
14782
14918
14766
14767
14768
14918
14919
14921
14767
14769
14770
14781
14782
14917
14918
14929
14770
14771
14772
14776
15478
14773
14891
15865
14774
15474
15603
15604
15865
14775
14889
14891
14892
14938
15525
15527
15531
15865
14776
14892
14893
14927
14937
15526
15527
14777
14778
14780
14887
14891
14892
14893
14778
14880
14881
14887
14888
14890
14891
14892
14779
14880
14884
14887
14893
14780
14781
14781
14782
14915
14916
14917
14928
15023
14783
14915
14917
14784
14914
14785
14786
14787
14914
15014
14786
14788
14837
14914
15013
15014
14789
14836
14837
14790
14791
14792
14795
14796
14836
14792
14797
14793
14794
14795
14796
14797
14798
14794
14796
14803
14835
14836
14864
14797
14798
14802
14803
14835
14798
14801
14799
14800
14801
14802
14803
15053
14800
14802
15053
15054
14803
14833
14834
15052
15053
14804
14805
14833
14834
14835
15033
14805
14806
14807
14810
14811
14813
14861
14808
14809
14811
14814
15867
14810
14811
14825
14857
14859
14872
14873
15867
14811
14826
14856
14859
14860
14861
14874
15035
14812
14813
14814
14825
14826
15867
14813
14814
14815
14819
14820
14825
14826
14829
14979
14980
14814
14826
14829
14830
14832
14815
14816
14817
14819
14825
15867
14816
14819
14820
14822
14824
14825
15688
15867
14817
14819
14818
14820
14979
15688
14821
14822
14824
14825
14979
14980
14986
15687
15688
14822
14979
14980
14981
14982
14985
14986
15086
15087
15088
15234
15687
14823
14824
14986
15088
15101
15131
15393
15686
15687
15688
14824
14986
14987
14988
14993
15241
15392
15393
15622
14825
14986
14987
14826
14987
15867
14827
14828
14829
14980
15859
14828
14874
14985
14987
14989
14990
15049
15236
14829
14980
14982
14985
15048
15236
14830
14978
14980
15858
14831
14832
14833
14833
14834
15036
15051
15052
15053
15059
14835
15033
15036
15037
15051
14836
14864
15017
15033
14837
14864
15013
14838
14839
14864
15013
15014
14839
14855
14840
14841
14842
14853
14854
14855
14856
14842
14843
14845
14846
14852
14857
14858
14843
14852
14853
14854
14856
14857
14859
14868
14869
14876
14844
14845
14852
14857
14858
14869
14870
14871
14872
15866
14845
14850
14851
14852
14881
14890
15866
14846
14850
14852
14847
14849
14850
14848
14849
14849
14851
14852
14853
14869
14876
14881
15866
14854
14868
14876
14877
14880
15016
14855
14856
14860
14868
14877
15015
14856
14861
14857
14859
14860
14861
14863
14868
14858
14859
14869
14872
14860
14868
14869
14872
14873
14874
14875
14861
14866
14868
14874
14909
14862
14863
14864
14864
14865
15013
15017
15033
14866
14867
14912
15012
15013
15014
15017
15018
15030
14867
14868
14869
14874
14875
14876
14877
14883
14909
14870
14872
14873
14875
14876
14882
15866
14871
14872
14873
14875
14882
14992
14993
14999
15866
14872
14993
14999
15866
14873
14874
14875
14987
14990
14992
14993
14875
14909
14990
14991
15032
14876
14882
14883
14907
14909
14990
14991
14992
14877
14880
14881
14882
14883
15866
14878
14880
14883
14884
14909
14879
14913
14880
14913
14881
14883
14884
14887
14882
14888
14890
15866
14883
14907
14992
14997
14999
15866
14884
14907
14908
14909
14911
14991
14996
14885
14887
14908
14941
14996
14886
15023
14887
15023
14888
14892
14893
14937
14941
14996
14889
14890
14891
14892
14938
14997
15000
14890
14891
14892
14938
15000
15531
15865
14891
14892
15865
14893
14937
14938
15527
14894
14937
14941
14895
14927
14928
14896
14926
14927
14928
14933
14897
14934
14936
15861
14898
14934
14935
14936
14942
15861
14899
14942
15008
15009
15860
14900
15007
15008
15009
15409
15860
14901
14904
15043
15044
15409
14902
14903
14904
15043
15044
15408
14903
15043
15404
14904
15005
15043
14905
15043
14906
14940
14995
15002
15004
15005
15006
15408
15409
15410
15414
14907
14939
14940
14994
14995
14996
14997
14998
15002
15006
15410
14908
14991
14992
14994
14995
14996
14997
14999
14909
14991
14995
14996
15006
15021
14910
14991
14911
14912
14912
14913
15011
15012
15018
15019
15020
15027
14914
14915
15011
15012
15014
15023
14915
15012
15014
14916
15011
15023
14917
14928
14934
15010
15023
15864
14918
14928
14929
14919
14921
14929
15863
14920
14921
14922
14923
14929
15476
15477
15862
14923
15467
15476
15862
14924
15466
15476
15477
15862
14925
14929
14931
14932
15466
14926
14929
14930
14931
14932
14927
14928
14933
14928
14929
14933
14934
14930
14931
14932
14931
14935
14936
15009
15010
15023
15861
14936
14941
14937
14938
14940
14941
14942
15527
15529
14939
15000
15527
15530
15531
14940
14997
14998
15000
15002
15410
15538
15541
14941
14942
14996
15006
15008
15409
15410
15448
14942
14996
15006
14943
14944
15409
15453
15456
15529
14944
15460
14945
14946
15458
15459
14946
15459
15860
14947
15409
15458
15459
15800
14948
14949
15409
15798
15800
15802
14949
15044
15798
14950
15407
15408
15798
15802
14951
15407
15408
15797
15805
14952
15401
15402
15404
15405
15407
15408
14953
15401
15405
15652
14954
15398
15399
15401
15402
15403
15405
14955
15398
15399
15785
15786
14956
15398
15399
15787
15788
15790
15791
14957
15649
15787
15791
14958
15239
15787
15788
15789
15791
15793
14959
15239
15645
15646
15793
14960
15239
15640
15641
15643
15644
15793
14961
15636
15640
15644
14962
15637
15638
15640
15641
15642
15644
14963
15637
15638
15810
15811
14964
15078
15079
15081
15637
15638
15685
14965
15081
15231
15685
14966
15079
15080
15081
15083
15084
15685
14967
15083
15084
15814
14968
14969
15083
15084
15815
14969
15815
14970
14976
15815
15817
14971
14972
14976
15817
14972
14973
15768
15769
15815
15816
15818
14974
15766
15768
15769
15816
14975
14976
15219
15220
15326
14977
15084
15221
15222
15223
15817
14978
14981
15068
15085
14979
14980
14981
14982
15071
14980
14981
15687
15688
14981
14982
14985
15072
14982
15069
15085
15086
15087
15687
14983
14985
15085
15087
15235
14984
15073
14985
15073
14986
15087
15234
15235
15236
14987
15088
15234
15392
15393
14988
14990
14993
14989
14990
14992
14993
15392
15394
15396
15622
14990
14991
15236
15238
15394
15395
14991
14992
14993
14992
14995
15029
14993
14994
14999
14995
14997
14998
14999
15001
15002
15396
14996
15005
15006
15026
15395
14997
15006
15022
14998
14999
15000
14999
15000
15001
15002
15541
15002
15003
15396
15003
15410
15539
15541
15004
15396
15397
15651
15656
15005
15395
15397
15398
15405
15408
15438
15650
15651
15652
15006
15395
15398
15402
15408
15007
15409
15008
15009
15009
15010
15020
15041
15043
15860
15011
15020
15023
15041
15012
15019
15020
15023
15013
15014
15018
15014
15017
15015
15016
15016
15018
15030
15033
15037
15019
15027
15030
15038
15020
15024
15027
15039
15041
15021
15022
15023
15024
15041
15022
15025
15026
15027
15039
15040
15041
15043
15045
15026
15028
15029
15030
15038
15039
15046
15029
15031
15032
15033
15037
15038
15047
15032
15034
15035
15036
15037
15035
15037
15047
15050
15051
15070
15858
15859
15038
15047
15050
15039
15046
15047
15853
15040
15045
15046
15854
15041
15043
15045
15857
15042
15043
15044
15046
15854
15047
15237
15238
15852
15853
15854
15048
15049
15050
15073
15853
15049
15051
15070
15073
15853
15052
15059
15070
15053
15054
15059
15054
15055
15056
15056
15057
15058
15058
15060
15061
15062
15070
15061
15063
15064
15065
15066
15067
15846
15064
15066
15846
15847
15067
15844
15845
15846
15068
15069
15070
15074
15844
15845
15069
15071
15072
15073
15072
15074
15852
15853
15075
15076
15077
15842
15843
15844
15076
15077
15085
15843
15077
15637
15842
15843
15078
15079
15081
15080
15081
15085
15685
15081
15082
15639
15685
15810
15812
15814
15083
15812
15814
15815
15816
15819
15084
15085
15224
15225
15226
15231
15684
15086
15087
15637
15684
15087
15088
15233
15683
15684
15686
15687
15088
15233
15234
15235
15390
15637
15684
15843
15089
15233
15234
15391
15393
15683
15686
15687
15090
15098
15099
15100
15101
15102
15670
15091
15092
15098
15102
15103
15391
15670
15092
15096
15097
15391
15681
15093
15094
15095
15391
15669
15094
15103
15104
15105
15241
15668
15669
15095
15109
15112
15648
15669
15096
15113
15389
15669
15097
15113
15114
15121
15389
15681
15098
15121
15122
15233
15681
15682
15099
15233
15670
15100
15125
15128
15670
15682
15683
15101
15128
15130
15670
15686
15102
15131
15670
15103
15132
15393
15670
15104
15241
15670
15105
15132
15133
15134
15241
15309
15106
15136
15241
15308
15668
15107
15108
15241
15243
15668
15777
15108
15244
15618
15621
15623
15777
15109
15110
15618
15648
15777
15110
15111
15112
15648
15667
15668
15111
15617
15648
15666
15112
15630
15631
15632
15633
15648
15113
15648
15692
15114
15115
15389
15633
15692
15115
15120
15389
15679
15116
15117
15389
15633
15693
15694
15117
15119
15120
15388
15693
15118
15635
15636
15693
15694
15119
15636
15678
15120
15230
15387
15388
15678
15121
15387
15388
15679
15680
15122
15388
15681
15123
15124
15232
15680
15681
15682
15124
15202
15232
15385
15386
15680
15689
15125
15126
15232
15671
15126
15127
15671
15682
15683
15127
15201
15202
15367
15671
15128
15129
15199
15200
15671
15129
15670
15130
15198
15199
15309
15310
15131
15309
15310
15686
15132
15133
15195
15309
15310
15133
15309
15393
15134
15195
15309
15135
15136
15194
15195
15242
15309
15136
15137
15187
15242
15311
15137
15242
15308
15138
15242
15306
15307
15139
15184
15306
15307
15140
15159
15160
15184
15141
15159
15160
15165
15166
15142
15157
15158
15165
15166
15143
15144
15157
15158
15167
15144
15156
15167
15145
15167
15182
15146
15147
15149
15158
15182
15147
15148
15149
15180
15148
15158
15164
15165
15181
15149
15174
15176
15177
15150
15151
15152
15151
15152
15172
15152
15153
15177
15180
15182
15154
15155
15180
15182
15155
15156
15182
15157
15182
15290
15291
15158
15159
15181
15182
15290
15841
15160
15181
15183
15306
15840
15841
15161
15164
15162
15163
15164
15183
15184
15185
15163
15176
15178
15189
15190
15164
15176
15179
15165
15176
15181
15166
15181
15167
15173
15168
15172
15169
15170
15171
15173
15174
15192
15175
15176
15177
15176
15177
15177
15178
15179
15180
15181
15179
15183
15189
15190
15191
15312
15315
15180
15181
15183
15315
15181
15182
15182
15183
15184
15185
15306
15311
15315
15185
15186
15187
15189
15193
15307
15187
15188
15189
15193
15315
15188
15193
15194
15307
15311
15189
15193
15194
15196
15312
15190
15191
15193
15191
15192
15193
15194
15242
15307
15195
15309
15196
15309
15310
15197
15312
15198
15310
15312
15199
15312
15200
15314
15201
15672
15202
15203
15204
15367
15672
15203
15367
15689
15204
15205
15367
15368
15385
15674
15205
15367
15673
15206
15367
15368
15371
15372
15207
15366
15371
15372
15208
15366
15370
15373
15209
15210
15223
15370
15373
15374
15210
15214
15221
15364
15375
15376
15211
15212
15317
15372
15373
15375
15378
15697
15698
15213
15319
15360
15361
15362
15363
15375
15377
15698
15700
15701
15214
15361
15362
15363
15215
15220
15364
15375
15376
15216
15220
15326
15361
15375
15217
15218
15219
15326
15361
15377
15776
15218
15377
15219
15377
15730
15220
15377
15221
15375
15376
15222
15223
15375
15376
15223
15378
15224
15373
15374
15225
15226
15370
15373
15374
15226
15380
15227
15369
15382
15383
15228
15229
15231
15382
15383
15384
15229
15231
15675
15230
15231
15386
15387
15690
15231
15678
15232
15388
15637
15684
15233
15367
15384
15385
15386
15388
15680
15683
15684
15234
15388
15389
15390
15391
15637
15683
15684
15235
15240
15390
15391
15392
15393
15236
15239
15390
15637
15641
15842
15237
15238
15240
15390
15620
15636
15647
15649
15793
15241
15389
15390
15391
15392
15394
15619
15620
15621
15647
15648
15242
15243
15391
15392
15393
15621
15622
15648
15668
15244
15245
15247
15245
15247
15621
15623
15246
15247
15622
15247
15248
15612
15624
15777
15249
15304
15305
15308
15612
15777
15250
15299
15301
15302
15303
15304
15305
15611
15251
15252
15253
15298
15302
15303
15252
15253
15253
15303
15519
15520
15546
15254
15298
15302
15255
15295
15297
15298
15256
15288
15294
15295
15257
15276
15287
15288
15258
15275
15276
15259
15274
15275
15276
15278
15260
15273
15274
15279
15261
15273
15262
15271
15272
15273
15279
15281
15263
15270
15271
15282
15264
15269
15270
15283
15265
15268
15269
15266
15268
15269
15283
15267
15268
15268
15269
15270
15283
15271
15282
15283
15272
15281
15282
15273
15279
15280
15281
15284
15274
15279
15275
15278
15279
15284
15276
15277
15278
15285
15287
15277
15287
15288
15278
15285
15286
15287
15289
15291
15279
15284
15285
15292
15280
15284
15281
15284
15292
15282
15283
15285
15292
15286
15291
15292
15287
15289
15290
15291
15293
15288
15289
15294
15289
15294
15295
15290
15293
15294
15296
15291
15293
15841
15292
15294
15296
15300
15841
15295
15296
15297
15296
15297
15298
15297
15299
15300
15841
15298
15299
15300
15302
15299
15302
15300
15301
15302
15840
15301
15840
15841
15302
15304
15305
15840
15303
15304
15544
15546
15607
15305
15607
15608
15610
15612
15306
15308
15840
15307
15308
15311
15840
15309
15311
15667
15669
15777
15310
15311
15312
15314
15669
15670
15671
15312
15314
15315
15313
15314
15315
15314
15316
15317
15319
15315
15316
15671
15672
15317
15372
15672
15673
15697
15318
15319
15697
15698
15320
15698
15700
15321
15700
15704
15723
15322
15323
15324
15325
15358
15838
15326
15358
15359
15362
15365
15327
15359
15361
15776
15328
15329
15358
15359
15765
15329
15345
15350
15352
15330
15348
15349
15355
15331
15348
15349
15355
15357
15358
15332
15348
15349
15720
15333
15350
15352
15720
15334
15335
15344
15350
15351
15352
15335
15340
15341
15342
15719
15336
15337
15340
15348
15352
15353
15705
15706
15338
15340
15706
15708
15709
15721
15722
15339
15340
15353
15341
15342
15352
15353
15719
15342
15343
15344
15344
15353
15345
15351
15352
15346
15350
15351
15352
15347
15348
15352
15353
15703
15725
15775
15349
15352
15355
15703
15704
15705
15723
15350
15351
15352
15352
15353
15354
15356
15359
15357
15359
15704
15358
15704
15359
15720
15838
15360
15361
15362
15362
15776
15363
15364
15365
15699
15365
15375
15366
15699
15367
15368
15683
15369
15382
15384
15370
15371
15382
15383
15384
15371
15373
15374
15372
15373
15380
15382
15673
15674
15697
15374
15375
15378
15380
15382
15376
15377
15378
15378
15701
15731
15379
15380
15381
15382
15675
15383
15384
15674
15675
15690
15384
15684
15385
15386
15386
15674
15387
15680
15690
15388
15690
15389
15390
15636
15637
15684
15811
15390
15391
15633
15636
15647
15648
15391
15636
15637
15644
15647
15392
15393
15648
15393
15394
15621
15622
15395
15396
15397
15620
15621
15622
15396
15397
15398
15620
15397
15621
15622
15398
15619
15620
15621
15650
15651
15399
15620
15649
15650
15652
15400
15401
15786
15787
15794
15796
15402
15403
15404
15405
15406
15786
15796
15797
15403
15404
15405
15407
15796
15797
15798
15799
15804
15408
15409
15416
15417
15418
15652
15410
15415
15449
15450
15800
15411
15412
15413
15538
15539
15541
15412
15413
15447
15448
15449
15537
15821
15413
15444
15414
15415
15440
15441
15540
15415
15416
15440
15441
15416
15440
15449
15450
15803
15417
15418
15440
15441
15803
15418
15781
15419
15437
15438
15439
15806
15420
15421
15426
15438
15439
15652
15806
15421
15652
15780
15422
15424
15425
15652
15658
15423
15652
15659
15424
15650
15659
15660
15663
15664
15425
15650
15658
15664
15426
15427
15651
15653
15654
15658
15427
15436
15437
15438
15439
15651
15428
15651
15654
15782
15429
15430
15435
15436
15655
15656
15782
15430
15431
15608
15609
15655
15656
15431
15435
15656
15783
15432
15433
15435
15607
15656
15433
15545
15607
15609
15610
15434
15539
15542
15607
15435
15442
15443
15539
15540
15542
15436
15442
15443
15656
15437
15439
15656
15438
15439
15441
15442
15439
15440
15443
15658
15780
15781
15782
15806
15441
15443
15444
15451
15540
15781
15803
15821
15442
15540
15443
15444
15543
15607
15781
15782
15783
15445
15451
15543
15544
15606
15821
15446
15452
15535
15536
15546
15547
15548
15606
15821
15447
15535
15536
15448
15455
15456
15537
15821
15449
15456
15821
15450
15456
15457
15821
15451
15452
15781
15821
15453
15454
15548
15571
15821
15454
15456
15455
15529
15456
15529
15821
15457
15821
15458
15821
15459
15460
15599
15600
15798
15799
15801
15461
15599
15600
15799
15462
15592
15596
15599
15837
15463
15464
15574
15592
15595
15465
15574
15575
15576
15591
15466
15467
15475
15478
15468
15475
15585
15469
15470
15475
15478
15470
15471
15473
15474
15475
15479
15471
15834
15472
15473
15479
15474
15479
15556
15557
15475
15479
15480
15604
15476
15478
15477
15478
15481
15482
15556
15603
15604
15482
15553
15483
15484
15514
15515
15518
15552
15553
15554
15558
15485
15510
15511
15513
15514
15554
15559
15486
15510
15554
15559
15560
15561
15833
15487
15506
15507
15508
15510
15561
15488
15499
15507
15508
15509
15510
15511
15512
15489
15499
15500
15509
15490
15491
15498
15499
15500
15823
15824
15491
15492
15494
15497
15498
15823
15492
15823
15824
15825
15493
15494
15495
15495
15496
15497
15504
15498
15502
15503
15504
15499
15500
15501
15502
15823
15832
15500
15501
15502
15507
15509
15501
15823
15502
15507
15509
15503
15506
15507
15822
15504
15505
15506
15562
15507
15561
15562
15508
15509
15509
15510
15512
15511
15512
15513
15512
15513
15514
15518
15513
15514
15515
15518
15516
15518
15552
15601
15517
15518
15519
15552
15601
15520
15551
15601
15605
15521
15522
15523
15532
15533
15546
15547
15605
15522
15532
15523
15530
15532
15534
15524
15525
15532
15533
15525
15605
15526
15527
15528
15530
15531
15603
15527
15528
15529
15594
15528
15529
15530
15531
15529
15530
15530
15531
15534
15535
15538
15532
15533
15535
15547
15536
15537
15538
15538
15821
15539
15541
15540
15541
15542
15656
15543
15544
15606
15607
15783
15545
15546
15606
15607
15547
15606
15548
15549
15605
15606
15549
15550
15569
15571
15550
15569
15605
15551
15567
15568
15569
15605
15552
15566
15567
15601
15605
15553
15565
15566
15601
15554
15558
15565
15566
15590
15555
15558
15559
15556
15557
15559
15565
15560
15561
15564
15562
15563
15564
15566
15567
15567
15572
15568
15569
15570
15571
15570
15571
15571
15573
15574
15575
15591
15592
15595
15576
15584
15587
15589
15591
15577
15579
15584
15587
15578
15579
15584
15588
15579
15580
15583
15584
15581
15582
15582
15584
15583
15584
15585
15586
15587
15586
15590
15593
15594
15595
15596
15599
15594
15596
15597
15598
15599
15600
15598
15600
15602
15605
15603
15604
15608
15783
15609
15612
15657
15782
15783
15784
15610
15611
15613
15624
15657
15614
15651
15654
15615
15624
15651
15653
15654
15616
15624
15650
15664
15617
15618
15619
15623
15624
15626
15618
15619
15626
15627
15631
15666
15619
15777
15620
15621
15626
15627
15631
15647
15648
15649
15650
15621
15647
15649
15650
15791
15622
15623
15648
15624
15625
15657
15666
15777
15626
15653
15657
15658
15659
15664
15665
15666
15627
15664
15628
15631
15661
15663
15665
15629
15630
15647
15661
15665
15630
15634
15635
15647
15662
15694
15631
15632
15633
15647
15694
15632
15633
15634
15665
15666
15667
15692
15693
15696
15635
15662
15665
15693
15695
15778
15636
15637
15647
15638
15684
15639
15640
15809
15810
15812
15641
15642
15643
15644
15645
15792
15809
15810
15642
15643
15644
15646
15787
15792
15794
15808
15809
15647
15648
15649
15694
15650
15660
15661
15662
15651
15652
15663
15664
15785
15652
15653
15654
15656
15654
15664
15655
15657
15656
15657
15658
15782
15784
15659
15779
15780
15782
15660
15665
15778
15779
15661
15662
15663
15665
15664
15665
15666
15778
15667
15696
15777
15668
15669
15692
15696
15777
15670
15681
15692
15671
15681
15672
15681
15689
15673
15674
15689
15691
15674
15691
15697
15675
15689
15690
15691
15676
15677
15690
15678
15690
15679
15690
15693
15695
15680
15681
15689
15690
15692
15693
15682
15689
15692
15683
15684
15686
15685
15687
15688
15690
15691
15693
15696
15694
15695
15698
15699
15700
15701
15702
15704
15702
15703
15724
15731
15776
15703
15704
15724
15704
15724
15725
15705
15723
15706
15723
15707
15721
15722
15708
15718
15709
15718
15719
15710
15711
15711
15712
15718
15713
15714
15716
15714
15715
15717
15719
15720
15722
15725
15731
15732
15726
15727
15731
15732
15774
15727
15774
15775
15728
15729
15774
15729
15732
15733
15730
15731
15731
15732
15734
15735
15764
15766
15768
15769
15736
15763
15764
15737
15738
15763
15764
15766
15739
15740
15762
15763
15770
15741
15748
15749
15751
15759
15761
15762
15771
15742
15749
15743
15744
15745
15750
15751
15744
15751
15745
15751
15746
15747
15750
15751
15747
15751
15754
15773
15748
15750
15751
15758
15749
15750
15751
15752
15759
15761
15753
15754
15758
15759
15754
15756
15755
15758
15756
15757
15760
15761
15772
15762
15771
15772
15763
15770
15771
15764
15770
15765
15766
15768
15767
15768
15769
15780
15781
15782
15783
15784
15784
15786
15787
15794
15795
15796
15788
15789
15790
15791
15792
15794
15789
15790
15791
15793
15794
15809
15795
15808
15796
15797
15807
15798
15804
15805
15807
15799
15801
15802
15804
15800
15801
15803
15806
15809
15810
15813
15811
15812
15813
15813
15814
15820
15815
15819
15820
15816
15818
15819
15817
15818
15824
15825
15826
15831
15827
15831
15828
15829
15829
15830
15835
15836
15839
15841
15843
15845
15851
15846
15847
15848
15849
15850
15853
15854
15854
15855
15856
15859
15869
15878
15882
15884
15885
15888
15889
15895
15896
15897
15898
15899
15900
15901
15901
15903
15907
15916
15917
15922
15926
15929
15938
15942
15944
15950
15951
15954
15955
15955
15957
15956
15957
15964
15958
15959
15960
15959
15961
15962
15963
15970
15973
15976
15977
15984
15985
15989
15998
15990
15991
15992
15994
15991
15992
15993
15992
15994
15993
15995
15997
15996
15997
16000
16001
16002
16003
16003
16006
16008
16007
16008
16010
16009
16010
16012
16011
16012
16014
16013
16014
16016
16015
16016
16017
16018
16025
16026
16026
16092
16027
16028
16092
16029
16079
16091
16092
16030
16031
16038
16039
16031
16032
16033
16034
16033
16039
16034
16035
16038
16036
16038
16037
16039
16078
16040
16053
16041
16051
16052
16053
16042
16049
16050
16051
16052
16077
16043
16047
16048
16049
16050
16044
16045
16046
16047
16048
16047
16060
16061
16062
16048
16050
16058
16059
16060
16049
16050
16052
16051
16057
16058
16075
16052
16057
16076
16053
16054
16055
16056
16058
16075
16076
16059
16060
16075
16060
16062
16070
16071
16075
16061
16062
16062
16063
16064
16065
16066
16067
16068
16069
16069
16071
16073
16072
16074
16073
16074
16080
16090
16091
16092
16081
16090
16091
16082
16083
16084
16085
16086
16087
16088
16089
16094
16097
16131
16098
16129
16131
16132
16099
16129
16131
16100
16110
16111
16112
16129
16101
16109
16110
16130
16102
16107
16109
16110
16111
16119
16103
16107
16117
16119
16104
16105
16107
16106
16108
16109
16130
16109
16130
16110
16130
16111
16112
16113
16119
16120
16113
16129
16114
16119
16120
16115
16116
16120
16128
16116
16120
16121
16128
16117
16119
16120
16118
16119
16120
16122
16123
16128
16123
16124
16128
16124
16125
16126
16127
16127
16135
16138
16139
16136
16138
16151
16137
16150
16151
16138
16139
16148
16140
16141
16141
16142
16143
16144
16145
16145
16146
16147
16148
16149
16158
16167
16168
16168
16169
16176
16183
16185
16186
16203
16205
16204
16205
16208
16210
16215
16221
16222
16241
16242
16244
16246
16247
16248
16249
16250
16251
16252
16253
16254
16258
16272
16259
16260
16261
16262
16263
16264
16265
16266
16267
16268
16269
16270
16271
16273
16274
16275
16283
16286
16287
16295
16300
16301
16307
16308
16310
16311
16315
16319
16311
16312
16313
16313
16314
16316
16318
16319
16317
16322
16323
16324
16325
16327
16330
16331
16332
16334
16340
16341
16348
16342
16344
16345
16347
16348
16343
16344
16345
16346
16348
16349
16354
16355
16357
16358
16359
16360
16361
16362
16363
16364
16365
16366
16367
16368
16369
16370
16371
16372
16373
16374
16375
16376
16409
16410
16411
16412
16414
16410
16411
16414
16411
16412
16412
16413
16417
16418
16419
16418
16419
16421
16419
16420
16422
16423
16431
16433
16432
16433
16433
16434
16435
16435
16436
16439
-1
-1
-1
-1
-1
-1
-1
-1
-1
-1
-1
-1
-1
-1
-1
-1
-1
-1
-1
-1
-1
-1
-1
-1
-1
-1
-1
-1
-1
-1
-1
-1
-1
-1
-1
-1
-1
-1
-1
-1
-1
-1
-1
-1
-1
-1
-1
-1
-1
-1
-1
-1
-1
-1
-1
-1
-1
-1
-1
-1
-1
-1
-1
-1
-1
-1
-1
-1
-1
-1
-1
-1
-1
-1
-1
-1
-1
-1
-1
-1
-1
-1
-1
-1
-1
-1
-1
-1
-1
-1
-1
-1
-1
-1
-1
-1
-1
-1
-1
-1
-1
-1
-1
-1
-1
-1
-1
-1
-1
-1
-1
-1
-1
-1
-1
-1
-1
-1
-1
-1
-1
-1
-1
-1
-1
-1
-1
-1
-1
-1
-1
-1
-1
-1
-1
-1
-1
-1
-1
-1
-1
-1
-1
-1
-1
-1
-1
-1
-1
-1
-1
-1
-1
-1
-1
-1
-1
-1
-1
-1
-1
-1
-1
-1
-1
-1
-1
-1
-1
-1
-1
-1
-1
-1
-1
-1
-1
-1
-1
-1
-1
-1
-1
-1
-1
-1
-1
-1
-1
-1
-1
-1
-1
-1
-1
-1
-1
-1
-1
-1
-1
-1
-1
-1
-1
-1
-1
-1
-1
-1
-1
-1
-1
-1
-1
-1
-1
-1
-1
-1
-1
-1
-1
-1
-1
-1
-1
-1
-1
-1
-1
-1
-1
-1
-1
-1
-1
-1
-1
-1
-1
-1
-1
-1
-1
-1
-1
-1
-1
-1
-1
-1
-1
-1
-1
-1
-1
-1
-1
-1
-1
-1
-1
-1
-1
-1
-1
-1
-1
-1
-1
-1
-1
-1
-1
-1
-1
-1
-1
-1
-1
-1
-1
-1
-1
-1
-1
-1
-1
-1
-1
-1
-1
-1
-1
-1
-1
-1
-1
-1
-1
-1
-1
-1
-1
-1
-1
-1
-1
-1
-1
-1
-1
-1
-1
-1
-1
-1
-1
-1
-1
-1
-1
-1
-1
-1
-1
-1
-1
-1
-1
-1
-1
-1
-1
-1
-1
-1
-1
-1
-1
-1
-1
-1
-1
-1
-1
-1
-1
-1
-1
-1
-1
-1
-1
-1
-1
-1
-1
-1
-1
-1
-1
-1
-1
-1
-1
-1
-1
-1
-1
-1
-1
-1
-1
-1
-1
-1
-1
-1
-1
-1
-1
-1
-1
-1
-1
-1
-1
-1
-1
-1
-1
-1
-1
-1
-1
-1
-1
-1
-1
-1
-1
-1
-1
-1
-1
-1
-1
-1
-1
-1
-1
-1
-1
-1
-1
-1
-1
-1
-1
-1
-1
-1
-1
-1
-1
-1
-1
-1
-1
-1
-1
-1
-1
-1
-1
-1
-1
-1
-1
-1
-1
-1
-1
-1
-1
-1
-1
-1
-1
-1
-1
-1
-1
-1
-1
-1
-1
-1
-1
-1
-1
-1
-1
-1
-1
-1
-1
-1
-1
-1
-1
-1
-1
-1
-1
-1
-1
-1
-1
-1
-1
-1
-1
-1
-1
-1
-1
-1
-1
-1
-1
-1
-1
-1
-1
-1
-1
-1
-1
-1
-1
-1
-1
-1
-1
-1
-1
-1
-1
-1
-1
-1
-1
-1
-1
-1
-1
-1
-1
-1
-1
-1
-1
-1
-1
-1
-1
-1
-1
-1
-1
-1
-1
-1
-1
-1
-1
-1
-1
-1
-1
-1
-1
-1
-1
-1
-1
-1
-1
-1
-1
-1
-1
-1
-1
-1
-1
-1
-1
-1
-1
-1
-1
-1
-1
-1
-1
-1
-1
-1
-1
-1
-1
-1
-1
-1
-1
-1
-1
-1
-1
-1
-1
-1
-1
-1
-1
-1
-1
-1
-1
-1
-1
-1
-1
-1
-1
-1
-1
-1
-1
-1
-1
-1
-1
-1
-1
-1
-1
-1
-1
-1
-1
-1
-1
-1
-1
-1
-1
-1
-1
-1
-1
-1
-1
-1
-1
-1
-1
-1
-1
-1
-1
-1
-1
-1
-1
-1
-1
-1
-1
-1
-1
-1
-1
-1
-1
-1
-1
-1
-1
-1
-1
-1
-1
-1
-1
-1
-1
-1
-1
-1
-1
-1
-1
-1
-1
-1
-1
-1
-1
-1
-1
-1
-1
-1
-1
-1
-1
-1
-1
-1
-1
-1
-1
-1
-1
-1
-1
-1
-1
-1
-1
-1
-1
-1
-1
-1
-1
-1
-1
-1
-1
-1
-1
-1
-1
-1
-1
-1
-1
-1
-1
-1
-1
-1
-1
-1
-1
-1
-1
-1
-1
-1
-1
-1
-1
-1
-1
-1
-1
-1
-1
-1
-1
-1
-1
-1
-1
-1
-1
-1
-1
-1
-1
-1
-1
-1
-1
-1
-1
-1
-1
-1
-1
-1
-1
-1
-1
-1
-1
-1
-1
-1
-1
-1
-1
-1
-1
-1
-1
-1
-1
-1
-1
-1
-1
-1
-1
-1
-1
-1
-1
-1
-1
-1
-1
-1
-1
-1
-1
-1
-1
-1
-1
-1
-1
-1
-1
-1
-1
-1
-1
-1
-1
-1
-1
-1
-1
-1
-1
-1
-1
-1
-1
-1
-1
-1
-1
-1
-1
-1
-1
-1
-1
-1
-1
-1
-1
-1
-1
-1
-1
-1
-1
-1
-1
-1
-1
-1
-1
-1
-1
-1
-1
-1
-1
-1
-1
-1
-1
-1
-1
-1
-1
-1
-1
-1
-1
-1
-1
-1
-1
-1
-1
-1
-1
-1
-1
-1
-1
-1
-1
-1
-1
-1
-1
-1
-1
-1
-1
-1
-1
-1
-1
-1
-1
-1
-1
-1
-1
-1
-1
-1
-1
-1
-1
-1
-1
-1
-1
-1
-1
-1
-1
-1
-1
-1
-1
-1
-1
-1
-1
-1
-1
-1
-1
-1
-1
-1
-1
-1
-1
-1
-1
-1
-1
-1
-1
-1
-1
-1
-1
-1
-1
-1
-1
-1
-1
-1
-1
-1
-1
-1
-1
-1
-1
-1
-1
-1
-1
-1
-1
-1
-1
-1
-1
-1
-1
-1
-1
-1
-1
-1
-1
-1
-1
-1
-1
-1
-1
-1
-1
-1
-1
-1
-1
-1
-1
-1
-1
-1
-1
-1
-1
-1
-1
-1
-1
-1
-1
-1
-1
-1
-1
-1
-1
-1
-1
-1
-1
-1
-1
-1
-1
-1
-1
-1
-1
-1
-1
-1
-1
-1
-1
-1
-1
-1
-1
-1
-1
-1
-1
-1
-1
-1
-1
-1
-1
-1
-1
-1
-1
-1
-1
-1
-1
-1
-1
-1
-1
-1
-1
-1
-1
-1
-1
-1
-1
-1
-1
-1
-1
-1
-1
-1
-1
-1
-1
-1
-1
-1
-1
-1
-1
-1
-1
-1
-1
-1
-1
-1
-1
-1
-1
-1
-1
-1
-1
-1
-1
-1
-1
-1
-1
-1
-1
-1
-1
-1
-1
-1
-1
-1
-1
-1
-1
-1
-1
-1
-1
-1
-1
-1
-1
-1
-1
-1
-1
-1
-1
-1
-1
-1
-1
-1
-1
-1
-1
-1
-1
-1
-1
-1
-1
-1
-1
-1
-1
-1
-1
-1
-1
-1
-1
-1
-1
-1
-1
-1
-1
-1
-1
-1
-1
-1
-1
-1
-1
-1
-1
-1
-1
-1
-1
-1
-1
-1
-1
-1
-1
-1
-1
-1
-1
-1
-1
-1
-1
-1
-1
-1
-1
-1
-1
-1
-1
-1
-1
-1
-1
-1
-1
-1
-1
-1
-1
-1
-1
-1
-1
-1
-1
-1
-1
-1
-1
-1
-1
-1
-1
-1
-1
-1
-1
-1
-1
-1
-1
-1
-1
-1
-1
-1
-1
-1
-1
-1
-1
-1
-1
-1
-1
-1
-1
-1
-1
-1
-1
-1
-1
-1
-1
-1
-1
-1
-1
-1
-1
-1
-1
-1
-1
-1
-1
-1
-1
-1
-1
-1
-1
-1
-1
-1
-1
-1
-1
-1
-1
-1
-1
-1
-1
-1
-1
-1
-1
-1
-1
-1
-1
-1
-1
-1
-1
-1
-1
-1
-1
-1
-1
-1
-1
-1
-1
-1
-1
-1
-1
-1
-1
-1
-1
-1
-1
-1
-1
-1
-1
-1
-1
-1
-1
-1
-1
-1
-1
-1
-1
-1
-1
-1
-1
-1
-1
-1
-1
-1
-1
-1
-1
-1
-1
-1
-1
-1
-1
-1
-1
-1
-1
-1
-1
-1
-1
-1
-1
-1
-1
-1
-1
-1
-1
-1
-1
-1
-1
-1
-1
-1
-1
-1
-1
-1
-1
-1
-1
-1
-1
-1
-1
-1
-1
-1
-1
-1
-1
-1
-1
-1
-1
-1
-1
-1
-1
-1
-1
-1
-1
-1
-1
-1
-1
-1
-1
-1
-1
-1
-1
-1
-1
-1
-1
-1
-1
-1
-1
-1
-1
-1
-1
-1
-1
-1
-1
-1
-1
-1
-1
-1
-1
-1
-1
-1
-1
-1
-1
-1
-1
-1
-1
-1
-1
-1
-1
-1
-1
-1
-1
-1
-1
-1
-1
-1
-1
-1
-1
-1
-1
-1
-1
-1
-1
-1
-1
-1
-1
-1
-1
-1
-1
-1
-1
-1
-1
-1
-1
-1
-1
-1
-1
-1
-1
-1
-1
-1
-1
-1
-1
-1
-1
-1
-1
-1
-1
-1
-1
-1
-1
-1
-1
-1
-1
-1
-1
-1
-1
-1
-1
-1
-1
-1
-1
-1
-1
-1
-1
-1
-1
-1
-1
-1
-1
-1
-1
-1
-1
-1
-1
-1
-1
-1
-1
-1
-1
-1
-1
-1
-1
-1
-1
-1
-1
-1
-1
-1
-1
-1
-1
-1
-1
-1
-1
-1
-1
-1
-1
-1
-1
-1
-1
-1
-1
-1
-1
-1
-1
-1
-1
-1
-1
-1
-1
-1
-1
-1
-1
-1
-1
-1
-1
-1
-1
-1
-1
-1
-1
-1
-1
-1
-1
-1
-1
-1
-1
-1
-1
-1
-1
-1
-1
-1
-1
-1
-1
-1
-1
-1
-1
-1
-1
-1
-1
-1
-1
-1
-1
-1
-1
-1
-1
-1
-1
-1
-1
-1
-1
-1
-1
-1
-1
-1
-1
-1
-1
-1
-1
-1
-1
-1
-1
-1
-1
-1
-1
-1
-1
-1
-1
-1
-1
-1
-1
-1
-1
-1
-1
-1
-1
-1
-1
-1
-1
-1
-1
-1
-1
-1
-1
-1
-1
-1
-1
-1
-1
-1
-1
-1
-1
-1
-1
-1
-1
-1
-1
-1
-1
-1
-1
-1
-1
-1
-1
-1
-1
-1
-1
-1
-1
-1
-1
-1
-1
-1
-1
-1
-1
-1
-1
-1
-1
-1
-1
-1
-1
-1
-1
-1
-1
-1
-1
-1
-1
-1
-1
-1
-1
-1
-1
-1
-1
-1
-1
-1
-1
-1
-1
-1
-1
-1
-1
-1
-1
-1
-1
-1
-1
-1
-1
-1
-1
-1
-1
-1
-1
-1
-1
-1
-1
-1
-1
-1
-1
-1
-1
-1
-1
-1
-1
-1
-1
-1
-1
-1
-1
-1
-1
-1
-1
-1
-1
-1
-1
-1
-1
-1
-1
-1
-1
-1
-1
-1
-1
-1
-1
-1
-1
-1
-1
-1
-1
-1
-1
-1
-1
-1
-1
-1
-1
-1
-1
-1
-1
-1
-1
-1
-1
-1
-1
-1
-1
-1
-1
-1
-1
-1
-1
-1
-1
-1
-1
-1
-1
-1
-1
-1
-1
-1
-1
-1
-1
-1
-1
-1
-1
-1
-1
-1
-1
-1
-1
-1
-1
-1
-1
-1
-1
-1
-1
-1
-1
-1
-1
-1
-1
-1
-1
-1
-1
-1
-1
-1
-1
-1
-1
-1
-1
-1
-1
-1
-1
-1
-1
-1
-1
-1
-1
-1
-1
-1
-1
-1
-1
-1
-1
-1
-1
-1
-1
-1
-1
-1
-1
-1
-1
-1
-1
-1
-1
-1
-1
-1
-1
-1
-1
-1
-1
-1
-1
-1
-1
-1
-1
-1
-1
-1
-1
-1
-1
-1
-1
-1
-1
-1
-1
-1
-1
-1
-1
-1
-1
-1
-1
-1
-1
-1
-1
-1
-1
-1
-1
-1
-1
-1
-1
-1
-1
-1
-1
-1
-1
-1
-1
-1
-1
-1
-1
-1
-1
-1
-1
-1
-1
-1
-1
-1
-1
-1
-1
-1
-1
-1
-1
-1
-1
-1
-1
-1
-1
-1
-1
-1
-1
-1
-1
-1
-1
-1
-1
-1
-1
-1
-1
-1
-1
-1
-1
-1
-1
-1
-1
-1
-1
-1
-1
-1
-1
-1
-1
-1
-1
-1
-1
-1
-1
-1
-1
-1
-1
-1
-1
-1
-1
-1
-1
-1
-1
-1
-1
-1
-1
-1
-1
-1
-1
-1
-1
-1
-1
-1
-1
-1
-1
-1
-1
-1
-1
-1
-1
-1
-1
-1
-1
-1
-1
-1
-1
-1
-1
-1
-1
-1
-1
-1
-1
-1
-1
-1
-1
-1
-1
-1
-1
-1
-1
-1
-1
-1
-1
-1
-1
-1
-1
-1
-1
-1
-1
-1
-1
-1
-1
-1
-1
-1
-1
-1
-1
-1
-1
-1
-1
-1
-1
-1
-1
-1
-1
-1
-1
-1
-1
-1
-1
-1
-1
-1
-1
-1
-1
-1
-1
-1
-1
-1
-1
-1
-1
-1
-1
-1
-1
-1
-1
-1
-1
-1
-1
-1
-1
-1
-1
-1
-1
-1
-1
-1
-1
-1
-1
-1
-1
-1
-1
-1
-1
-1
-1
-1
-1
-1
-1
-1
-1
-1
-1
-1
-1
-1
-1
-1
-1
-1
-1
-1
-1
-1
-1
-1
-1
-1
-1
-1
-1
-1
-1
-1
-1
-1
-1
-1
-1
-1
-1
-1
-1
-1
-1
-1
-1
-1
-1
-1
-1
-1
-1
-1
-1
-1
-1
-1
-1
-1
-1
-1
-1
-1
-1
-1
-1
-1
-1
-1
-1
-1
-1
-1
-1
-1
-1
-1
-1
-1
-1
-1
-1
-1
-1
-1
-1
-1
-1
-1
-1
-1
-1
-1
-1
-1
-1
-1
-1
-1
-1
-1
-1
-1
-1
-1
-1
-1
-1
-1
-1
-1
-1
-1
-1
-1
-1
-1
-1
-1
-1
-1
-1
-1
-1
-1
-1
-1
-1
-1
-1
-1
-1
-1
-1
-1
-1
-1
-1
-1
-1
-1
-1
-1
-1
-1
-1
-1
-1
-1
-1
-1
-1
-1
-1
-1
-1
-1
-1
-1
-1
-1
-1
-1
-1
-1
-1
-1
-1
-1
-1
-1
-1
-1
-1
-1
-1
-1
-1
-1
-1
-1
-1
-1
-1
-1
-1
-1
-1
-1
-1
-1
-1
-1
-1
-1
-1
-1
-1
-1
-1
-1
-1
-1
-1
-1
-1
-1
-1
-1
-1
-1
-1
-1
-1
-1
-1
-1
-1
-1
-1
-1
-1
-1
-1
-1
-1
-1
-1
-1
-1
-1
-1
-1
-1
-1
-1
-1
-1
-1
-1
-1
-1
-1
-1
-1
-1
-1
-1
-1
-1
-1
-1
-1
-1
-1
-1
-1
-1
-1
-1
-1
-1
-1
-1
-1
-1
-1
-1
-1
-1
-1
-1
-1
-1
-1
-1
-1
-1
-1
-1
-1
-1
-1
-1
-1
-1
-1
-1
-1
-1
-1
-1
-1
-1
-1
-1
-1
-1
-1
-1
-1
-1
-1
-1
-1
-1
-1
-1
-1
-1
-1
-1
-1
-1
-1
-1
-1
-1
-1
-1
-1
-1
-1
-1
-1
-1
-1
-1
-1
-1
-1
-1
-1
-1
-1
-1
-1
-1
-1
-1
-1
-1
-1
-1
-1
-1
-1
-1
-1
-1
-1
-1
-1
-1
-1
-1
-1
-1
-1
-1
-1
-1
-1
-1
-1
-1
-1
-1
-1
-1
-1
-1
-1
-1
-1
-1
-1
-1
-1
-1
-1
-1
-1
-1
-1
-1
-1
-1
-1
-1
-1
-1
-1
-1
-1
-1
-1
-1
-1
-1
-1
-1
-1
-1
-1
-1
-1
-1
-1
-1
-1
-1
-1
-1
-1
-1
-1
-1
-1
-1
-1
-1
-1
-1
-1
-1
-1
-1
-1
-1
-1
-1
-1
-1
-1
-1
-1
-1
-1
-1
-1
-1
-1
-1
-1
-1
-1
-1
-1
-1
-1
-1
-1
-1
-1
-1
-1
-1
-1
-1
-1
-1
-1
-1
-1
-1
-1
-1
-1
-1
-1
-1
-1
-1
-1
-1
-1
-1
-1
-1
-1
-1
-1
-1
-1
-1
-1
-1
-1
-1
-1
-1
-1
-1
-1
-1
-1
-1
-1
-1
-1
-1
-1
-1
-1
-1
-1
-1
-1
-1
-1
-1
-1
-1
-1
-1
-1
-1
-1
-1
-1
-1
-1
-1
-1
-1
-1
-1
-1
-1
-1
-1
-1
-1
-1
-1
-1
-1
-1
-1
-1
-1
-1
-1
-1
-1
-1
-1
-1
-1
-1
-1
-1
-1
-1
-1
-1
-1
-1
-1
-1
-1
-1
-1
-1
-1
-1
-1
-1
-1
-1
-1
-1
-1
-1
-1
-1
-1
-1
-1
-1
-1
-1
-1
-1
-1
-1
-1
-1
-1
-1
-1
-1
-1
-1
-1
-1
-1
-1
-1
-1
-1
-1
-1
-1
-1
-1
-1
-1
-1
-1
-1
-1
-1
-1
-1
-1
-1
-1
-1
-1
-1
-1
-1
-1
-1
-1
-1
-1
-1
-1
-1
-1
-1
-1
-1
-1
-1
-1
-1
-1
-1
-1
-1
-1
-1
-1
-1
-1
-1
-1
-1
-1
-1
-1
-1
-1
-1
-1
-1
-1
-1
-1
-1
-1
-1
-1
-1
-1
-1
-1
-1
-1
-1
-1
-1
-1
-1
-1
-1
-1
-1
-1
-1
-1
-1
-1
-1
-1
-1
-1
-1
-1
-1
-1
-1
-1
-1
-1
-1
-1
-1
-1
-1
-1
-1
-1
-1
-1
-1
-1
-1
-1
-1
-1
-1
-1
-1
-1
-1
-1
-1
-1
-1
-1
-1
-1
-1
-1
-1
-1
-1
-1
-1
-1
-1
-1
-1
-1
-1
-1
-1
-1
-1
-1
-1
-1
-1
-1
-1
-1
-1
-1
-1
-1
-1
-1
-1
-1
-1
-1
-1
-1
-1
-1
-1
-1
-1
-1
-1
-1
-1
-1
-1
-1
-1
-1
-1
-1
-1
-1
-1
-1
-1
-1
-1
-1
-1
-1
-1
-1
-1
-1
-1
-1
-1
-1
-1
-1
-1
-1
-1
-1
-1
-1
-1
-1
-1
-1
-1
-1
-1
-1
-1
-1
-1
-1
-1
-1
-1
-1
-1
-1
-1
-1
-1
-1
-1
-1
-1
-1
-1
-1
-1
-1
-1
-1
-1
-1
-1
-1
-1
-1
-1
-1
-1
-1
-1
-1
-1
-1
-1
-1
-1
-1
-1
-1
-1
-1
-1
-1
-1
-1
-1
-1
-1
-1
-1
-1
-1
-1
-1
-1
-1
-1
-1
-1
-1
-1
-1
-1
-1
-1
-1
-1
-1
-1
-1
-1
-1
-1
-1
-1
-1
-1
-1
-1
-1
-1
-1
-1
-1
-1
-1
-1
-1
-1
-1
-1
-1
-1
-1
-1
-1
-1
-1
-1
-1
-1
-1
-1
-1
-1
-1
-1
-1
-1
-1
-1
-1
-1
-1
-1
-1
-1
-1
-1
-1
-1
-1
-1
-1
-1
-1
-1
-1
-1
-1
-1
-1
-1
-1
-1
-1
-1
-1
-1
-1
-1
-1
-1
-1
-1
-1
-1
-1
-1
-1
-1
-1
-1
-1
-1
-1
-1
-1
-1
-1
-1
-1
-1
-1
-1
-1
-1
-1
-1
-1
-1
-1
-1
-1
-1
-1
-1
-1
-1
-1
-1
-1
-1
-1
-1
-1
-1
-1
-1
-1
-1
-1
-1
-1
-1
-1
-1
-1
-1
-1
-1
-1
-1
-1
-1
-1
-1
-1
-1
-1
-1
-1
-1
-1
-1
-1
-1
-1
-1
-1
-1
-1
-1
-1
-1
-1
-1
-1
-1
-1
-1
-1
-1
-1
-1
-1
-1
-1
-1
-1
-1
-1
-1
-1
-1
-1
-1
-1
-1
-1
-1
-1
-1
-1
-1
-1
-1
-1
-1
-1
-1
-1
-1
-1
-1
-1
-1
-1
-1
-1
-1
-1
-1
-1
-1
-1
-1
-1
-1
-1
-1
-1
-1
-1
-1
-1
-1
-1
-1
-1
-1
-1
-1
-1
-1
-1
-1
-1
-1
-1
-1
-1
-1
-1
-1
-1
-1
-1
-1
-1
-1
-1
-1
-1
-1
-1
-1
-1
-1
-1
-1
-1
-1
-1
-1
-1
-1
-1
-1
-1
-1
-1
-1
-1
-1
-1
-1
-1
-1
-1
-1
-1
-1
-1
-1
-1
-1
-1
-1
-1
-1
-1
-1
-1
-1
-1
-1
-1
-1
-1
-1
-1
-1
-1
-1
-1
-1
-1
-1
-1
-1
-1
-1
-1
-1
-1
-1
-1
-1
-1
-1
-1
-1
-1
-1
-1
-1
-1
-1
-1
-1
-1
-1
-1
-1
-1
-1
-1
-1
-1
-1
-1
-1
-1
-1
-1
-1
-1
-1
-1
-1
-1
-1
-1
-1
-1
-1
-1
-1
-1
-1
-1
-1
-1
-1
-1
-1
-1
-1
-1
-1
-1
-1
-1
-1
-1
-1
-1
-1
-1
-1
-1
-1
-1
-1
-1
-1
-1
-1
-1
-1
-1
-1
-1
-1
-1
-1
-1
-1
-1
-1
-1
-1
-1
-1
-1
-1
-1
-1
-1
-1
-1
-1
-1
-1
-1
-1
-1
-1
-1
-1
-1
-1
-1
-1
-1
-1
-1
-1
-1
-1
-1
-1
-1
-1
-1
-1
-1
-1
-1
-1
-1
-1
-1
-1
-1
-1
-1
-1
-1
-1
-1
-1
-1
-1
-1
-1
-1
-1
-1
-1
-1
-1
-1
-1
-1
-1
-1
-1
-1
-1
-1
-1
-1
-1
-1
-1
-1
-1
-1
-1
-1
-1
-1
-1
-1
-1
-1
-1
-1
-1
-1
-1
-1
-1
-1
-1
-1
-1
-1
-1
-1
-1
-1
-1
-1
-1
-1
-1
-1
-1
-1
-1
-1
-1
-1
-1
-1
-1
-1
-1
-1
-1
-1
-1
-1
-1
-1
-1
-1
-1
-1
-1
-1
-1
-1
-1
-1
-1
-1
-1
-1
-1
-1
-1
-1
-1
-1
-1
-1
-1
-1
-1
-1
-1
-1
-1
-1
-1
-1
-1
-1
-1
-1
-1
-1
-1
-1
-1
-1
-1
-1
-1
-1
-1
-1
-1
-1
-1
-1
-1
-1
-1
-1
-1
-1
-1
-1
-1
-1
-1
-1
-1
-1
-1
-1
-1
-1
-1
-1
-1
-1
-1
-1
-1
-1
-1
-1
-1
-1
-1
-1
-1
-1
-1
-1
-1
-1
-1
-1
-1
-1
-1
-1
-1
-1
-1
-1
-1
-1
-1
-1
-1
-1
-1
-1
-1
-1
-1
-1
-1
-1
-1
-1
-1
-1
-1
-1
-1
-1
-1
-1
-1
-1
-1
-1
-1
-1
-1
-1
-1
-1
-1
-1
-1
-1
-1
-1
-1
-1
-1
-1
-1
-1
-1
-1
-1
-1
-1
-1
-1
-1
-1
-1
-1
-1
-1
-1
-1
-1
-1
-1
-1
-1
-1
-1
-1
-1
-1
-1
-1
-1
-1
-1
-1
-1
-1
-1
-1
-1
-1
-1
-1
-1
-1
-1
-1
-1
-1
-1
-1
-1
-1
-1
-1
-1
-1
-1
-1
-1
-1
-1
-1
-1
-1
-1
-1
-1
-1
-1
-1
-1
-1
-1
-1
-1
-1
-1
-1
-1
-1
-1
-1
-1
-1
-1
-1
-1
-1
-1
-1
-1
-1
-1
-1
-1
-1
-1
-1
-1
-1
-1
-1
-1
-1
-1
-1
-1
-1
-1
-1
-1
-1
-1
-1
-1
-1
-1
-1
-1
-1
-1
-1
-1
-1
-1
-1
-1
-1
-1
-1
-1
-1
-1
-1
-1
-1
-1
-1
-1
-1
-1
-1
-1
-1
-1
-1
-1
-1
-1
-1
-1
-1
-1
-1
-1
-1
-1
-1
-1
-1
-1
-1
-1
-1
-1
-1
-1
-1
-1
-1
-1
-1
-1
-1
-1
-1
-1
-1
-1
-1
-1
-1
-1
-1
-1
-1
-1
-1
-1
-1
-1
-1
-1
-1
-1
-1
-1
-1
-1
-1
-1
-1
-1
-1
-1
-1
-1
-1
-1
-1
-1
-1
-1
-1
-1
-1
-1
-1
-1
-1
-1
-1
-1
-1
-1
-1
-1
-1
-1
-1
-1
-1
-1
-1
-1
-1
-1
-1
-1
-1
-1
-1
-1
-1
-1
-1
-1
-1
-1
-1
-1
-1
-1
-1
-1
-1
-1
-1
-1
-1
-1
-1
-1
-1
-1
-1
-1
-1
-1
-1
-1
-1
-1
-1
-1
-1
-1
-1
-1
-1
-1
-1
-1
-1
-1
-1
-1
-1
-1
-1
)


// ************************************************************************* //
