/*--------------------------------*- C++ -*----------------------------------*\
| =========                 |                                                 |
| \\      /  F ield         | foam-extend: Open Source CFD                    |
|  \\    /   O peration     | Version:     4.1                                |
|   \\  /    A nd           | Web:         http://www.foam-extend.org         |
|    \\/     M anipulation  |                                                 |
\*---------------------------------------------------------------------------*/
FoamFile
{
    version     2.0;
    format      ascii;
    class       vectorField;
    location    "constant/polyMesh";
    object      points;
}
// * * * * * * * * * * * * * * * * * * * * * * * * * * * * * * * * * * * * * //


32571
(
(0 0 0.062)
(0.00025 0 0.062)
(0.0005 0 0.062)
(0.00075 0 0.062)
(0.001 0 0.062)
(0.00125 0 0.062)
(0.0015 0 0.062)
(0.00175 0 0.062)
(0.002 0 0.062)
(0.00225 0 0.062)
(0.0025 0 0.062)
(0.00275 0 0.062)
(0.003 0 0.062)
(0.00325 0 0.062)
(0.0035 0 0.062)
(0.00375 0 0.062)
(0.004 0 0.062)
(0.00425 0 0.062)
(0.0045 0 0.062)
(0.00475 0 0.062)
(0.005 0 0.062)
(0.00525 0 0.062)
(0.0055 0 0.062)
(0.00575 0 0.062)
(0.006 0 0.062)
(0.00625 0 0.062)
(0.0065 0 0.062)
(0.00675 0 0.062)
(0.007 0 0.062)
(0.00725 0 0.062)
(0.0075 0 0.062)
(0.00775 0 0.062)
(0.008 0 0.062)
(0.00825 0 0.062)
(0.0085 0 0.062)
(0.00875 0 0.062)
(0.009 0 0.062)
(0.00925 0 0.062)
(0.0095 0 0.062)
(0.00975 0 0.062)
(0.01 0 0.062)
(0.01025 0 0.062)
(0.0105 0 0.062)
(0.01075 0 0.062)
(0.011 0 0.062)
(0.01125 0 0.062)
(0.0115 0 0.062)
(0.01175 0 0.062)
(0.012 0 0.062)
(0.01225 0 0.062)
(0.0125 0 0.062)
(0.01275 0 0.062)
(0.013 0 0.062)
(0.01325 0 0.062)
(0.0135 0 0.062)
(0.01375 0 0.062)
(0.014 0 0.062)
(0.01425 0 0.062)
(0.0145 0 0.062)
(0.01475 0 0.062)
(0.015 0 0.062)
(0.01525 0 0.062)
(0.0155 0 0.062)
(0.01575 0 0.062)
(0.016 0 0.062)
(0.01625 0 0.062)
(0.0165 0 0.062)
(0.01675 0 0.062)
(0.017 0 0.062)
(0.01725 0 0.062)
(0.0175 0 0.062)
(0.01775 0 0.062)
(0.018 0 0.062)
(0.01825 0 0.062)
(0.0185 0 0.062)
(0.01875 0 0.062)
(0.019 0 0.062)
(0.01925 0 0.062)
(0.0195 0 0.062)
(0.01975 0 0.062)
(0.02 0 0.062)
(0.02025 0 0.062)
(0.0205 0 0.062)
(0.02075 0 0.062)
(0.021 0 0.062)
(0.02125 0 0.062)
(0.0215 0 0.062)
(0.02175 0 0.062)
(0.022 0 0.062)
(0.02225 0 0.062)
(0.0225 0 0.062)
(0.02275 0 0.062)
(0.023 0 0.062)
(0.02325 0 0.062)
(0.0235 0 0.062)
(0.02375 0 0.062)
(0.024 0 0.062)
(0.02425 0 0.062)
(0.0245 0 0.062)
(0.02475 0 0.062)
(0.025 0 0.062)
(0.02525 0 0.062)
(0.0255 0 0.062)
(0.02575 0 0.062)
(0.026 0 0.062)
(0.02625 0 0.062)
(0.0265 0 0.062)
(0.02675 0 0.062)
(0.027 0 0.062)
(0.02725 0 0.062)
(0.0275 0 0.062)
(0.02775 0 0.062)
(0.028 0 0.062)
(0.02825 0 0.062)
(0.0285 0 0.062)
(0.02875 0 0.062)
(0.029 0 0.062)
(0.02925 0 0.062)
(0.0295 0 0.062)
(0.02975 0 0.062)
(0.03 0 0.062)
(0.03025 0 0.062)
(0.0305 0 0.062)
(0.03075 0 0.062)
(0.031 0 0.062)
(0.03125 0 0.062)
(0.0315 0 0.062)
(0.03175 0 0.062)
(0.032 0 0.062)
(0.03225 0 0.062)
(0.0325 0 0.062)
(0.03275 0 0.062)
(0.033 0 0.062)
(0.03325 0 0.062)
(0.0335 0 0.062)
(0.03375 0 0.062)
(0.034 0 0.062)
(0.03425 0 0.062)
(0.0345 0 0.062)
(0.03475 0 0.062)
(0.035 0 0.062)
(0 0.00025 0.062)
(0.00025 0.00025 0.062)
(0.0005 0.00025 0.062)
(0.00075 0.00025 0.062)
(0.001 0.00025 0.062)
(0.00125 0.00025 0.062)
(0.0015 0.00025 0.062)
(0.00175 0.00025 0.062)
(0.002 0.00025 0.062)
(0.00225 0.00025 0.062)
(0.0025 0.00025 0.062)
(0.00275 0.00025 0.062)
(0.003 0.00025 0.062)
(0.00325 0.00025 0.062)
(0.0035 0.00025 0.062)
(0.00375 0.00025 0.062)
(0.004 0.00025 0.062)
(0.00425 0.00025 0.062)
(0.0045 0.00025 0.062)
(0.00475 0.00025 0.062)
(0.005 0.00025 0.062)
(0.00525 0.00025 0.062)
(0.0055 0.00025 0.062)
(0.00575 0.00025 0.062)
(0.006 0.00025 0.062)
(0.00625 0.00025 0.062)
(0.0065 0.00025 0.062)
(0.00675 0.00025 0.062)
(0.007 0.00025 0.062)
(0.00725 0.00025 0.062)
(0.0075 0.00025 0.062)
(0.00775 0.00025 0.062)
(0.008 0.00025 0.062)
(0.00825 0.00025 0.062)
(0.0085 0.00025 0.062)
(0.00875 0.00025 0.062)
(0.009 0.00025 0.062)
(0.00925 0.00025 0.062)
(0.0095 0.00025 0.062)
(0.00975 0.00025 0.062)
(0.01 0.00025 0.062)
(0.01025 0.00025 0.062)
(0.0105 0.00025 0.062)
(0.01075 0.00025 0.062)
(0.011 0.00025 0.062)
(0.01125 0.00025 0.062)
(0.0115 0.00025 0.062)
(0.01175 0.00025 0.062)
(0.012 0.00025 0.062)
(0.01225 0.00025 0.062)
(0.0125 0.00025 0.062)
(0.01275 0.00025 0.062)
(0.013 0.00025 0.062)
(0.01325 0.00025 0.062)
(0.0135 0.00025 0.062)
(0.01375 0.00025 0.062)
(0.014 0.00025 0.062)
(0.01425 0.00025 0.062)
(0.0145 0.00025 0.062)
(0.01475 0.00025 0.062)
(0.015 0.00025 0.062)
(0.01525 0.00025 0.062)
(0.0155 0.00025 0.062)
(0.01575 0.00025 0.062)
(0.016 0.00025 0.062)
(0.01625 0.00025 0.062)
(0.0165 0.00025 0.062)
(0.01675 0.00025 0.062)
(0.017 0.00025 0.062)
(0.01725 0.00025 0.062)
(0.0175 0.00025 0.062)
(0.01775 0.00025 0.062)
(0.018 0.00025 0.062)
(0.01825 0.00025 0.062)
(0.0185 0.00025 0.062)
(0.01875 0.00025 0.062)
(0.019 0.00025 0.062)
(0.01925 0.00025 0.062)
(0.0195 0.00025 0.062)
(0.01975 0.00025 0.062)
(0.02 0.00025 0.062)
(0.02025 0.00025 0.062)
(0.0205 0.00025 0.062)
(0.02075 0.00025 0.062)
(0.021 0.00025 0.062)
(0.02125 0.00025 0.062)
(0.0215 0.00025 0.062)
(0.02175 0.00025 0.062)
(0.022 0.00025 0.062)
(0.02225 0.00025 0.062)
(0.0225 0.00025 0.062)
(0.02275 0.00025 0.062)
(0.023 0.00025 0.062)
(0.02325 0.00025 0.062)
(0.0235 0.00025 0.062)
(0.02375 0.00025 0.062)
(0.024 0.00025 0.062)
(0.02425 0.00025 0.062)
(0.0245 0.00025 0.062)
(0.02475 0.00025 0.062)
(0.025 0.00025 0.062)
(0.02525 0.00025 0.062)
(0.0255 0.00025 0.062)
(0.02575 0.00025 0.062)
(0.026 0.00025 0.062)
(0.02625 0.00025 0.062)
(0.0265 0.00025 0.062)
(0.02675 0.00025 0.062)
(0.027 0.00025 0.062)
(0.02725 0.00025 0.062)
(0.0275 0.00025 0.062)
(0.02775 0.00025 0.062)
(0.028 0.00025 0.062)
(0.02825 0.00025 0.062)
(0.0285 0.00025 0.062)
(0.02875 0.00025 0.062)
(0.029 0.00025 0.062)
(0.02925 0.00025 0.062)
(0.0295 0.00025 0.062)
(0.02975 0.00025 0.062)
(0.03 0.00025 0.062)
(0.03025 0.00025 0.062)
(0.0305 0.00025 0.062)
(0.03075 0.00025 0.062)
(0.031 0.00025 0.062)
(0.03125 0.00025 0.062)
(0.0315 0.00025 0.062)
(0.03175 0.00025 0.062)
(0.032 0.00025 0.062)
(0.03225 0.00025 0.062)
(0.0325 0.00025 0.062)
(0.03275 0.00025 0.062)
(0.033 0.00025 0.062)
(0.03325 0.00025 0.062)
(0.0335 0.00025 0.062)
(0.03375 0.00025 0.062)
(0.034 0.00025 0.062)
(0.03425 0.00025 0.062)
(0.0345 0.00025 0.062)
(0.03475 0.00025 0.062)
(0.035 0.00025 0.062)
(0 0.0005 0.062)
(0.00025 0.0005 0.062)
(0.0005 0.0005 0.062)
(0.00075 0.0005 0.062)
(0.001 0.0005 0.062)
(0.00125 0.0005 0.062)
(0.0015 0.0005 0.062)
(0.00175 0.0005 0.062)
(0.002 0.0005 0.062)
(0.00225 0.0005 0.062)
(0.0025 0.0005 0.062)
(0.00275 0.0005 0.062)
(0.003 0.0005 0.062)
(0.00325 0.0005 0.062)
(0.0035 0.0005 0.062)
(0.00375 0.0005 0.062)
(0.004 0.0005 0.062)
(0.00425 0.0005 0.062)
(0.0045 0.0005 0.062)
(0.00475 0.0005 0.062)
(0.005 0.0005 0.062)
(0.00525 0.0005 0.062)
(0.0055 0.0005 0.062)
(0.00575 0.0005 0.062)
(0.006 0.0005 0.062)
(0.00625 0.0005 0.062)
(0.0065 0.0005 0.062)
(0.00675 0.0005 0.062)
(0.007 0.0005 0.062)
(0.00725 0.0005 0.062)
(0.0075 0.0005 0.062)
(0.00775 0.0005 0.062)
(0.008 0.0005 0.062)
(0.00825 0.0005 0.062)
(0.0085 0.0005 0.062)
(0.00875 0.0005 0.062)
(0.009 0.0005 0.062)
(0.00925 0.0005 0.062)
(0.0095 0.0005 0.062)
(0.00975 0.0005 0.062)
(0.01 0.0005 0.062)
(0.01025 0.0005 0.062)
(0.0105 0.0005 0.062)
(0.01075 0.0005 0.062)
(0.011 0.0005 0.062)
(0.01125 0.0005 0.062)
(0.0115 0.0005 0.062)
(0.01175 0.0005 0.062)
(0.012 0.0005 0.062)
(0.01225 0.0005 0.062)
(0.0125 0.0005 0.062)
(0.01275 0.0005 0.062)
(0.013 0.0005 0.062)
(0.01325 0.0005 0.062)
(0.0135 0.0005 0.062)
(0.01375 0.0005 0.062)
(0.014 0.0005 0.062)
(0.01425 0.0005 0.062)
(0.0145 0.0005 0.062)
(0.01475 0.0005 0.062)
(0.015 0.0005 0.062)
(0.01525 0.0005 0.062)
(0.0155 0.0005 0.062)
(0.01575 0.0005 0.062)
(0.016 0.0005 0.062)
(0.01625 0.0005 0.062)
(0.0165 0.0005 0.062)
(0.01675 0.0005 0.062)
(0.017 0.0005 0.062)
(0.01725 0.0005 0.062)
(0.0175 0.0005 0.062)
(0.01775 0.0005 0.062)
(0.018 0.0005 0.062)
(0.01825 0.0005 0.062)
(0.0185 0.0005 0.062)
(0.01875 0.0005 0.062)
(0.019 0.0005 0.062)
(0.01925 0.0005 0.062)
(0.0195 0.0005 0.062)
(0.01975 0.0005 0.062)
(0.02 0.0005 0.062)
(0.02025 0.0005 0.062)
(0.0205 0.0005 0.062)
(0.02075 0.0005 0.062)
(0.021 0.0005 0.062)
(0.02125 0.0005 0.062)
(0.0215 0.0005 0.062)
(0.02175 0.0005 0.062)
(0.022 0.0005 0.062)
(0.02225 0.0005 0.062)
(0.0225 0.0005 0.062)
(0.02275 0.0005 0.062)
(0.023 0.0005 0.062)
(0.02325 0.0005 0.062)
(0.0235 0.0005 0.062)
(0.02375 0.0005 0.062)
(0.024 0.0005 0.062)
(0.02425 0.0005 0.062)
(0.0245 0.0005 0.062)
(0.02475 0.0005 0.062)
(0.025 0.0005 0.062)
(0.02525 0.0005 0.062)
(0.0255 0.0005 0.062)
(0.02575 0.0005 0.062)
(0.026 0.0005 0.062)
(0.02625 0.0005 0.062)
(0.0265 0.0005 0.062)
(0.02675 0.0005 0.062)
(0.027 0.0005 0.062)
(0.02725 0.0005 0.062)
(0.0275 0.0005 0.062)
(0.02775 0.0005 0.062)
(0.028 0.0005 0.062)
(0.02825 0.0005 0.062)
(0.0285 0.0005 0.062)
(0.02875 0.0005 0.062)
(0.029 0.0005 0.062)
(0.02925 0.0005 0.062)
(0.0295 0.0005 0.062)
(0.02975 0.0005 0.062)
(0.03 0.0005 0.062)
(0.03025 0.0005 0.062)
(0.0305 0.0005 0.062)
(0.03075 0.0005 0.062)
(0.031 0.0005 0.062)
(0.03125 0.0005 0.062)
(0.0315 0.0005 0.062)
(0.03175 0.0005 0.062)
(0.032 0.0005 0.062)
(0.03225 0.0005 0.062)
(0.0325 0.0005 0.062)
(0.03275 0.0005 0.062)
(0.033 0.0005 0.062)
(0.03325 0.0005 0.062)
(0.0335 0.0005 0.062)
(0.03375 0.0005 0.062)
(0.034 0.0005 0.062)
(0.03425 0.0005 0.062)
(0.0345 0.0005 0.062)
(0.03475 0.0005 0.062)
(0.035 0.0005 0.062)
(0 0.00075 0.062)
(0.00025 0.00075 0.062)
(0.0005 0.00075 0.062)
(0.00075 0.00075 0.062)
(0.001 0.00075 0.062)
(0.00125 0.00075 0.062)
(0.0015 0.00075 0.062)
(0.00175 0.00075 0.062)
(0.002 0.00075 0.062)
(0.00225 0.00075 0.062)
(0.0025 0.00075 0.062)
(0.00275 0.00075 0.062)
(0.003 0.00075 0.062)
(0.00325 0.00075 0.062)
(0.0035 0.00075 0.062)
(0.00375 0.00075 0.062)
(0.004 0.00075 0.062)
(0.00425 0.00075 0.062)
(0.0045 0.00075 0.062)
(0.00475 0.00075 0.062)
(0.005 0.00075 0.062)
(0.00525 0.00075 0.062)
(0.0055 0.00075 0.062)
(0.00575 0.00075 0.062)
(0.006 0.00075 0.062)
(0.00625 0.00075 0.062)
(0.0065 0.00075 0.062)
(0.00675 0.00075 0.062)
(0.007 0.00075 0.062)
(0.00725 0.00075 0.062)
(0.0075 0.00075 0.062)
(0.00775 0.00075 0.062)
(0.008 0.00075 0.062)
(0.00825 0.00075 0.062)
(0.0085 0.00075 0.062)
(0.00875 0.00075 0.062)
(0.009 0.00075 0.062)
(0.00925 0.00075 0.062)
(0.0095 0.00075 0.062)
(0.00975 0.00075 0.062)
(0.01 0.00075 0.062)
(0.01025 0.00075 0.062)
(0.0105 0.00075 0.062)
(0.01075 0.00075 0.062)
(0.011 0.00075 0.062)
(0.01125 0.00075 0.062)
(0.0115 0.00075 0.062)
(0.01175 0.00075 0.062)
(0.012 0.00075 0.062)
(0.01225 0.00075 0.062)
(0.0125 0.00075 0.062)
(0.01275 0.00075 0.062)
(0.013 0.00075 0.062)
(0.01325 0.00075 0.062)
(0.0135 0.00075 0.062)
(0.01375 0.00075 0.062)
(0.014 0.00075 0.062)
(0.01425 0.00075 0.062)
(0.0145 0.00075 0.062)
(0.01475 0.00075 0.062)
(0.015 0.00075 0.062)
(0.01525 0.00075 0.062)
(0.0155 0.00075 0.062)
(0.01575 0.00075 0.062)
(0.016 0.00075 0.062)
(0.01625 0.00075 0.062)
(0.0165 0.00075 0.062)
(0.01675 0.00075 0.062)
(0.017 0.00075 0.062)
(0.01725 0.00075 0.062)
(0.0175 0.00075 0.062)
(0.01775 0.00075 0.062)
(0.018 0.00075 0.062)
(0.01825 0.00075 0.062)
(0.0185 0.00075 0.062)
(0.01875 0.00075 0.062)
(0.019 0.00075 0.062)
(0.01925 0.00075 0.062)
(0.0195 0.00075 0.062)
(0.01975 0.00075 0.062)
(0.02 0.00075 0.062)
(0.02025 0.00075 0.062)
(0.0205 0.00075 0.062)
(0.02075 0.00075 0.062)
(0.021 0.00075 0.062)
(0.02125 0.00075 0.062)
(0.0215 0.00075 0.062)
(0.02175 0.00075 0.062)
(0.022 0.00075 0.062)
(0.02225 0.00075 0.062)
(0.0225 0.00075 0.062)
(0.02275 0.00075 0.062)
(0.023 0.00075 0.062)
(0.02325 0.00075 0.062)
(0.0235 0.00075 0.062)
(0.02375 0.00075 0.062)
(0.024 0.00075 0.062)
(0.02425 0.00075 0.062)
(0.0245 0.00075 0.062)
(0.02475 0.00075 0.062)
(0.025 0.00075 0.062)
(0.02525 0.00075 0.062)
(0.0255 0.00075 0.062)
(0.02575 0.00075 0.062)
(0.026 0.00075 0.062)
(0.02625 0.00075 0.062)
(0.0265 0.00075 0.062)
(0.02675 0.00075 0.062)
(0.027 0.00075 0.062)
(0.02725 0.00075 0.062)
(0.0275 0.00075 0.062)
(0.02775 0.00075 0.062)
(0.028 0.00075 0.062)
(0.02825 0.00075 0.062)
(0.0285 0.00075 0.062)
(0.02875 0.00075 0.062)
(0.029 0.00075 0.062)
(0.02925 0.00075 0.062)
(0.0295 0.00075 0.062)
(0.02975 0.00075 0.062)
(0.03 0.00075 0.062)
(0.03025 0.00075 0.062)
(0.0305 0.00075 0.062)
(0.03075 0.00075 0.062)
(0.031 0.00075 0.062)
(0.03125 0.00075 0.062)
(0.0315 0.00075 0.062)
(0.03175 0.00075 0.062)
(0.032 0.00075 0.062)
(0.03225 0.00075 0.062)
(0.0325 0.00075 0.062)
(0.03275 0.00075 0.062)
(0.033 0.00075 0.062)
(0.03325 0.00075 0.062)
(0.0335 0.00075 0.062)
(0.03375 0.00075 0.062)
(0.034 0.00075 0.062)
(0.03425 0.00075 0.062)
(0.0345 0.00075 0.062)
(0.03475 0.00075 0.062)
(0.035 0.00075 0.062)
(0 0.001 0.062)
(0.00025 0.001 0.062)
(0.0005 0.001 0.062)
(0.00075 0.001 0.062)
(0.001 0.001 0.062)
(0.00125 0.001 0.062)
(0.0015 0.001 0.062)
(0.00175 0.001 0.062)
(0.002 0.001 0.062)
(0.00225 0.001 0.062)
(0.0025 0.001 0.062)
(0.00275 0.001 0.062)
(0.003 0.001 0.062)
(0.00325 0.001 0.062)
(0.0035 0.001 0.062)
(0.00375 0.001 0.062)
(0.004 0.001 0.062)
(0.00425 0.001 0.062)
(0.0045 0.001 0.062)
(0.00475 0.001 0.062)
(0.005 0.001 0.062)
(0.00525 0.001 0.062)
(0.0055 0.001 0.062)
(0.00575 0.001 0.062)
(0.006 0.001 0.062)
(0.00625 0.001 0.062)
(0.0065 0.001 0.062)
(0.00675 0.001 0.062)
(0.007 0.001 0.062)
(0.00725 0.001 0.062)
(0.0075 0.001 0.062)
(0.00775 0.001 0.062)
(0.008 0.001 0.062)
(0.00825 0.001 0.062)
(0.0085 0.001 0.062)
(0.00875 0.001 0.062)
(0.009 0.001 0.062)
(0.00925 0.001 0.062)
(0.0095 0.001 0.062)
(0.00975 0.001 0.062)
(0.01 0.001 0.062)
(0.01025 0.001 0.062)
(0.0105 0.001 0.062)
(0.01075 0.001 0.062)
(0.011 0.001 0.062)
(0.01125 0.001 0.062)
(0.0115 0.001 0.062)
(0.01175 0.001 0.062)
(0.012 0.001 0.062)
(0.01225 0.001 0.062)
(0.0125 0.001 0.062)
(0.01275 0.001 0.062)
(0.013 0.001 0.062)
(0.01325 0.001 0.062)
(0.0135 0.001 0.062)
(0.01375 0.001 0.062)
(0.014 0.001 0.062)
(0.01425 0.001 0.062)
(0.0145 0.001 0.062)
(0.01475 0.001 0.062)
(0.015 0.001 0.062)
(0.01525 0.001 0.062)
(0.0155 0.001 0.062)
(0.01575 0.001 0.062)
(0.016 0.001 0.062)
(0.01625 0.001 0.062)
(0.0165 0.001 0.062)
(0.01675 0.001 0.062)
(0.017 0.001 0.062)
(0.01725 0.001 0.062)
(0.0175 0.001 0.062)
(0.01775 0.001 0.062)
(0.018 0.001 0.062)
(0.01825 0.001 0.062)
(0.0185 0.001 0.062)
(0.01875 0.001 0.062)
(0.019 0.001 0.062)
(0.01925 0.001 0.062)
(0.0195 0.001 0.062)
(0.01975 0.001 0.062)
(0.02 0.001 0.062)
(0.02025 0.001 0.062)
(0.0205 0.001 0.062)
(0.02075 0.001 0.062)
(0.021 0.001 0.062)
(0.02125 0.001 0.062)
(0.0215 0.001 0.062)
(0.02175 0.001 0.062)
(0.022 0.001 0.062)
(0.02225 0.001 0.062)
(0.0225 0.001 0.062)
(0.02275 0.001 0.062)
(0.023 0.001 0.062)
(0.02325 0.001 0.062)
(0.0235 0.001 0.062)
(0.02375 0.001 0.062)
(0.024 0.001 0.062)
(0.02425 0.001 0.062)
(0.0245 0.001 0.062)
(0.02475 0.001 0.062)
(0.025 0.001 0.062)
(0.02525 0.001 0.062)
(0.0255 0.001 0.062)
(0.02575 0.001 0.062)
(0.026 0.001 0.062)
(0.02625 0.001 0.062)
(0.0265 0.001 0.062)
(0.02675 0.001 0.062)
(0.027 0.001 0.062)
(0.02725 0.001 0.062)
(0.0275 0.001 0.062)
(0.02775 0.001 0.062)
(0.028 0.001 0.062)
(0.02825 0.001 0.062)
(0.0285 0.001 0.062)
(0.02875 0.001 0.062)
(0.029 0.001 0.062)
(0.02925 0.001 0.062)
(0.0295 0.001 0.062)
(0.02975 0.001 0.062)
(0.03 0.001 0.062)
(0.03025 0.001 0.062)
(0.0305 0.001 0.062)
(0.03075 0.001 0.062)
(0.031 0.001 0.062)
(0.03125 0.001 0.062)
(0.0315 0.001 0.062)
(0.03175 0.001 0.062)
(0.032 0.001 0.062)
(0.03225 0.001 0.062)
(0.0325 0.001 0.062)
(0.03275 0.001 0.062)
(0.033 0.001 0.062)
(0.03325 0.001 0.062)
(0.0335 0.001 0.062)
(0.03375 0.001 0.062)
(0.034 0.001 0.062)
(0.03425 0.001 0.062)
(0.0345 0.001 0.062)
(0.03475 0.001 0.062)
(0.035 0.001 0.062)
(0 0.00125 0.062)
(0.00025 0.00125 0.062)
(0.0005 0.00125 0.062)
(0.00075 0.00125 0.062)
(0.001 0.00125 0.062)
(0.00125 0.00125 0.062)
(0.0015 0.00125 0.062)
(0.00175 0.00125 0.062)
(0.002 0.00125 0.062)
(0.00225 0.00125 0.062)
(0.0025 0.00125 0.062)
(0.00275 0.00125 0.062)
(0.003 0.00125 0.062)
(0.00325 0.00125 0.062)
(0.0035 0.00125 0.062)
(0.00375 0.00125 0.062)
(0.004 0.00125 0.062)
(0.00425 0.00125 0.062)
(0.0045 0.00125 0.062)
(0.00475 0.00125 0.062)
(0.005 0.00125 0.062)
(0.00525 0.00125 0.062)
(0.0055 0.00125 0.062)
(0.00575 0.00125 0.062)
(0.006 0.00125 0.062)
(0.00625 0.00125 0.062)
(0.0065 0.00125 0.062)
(0.00675 0.00125 0.062)
(0.007 0.00125 0.062)
(0.00725 0.00125 0.062)
(0.0075 0.00125 0.062)
(0.00775 0.00125 0.062)
(0.008 0.00125 0.062)
(0.00825 0.00125 0.062)
(0.0085 0.00125 0.062)
(0.00875 0.00125 0.062)
(0.009 0.00125 0.062)
(0.00925 0.00125 0.062)
(0.0095 0.00125 0.062)
(0.00975 0.00125 0.062)
(0.01 0.00125 0.062)
(0.01025 0.00125 0.062)
(0.0105 0.00125 0.062)
(0.01075 0.00125 0.062)
(0.011 0.00125 0.062)
(0.01125 0.00125 0.062)
(0.0115 0.00125 0.062)
(0.01175 0.00125 0.062)
(0.012 0.00125 0.062)
(0.01225 0.00125 0.062)
(0.0125 0.00125 0.062)
(0.01275 0.00125 0.062)
(0.013 0.00125 0.062)
(0.01325 0.00125 0.062)
(0.0135 0.00125 0.062)
(0.01375 0.00125 0.062)
(0.014 0.00125 0.062)
(0.01425 0.00125 0.062)
(0.0145 0.00125 0.062)
(0.01475 0.00125 0.062)
(0.015 0.00125 0.062)
(0.01525 0.00125 0.062)
(0.0155 0.00125 0.062)
(0.01575 0.00125 0.062)
(0.016 0.00125 0.062)
(0.01625 0.00125 0.062)
(0.0165 0.00125 0.062)
(0.01675 0.00125 0.062)
(0.017 0.00125 0.062)
(0.01725 0.00125 0.062)
(0.0175 0.00125 0.062)
(0.01775 0.00125 0.062)
(0.018 0.00125 0.062)
(0.01825 0.00125 0.062)
(0.0185 0.00125 0.062)
(0.01875 0.00125 0.062)
(0.019 0.00125 0.062)
(0.01925 0.00125 0.062)
(0.0195 0.00125 0.062)
(0.01975 0.00125 0.062)
(0.02 0.00125 0.062)
(0.02025 0.00125 0.062)
(0.0205 0.00125 0.062)
(0.02075 0.00125 0.062)
(0.021 0.00125 0.062)
(0.02125 0.00125 0.062)
(0.0215 0.00125 0.062)
(0.02175 0.00125 0.062)
(0.022 0.00125 0.062)
(0.02225 0.00125 0.062)
(0.0225 0.00125 0.062)
(0.02275 0.00125 0.062)
(0.023 0.00125 0.062)
(0.02325 0.00125 0.062)
(0.0235 0.00125 0.062)
(0.02375 0.00125 0.062)
(0.024 0.00125 0.062)
(0.02425 0.00125 0.062)
(0.0245 0.00125 0.062)
(0.02475 0.00125 0.062)
(0.025 0.00125 0.062)
(0.02525 0.00125 0.062)
(0.0255 0.00125 0.062)
(0.02575 0.00125 0.062)
(0.026 0.00125 0.062)
(0.02625 0.00125 0.062)
(0.0265 0.00125 0.062)
(0.02675 0.00125 0.062)
(0.027 0.00125 0.062)
(0.02725 0.00125 0.062)
(0.0275 0.00125 0.062)
(0.02775 0.00125 0.062)
(0.028 0.00125 0.062)
(0.02825 0.00125 0.062)
(0.0285 0.00125 0.062)
(0.02875 0.00125 0.062)
(0.029 0.00125 0.062)
(0.02925 0.00125 0.062)
(0.0295 0.00125 0.062)
(0.02975 0.00125 0.062)
(0.03 0.00125 0.062)
(0.03025 0.00125 0.062)
(0.0305 0.00125 0.062)
(0.03075 0.00125 0.062)
(0.031 0.00125 0.062)
(0.03125 0.00125 0.062)
(0.0315 0.00125 0.062)
(0.03175 0.00125 0.062)
(0.032 0.00125 0.062)
(0.03225 0.00125 0.062)
(0.0325 0.00125 0.062)
(0.03275 0.00125 0.062)
(0.033 0.00125 0.062)
(0.03325 0.00125 0.062)
(0.0335 0.00125 0.062)
(0.03375 0.00125 0.062)
(0.034 0.00125 0.062)
(0.03425 0.00125 0.062)
(0.0345 0.00125 0.062)
(0.03475 0.00125 0.062)
(0.035 0.00125 0.062)
(0 0.0015 0.062)
(0.00025 0.0015 0.062)
(0.0005 0.0015 0.062)
(0.00075 0.0015 0.062)
(0.001 0.0015 0.062)
(0.00125 0.0015 0.062)
(0.0015 0.0015 0.062)
(0.00175 0.0015 0.062)
(0.002 0.0015 0.062)
(0.00225 0.0015 0.062)
(0.0025 0.0015 0.062)
(0.00275 0.0015 0.062)
(0.003 0.0015 0.062)
(0.00325 0.0015 0.062)
(0.0035 0.0015 0.062)
(0.00375 0.0015 0.062)
(0.004 0.0015 0.062)
(0.00425 0.0015 0.062)
(0.0045 0.0015 0.062)
(0.00475 0.0015 0.062)
(0.005 0.0015 0.062)
(0.00525 0.0015 0.062)
(0.0055 0.0015 0.062)
(0.00575 0.0015 0.062)
(0.006 0.0015 0.062)
(0.00625 0.0015 0.062)
(0.0065 0.0015 0.062)
(0.00675 0.0015 0.062)
(0.007 0.0015 0.062)
(0.00725 0.0015 0.062)
(0.0075 0.0015 0.062)
(0.00775 0.0015 0.062)
(0.008 0.0015 0.062)
(0.00825 0.0015 0.062)
(0.0085 0.0015 0.062)
(0.00875 0.0015 0.062)
(0.009 0.0015 0.062)
(0.00925 0.0015 0.062)
(0.0095 0.0015 0.062)
(0.00975 0.0015 0.062)
(0.01 0.0015 0.062)
(0.01025 0.0015 0.062)
(0.0105 0.0015 0.062)
(0.01075 0.0015 0.062)
(0.011 0.0015 0.062)
(0.01125 0.0015 0.062)
(0.0115 0.0015 0.062)
(0.01175 0.0015 0.062)
(0.012 0.0015 0.062)
(0.01225 0.0015 0.062)
(0.0125 0.0015 0.062)
(0.01275 0.0015 0.062)
(0.013 0.0015 0.062)
(0.01325 0.0015 0.062)
(0.0135 0.0015 0.062)
(0.01375 0.0015 0.062)
(0.014 0.0015 0.062)
(0.01425 0.0015 0.062)
(0.0145 0.0015 0.062)
(0.01475 0.0015 0.062)
(0.015 0.0015 0.062)
(0.01525 0.0015 0.062)
(0.0155 0.0015 0.062)
(0.01575 0.0015 0.062)
(0.016 0.0015 0.062)
(0.01625 0.0015 0.062)
(0.0165 0.0015 0.062)
(0.01675 0.0015 0.062)
(0.017 0.0015 0.062)
(0.01725 0.0015 0.062)
(0.0175 0.0015 0.062)
(0.01775 0.0015 0.062)
(0.018 0.0015 0.062)
(0.01825 0.0015 0.062)
(0.0185 0.0015 0.062)
(0.01875 0.0015 0.062)
(0.019 0.0015 0.062)
(0.01925 0.0015 0.062)
(0.0195 0.0015 0.062)
(0.01975 0.0015 0.062)
(0.02 0.0015 0.062)
(0.02025 0.0015 0.062)
(0.0205 0.0015 0.062)
(0.02075 0.0015 0.062)
(0.021 0.0015 0.062)
(0.02125 0.0015 0.062)
(0.0215 0.0015 0.062)
(0.02175 0.0015 0.062)
(0.022 0.0015 0.062)
(0.02225 0.0015 0.062)
(0.0225 0.0015 0.062)
(0.02275 0.0015 0.062)
(0.023 0.0015 0.062)
(0.02325 0.0015 0.062)
(0.0235 0.0015 0.062)
(0.02375 0.0015 0.062)
(0.024 0.0015 0.062)
(0.02425 0.0015 0.062)
(0.0245 0.0015 0.062)
(0.02475 0.0015 0.062)
(0.025 0.0015 0.062)
(0.02525 0.0015 0.062)
(0.0255 0.0015 0.062)
(0.02575 0.0015 0.062)
(0.026 0.0015 0.062)
(0.02625 0.0015 0.062)
(0.0265 0.0015 0.062)
(0.02675 0.0015 0.062)
(0.027 0.0015 0.062)
(0.02725 0.0015 0.062)
(0.0275 0.0015 0.062)
(0.02775 0.0015 0.062)
(0.028 0.0015 0.062)
(0.02825 0.0015 0.062)
(0.0285 0.0015 0.062)
(0.02875 0.0015 0.062)
(0.029 0.0015 0.062)
(0.02925 0.0015 0.062)
(0.0295 0.0015 0.062)
(0.02975 0.0015 0.062)
(0.03 0.0015 0.062)
(0.03025 0.0015 0.062)
(0.0305 0.0015 0.062)
(0.03075 0.0015 0.062)
(0.031 0.0015 0.062)
(0.03125 0.0015 0.062)
(0.0315 0.0015 0.062)
(0.03175 0.0015 0.062)
(0.032 0.0015 0.062)
(0.03225 0.0015 0.062)
(0.0325 0.0015 0.062)
(0.03275 0.0015 0.062)
(0.033 0.0015 0.062)
(0.03325 0.0015 0.062)
(0.0335 0.0015 0.062)
(0.03375 0.0015 0.062)
(0.034 0.0015 0.062)
(0.03425 0.0015 0.062)
(0.0345 0.0015 0.062)
(0.03475 0.0015 0.062)
(0.035 0.0015 0.062)
(0 0.00175 0.062)
(0.00025 0.00175 0.062)
(0.0005 0.00175 0.062)
(0.00075 0.00175 0.062)
(0.001 0.00175 0.062)
(0.00125 0.00175 0.062)
(0.0015 0.00175 0.062)
(0.00175 0.00175 0.062)
(0.002 0.00175 0.062)
(0.00225 0.00175 0.062)
(0.0025 0.00175 0.062)
(0.00275 0.00175 0.062)
(0.003 0.00175 0.062)
(0.00325 0.00175 0.062)
(0.0035 0.00175 0.062)
(0.00375 0.00175 0.062)
(0.004 0.00175 0.062)
(0.00425 0.00175 0.062)
(0.0045 0.00175 0.062)
(0.00475 0.00175 0.062)
(0.005 0.00175 0.062)
(0.00525 0.00175 0.062)
(0.0055 0.00175 0.062)
(0.00575 0.00175 0.062)
(0.006 0.00175 0.062)
(0.00625 0.00175 0.062)
(0.0065 0.00175 0.062)
(0.00675 0.00175 0.062)
(0.007 0.00175 0.062)
(0.00725 0.00175 0.062)
(0.0075 0.00175 0.062)
(0.00775 0.00175 0.062)
(0.008 0.00175 0.062)
(0.00825 0.00175 0.062)
(0.0085 0.00175 0.062)
(0.00875 0.00175 0.062)
(0.009 0.00175 0.062)
(0.00925 0.00175 0.062)
(0.0095 0.00175 0.062)
(0.00975 0.00175 0.062)
(0.01 0.00175 0.062)
(0.01025 0.00175 0.062)
(0.0105 0.00175 0.062)
(0.01075 0.00175 0.062)
(0.011 0.00175 0.062)
(0.01125 0.00175 0.062)
(0.0115 0.00175 0.062)
(0.01175 0.00175 0.062)
(0.012 0.00175 0.062)
(0.01225 0.00175 0.062)
(0.0125 0.00175 0.062)
(0.01275 0.00175 0.062)
(0.013 0.00175 0.062)
(0.01325 0.00175 0.062)
(0.0135 0.00175 0.062)
(0.01375 0.00175 0.062)
(0.014 0.00175 0.062)
(0.01425 0.00175 0.062)
(0.0145 0.00175 0.062)
(0.01475 0.00175 0.062)
(0.015 0.00175 0.062)
(0.01525 0.00175 0.062)
(0.0155 0.00175 0.062)
(0.01575 0.00175 0.062)
(0.016 0.00175 0.062)
(0.01625 0.00175 0.062)
(0.0165 0.00175 0.062)
(0.01675 0.00175 0.062)
(0.017 0.00175 0.062)
(0.01725 0.00175 0.062)
(0.0175 0.00175 0.062)
(0.01775 0.00175 0.062)
(0.018 0.00175 0.062)
(0.01825 0.00175 0.062)
(0.0185 0.00175 0.062)
(0.01875 0.00175 0.062)
(0.019 0.00175 0.062)
(0.01925 0.00175 0.062)
(0.0195 0.00175 0.062)
(0.01975 0.00175 0.062)
(0.02 0.00175 0.062)
(0.02025 0.00175 0.062)
(0.0205 0.00175 0.062)
(0.02075 0.00175 0.062)
(0.021 0.00175 0.062)
(0.02125 0.00175 0.062)
(0.0215 0.00175 0.062)
(0.02175 0.00175 0.062)
(0.022 0.00175 0.062)
(0.02225 0.00175 0.062)
(0.0225 0.00175 0.062)
(0.02275 0.00175 0.062)
(0.023 0.00175 0.062)
(0.02325 0.00175 0.062)
(0.0235 0.00175 0.062)
(0.02375 0.00175 0.062)
(0.024 0.00175 0.062)
(0.02425 0.00175 0.062)
(0.0245 0.00175 0.062)
(0.02475 0.00175 0.062)
(0.025 0.00175 0.062)
(0.02525 0.00175 0.062)
(0.0255 0.00175 0.062)
(0.02575 0.00175 0.062)
(0.026 0.00175 0.062)
(0.02625 0.00175 0.062)
(0.0265 0.00175 0.062)
(0.02675 0.00175 0.062)
(0.027 0.00175 0.062)
(0.02725 0.00175 0.062)
(0.0275 0.00175 0.062)
(0.02775 0.00175 0.062)
(0.028 0.00175 0.062)
(0.02825 0.00175 0.062)
(0.0285 0.00175 0.062)
(0.02875 0.00175 0.062)
(0.029 0.00175 0.062)
(0.02925 0.00175 0.062)
(0.0295 0.00175 0.062)
(0.02975 0.00175 0.062)
(0.03 0.00175 0.062)
(0.03025 0.00175 0.062)
(0.0305 0.00175 0.062)
(0.03075 0.00175 0.062)
(0.031 0.00175 0.062)
(0.03125 0.00175 0.062)
(0.0315 0.00175 0.062)
(0.03175 0.00175 0.062)
(0.032 0.00175 0.062)
(0.03225 0.00175 0.062)
(0.0325 0.00175 0.062)
(0.03275 0.00175 0.062)
(0.033 0.00175 0.062)
(0.03325 0.00175 0.062)
(0.0335 0.00175 0.062)
(0.03375 0.00175 0.062)
(0.034 0.00175 0.062)
(0.03425 0.00175 0.062)
(0.0345 0.00175 0.062)
(0.03475 0.00175 0.062)
(0.035 0.00175 0.062)
(0 0.002 0.062)
(0.00025 0.002 0.062)
(0.0005 0.002 0.062)
(0.00075 0.002 0.062)
(0.001 0.002 0.062)
(0.00125 0.002 0.062)
(0.0015 0.002 0.062)
(0.00175 0.002 0.062)
(0.002 0.002 0.062)
(0.00225 0.002 0.062)
(0.0025 0.002 0.062)
(0.00275 0.002 0.062)
(0.003 0.002 0.062)
(0.00325 0.002 0.062)
(0.0035 0.002 0.062)
(0.00375 0.002 0.062)
(0.004 0.002 0.062)
(0.00425 0.002 0.062)
(0.0045 0.002 0.062)
(0.00475 0.002 0.062)
(0.005 0.002 0.062)
(0.00525 0.002 0.062)
(0.0055 0.002 0.062)
(0.00575 0.002 0.062)
(0.006 0.002 0.062)
(0.00625 0.002 0.062)
(0.0065 0.002 0.062)
(0.00675 0.002 0.062)
(0.007 0.002 0.062)
(0.00725 0.002 0.062)
(0.0075 0.002 0.062)
(0.00775 0.002 0.062)
(0.008 0.002 0.062)
(0.00825 0.002 0.062)
(0.0085 0.002 0.062)
(0.00875 0.002 0.062)
(0.009 0.002 0.062)
(0.00925 0.002 0.062)
(0.0095 0.002 0.062)
(0.00975 0.002 0.062)
(0.01 0.002 0.062)
(0.01025 0.002 0.062)
(0.0105 0.002 0.062)
(0.01075 0.002 0.062)
(0.011 0.002 0.062)
(0.01125 0.002 0.062)
(0.0115 0.002 0.062)
(0.01175 0.002 0.062)
(0.012 0.002 0.062)
(0.01225 0.002 0.062)
(0.0125 0.002 0.062)
(0.01275 0.002 0.062)
(0.013 0.002 0.062)
(0.01325 0.002 0.062)
(0.0135 0.002 0.062)
(0.01375 0.002 0.062)
(0.014 0.002 0.062)
(0.01425 0.002 0.062)
(0.0145 0.002 0.062)
(0.01475 0.002 0.062)
(0.015 0.002 0.062)
(0.01525 0.002 0.062)
(0.0155 0.002 0.062)
(0.01575 0.002 0.062)
(0.016 0.002 0.062)
(0.01625 0.002 0.062)
(0.0165 0.002 0.062)
(0.01675 0.002 0.062)
(0.017 0.002 0.062)
(0.01725 0.002 0.062)
(0.0175 0.002 0.062)
(0.01775 0.002 0.062)
(0.018 0.002 0.062)
(0.01825 0.002 0.062)
(0.0185 0.002 0.062)
(0.01875 0.002 0.062)
(0.019 0.002 0.062)
(0.01925 0.002 0.062)
(0.0195 0.002 0.062)
(0.01975 0.002 0.062)
(0.02 0.002 0.062)
(0.02025 0.002 0.062)
(0.0205 0.002 0.062)
(0.02075 0.002 0.062)
(0.021 0.002 0.062)
(0.02125 0.002 0.062)
(0.0215 0.002 0.062)
(0.02175 0.002 0.062)
(0.022 0.002 0.062)
(0.02225 0.002 0.062)
(0.0225 0.002 0.062)
(0.02275 0.002 0.062)
(0.023 0.002 0.062)
(0.02325 0.002 0.062)
(0.0235 0.002 0.062)
(0.02375 0.002 0.062)
(0.024 0.002 0.062)
(0.02425 0.002 0.062)
(0.0245 0.002 0.062)
(0.02475 0.002 0.062)
(0.025 0.002 0.062)
(0.02525 0.002 0.062)
(0.0255 0.002 0.062)
(0.02575 0.002 0.062)
(0.026 0.002 0.062)
(0.02625 0.002 0.062)
(0.0265 0.002 0.062)
(0.02675 0.002 0.062)
(0.027 0.002 0.062)
(0.02725 0.002 0.062)
(0.0275 0.002 0.062)
(0.02775 0.002 0.062)
(0.028 0.002 0.062)
(0.02825 0.002 0.062)
(0.0285 0.002 0.062)
(0.02875 0.002 0.062)
(0.029 0.002 0.062)
(0.02925 0.002 0.062)
(0.0295 0.002 0.062)
(0.02975 0.002 0.062)
(0.03 0.002 0.062)
(0.03025 0.002 0.062)
(0.0305 0.002 0.062)
(0.03075 0.002 0.062)
(0.031 0.002 0.062)
(0.03125 0.002 0.062)
(0.0315 0.002 0.062)
(0.03175 0.002 0.062)
(0.032 0.002 0.062)
(0.03225 0.002 0.062)
(0.0325 0.002 0.062)
(0.03275 0.002 0.062)
(0.033 0.002 0.062)
(0.03325 0.002 0.062)
(0.0335 0.002 0.062)
(0.03375 0.002 0.062)
(0.034 0.002 0.062)
(0.03425 0.002 0.062)
(0.0345 0.002 0.062)
(0.03475 0.002 0.062)
(0.035 0.002 0.062)
(0 0.00225 0.062)
(0.00025 0.00225 0.062)
(0.0005 0.00225 0.062)
(0.00075 0.00225 0.062)
(0.001 0.00225 0.062)
(0.00125 0.00225 0.062)
(0.0015 0.00225 0.062)
(0.00175 0.00225 0.062)
(0.002 0.00225 0.062)
(0.00225 0.00225 0.062)
(0.0025 0.00225 0.062)
(0.00275 0.00225 0.062)
(0.003 0.00225 0.062)
(0.00325 0.00225 0.062)
(0.0035 0.00225 0.062)
(0.00375 0.00225 0.062)
(0.004 0.00225 0.062)
(0.00425 0.00225 0.062)
(0.0045 0.00225 0.062)
(0.00475 0.00225 0.062)
(0.005 0.00225 0.062)
(0.00525 0.00225 0.062)
(0.0055 0.00225 0.062)
(0.00575 0.00225 0.062)
(0.006 0.00225 0.062)
(0.00625 0.00225 0.062)
(0.0065 0.00225 0.062)
(0.00675 0.00225 0.062)
(0.007 0.00225 0.062)
(0.00725 0.00225 0.062)
(0.0075 0.00225 0.062)
(0.00775 0.00225 0.062)
(0.008 0.00225 0.062)
(0.00825 0.00225 0.062)
(0.0085 0.00225 0.062)
(0.00875 0.00225 0.062)
(0.009 0.00225 0.062)
(0.00925 0.00225 0.062)
(0.0095 0.00225 0.062)
(0.00975 0.00225 0.062)
(0.01 0.00225 0.062)
(0.01025 0.00225 0.062)
(0.0105 0.00225 0.062)
(0.01075 0.00225 0.062)
(0.011 0.00225 0.062)
(0.01125 0.00225 0.062)
(0.0115 0.00225 0.062)
(0.01175 0.00225 0.062)
(0.012 0.00225 0.062)
(0.01225 0.00225 0.062)
(0.0125 0.00225 0.062)
(0.01275 0.00225 0.062)
(0.013 0.00225 0.062)
(0.01325 0.00225 0.062)
(0.0135 0.00225 0.062)
(0.01375 0.00225 0.062)
(0.014 0.00225 0.062)
(0.01425 0.00225 0.062)
(0.0145 0.00225 0.062)
(0.01475 0.00225 0.062)
(0.015 0.00225 0.062)
(0.01525 0.00225 0.062)
(0.0155 0.00225 0.062)
(0.01575 0.00225 0.062)
(0.016 0.00225 0.062)
(0.01625 0.00225 0.062)
(0.0165 0.00225 0.062)
(0.01675 0.00225 0.062)
(0.017 0.00225 0.062)
(0.01725 0.00225 0.062)
(0.0175 0.00225 0.062)
(0.01775 0.00225 0.062)
(0.018 0.00225 0.062)
(0.01825 0.00225 0.062)
(0.0185 0.00225 0.062)
(0.01875 0.00225 0.062)
(0.019 0.00225 0.062)
(0.01925 0.00225 0.062)
(0.0195 0.00225 0.062)
(0.01975 0.00225 0.062)
(0.02 0.00225 0.062)
(0.02025 0.00225 0.062)
(0.0205 0.00225 0.062)
(0.02075 0.00225 0.062)
(0.021 0.00225 0.062)
(0.02125 0.00225 0.062)
(0.0215 0.00225 0.062)
(0.02175 0.00225 0.062)
(0.022 0.00225 0.062)
(0.02225 0.00225 0.062)
(0.0225 0.00225 0.062)
(0.02275 0.00225 0.062)
(0.023 0.00225 0.062)
(0.02325 0.00225 0.062)
(0.0235 0.00225 0.062)
(0.02375 0.00225 0.062)
(0.024 0.00225 0.062)
(0.02425 0.00225 0.062)
(0.0245 0.00225 0.062)
(0.02475 0.00225 0.062)
(0.025 0.00225 0.062)
(0.02525 0.00225 0.062)
(0.0255 0.00225 0.062)
(0.02575 0.00225 0.062)
(0.026 0.00225 0.062)
(0.02625 0.00225 0.062)
(0.0265 0.00225 0.062)
(0.02675 0.00225 0.062)
(0.027 0.00225 0.062)
(0.02725 0.00225 0.062)
(0.0275 0.00225 0.062)
(0.02775 0.00225 0.062)
(0.028 0.00225 0.062)
(0.02825 0.00225 0.062)
(0.0285 0.00225 0.062)
(0.02875 0.00225 0.062)
(0.029 0.00225 0.062)
(0.02925 0.00225 0.062)
(0.0295 0.00225 0.062)
(0.02975 0.00225 0.062)
(0.03 0.00225 0.062)
(0.03025 0.00225 0.062)
(0.0305 0.00225 0.062)
(0.03075 0.00225 0.062)
(0.031 0.00225 0.062)
(0.03125 0.00225 0.062)
(0.0315 0.00225 0.062)
(0.03175 0.00225 0.062)
(0.032 0.00225 0.062)
(0.03225 0.00225 0.062)
(0.0325 0.00225 0.062)
(0.03275 0.00225 0.062)
(0.033 0.00225 0.062)
(0.03325 0.00225 0.062)
(0.0335 0.00225 0.062)
(0.03375 0.00225 0.062)
(0.034 0.00225 0.062)
(0.03425 0.00225 0.062)
(0.0345 0.00225 0.062)
(0.03475 0.00225 0.062)
(0.035 0.00225 0.062)
(0 0.0025 0.062)
(0.00025 0.0025 0.062)
(0.0005 0.0025 0.062)
(0.00075 0.0025 0.062)
(0.001 0.0025 0.062)
(0.00125 0.0025 0.062)
(0.0015 0.0025 0.062)
(0.00175 0.0025 0.062)
(0.002 0.0025 0.062)
(0.00225 0.0025 0.062)
(0.0025 0.0025 0.062)
(0.00275 0.0025 0.062)
(0.003 0.0025 0.062)
(0.00325 0.0025 0.062)
(0.0035 0.0025 0.062)
(0.00375 0.0025 0.062)
(0.004 0.0025 0.062)
(0.00425 0.0025 0.062)
(0.0045 0.0025 0.062)
(0.00475 0.0025 0.062)
(0.005 0.0025 0.062)
(0.00525 0.0025 0.062)
(0.0055 0.0025 0.062)
(0.00575 0.0025 0.062)
(0.006 0.0025 0.062)
(0.00625 0.0025 0.062)
(0.0065 0.0025 0.062)
(0.00675 0.0025 0.062)
(0.007 0.0025 0.062)
(0.00725 0.0025 0.062)
(0.0075 0.0025 0.062)
(0.00775 0.0025 0.062)
(0.008 0.0025 0.062)
(0.00825 0.0025 0.062)
(0.0085 0.0025 0.062)
(0.00875 0.0025 0.062)
(0.009 0.0025 0.062)
(0.00925 0.0025 0.062)
(0.0095 0.0025 0.062)
(0.00975 0.0025 0.062)
(0.01 0.0025 0.062)
(0.01025 0.0025 0.062)
(0.0105 0.0025 0.062)
(0.01075 0.0025 0.062)
(0.011 0.0025 0.062)
(0.01125 0.0025 0.062)
(0.0115 0.0025 0.062)
(0.01175 0.0025 0.062)
(0.012 0.0025 0.062)
(0.01225 0.0025 0.062)
(0.0125 0.0025 0.062)
(0.01275 0.0025 0.062)
(0.013 0.0025 0.062)
(0.01325 0.0025 0.062)
(0.0135 0.0025 0.062)
(0.01375 0.0025 0.062)
(0.014 0.0025 0.062)
(0.01425 0.0025 0.062)
(0.0145 0.0025 0.062)
(0.01475 0.0025 0.062)
(0.015 0.0025 0.062)
(0.01525 0.0025 0.062)
(0.0155 0.0025 0.062)
(0.01575 0.0025 0.062)
(0.016 0.0025 0.062)
(0.01625 0.0025 0.062)
(0.0165 0.0025 0.062)
(0.01675 0.0025 0.062)
(0.017 0.0025 0.062)
(0.01725 0.0025 0.062)
(0.0175 0.0025 0.062)
(0.01775 0.0025 0.062)
(0.018 0.0025 0.062)
(0.01825 0.0025 0.062)
(0.0185 0.0025 0.062)
(0.01875 0.0025 0.062)
(0.019 0.0025 0.062)
(0.01925 0.0025 0.062)
(0.0195 0.0025 0.062)
(0.01975 0.0025 0.062)
(0.02 0.0025 0.062)
(0.02025 0.0025 0.062)
(0.0205 0.0025 0.062)
(0.02075 0.0025 0.062)
(0.021 0.0025 0.062)
(0.02125 0.0025 0.062)
(0.0215 0.0025 0.062)
(0.02175 0.0025 0.062)
(0.022 0.0025 0.062)
(0.02225 0.0025 0.062)
(0.0225 0.0025 0.062)
(0.02275 0.0025 0.062)
(0.023 0.0025 0.062)
(0.02325 0.0025 0.062)
(0.0235 0.0025 0.062)
(0.02375 0.0025 0.062)
(0.024 0.0025 0.062)
(0.02425 0.0025 0.062)
(0.0245 0.0025 0.062)
(0.02475 0.0025 0.062)
(0.025 0.0025 0.062)
(0.02525 0.0025 0.062)
(0.0255 0.0025 0.062)
(0.02575 0.0025 0.062)
(0.026 0.0025 0.062)
(0.02625 0.0025 0.062)
(0.0265 0.0025 0.062)
(0.02675 0.0025 0.062)
(0.027 0.0025 0.062)
(0.02725 0.0025 0.062)
(0.0275 0.0025 0.062)
(0.02775 0.0025 0.062)
(0.028 0.0025 0.062)
(0.02825 0.0025 0.062)
(0.0285 0.0025 0.062)
(0.02875 0.0025 0.062)
(0.029 0.0025 0.062)
(0.02925 0.0025 0.062)
(0.0295 0.0025 0.062)
(0.02975 0.0025 0.062)
(0.03 0.0025 0.062)
(0.03025 0.0025 0.062)
(0.0305 0.0025 0.062)
(0.03075 0.0025 0.062)
(0.031 0.0025 0.062)
(0.03125 0.0025 0.062)
(0.0315 0.0025 0.062)
(0.03175 0.0025 0.062)
(0.032 0.0025 0.062)
(0.03225 0.0025 0.062)
(0.0325 0.0025 0.062)
(0.03275 0.0025 0.062)
(0.033 0.0025 0.062)
(0.03325 0.0025 0.062)
(0.0335 0.0025 0.062)
(0.03375 0.0025 0.062)
(0.034 0.0025 0.062)
(0.03425 0.0025 0.062)
(0.0345 0.0025 0.062)
(0.03475 0.0025 0.062)
(0.035 0.0025 0.062)
(0 0 0.06225)
(0.00025 0 0.06225)
(0.0005 0 0.06225)
(0.00075 0 0.06225)
(0.001 0 0.06225)
(0.00125 0 0.06225)
(0.0015 0 0.06225)
(0.00175 0 0.06225)
(0.002 0 0.06225)
(0.00225 0 0.06225)
(0.0025 0 0.06225)
(0.00275 0 0.06225)
(0.003 0 0.06225)
(0.00325 0 0.06225)
(0.0035 0 0.06225)
(0.00375 0 0.06225)
(0.004 0 0.06225)
(0.00425 0 0.06225)
(0.0045 0 0.06225)
(0.00475 0 0.06225)
(0.005 0 0.06225)
(0.00525 0 0.06225)
(0.0055 0 0.06225)
(0.00575 0 0.06225)
(0.006 0 0.06225)
(0.00625 0 0.06225)
(0.0065 0 0.06225)
(0.00675 0 0.06225)
(0.007 0 0.06225)
(0.00725 0 0.06225)
(0.0075 0 0.06225)
(0.00775 0 0.06225)
(0.008 0 0.06225)
(0.00825 0 0.06225)
(0.0085 0 0.06225)
(0.00875 0 0.06225)
(0.009 0 0.06225)
(0.00925 0 0.06225)
(0.0095 0 0.06225)
(0.00975 0 0.06225)
(0.01 0 0.06225)
(0.01025 0 0.06225)
(0.0105 0 0.06225)
(0.01075 0 0.06225)
(0.011 0 0.06225)
(0.01125 0 0.06225)
(0.0115 0 0.06225)
(0.01175 0 0.06225)
(0.012 0 0.06225)
(0.01225 0 0.06225)
(0.0125 0 0.06225)
(0.01275 0 0.06225)
(0.013 0 0.06225)
(0.01325 0 0.06225)
(0.0135 0 0.06225)
(0.01375 0 0.06225)
(0.014 0 0.06225)
(0.01425 0 0.06225)
(0.0145 0 0.06225)
(0.01475 0 0.06225)
(0.015 0 0.06225)
(0.01525 0 0.06225)
(0.0155 0 0.06225)
(0.01575 0 0.06225)
(0.016 0 0.06225)
(0.01625 0 0.06225)
(0.0165 0 0.06225)
(0.01675 0 0.06225)
(0.017 0 0.06225)
(0.01725 0 0.06225)
(0.0175 0 0.06225)
(0.01775 0 0.06225)
(0.018 0 0.06225)
(0.01825 0 0.06225)
(0.0185 0 0.06225)
(0.01875 0 0.06225)
(0.019 0 0.06225)
(0.01925 0 0.06225)
(0.0195 0 0.06225)
(0.01975 0 0.06225)
(0.02 0 0.06225)
(0.02025 0 0.06225)
(0.0205 0 0.06225)
(0.02075 0 0.06225)
(0.021 0 0.06225)
(0.02125 0 0.06225)
(0.0215 0 0.06225)
(0.02175 0 0.06225)
(0.022 0 0.06225)
(0.02225 0 0.06225)
(0.0225 0 0.06225)
(0.02275 0 0.06225)
(0.023 0 0.06225)
(0.02325 0 0.06225)
(0.0235 0 0.06225)
(0.02375 0 0.06225)
(0.024 0 0.06225)
(0.02425 0 0.06225)
(0.0245 0 0.06225)
(0.02475 0 0.06225)
(0.025 0 0.06225)
(0.02525 0 0.06225)
(0.0255 0 0.06225)
(0.02575 0 0.06225)
(0.026 0 0.06225)
(0.02625 0 0.06225)
(0.0265 0 0.06225)
(0.02675 0 0.06225)
(0.027 0 0.06225)
(0.02725 0 0.06225)
(0.0275 0 0.06225)
(0.02775 0 0.06225)
(0.028 0 0.06225)
(0.02825 0 0.06225)
(0.0285 0 0.06225)
(0.02875 0 0.06225)
(0.029 0 0.06225)
(0.02925 0 0.06225)
(0.0295 0 0.06225)
(0.02975 0 0.06225)
(0.03 0 0.06225)
(0.03025 0 0.06225)
(0.0305 0 0.06225)
(0.03075 0 0.06225)
(0.031 0 0.06225)
(0.03125 0 0.06225)
(0.0315 0 0.06225)
(0.03175 0 0.06225)
(0.032 0 0.06225)
(0.03225 0 0.06225)
(0.0325 0 0.06225)
(0.03275 0 0.06225)
(0.033 0 0.06225)
(0.03325 0 0.06225)
(0.0335 0 0.06225)
(0.03375 0 0.06225)
(0.034 0 0.06225)
(0.03425 0 0.06225)
(0.0345 0 0.06225)
(0.03475 0 0.06225)
(0.035 0 0.06225)
(0 0.00025 0.06225)
(0.00025 0.00025 0.06225)
(0.0005 0.00025 0.06225)
(0.00075 0.00025 0.06225)
(0.001 0.00025 0.06225)
(0.00125 0.00025 0.06225)
(0.0015 0.00025 0.06225)
(0.00175 0.00025 0.06225)
(0.002 0.00025 0.06225)
(0.00225 0.00025 0.06225)
(0.0025 0.00025 0.06225)
(0.00275 0.00025 0.06225)
(0.003 0.00025 0.06225)
(0.00325 0.00025 0.06225)
(0.0035 0.00025 0.06225)
(0.00375 0.00025 0.06225)
(0.004 0.00025 0.06225)
(0.00425 0.00025 0.06225)
(0.0045 0.00025 0.06225)
(0.00475 0.00025 0.06225)
(0.005 0.00025 0.06225)
(0.00525 0.00025 0.06225)
(0.0055 0.00025 0.06225)
(0.00575 0.00025 0.06225)
(0.006 0.00025 0.06225)
(0.00625 0.00025 0.06225)
(0.0065 0.00025 0.06225)
(0.00675 0.00025 0.06225)
(0.007 0.00025 0.06225)
(0.00725 0.00025 0.06225)
(0.0075 0.00025 0.06225)
(0.00775 0.00025 0.06225)
(0.008 0.00025 0.06225)
(0.00825 0.00025 0.06225)
(0.0085 0.00025 0.06225)
(0.00875 0.00025 0.06225)
(0.009 0.00025 0.06225)
(0.00925 0.00025 0.06225)
(0.0095 0.00025 0.06225)
(0.00975 0.00025 0.06225)
(0.01 0.00025 0.06225)
(0.01025 0.00025 0.06225)
(0.0105 0.00025 0.06225)
(0.01075 0.00025 0.06225)
(0.011 0.00025 0.06225)
(0.01125 0.00025 0.06225)
(0.0115 0.00025 0.06225)
(0.01175 0.00025 0.06225)
(0.012 0.00025 0.06225)
(0.01225 0.00025 0.06225)
(0.0125 0.00025 0.06225)
(0.01275 0.00025 0.06225)
(0.013 0.00025 0.06225)
(0.01325 0.00025 0.06225)
(0.0135 0.00025 0.06225)
(0.01375 0.00025 0.06225)
(0.014 0.00025 0.06225)
(0.01425 0.00025 0.06225)
(0.0145 0.00025 0.06225)
(0.01475 0.00025 0.06225)
(0.015 0.00025 0.06225)
(0.01525 0.00025 0.06225)
(0.0155 0.00025 0.06225)
(0.01575 0.00025 0.06225)
(0.016 0.00025 0.06225)
(0.01625 0.00025 0.06225)
(0.0165 0.00025 0.06225)
(0.01675 0.00025 0.06225)
(0.017 0.00025 0.06225)
(0.01725 0.00025 0.06225)
(0.0175 0.00025 0.06225)
(0.01775 0.00025 0.06225)
(0.018 0.00025 0.06225)
(0.01825 0.00025 0.06225)
(0.0185 0.00025 0.06225)
(0.01875 0.00025 0.06225)
(0.019 0.00025 0.06225)
(0.01925 0.00025 0.06225)
(0.0195 0.00025 0.06225)
(0.01975 0.00025 0.06225)
(0.02 0.00025 0.06225)
(0.02025 0.00025 0.06225)
(0.0205 0.00025 0.06225)
(0.02075 0.00025 0.06225)
(0.021 0.00025 0.06225)
(0.02125 0.00025 0.06225)
(0.0215 0.00025 0.06225)
(0.02175 0.00025 0.06225)
(0.022 0.00025 0.06225)
(0.02225 0.00025 0.06225)
(0.0225 0.00025 0.06225)
(0.02275 0.00025 0.06225)
(0.023 0.00025 0.06225)
(0.02325 0.00025 0.06225)
(0.0235 0.00025 0.06225)
(0.02375 0.00025 0.06225)
(0.024 0.00025 0.06225)
(0.02425 0.00025 0.06225)
(0.0245 0.00025 0.06225)
(0.02475 0.00025 0.06225)
(0.025 0.00025 0.06225)
(0.02525 0.00025 0.06225)
(0.0255 0.00025 0.06225)
(0.02575 0.00025 0.06225)
(0.026 0.00025 0.06225)
(0.02625 0.00025 0.06225)
(0.0265 0.00025 0.06225)
(0.02675 0.00025 0.06225)
(0.027 0.00025 0.06225)
(0.02725 0.00025 0.06225)
(0.0275 0.00025 0.06225)
(0.02775 0.00025 0.06225)
(0.028 0.00025 0.06225)
(0.02825 0.00025 0.06225)
(0.0285 0.00025 0.06225)
(0.02875 0.00025 0.06225)
(0.029 0.00025 0.06225)
(0.02925 0.00025 0.06225)
(0.0295 0.00025 0.06225)
(0.02975 0.00025 0.06225)
(0.03 0.00025 0.06225)
(0.03025 0.00025 0.06225)
(0.0305 0.00025 0.06225)
(0.03075 0.00025 0.06225)
(0.031 0.00025 0.06225)
(0.03125 0.00025 0.06225)
(0.0315 0.00025 0.06225)
(0.03175 0.00025 0.06225)
(0.032 0.00025 0.06225)
(0.03225 0.00025 0.06225)
(0.0325 0.00025 0.06225)
(0.03275 0.00025 0.06225)
(0.033 0.00025 0.06225)
(0.03325 0.00025 0.06225)
(0.0335 0.00025 0.06225)
(0.03375 0.00025 0.06225)
(0.034 0.00025 0.06225)
(0.03425 0.00025 0.06225)
(0.0345 0.00025 0.06225)
(0.03475 0.00025 0.06225)
(0.035 0.00025 0.06225)
(0 0.0005 0.06225)
(0.00025 0.0005 0.06225)
(0.0005 0.0005 0.06225)
(0.00075 0.0005 0.06225)
(0.001 0.0005 0.06225)
(0.00125 0.0005 0.06225)
(0.0015 0.0005 0.06225)
(0.00175 0.0005 0.06225)
(0.002 0.0005 0.06225)
(0.00225 0.0005 0.06225)
(0.0025 0.0005 0.06225)
(0.00275 0.0005 0.06225)
(0.003 0.0005 0.06225)
(0.00325 0.0005 0.06225)
(0.0035 0.0005 0.06225)
(0.00375 0.0005 0.06225)
(0.004 0.0005 0.06225)
(0.00425 0.0005 0.06225)
(0.0045 0.0005 0.06225)
(0.00475 0.0005 0.06225)
(0.005 0.0005 0.06225)
(0.00525 0.0005 0.06225)
(0.0055 0.0005 0.06225)
(0.00575 0.0005 0.06225)
(0.006 0.0005 0.06225)
(0.00625 0.0005 0.06225)
(0.0065 0.0005 0.06225)
(0.00675 0.0005 0.06225)
(0.007 0.0005 0.06225)
(0.00725 0.0005 0.06225)
(0.0075 0.0005 0.06225)
(0.00775 0.0005 0.06225)
(0.008 0.0005 0.06225)
(0.00825 0.0005 0.06225)
(0.0085 0.0005 0.06225)
(0.00875 0.0005 0.06225)
(0.009 0.0005 0.06225)
(0.00925 0.0005 0.06225)
(0.0095 0.0005 0.06225)
(0.00975 0.0005 0.06225)
(0.01 0.0005 0.06225)
(0.01025 0.0005 0.06225)
(0.0105 0.0005 0.06225)
(0.01075 0.0005 0.06225)
(0.011 0.0005 0.06225)
(0.01125 0.0005 0.06225)
(0.0115 0.0005 0.06225)
(0.01175 0.0005 0.06225)
(0.012 0.0005 0.06225)
(0.01225 0.0005 0.06225)
(0.0125 0.0005 0.06225)
(0.01275 0.0005 0.06225)
(0.013 0.0005 0.06225)
(0.01325 0.0005 0.06225)
(0.0135 0.0005 0.06225)
(0.01375 0.0005 0.06225)
(0.014 0.0005 0.06225)
(0.01425 0.0005 0.06225)
(0.0145 0.0005 0.06225)
(0.01475 0.0005 0.06225)
(0.015 0.0005 0.06225)
(0.01525 0.0005 0.06225)
(0.0155 0.0005 0.06225)
(0.01575 0.0005 0.06225)
(0.016 0.0005 0.06225)
(0.01625 0.0005 0.06225)
(0.0165 0.0005 0.06225)
(0.01675 0.0005 0.06225)
(0.017 0.0005 0.06225)
(0.01725 0.0005 0.06225)
(0.0175 0.0005 0.06225)
(0.01775 0.0005 0.06225)
(0.018 0.0005 0.06225)
(0.01825 0.0005 0.06225)
(0.0185 0.0005 0.06225)
(0.01875 0.0005 0.06225)
(0.019 0.0005 0.06225)
(0.01925 0.0005 0.06225)
(0.0195 0.0005 0.06225)
(0.01975 0.0005 0.06225)
(0.02 0.0005 0.06225)
(0.02025 0.0005 0.06225)
(0.0205 0.0005 0.06225)
(0.02075 0.0005 0.06225)
(0.021 0.0005 0.06225)
(0.02125 0.0005 0.06225)
(0.0215 0.0005 0.06225)
(0.02175 0.0005 0.06225)
(0.022 0.0005 0.06225)
(0.02225 0.0005 0.06225)
(0.0225 0.0005 0.06225)
(0.02275 0.0005 0.06225)
(0.023 0.0005 0.06225)
(0.02325 0.0005 0.06225)
(0.0235 0.0005 0.06225)
(0.02375 0.0005 0.06225)
(0.024 0.0005 0.06225)
(0.02425 0.0005 0.06225)
(0.0245 0.0005 0.06225)
(0.02475 0.0005 0.06225)
(0.025 0.0005 0.06225)
(0.02525 0.0005 0.06225)
(0.0255 0.0005 0.06225)
(0.02575 0.0005 0.06225)
(0.026 0.0005 0.06225)
(0.02625 0.0005 0.06225)
(0.0265 0.0005 0.06225)
(0.02675 0.0005 0.06225)
(0.027 0.0005 0.06225)
(0.02725 0.0005 0.06225)
(0.0275 0.0005 0.06225)
(0.02775 0.0005 0.06225)
(0.028 0.0005 0.06225)
(0.02825 0.0005 0.06225)
(0.0285 0.0005 0.06225)
(0.02875 0.0005 0.06225)
(0.029 0.0005 0.06225)
(0.02925 0.0005 0.06225)
(0.0295 0.0005 0.06225)
(0.02975 0.0005 0.06225)
(0.03 0.0005 0.06225)
(0.03025 0.0005 0.06225)
(0.0305 0.0005 0.06225)
(0.03075 0.0005 0.06225)
(0.031 0.0005 0.06225)
(0.03125 0.0005 0.06225)
(0.0315 0.0005 0.06225)
(0.03175 0.0005 0.06225)
(0.032 0.0005 0.06225)
(0.03225 0.0005 0.06225)
(0.0325 0.0005 0.06225)
(0.03275 0.0005 0.06225)
(0.033 0.0005 0.06225)
(0.03325 0.0005 0.06225)
(0.0335 0.0005 0.06225)
(0.03375 0.0005 0.06225)
(0.034 0.0005 0.06225)
(0.03425 0.0005 0.06225)
(0.0345 0.0005 0.06225)
(0.03475 0.0005 0.06225)
(0.035 0.0005 0.06225)
(0 0.00075 0.06225)
(0.00025 0.00075 0.06225)
(0.0005 0.00075 0.06225)
(0.00075 0.00075 0.06225)
(0.001 0.00075 0.06225)
(0.00125 0.00075 0.06225)
(0.0015 0.00075 0.06225)
(0.00175 0.00075 0.06225)
(0.002 0.00075 0.06225)
(0.00225 0.00075 0.06225)
(0.0025 0.00075 0.06225)
(0.00275 0.00075 0.06225)
(0.003 0.00075 0.06225)
(0.00325 0.00075 0.06225)
(0.0035 0.00075 0.06225)
(0.00375 0.00075 0.06225)
(0.004 0.00075 0.06225)
(0.00425 0.00075 0.06225)
(0.0045 0.00075 0.06225)
(0.00475 0.00075 0.06225)
(0.005 0.00075 0.06225)
(0.00525 0.00075 0.06225)
(0.0055 0.00075 0.06225)
(0.00575 0.00075 0.06225)
(0.006 0.00075 0.06225)
(0.00625 0.00075 0.06225)
(0.0065 0.00075 0.06225)
(0.00675 0.00075 0.06225)
(0.007 0.00075 0.06225)
(0.00725 0.00075 0.06225)
(0.0075 0.00075 0.06225)
(0.00775 0.00075 0.06225)
(0.008 0.00075 0.06225)
(0.00825 0.00075 0.06225)
(0.0085 0.00075 0.06225)
(0.00875 0.00075 0.06225)
(0.009 0.00075 0.06225)
(0.00925 0.00075 0.06225)
(0.0095 0.00075 0.06225)
(0.00975 0.00075 0.06225)
(0.01 0.00075 0.06225)
(0.01025 0.00075 0.06225)
(0.0105 0.00075 0.06225)
(0.01075 0.00075 0.06225)
(0.011 0.00075 0.06225)
(0.01125 0.00075 0.06225)
(0.0115 0.00075 0.06225)
(0.01175 0.00075 0.06225)
(0.012 0.00075 0.06225)
(0.01225 0.00075 0.06225)
(0.0125 0.00075 0.06225)
(0.01275 0.00075 0.06225)
(0.013 0.00075 0.06225)
(0.01325 0.00075 0.06225)
(0.0135 0.00075 0.06225)
(0.01375 0.00075 0.06225)
(0.014 0.00075 0.06225)
(0.01425 0.00075 0.06225)
(0.0145 0.00075 0.06225)
(0.01475 0.00075 0.06225)
(0.015 0.00075 0.06225)
(0.01525 0.00075 0.06225)
(0.0155 0.00075 0.06225)
(0.01575 0.00075 0.06225)
(0.016 0.00075 0.06225)
(0.01625 0.00075 0.06225)
(0.0165 0.00075 0.06225)
(0.01675 0.00075 0.06225)
(0.017 0.00075 0.06225)
(0.01725 0.00075 0.06225)
(0.0175 0.00075 0.06225)
(0.01775 0.00075 0.06225)
(0.018 0.00075 0.06225)
(0.01825 0.00075 0.06225)
(0.0185 0.00075 0.06225)
(0.01875 0.00075 0.06225)
(0.019 0.00075 0.06225)
(0.01925 0.00075 0.06225)
(0.0195 0.00075 0.06225)
(0.01975 0.00075 0.06225)
(0.02 0.00075 0.06225)
(0.02025 0.00075 0.06225)
(0.0205 0.00075 0.06225)
(0.02075 0.00075 0.06225)
(0.021 0.00075 0.06225)
(0.02125 0.00075 0.06225)
(0.0215 0.00075 0.06225)
(0.02175 0.00075 0.06225)
(0.022 0.00075 0.06225)
(0.02225 0.00075 0.06225)
(0.0225 0.00075 0.06225)
(0.02275 0.00075 0.06225)
(0.023 0.00075 0.06225)
(0.02325 0.00075 0.06225)
(0.0235 0.00075 0.06225)
(0.02375 0.00075 0.06225)
(0.024 0.00075 0.06225)
(0.02425 0.00075 0.06225)
(0.0245 0.00075 0.06225)
(0.02475 0.00075 0.06225)
(0.025 0.00075 0.06225)
(0.02525 0.00075 0.06225)
(0.0255 0.00075 0.06225)
(0.02575 0.00075 0.06225)
(0.026 0.00075 0.06225)
(0.02625 0.00075 0.06225)
(0.0265 0.00075 0.06225)
(0.02675 0.00075 0.06225)
(0.027 0.00075 0.06225)
(0.02725 0.00075 0.06225)
(0.0275 0.00075 0.06225)
(0.02775 0.00075 0.06225)
(0.028 0.00075 0.06225)
(0.02825 0.00075 0.06225)
(0.0285 0.00075 0.06225)
(0.02875 0.00075 0.06225)
(0.029 0.00075 0.06225)
(0.02925 0.00075 0.06225)
(0.0295 0.00075 0.06225)
(0.02975 0.00075 0.06225)
(0.03 0.00075 0.06225)
(0.03025 0.00075 0.06225)
(0.0305 0.00075 0.06225)
(0.03075 0.00075 0.06225)
(0.031 0.00075 0.06225)
(0.03125 0.00075 0.06225)
(0.0315 0.00075 0.06225)
(0.03175 0.00075 0.06225)
(0.032 0.00075 0.06225)
(0.03225 0.00075 0.06225)
(0.0325 0.00075 0.06225)
(0.03275 0.00075 0.06225)
(0.033 0.00075 0.06225)
(0.03325 0.00075 0.06225)
(0.0335 0.00075 0.06225)
(0.03375 0.00075 0.06225)
(0.034 0.00075 0.06225)
(0.03425 0.00075 0.06225)
(0.0345 0.00075 0.06225)
(0.03475 0.00075 0.06225)
(0.035 0.00075 0.06225)
(0 0.001 0.06225)
(0.00025 0.001 0.06225)
(0.0005 0.001 0.06225)
(0.00075 0.001 0.06225)
(0.001 0.001 0.06225)
(0.00125 0.001 0.06225)
(0.0015 0.001 0.06225)
(0.00175 0.001 0.06225)
(0.002 0.001 0.06225)
(0.00225 0.001 0.06225)
(0.0025 0.001 0.06225)
(0.00275 0.001 0.06225)
(0.003 0.001 0.06225)
(0.00325 0.001 0.06225)
(0.0035 0.001 0.06225)
(0.00375 0.001 0.06225)
(0.004 0.001 0.06225)
(0.00425 0.001 0.06225)
(0.0045 0.001 0.06225)
(0.00475 0.001 0.06225)
(0.005 0.001 0.06225)
(0.00525 0.001 0.06225)
(0.0055 0.001 0.06225)
(0.00575 0.001 0.06225)
(0.006 0.001 0.06225)
(0.00625 0.001 0.06225)
(0.0065 0.001 0.06225)
(0.00675 0.001 0.06225)
(0.007 0.001 0.06225)
(0.00725 0.001 0.06225)
(0.0075 0.001 0.06225)
(0.00775 0.001 0.06225)
(0.008 0.001 0.06225)
(0.00825 0.001 0.06225)
(0.0085 0.001 0.06225)
(0.00875 0.001 0.06225)
(0.009 0.001 0.06225)
(0.00925 0.001 0.06225)
(0.0095 0.001 0.06225)
(0.00975 0.001 0.06225)
(0.01 0.001 0.06225)
(0.01025 0.001 0.06225)
(0.0105 0.001 0.06225)
(0.01075 0.001 0.06225)
(0.011 0.001 0.06225)
(0.01125 0.001 0.06225)
(0.0115 0.001 0.06225)
(0.01175 0.001 0.06225)
(0.012 0.001 0.06225)
(0.01225 0.001 0.06225)
(0.0125 0.001 0.06225)
(0.01275 0.001 0.06225)
(0.013 0.001 0.06225)
(0.01325 0.001 0.06225)
(0.0135 0.001 0.06225)
(0.01375 0.001 0.06225)
(0.014 0.001 0.06225)
(0.01425 0.001 0.06225)
(0.0145 0.001 0.06225)
(0.01475 0.001 0.06225)
(0.015 0.001 0.06225)
(0.01525 0.001 0.06225)
(0.0155 0.001 0.06225)
(0.01575 0.001 0.06225)
(0.016 0.001 0.06225)
(0.01625 0.001 0.06225)
(0.0165 0.001 0.06225)
(0.01675 0.001 0.06225)
(0.017 0.001 0.06225)
(0.01725 0.001 0.06225)
(0.0175 0.001 0.06225)
(0.01775 0.001 0.06225)
(0.018 0.001 0.06225)
(0.01825 0.001 0.06225)
(0.0185 0.001 0.06225)
(0.01875 0.001 0.06225)
(0.019 0.001 0.06225)
(0.01925 0.001 0.06225)
(0.0195 0.001 0.06225)
(0.01975 0.001 0.06225)
(0.02 0.001 0.06225)
(0.02025 0.001 0.06225)
(0.0205 0.001 0.06225)
(0.02075 0.001 0.06225)
(0.021 0.001 0.06225)
(0.02125 0.001 0.06225)
(0.0215 0.001 0.06225)
(0.02175 0.001 0.06225)
(0.022 0.001 0.06225)
(0.02225 0.001 0.06225)
(0.0225 0.001 0.06225)
(0.02275 0.001 0.06225)
(0.023 0.001 0.06225)
(0.02325 0.001 0.06225)
(0.0235 0.001 0.06225)
(0.02375 0.001 0.06225)
(0.024 0.001 0.06225)
(0.02425 0.001 0.06225)
(0.0245 0.001 0.06225)
(0.02475 0.001 0.06225)
(0.025 0.001 0.06225)
(0.02525 0.001 0.06225)
(0.0255 0.001 0.06225)
(0.02575 0.001 0.06225)
(0.026 0.001 0.06225)
(0.02625 0.001 0.06225)
(0.0265 0.001 0.06225)
(0.02675 0.001 0.06225)
(0.027 0.001 0.06225)
(0.02725 0.001 0.06225)
(0.0275 0.001 0.06225)
(0.02775 0.001 0.06225)
(0.028 0.001 0.06225)
(0.02825 0.001 0.06225)
(0.0285 0.001 0.06225)
(0.02875 0.001 0.06225)
(0.029 0.001 0.06225)
(0.02925 0.001 0.06225)
(0.0295 0.001 0.06225)
(0.02975 0.001 0.06225)
(0.03 0.001 0.06225)
(0.03025 0.001 0.06225)
(0.0305 0.001 0.06225)
(0.03075 0.001 0.06225)
(0.031 0.001 0.06225)
(0.03125 0.001 0.06225)
(0.0315 0.001 0.06225)
(0.03175 0.001 0.06225)
(0.032 0.001 0.06225)
(0.03225 0.001 0.06225)
(0.0325 0.001 0.06225)
(0.03275 0.001 0.06225)
(0.033 0.001 0.06225)
(0.03325 0.001 0.06225)
(0.0335 0.001 0.06225)
(0.03375 0.001 0.06225)
(0.034 0.001 0.06225)
(0.03425 0.001 0.06225)
(0.0345 0.001 0.06225)
(0.03475 0.001 0.06225)
(0.035 0.001 0.06225)
(0 0.00125 0.06225)
(0.00025 0.00125 0.06225)
(0.0005 0.00125 0.06225)
(0.00075 0.00125 0.06225)
(0.001 0.00125 0.06225)
(0.00125 0.00125 0.06225)
(0.0015 0.00125 0.06225)
(0.00175 0.00125 0.06225)
(0.002 0.00125 0.06225)
(0.00225 0.00125 0.06225)
(0.0025 0.00125 0.06225)
(0.00275 0.00125 0.06225)
(0.003 0.00125 0.06225)
(0.00325 0.00125 0.06225)
(0.0035 0.00125 0.06225)
(0.00375 0.00125 0.06225)
(0.004 0.00125 0.06225)
(0.00425 0.00125 0.06225)
(0.0045 0.00125 0.06225)
(0.00475 0.00125 0.06225)
(0.005 0.00125 0.06225)
(0.00525 0.00125 0.06225)
(0.0055 0.00125 0.06225)
(0.00575 0.00125 0.06225)
(0.006 0.00125 0.06225)
(0.00625 0.00125 0.06225)
(0.0065 0.00125 0.06225)
(0.00675 0.00125 0.06225)
(0.007 0.00125 0.06225)
(0.00725 0.00125 0.06225)
(0.0075 0.00125 0.06225)
(0.00775 0.00125 0.06225)
(0.008 0.00125 0.06225)
(0.00825 0.00125 0.06225)
(0.0085 0.00125 0.06225)
(0.00875 0.00125 0.06225)
(0.009 0.00125 0.06225)
(0.00925 0.00125 0.06225)
(0.0095 0.00125 0.06225)
(0.00975 0.00125 0.06225)
(0.01 0.00125 0.06225)
(0.01025 0.00125 0.06225)
(0.0105 0.00125 0.06225)
(0.01075 0.00125 0.06225)
(0.011 0.00125 0.06225)
(0.01125 0.00125 0.06225)
(0.0115 0.00125 0.06225)
(0.01175 0.00125 0.06225)
(0.012 0.00125 0.06225)
(0.01225 0.00125 0.06225)
(0.0125 0.00125 0.06225)
(0.01275 0.00125 0.06225)
(0.013 0.00125 0.06225)
(0.01325 0.00125 0.06225)
(0.0135 0.00125 0.06225)
(0.01375 0.00125 0.06225)
(0.014 0.00125 0.06225)
(0.01425 0.00125 0.06225)
(0.0145 0.00125 0.06225)
(0.01475 0.00125 0.06225)
(0.015 0.00125 0.06225)
(0.01525 0.00125 0.06225)
(0.0155 0.00125 0.06225)
(0.01575 0.00125 0.06225)
(0.016 0.00125 0.06225)
(0.01625 0.00125 0.06225)
(0.0165 0.00125 0.06225)
(0.01675 0.00125 0.06225)
(0.017 0.00125 0.06225)
(0.01725 0.00125 0.06225)
(0.0175 0.00125 0.06225)
(0.01775 0.00125 0.06225)
(0.018 0.00125 0.06225)
(0.01825 0.00125 0.06225)
(0.0185 0.00125 0.06225)
(0.01875 0.00125 0.06225)
(0.019 0.00125 0.06225)
(0.01925 0.00125 0.06225)
(0.0195 0.00125 0.06225)
(0.01975 0.00125 0.06225)
(0.02 0.00125 0.06225)
(0.02025 0.00125 0.06225)
(0.0205 0.00125 0.06225)
(0.02075 0.00125 0.06225)
(0.021 0.00125 0.06225)
(0.02125 0.00125 0.06225)
(0.0215 0.00125 0.06225)
(0.02175 0.00125 0.06225)
(0.022 0.00125 0.06225)
(0.02225 0.00125 0.06225)
(0.0225 0.00125 0.06225)
(0.02275 0.00125 0.06225)
(0.023 0.00125 0.06225)
(0.02325 0.00125 0.06225)
(0.0235 0.00125 0.06225)
(0.02375 0.00125 0.06225)
(0.024 0.00125 0.06225)
(0.02425 0.00125 0.06225)
(0.0245 0.00125 0.06225)
(0.02475 0.00125 0.06225)
(0.025 0.00125 0.06225)
(0.02525 0.00125 0.06225)
(0.0255 0.00125 0.06225)
(0.02575 0.00125 0.06225)
(0.026 0.00125 0.06225)
(0.02625 0.00125 0.06225)
(0.0265 0.00125 0.06225)
(0.02675 0.00125 0.06225)
(0.027 0.00125 0.06225)
(0.02725 0.00125 0.06225)
(0.0275 0.00125 0.06225)
(0.02775 0.00125 0.06225)
(0.028 0.00125 0.06225)
(0.02825 0.00125 0.06225)
(0.0285 0.00125 0.06225)
(0.02875 0.00125 0.06225)
(0.029 0.00125 0.06225)
(0.02925 0.00125 0.06225)
(0.0295 0.00125 0.06225)
(0.02975 0.00125 0.06225)
(0.03 0.00125 0.06225)
(0.03025 0.00125 0.06225)
(0.0305 0.00125 0.06225)
(0.03075 0.00125 0.06225)
(0.031 0.00125 0.06225)
(0.03125 0.00125 0.06225)
(0.0315 0.00125 0.06225)
(0.03175 0.00125 0.06225)
(0.032 0.00125 0.06225)
(0.03225 0.00125 0.06225)
(0.0325 0.00125 0.06225)
(0.03275 0.00125 0.06225)
(0.033 0.00125 0.06225)
(0.03325 0.00125 0.06225)
(0.0335 0.00125 0.06225)
(0.03375 0.00125 0.06225)
(0.034 0.00125 0.06225)
(0.03425 0.00125 0.06225)
(0.0345 0.00125 0.06225)
(0.03475 0.00125 0.06225)
(0.035 0.00125 0.06225)
(0 0.0015 0.06225)
(0.00025 0.0015 0.06225)
(0.0005 0.0015 0.06225)
(0.00075 0.0015 0.06225)
(0.001 0.0015 0.06225)
(0.00125 0.0015 0.06225)
(0.0015 0.0015 0.06225)
(0.00175 0.0015 0.06225)
(0.002 0.0015 0.06225)
(0.00225 0.0015 0.06225)
(0.0025 0.0015 0.06225)
(0.00275 0.0015 0.06225)
(0.003 0.0015 0.06225)
(0.00325 0.0015 0.06225)
(0.0035 0.0015 0.06225)
(0.00375 0.0015 0.06225)
(0.004 0.0015 0.06225)
(0.00425 0.0015 0.06225)
(0.0045 0.0015 0.06225)
(0.00475 0.0015 0.06225)
(0.005 0.0015 0.06225)
(0.00525 0.0015 0.06225)
(0.0055 0.0015 0.06225)
(0.00575 0.0015 0.06225)
(0.006 0.0015 0.06225)
(0.00625 0.0015 0.06225)
(0.0065 0.0015 0.06225)
(0.00675 0.0015 0.06225)
(0.007 0.0015 0.06225)
(0.00725 0.0015 0.06225)
(0.0075 0.0015 0.06225)
(0.00775 0.0015 0.06225)
(0.008 0.0015 0.06225)
(0.00825 0.0015 0.06225)
(0.0085 0.0015 0.06225)
(0.00875 0.0015 0.06225)
(0.009 0.0015 0.06225)
(0.00925 0.0015 0.06225)
(0.0095 0.0015 0.06225)
(0.00975 0.0015 0.06225)
(0.01 0.0015 0.06225)
(0.01025 0.0015 0.06225)
(0.0105 0.0015 0.06225)
(0.01075 0.0015 0.06225)
(0.011 0.0015 0.06225)
(0.01125 0.0015 0.06225)
(0.0115 0.0015 0.06225)
(0.01175 0.0015 0.06225)
(0.012 0.0015 0.06225)
(0.01225 0.0015 0.06225)
(0.0125 0.0015 0.06225)
(0.01275 0.0015 0.06225)
(0.013 0.0015 0.06225)
(0.01325 0.0015 0.06225)
(0.0135 0.0015 0.06225)
(0.01375 0.0015 0.06225)
(0.014 0.0015 0.06225)
(0.01425 0.0015 0.06225)
(0.0145 0.0015 0.06225)
(0.01475 0.0015 0.06225)
(0.015 0.0015 0.06225)
(0.01525 0.0015 0.06225)
(0.0155 0.0015 0.06225)
(0.01575 0.0015 0.06225)
(0.016 0.0015 0.06225)
(0.01625 0.0015 0.06225)
(0.0165 0.0015 0.06225)
(0.01675 0.0015 0.06225)
(0.017 0.0015 0.06225)
(0.01725 0.0015 0.06225)
(0.0175 0.0015 0.06225)
(0.01775 0.0015 0.06225)
(0.018 0.0015 0.06225)
(0.01825 0.0015 0.06225)
(0.0185 0.0015 0.06225)
(0.01875 0.0015 0.06225)
(0.019 0.0015 0.06225)
(0.01925 0.0015 0.06225)
(0.0195 0.0015 0.06225)
(0.01975 0.0015 0.06225)
(0.02 0.0015 0.06225)
(0.02025 0.0015 0.06225)
(0.0205 0.0015 0.06225)
(0.02075 0.0015 0.06225)
(0.021 0.0015 0.06225)
(0.02125 0.0015 0.06225)
(0.0215 0.0015 0.06225)
(0.02175 0.0015 0.06225)
(0.022 0.0015 0.06225)
(0.02225 0.0015 0.06225)
(0.0225 0.0015 0.06225)
(0.02275 0.0015 0.06225)
(0.023 0.0015 0.06225)
(0.02325 0.0015 0.06225)
(0.0235 0.0015 0.06225)
(0.02375 0.0015 0.06225)
(0.024 0.0015 0.06225)
(0.02425 0.0015 0.06225)
(0.0245 0.0015 0.06225)
(0.02475 0.0015 0.06225)
(0.025 0.0015 0.06225)
(0.02525 0.0015 0.06225)
(0.0255 0.0015 0.06225)
(0.02575 0.0015 0.06225)
(0.026 0.0015 0.06225)
(0.02625 0.0015 0.06225)
(0.0265 0.0015 0.06225)
(0.02675 0.0015 0.06225)
(0.027 0.0015 0.06225)
(0.02725 0.0015 0.06225)
(0.0275 0.0015 0.06225)
(0.02775 0.0015 0.06225)
(0.028 0.0015 0.06225)
(0.02825 0.0015 0.06225)
(0.0285 0.0015 0.06225)
(0.02875 0.0015 0.06225)
(0.029 0.0015 0.06225)
(0.02925 0.0015 0.06225)
(0.0295 0.0015 0.06225)
(0.02975 0.0015 0.06225)
(0.03 0.0015 0.06225)
(0.03025 0.0015 0.06225)
(0.0305 0.0015 0.06225)
(0.03075 0.0015 0.06225)
(0.031 0.0015 0.06225)
(0.03125 0.0015 0.06225)
(0.0315 0.0015 0.06225)
(0.03175 0.0015 0.06225)
(0.032 0.0015 0.06225)
(0.03225 0.0015 0.06225)
(0.0325 0.0015 0.06225)
(0.03275 0.0015 0.06225)
(0.033 0.0015 0.06225)
(0.03325 0.0015 0.06225)
(0.0335 0.0015 0.06225)
(0.03375 0.0015 0.06225)
(0.034 0.0015 0.06225)
(0.03425 0.0015 0.06225)
(0.0345 0.0015 0.06225)
(0.03475 0.0015 0.06225)
(0.035 0.0015 0.06225)
(0 0.00175 0.06225)
(0.00025 0.00175 0.06225)
(0.0005 0.00175 0.06225)
(0.00075 0.00175 0.06225)
(0.001 0.00175 0.06225)
(0.00125 0.00175 0.06225)
(0.0015 0.00175 0.06225)
(0.00175 0.00175 0.06225)
(0.002 0.00175 0.06225)
(0.00225 0.00175 0.06225)
(0.0025 0.00175 0.06225)
(0.00275 0.00175 0.06225)
(0.003 0.00175 0.06225)
(0.00325 0.00175 0.06225)
(0.0035 0.00175 0.06225)
(0.00375 0.00175 0.06225)
(0.004 0.00175 0.06225)
(0.00425 0.00175 0.06225)
(0.0045 0.00175 0.06225)
(0.00475 0.00175 0.06225)
(0.005 0.00175 0.06225)
(0.00525 0.00175 0.06225)
(0.0055 0.00175 0.06225)
(0.00575 0.00175 0.06225)
(0.006 0.00175 0.06225)
(0.00625 0.00175 0.06225)
(0.0065 0.00175 0.06225)
(0.00675 0.00175 0.06225)
(0.007 0.00175 0.06225)
(0.00725 0.00175 0.06225)
(0.0075 0.00175 0.06225)
(0.00775 0.00175 0.06225)
(0.008 0.00175 0.06225)
(0.00825 0.00175 0.06225)
(0.0085 0.00175 0.06225)
(0.00875 0.00175 0.06225)
(0.009 0.00175 0.06225)
(0.00925 0.00175 0.06225)
(0.0095 0.00175 0.06225)
(0.00975 0.00175 0.06225)
(0.01 0.00175 0.06225)
(0.01025 0.00175 0.06225)
(0.0105 0.00175 0.06225)
(0.01075 0.00175 0.06225)
(0.011 0.00175 0.06225)
(0.01125 0.00175 0.06225)
(0.0115 0.00175 0.06225)
(0.01175 0.00175 0.06225)
(0.012 0.00175 0.06225)
(0.01225 0.00175 0.06225)
(0.0125 0.00175 0.06225)
(0.01275 0.00175 0.06225)
(0.013 0.00175 0.06225)
(0.01325 0.00175 0.06225)
(0.0135 0.00175 0.06225)
(0.01375 0.00175 0.06225)
(0.014 0.00175 0.06225)
(0.01425 0.00175 0.06225)
(0.0145 0.00175 0.06225)
(0.01475 0.00175 0.06225)
(0.015 0.00175 0.06225)
(0.01525 0.00175 0.06225)
(0.0155 0.00175 0.06225)
(0.01575 0.00175 0.06225)
(0.016 0.00175 0.06225)
(0.01625 0.00175 0.06225)
(0.0165 0.00175 0.06225)
(0.01675 0.00175 0.06225)
(0.017 0.00175 0.06225)
(0.01725 0.00175 0.06225)
(0.0175 0.00175 0.06225)
(0.01775 0.00175 0.06225)
(0.018 0.00175 0.06225)
(0.01825 0.00175 0.06225)
(0.0185 0.00175 0.06225)
(0.01875 0.00175 0.06225)
(0.019 0.00175 0.06225)
(0.01925 0.00175 0.06225)
(0.0195 0.00175 0.06225)
(0.01975 0.00175 0.06225)
(0.02 0.00175 0.06225)
(0.02025 0.00175 0.06225)
(0.0205 0.00175 0.06225)
(0.02075 0.00175 0.06225)
(0.021 0.00175 0.06225)
(0.02125 0.00175 0.06225)
(0.0215 0.00175 0.06225)
(0.02175 0.00175 0.06225)
(0.022 0.00175 0.06225)
(0.02225 0.00175 0.06225)
(0.0225 0.00175 0.06225)
(0.02275 0.00175 0.06225)
(0.023 0.00175 0.06225)
(0.02325 0.00175 0.06225)
(0.0235 0.00175 0.06225)
(0.02375 0.00175 0.06225)
(0.024 0.00175 0.06225)
(0.02425 0.00175 0.06225)
(0.0245 0.00175 0.06225)
(0.02475 0.00175 0.06225)
(0.025 0.00175 0.06225)
(0.02525 0.00175 0.06225)
(0.0255 0.00175 0.06225)
(0.02575 0.00175 0.06225)
(0.026 0.00175 0.06225)
(0.02625 0.00175 0.06225)
(0.0265 0.00175 0.06225)
(0.02675 0.00175 0.06225)
(0.027 0.00175 0.06225)
(0.02725 0.00175 0.06225)
(0.0275 0.00175 0.06225)
(0.02775 0.00175 0.06225)
(0.028 0.00175 0.06225)
(0.02825 0.00175 0.06225)
(0.0285 0.00175 0.06225)
(0.02875 0.00175 0.06225)
(0.029 0.00175 0.06225)
(0.02925 0.00175 0.06225)
(0.0295 0.00175 0.06225)
(0.02975 0.00175 0.06225)
(0.03 0.00175 0.06225)
(0.03025 0.00175 0.06225)
(0.0305 0.00175 0.06225)
(0.03075 0.00175 0.06225)
(0.031 0.00175 0.06225)
(0.03125 0.00175 0.06225)
(0.0315 0.00175 0.06225)
(0.03175 0.00175 0.06225)
(0.032 0.00175 0.06225)
(0.03225 0.00175 0.06225)
(0.0325 0.00175 0.06225)
(0.03275 0.00175 0.06225)
(0.033 0.00175 0.06225)
(0.03325 0.00175 0.06225)
(0.0335 0.00175 0.06225)
(0.03375 0.00175 0.06225)
(0.034 0.00175 0.06225)
(0.03425 0.00175 0.06225)
(0.0345 0.00175 0.06225)
(0.03475 0.00175 0.06225)
(0.035 0.00175 0.06225)
(0 0.002 0.06225)
(0.00025 0.002 0.06225)
(0.0005 0.002 0.06225)
(0.00075 0.002 0.06225)
(0.001 0.002 0.06225)
(0.00125 0.002 0.06225)
(0.0015 0.002 0.06225)
(0.00175 0.002 0.06225)
(0.002 0.002 0.06225)
(0.00225 0.002 0.06225)
(0.0025 0.002 0.06225)
(0.00275 0.002 0.06225)
(0.003 0.002 0.06225)
(0.00325 0.002 0.06225)
(0.0035 0.002 0.06225)
(0.00375 0.002 0.06225)
(0.004 0.002 0.06225)
(0.00425 0.002 0.06225)
(0.0045 0.002 0.06225)
(0.00475 0.002 0.06225)
(0.005 0.002 0.06225)
(0.00525 0.002 0.06225)
(0.0055 0.002 0.06225)
(0.00575 0.002 0.06225)
(0.006 0.002 0.06225)
(0.00625 0.002 0.06225)
(0.0065 0.002 0.06225)
(0.00675 0.002 0.06225)
(0.007 0.002 0.06225)
(0.00725 0.002 0.06225)
(0.0075 0.002 0.06225)
(0.00775 0.002 0.06225)
(0.008 0.002 0.06225)
(0.00825 0.002 0.06225)
(0.0085 0.002 0.06225)
(0.00875 0.002 0.06225)
(0.009 0.002 0.06225)
(0.00925 0.002 0.06225)
(0.0095 0.002 0.06225)
(0.00975 0.002 0.06225)
(0.01 0.002 0.06225)
(0.01025 0.002 0.06225)
(0.0105 0.002 0.06225)
(0.01075 0.002 0.06225)
(0.011 0.002 0.06225)
(0.01125 0.002 0.06225)
(0.0115 0.002 0.06225)
(0.01175 0.002 0.06225)
(0.012 0.002 0.06225)
(0.01225 0.002 0.06225)
(0.0125 0.002 0.06225)
(0.01275 0.002 0.06225)
(0.013 0.002 0.06225)
(0.01325 0.002 0.06225)
(0.0135 0.002 0.06225)
(0.01375 0.002 0.06225)
(0.014 0.002 0.06225)
(0.01425 0.002 0.06225)
(0.0145 0.002 0.06225)
(0.01475 0.002 0.06225)
(0.015 0.002 0.06225)
(0.01525 0.002 0.06225)
(0.0155 0.002 0.06225)
(0.01575 0.002 0.06225)
(0.016 0.002 0.06225)
(0.01625 0.002 0.06225)
(0.0165 0.002 0.06225)
(0.01675 0.002 0.06225)
(0.017 0.002 0.06225)
(0.01725 0.002 0.06225)
(0.0175 0.002 0.06225)
(0.01775 0.002 0.06225)
(0.018 0.002 0.06225)
(0.01825 0.002 0.06225)
(0.0185 0.002 0.06225)
(0.01875 0.002 0.06225)
(0.019 0.002 0.06225)
(0.01925 0.002 0.06225)
(0.0195 0.002 0.06225)
(0.01975 0.002 0.06225)
(0.02 0.002 0.06225)
(0.02025 0.002 0.06225)
(0.0205 0.002 0.06225)
(0.02075 0.002 0.06225)
(0.021 0.002 0.06225)
(0.02125 0.002 0.06225)
(0.0215 0.002 0.06225)
(0.02175 0.002 0.06225)
(0.022 0.002 0.06225)
(0.02225 0.002 0.06225)
(0.0225 0.002 0.06225)
(0.02275 0.002 0.06225)
(0.023 0.002 0.06225)
(0.02325 0.002 0.06225)
(0.0235 0.002 0.06225)
(0.02375 0.002 0.06225)
(0.024 0.002 0.06225)
(0.02425 0.002 0.06225)
(0.0245 0.002 0.06225)
(0.02475 0.002 0.06225)
(0.025 0.002 0.06225)
(0.02525 0.002 0.06225)
(0.0255 0.002 0.06225)
(0.02575 0.002 0.06225)
(0.026 0.002 0.06225)
(0.02625 0.002 0.06225)
(0.0265 0.002 0.06225)
(0.02675 0.002 0.06225)
(0.027 0.002 0.06225)
(0.02725 0.002 0.06225)
(0.0275 0.002 0.06225)
(0.02775 0.002 0.06225)
(0.028 0.002 0.06225)
(0.02825 0.002 0.06225)
(0.0285 0.002 0.06225)
(0.02875 0.002 0.06225)
(0.029 0.002 0.06225)
(0.02925 0.002 0.06225)
(0.0295 0.002 0.06225)
(0.02975 0.002 0.06225)
(0.03 0.002 0.06225)
(0.03025 0.002 0.06225)
(0.0305 0.002 0.06225)
(0.03075 0.002 0.06225)
(0.031 0.002 0.06225)
(0.03125 0.002 0.06225)
(0.0315 0.002 0.06225)
(0.03175 0.002 0.06225)
(0.032 0.002 0.06225)
(0.03225 0.002 0.06225)
(0.0325 0.002 0.06225)
(0.03275 0.002 0.06225)
(0.033 0.002 0.06225)
(0.03325 0.002 0.06225)
(0.0335 0.002 0.06225)
(0.03375 0.002 0.06225)
(0.034 0.002 0.06225)
(0.03425 0.002 0.06225)
(0.0345 0.002 0.06225)
(0.03475 0.002 0.06225)
(0.035 0.002 0.06225)
(0 0.00225 0.06225)
(0.00025 0.00225 0.06225)
(0.0005 0.00225 0.06225)
(0.00075 0.00225 0.06225)
(0.001 0.00225 0.06225)
(0.00125 0.00225 0.06225)
(0.0015 0.00225 0.06225)
(0.00175 0.00225 0.06225)
(0.002 0.00225 0.06225)
(0.00225 0.00225 0.06225)
(0.0025 0.00225 0.06225)
(0.00275 0.00225 0.06225)
(0.003 0.00225 0.06225)
(0.00325 0.00225 0.06225)
(0.0035 0.00225 0.06225)
(0.00375 0.00225 0.06225)
(0.004 0.00225 0.06225)
(0.00425 0.00225 0.06225)
(0.0045 0.00225 0.06225)
(0.00475 0.00225 0.06225)
(0.005 0.00225 0.06225)
(0.00525 0.00225 0.06225)
(0.0055 0.00225 0.06225)
(0.00575 0.00225 0.06225)
(0.006 0.00225 0.06225)
(0.00625 0.00225 0.06225)
(0.0065 0.00225 0.06225)
(0.00675 0.00225 0.06225)
(0.007 0.00225 0.06225)
(0.00725 0.00225 0.06225)
(0.0075 0.00225 0.06225)
(0.00775 0.00225 0.06225)
(0.008 0.00225 0.06225)
(0.00825 0.00225 0.06225)
(0.0085 0.00225 0.06225)
(0.00875 0.00225 0.06225)
(0.009 0.00225 0.06225)
(0.00925 0.00225 0.06225)
(0.0095 0.00225 0.06225)
(0.00975 0.00225 0.06225)
(0.01 0.00225 0.06225)
(0.01025 0.00225 0.06225)
(0.0105 0.00225 0.06225)
(0.01075 0.00225 0.06225)
(0.011 0.00225 0.06225)
(0.01125 0.00225 0.06225)
(0.0115 0.00225 0.06225)
(0.01175 0.00225 0.06225)
(0.012 0.00225 0.06225)
(0.01225 0.00225 0.06225)
(0.0125 0.00225 0.06225)
(0.01275 0.00225 0.06225)
(0.013 0.00225 0.06225)
(0.01325 0.00225 0.06225)
(0.0135 0.00225 0.06225)
(0.01375 0.00225 0.06225)
(0.014 0.00225 0.06225)
(0.01425 0.00225 0.06225)
(0.0145 0.00225 0.06225)
(0.01475 0.00225 0.06225)
(0.015 0.00225 0.06225)
(0.01525 0.00225 0.06225)
(0.0155 0.00225 0.06225)
(0.01575 0.00225 0.06225)
(0.016 0.00225 0.06225)
(0.01625 0.00225 0.06225)
(0.0165 0.00225 0.06225)
(0.01675 0.00225 0.06225)
(0.017 0.00225 0.06225)
(0.01725 0.00225 0.06225)
(0.0175 0.00225 0.06225)
(0.01775 0.00225 0.06225)
(0.018 0.00225 0.06225)
(0.01825 0.00225 0.06225)
(0.0185 0.00225 0.06225)
(0.01875 0.00225 0.06225)
(0.019 0.00225 0.06225)
(0.01925 0.00225 0.06225)
(0.0195 0.00225 0.06225)
(0.01975 0.00225 0.06225)
(0.02 0.00225 0.06225)
(0.02025 0.00225 0.06225)
(0.0205 0.00225 0.06225)
(0.02075 0.00225 0.06225)
(0.021 0.00225 0.06225)
(0.02125 0.00225 0.06225)
(0.0215 0.00225 0.06225)
(0.02175 0.00225 0.06225)
(0.022 0.00225 0.06225)
(0.02225 0.00225 0.06225)
(0.0225 0.00225 0.06225)
(0.02275 0.00225 0.06225)
(0.023 0.00225 0.06225)
(0.02325 0.00225 0.06225)
(0.0235 0.00225 0.06225)
(0.02375 0.00225 0.06225)
(0.024 0.00225 0.06225)
(0.02425 0.00225 0.06225)
(0.0245 0.00225 0.06225)
(0.02475 0.00225 0.06225)
(0.025 0.00225 0.06225)
(0.02525 0.00225 0.06225)
(0.0255 0.00225 0.06225)
(0.02575 0.00225 0.06225)
(0.026 0.00225 0.06225)
(0.02625 0.00225 0.06225)
(0.0265 0.00225 0.06225)
(0.02675 0.00225 0.06225)
(0.027 0.00225 0.06225)
(0.02725 0.00225 0.06225)
(0.0275 0.00225 0.06225)
(0.02775 0.00225 0.06225)
(0.028 0.00225 0.06225)
(0.02825 0.00225 0.06225)
(0.0285 0.00225 0.06225)
(0.02875 0.00225 0.06225)
(0.029 0.00225 0.06225)
(0.02925 0.00225 0.06225)
(0.0295 0.00225 0.06225)
(0.02975 0.00225 0.06225)
(0.03 0.00225 0.06225)
(0.03025 0.00225 0.06225)
(0.0305 0.00225 0.06225)
(0.03075 0.00225 0.06225)
(0.031 0.00225 0.06225)
(0.03125 0.00225 0.06225)
(0.0315 0.00225 0.06225)
(0.03175 0.00225 0.06225)
(0.032 0.00225 0.06225)
(0.03225 0.00225 0.06225)
(0.0325 0.00225 0.06225)
(0.03275 0.00225 0.06225)
(0.033 0.00225 0.06225)
(0.03325 0.00225 0.06225)
(0.0335 0.00225 0.06225)
(0.03375 0.00225 0.06225)
(0.034 0.00225 0.06225)
(0.03425 0.00225 0.06225)
(0.0345 0.00225 0.06225)
(0.03475 0.00225 0.06225)
(0.035 0.00225 0.06225)
(0 0.0025 0.06225)
(0.00025 0.0025 0.06225)
(0.0005 0.0025 0.06225)
(0.00075 0.0025 0.06225)
(0.001 0.0025 0.06225)
(0.00125 0.0025 0.06225)
(0.0015 0.0025 0.06225)
(0.00175 0.0025 0.06225)
(0.002 0.0025 0.06225)
(0.00225 0.0025 0.06225)
(0.0025 0.0025 0.06225)
(0.00275 0.0025 0.06225)
(0.003 0.0025 0.06225)
(0.00325 0.0025 0.06225)
(0.0035 0.0025 0.06225)
(0.00375 0.0025 0.06225)
(0.004 0.0025 0.06225)
(0.00425 0.0025 0.06225)
(0.0045 0.0025 0.06225)
(0.00475 0.0025 0.06225)
(0.005 0.0025 0.06225)
(0.00525 0.0025 0.06225)
(0.0055 0.0025 0.06225)
(0.00575 0.0025 0.06225)
(0.006 0.0025 0.06225)
(0.00625 0.0025 0.06225)
(0.0065 0.0025 0.06225)
(0.00675 0.0025 0.06225)
(0.007 0.0025 0.06225)
(0.00725 0.0025 0.06225)
(0.0075 0.0025 0.06225)
(0.00775 0.0025 0.06225)
(0.008 0.0025 0.06225)
(0.00825 0.0025 0.06225)
(0.0085 0.0025 0.06225)
(0.00875 0.0025 0.06225)
(0.009 0.0025 0.06225)
(0.00925 0.0025 0.06225)
(0.0095 0.0025 0.06225)
(0.00975 0.0025 0.06225)
(0.01 0.0025 0.06225)
(0.01025 0.0025 0.06225)
(0.0105 0.0025 0.06225)
(0.01075 0.0025 0.06225)
(0.011 0.0025 0.06225)
(0.01125 0.0025 0.06225)
(0.0115 0.0025 0.06225)
(0.01175 0.0025 0.06225)
(0.012 0.0025 0.06225)
(0.01225 0.0025 0.06225)
(0.0125 0.0025 0.06225)
(0.01275 0.0025 0.06225)
(0.013 0.0025 0.06225)
(0.01325 0.0025 0.06225)
(0.0135 0.0025 0.06225)
(0.01375 0.0025 0.06225)
(0.014 0.0025 0.06225)
(0.01425 0.0025 0.06225)
(0.0145 0.0025 0.06225)
(0.01475 0.0025 0.06225)
(0.015 0.0025 0.06225)
(0.01525 0.0025 0.06225)
(0.0155 0.0025 0.06225)
(0.01575 0.0025 0.06225)
(0.016 0.0025 0.06225)
(0.01625 0.0025 0.06225)
(0.0165 0.0025 0.06225)
(0.01675 0.0025 0.06225)
(0.017 0.0025 0.06225)
(0.01725 0.0025 0.06225)
(0.0175 0.0025 0.06225)
(0.01775 0.0025 0.06225)
(0.018 0.0025 0.06225)
(0.01825 0.0025 0.06225)
(0.0185 0.0025 0.06225)
(0.01875 0.0025 0.06225)
(0.019 0.0025 0.06225)
(0.01925 0.0025 0.06225)
(0.0195 0.0025 0.06225)
(0.01975 0.0025 0.06225)
(0.02 0.0025 0.06225)
(0.02025 0.0025 0.06225)
(0.0205 0.0025 0.06225)
(0.02075 0.0025 0.06225)
(0.021 0.0025 0.06225)
(0.02125 0.0025 0.06225)
(0.0215 0.0025 0.06225)
(0.02175 0.0025 0.06225)
(0.022 0.0025 0.06225)
(0.02225 0.0025 0.06225)
(0.0225 0.0025 0.06225)
(0.02275 0.0025 0.06225)
(0.023 0.0025 0.06225)
(0.02325 0.0025 0.06225)
(0.0235 0.0025 0.06225)
(0.02375 0.0025 0.06225)
(0.024 0.0025 0.06225)
(0.02425 0.0025 0.06225)
(0.0245 0.0025 0.06225)
(0.02475 0.0025 0.06225)
(0.025 0.0025 0.06225)
(0.02525 0.0025 0.06225)
(0.0255 0.0025 0.06225)
(0.02575 0.0025 0.06225)
(0.026 0.0025 0.06225)
(0.02625 0.0025 0.06225)
(0.0265 0.0025 0.06225)
(0.02675 0.0025 0.06225)
(0.027 0.0025 0.06225)
(0.02725 0.0025 0.06225)
(0.0275 0.0025 0.06225)
(0.02775 0.0025 0.06225)
(0.028 0.0025 0.06225)
(0.02825 0.0025 0.06225)
(0.0285 0.0025 0.06225)
(0.02875 0.0025 0.06225)
(0.029 0.0025 0.06225)
(0.02925 0.0025 0.06225)
(0.0295 0.0025 0.06225)
(0.02975 0.0025 0.06225)
(0.03 0.0025 0.06225)
(0.03025 0.0025 0.06225)
(0.0305 0.0025 0.06225)
(0.03075 0.0025 0.06225)
(0.031 0.0025 0.06225)
(0.03125 0.0025 0.06225)
(0.0315 0.0025 0.06225)
(0.03175 0.0025 0.06225)
(0.032 0.0025 0.06225)
(0.03225 0.0025 0.06225)
(0.0325 0.0025 0.06225)
(0.03275 0.0025 0.06225)
(0.033 0.0025 0.06225)
(0.03325 0.0025 0.06225)
(0.0335 0.0025 0.06225)
(0.03375 0.0025 0.06225)
(0.034 0.0025 0.06225)
(0.03425 0.0025 0.06225)
(0.0345 0.0025 0.06225)
(0.03475 0.0025 0.06225)
(0.035 0.0025 0.06225)
(0 0 0.0625)
(0.00025 0 0.0625)
(0.0005 0 0.0625)
(0.00075 0 0.0625)
(0.001 0 0.0625)
(0.00125 0 0.0625)
(0.0015 0 0.0625)
(0.00175 0 0.0625)
(0.002 0 0.0625)
(0.00225 0 0.0625)
(0.0025 0 0.0625)
(0.00275 0 0.0625)
(0.003 0 0.0625)
(0.00325 0 0.0625)
(0.0035 0 0.0625)
(0.00375 0 0.0625)
(0.004 0 0.0625)
(0.00425 0 0.0625)
(0.0045 0 0.0625)
(0.00475 0 0.0625)
(0.005 0 0.0625)
(0.00525 0 0.0625)
(0.0055 0 0.0625)
(0.00575 0 0.0625)
(0.006 0 0.0625)
(0.00625 0 0.0625)
(0.0065 0 0.0625)
(0.00675 0 0.0625)
(0.007 0 0.0625)
(0.00725 0 0.0625)
(0.0075 0 0.0625)
(0.00775 0 0.0625)
(0.008 0 0.0625)
(0.00825 0 0.0625)
(0.0085 0 0.0625)
(0.00875 0 0.0625)
(0.009 0 0.0625)
(0.00925 0 0.0625)
(0.0095 0 0.0625)
(0.00975 0 0.0625)
(0.01 0 0.0625)
(0.01025 0 0.0625)
(0.0105 0 0.0625)
(0.01075 0 0.0625)
(0.011 0 0.0625)
(0.01125 0 0.0625)
(0.0115 0 0.0625)
(0.01175 0 0.0625)
(0.012 0 0.0625)
(0.01225 0 0.0625)
(0.0125 0 0.0625)
(0.01275 0 0.0625)
(0.013 0 0.0625)
(0.01325 0 0.0625)
(0.0135 0 0.0625)
(0.01375 0 0.0625)
(0.014 0 0.0625)
(0.01425 0 0.0625)
(0.0145 0 0.0625)
(0.01475 0 0.0625)
(0.015 0 0.0625)
(0.01525 0 0.0625)
(0.0155 0 0.0625)
(0.01575 0 0.0625)
(0.016 0 0.0625)
(0.01625 0 0.0625)
(0.0165 0 0.0625)
(0.01675 0 0.0625)
(0.017 0 0.0625)
(0.01725 0 0.0625)
(0.0175 0 0.0625)
(0.01775 0 0.0625)
(0.018 0 0.0625)
(0.01825 0 0.0625)
(0.0185 0 0.0625)
(0.01875 0 0.0625)
(0.019 0 0.0625)
(0.01925 0 0.0625)
(0.0195 0 0.0625)
(0.01975 0 0.0625)
(0.02 0 0.0625)
(0.02025 0 0.0625)
(0.0205 0 0.0625)
(0.02075 0 0.0625)
(0.021 0 0.0625)
(0.02125 0 0.0625)
(0.0215 0 0.0625)
(0.02175 0 0.0625)
(0.022 0 0.0625)
(0.02225 0 0.0625)
(0.0225 0 0.0625)
(0.02275 0 0.0625)
(0.023 0 0.0625)
(0.02325 0 0.0625)
(0.0235 0 0.0625)
(0.02375 0 0.0625)
(0.024 0 0.0625)
(0.02425 0 0.0625)
(0.0245 0 0.0625)
(0.02475 0 0.0625)
(0.025 0 0.0625)
(0.02525 0 0.0625)
(0.0255 0 0.0625)
(0.02575 0 0.0625)
(0.026 0 0.0625)
(0.02625 0 0.0625)
(0.0265 0 0.0625)
(0.02675 0 0.0625)
(0.027 0 0.0625)
(0.02725 0 0.0625)
(0.0275 0 0.0625)
(0.02775 0 0.0625)
(0.028 0 0.0625)
(0.02825 0 0.0625)
(0.0285 0 0.0625)
(0.02875 0 0.0625)
(0.029 0 0.0625)
(0.02925 0 0.0625)
(0.0295 0 0.0625)
(0.02975 0 0.0625)
(0.03 0 0.0625)
(0.03025 0 0.0625)
(0.0305 0 0.0625)
(0.03075 0 0.0625)
(0.031 0 0.0625)
(0.03125 0 0.0625)
(0.0315 0 0.0625)
(0.03175 0 0.0625)
(0.032 0 0.0625)
(0.03225 0 0.0625)
(0.0325 0 0.0625)
(0.03275 0 0.0625)
(0.033 0 0.0625)
(0.03325 0 0.0625)
(0.0335 0 0.0625)
(0.03375 0 0.0625)
(0.034 0 0.0625)
(0.03425 0 0.0625)
(0.0345 0 0.0625)
(0.03475 0 0.0625)
(0.035 0 0.0625)
(0 0.00025 0.0625)
(0.00025 0.00025 0.0625)
(0.0005 0.00025 0.0625)
(0.00075 0.00025 0.0625)
(0.001 0.00025 0.0625)
(0.00125 0.00025 0.0625)
(0.0015 0.00025 0.0625)
(0.00175 0.00025 0.0625)
(0.002 0.00025 0.0625)
(0.00225 0.00025 0.0625)
(0.0025 0.00025 0.0625)
(0.00275 0.00025 0.0625)
(0.003 0.00025 0.0625)
(0.00325 0.00025 0.0625)
(0.0035 0.00025 0.0625)
(0.00375 0.00025 0.0625)
(0.004 0.00025 0.0625)
(0.00425 0.00025 0.0625)
(0.0045 0.00025 0.0625)
(0.00475 0.00025 0.0625)
(0.005 0.00025 0.0625)
(0.00525 0.00025 0.0625)
(0.0055 0.00025 0.0625)
(0.00575 0.00025 0.0625)
(0.006 0.00025 0.0625)
(0.00625 0.00025 0.0625)
(0.0065 0.00025 0.0625)
(0.00675 0.00025 0.0625)
(0.007 0.00025 0.0625)
(0.00725 0.00025 0.0625)
(0.0075 0.00025 0.0625)
(0.00775 0.00025 0.0625)
(0.008 0.00025 0.0625)
(0.00825 0.00025 0.0625)
(0.0085 0.00025 0.0625)
(0.00875 0.00025 0.0625)
(0.009 0.00025 0.0625)
(0.00925 0.00025 0.0625)
(0.0095 0.00025 0.0625)
(0.00975 0.00025 0.0625)
(0.01 0.00025 0.0625)
(0.01025 0.00025 0.0625)
(0.0105 0.00025 0.0625)
(0.01075 0.00025 0.0625)
(0.011 0.00025 0.0625)
(0.01125 0.00025 0.0625)
(0.0115 0.00025 0.0625)
(0.01175 0.00025 0.0625)
(0.012 0.00025 0.0625)
(0.01225 0.00025 0.0625)
(0.0125 0.00025 0.0625)
(0.01275 0.00025 0.0625)
(0.013 0.00025 0.0625)
(0.01325 0.00025 0.0625)
(0.0135 0.00025 0.0625)
(0.01375 0.00025 0.0625)
(0.014 0.00025 0.0625)
(0.01425 0.00025 0.0625)
(0.0145 0.00025 0.0625)
(0.01475 0.00025 0.0625)
(0.015 0.00025 0.0625)
(0.01525 0.00025 0.0625)
(0.0155 0.00025 0.0625)
(0.01575 0.00025 0.0625)
(0.016 0.00025 0.0625)
(0.01625 0.00025 0.0625)
(0.0165 0.00025 0.0625)
(0.01675 0.00025 0.0625)
(0.017 0.00025 0.0625)
(0.01725 0.00025 0.0625)
(0.0175 0.00025 0.0625)
(0.01775 0.00025 0.0625)
(0.018 0.00025 0.0625)
(0.01825 0.00025 0.0625)
(0.0185 0.00025 0.0625)
(0.01875 0.00025 0.0625)
(0.019 0.00025 0.0625)
(0.01925 0.00025 0.0625)
(0.0195 0.00025 0.0625)
(0.01975 0.00025 0.0625)
(0.02 0.00025 0.0625)
(0.02025 0.00025 0.0625)
(0.0205 0.00025 0.0625)
(0.02075 0.00025 0.0625)
(0.021 0.00025 0.0625)
(0.02125 0.00025 0.0625)
(0.0215 0.00025 0.0625)
(0.02175 0.00025 0.0625)
(0.022 0.00025 0.0625)
(0.02225 0.00025 0.0625)
(0.0225 0.00025 0.0625)
(0.02275 0.00025 0.0625)
(0.023 0.00025 0.0625)
(0.02325 0.00025 0.0625)
(0.0235 0.00025 0.0625)
(0.02375 0.00025 0.0625)
(0.024 0.00025 0.0625)
(0.02425 0.00025 0.0625)
(0.0245 0.00025 0.0625)
(0.02475 0.00025 0.0625)
(0.025 0.00025 0.0625)
(0.02525 0.00025 0.0625)
(0.0255 0.00025 0.0625)
(0.02575 0.00025 0.0625)
(0.026 0.00025 0.0625)
(0.02625 0.00025 0.0625)
(0.0265 0.00025 0.0625)
(0.02675 0.00025 0.0625)
(0.027 0.00025 0.0625)
(0.02725 0.00025 0.0625)
(0.0275 0.00025 0.0625)
(0.02775 0.00025 0.0625)
(0.028 0.00025 0.0625)
(0.02825 0.00025 0.0625)
(0.0285 0.00025 0.0625)
(0.02875 0.00025 0.0625)
(0.029 0.00025 0.0625)
(0.02925 0.00025 0.0625)
(0.0295 0.00025 0.0625)
(0.02975 0.00025 0.0625)
(0.03 0.00025 0.0625)
(0.03025 0.00025 0.0625)
(0.0305 0.00025 0.0625)
(0.03075 0.00025 0.0625)
(0.031 0.00025 0.0625)
(0.03125 0.00025 0.0625)
(0.0315 0.00025 0.0625)
(0.03175 0.00025 0.0625)
(0.032 0.00025 0.0625)
(0.03225 0.00025 0.0625)
(0.0325 0.00025 0.0625)
(0.03275 0.00025 0.0625)
(0.033 0.00025 0.0625)
(0.03325 0.00025 0.0625)
(0.0335 0.00025 0.0625)
(0.03375 0.00025 0.0625)
(0.034 0.00025 0.0625)
(0.03425 0.00025 0.0625)
(0.0345 0.00025 0.0625)
(0.03475 0.00025 0.0625)
(0.035 0.00025 0.0625)
(0 0.0005 0.0625)
(0.00025 0.0005 0.0625)
(0.0005 0.0005 0.0625)
(0.00075 0.0005 0.0625)
(0.001 0.0005 0.0625)
(0.00125 0.0005 0.0625)
(0.0015 0.0005 0.0625)
(0.00175 0.0005 0.0625)
(0.002 0.0005 0.0625)
(0.00225 0.0005 0.0625)
(0.0025 0.0005 0.0625)
(0.00275 0.0005 0.0625)
(0.003 0.0005 0.0625)
(0.00325 0.0005 0.0625)
(0.0035 0.0005 0.0625)
(0.00375 0.0005 0.0625)
(0.004 0.0005 0.0625)
(0.00425 0.0005 0.0625)
(0.0045 0.0005 0.0625)
(0.00475 0.0005 0.0625)
(0.005 0.0005 0.0625)
(0.00525 0.0005 0.0625)
(0.0055 0.0005 0.0625)
(0.00575 0.0005 0.0625)
(0.006 0.0005 0.0625)
(0.00625 0.0005 0.0625)
(0.0065 0.0005 0.0625)
(0.00675 0.0005 0.0625)
(0.007 0.0005 0.0625)
(0.00725 0.0005 0.0625)
(0.0075 0.0005 0.0625)
(0.00775 0.0005 0.0625)
(0.008 0.0005 0.0625)
(0.00825 0.0005 0.0625)
(0.0085 0.0005 0.0625)
(0.00875 0.0005 0.0625)
(0.009 0.0005 0.0625)
(0.00925 0.0005 0.0625)
(0.0095 0.0005 0.0625)
(0.00975 0.0005 0.0625)
(0.01 0.0005 0.0625)
(0.01025 0.0005 0.0625)
(0.0105 0.0005 0.0625)
(0.01075 0.0005 0.0625)
(0.011 0.0005 0.0625)
(0.01125 0.0005 0.0625)
(0.0115 0.0005 0.0625)
(0.01175 0.0005 0.0625)
(0.012 0.0005 0.0625)
(0.01225 0.0005 0.0625)
(0.0125 0.0005 0.0625)
(0.01275 0.0005 0.0625)
(0.013 0.0005 0.0625)
(0.01325 0.0005 0.0625)
(0.0135 0.0005 0.0625)
(0.01375 0.0005 0.0625)
(0.014 0.0005 0.0625)
(0.01425 0.0005 0.0625)
(0.0145 0.0005 0.0625)
(0.01475 0.0005 0.0625)
(0.015 0.0005 0.0625)
(0.01525 0.0005 0.0625)
(0.0155 0.0005 0.0625)
(0.01575 0.0005 0.0625)
(0.016 0.0005 0.0625)
(0.01625 0.0005 0.0625)
(0.0165 0.0005 0.0625)
(0.01675 0.0005 0.0625)
(0.017 0.0005 0.0625)
(0.01725 0.0005 0.0625)
(0.0175 0.0005 0.0625)
(0.01775 0.0005 0.0625)
(0.018 0.0005 0.0625)
(0.01825 0.0005 0.0625)
(0.0185 0.0005 0.0625)
(0.01875 0.0005 0.0625)
(0.019 0.0005 0.0625)
(0.01925 0.0005 0.0625)
(0.0195 0.0005 0.0625)
(0.01975 0.0005 0.0625)
(0.02 0.0005 0.0625)
(0.02025 0.0005 0.0625)
(0.0205 0.0005 0.0625)
(0.02075 0.0005 0.0625)
(0.021 0.0005 0.0625)
(0.02125 0.0005 0.0625)
(0.0215 0.0005 0.0625)
(0.02175 0.0005 0.0625)
(0.022 0.0005 0.0625)
(0.02225 0.0005 0.0625)
(0.0225 0.0005 0.0625)
(0.02275 0.0005 0.0625)
(0.023 0.0005 0.0625)
(0.02325 0.0005 0.0625)
(0.0235 0.0005 0.0625)
(0.02375 0.0005 0.0625)
(0.024 0.0005 0.0625)
(0.02425 0.0005 0.0625)
(0.0245 0.0005 0.0625)
(0.02475 0.0005 0.0625)
(0.025 0.0005 0.0625)
(0.02525 0.0005 0.0625)
(0.0255 0.0005 0.0625)
(0.02575 0.0005 0.0625)
(0.026 0.0005 0.0625)
(0.02625 0.0005 0.0625)
(0.0265 0.0005 0.0625)
(0.02675 0.0005 0.0625)
(0.027 0.0005 0.0625)
(0.02725 0.0005 0.0625)
(0.0275 0.0005 0.0625)
(0.02775 0.0005 0.0625)
(0.028 0.0005 0.0625)
(0.02825 0.0005 0.0625)
(0.0285 0.0005 0.0625)
(0.02875 0.0005 0.0625)
(0.029 0.0005 0.0625)
(0.02925 0.0005 0.0625)
(0.0295 0.0005 0.0625)
(0.02975 0.0005 0.0625)
(0.03 0.0005 0.0625)
(0.03025 0.0005 0.0625)
(0.0305 0.0005 0.0625)
(0.03075 0.0005 0.0625)
(0.031 0.0005 0.0625)
(0.03125 0.0005 0.0625)
(0.0315 0.0005 0.0625)
(0.03175 0.0005 0.0625)
(0.032 0.0005 0.0625)
(0.03225 0.0005 0.0625)
(0.0325 0.0005 0.0625)
(0.03275 0.0005 0.0625)
(0.033 0.0005 0.0625)
(0.03325 0.0005 0.0625)
(0.0335 0.0005 0.0625)
(0.03375 0.0005 0.0625)
(0.034 0.0005 0.0625)
(0.03425 0.0005 0.0625)
(0.0345 0.0005 0.0625)
(0.03475 0.0005 0.0625)
(0.035 0.0005 0.0625)
(0 0.00075 0.0625)
(0.00025 0.00075 0.0625)
(0.0005 0.00075 0.0625)
(0.00075 0.00075 0.0625)
(0.001 0.00075 0.0625)
(0.00125 0.00075 0.0625)
(0.0015 0.00075 0.0625)
(0.00175 0.00075 0.0625)
(0.002 0.00075 0.0625)
(0.00225 0.00075 0.0625)
(0.0025 0.00075 0.0625)
(0.00275 0.00075 0.0625)
(0.003 0.00075 0.0625)
(0.00325 0.00075 0.0625)
(0.0035 0.00075 0.0625)
(0.00375 0.00075 0.0625)
(0.004 0.00075 0.0625)
(0.00425 0.00075 0.0625)
(0.0045 0.00075 0.0625)
(0.00475 0.00075 0.0625)
(0.005 0.00075 0.0625)
(0.00525 0.00075 0.0625)
(0.0055 0.00075 0.0625)
(0.00575 0.00075 0.0625)
(0.006 0.00075 0.0625)
(0.00625 0.00075 0.0625)
(0.0065 0.00075 0.0625)
(0.00675 0.00075 0.0625)
(0.007 0.00075 0.0625)
(0.00725 0.00075 0.0625)
(0.0075 0.00075 0.0625)
(0.00775 0.00075 0.0625)
(0.008 0.00075 0.0625)
(0.00825 0.00075 0.0625)
(0.0085 0.00075 0.0625)
(0.00875 0.00075 0.0625)
(0.009 0.00075 0.0625)
(0.00925 0.00075 0.0625)
(0.0095 0.00075 0.0625)
(0.00975 0.00075 0.0625)
(0.01 0.00075 0.0625)
(0.01025 0.00075 0.0625)
(0.0105 0.00075 0.0625)
(0.01075 0.00075 0.0625)
(0.011 0.00075 0.0625)
(0.01125 0.00075 0.0625)
(0.0115 0.00075 0.0625)
(0.01175 0.00075 0.0625)
(0.012 0.00075 0.0625)
(0.01225 0.00075 0.0625)
(0.0125 0.00075 0.0625)
(0.01275 0.00075 0.0625)
(0.013 0.00075 0.0625)
(0.01325 0.00075 0.0625)
(0.0135 0.00075 0.0625)
(0.01375 0.00075 0.0625)
(0.014 0.00075 0.0625)
(0.01425 0.00075 0.0625)
(0.0145 0.00075 0.0625)
(0.01475 0.00075 0.0625)
(0.015 0.00075 0.0625)
(0.01525 0.00075 0.0625)
(0.0155 0.00075 0.0625)
(0.01575 0.00075 0.0625)
(0.016 0.00075 0.0625)
(0.01625 0.00075 0.0625)
(0.0165 0.00075 0.0625)
(0.01675 0.00075 0.0625)
(0.017 0.00075 0.0625)
(0.01725 0.00075 0.0625)
(0.0175 0.00075 0.0625)
(0.01775 0.00075 0.0625)
(0.018 0.00075 0.0625)
(0.01825 0.00075 0.0625)
(0.0185 0.00075 0.0625)
(0.01875 0.00075 0.0625)
(0.019 0.00075 0.0625)
(0.01925 0.00075 0.0625)
(0.0195 0.00075 0.0625)
(0.01975 0.00075 0.0625)
(0.02 0.00075 0.0625)
(0.02025 0.00075 0.0625)
(0.0205 0.00075 0.0625)
(0.02075 0.00075 0.0625)
(0.021 0.00075 0.0625)
(0.02125 0.00075 0.0625)
(0.0215 0.00075 0.0625)
(0.02175 0.00075 0.0625)
(0.022 0.00075 0.0625)
(0.02225 0.00075 0.0625)
(0.0225 0.00075 0.0625)
(0.02275 0.00075 0.0625)
(0.023 0.00075 0.0625)
(0.02325 0.00075 0.0625)
(0.0235 0.00075 0.0625)
(0.02375 0.00075 0.0625)
(0.024 0.00075 0.0625)
(0.02425 0.00075 0.0625)
(0.0245 0.00075 0.0625)
(0.02475 0.00075 0.0625)
(0.025 0.00075 0.0625)
(0.02525 0.00075 0.0625)
(0.0255 0.00075 0.0625)
(0.02575 0.00075 0.0625)
(0.026 0.00075 0.0625)
(0.02625 0.00075 0.0625)
(0.0265 0.00075 0.0625)
(0.02675 0.00075 0.0625)
(0.027 0.00075 0.0625)
(0.02725 0.00075 0.0625)
(0.0275 0.00075 0.0625)
(0.02775 0.00075 0.0625)
(0.028 0.00075 0.0625)
(0.02825 0.00075 0.0625)
(0.0285 0.00075 0.0625)
(0.02875 0.00075 0.0625)
(0.029 0.00075 0.0625)
(0.02925 0.00075 0.0625)
(0.0295 0.00075 0.0625)
(0.02975 0.00075 0.0625)
(0.03 0.00075 0.0625)
(0.03025 0.00075 0.0625)
(0.0305 0.00075 0.0625)
(0.03075 0.00075 0.0625)
(0.031 0.00075 0.0625)
(0.03125 0.00075 0.0625)
(0.0315 0.00075 0.0625)
(0.03175 0.00075 0.0625)
(0.032 0.00075 0.0625)
(0.03225 0.00075 0.0625)
(0.0325 0.00075 0.0625)
(0.03275 0.00075 0.0625)
(0.033 0.00075 0.0625)
(0.03325 0.00075 0.0625)
(0.0335 0.00075 0.0625)
(0.03375 0.00075 0.0625)
(0.034 0.00075 0.0625)
(0.03425 0.00075 0.0625)
(0.0345 0.00075 0.0625)
(0.03475 0.00075 0.0625)
(0.035 0.00075 0.0625)
(0 0.001 0.0625)
(0.00025 0.001 0.0625)
(0.0005 0.001 0.0625)
(0.00075 0.001 0.0625)
(0.001 0.001 0.0625)
(0.00125 0.001 0.0625)
(0.0015 0.001 0.0625)
(0.00175 0.001 0.0625)
(0.002 0.001 0.0625)
(0.00225 0.001 0.0625)
(0.0025 0.001 0.0625)
(0.00275 0.001 0.0625)
(0.003 0.001 0.0625)
(0.00325 0.001 0.0625)
(0.0035 0.001 0.0625)
(0.00375 0.001 0.0625)
(0.004 0.001 0.0625)
(0.00425 0.001 0.0625)
(0.0045 0.001 0.0625)
(0.00475 0.001 0.0625)
(0.005 0.001 0.0625)
(0.00525 0.001 0.0625)
(0.0055 0.001 0.0625)
(0.00575 0.001 0.0625)
(0.006 0.001 0.0625)
(0.00625 0.001 0.0625)
(0.0065 0.001 0.0625)
(0.00675 0.001 0.0625)
(0.007 0.001 0.0625)
(0.00725 0.001 0.0625)
(0.0075 0.001 0.0625)
(0.00775 0.001 0.0625)
(0.008 0.001 0.0625)
(0.00825 0.001 0.0625)
(0.0085 0.001 0.0625)
(0.00875 0.001 0.0625)
(0.009 0.001 0.0625)
(0.00925 0.001 0.0625)
(0.0095 0.001 0.0625)
(0.00975 0.001 0.0625)
(0.01 0.001 0.0625)
(0.01025 0.001 0.0625)
(0.0105 0.001 0.0625)
(0.01075 0.001 0.0625)
(0.011 0.001 0.0625)
(0.01125 0.001 0.0625)
(0.0115 0.001 0.0625)
(0.01175 0.001 0.0625)
(0.012 0.001 0.0625)
(0.01225 0.001 0.0625)
(0.0125 0.001 0.0625)
(0.01275 0.001 0.0625)
(0.013 0.001 0.0625)
(0.01325 0.001 0.0625)
(0.0135 0.001 0.0625)
(0.01375 0.001 0.0625)
(0.014 0.001 0.0625)
(0.01425 0.001 0.0625)
(0.0145 0.001 0.0625)
(0.01475 0.001 0.0625)
(0.015 0.001 0.0625)
(0.01525 0.001 0.0625)
(0.0155 0.001 0.0625)
(0.01575 0.001 0.0625)
(0.016 0.001 0.0625)
(0.01625 0.001 0.0625)
(0.0165 0.001 0.0625)
(0.01675 0.001 0.0625)
(0.017 0.001 0.0625)
(0.01725 0.001 0.0625)
(0.0175 0.001 0.0625)
(0.01775 0.001 0.0625)
(0.018 0.001 0.0625)
(0.01825 0.001 0.0625)
(0.0185 0.001 0.0625)
(0.01875 0.001 0.0625)
(0.019 0.001 0.0625)
(0.01925 0.001 0.0625)
(0.0195 0.001 0.0625)
(0.01975 0.001 0.0625)
(0.02 0.001 0.0625)
(0.02025 0.001 0.0625)
(0.0205 0.001 0.0625)
(0.02075 0.001 0.0625)
(0.021 0.001 0.0625)
(0.02125 0.001 0.0625)
(0.0215 0.001 0.0625)
(0.02175 0.001 0.0625)
(0.022 0.001 0.0625)
(0.02225 0.001 0.0625)
(0.0225 0.001 0.0625)
(0.02275 0.001 0.0625)
(0.023 0.001 0.0625)
(0.02325 0.001 0.0625)
(0.0235 0.001 0.0625)
(0.02375 0.001 0.0625)
(0.024 0.001 0.0625)
(0.02425 0.001 0.0625)
(0.0245 0.001 0.0625)
(0.02475 0.001 0.0625)
(0.025 0.001 0.0625)
(0.02525 0.001 0.0625)
(0.0255 0.001 0.0625)
(0.02575 0.001 0.0625)
(0.026 0.001 0.0625)
(0.02625 0.001 0.0625)
(0.0265 0.001 0.0625)
(0.02675 0.001 0.0625)
(0.027 0.001 0.0625)
(0.02725 0.001 0.0625)
(0.0275 0.001 0.0625)
(0.02775 0.001 0.0625)
(0.028 0.001 0.0625)
(0.02825 0.001 0.0625)
(0.0285 0.001 0.0625)
(0.02875 0.001 0.0625)
(0.029 0.001 0.0625)
(0.02925 0.001 0.0625)
(0.0295 0.001 0.0625)
(0.02975 0.001 0.0625)
(0.03 0.001 0.0625)
(0.03025 0.001 0.0625)
(0.0305 0.001 0.0625)
(0.03075 0.001 0.0625)
(0.031 0.001 0.0625)
(0.03125 0.001 0.0625)
(0.0315 0.001 0.0625)
(0.03175 0.001 0.0625)
(0.032 0.001 0.0625)
(0.03225 0.001 0.0625)
(0.0325 0.001 0.0625)
(0.03275 0.001 0.0625)
(0.033 0.001 0.0625)
(0.03325 0.001 0.0625)
(0.0335 0.001 0.0625)
(0.03375 0.001 0.0625)
(0.034 0.001 0.0625)
(0.03425 0.001 0.0625)
(0.0345 0.001 0.0625)
(0.03475 0.001 0.0625)
(0.035 0.001 0.0625)
(0 0.00125 0.0625)
(0.00025 0.00125 0.0625)
(0.0005 0.00125 0.0625)
(0.00075 0.00125 0.0625)
(0.001 0.00125 0.0625)
(0.00125 0.00125 0.0625)
(0.0015 0.00125 0.0625)
(0.00175 0.00125 0.0625)
(0.002 0.00125 0.0625)
(0.00225 0.00125 0.0625)
(0.0025 0.00125 0.0625)
(0.00275 0.00125 0.0625)
(0.003 0.00125 0.0625)
(0.00325 0.00125 0.0625)
(0.0035 0.00125 0.0625)
(0.00375 0.00125 0.0625)
(0.004 0.00125 0.0625)
(0.00425 0.00125 0.0625)
(0.0045 0.00125 0.0625)
(0.00475 0.00125 0.0625)
(0.005 0.00125 0.0625)
(0.00525 0.00125 0.0625)
(0.0055 0.00125 0.0625)
(0.00575 0.00125 0.0625)
(0.006 0.00125 0.0625)
(0.00625 0.00125 0.0625)
(0.0065 0.00125 0.0625)
(0.00675 0.00125 0.0625)
(0.007 0.00125 0.0625)
(0.00725 0.00125 0.0625)
(0.0075 0.00125 0.0625)
(0.00775 0.00125 0.0625)
(0.008 0.00125 0.0625)
(0.00825 0.00125 0.0625)
(0.0085 0.00125 0.0625)
(0.00875 0.00125 0.0625)
(0.009 0.00125 0.0625)
(0.00925 0.00125 0.0625)
(0.0095 0.00125 0.0625)
(0.00975 0.00125 0.0625)
(0.01 0.00125 0.0625)
(0.01025 0.00125 0.0625)
(0.0105 0.00125 0.0625)
(0.01075 0.00125 0.0625)
(0.011 0.00125 0.0625)
(0.01125 0.00125 0.0625)
(0.0115 0.00125 0.0625)
(0.01175 0.00125 0.0625)
(0.012 0.00125 0.0625)
(0.01225 0.00125 0.0625)
(0.0125 0.00125 0.0625)
(0.01275 0.00125 0.0625)
(0.013 0.00125 0.0625)
(0.01325 0.00125 0.0625)
(0.0135 0.00125 0.0625)
(0.01375 0.00125 0.0625)
(0.014 0.00125 0.0625)
(0.01425 0.00125 0.0625)
(0.0145 0.00125 0.0625)
(0.01475 0.00125 0.0625)
(0.015 0.00125 0.0625)
(0.01525 0.00125 0.0625)
(0.0155 0.00125 0.0625)
(0.01575 0.00125 0.0625)
(0.016 0.00125 0.0625)
(0.01625 0.00125 0.0625)
(0.0165 0.00125 0.0625)
(0.01675 0.00125 0.0625)
(0.017 0.00125 0.0625)
(0.01725 0.00125 0.0625)
(0.0175 0.00125 0.0625)
(0.01775 0.00125 0.0625)
(0.018 0.00125 0.0625)
(0.01825 0.00125 0.0625)
(0.0185 0.00125 0.0625)
(0.01875 0.00125 0.0625)
(0.019 0.00125 0.0625)
(0.01925 0.00125 0.0625)
(0.0195 0.00125 0.0625)
(0.01975 0.00125 0.0625)
(0.02 0.00125 0.0625)
(0.02025 0.00125 0.0625)
(0.0205 0.00125 0.0625)
(0.02075 0.00125 0.0625)
(0.021 0.00125 0.0625)
(0.02125 0.00125 0.0625)
(0.0215 0.00125 0.0625)
(0.02175 0.00125 0.0625)
(0.022 0.00125 0.0625)
(0.02225 0.00125 0.0625)
(0.0225 0.00125 0.0625)
(0.02275 0.00125 0.0625)
(0.023 0.00125 0.0625)
(0.02325 0.00125 0.0625)
(0.0235 0.00125 0.0625)
(0.02375 0.00125 0.0625)
(0.024 0.00125 0.0625)
(0.02425 0.00125 0.0625)
(0.0245 0.00125 0.0625)
(0.02475 0.00125 0.0625)
(0.025 0.00125 0.0625)
(0.02525 0.00125 0.0625)
(0.0255 0.00125 0.0625)
(0.02575 0.00125 0.0625)
(0.026 0.00125 0.0625)
(0.02625 0.00125 0.0625)
(0.0265 0.00125 0.0625)
(0.02675 0.00125 0.0625)
(0.027 0.00125 0.0625)
(0.02725 0.00125 0.0625)
(0.0275 0.00125 0.0625)
(0.02775 0.00125 0.0625)
(0.028 0.00125 0.0625)
(0.02825 0.00125 0.0625)
(0.0285 0.00125 0.0625)
(0.02875 0.00125 0.0625)
(0.029 0.00125 0.0625)
(0.02925 0.00125 0.0625)
(0.0295 0.00125 0.0625)
(0.02975 0.00125 0.0625)
(0.03 0.00125 0.0625)
(0.03025 0.00125 0.0625)
(0.0305 0.00125 0.0625)
(0.03075 0.00125 0.0625)
(0.031 0.00125 0.0625)
(0.03125 0.00125 0.0625)
(0.0315 0.00125 0.0625)
(0.03175 0.00125 0.0625)
(0.032 0.00125 0.0625)
(0.03225 0.00125 0.0625)
(0.0325 0.00125 0.0625)
(0.03275 0.00125 0.0625)
(0.033 0.00125 0.0625)
(0.03325 0.00125 0.0625)
(0.0335 0.00125 0.0625)
(0.03375 0.00125 0.0625)
(0.034 0.00125 0.0625)
(0.03425 0.00125 0.0625)
(0.0345 0.00125 0.0625)
(0.03475 0.00125 0.0625)
(0.035 0.00125 0.0625)
(0 0.0015 0.0625)
(0.00025 0.0015 0.0625)
(0.0005 0.0015 0.0625)
(0.00075 0.0015 0.0625)
(0.001 0.0015 0.0625)
(0.00125 0.0015 0.0625)
(0.0015 0.0015 0.0625)
(0.00175 0.0015 0.0625)
(0.002 0.0015 0.0625)
(0.00225 0.0015 0.0625)
(0.0025 0.0015 0.0625)
(0.00275 0.0015 0.0625)
(0.003 0.0015 0.0625)
(0.00325 0.0015 0.0625)
(0.0035 0.0015 0.0625)
(0.00375 0.0015 0.0625)
(0.004 0.0015 0.0625)
(0.00425 0.0015 0.0625)
(0.0045 0.0015 0.0625)
(0.00475 0.0015 0.0625)
(0.005 0.0015 0.0625)
(0.00525 0.0015 0.0625)
(0.0055 0.0015 0.0625)
(0.00575 0.0015 0.0625)
(0.006 0.0015 0.0625)
(0.00625 0.0015 0.0625)
(0.0065 0.0015 0.0625)
(0.00675 0.0015 0.0625)
(0.007 0.0015 0.0625)
(0.00725 0.0015 0.0625)
(0.0075 0.0015 0.0625)
(0.00775 0.0015 0.0625)
(0.008 0.0015 0.0625)
(0.00825 0.0015 0.0625)
(0.0085 0.0015 0.0625)
(0.00875 0.0015 0.0625)
(0.009 0.0015 0.0625)
(0.00925 0.0015 0.0625)
(0.0095 0.0015 0.0625)
(0.00975 0.0015 0.0625)
(0.01 0.0015 0.0625)
(0.01025 0.0015 0.0625)
(0.0105 0.0015 0.0625)
(0.01075 0.0015 0.0625)
(0.011 0.0015 0.0625)
(0.01125 0.0015 0.0625)
(0.0115 0.0015 0.0625)
(0.01175 0.0015 0.0625)
(0.012 0.0015 0.0625)
(0.01225 0.0015 0.0625)
(0.0125 0.0015 0.0625)
(0.01275 0.0015 0.0625)
(0.013 0.0015 0.0625)
(0.01325 0.0015 0.0625)
(0.0135 0.0015 0.0625)
(0.01375 0.0015 0.0625)
(0.014 0.0015 0.0625)
(0.01425 0.0015 0.0625)
(0.0145 0.0015 0.0625)
(0.01475 0.0015 0.0625)
(0.015 0.0015 0.0625)
(0.01525 0.0015 0.0625)
(0.0155 0.0015 0.0625)
(0.01575 0.0015 0.0625)
(0.016 0.0015 0.0625)
(0.01625 0.0015 0.0625)
(0.0165 0.0015 0.0625)
(0.01675 0.0015 0.0625)
(0.017 0.0015 0.0625)
(0.01725 0.0015 0.0625)
(0.0175 0.0015 0.0625)
(0.01775 0.0015 0.0625)
(0.018 0.0015 0.0625)
(0.01825 0.0015 0.0625)
(0.0185 0.0015 0.0625)
(0.01875 0.0015 0.0625)
(0.019 0.0015 0.0625)
(0.01925 0.0015 0.0625)
(0.0195 0.0015 0.0625)
(0.01975 0.0015 0.0625)
(0.02 0.0015 0.0625)
(0.02025 0.0015 0.0625)
(0.0205 0.0015 0.0625)
(0.02075 0.0015 0.0625)
(0.021 0.0015 0.0625)
(0.02125 0.0015 0.0625)
(0.0215 0.0015 0.0625)
(0.02175 0.0015 0.0625)
(0.022 0.0015 0.0625)
(0.02225 0.0015 0.0625)
(0.0225 0.0015 0.0625)
(0.02275 0.0015 0.0625)
(0.023 0.0015 0.0625)
(0.02325 0.0015 0.0625)
(0.0235 0.0015 0.0625)
(0.02375 0.0015 0.0625)
(0.024 0.0015 0.0625)
(0.02425 0.0015 0.0625)
(0.0245 0.0015 0.0625)
(0.02475 0.0015 0.0625)
(0.025 0.0015 0.0625)
(0.02525 0.0015 0.0625)
(0.0255 0.0015 0.0625)
(0.02575 0.0015 0.0625)
(0.026 0.0015 0.0625)
(0.02625 0.0015 0.0625)
(0.0265 0.0015 0.0625)
(0.02675 0.0015 0.0625)
(0.027 0.0015 0.0625)
(0.02725 0.0015 0.0625)
(0.0275 0.0015 0.0625)
(0.02775 0.0015 0.0625)
(0.028 0.0015 0.0625)
(0.02825 0.0015 0.0625)
(0.0285 0.0015 0.0625)
(0.02875 0.0015 0.0625)
(0.029 0.0015 0.0625)
(0.02925 0.0015 0.0625)
(0.0295 0.0015 0.0625)
(0.02975 0.0015 0.0625)
(0.03 0.0015 0.0625)
(0.03025 0.0015 0.0625)
(0.0305 0.0015 0.0625)
(0.03075 0.0015 0.0625)
(0.031 0.0015 0.0625)
(0.03125 0.0015 0.0625)
(0.0315 0.0015 0.0625)
(0.03175 0.0015 0.0625)
(0.032 0.0015 0.0625)
(0.03225 0.0015 0.0625)
(0.0325 0.0015 0.0625)
(0.03275 0.0015 0.0625)
(0.033 0.0015 0.0625)
(0.03325 0.0015 0.0625)
(0.0335 0.0015 0.0625)
(0.03375 0.0015 0.0625)
(0.034 0.0015 0.0625)
(0.03425 0.0015 0.0625)
(0.0345 0.0015 0.0625)
(0.03475 0.0015 0.0625)
(0.035 0.0015 0.0625)
(0 0.00175 0.0625)
(0.00025 0.00175 0.0625)
(0.0005 0.00175 0.0625)
(0.00075 0.00175 0.0625)
(0.001 0.00175 0.0625)
(0.00125 0.00175 0.0625)
(0.0015 0.00175 0.0625)
(0.00175 0.00175 0.0625)
(0.002 0.00175 0.0625)
(0.00225 0.00175 0.0625)
(0.0025 0.00175 0.0625)
(0.00275 0.00175 0.0625)
(0.003 0.00175 0.0625)
(0.00325 0.00175 0.0625)
(0.0035 0.00175 0.0625)
(0.00375 0.00175 0.0625)
(0.004 0.00175 0.0625)
(0.00425 0.00175 0.0625)
(0.0045 0.00175 0.0625)
(0.00475 0.00175 0.0625)
(0.005 0.00175 0.0625)
(0.00525 0.00175 0.0625)
(0.0055 0.00175 0.0625)
(0.00575 0.00175 0.0625)
(0.006 0.00175 0.0625)
(0.00625 0.00175 0.0625)
(0.0065 0.00175 0.0625)
(0.00675 0.00175 0.0625)
(0.007 0.00175 0.0625)
(0.00725 0.00175 0.0625)
(0.0075 0.00175 0.0625)
(0.00775 0.00175 0.0625)
(0.008 0.00175 0.0625)
(0.00825 0.00175 0.0625)
(0.0085 0.00175 0.0625)
(0.00875 0.00175 0.0625)
(0.009 0.00175 0.0625)
(0.00925 0.00175 0.0625)
(0.0095 0.00175 0.0625)
(0.00975 0.00175 0.0625)
(0.01 0.00175 0.0625)
(0.01025 0.00175 0.0625)
(0.0105 0.00175 0.0625)
(0.01075 0.00175 0.0625)
(0.011 0.00175 0.0625)
(0.01125 0.00175 0.0625)
(0.0115 0.00175 0.0625)
(0.01175 0.00175 0.0625)
(0.012 0.00175 0.0625)
(0.01225 0.00175 0.0625)
(0.0125 0.00175 0.0625)
(0.01275 0.00175 0.0625)
(0.013 0.00175 0.0625)
(0.01325 0.00175 0.0625)
(0.0135 0.00175 0.0625)
(0.01375 0.00175 0.0625)
(0.014 0.00175 0.0625)
(0.01425 0.00175 0.0625)
(0.0145 0.00175 0.0625)
(0.01475 0.00175 0.0625)
(0.015 0.00175 0.0625)
(0.01525 0.00175 0.0625)
(0.0155 0.00175 0.0625)
(0.01575 0.00175 0.0625)
(0.016 0.00175 0.0625)
(0.01625 0.00175 0.0625)
(0.0165 0.00175 0.0625)
(0.01675 0.00175 0.0625)
(0.017 0.00175 0.0625)
(0.01725 0.00175 0.0625)
(0.0175 0.00175 0.0625)
(0.01775 0.00175 0.0625)
(0.018 0.00175 0.0625)
(0.01825 0.00175 0.0625)
(0.0185 0.00175 0.0625)
(0.01875 0.00175 0.0625)
(0.019 0.00175 0.0625)
(0.01925 0.00175 0.0625)
(0.0195 0.00175 0.0625)
(0.01975 0.00175 0.0625)
(0.02 0.00175 0.0625)
(0.02025 0.00175 0.0625)
(0.0205 0.00175 0.0625)
(0.02075 0.00175 0.0625)
(0.021 0.00175 0.0625)
(0.02125 0.00175 0.0625)
(0.0215 0.00175 0.0625)
(0.02175 0.00175 0.0625)
(0.022 0.00175 0.0625)
(0.02225 0.00175 0.0625)
(0.0225 0.00175 0.0625)
(0.02275 0.00175 0.0625)
(0.023 0.00175 0.0625)
(0.02325 0.00175 0.0625)
(0.0235 0.00175 0.0625)
(0.02375 0.00175 0.0625)
(0.024 0.00175 0.0625)
(0.02425 0.00175 0.0625)
(0.0245 0.00175 0.0625)
(0.02475 0.00175 0.0625)
(0.025 0.00175 0.0625)
(0.02525 0.00175 0.0625)
(0.0255 0.00175 0.0625)
(0.02575 0.00175 0.0625)
(0.026 0.00175 0.0625)
(0.02625 0.00175 0.0625)
(0.0265 0.00175 0.0625)
(0.02675 0.00175 0.0625)
(0.027 0.00175 0.0625)
(0.02725 0.00175 0.0625)
(0.0275 0.00175 0.0625)
(0.02775 0.00175 0.0625)
(0.028 0.00175 0.0625)
(0.02825 0.00175 0.0625)
(0.0285 0.00175 0.0625)
(0.02875 0.00175 0.0625)
(0.029 0.00175 0.0625)
(0.02925 0.00175 0.0625)
(0.0295 0.00175 0.0625)
(0.02975 0.00175 0.0625)
(0.03 0.00175 0.0625)
(0.03025 0.00175 0.0625)
(0.0305 0.00175 0.0625)
(0.03075 0.00175 0.0625)
(0.031 0.00175 0.0625)
(0.03125 0.00175 0.0625)
(0.0315 0.00175 0.0625)
(0.03175 0.00175 0.0625)
(0.032 0.00175 0.0625)
(0.03225 0.00175 0.0625)
(0.0325 0.00175 0.0625)
(0.03275 0.00175 0.0625)
(0.033 0.00175 0.0625)
(0.03325 0.00175 0.0625)
(0.0335 0.00175 0.0625)
(0.03375 0.00175 0.0625)
(0.034 0.00175 0.0625)
(0.03425 0.00175 0.0625)
(0.0345 0.00175 0.0625)
(0.03475 0.00175 0.0625)
(0.035 0.00175 0.0625)
(0 0.002 0.0625)
(0.00025 0.002 0.0625)
(0.0005 0.002 0.0625)
(0.00075 0.002 0.0625)
(0.001 0.002 0.0625)
(0.00125 0.002 0.0625)
(0.0015 0.002 0.0625)
(0.00175 0.002 0.0625)
(0.002 0.002 0.0625)
(0.00225 0.002 0.0625)
(0.0025 0.002 0.0625)
(0.00275 0.002 0.0625)
(0.003 0.002 0.0625)
(0.00325 0.002 0.0625)
(0.0035 0.002 0.0625)
(0.00375 0.002 0.0625)
(0.004 0.002 0.0625)
(0.00425 0.002 0.0625)
(0.0045 0.002 0.0625)
(0.00475 0.002 0.0625)
(0.005 0.002 0.0625)
(0.00525 0.002 0.0625)
(0.0055 0.002 0.0625)
(0.00575 0.002 0.0625)
(0.006 0.002 0.0625)
(0.00625 0.002 0.0625)
(0.0065 0.002 0.0625)
(0.00675 0.002 0.0625)
(0.007 0.002 0.0625)
(0.00725 0.002 0.0625)
(0.0075 0.002 0.0625)
(0.00775 0.002 0.0625)
(0.008 0.002 0.0625)
(0.00825 0.002 0.0625)
(0.0085 0.002 0.0625)
(0.00875 0.002 0.0625)
(0.009 0.002 0.0625)
(0.00925 0.002 0.0625)
(0.0095 0.002 0.0625)
(0.00975 0.002 0.0625)
(0.01 0.002 0.0625)
(0.01025 0.002 0.0625)
(0.0105 0.002 0.0625)
(0.01075 0.002 0.0625)
(0.011 0.002 0.0625)
(0.01125 0.002 0.0625)
(0.0115 0.002 0.0625)
(0.01175 0.002 0.0625)
(0.012 0.002 0.0625)
(0.01225 0.002 0.0625)
(0.0125 0.002 0.0625)
(0.01275 0.002 0.0625)
(0.013 0.002 0.0625)
(0.01325 0.002 0.0625)
(0.0135 0.002 0.0625)
(0.01375 0.002 0.0625)
(0.014 0.002 0.0625)
(0.01425 0.002 0.0625)
(0.0145 0.002 0.0625)
(0.01475 0.002 0.0625)
(0.015 0.002 0.0625)
(0.01525 0.002 0.0625)
(0.0155 0.002 0.0625)
(0.01575 0.002 0.0625)
(0.016 0.002 0.0625)
(0.01625 0.002 0.0625)
(0.0165 0.002 0.0625)
(0.01675 0.002 0.0625)
(0.017 0.002 0.0625)
(0.01725 0.002 0.0625)
(0.0175 0.002 0.0625)
(0.01775 0.002 0.0625)
(0.018 0.002 0.0625)
(0.01825 0.002 0.0625)
(0.0185 0.002 0.0625)
(0.01875 0.002 0.0625)
(0.019 0.002 0.0625)
(0.01925 0.002 0.0625)
(0.0195 0.002 0.0625)
(0.01975 0.002 0.0625)
(0.02 0.002 0.0625)
(0.02025 0.002 0.0625)
(0.0205 0.002 0.0625)
(0.02075 0.002 0.0625)
(0.021 0.002 0.0625)
(0.02125 0.002 0.0625)
(0.0215 0.002 0.0625)
(0.02175 0.002 0.0625)
(0.022 0.002 0.0625)
(0.02225 0.002 0.0625)
(0.0225 0.002 0.0625)
(0.02275 0.002 0.0625)
(0.023 0.002 0.0625)
(0.02325 0.002 0.0625)
(0.0235 0.002 0.0625)
(0.02375 0.002 0.0625)
(0.024 0.002 0.0625)
(0.02425 0.002 0.0625)
(0.0245 0.002 0.0625)
(0.02475 0.002 0.0625)
(0.025 0.002 0.0625)
(0.02525 0.002 0.0625)
(0.0255 0.002 0.0625)
(0.02575 0.002 0.0625)
(0.026 0.002 0.0625)
(0.02625 0.002 0.0625)
(0.0265 0.002 0.0625)
(0.02675 0.002 0.0625)
(0.027 0.002 0.0625)
(0.02725 0.002 0.0625)
(0.0275 0.002 0.0625)
(0.02775 0.002 0.0625)
(0.028 0.002 0.0625)
(0.02825 0.002 0.0625)
(0.0285 0.002 0.0625)
(0.02875 0.002 0.0625)
(0.029 0.002 0.0625)
(0.02925 0.002 0.0625)
(0.0295 0.002 0.0625)
(0.02975 0.002 0.0625)
(0.03 0.002 0.0625)
(0.03025 0.002 0.0625)
(0.0305 0.002 0.0625)
(0.03075 0.002 0.0625)
(0.031 0.002 0.0625)
(0.03125 0.002 0.0625)
(0.0315 0.002 0.0625)
(0.03175 0.002 0.0625)
(0.032 0.002 0.0625)
(0.03225 0.002 0.0625)
(0.0325 0.002 0.0625)
(0.03275 0.002 0.0625)
(0.033 0.002 0.0625)
(0.03325 0.002 0.0625)
(0.0335 0.002 0.0625)
(0.03375 0.002 0.0625)
(0.034 0.002 0.0625)
(0.03425 0.002 0.0625)
(0.0345 0.002 0.0625)
(0.03475 0.002 0.0625)
(0.035 0.002 0.0625)
(0 0.00225 0.0625)
(0.00025 0.00225 0.0625)
(0.0005 0.00225 0.0625)
(0.00075 0.00225 0.0625)
(0.001 0.00225 0.0625)
(0.00125 0.00225 0.0625)
(0.0015 0.00225 0.0625)
(0.00175 0.00225 0.0625)
(0.002 0.00225 0.0625)
(0.00225 0.00225 0.0625)
(0.0025 0.00225 0.0625)
(0.00275 0.00225 0.0625)
(0.003 0.00225 0.0625)
(0.00325 0.00225 0.0625)
(0.0035 0.00225 0.0625)
(0.00375 0.00225 0.0625)
(0.004 0.00225 0.0625)
(0.00425 0.00225 0.0625)
(0.0045 0.00225 0.0625)
(0.00475 0.00225 0.0625)
(0.005 0.00225 0.0625)
(0.00525 0.00225 0.0625)
(0.0055 0.00225 0.0625)
(0.00575 0.00225 0.0625)
(0.006 0.00225 0.0625)
(0.00625 0.00225 0.0625)
(0.0065 0.00225 0.0625)
(0.00675 0.00225 0.0625)
(0.007 0.00225 0.0625)
(0.00725 0.00225 0.0625)
(0.0075 0.00225 0.0625)
(0.00775 0.00225 0.0625)
(0.008 0.00225 0.0625)
(0.00825 0.00225 0.0625)
(0.0085 0.00225 0.0625)
(0.00875 0.00225 0.0625)
(0.009 0.00225 0.0625)
(0.00925 0.00225 0.0625)
(0.0095 0.00225 0.0625)
(0.00975 0.00225 0.0625)
(0.01 0.00225 0.0625)
(0.01025 0.00225 0.0625)
(0.0105 0.00225 0.0625)
(0.01075 0.00225 0.0625)
(0.011 0.00225 0.0625)
(0.01125 0.00225 0.0625)
(0.0115 0.00225 0.0625)
(0.01175 0.00225 0.0625)
(0.012 0.00225 0.0625)
(0.01225 0.00225 0.0625)
(0.0125 0.00225 0.0625)
(0.01275 0.00225 0.0625)
(0.013 0.00225 0.0625)
(0.01325 0.00225 0.0625)
(0.0135 0.00225 0.0625)
(0.01375 0.00225 0.0625)
(0.014 0.00225 0.0625)
(0.01425 0.00225 0.0625)
(0.0145 0.00225 0.0625)
(0.01475 0.00225 0.0625)
(0.015 0.00225 0.0625)
(0.01525 0.00225 0.0625)
(0.0155 0.00225 0.0625)
(0.01575 0.00225 0.0625)
(0.016 0.00225 0.0625)
(0.01625 0.00225 0.0625)
(0.0165 0.00225 0.0625)
(0.01675 0.00225 0.0625)
(0.017 0.00225 0.0625)
(0.01725 0.00225 0.0625)
(0.0175 0.00225 0.0625)
(0.01775 0.00225 0.0625)
(0.018 0.00225 0.0625)
(0.01825 0.00225 0.0625)
(0.0185 0.00225 0.0625)
(0.01875 0.00225 0.0625)
(0.019 0.00225 0.0625)
(0.01925 0.00225 0.0625)
(0.0195 0.00225 0.0625)
(0.01975 0.00225 0.0625)
(0.02 0.00225 0.0625)
(0.02025 0.00225 0.0625)
(0.0205 0.00225 0.0625)
(0.02075 0.00225 0.0625)
(0.021 0.00225 0.0625)
(0.02125 0.00225 0.0625)
(0.0215 0.00225 0.0625)
(0.02175 0.00225 0.0625)
(0.022 0.00225 0.0625)
(0.02225 0.00225 0.0625)
(0.0225 0.00225 0.0625)
(0.02275 0.00225 0.0625)
(0.023 0.00225 0.0625)
(0.02325 0.00225 0.0625)
(0.0235 0.00225 0.0625)
(0.02375 0.00225 0.0625)
(0.024 0.00225 0.0625)
(0.02425 0.00225 0.0625)
(0.0245 0.00225 0.0625)
(0.02475 0.00225 0.0625)
(0.025 0.00225 0.0625)
(0.02525 0.00225 0.0625)
(0.0255 0.00225 0.0625)
(0.02575 0.00225 0.0625)
(0.026 0.00225 0.0625)
(0.02625 0.00225 0.0625)
(0.0265 0.00225 0.0625)
(0.02675 0.00225 0.0625)
(0.027 0.00225 0.0625)
(0.02725 0.00225 0.0625)
(0.0275 0.00225 0.0625)
(0.02775 0.00225 0.0625)
(0.028 0.00225 0.0625)
(0.02825 0.00225 0.0625)
(0.0285 0.00225 0.0625)
(0.02875 0.00225 0.0625)
(0.029 0.00225 0.0625)
(0.02925 0.00225 0.0625)
(0.0295 0.00225 0.0625)
(0.02975 0.00225 0.0625)
(0.03 0.00225 0.0625)
(0.03025 0.00225 0.0625)
(0.0305 0.00225 0.0625)
(0.03075 0.00225 0.0625)
(0.031 0.00225 0.0625)
(0.03125 0.00225 0.0625)
(0.0315 0.00225 0.0625)
(0.03175 0.00225 0.0625)
(0.032 0.00225 0.0625)
(0.03225 0.00225 0.0625)
(0.0325 0.00225 0.0625)
(0.03275 0.00225 0.0625)
(0.033 0.00225 0.0625)
(0.03325 0.00225 0.0625)
(0.0335 0.00225 0.0625)
(0.03375 0.00225 0.0625)
(0.034 0.00225 0.0625)
(0.03425 0.00225 0.0625)
(0.0345 0.00225 0.0625)
(0.03475 0.00225 0.0625)
(0.035 0.00225 0.0625)
(0 0.0025 0.0625)
(0.00025 0.0025 0.0625)
(0.0005 0.0025 0.0625)
(0.00075 0.0025 0.0625)
(0.001 0.0025 0.0625)
(0.00125 0.0025 0.0625)
(0.0015 0.0025 0.0625)
(0.00175 0.0025 0.0625)
(0.002 0.0025 0.0625)
(0.00225 0.0025 0.0625)
(0.0025 0.0025 0.0625)
(0.00275 0.0025 0.0625)
(0.003 0.0025 0.0625)
(0.00325 0.0025 0.0625)
(0.0035 0.0025 0.0625)
(0.00375 0.0025 0.0625)
(0.004 0.0025 0.0625)
(0.00425 0.0025 0.0625)
(0.0045 0.0025 0.0625)
(0.00475 0.0025 0.0625)
(0.005 0.0025 0.0625)
(0.00525 0.0025 0.0625)
(0.0055 0.0025 0.0625)
(0.00575 0.0025 0.0625)
(0.006 0.0025 0.0625)
(0.00625 0.0025 0.0625)
(0.0065 0.0025 0.0625)
(0.00675 0.0025 0.0625)
(0.007 0.0025 0.0625)
(0.00725 0.0025 0.0625)
(0.0075 0.0025 0.0625)
(0.00775 0.0025 0.0625)
(0.008 0.0025 0.0625)
(0.00825 0.0025 0.0625)
(0.0085 0.0025 0.0625)
(0.00875 0.0025 0.0625)
(0.009 0.0025 0.0625)
(0.00925 0.0025 0.0625)
(0.0095 0.0025 0.0625)
(0.00975 0.0025 0.0625)
(0.01 0.0025 0.0625)
(0.01025 0.0025 0.0625)
(0.0105 0.0025 0.0625)
(0.01075 0.0025 0.0625)
(0.011 0.0025 0.0625)
(0.01125 0.0025 0.0625)
(0.0115 0.0025 0.0625)
(0.01175 0.0025 0.0625)
(0.012 0.0025 0.0625)
(0.01225 0.0025 0.0625)
(0.0125 0.0025 0.0625)
(0.01275 0.0025 0.0625)
(0.013 0.0025 0.0625)
(0.01325 0.0025 0.0625)
(0.0135 0.0025 0.0625)
(0.01375 0.0025 0.0625)
(0.014 0.0025 0.0625)
(0.01425 0.0025 0.0625)
(0.0145 0.0025 0.0625)
(0.01475 0.0025 0.0625)
(0.015 0.0025 0.0625)
(0.01525 0.0025 0.0625)
(0.0155 0.0025 0.0625)
(0.01575 0.0025 0.0625)
(0.016 0.0025 0.0625)
(0.01625 0.0025 0.0625)
(0.0165 0.0025 0.0625)
(0.01675 0.0025 0.0625)
(0.017 0.0025 0.0625)
(0.01725 0.0025 0.0625)
(0.0175 0.0025 0.0625)
(0.01775 0.0025 0.0625)
(0.018 0.0025 0.0625)
(0.01825 0.0025 0.0625)
(0.0185 0.0025 0.0625)
(0.01875 0.0025 0.0625)
(0.019 0.0025 0.0625)
(0.01925 0.0025 0.0625)
(0.0195 0.0025 0.0625)
(0.01975 0.0025 0.0625)
(0.02 0.0025 0.0625)
(0.02025 0.0025 0.0625)
(0.0205 0.0025 0.0625)
(0.02075 0.0025 0.0625)
(0.021 0.0025 0.0625)
(0.02125 0.0025 0.0625)
(0.0215 0.0025 0.0625)
(0.02175 0.0025 0.0625)
(0.022 0.0025 0.0625)
(0.02225 0.0025 0.0625)
(0.0225 0.0025 0.0625)
(0.02275 0.0025 0.0625)
(0.023 0.0025 0.0625)
(0.02325 0.0025 0.0625)
(0.0235 0.0025 0.0625)
(0.02375 0.0025 0.0625)
(0.024 0.0025 0.0625)
(0.02425 0.0025 0.0625)
(0.0245 0.0025 0.0625)
(0.02475 0.0025 0.0625)
(0.025 0.0025 0.0625)
(0.02525 0.0025 0.0625)
(0.0255 0.0025 0.0625)
(0.02575 0.0025 0.0625)
(0.026 0.0025 0.0625)
(0.02625 0.0025 0.0625)
(0.0265 0.0025 0.0625)
(0.02675 0.0025 0.0625)
(0.027 0.0025 0.0625)
(0.02725 0.0025 0.0625)
(0.0275 0.0025 0.0625)
(0.02775 0.0025 0.0625)
(0.028 0.0025 0.0625)
(0.02825 0.0025 0.0625)
(0.0285 0.0025 0.0625)
(0.02875 0.0025 0.0625)
(0.029 0.0025 0.0625)
(0.02925 0.0025 0.0625)
(0.0295 0.0025 0.0625)
(0.02975 0.0025 0.0625)
(0.03 0.0025 0.0625)
(0.03025 0.0025 0.0625)
(0.0305 0.0025 0.0625)
(0.03075 0.0025 0.0625)
(0.031 0.0025 0.0625)
(0.03125 0.0025 0.0625)
(0.0315 0.0025 0.0625)
(0.03175 0.0025 0.0625)
(0.032 0.0025 0.0625)
(0.03225 0.0025 0.0625)
(0.0325 0.0025 0.0625)
(0.03275 0.0025 0.0625)
(0.033 0.0025 0.0625)
(0.03325 0.0025 0.0625)
(0.0335 0.0025 0.0625)
(0.03375 0.0025 0.0625)
(0.034 0.0025 0.0625)
(0.03425 0.0025 0.0625)
(0.0345 0.0025 0.0625)
(0.03475 0.0025 0.0625)
(0.035 0.0025 0.0625)
(0 0 0.06275)
(0.00025 0 0.06275)
(0.0005 0 0.06275)
(0.00075 0 0.06275)
(0.001 0 0.06275)
(0.00125 0 0.06275)
(0.0015 0 0.06275)
(0.00175 0 0.06275)
(0.002 0 0.06275)
(0.00225 0 0.06275)
(0.0025 0 0.06275)
(0.00275 0 0.06275)
(0.003 0 0.06275)
(0.00325 0 0.06275)
(0.0035 0 0.06275)
(0.00375 0 0.06275)
(0.004 0 0.06275)
(0.00425 0 0.06275)
(0.0045 0 0.06275)
(0.00475 0 0.06275)
(0.005 0 0.06275)
(0.00525 0 0.06275)
(0.0055 0 0.06275)
(0.00575 0 0.06275)
(0.006 0 0.06275)
(0.00625 0 0.06275)
(0.0065 0 0.06275)
(0.00675 0 0.06275)
(0.007 0 0.06275)
(0.00725 0 0.06275)
(0.0075 0 0.06275)
(0.00775 0 0.06275)
(0.008 0 0.06275)
(0.00825 0 0.06275)
(0.0085 0 0.06275)
(0.00875 0 0.06275)
(0.009 0 0.06275)
(0.00925 0 0.06275)
(0.0095 0 0.06275)
(0.00975 0 0.06275)
(0.01 0 0.06275)
(0.01025 0 0.06275)
(0.0105 0 0.06275)
(0.01075 0 0.06275)
(0.011 0 0.06275)
(0.01125 0 0.06275)
(0.0115 0 0.06275)
(0.01175 0 0.06275)
(0.012 0 0.06275)
(0.01225 0 0.06275)
(0.0125 0 0.06275)
(0.01275 0 0.06275)
(0.013 0 0.06275)
(0.01325 0 0.06275)
(0.0135 0 0.06275)
(0.01375 0 0.06275)
(0.014 0 0.06275)
(0.01425 0 0.06275)
(0.0145 0 0.06275)
(0.01475 0 0.06275)
(0.015 0 0.06275)
(0.01525 0 0.06275)
(0.0155 0 0.06275)
(0.01575 0 0.06275)
(0.016 0 0.06275)
(0.01625 0 0.06275)
(0.0165 0 0.06275)
(0.01675 0 0.06275)
(0.017 0 0.06275)
(0.01725 0 0.06275)
(0.0175 0 0.06275)
(0.01775 0 0.06275)
(0.018 0 0.06275)
(0.01825 0 0.06275)
(0.0185 0 0.06275)
(0.01875 0 0.06275)
(0.019 0 0.06275)
(0.01925 0 0.06275)
(0.0195 0 0.06275)
(0.01975 0 0.06275)
(0.02 0 0.06275)
(0.02025 0 0.06275)
(0.0205 0 0.06275)
(0.02075 0 0.06275)
(0.021 0 0.06275)
(0.02125 0 0.06275)
(0.0215 0 0.06275)
(0.02175 0 0.06275)
(0.022 0 0.06275)
(0.02225 0 0.06275)
(0.0225 0 0.06275)
(0.02275 0 0.06275)
(0.023 0 0.06275)
(0.02325 0 0.06275)
(0.0235 0 0.06275)
(0.02375 0 0.06275)
(0.024 0 0.06275)
(0.02425 0 0.06275)
(0.0245 0 0.06275)
(0.02475 0 0.06275)
(0.025 0 0.06275)
(0.02525 0 0.06275)
(0.0255 0 0.06275)
(0.02575 0 0.06275)
(0.026 0 0.06275)
(0.02625 0 0.06275)
(0.0265 0 0.06275)
(0.02675 0 0.06275)
(0.027 0 0.06275)
(0.02725 0 0.06275)
(0.0275 0 0.06275)
(0.02775 0 0.06275)
(0.028 0 0.06275)
(0.02825 0 0.06275)
(0.0285 0 0.06275)
(0.02875 0 0.06275)
(0.029 0 0.06275)
(0.02925 0 0.06275)
(0.0295 0 0.06275)
(0.02975 0 0.06275)
(0.03 0 0.06275)
(0.03025 0 0.06275)
(0.0305 0 0.06275)
(0.03075 0 0.06275)
(0.031 0 0.06275)
(0.03125 0 0.06275)
(0.0315 0 0.06275)
(0.03175 0 0.06275)
(0.032 0 0.06275)
(0.03225 0 0.06275)
(0.0325 0 0.06275)
(0.03275 0 0.06275)
(0.033 0 0.06275)
(0.03325 0 0.06275)
(0.0335 0 0.06275)
(0.03375 0 0.06275)
(0.034 0 0.06275)
(0.03425 0 0.06275)
(0.0345 0 0.06275)
(0.03475 0 0.06275)
(0.035 0 0.06275)
(0 0.00025 0.06275)
(0.00025 0.00025 0.06275)
(0.0005 0.00025 0.06275)
(0.00075 0.00025 0.06275)
(0.001 0.00025 0.06275)
(0.00125 0.00025 0.06275)
(0.0015 0.00025 0.06275)
(0.00175 0.00025 0.06275)
(0.002 0.00025 0.06275)
(0.00225 0.00025 0.06275)
(0.0025 0.00025 0.06275)
(0.00275 0.00025 0.06275)
(0.003 0.00025 0.06275)
(0.00325 0.00025 0.06275)
(0.0035 0.00025 0.06275)
(0.00375 0.00025 0.06275)
(0.004 0.00025 0.06275)
(0.00425 0.00025 0.06275)
(0.0045 0.00025 0.06275)
(0.00475 0.00025 0.06275)
(0.005 0.00025 0.06275)
(0.00525 0.00025 0.06275)
(0.0055 0.00025 0.06275)
(0.00575 0.00025 0.06275)
(0.006 0.00025 0.06275)
(0.00625 0.00025 0.06275)
(0.0065 0.00025 0.06275)
(0.00675 0.00025 0.06275)
(0.007 0.00025 0.06275)
(0.00725 0.00025 0.06275)
(0.0075 0.00025 0.06275)
(0.00775 0.00025 0.06275)
(0.008 0.00025 0.06275)
(0.00825 0.00025 0.06275)
(0.0085 0.00025 0.06275)
(0.00875 0.00025 0.06275)
(0.009 0.00025 0.06275)
(0.00925 0.00025 0.06275)
(0.0095 0.00025 0.06275)
(0.00975 0.00025 0.06275)
(0.01 0.00025 0.06275)
(0.01025 0.00025 0.06275)
(0.0105 0.00025 0.06275)
(0.01075 0.00025 0.06275)
(0.011 0.00025 0.06275)
(0.01125 0.00025 0.06275)
(0.0115 0.00025 0.06275)
(0.01175 0.00025 0.06275)
(0.012 0.00025 0.06275)
(0.01225 0.00025 0.06275)
(0.0125 0.00025 0.06275)
(0.01275 0.00025 0.06275)
(0.013 0.00025 0.06275)
(0.01325 0.00025 0.06275)
(0.0135 0.00025 0.06275)
(0.01375 0.00025 0.06275)
(0.014 0.00025 0.06275)
(0.01425 0.00025 0.06275)
(0.0145 0.00025 0.06275)
(0.01475 0.00025 0.06275)
(0.015 0.00025 0.06275)
(0.01525 0.00025 0.06275)
(0.0155 0.00025 0.06275)
(0.01575 0.00025 0.06275)
(0.016 0.00025 0.06275)
(0.01625 0.00025 0.06275)
(0.0165 0.00025 0.06275)
(0.01675 0.00025 0.06275)
(0.017 0.00025 0.06275)
(0.01725 0.00025 0.06275)
(0.0175 0.00025 0.06275)
(0.01775 0.00025 0.06275)
(0.018 0.00025 0.06275)
(0.01825 0.00025 0.06275)
(0.0185 0.00025 0.06275)
(0.01875 0.00025 0.06275)
(0.019 0.00025 0.06275)
(0.01925 0.00025 0.06275)
(0.0195 0.00025 0.06275)
(0.01975 0.00025 0.06275)
(0.02 0.00025 0.06275)
(0.02025 0.00025 0.06275)
(0.0205 0.00025 0.06275)
(0.02075 0.00025 0.06275)
(0.021 0.00025 0.06275)
(0.02125 0.00025 0.06275)
(0.0215 0.00025 0.06275)
(0.02175 0.00025 0.06275)
(0.022 0.00025 0.06275)
(0.02225 0.00025 0.06275)
(0.0225 0.00025 0.06275)
(0.02275 0.00025 0.06275)
(0.023 0.00025 0.06275)
(0.02325 0.00025 0.06275)
(0.0235 0.00025 0.06275)
(0.02375 0.00025 0.06275)
(0.024 0.00025 0.06275)
(0.02425 0.00025 0.06275)
(0.0245 0.00025 0.06275)
(0.02475 0.00025 0.06275)
(0.025 0.00025 0.06275)
(0.02525 0.00025 0.06275)
(0.0255 0.00025 0.06275)
(0.02575 0.00025 0.06275)
(0.026 0.00025 0.06275)
(0.02625 0.00025 0.06275)
(0.0265 0.00025 0.06275)
(0.02675 0.00025 0.06275)
(0.027 0.00025 0.06275)
(0.02725 0.00025 0.06275)
(0.0275 0.00025 0.06275)
(0.02775 0.00025 0.06275)
(0.028 0.00025 0.06275)
(0.02825 0.00025 0.06275)
(0.0285 0.00025 0.06275)
(0.02875 0.00025 0.06275)
(0.029 0.00025 0.06275)
(0.02925 0.00025 0.06275)
(0.0295 0.00025 0.06275)
(0.02975 0.00025 0.06275)
(0.03 0.00025 0.06275)
(0.03025 0.00025 0.06275)
(0.0305 0.00025 0.06275)
(0.03075 0.00025 0.06275)
(0.031 0.00025 0.06275)
(0.03125 0.00025 0.06275)
(0.0315 0.00025 0.06275)
(0.03175 0.00025 0.06275)
(0.032 0.00025 0.06275)
(0.03225 0.00025 0.06275)
(0.0325 0.00025 0.06275)
(0.03275 0.00025 0.06275)
(0.033 0.00025 0.06275)
(0.03325 0.00025 0.06275)
(0.0335 0.00025 0.06275)
(0.03375 0.00025 0.06275)
(0.034 0.00025 0.06275)
(0.03425 0.00025 0.06275)
(0.0345 0.00025 0.06275)
(0.03475 0.00025 0.06275)
(0.035 0.00025 0.06275)
(0 0.0005 0.06275)
(0.00025 0.0005 0.06275)
(0.0005 0.0005 0.06275)
(0.00075 0.0005 0.06275)
(0.001 0.0005 0.06275)
(0.00125 0.0005 0.06275)
(0.0015 0.0005 0.06275)
(0.00175 0.0005 0.06275)
(0.002 0.0005 0.06275)
(0.00225 0.0005 0.06275)
(0.0025 0.0005 0.06275)
(0.00275 0.0005 0.06275)
(0.003 0.0005 0.06275)
(0.00325 0.0005 0.06275)
(0.0035 0.0005 0.06275)
(0.00375 0.0005 0.06275)
(0.004 0.0005 0.06275)
(0.00425 0.0005 0.06275)
(0.0045 0.0005 0.06275)
(0.00475 0.0005 0.06275)
(0.005 0.0005 0.06275)
(0.00525 0.0005 0.06275)
(0.0055 0.0005 0.06275)
(0.00575 0.0005 0.06275)
(0.006 0.0005 0.06275)
(0.00625 0.0005 0.06275)
(0.0065 0.0005 0.06275)
(0.00675 0.0005 0.06275)
(0.007 0.0005 0.06275)
(0.00725 0.0005 0.06275)
(0.0075 0.0005 0.06275)
(0.00775 0.0005 0.06275)
(0.008 0.0005 0.06275)
(0.00825 0.0005 0.06275)
(0.0085 0.0005 0.06275)
(0.00875 0.0005 0.06275)
(0.009 0.0005 0.06275)
(0.00925 0.0005 0.06275)
(0.0095 0.0005 0.06275)
(0.00975 0.0005 0.06275)
(0.01 0.0005 0.06275)
(0.01025 0.0005 0.06275)
(0.0105 0.0005 0.06275)
(0.01075 0.0005 0.06275)
(0.011 0.0005 0.06275)
(0.01125 0.0005 0.06275)
(0.0115 0.0005 0.06275)
(0.01175 0.0005 0.06275)
(0.012 0.0005 0.06275)
(0.01225 0.0005 0.06275)
(0.0125 0.0005 0.06275)
(0.01275 0.0005 0.06275)
(0.013 0.0005 0.06275)
(0.01325 0.0005 0.06275)
(0.0135 0.0005 0.06275)
(0.01375 0.0005 0.06275)
(0.014 0.0005 0.06275)
(0.01425 0.0005 0.06275)
(0.0145 0.0005 0.06275)
(0.01475 0.0005 0.06275)
(0.015 0.0005 0.06275)
(0.01525 0.0005 0.06275)
(0.0155 0.0005 0.06275)
(0.01575 0.0005 0.06275)
(0.016 0.0005 0.06275)
(0.01625 0.0005 0.06275)
(0.0165 0.0005 0.06275)
(0.01675 0.0005 0.06275)
(0.017 0.0005 0.06275)
(0.01725 0.0005 0.06275)
(0.0175 0.0005 0.06275)
(0.01775 0.0005 0.06275)
(0.018 0.0005 0.06275)
(0.01825 0.0005 0.06275)
(0.0185 0.0005 0.06275)
(0.01875 0.0005 0.06275)
(0.019 0.0005 0.06275)
(0.01925 0.0005 0.06275)
(0.0195 0.0005 0.06275)
(0.01975 0.0005 0.06275)
(0.02 0.0005 0.06275)
(0.02025 0.0005 0.06275)
(0.0205 0.0005 0.06275)
(0.02075 0.0005 0.06275)
(0.021 0.0005 0.06275)
(0.02125 0.0005 0.06275)
(0.0215 0.0005 0.06275)
(0.02175 0.0005 0.06275)
(0.022 0.0005 0.06275)
(0.02225 0.0005 0.06275)
(0.0225 0.0005 0.06275)
(0.02275 0.0005 0.06275)
(0.023 0.0005 0.06275)
(0.02325 0.0005 0.06275)
(0.0235 0.0005 0.06275)
(0.02375 0.0005 0.06275)
(0.024 0.0005 0.06275)
(0.02425 0.0005 0.06275)
(0.0245 0.0005 0.06275)
(0.02475 0.0005 0.06275)
(0.025 0.0005 0.06275)
(0.02525 0.0005 0.06275)
(0.0255 0.0005 0.06275)
(0.02575 0.0005 0.06275)
(0.026 0.0005 0.06275)
(0.02625 0.0005 0.06275)
(0.0265 0.0005 0.06275)
(0.02675 0.0005 0.06275)
(0.027 0.0005 0.06275)
(0.02725 0.0005 0.06275)
(0.0275 0.0005 0.06275)
(0.02775 0.0005 0.06275)
(0.028 0.0005 0.06275)
(0.02825 0.0005 0.06275)
(0.0285 0.0005 0.06275)
(0.02875 0.0005 0.06275)
(0.029 0.0005 0.06275)
(0.02925 0.0005 0.06275)
(0.0295 0.0005 0.06275)
(0.02975 0.0005 0.06275)
(0.03 0.0005 0.06275)
(0.03025 0.0005 0.06275)
(0.0305 0.0005 0.06275)
(0.03075 0.0005 0.06275)
(0.031 0.0005 0.06275)
(0.03125 0.0005 0.06275)
(0.0315 0.0005 0.06275)
(0.03175 0.0005 0.06275)
(0.032 0.0005 0.06275)
(0.03225 0.0005 0.06275)
(0.0325 0.0005 0.06275)
(0.03275 0.0005 0.06275)
(0.033 0.0005 0.06275)
(0.03325 0.0005 0.06275)
(0.0335 0.0005 0.06275)
(0.03375 0.0005 0.06275)
(0.034 0.0005 0.06275)
(0.03425 0.0005 0.06275)
(0.0345 0.0005 0.06275)
(0.03475 0.0005 0.06275)
(0.035 0.0005 0.06275)
(0 0.00075 0.06275)
(0.00025 0.00075 0.06275)
(0.0005 0.00075 0.06275)
(0.00075 0.00075 0.06275)
(0.001 0.00075 0.06275)
(0.00125 0.00075 0.06275)
(0.0015 0.00075 0.06275)
(0.00175 0.00075 0.06275)
(0.002 0.00075 0.06275)
(0.00225 0.00075 0.06275)
(0.0025 0.00075 0.06275)
(0.00275 0.00075 0.06275)
(0.003 0.00075 0.06275)
(0.00325 0.00075 0.06275)
(0.0035 0.00075 0.06275)
(0.00375 0.00075 0.06275)
(0.004 0.00075 0.06275)
(0.00425 0.00075 0.06275)
(0.0045 0.00075 0.06275)
(0.00475 0.00075 0.06275)
(0.005 0.00075 0.06275)
(0.00525 0.00075 0.06275)
(0.0055 0.00075 0.06275)
(0.00575 0.00075 0.06275)
(0.006 0.00075 0.06275)
(0.00625 0.00075 0.06275)
(0.0065 0.00075 0.06275)
(0.00675 0.00075 0.06275)
(0.007 0.00075 0.06275)
(0.00725 0.00075 0.06275)
(0.0075 0.00075 0.06275)
(0.00775 0.00075 0.06275)
(0.008 0.00075 0.06275)
(0.00825 0.00075 0.06275)
(0.0085 0.00075 0.06275)
(0.00875 0.00075 0.06275)
(0.009 0.00075 0.06275)
(0.00925 0.00075 0.06275)
(0.0095 0.00075 0.06275)
(0.00975 0.00075 0.06275)
(0.01 0.00075 0.06275)
(0.01025 0.00075 0.06275)
(0.0105 0.00075 0.06275)
(0.01075 0.00075 0.06275)
(0.011 0.00075 0.06275)
(0.01125 0.00075 0.06275)
(0.0115 0.00075 0.06275)
(0.01175 0.00075 0.06275)
(0.012 0.00075 0.06275)
(0.01225 0.00075 0.06275)
(0.0125 0.00075 0.06275)
(0.01275 0.00075 0.06275)
(0.013 0.00075 0.06275)
(0.01325 0.00075 0.06275)
(0.0135 0.00075 0.06275)
(0.01375 0.00075 0.06275)
(0.014 0.00075 0.06275)
(0.01425 0.00075 0.06275)
(0.0145 0.00075 0.06275)
(0.01475 0.00075 0.06275)
(0.015 0.00075 0.06275)
(0.01525 0.00075 0.06275)
(0.0155 0.00075 0.06275)
(0.01575 0.00075 0.06275)
(0.016 0.00075 0.06275)
(0.01625 0.00075 0.06275)
(0.0165 0.00075 0.06275)
(0.01675 0.00075 0.06275)
(0.017 0.00075 0.06275)
(0.01725 0.00075 0.06275)
(0.0175 0.00075 0.06275)
(0.01775 0.00075 0.06275)
(0.018 0.00075 0.06275)
(0.01825 0.00075 0.06275)
(0.0185 0.00075 0.06275)
(0.01875 0.00075 0.06275)
(0.019 0.00075 0.06275)
(0.01925 0.00075 0.06275)
(0.0195 0.00075 0.06275)
(0.01975 0.00075 0.06275)
(0.02 0.00075 0.06275)
(0.02025 0.00075 0.06275)
(0.0205 0.00075 0.06275)
(0.02075 0.00075 0.06275)
(0.021 0.00075 0.06275)
(0.02125 0.00075 0.06275)
(0.0215 0.00075 0.06275)
(0.02175 0.00075 0.06275)
(0.022 0.00075 0.06275)
(0.02225 0.00075 0.06275)
(0.0225 0.00075 0.06275)
(0.02275 0.00075 0.06275)
(0.023 0.00075 0.06275)
(0.02325 0.00075 0.06275)
(0.0235 0.00075 0.06275)
(0.02375 0.00075 0.06275)
(0.024 0.00075 0.06275)
(0.02425 0.00075 0.06275)
(0.0245 0.00075 0.06275)
(0.02475 0.00075 0.06275)
(0.025 0.00075 0.06275)
(0.02525 0.00075 0.06275)
(0.0255 0.00075 0.06275)
(0.02575 0.00075 0.06275)
(0.026 0.00075 0.06275)
(0.02625 0.00075 0.06275)
(0.0265 0.00075 0.06275)
(0.02675 0.00075 0.06275)
(0.027 0.00075 0.06275)
(0.02725 0.00075 0.06275)
(0.0275 0.00075 0.06275)
(0.02775 0.00075 0.06275)
(0.028 0.00075 0.06275)
(0.02825 0.00075 0.06275)
(0.0285 0.00075 0.06275)
(0.02875 0.00075 0.06275)
(0.029 0.00075 0.06275)
(0.02925 0.00075 0.06275)
(0.0295 0.00075 0.06275)
(0.02975 0.00075 0.06275)
(0.03 0.00075 0.06275)
(0.03025 0.00075 0.06275)
(0.0305 0.00075 0.06275)
(0.03075 0.00075 0.06275)
(0.031 0.00075 0.06275)
(0.03125 0.00075 0.06275)
(0.0315 0.00075 0.06275)
(0.03175 0.00075 0.06275)
(0.032 0.00075 0.06275)
(0.03225 0.00075 0.06275)
(0.0325 0.00075 0.06275)
(0.03275 0.00075 0.06275)
(0.033 0.00075 0.06275)
(0.03325 0.00075 0.06275)
(0.0335 0.00075 0.06275)
(0.03375 0.00075 0.06275)
(0.034 0.00075 0.06275)
(0.03425 0.00075 0.06275)
(0.0345 0.00075 0.06275)
(0.03475 0.00075 0.06275)
(0.035 0.00075 0.06275)
(0 0.001 0.06275)
(0.00025 0.001 0.06275)
(0.0005 0.001 0.06275)
(0.00075 0.001 0.06275)
(0.001 0.001 0.06275)
(0.00125 0.001 0.06275)
(0.0015 0.001 0.06275)
(0.00175 0.001 0.06275)
(0.002 0.001 0.06275)
(0.00225 0.001 0.06275)
(0.0025 0.001 0.06275)
(0.00275 0.001 0.06275)
(0.003 0.001 0.06275)
(0.00325 0.001 0.06275)
(0.0035 0.001 0.06275)
(0.00375 0.001 0.06275)
(0.004 0.001 0.06275)
(0.00425 0.001 0.06275)
(0.0045 0.001 0.06275)
(0.00475 0.001 0.06275)
(0.005 0.001 0.06275)
(0.00525 0.001 0.06275)
(0.0055 0.001 0.06275)
(0.00575 0.001 0.06275)
(0.006 0.001 0.06275)
(0.00625 0.001 0.06275)
(0.0065 0.001 0.06275)
(0.00675 0.001 0.06275)
(0.007 0.001 0.06275)
(0.00725 0.001 0.06275)
(0.0075 0.001 0.06275)
(0.00775 0.001 0.06275)
(0.008 0.001 0.06275)
(0.00825 0.001 0.06275)
(0.0085 0.001 0.06275)
(0.00875 0.001 0.06275)
(0.009 0.001 0.06275)
(0.00925 0.001 0.06275)
(0.0095 0.001 0.06275)
(0.00975 0.001 0.06275)
(0.01 0.001 0.06275)
(0.01025 0.001 0.06275)
(0.0105 0.001 0.06275)
(0.01075 0.001 0.06275)
(0.011 0.001 0.06275)
(0.01125 0.001 0.06275)
(0.0115 0.001 0.06275)
(0.01175 0.001 0.06275)
(0.012 0.001 0.06275)
(0.01225 0.001 0.06275)
(0.0125 0.001 0.06275)
(0.01275 0.001 0.06275)
(0.013 0.001 0.06275)
(0.01325 0.001 0.06275)
(0.0135 0.001 0.06275)
(0.01375 0.001 0.06275)
(0.014 0.001 0.06275)
(0.01425 0.001 0.06275)
(0.0145 0.001 0.06275)
(0.01475 0.001 0.06275)
(0.015 0.001 0.06275)
(0.01525 0.001 0.06275)
(0.0155 0.001 0.06275)
(0.01575 0.001 0.06275)
(0.016 0.001 0.06275)
(0.01625 0.001 0.06275)
(0.0165 0.001 0.06275)
(0.01675 0.001 0.06275)
(0.017 0.001 0.06275)
(0.01725 0.001 0.06275)
(0.0175 0.001 0.06275)
(0.01775 0.001 0.06275)
(0.018 0.001 0.06275)
(0.01825 0.001 0.06275)
(0.0185 0.001 0.06275)
(0.01875 0.001 0.06275)
(0.019 0.001 0.06275)
(0.01925 0.001 0.06275)
(0.0195 0.001 0.06275)
(0.01975 0.001 0.06275)
(0.02 0.001 0.06275)
(0.02025 0.001 0.06275)
(0.0205 0.001 0.06275)
(0.02075 0.001 0.06275)
(0.021 0.001 0.06275)
(0.02125 0.001 0.06275)
(0.0215 0.001 0.06275)
(0.02175 0.001 0.06275)
(0.022 0.001 0.06275)
(0.02225 0.001 0.06275)
(0.0225 0.001 0.06275)
(0.02275 0.001 0.06275)
(0.023 0.001 0.06275)
(0.02325 0.001 0.06275)
(0.0235 0.001 0.06275)
(0.02375 0.001 0.06275)
(0.024 0.001 0.06275)
(0.02425 0.001 0.06275)
(0.0245 0.001 0.06275)
(0.02475 0.001 0.06275)
(0.025 0.001 0.06275)
(0.02525 0.001 0.06275)
(0.0255 0.001 0.06275)
(0.02575 0.001 0.06275)
(0.026 0.001 0.06275)
(0.02625 0.001 0.06275)
(0.0265 0.001 0.06275)
(0.02675 0.001 0.06275)
(0.027 0.001 0.06275)
(0.02725 0.001 0.06275)
(0.0275 0.001 0.06275)
(0.02775 0.001 0.06275)
(0.028 0.001 0.06275)
(0.02825 0.001 0.06275)
(0.0285 0.001 0.06275)
(0.02875 0.001 0.06275)
(0.029 0.001 0.06275)
(0.02925 0.001 0.06275)
(0.0295 0.001 0.06275)
(0.02975 0.001 0.06275)
(0.03 0.001 0.06275)
(0.03025 0.001 0.06275)
(0.0305 0.001 0.06275)
(0.03075 0.001 0.06275)
(0.031 0.001 0.06275)
(0.03125 0.001 0.06275)
(0.0315 0.001 0.06275)
(0.03175 0.001 0.06275)
(0.032 0.001 0.06275)
(0.03225 0.001 0.06275)
(0.0325 0.001 0.06275)
(0.03275 0.001 0.06275)
(0.033 0.001 0.06275)
(0.03325 0.001 0.06275)
(0.0335 0.001 0.06275)
(0.03375 0.001 0.06275)
(0.034 0.001 0.06275)
(0.03425 0.001 0.06275)
(0.0345 0.001 0.06275)
(0.03475 0.001 0.06275)
(0.035 0.001 0.06275)
(0 0.00125 0.06275)
(0.00025 0.00125 0.06275)
(0.0005 0.00125 0.06275)
(0.00075 0.00125 0.06275)
(0.001 0.00125 0.06275)
(0.00125 0.00125 0.06275)
(0.0015 0.00125 0.06275)
(0.00175 0.00125 0.06275)
(0.002 0.00125 0.06275)
(0.00225 0.00125 0.06275)
(0.0025 0.00125 0.06275)
(0.00275 0.00125 0.06275)
(0.003 0.00125 0.06275)
(0.00325 0.00125 0.06275)
(0.0035 0.00125 0.06275)
(0.00375 0.00125 0.06275)
(0.004 0.00125 0.06275)
(0.00425 0.00125 0.06275)
(0.0045 0.00125 0.06275)
(0.00475 0.00125 0.06275)
(0.005 0.00125 0.06275)
(0.00525 0.00125 0.06275)
(0.0055 0.00125 0.06275)
(0.00575 0.00125 0.06275)
(0.006 0.00125 0.06275)
(0.00625 0.00125 0.06275)
(0.0065 0.00125 0.06275)
(0.00675 0.00125 0.06275)
(0.007 0.00125 0.06275)
(0.00725 0.00125 0.06275)
(0.0075 0.00125 0.06275)
(0.00775 0.00125 0.06275)
(0.008 0.00125 0.06275)
(0.00825 0.00125 0.06275)
(0.0085 0.00125 0.06275)
(0.00875 0.00125 0.06275)
(0.009 0.00125 0.06275)
(0.00925 0.00125 0.06275)
(0.0095 0.00125 0.06275)
(0.00975 0.00125 0.06275)
(0.01 0.00125 0.06275)
(0.01025 0.00125 0.06275)
(0.0105 0.00125 0.06275)
(0.01075 0.00125 0.06275)
(0.011 0.00125 0.06275)
(0.01125 0.00125 0.06275)
(0.0115 0.00125 0.06275)
(0.01175 0.00125 0.06275)
(0.012 0.00125 0.06275)
(0.01225 0.00125 0.06275)
(0.0125 0.00125 0.06275)
(0.01275 0.00125 0.06275)
(0.013 0.00125 0.06275)
(0.01325 0.00125 0.06275)
(0.0135 0.00125 0.06275)
(0.01375 0.00125 0.06275)
(0.014 0.00125 0.06275)
(0.01425 0.00125 0.06275)
(0.0145 0.00125 0.06275)
(0.01475 0.00125 0.06275)
(0.015 0.00125 0.06275)
(0.01525 0.00125 0.06275)
(0.0155 0.00125 0.06275)
(0.01575 0.00125 0.06275)
(0.016 0.00125 0.06275)
(0.01625 0.00125 0.06275)
(0.0165 0.00125 0.06275)
(0.01675 0.00125 0.06275)
(0.017 0.00125 0.06275)
(0.01725 0.00125 0.06275)
(0.0175 0.00125 0.06275)
(0.01775 0.00125 0.06275)
(0.018 0.00125 0.06275)
(0.01825 0.00125 0.06275)
(0.0185 0.00125 0.06275)
(0.01875 0.00125 0.06275)
(0.019 0.00125 0.06275)
(0.01925 0.00125 0.06275)
(0.0195 0.00125 0.06275)
(0.01975 0.00125 0.06275)
(0.02 0.00125 0.06275)
(0.02025 0.00125 0.06275)
(0.0205 0.00125 0.06275)
(0.02075 0.00125 0.06275)
(0.021 0.00125 0.06275)
(0.02125 0.00125 0.06275)
(0.0215 0.00125 0.06275)
(0.02175 0.00125 0.06275)
(0.022 0.00125 0.06275)
(0.02225 0.00125 0.06275)
(0.0225 0.00125 0.06275)
(0.02275 0.00125 0.06275)
(0.023 0.00125 0.06275)
(0.02325 0.00125 0.06275)
(0.0235 0.00125 0.06275)
(0.02375 0.00125 0.06275)
(0.024 0.00125 0.06275)
(0.02425 0.00125 0.06275)
(0.0245 0.00125 0.06275)
(0.02475 0.00125 0.06275)
(0.025 0.00125 0.06275)
(0.02525 0.00125 0.06275)
(0.0255 0.00125 0.06275)
(0.02575 0.00125 0.06275)
(0.026 0.00125 0.06275)
(0.02625 0.00125 0.06275)
(0.0265 0.00125 0.06275)
(0.02675 0.00125 0.06275)
(0.027 0.00125 0.06275)
(0.02725 0.00125 0.06275)
(0.0275 0.00125 0.06275)
(0.02775 0.00125 0.06275)
(0.028 0.00125 0.06275)
(0.02825 0.00125 0.06275)
(0.0285 0.00125 0.06275)
(0.02875 0.00125 0.06275)
(0.029 0.00125 0.06275)
(0.02925 0.00125 0.06275)
(0.0295 0.00125 0.06275)
(0.02975 0.00125 0.06275)
(0.03 0.00125 0.06275)
(0.03025 0.00125 0.06275)
(0.0305 0.00125 0.06275)
(0.03075 0.00125 0.06275)
(0.031 0.00125 0.06275)
(0.03125 0.00125 0.06275)
(0.0315 0.00125 0.06275)
(0.03175 0.00125 0.06275)
(0.032 0.00125 0.06275)
(0.03225 0.00125 0.06275)
(0.0325 0.00125 0.06275)
(0.03275 0.00125 0.06275)
(0.033 0.00125 0.06275)
(0.03325 0.00125 0.06275)
(0.0335 0.00125 0.06275)
(0.03375 0.00125 0.06275)
(0.034 0.00125 0.06275)
(0.03425 0.00125 0.06275)
(0.0345 0.00125 0.06275)
(0.03475 0.00125 0.06275)
(0.035 0.00125 0.06275)
(0 0.0015 0.06275)
(0.00025 0.0015 0.06275)
(0.0005 0.0015 0.06275)
(0.00075 0.0015 0.06275)
(0.001 0.0015 0.06275)
(0.00125 0.0015 0.06275)
(0.0015 0.0015 0.06275)
(0.00175 0.0015 0.06275)
(0.002 0.0015 0.06275)
(0.00225 0.0015 0.06275)
(0.0025 0.0015 0.06275)
(0.00275 0.0015 0.06275)
(0.003 0.0015 0.06275)
(0.00325 0.0015 0.06275)
(0.0035 0.0015 0.06275)
(0.00375 0.0015 0.06275)
(0.004 0.0015 0.06275)
(0.00425 0.0015 0.06275)
(0.0045 0.0015 0.06275)
(0.00475 0.0015 0.06275)
(0.005 0.0015 0.06275)
(0.00525 0.0015 0.06275)
(0.0055 0.0015 0.06275)
(0.00575 0.0015 0.06275)
(0.006 0.0015 0.06275)
(0.00625 0.0015 0.06275)
(0.0065 0.0015 0.06275)
(0.00675 0.0015 0.06275)
(0.007 0.0015 0.06275)
(0.00725 0.0015 0.06275)
(0.0075 0.0015 0.06275)
(0.00775 0.0015 0.06275)
(0.008 0.0015 0.06275)
(0.00825 0.0015 0.06275)
(0.0085 0.0015 0.06275)
(0.00875 0.0015 0.06275)
(0.009 0.0015 0.06275)
(0.00925 0.0015 0.06275)
(0.0095 0.0015 0.06275)
(0.00975 0.0015 0.06275)
(0.01 0.0015 0.06275)
(0.01025 0.0015 0.06275)
(0.0105 0.0015 0.06275)
(0.01075 0.0015 0.06275)
(0.011 0.0015 0.06275)
(0.01125 0.0015 0.06275)
(0.0115 0.0015 0.06275)
(0.01175 0.0015 0.06275)
(0.012 0.0015 0.06275)
(0.01225 0.0015 0.06275)
(0.0125 0.0015 0.06275)
(0.01275 0.0015 0.06275)
(0.013 0.0015 0.06275)
(0.01325 0.0015 0.06275)
(0.0135 0.0015 0.06275)
(0.01375 0.0015 0.06275)
(0.014 0.0015 0.06275)
(0.01425 0.0015 0.06275)
(0.0145 0.0015 0.06275)
(0.01475 0.0015 0.06275)
(0.015 0.0015 0.06275)
(0.01525 0.0015 0.06275)
(0.0155 0.0015 0.06275)
(0.01575 0.0015 0.06275)
(0.016 0.0015 0.06275)
(0.01625 0.0015 0.06275)
(0.0165 0.0015 0.06275)
(0.01675 0.0015 0.06275)
(0.017 0.0015 0.06275)
(0.01725 0.0015 0.06275)
(0.0175 0.0015 0.06275)
(0.01775 0.0015 0.06275)
(0.018 0.0015 0.06275)
(0.01825 0.0015 0.06275)
(0.0185 0.0015 0.06275)
(0.01875 0.0015 0.06275)
(0.019 0.0015 0.06275)
(0.01925 0.0015 0.06275)
(0.0195 0.0015 0.06275)
(0.01975 0.0015 0.06275)
(0.02 0.0015 0.06275)
(0.02025 0.0015 0.06275)
(0.0205 0.0015 0.06275)
(0.02075 0.0015 0.06275)
(0.021 0.0015 0.06275)
(0.02125 0.0015 0.06275)
(0.0215 0.0015 0.06275)
(0.02175 0.0015 0.06275)
(0.022 0.0015 0.06275)
(0.02225 0.0015 0.06275)
(0.0225 0.0015 0.06275)
(0.02275 0.0015 0.06275)
(0.023 0.0015 0.06275)
(0.02325 0.0015 0.06275)
(0.0235 0.0015 0.06275)
(0.02375 0.0015 0.06275)
(0.024 0.0015 0.06275)
(0.02425 0.0015 0.06275)
(0.0245 0.0015 0.06275)
(0.02475 0.0015 0.06275)
(0.025 0.0015 0.06275)
(0.02525 0.0015 0.06275)
(0.0255 0.0015 0.06275)
(0.02575 0.0015 0.06275)
(0.026 0.0015 0.06275)
(0.02625 0.0015 0.06275)
(0.0265 0.0015 0.06275)
(0.02675 0.0015 0.06275)
(0.027 0.0015 0.06275)
(0.02725 0.0015 0.06275)
(0.0275 0.0015 0.06275)
(0.02775 0.0015 0.06275)
(0.028 0.0015 0.06275)
(0.02825 0.0015 0.06275)
(0.0285 0.0015 0.06275)
(0.02875 0.0015 0.06275)
(0.029 0.0015 0.06275)
(0.02925 0.0015 0.06275)
(0.0295 0.0015 0.06275)
(0.02975 0.0015 0.06275)
(0.03 0.0015 0.06275)
(0.03025 0.0015 0.06275)
(0.0305 0.0015 0.06275)
(0.03075 0.0015 0.06275)
(0.031 0.0015 0.06275)
(0.03125 0.0015 0.06275)
(0.0315 0.0015 0.06275)
(0.03175 0.0015 0.06275)
(0.032 0.0015 0.06275)
(0.03225 0.0015 0.06275)
(0.0325 0.0015 0.06275)
(0.03275 0.0015 0.06275)
(0.033 0.0015 0.06275)
(0.03325 0.0015 0.06275)
(0.0335 0.0015 0.06275)
(0.03375 0.0015 0.06275)
(0.034 0.0015 0.06275)
(0.03425 0.0015 0.06275)
(0.0345 0.0015 0.06275)
(0.03475 0.0015 0.06275)
(0.035 0.0015 0.06275)
(0 0.00175 0.06275)
(0.00025 0.00175 0.06275)
(0.0005 0.00175 0.06275)
(0.00075 0.00175 0.06275)
(0.001 0.00175 0.06275)
(0.00125 0.00175 0.06275)
(0.0015 0.00175 0.06275)
(0.00175 0.00175 0.06275)
(0.002 0.00175 0.06275)
(0.00225 0.00175 0.06275)
(0.0025 0.00175 0.06275)
(0.00275 0.00175 0.06275)
(0.003 0.00175 0.06275)
(0.00325 0.00175 0.06275)
(0.0035 0.00175 0.06275)
(0.00375 0.00175 0.06275)
(0.004 0.00175 0.06275)
(0.00425 0.00175 0.06275)
(0.0045 0.00175 0.06275)
(0.00475 0.00175 0.06275)
(0.005 0.00175 0.06275)
(0.00525 0.00175 0.06275)
(0.0055 0.00175 0.06275)
(0.00575 0.00175 0.06275)
(0.006 0.00175 0.06275)
(0.00625 0.00175 0.06275)
(0.0065 0.00175 0.06275)
(0.00675 0.00175 0.06275)
(0.007 0.00175 0.06275)
(0.00725 0.00175 0.06275)
(0.0075 0.00175 0.06275)
(0.00775 0.00175 0.06275)
(0.008 0.00175 0.06275)
(0.00825 0.00175 0.06275)
(0.0085 0.00175 0.06275)
(0.00875 0.00175 0.06275)
(0.009 0.00175 0.06275)
(0.00925 0.00175 0.06275)
(0.0095 0.00175 0.06275)
(0.00975 0.00175 0.06275)
(0.01 0.00175 0.06275)
(0.01025 0.00175 0.06275)
(0.0105 0.00175 0.06275)
(0.01075 0.00175 0.06275)
(0.011 0.00175 0.06275)
(0.01125 0.00175 0.06275)
(0.0115 0.00175 0.06275)
(0.01175 0.00175 0.06275)
(0.012 0.00175 0.06275)
(0.01225 0.00175 0.06275)
(0.0125 0.00175 0.06275)
(0.01275 0.00175 0.06275)
(0.013 0.00175 0.06275)
(0.01325 0.00175 0.06275)
(0.0135 0.00175 0.06275)
(0.01375 0.00175 0.06275)
(0.014 0.00175 0.06275)
(0.01425 0.00175 0.06275)
(0.0145 0.00175 0.06275)
(0.01475 0.00175 0.06275)
(0.015 0.00175 0.06275)
(0.01525 0.00175 0.06275)
(0.0155 0.00175 0.06275)
(0.01575 0.00175 0.06275)
(0.016 0.00175 0.06275)
(0.01625 0.00175 0.06275)
(0.0165 0.00175 0.06275)
(0.01675 0.00175 0.06275)
(0.017 0.00175 0.06275)
(0.01725 0.00175 0.06275)
(0.0175 0.00175 0.06275)
(0.01775 0.00175 0.06275)
(0.018 0.00175 0.06275)
(0.01825 0.00175 0.06275)
(0.0185 0.00175 0.06275)
(0.01875 0.00175 0.06275)
(0.019 0.00175 0.06275)
(0.01925 0.00175 0.06275)
(0.0195 0.00175 0.06275)
(0.01975 0.00175 0.06275)
(0.02 0.00175 0.06275)
(0.02025 0.00175 0.06275)
(0.0205 0.00175 0.06275)
(0.02075 0.00175 0.06275)
(0.021 0.00175 0.06275)
(0.02125 0.00175 0.06275)
(0.0215 0.00175 0.06275)
(0.02175 0.00175 0.06275)
(0.022 0.00175 0.06275)
(0.02225 0.00175 0.06275)
(0.0225 0.00175 0.06275)
(0.02275 0.00175 0.06275)
(0.023 0.00175 0.06275)
(0.02325 0.00175 0.06275)
(0.0235 0.00175 0.06275)
(0.02375 0.00175 0.06275)
(0.024 0.00175 0.06275)
(0.02425 0.00175 0.06275)
(0.0245 0.00175 0.06275)
(0.02475 0.00175 0.06275)
(0.025 0.00175 0.06275)
(0.02525 0.00175 0.06275)
(0.0255 0.00175 0.06275)
(0.02575 0.00175 0.06275)
(0.026 0.00175 0.06275)
(0.02625 0.00175 0.06275)
(0.0265 0.00175 0.06275)
(0.02675 0.00175 0.06275)
(0.027 0.00175 0.06275)
(0.02725 0.00175 0.06275)
(0.0275 0.00175 0.06275)
(0.02775 0.00175 0.06275)
(0.028 0.00175 0.06275)
(0.02825 0.00175 0.06275)
(0.0285 0.00175 0.06275)
(0.02875 0.00175 0.06275)
(0.029 0.00175 0.06275)
(0.02925 0.00175 0.06275)
(0.0295 0.00175 0.06275)
(0.02975 0.00175 0.06275)
(0.03 0.00175 0.06275)
(0.03025 0.00175 0.06275)
(0.0305 0.00175 0.06275)
(0.03075 0.00175 0.06275)
(0.031 0.00175 0.06275)
(0.03125 0.00175 0.06275)
(0.0315 0.00175 0.06275)
(0.03175 0.00175 0.06275)
(0.032 0.00175 0.06275)
(0.03225 0.00175 0.06275)
(0.0325 0.00175 0.06275)
(0.03275 0.00175 0.06275)
(0.033 0.00175 0.06275)
(0.03325 0.00175 0.06275)
(0.0335 0.00175 0.06275)
(0.03375 0.00175 0.06275)
(0.034 0.00175 0.06275)
(0.03425 0.00175 0.06275)
(0.0345 0.00175 0.06275)
(0.03475 0.00175 0.06275)
(0.035 0.00175 0.06275)
(0 0.002 0.06275)
(0.00025 0.002 0.06275)
(0.0005 0.002 0.06275)
(0.00075 0.002 0.06275)
(0.001 0.002 0.06275)
(0.00125 0.002 0.06275)
(0.0015 0.002 0.06275)
(0.00175 0.002 0.06275)
(0.002 0.002 0.06275)
(0.00225 0.002 0.06275)
(0.0025 0.002 0.06275)
(0.00275 0.002 0.06275)
(0.003 0.002 0.06275)
(0.00325 0.002 0.06275)
(0.0035 0.002 0.06275)
(0.00375 0.002 0.06275)
(0.004 0.002 0.06275)
(0.00425 0.002 0.06275)
(0.0045 0.002 0.06275)
(0.00475 0.002 0.06275)
(0.005 0.002 0.06275)
(0.00525 0.002 0.06275)
(0.0055 0.002 0.06275)
(0.00575 0.002 0.06275)
(0.006 0.002 0.06275)
(0.00625 0.002 0.06275)
(0.0065 0.002 0.06275)
(0.00675 0.002 0.06275)
(0.007 0.002 0.06275)
(0.00725 0.002 0.06275)
(0.0075 0.002 0.06275)
(0.00775 0.002 0.06275)
(0.008 0.002 0.06275)
(0.00825 0.002 0.06275)
(0.0085 0.002 0.06275)
(0.00875 0.002 0.06275)
(0.009 0.002 0.06275)
(0.00925 0.002 0.06275)
(0.0095 0.002 0.06275)
(0.00975 0.002 0.06275)
(0.01 0.002 0.06275)
(0.01025 0.002 0.06275)
(0.0105 0.002 0.06275)
(0.01075 0.002 0.06275)
(0.011 0.002 0.06275)
(0.01125 0.002 0.06275)
(0.0115 0.002 0.06275)
(0.01175 0.002 0.06275)
(0.012 0.002 0.06275)
(0.01225 0.002 0.06275)
(0.0125 0.002 0.06275)
(0.01275 0.002 0.06275)
(0.013 0.002 0.06275)
(0.01325 0.002 0.06275)
(0.0135 0.002 0.06275)
(0.01375 0.002 0.06275)
(0.014 0.002 0.06275)
(0.01425 0.002 0.06275)
(0.0145 0.002 0.06275)
(0.01475 0.002 0.06275)
(0.015 0.002 0.06275)
(0.01525 0.002 0.06275)
(0.0155 0.002 0.06275)
(0.01575 0.002 0.06275)
(0.016 0.002 0.06275)
(0.01625 0.002 0.06275)
(0.0165 0.002 0.06275)
(0.01675 0.002 0.06275)
(0.017 0.002 0.06275)
(0.01725 0.002 0.06275)
(0.0175 0.002 0.06275)
(0.01775 0.002 0.06275)
(0.018 0.002 0.06275)
(0.01825 0.002 0.06275)
(0.0185 0.002 0.06275)
(0.01875 0.002 0.06275)
(0.019 0.002 0.06275)
(0.01925 0.002 0.06275)
(0.0195 0.002 0.06275)
(0.01975 0.002 0.06275)
(0.02 0.002 0.06275)
(0.02025 0.002 0.06275)
(0.0205 0.002 0.06275)
(0.02075 0.002 0.06275)
(0.021 0.002 0.06275)
(0.02125 0.002 0.06275)
(0.0215 0.002 0.06275)
(0.02175 0.002 0.06275)
(0.022 0.002 0.06275)
(0.02225 0.002 0.06275)
(0.0225 0.002 0.06275)
(0.02275 0.002 0.06275)
(0.023 0.002 0.06275)
(0.02325 0.002 0.06275)
(0.0235 0.002 0.06275)
(0.02375 0.002 0.06275)
(0.024 0.002 0.06275)
(0.02425 0.002 0.06275)
(0.0245 0.002 0.06275)
(0.02475 0.002 0.06275)
(0.025 0.002 0.06275)
(0.02525 0.002 0.06275)
(0.0255 0.002 0.06275)
(0.02575 0.002 0.06275)
(0.026 0.002 0.06275)
(0.02625 0.002 0.06275)
(0.0265 0.002 0.06275)
(0.02675 0.002 0.06275)
(0.027 0.002 0.06275)
(0.02725 0.002 0.06275)
(0.0275 0.002 0.06275)
(0.02775 0.002 0.06275)
(0.028 0.002 0.06275)
(0.02825 0.002 0.06275)
(0.0285 0.002 0.06275)
(0.02875 0.002 0.06275)
(0.029 0.002 0.06275)
(0.02925 0.002 0.06275)
(0.0295 0.002 0.06275)
(0.02975 0.002 0.06275)
(0.03 0.002 0.06275)
(0.03025 0.002 0.06275)
(0.0305 0.002 0.06275)
(0.03075 0.002 0.06275)
(0.031 0.002 0.06275)
(0.03125 0.002 0.06275)
(0.0315 0.002 0.06275)
(0.03175 0.002 0.06275)
(0.032 0.002 0.06275)
(0.03225 0.002 0.06275)
(0.0325 0.002 0.06275)
(0.03275 0.002 0.06275)
(0.033 0.002 0.06275)
(0.03325 0.002 0.06275)
(0.0335 0.002 0.06275)
(0.03375 0.002 0.06275)
(0.034 0.002 0.06275)
(0.03425 0.002 0.06275)
(0.0345 0.002 0.06275)
(0.03475 0.002 0.06275)
(0.035 0.002 0.06275)
(0 0.00225 0.06275)
(0.00025 0.00225 0.06275)
(0.0005 0.00225 0.06275)
(0.00075 0.00225 0.06275)
(0.001 0.00225 0.06275)
(0.00125 0.00225 0.06275)
(0.0015 0.00225 0.06275)
(0.00175 0.00225 0.06275)
(0.002 0.00225 0.06275)
(0.00225 0.00225 0.06275)
(0.0025 0.00225 0.06275)
(0.00275 0.00225 0.06275)
(0.003 0.00225 0.06275)
(0.00325 0.00225 0.06275)
(0.0035 0.00225 0.06275)
(0.00375 0.00225 0.06275)
(0.004 0.00225 0.06275)
(0.00425 0.00225 0.06275)
(0.0045 0.00225 0.06275)
(0.00475 0.00225 0.06275)
(0.005 0.00225 0.06275)
(0.00525 0.00225 0.06275)
(0.0055 0.00225 0.06275)
(0.00575 0.00225 0.06275)
(0.006 0.00225 0.06275)
(0.00625 0.00225 0.06275)
(0.0065 0.00225 0.06275)
(0.00675 0.00225 0.06275)
(0.007 0.00225 0.06275)
(0.00725 0.00225 0.06275)
(0.0075 0.00225 0.06275)
(0.00775 0.00225 0.06275)
(0.008 0.00225 0.06275)
(0.00825 0.00225 0.06275)
(0.0085 0.00225 0.06275)
(0.00875 0.00225 0.06275)
(0.009 0.00225 0.06275)
(0.00925 0.00225 0.06275)
(0.0095 0.00225 0.06275)
(0.00975 0.00225 0.06275)
(0.01 0.00225 0.06275)
(0.01025 0.00225 0.06275)
(0.0105 0.00225 0.06275)
(0.01075 0.00225 0.06275)
(0.011 0.00225 0.06275)
(0.01125 0.00225 0.06275)
(0.0115 0.00225 0.06275)
(0.01175 0.00225 0.06275)
(0.012 0.00225 0.06275)
(0.01225 0.00225 0.06275)
(0.0125 0.00225 0.06275)
(0.01275 0.00225 0.06275)
(0.013 0.00225 0.06275)
(0.01325 0.00225 0.06275)
(0.0135 0.00225 0.06275)
(0.01375 0.00225 0.06275)
(0.014 0.00225 0.06275)
(0.01425 0.00225 0.06275)
(0.0145 0.00225 0.06275)
(0.01475 0.00225 0.06275)
(0.015 0.00225 0.06275)
(0.01525 0.00225 0.06275)
(0.0155 0.00225 0.06275)
(0.01575 0.00225 0.06275)
(0.016 0.00225 0.06275)
(0.01625 0.00225 0.06275)
(0.0165 0.00225 0.06275)
(0.01675 0.00225 0.06275)
(0.017 0.00225 0.06275)
(0.01725 0.00225 0.06275)
(0.0175 0.00225 0.06275)
(0.01775 0.00225 0.06275)
(0.018 0.00225 0.06275)
(0.01825 0.00225 0.06275)
(0.0185 0.00225 0.06275)
(0.01875 0.00225 0.06275)
(0.019 0.00225 0.06275)
(0.01925 0.00225 0.06275)
(0.0195 0.00225 0.06275)
(0.01975 0.00225 0.06275)
(0.02 0.00225 0.06275)
(0.02025 0.00225 0.06275)
(0.0205 0.00225 0.06275)
(0.02075 0.00225 0.06275)
(0.021 0.00225 0.06275)
(0.02125 0.00225 0.06275)
(0.0215 0.00225 0.06275)
(0.02175 0.00225 0.06275)
(0.022 0.00225 0.06275)
(0.02225 0.00225 0.06275)
(0.0225 0.00225 0.06275)
(0.02275 0.00225 0.06275)
(0.023 0.00225 0.06275)
(0.02325 0.00225 0.06275)
(0.0235 0.00225 0.06275)
(0.02375 0.00225 0.06275)
(0.024 0.00225 0.06275)
(0.02425 0.00225 0.06275)
(0.0245 0.00225 0.06275)
(0.02475 0.00225 0.06275)
(0.025 0.00225 0.06275)
(0.02525 0.00225 0.06275)
(0.0255 0.00225 0.06275)
(0.02575 0.00225 0.06275)
(0.026 0.00225 0.06275)
(0.02625 0.00225 0.06275)
(0.0265 0.00225 0.06275)
(0.02675 0.00225 0.06275)
(0.027 0.00225 0.06275)
(0.02725 0.00225 0.06275)
(0.0275 0.00225 0.06275)
(0.02775 0.00225 0.06275)
(0.028 0.00225 0.06275)
(0.02825 0.00225 0.06275)
(0.0285 0.00225 0.06275)
(0.02875 0.00225 0.06275)
(0.029 0.00225 0.06275)
(0.02925 0.00225 0.06275)
(0.0295 0.00225 0.06275)
(0.02975 0.00225 0.06275)
(0.03 0.00225 0.06275)
(0.03025 0.00225 0.06275)
(0.0305 0.00225 0.06275)
(0.03075 0.00225 0.06275)
(0.031 0.00225 0.06275)
(0.03125 0.00225 0.06275)
(0.0315 0.00225 0.06275)
(0.03175 0.00225 0.06275)
(0.032 0.00225 0.06275)
(0.03225 0.00225 0.06275)
(0.0325 0.00225 0.06275)
(0.03275 0.00225 0.06275)
(0.033 0.00225 0.06275)
(0.03325 0.00225 0.06275)
(0.0335 0.00225 0.06275)
(0.03375 0.00225 0.06275)
(0.034 0.00225 0.06275)
(0.03425 0.00225 0.06275)
(0.0345 0.00225 0.06275)
(0.03475 0.00225 0.06275)
(0.035 0.00225 0.06275)
(0 0.0025 0.06275)
(0.00025 0.0025 0.06275)
(0.0005 0.0025 0.06275)
(0.00075 0.0025 0.06275)
(0.001 0.0025 0.06275)
(0.00125 0.0025 0.06275)
(0.0015 0.0025 0.06275)
(0.00175 0.0025 0.06275)
(0.002 0.0025 0.06275)
(0.00225 0.0025 0.06275)
(0.0025 0.0025 0.06275)
(0.00275 0.0025 0.06275)
(0.003 0.0025 0.06275)
(0.00325 0.0025 0.06275)
(0.0035 0.0025 0.06275)
(0.00375 0.0025 0.06275)
(0.004 0.0025 0.06275)
(0.00425 0.0025 0.06275)
(0.0045 0.0025 0.06275)
(0.00475 0.0025 0.06275)
(0.005 0.0025 0.06275)
(0.00525 0.0025 0.06275)
(0.0055 0.0025 0.06275)
(0.00575 0.0025 0.06275)
(0.006 0.0025 0.06275)
(0.00625 0.0025 0.06275)
(0.0065 0.0025 0.06275)
(0.00675 0.0025 0.06275)
(0.007 0.0025 0.06275)
(0.00725 0.0025 0.06275)
(0.0075 0.0025 0.06275)
(0.00775 0.0025 0.06275)
(0.008 0.0025 0.06275)
(0.00825 0.0025 0.06275)
(0.0085 0.0025 0.06275)
(0.00875 0.0025 0.06275)
(0.009 0.0025 0.06275)
(0.00925 0.0025 0.06275)
(0.0095 0.0025 0.06275)
(0.00975 0.0025 0.06275)
(0.01 0.0025 0.06275)
(0.01025 0.0025 0.06275)
(0.0105 0.0025 0.06275)
(0.01075 0.0025 0.06275)
(0.011 0.0025 0.06275)
(0.01125 0.0025 0.06275)
(0.0115 0.0025 0.06275)
(0.01175 0.0025 0.06275)
(0.012 0.0025 0.06275)
(0.01225 0.0025 0.06275)
(0.0125 0.0025 0.06275)
(0.01275 0.0025 0.06275)
(0.013 0.0025 0.06275)
(0.01325 0.0025 0.06275)
(0.0135 0.0025 0.06275)
(0.01375 0.0025 0.06275)
(0.014 0.0025 0.06275)
(0.01425 0.0025 0.06275)
(0.0145 0.0025 0.06275)
(0.01475 0.0025 0.06275)
(0.015 0.0025 0.06275)
(0.01525 0.0025 0.06275)
(0.0155 0.0025 0.06275)
(0.01575 0.0025 0.06275)
(0.016 0.0025 0.06275)
(0.01625 0.0025 0.06275)
(0.0165 0.0025 0.06275)
(0.01675 0.0025 0.06275)
(0.017 0.0025 0.06275)
(0.01725 0.0025 0.06275)
(0.0175 0.0025 0.06275)
(0.01775 0.0025 0.06275)
(0.018 0.0025 0.06275)
(0.01825 0.0025 0.06275)
(0.0185 0.0025 0.06275)
(0.01875 0.0025 0.06275)
(0.019 0.0025 0.06275)
(0.01925 0.0025 0.06275)
(0.0195 0.0025 0.06275)
(0.01975 0.0025 0.06275)
(0.02 0.0025 0.06275)
(0.02025 0.0025 0.06275)
(0.0205 0.0025 0.06275)
(0.02075 0.0025 0.06275)
(0.021 0.0025 0.06275)
(0.02125 0.0025 0.06275)
(0.0215 0.0025 0.06275)
(0.02175 0.0025 0.06275)
(0.022 0.0025 0.06275)
(0.02225 0.0025 0.06275)
(0.0225 0.0025 0.06275)
(0.02275 0.0025 0.06275)
(0.023 0.0025 0.06275)
(0.02325 0.0025 0.06275)
(0.0235 0.0025 0.06275)
(0.02375 0.0025 0.06275)
(0.024 0.0025 0.06275)
(0.02425 0.0025 0.06275)
(0.0245 0.0025 0.06275)
(0.02475 0.0025 0.06275)
(0.025 0.0025 0.06275)
(0.02525 0.0025 0.06275)
(0.0255 0.0025 0.06275)
(0.02575 0.0025 0.06275)
(0.026 0.0025 0.06275)
(0.02625 0.0025 0.06275)
(0.0265 0.0025 0.06275)
(0.02675 0.0025 0.06275)
(0.027 0.0025 0.06275)
(0.02725 0.0025 0.06275)
(0.0275 0.0025 0.06275)
(0.02775 0.0025 0.06275)
(0.028 0.0025 0.06275)
(0.02825 0.0025 0.06275)
(0.0285 0.0025 0.06275)
(0.02875 0.0025 0.06275)
(0.029 0.0025 0.06275)
(0.02925 0.0025 0.06275)
(0.0295 0.0025 0.06275)
(0.02975 0.0025 0.06275)
(0.03 0.0025 0.06275)
(0.03025 0.0025 0.06275)
(0.0305 0.0025 0.06275)
(0.03075 0.0025 0.06275)
(0.031 0.0025 0.06275)
(0.03125 0.0025 0.06275)
(0.0315 0.0025 0.06275)
(0.03175 0.0025 0.06275)
(0.032 0.0025 0.06275)
(0.03225 0.0025 0.06275)
(0.0325 0.0025 0.06275)
(0.03275 0.0025 0.06275)
(0.033 0.0025 0.06275)
(0.03325 0.0025 0.06275)
(0.0335 0.0025 0.06275)
(0.03375 0.0025 0.06275)
(0.034 0.0025 0.06275)
(0.03425 0.0025 0.06275)
(0.0345 0.0025 0.06275)
(0.03475 0.0025 0.06275)
(0.035 0.0025 0.06275)
(0 0 0.063)
(0.00025 0 0.063)
(0.0005 0 0.063)
(0.00075 0 0.063)
(0.001 0 0.063)
(0.00125 0 0.063)
(0.0015 0 0.063)
(0.00175 0 0.063)
(0.002 0 0.063)
(0.00225 0 0.063)
(0.0025 0 0.063)
(0.00275 0 0.063)
(0.003 0 0.063)
(0.00325 0 0.063)
(0.0035 0 0.063)
(0.00375 0 0.063)
(0.004 0 0.063)
(0.00425 0 0.063)
(0.0045 0 0.063)
(0.00475 0 0.063)
(0.005 0 0.063)
(0.00525 0 0.063)
(0.0055 0 0.063)
(0.00575 0 0.063)
(0.006 0 0.063)
(0.00625 0 0.063)
(0.0065 0 0.063)
(0.00675 0 0.063)
(0.007 0 0.063)
(0.00725 0 0.063)
(0.0075 0 0.063)
(0.00775 0 0.063)
(0.008 0 0.063)
(0.00825 0 0.063)
(0.0085 0 0.063)
(0.00875 0 0.063)
(0.009 0 0.063)
(0.00925 0 0.063)
(0.0095 0 0.063)
(0.00975 0 0.063)
(0.01 0 0.063)
(0.01025 0 0.063)
(0.0105 0 0.063)
(0.01075 0 0.063)
(0.011 0 0.063)
(0.01125 0 0.063)
(0.0115 0 0.063)
(0.01175 0 0.063)
(0.012 0 0.063)
(0.01225 0 0.063)
(0.0125 0 0.063)
(0.01275 0 0.063)
(0.013 0 0.063)
(0.01325 0 0.063)
(0.0135 0 0.063)
(0.01375 0 0.063)
(0.014 0 0.063)
(0.01425 0 0.063)
(0.0145 0 0.063)
(0.01475 0 0.063)
(0.015 0 0.063)
(0.01525 0 0.063)
(0.0155 0 0.063)
(0.01575 0 0.063)
(0.016 0 0.063)
(0.01625 0 0.063)
(0.0165 0 0.063)
(0.01675 0 0.063)
(0.017 0 0.063)
(0.01725 0 0.063)
(0.0175 0 0.063)
(0.01775 0 0.063)
(0.018 0 0.063)
(0.01825 0 0.063)
(0.0185 0 0.063)
(0.01875 0 0.063)
(0.019 0 0.063)
(0.01925 0 0.063)
(0.0195 0 0.063)
(0.01975 0 0.063)
(0.02 0 0.063)
(0.02025 0 0.063)
(0.0205 0 0.063)
(0.02075 0 0.063)
(0.021 0 0.063)
(0.02125 0 0.063)
(0.0215 0 0.063)
(0.02175 0 0.063)
(0.022 0 0.063)
(0.02225 0 0.063)
(0.0225 0 0.063)
(0.02275 0 0.063)
(0.023 0 0.063)
(0.02325 0 0.063)
(0.0235 0 0.063)
(0.02375 0 0.063)
(0.024 0 0.063)
(0.02425 0 0.063)
(0.0245 0 0.063)
(0.02475 0 0.063)
(0.025 0 0.063)
(0.02525 0 0.063)
(0.0255 0 0.063)
(0.02575 0 0.063)
(0.026 0 0.063)
(0.02625 0 0.063)
(0.0265 0 0.063)
(0.02675 0 0.063)
(0.027 0 0.063)
(0.02725 0 0.063)
(0.0275 0 0.063)
(0.02775 0 0.063)
(0.028 0 0.063)
(0.02825 0 0.063)
(0.0285 0 0.063)
(0.02875 0 0.063)
(0.029 0 0.063)
(0.02925 0 0.063)
(0.0295 0 0.063)
(0.02975 0 0.063)
(0.03 0 0.063)
(0.03025 0 0.063)
(0.0305 0 0.063)
(0.03075 0 0.063)
(0.031 0 0.063)
(0.03125 0 0.063)
(0.0315 0 0.063)
(0.03175 0 0.063)
(0.032 0 0.063)
(0.03225 0 0.063)
(0.0325 0 0.063)
(0.03275 0 0.063)
(0.033 0 0.063)
(0.03325 0 0.063)
(0.0335 0 0.063)
(0.03375 0 0.063)
(0.034 0 0.063)
(0.03425 0 0.063)
(0.0345 0 0.063)
(0.03475 0 0.063)
(0.035 0 0.063)
(0 0.00025 0.063)
(0.00025 0.00025 0.063)
(0.0005 0.00025 0.063)
(0.00075 0.00025 0.063)
(0.001 0.00025 0.063)
(0.00125 0.00025 0.063)
(0.0015 0.00025 0.063)
(0.00175 0.00025 0.063)
(0.002 0.00025 0.063)
(0.00225 0.00025 0.063)
(0.0025 0.00025 0.063)
(0.00275 0.00025 0.063)
(0.003 0.00025 0.063)
(0.00325 0.00025 0.063)
(0.0035 0.00025 0.063)
(0.00375 0.00025 0.063)
(0.004 0.00025 0.063)
(0.00425 0.00025 0.063)
(0.0045 0.00025 0.063)
(0.00475 0.00025 0.063)
(0.005 0.00025 0.063)
(0.00525 0.00025 0.063)
(0.0055 0.00025 0.063)
(0.00575 0.00025 0.063)
(0.006 0.00025 0.063)
(0.00625 0.00025 0.063)
(0.0065 0.00025 0.063)
(0.00675 0.00025 0.063)
(0.007 0.00025 0.063)
(0.00725 0.00025 0.063)
(0.0075 0.00025 0.063)
(0.00775 0.00025 0.063)
(0.008 0.00025 0.063)
(0.00825 0.00025 0.063)
(0.0085 0.00025 0.063)
(0.00875 0.00025 0.063)
(0.009 0.00025 0.063)
(0.00925 0.00025 0.063)
(0.0095 0.00025 0.063)
(0.00975 0.00025 0.063)
(0.01 0.00025 0.063)
(0.01025 0.00025 0.063)
(0.0105 0.00025 0.063)
(0.01075 0.00025 0.063)
(0.011 0.00025 0.063)
(0.01125 0.00025 0.063)
(0.0115 0.00025 0.063)
(0.01175 0.00025 0.063)
(0.012 0.00025 0.063)
(0.01225 0.00025 0.063)
(0.0125 0.00025 0.063)
(0.01275 0.00025 0.063)
(0.013 0.00025 0.063)
(0.01325 0.00025 0.063)
(0.0135 0.00025 0.063)
(0.01375 0.00025 0.063)
(0.014 0.00025 0.063)
(0.01425 0.00025 0.063)
(0.0145 0.00025 0.063)
(0.01475 0.00025 0.063)
(0.015 0.00025 0.063)
(0.01525 0.00025 0.063)
(0.0155 0.00025 0.063)
(0.01575 0.00025 0.063)
(0.016 0.00025 0.063)
(0.01625 0.00025 0.063)
(0.0165 0.00025 0.063)
(0.01675 0.00025 0.063)
(0.017 0.00025 0.063)
(0.01725 0.00025 0.063)
(0.0175 0.00025 0.063)
(0.01775 0.00025 0.063)
(0.018 0.00025 0.063)
(0.01825 0.00025 0.063)
(0.0185 0.00025 0.063)
(0.01875 0.00025 0.063)
(0.019 0.00025 0.063)
(0.01925 0.00025 0.063)
(0.0195 0.00025 0.063)
(0.01975 0.00025 0.063)
(0.02 0.00025 0.063)
(0.02025 0.00025 0.063)
(0.0205 0.00025 0.063)
(0.02075 0.00025 0.063)
(0.021 0.00025 0.063)
(0.02125 0.00025 0.063)
(0.0215 0.00025 0.063)
(0.02175 0.00025 0.063)
(0.022 0.00025 0.063)
(0.02225 0.00025 0.063)
(0.0225 0.00025 0.063)
(0.02275 0.00025 0.063)
(0.023 0.00025 0.063)
(0.02325 0.00025 0.063)
(0.0235 0.00025 0.063)
(0.02375 0.00025 0.063)
(0.024 0.00025 0.063)
(0.02425 0.00025 0.063)
(0.0245 0.00025 0.063)
(0.02475 0.00025 0.063)
(0.025 0.00025 0.063)
(0.02525 0.00025 0.063)
(0.0255 0.00025 0.063)
(0.02575 0.00025 0.063)
(0.026 0.00025 0.063)
(0.02625 0.00025 0.063)
(0.0265 0.00025 0.063)
(0.02675 0.00025 0.063)
(0.027 0.00025 0.063)
(0.02725 0.00025 0.063)
(0.0275 0.00025 0.063)
(0.02775 0.00025 0.063)
(0.028 0.00025 0.063)
(0.02825 0.00025 0.063)
(0.0285 0.00025 0.063)
(0.02875 0.00025 0.063)
(0.029 0.00025 0.063)
(0.02925 0.00025 0.063)
(0.0295 0.00025 0.063)
(0.02975 0.00025 0.063)
(0.03 0.00025 0.063)
(0.03025 0.00025 0.063)
(0.0305 0.00025 0.063)
(0.03075 0.00025 0.063)
(0.031 0.00025 0.063)
(0.03125 0.00025 0.063)
(0.0315 0.00025 0.063)
(0.03175 0.00025 0.063)
(0.032 0.00025 0.063)
(0.03225 0.00025 0.063)
(0.0325 0.00025 0.063)
(0.03275 0.00025 0.063)
(0.033 0.00025 0.063)
(0.03325 0.00025 0.063)
(0.0335 0.00025 0.063)
(0.03375 0.00025 0.063)
(0.034 0.00025 0.063)
(0.03425 0.00025 0.063)
(0.0345 0.00025 0.063)
(0.03475 0.00025 0.063)
(0.035 0.00025 0.063)
(0 0.0005 0.063)
(0.00025 0.0005 0.063)
(0.0005 0.0005 0.063)
(0.00075 0.0005 0.063)
(0.001 0.0005 0.063)
(0.00125 0.0005 0.063)
(0.0015 0.0005 0.063)
(0.00175 0.0005 0.063)
(0.002 0.0005 0.063)
(0.00225 0.0005 0.063)
(0.0025 0.0005 0.063)
(0.00275 0.0005 0.063)
(0.003 0.0005 0.063)
(0.00325 0.0005 0.063)
(0.0035 0.0005 0.063)
(0.00375 0.0005 0.063)
(0.004 0.0005 0.063)
(0.00425 0.0005 0.063)
(0.0045 0.0005 0.063)
(0.00475 0.0005 0.063)
(0.005 0.0005 0.063)
(0.00525 0.0005 0.063)
(0.0055 0.0005 0.063)
(0.00575 0.0005 0.063)
(0.006 0.0005 0.063)
(0.00625 0.0005 0.063)
(0.0065 0.0005 0.063)
(0.00675 0.0005 0.063)
(0.007 0.0005 0.063)
(0.00725 0.0005 0.063)
(0.0075 0.0005 0.063)
(0.00775 0.0005 0.063)
(0.008 0.0005 0.063)
(0.00825 0.0005 0.063)
(0.0085 0.0005 0.063)
(0.00875 0.0005 0.063)
(0.009 0.0005 0.063)
(0.00925 0.0005 0.063)
(0.0095 0.0005 0.063)
(0.00975 0.0005 0.063)
(0.01 0.0005 0.063)
(0.01025 0.0005 0.063)
(0.0105 0.0005 0.063)
(0.01075 0.0005 0.063)
(0.011 0.0005 0.063)
(0.01125 0.0005 0.063)
(0.0115 0.0005 0.063)
(0.01175 0.0005 0.063)
(0.012 0.0005 0.063)
(0.01225 0.0005 0.063)
(0.0125 0.0005 0.063)
(0.01275 0.0005 0.063)
(0.013 0.0005 0.063)
(0.01325 0.0005 0.063)
(0.0135 0.0005 0.063)
(0.01375 0.0005 0.063)
(0.014 0.0005 0.063)
(0.01425 0.0005 0.063)
(0.0145 0.0005 0.063)
(0.01475 0.0005 0.063)
(0.015 0.0005 0.063)
(0.01525 0.0005 0.063)
(0.0155 0.0005 0.063)
(0.01575 0.0005 0.063)
(0.016 0.0005 0.063)
(0.01625 0.0005 0.063)
(0.0165 0.0005 0.063)
(0.01675 0.0005 0.063)
(0.017 0.0005 0.063)
(0.01725 0.0005 0.063)
(0.0175 0.0005 0.063)
(0.01775 0.0005 0.063)
(0.018 0.0005 0.063)
(0.01825 0.0005 0.063)
(0.0185 0.0005 0.063)
(0.01875 0.0005 0.063)
(0.019 0.0005 0.063)
(0.01925 0.0005 0.063)
(0.0195 0.0005 0.063)
(0.01975 0.0005 0.063)
(0.02 0.0005 0.063)
(0.02025 0.0005 0.063)
(0.0205 0.0005 0.063)
(0.02075 0.0005 0.063)
(0.021 0.0005 0.063)
(0.02125 0.0005 0.063)
(0.0215 0.0005 0.063)
(0.02175 0.0005 0.063)
(0.022 0.0005 0.063)
(0.02225 0.0005 0.063)
(0.0225 0.0005 0.063)
(0.02275 0.0005 0.063)
(0.023 0.0005 0.063)
(0.02325 0.0005 0.063)
(0.0235 0.0005 0.063)
(0.02375 0.0005 0.063)
(0.024 0.0005 0.063)
(0.02425 0.0005 0.063)
(0.0245 0.0005 0.063)
(0.02475 0.0005 0.063)
(0.025 0.0005 0.063)
(0.02525 0.0005 0.063)
(0.0255 0.0005 0.063)
(0.02575 0.0005 0.063)
(0.026 0.0005 0.063)
(0.02625 0.0005 0.063)
(0.0265 0.0005 0.063)
(0.02675 0.0005 0.063)
(0.027 0.0005 0.063)
(0.02725 0.0005 0.063)
(0.0275 0.0005 0.063)
(0.02775 0.0005 0.063)
(0.028 0.0005 0.063)
(0.02825 0.0005 0.063)
(0.0285 0.0005 0.063)
(0.02875 0.0005 0.063)
(0.029 0.0005 0.063)
(0.02925 0.0005 0.063)
(0.0295 0.0005 0.063)
(0.02975 0.0005 0.063)
(0.03 0.0005 0.063)
(0.03025 0.0005 0.063)
(0.0305 0.0005 0.063)
(0.03075 0.0005 0.063)
(0.031 0.0005 0.063)
(0.03125 0.0005 0.063)
(0.0315 0.0005 0.063)
(0.03175 0.0005 0.063)
(0.032 0.0005 0.063)
(0.03225 0.0005 0.063)
(0.0325 0.0005 0.063)
(0.03275 0.0005 0.063)
(0.033 0.0005 0.063)
(0.03325 0.0005 0.063)
(0.0335 0.0005 0.063)
(0.03375 0.0005 0.063)
(0.034 0.0005 0.063)
(0.03425 0.0005 0.063)
(0.0345 0.0005 0.063)
(0.03475 0.0005 0.063)
(0.035 0.0005 0.063)
(0 0.00075 0.063)
(0.00025 0.00075 0.063)
(0.0005 0.00075 0.063)
(0.00075 0.00075 0.063)
(0.001 0.00075 0.063)
(0.00125 0.00075 0.063)
(0.0015 0.00075 0.063)
(0.00175 0.00075 0.063)
(0.002 0.00075 0.063)
(0.00225 0.00075 0.063)
(0.0025 0.00075 0.063)
(0.00275 0.00075 0.063)
(0.003 0.00075 0.063)
(0.00325 0.00075 0.063)
(0.0035 0.00075 0.063)
(0.00375 0.00075 0.063)
(0.004 0.00075 0.063)
(0.00425 0.00075 0.063)
(0.0045 0.00075 0.063)
(0.00475 0.00075 0.063)
(0.005 0.00075 0.063)
(0.00525 0.00075 0.063)
(0.0055 0.00075 0.063)
(0.00575 0.00075 0.063)
(0.006 0.00075 0.063)
(0.00625 0.00075 0.063)
(0.0065 0.00075 0.063)
(0.00675 0.00075 0.063)
(0.007 0.00075 0.063)
(0.00725 0.00075 0.063)
(0.0075 0.00075 0.063)
(0.00775 0.00075 0.063)
(0.008 0.00075 0.063)
(0.00825 0.00075 0.063)
(0.0085 0.00075 0.063)
(0.00875 0.00075 0.063)
(0.009 0.00075 0.063)
(0.00925 0.00075 0.063)
(0.0095 0.00075 0.063)
(0.00975 0.00075 0.063)
(0.01 0.00075 0.063)
(0.01025 0.00075 0.063)
(0.0105 0.00075 0.063)
(0.01075 0.00075 0.063)
(0.011 0.00075 0.063)
(0.01125 0.00075 0.063)
(0.0115 0.00075 0.063)
(0.01175 0.00075 0.063)
(0.012 0.00075 0.063)
(0.01225 0.00075 0.063)
(0.0125 0.00075 0.063)
(0.01275 0.00075 0.063)
(0.013 0.00075 0.063)
(0.01325 0.00075 0.063)
(0.0135 0.00075 0.063)
(0.01375 0.00075 0.063)
(0.014 0.00075 0.063)
(0.01425 0.00075 0.063)
(0.0145 0.00075 0.063)
(0.01475 0.00075 0.063)
(0.015 0.00075 0.063)
(0.01525 0.00075 0.063)
(0.0155 0.00075 0.063)
(0.01575 0.00075 0.063)
(0.016 0.00075 0.063)
(0.01625 0.00075 0.063)
(0.0165 0.00075 0.063)
(0.01675 0.00075 0.063)
(0.017 0.00075 0.063)
(0.01725 0.00075 0.063)
(0.0175 0.00075 0.063)
(0.01775 0.00075 0.063)
(0.018 0.00075 0.063)
(0.01825 0.00075 0.063)
(0.0185 0.00075 0.063)
(0.01875 0.00075 0.063)
(0.019 0.00075 0.063)
(0.01925 0.00075 0.063)
(0.0195 0.00075 0.063)
(0.01975 0.00075 0.063)
(0.02 0.00075 0.063)
(0.02025 0.00075 0.063)
(0.0205 0.00075 0.063)
(0.02075 0.00075 0.063)
(0.021 0.00075 0.063)
(0.02125 0.00075 0.063)
(0.0215 0.00075 0.063)
(0.02175 0.00075 0.063)
(0.022 0.00075 0.063)
(0.02225 0.00075 0.063)
(0.0225 0.00075 0.063)
(0.02275 0.00075 0.063)
(0.023 0.00075 0.063)
(0.02325 0.00075 0.063)
(0.0235 0.00075 0.063)
(0.02375 0.00075 0.063)
(0.024 0.00075 0.063)
(0.02425 0.00075 0.063)
(0.0245 0.00075 0.063)
(0.02475 0.00075 0.063)
(0.025 0.00075 0.063)
(0.02525 0.00075 0.063)
(0.0255 0.00075 0.063)
(0.02575 0.00075 0.063)
(0.026 0.00075 0.063)
(0.02625 0.00075 0.063)
(0.0265 0.00075 0.063)
(0.02675 0.00075 0.063)
(0.027 0.00075 0.063)
(0.02725 0.00075 0.063)
(0.0275 0.00075 0.063)
(0.02775 0.00075 0.063)
(0.028 0.00075 0.063)
(0.02825 0.00075 0.063)
(0.0285 0.00075 0.063)
(0.02875 0.00075 0.063)
(0.029 0.00075 0.063)
(0.02925 0.00075 0.063)
(0.0295 0.00075 0.063)
(0.02975 0.00075 0.063)
(0.03 0.00075 0.063)
(0.03025 0.00075 0.063)
(0.0305 0.00075 0.063)
(0.03075 0.00075 0.063)
(0.031 0.00075 0.063)
(0.03125 0.00075 0.063)
(0.0315 0.00075 0.063)
(0.03175 0.00075 0.063)
(0.032 0.00075 0.063)
(0.03225 0.00075 0.063)
(0.0325 0.00075 0.063)
(0.03275 0.00075 0.063)
(0.033 0.00075 0.063)
(0.03325 0.00075 0.063)
(0.0335 0.00075 0.063)
(0.03375 0.00075 0.063)
(0.034 0.00075 0.063)
(0.03425 0.00075 0.063)
(0.0345 0.00075 0.063)
(0.03475 0.00075 0.063)
(0.035 0.00075 0.063)
(0 0.001 0.063)
(0.00025 0.001 0.063)
(0.0005 0.001 0.063)
(0.00075 0.001 0.063)
(0.001 0.001 0.063)
(0.00125 0.001 0.063)
(0.0015 0.001 0.063)
(0.00175 0.001 0.063)
(0.002 0.001 0.063)
(0.00225 0.001 0.063)
(0.0025 0.001 0.063)
(0.00275 0.001 0.063)
(0.003 0.001 0.063)
(0.00325 0.001 0.063)
(0.0035 0.001 0.063)
(0.00375 0.001 0.063)
(0.004 0.001 0.063)
(0.00425 0.001 0.063)
(0.0045 0.001 0.063)
(0.00475 0.001 0.063)
(0.005 0.001 0.063)
(0.00525 0.001 0.063)
(0.0055 0.001 0.063)
(0.00575 0.001 0.063)
(0.006 0.001 0.063)
(0.00625 0.001 0.063)
(0.0065 0.001 0.063)
(0.00675 0.001 0.063)
(0.007 0.001 0.063)
(0.00725 0.001 0.063)
(0.0075 0.001 0.063)
(0.00775 0.001 0.063)
(0.008 0.001 0.063)
(0.00825 0.001 0.063)
(0.0085 0.001 0.063)
(0.00875 0.001 0.063)
(0.009 0.001 0.063)
(0.00925 0.001 0.063)
(0.0095 0.001 0.063)
(0.00975 0.001 0.063)
(0.01 0.001 0.063)
(0.01025 0.001 0.063)
(0.0105 0.001 0.063)
(0.01075 0.001 0.063)
(0.011 0.001 0.063)
(0.01125 0.001 0.063)
(0.0115 0.001 0.063)
(0.01175 0.001 0.063)
(0.012 0.001 0.063)
(0.01225 0.001 0.063)
(0.0125 0.001 0.063)
(0.01275 0.001 0.063)
(0.013 0.001 0.063)
(0.01325 0.001 0.063)
(0.0135 0.001 0.063)
(0.01375 0.001 0.063)
(0.014 0.001 0.063)
(0.01425 0.001 0.063)
(0.0145 0.001 0.063)
(0.01475 0.001 0.063)
(0.015 0.001 0.063)
(0.01525 0.001 0.063)
(0.0155 0.001 0.063)
(0.01575 0.001 0.063)
(0.016 0.001 0.063)
(0.01625 0.001 0.063)
(0.0165 0.001 0.063)
(0.01675 0.001 0.063)
(0.017 0.001 0.063)
(0.01725 0.001 0.063)
(0.0175 0.001 0.063)
(0.01775 0.001 0.063)
(0.018 0.001 0.063)
(0.01825 0.001 0.063)
(0.0185 0.001 0.063)
(0.01875 0.001 0.063)
(0.019 0.001 0.063)
(0.01925 0.001 0.063)
(0.0195 0.001 0.063)
(0.01975 0.001 0.063)
(0.02 0.001 0.063)
(0.02025 0.001 0.063)
(0.0205 0.001 0.063)
(0.02075 0.001 0.063)
(0.021 0.001 0.063)
(0.02125 0.001 0.063)
(0.0215 0.001 0.063)
(0.02175 0.001 0.063)
(0.022 0.001 0.063)
(0.02225 0.001 0.063)
(0.0225 0.001 0.063)
(0.02275 0.001 0.063)
(0.023 0.001 0.063)
(0.02325 0.001 0.063)
(0.0235 0.001 0.063)
(0.02375 0.001 0.063)
(0.024 0.001 0.063)
(0.02425 0.001 0.063)
(0.0245 0.001 0.063)
(0.02475 0.001 0.063)
(0.025 0.001 0.063)
(0.02525 0.001 0.063)
(0.0255 0.001 0.063)
(0.02575 0.001 0.063)
(0.026 0.001 0.063)
(0.02625 0.001 0.063)
(0.0265 0.001 0.063)
(0.02675 0.001 0.063)
(0.027 0.001 0.063)
(0.02725 0.001 0.063)
(0.0275 0.001 0.063)
(0.02775 0.001 0.063)
(0.028 0.001 0.063)
(0.02825 0.001 0.063)
(0.0285 0.001 0.063)
(0.02875 0.001 0.063)
(0.029 0.001 0.063)
(0.02925 0.001 0.063)
(0.0295 0.001 0.063)
(0.02975 0.001 0.063)
(0.03 0.001 0.063)
(0.03025 0.001 0.063)
(0.0305 0.001 0.063)
(0.03075 0.001 0.063)
(0.031 0.001 0.063)
(0.03125 0.001 0.063)
(0.0315 0.001 0.063)
(0.03175 0.001 0.063)
(0.032 0.001 0.063)
(0.03225 0.001 0.063)
(0.0325 0.001 0.063)
(0.03275 0.001 0.063)
(0.033 0.001 0.063)
(0.03325 0.001 0.063)
(0.0335 0.001 0.063)
(0.03375 0.001 0.063)
(0.034 0.001 0.063)
(0.03425 0.001 0.063)
(0.0345 0.001 0.063)
(0.03475 0.001 0.063)
(0.035 0.001 0.063)
(0 0.00125 0.063)
(0.00025 0.00125 0.063)
(0.0005 0.00125 0.063)
(0.00075 0.00125 0.063)
(0.001 0.00125 0.063)
(0.00125 0.00125 0.063)
(0.0015 0.00125 0.063)
(0.00175 0.00125 0.063)
(0.002 0.00125 0.063)
(0.00225 0.00125 0.063)
(0.0025 0.00125 0.063)
(0.00275 0.00125 0.063)
(0.003 0.00125 0.063)
(0.00325 0.00125 0.063)
(0.0035 0.00125 0.063)
(0.00375 0.00125 0.063)
(0.004 0.00125 0.063)
(0.00425 0.00125 0.063)
(0.0045 0.00125 0.063)
(0.00475 0.00125 0.063)
(0.005 0.00125 0.063)
(0.00525 0.00125 0.063)
(0.0055 0.00125 0.063)
(0.00575 0.00125 0.063)
(0.006 0.00125 0.063)
(0.00625 0.00125 0.063)
(0.0065 0.00125 0.063)
(0.00675 0.00125 0.063)
(0.007 0.00125 0.063)
(0.00725 0.00125 0.063)
(0.0075 0.00125 0.063)
(0.00775 0.00125 0.063)
(0.008 0.00125 0.063)
(0.00825 0.00125 0.063)
(0.0085 0.00125 0.063)
(0.00875 0.00125 0.063)
(0.009 0.00125 0.063)
(0.00925 0.00125 0.063)
(0.0095 0.00125 0.063)
(0.00975 0.00125 0.063)
(0.01 0.00125 0.063)
(0.01025 0.00125 0.063)
(0.0105 0.00125 0.063)
(0.01075 0.00125 0.063)
(0.011 0.00125 0.063)
(0.01125 0.00125 0.063)
(0.0115 0.00125 0.063)
(0.01175 0.00125 0.063)
(0.012 0.00125 0.063)
(0.01225 0.00125 0.063)
(0.0125 0.00125 0.063)
(0.01275 0.00125 0.063)
(0.013 0.00125 0.063)
(0.01325 0.00125 0.063)
(0.0135 0.00125 0.063)
(0.01375 0.00125 0.063)
(0.014 0.00125 0.063)
(0.01425 0.00125 0.063)
(0.0145 0.00125 0.063)
(0.01475 0.00125 0.063)
(0.015 0.00125 0.063)
(0.01525 0.00125 0.063)
(0.0155 0.00125 0.063)
(0.01575 0.00125 0.063)
(0.016 0.00125 0.063)
(0.01625 0.00125 0.063)
(0.0165 0.00125 0.063)
(0.01675 0.00125 0.063)
(0.017 0.00125 0.063)
(0.01725 0.00125 0.063)
(0.0175 0.00125 0.063)
(0.01775 0.00125 0.063)
(0.018 0.00125 0.063)
(0.01825 0.00125 0.063)
(0.0185 0.00125 0.063)
(0.01875 0.00125 0.063)
(0.019 0.00125 0.063)
(0.01925 0.00125 0.063)
(0.0195 0.00125 0.063)
(0.01975 0.00125 0.063)
(0.02 0.00125 0.063)
(0.02025 0.00125 0.063)
(0.0205 0.00125 0.063)
(0.02075 0.00125 0.063)
(0.021 0.00125 0.063)
(0.02125 0.00125 0.063)
(0.0215 0.00125 0.063)
(0.02175 0.00125 0.063)
(0.022 0.00125 0.063)
(0.02225 0.00125 0.063)
(0.0225 0.00125 0.063)
(0.02275 0.00125 0.063)
(0.023 0.00125 0.063)
(0.02325 0.00125 0.063)
(0.0235 0.00125 0.063)
(0.02375 0.00125 0.063)
(0.024 0.00125 0.063)
(0.02425 0.00125 0.063)
(0.0245 0.00125 0.063)
(0.02475 0.00125 0.063)
(0.025 0.00125 0.063)
(0.02525 0.00125 0.063)
(0.0255 0.00125 0.063)
(0.02575 0.00125 0.063)
(0.026 0.00125 0.063)
(0.02625 0.00125 0.063)
(0.0265 0.00125 0.063)
(0.02675 0.00125 0.063)
(0.027 0.00125 0.063)
(0.02725 0.00125 0.063)
(0.0275 0.00125 0.063)
(0.02775 0.00125 0.063)
(0.028 0.00125 0.063)
(0.02825 0.00125 0.063)
(0.0285 0.00125 0.063)
(0.02875 0.00125 0.063)
(0.029 0.00125 0.063)
(0.02925 0.00125 0.063)
(0.0295 0.00125 0.063)
(0.02975 0.00125 0.063)
(0.03 0.00125 0.063)
(0.03025 0.00125 0.063)
(0.0305 0.00125 0.063)
(0.03075 0.00125 0.063)
(0.031 0.00125 0.063)
(0.03125 0.00125 0.063)
(0.0315 0.00125 0.063)
(0.03175 0.00125 0.063)
(0.032 0.00125 0.063)
(0.03225 0.00125 0.063)
(0.0325 0.00125 0.063)
(0.03275 0.00125 0.063)
(0.033 0.00125 0.063)
(0.03325 0.00125 0.063)
(0.0335 0.00125 0.063)
(0.03375 0.00125 0.063)
(0.034 0.00125 0.063)
(0.03425 0.00125 0.063)
(0.0345 0.00125 0.063)
(0.03475 0.00125 0.063)
(0.035 0.00125 0.063)
(0 0.0015 0.063)
(0.00025 0.0015 0.063)
(0.0005 0.0015 0.063)
(0.00075 0.0015 0.063)
(0.001 0.0015 0.063)
(0.00125 0.0015 0.063)
(0.0015 0.0015 0.063)
(0.00175 0.0015 0.063)
(0.002 0.0015 0.063)
(0.00225 0.0015 0.063)
(0.0025 0.0015 0.063)
(0.00275 0.0015 0.063)
(0.003 0.0015 0.063)
(0.00325 0.0015 0.063)
(0.0035 0.0015 0.063)
(0.00375 0.0015 0.063)
(0.004 0.0015 0.063)
(0.00425 0.0015 0.063)
(0.0045 0.0015 0.063)
(0.00475 0.0015 0.063)
(0.005 0.0015 0.063)
(0.00525 0.0015 0.063)
(0.0055 0.0015 0.063)
(0.00575 0.0015 0.063)
(0.006 0.0015 0.063)
(0.00625 0.0015 0.063)
(0.0065 0.0015 0.063)
(0.00675 0.0015 0.063)
(0.007 0.0015 0.063)
(0.00725 0.0015 0.063)
(0.0075 0.0015 0.063)
(0.00775 0.0015 0.063)
(0.008 0.0015 0.063)
(0.00825 0.0015 0.063)
(0.0085 0.0015 0.063)
(0.00875 0.0015 0.063)
(0.009 0.0015 0.063)
(0.00925 0.0015 0.063)
(0.0095 0.0015 0.063)
(0.00975 0.0015 0.063)
(0.01 0.0015 0.063)
(0.01025 0.0015 0.063)
(0.0105 0.0015 0.063)
(0.01075 0.0015 0.063)
(0.011 0.0015 0.063)
(0.01125 0.0015 0.063)
(0.0115 0.0015 0.063)
(0.01175 0.0015 0.063)
(0.012 0.0015 0.063)
(0.01225 0.0015 0.063)
(0.0125 0.0015 0.063)
(0.01275 0.0015 0.063)
(0.013 0.0015 0.063)
(0.01325 0.0015 0.063)
(0.0135 0.0015 0.063)
(0.01375 0.0015 0.063)
(0.014 0.0015 0.063)
(0.01425 0.0015 0.063)
(0.0145 0.0015 0.063)
(0.01475 0.0015 0.063)
(0.015 0.0015 0.063)
(0.01525 0.0015 0.063)
(0.0155 0.0015 0.063)
(0.01575 0.0015 0.063)
(0.016 0.0015 0.063)
(0.01625 0.0015 0.063)
(0.0165 0.0015 0.063)
(0.01675 0.0015 0.063)
(0.017 0.0015 0.063)
(0.01725 0.0015 0.063)
(0.0175 0.0015 0.063)
(0.01775 0.0015 0.063)
(0.018 0.0015 0.063)
(0.01825 0.0015 0.063)
(0.0185 0.0015 0.063)
(0.01875 0.0015 0.063)
(0.019 0.0015 0.063)
(0.01925 0.0015 0.063)
(0.0195 0.0015 0.063)
(0.01975 0.0015 0.063)
(0.02 0.0015 0.063)
(0.02025 0.0015 0.063)
(0.0205 0.0015 0.063)
(0.02075 0.0015 0.063)
(0.021 0.0015 0.063)
(0.02125 0.0015 0.063)
(0.0215 0.0015 0.063)
(0.02175 0.0015 0.063)
(0.022 0.0015 0.063)
(0.02225 0.0015 0.063)
(0.0225 0.0015 0.063)
(0.02275 0.0015 0.063)
(0.023 0.0015 0.063)
(0.02325 0.0015 0.063)
(0.0235 0.0015 0.063)
(0.02375 0.0015 0.063)
(0.024 0.0015 0.063)
(0.02425 0.0015 0.063)
(0.0245 0.0015 0.063)
(0.02475 0.0015 0.063)
(0.025 0.0015 0.063)
(0.02525 0.0015 0.063)
(0.0255 0.0015 0.063)
(0.02575 0.0015 0.063)
(0.026 0.0015 0.063)
(0.02625 0.0015 0.063)
(0.0265 0.0015 0.063)
(0.02675 0.0015 0.063)
(0.027 0.0015 0.063)
(0.02725 0.0015 0.063)
(0.0275 0.0015 0.063)
(0.02775 0.0015 0.063)
(0.028 0.0015 0.063)
(0.02825 0.0015 0.063)
(0.0285 0.0015 0.063)
(0.02875 0.0015 0.063)
(0.029 0.0015 0.063)
(0.02925 0.0015 0.063)
(0.0295 0.0015 0.063)
(0.02975 0.0015 0.063)
(0.03 0.0015 0.063)
(0.03025 0.0015 0.063)
(0.0305 0.0015 0.063)
(0.03075 0.0015 0.063)
(0.031 0.0015 0.063)
(0.03125 0.0015 0.063)
(0.0315 0.0015 0.063)
(0.03175 0.0015 0.063)
(0.032 0.0015 0.063)
(0.03225 0.0015 0.063)
(0.0325 0.0015 0.063)
(0.03275 0.0015 0.063)
(0.033 0.0015 0.063)
(0.03325 0.0015 0.063)
(0.0335 0.0015 0.063)
(0.03375 0.0015 0.063)
(0.034 0.0015 0.063)
(0.03425 0.0015 0.063)
(0.0345 0.0015 0.063)
(0.03475 0.0015 0.063)
(0.035 0.0015 0.063)
(0 0.00175 0.063)
(0.00025 0.00175 0.063)
(0.0005 0.00175 0.063)
(0.00075 0.00175 0.063)
(0.001 0.00175 0.063)
(0.00125 0.00175 0.063)
(0.0015 0.00175 0.063)
(0.00175 0.00175 0.063)
(0.002 0.00175 0.063)
(0.00225 0.00175 0.063)
(0.0025 0.00175 0.063)
(0.00275 0.00175 0.063)
(0.003 0.00175 0.063)
(0.00325 0.00175 0.063)
(0.0035 0.00175 0.063)
(0.00375 0.00175 0.063)
(0.004 0.00175 0.063)
(0.00425 0.00175 0.063)
(0.0045 0.00175 0.063)
(0.00475 0.00175 0.063)
(0.005 0.00175 0.063)
(0.00525 0.00175 0.063)
(0.0055 0.00175 0.063)
(0.00575 0.00175 0.063)
(0.006 0.00175 0.063)
(0.00625 0.00175 0.063)
(0.0065 0.00175 0.063)
(0.00675 0.00175 0.063)
(0.007 0.00175 0.063)
(0.00725 0.00175 0.063)
(0.0075 0.00175 0.063)
(0.00775 0.00175 0.063)
(0.008 0.00175 0.063)
(0.00825 0.00175 0.063)
(0.0085 0.00175 0.063)
(0.00875 0.00175 0.063)
(0.009 0.00175 0.063)
(0.00925 0.00175 0.063)
(0.0095 0.00175 0.063)
(0.00975 0.00175 0.063)
(0.01 0.00175 0.063)
(0.01025 0.00175 0.063)
(0.0105 0.00175 0.063)
(0.01075 0.00175 0.063)
(0.011 0.00175 0.063)
(0.01125 0.00175 0.063)
(0.0115 0.00175 0.063)
(0.01175 0.00175 0.063)
(0.012 0.00175 0.063)
(0.01225 0.00175 0.063)
(0.0125 0.00175 0.063)
(0.01275 0.00175 0.063)
(0.013 0.00175 0.063)
(0.01325 0.00175 0.063)
(0.0135 0.00175 0.063)
(0.01375 0.00175 0.063)
(0.014 0.00175 0.063)
(0.01425 0.00175 0.063)
(0.0145 0.00175 0.063)
(0.01475 0.00175 0.063)
(0.015 0.00175 0.063)
(0.01525 0.00175 0.063)
(0.0155 0.00175 0.063)
(0.01575 0.00175 0.063)
(0.016 0.00175 0.063)
(0.01625 0.00175 0.063)
(0.0165 0.00175 0.063)
(0.01675 0.00175 0.063)
(0.017 0.00175 0.063)
(0.01725 0.00175 0.063)
(0.0175 0.00175 0.063)
(0.01775 0.00175 0.063)
(0.018 0.00175 0.063)
(0.01825 0.00175 0.063)
(0.0185 0.00175 0.063)
(0.01875 0.00175 0.063)
(0.019 0.00175 0.063)
(0.01925 0.00175 0.063)
(0.0195 0.00175 0.063)
(0.01975 0.00175 0.063)
(0.02 0.00175 0.063)
(0.02025 0.00175 0.063)
(0.0205 0.00175 0.063)
(0.02075 0.00175 0.063)
(0.021 0.00175 0.063)
(0.02125 0.00175 0.063)
(0.0215 0.00175 0.063)
(0.02175 0.00175 0.063)
(0.022 0.00175 0.063)
(0.02225 0.00175 0.063)
(0.0225 0.00175 0.063)
(0.02275 0.00175 0.063)
(0.023 0.00175 0.063)
(0.02325 0.00175 0.063)
(0.0235 0.00175 0.063)
(0.02375 0.00175 0.063)
(0.024 0.00175 0.063)
(0.02425 0.00175 0.063)
(0.0245 0.00175 0.063)
(0.02475 0.00175 0.063)
(0.025 0.00175 0.063)
(0.02525 0.00175 0.063)
(0.0255 0.00175 0.063)
(0.02575 0.00175 0.063)
(0.026 0.00175 0.063)
(0.02625 0.00175 0.063)
(0.0265 0.00175 0.063)
(0.02675 0.00175 0.063)
(0.027 0.00175 0.063)
(0.02725 0.00175 0.063)
(0.0275 0.00175 0.063)
(0.02775 0.00175 0.063)
(0.028 0.00175 0.063)
(0.02825 0.00175 0.063)
(0.0285 0.00175 0.063)
(0.02875 0.00175 0.063)
(0.029 0.00175 0.063)
(0.02925 0.00175 0.063)
(0.0295 0.00175 0.063)
(0.02975 0.00175 0.063)
(0.03 0.00175 0.063)
(0.03025 0.00175 0.063)
(0.0305 0.00175 0.063)
(0.03075 0.00175 0.063)
(0.031 0.00175 0.063)
(0.03125 0.00175 0.063)
(0.0315 0.00175 0.063)
(0.03175 0.00175 0.063)
(0.032 0.00175 0.063)
(0.03225 0.00175 0.063)
(0.0325 0.00175 0.063)
(0.03275 0.00175 0.063)
(0.033 0.00175 0.063)
(0.03325 0.00175 0.063)
(0.0335 0.00175 0.063)
(0.03375 0.00175 0.063)
(0.034 0.00175 0.063)
(0.03425 0.00175 0.063)
(0.0345 0.00175 0.063)
(0.03475 0.00175 0.063)
(0.035 0.00175 0.063)
(0 0.002 0.063)
(0.00025 0.002 0.063)
(0.0005 0.002 0.063)
(0.00075 0.002 0.063)
(0.001 0.002 0.063)
(0.00125 0.002 0.063)
(0.0015 0.002 0.063)
(0.00175 0.002 0.063)
(0.002 0.002 0.063)
(0.00225 0.002 0.063)
(0.0025 0.002 0.063)
(0.00275 0.002 0.063)
(0.003 0.002 0.063)
(0.00325 0.002 0.063)
(0.0035 0.002 0.063)
(0.00375 0.002 0.063)
(0.004 0.002 0.063)
(0.00425 0.002 0.063)
(0.0045 0.002 0.063)
(0.00475 0.002 0.063)
(0.005 0.002 0.063)
(0.00525 0.002 0.063)
(0.0055 0.002 0.063)
(0.00575 0.002 0.063)
(0.006 0.002 0.063)
(0.00625 0.002 0.063)
(0.0065 0.002 0.063)
(0.00675 0.002 0.063)
(0.007 0.002 0.063)
(0.00725 0.002 0.063)
(0.0075 0.002 0.063)
(0.00775 0.002 0.063)
(0.008 0.002 0.063)
(0.00825 0.002 0.063)
(0.0085 0.002 0.063)
(0.00875 0.002 0.063)
(0.009 0.002 0.063)
(0.00925 0.002 0.063)
(0.0095 0.002 0.063)
(0.00975 0.002 0.063)
(0.01 0.002 0.063)
(0.01025 0.002 0.063)
(0.0105 0.002 0.063)
(0.01075 0.002 0.063)
(0.011 0.002 0.063)
(0.01125 0.002 0.063)
(0.0115 0.002 0.063)
(0.01175 0.002 0.063)
(0.012 0.002 0.063)
(0.01225 0.002 0.063)
(0.0125 0.002 0.063)
(0.01275 0.002 0.063)
(0.013 0.002 0.063)
(0.01325 0.002 0.063)
(0.0135 0.002 0.063)
(0.01375 0.002 0.063)
(0.014 0.002 0.063)
(0.01425 0.002 0.063)
(0.0145 0.002 0.063)
(0.01475 0.002 0.063)
(0.015 0.002 0.063)
(0.01525 0.002 0.063)
(0.0155 0.002 0.063)
(0.01575 0.002 0.063)
(0.016 0.002 0.063)
(0.01625 0.002 0.063)
(0.0165 0.002 0.063)
(0.01675 0.002 0.063)
(0.017 0.002 0.063)
(0.01725 0.002 0.063)
(0.0175 0.002 0.063)
(0.01775 0.002 0.063)
(0.018 0.002 0.063)
(0.01825 0.002 0.063)
(0.0185 0.002 0.063)
(0.01875 0.002 0.063)
(0.019 0.002 0.063)
(0.01925 0.002 0.063)
(0.0195 0.002 0.063)
(0.01975 0.002 0.063)
(0.02 0.002 0.063)
(0.02025 0.002 0.063)
(0.0205 0.002 0.063)
(0.02075 0.002 0.063)
(0.021 0.002 0.063)
(0.02125 0.002 0.063)
(0.0215 0.002 0.063)
(0.02175 0.002 0.063)
(0.022 0.002 0.063)
(0.02225 0.002 0.063)
(0.0225 0.002 0.063)
(0.02275 0.002 0.063)
(0.023 0.002 0.063)
(0.02325 0.002 0.063)
(0.0235 0.002 0.063)
(0.02375 0.002 0.063)
(0.024 0.002 0.063)
(0.02425 0.002 0.063)
(0.0245 0.002 0.063)
(0.02475 0.002 0.063)
(0.025 0.002 0.063)
(0.02525 0.002 0.063)
(0.0255 0.002 0.063)
(0.02575 0.002 0.063)
(0.026 0.002 0.063)
(0.02625 0.002 0.063)
(0.0265 0.002 0.063)
(0.02675 0.002 0.063)
(0.027 0.002 0.063)
(0.02725 0.002 0.063)
(0.0275 0.002 0.063)
(0.02775 0.002 0.063)
(0.028 0.002 0.063)
(0.02825 0.002 0.063)
(0.0285 0.002 0.063)
(0.02875 0.002 0.063)
(0.029 0.002 0.063)
(0.02925 0.002 0.063)
(0.0295 0.002 0.063)
(0.02975 0.002 0.063)
(0.03 0.002 0.063)
(0.03025 0.002 0.063)
(0.0305 0.002 0.063)
(0.03075 0.002 0.063)
(0.031 0.002 0.063)
(0.03125 0.002 0.063)
(0.0315 0.002 0.063)
(0.03175 0.002 0.063)
(0.032 0.002 0.063)
(0.03225 0.002 0.063)
(0.0325 0.002 0.063)
(0.03275 0.002 0.063)
(0.033 0.002 0.063)
(0.03325 0.002 0.063)
(0.0335 0.002 0.063)
(0.03375 0.002 0.063)
(0.034 0.002 0.063)
(0.03425 0.002 0.063)
(0.0345 0.002 0.063)
(0.03475 0.002 0.063)
(0.035 0.002 0.063)
(0 0.00225 0.063)
(0.00025 0.00225 0.063)
(0.0005 0.00225 0.063)
(0.00075 0.00225 0.063)
(0.001 0.00225 0.063)
(0.00125 0.00225 0.063)
(0.0015 0.00225 0.063)
(0.00175 0.00225 0.063)
(0.002 0.00225 0.063)
(0.00225 0.00225 0.063)
(0.0025 0.00225 0.063)
(0.00275 0.00225 0.063)
(0.003 0.00225 0.063)
(0.00325 0.00225 0.063)
(0.0035 0.00225 0.063)
(0.00375 0.00225 0.063)
(0.004 0.00225 0.063)
(0.00425 0.00225 0.063)
(0.0045 0.00225 0.063)
(0.00475 0.00225 0.063)
(0.005 0.00225 0.063)
(0.00525 0.00225 0.063)
(0.0055 0.00225 0.063)
(0.00575 0.00225 0.063)
(0.006 0.00225 0.063)
(0.00625 0.00225 0.063)
(0.0065 0.00225 0.063)
(0.00675 0.00225 0.063)
(0.007 0.00225 0.063)
(0.00725 0.00225 0.063)
(0.0075 0.00225 0.063)
(0.00775 0.00225 0.063)
(0.008 0.00225 0.063)
(0.00825 0.00225 0.063)
(0.0085 0.00225 0.063)
(0.00875 0.00225 0.063)
(0.009 0.00225 0.063)
(0.00925 0.00225 0.063)
(0.0095 0.00225 0.063)
(0.00975 0.00225 0.063)
(0.01 0.00225 0.063)
(0.01025 0.00225 0.063)
(0.0105 0.00225 0.063)
(0.01075 0.00225 0.063)
(0.011 0.00225 0.063)
(0.01125 0.00225 0.063)
(0.0115 0.00225 0.063)
(0.01175 0.00225 0.063)
(0.012 0.00225 0.063)
(0.01225 0.00225 0.063)
(0.0125 0.00225 0.063)
(0.01275 0.00225 0.063)
(0.013 0.00225 0.063)
(0.01325 0.00225 0.063)
(0.0135 0.00225 0.063)
(0.01375 0.00225 0.063)
(0.014 0.00225 0.063)
(0.01425 0.00225 0.063)
(0.0145 0.00225 0.063)
(0.01475 0.00225 0.063)
(0.015 0.00225 0.063)
(0.01525 0.00225 0.063)
(0.0155 0.00225 0.063)
(0.01575 0.00225 0.063)
(0.016 0.00225 0.063)
(0.01625 0.00225 0.063)
(0.0165 0.00225 0.063)
(0.01675 0.00225 0.063)
(0.017 0.00225 0.063)
(0.01725 0.00225 0.063)
(0.0175 0.00225 0.063)
(0.01775 0.00225 0.063)
(0.018 0.00225 0.063)
(0.01825 0.00225 0.063)
(0.0185 0.00225 0.063)
(0.01875 0.00225 0.063)
(0.019 0.00225 0.063)
(0.01925 0.00225 0.063)
(0.0195 0.00225 0.063)
(0.01975 0.00225 0.063)
(0.02 0.00225 0.063)
(0.02025 0.00225 0.063)
(0.0205 0.00225 0.063)
(0.02075 0.00225 0.063)
(0.021 0.00225 0.063)
(0.02125 0.00225 0.063)
(0.0215 0.00225 0.063)
(0.02175 0.00225 0.063)
(0.022 0.00225 0.063)
(0.02225 0.00225 0.063)
(0.0225 0.00225 0.063)
(0.02275 0.00225 0.063)
(0.023 0.00225 0.063)
(0.02325 0.00225 0.063)
(0.0235 0.00225 0.063)
(0.02375 0.00225 0.063)
(0.024 0.00225 0.063)
(0.02425 0.00225 0.063)
(0.0245 0.00225 0.063)
(0.02475 0.00225 0.063)
(0.025 0.00225 0.063)
(0.02525 0.00225 0.063)
(0.0255 0.00225 0.063)
(0.02575 0.00225 0.063)
(0.026 0.00225 0.063)
(0.02625 0.00225 0.063)
(0.0265 0.00225 0.063)
(0.02675 0.00225 0.063)
(0.027 0.00225 0.063)
(0.02725 0.00225 0.063)
(0.0275 0.00225 0.063)
(0.02775 0.00225 0.063)
(0.028 0.00225 0.063)
(0.02825 0.00225 0.063)
(0.0285 0.00225 0.063)
(0.02875 0.00225 0.063)
(0.029 0.00225 0.063)
(0.02925 0.00225 0.063)
(0.0295 0.00225 0.063)
(0.02975 0.00225 0.063)
(0.03 0.00225 0.063)
(0.03025 0.00225 0.063)
(0.0305 0.00225 0.063)
(0.03075 0.00225 0.063)
(0.031 0.00225 0.063)
(0.03125 0.00225 0.063)
(0.0315 0.00225 0.063)
(0.03175 0.00225 0.063)
(0.032 0.00225 0.063)
(0.03225 0.00225 0.063)
(0.0325 0.00225 0.063)
(0.03275 0.00225 0.063)
(0.033 0.00225 0.063)
(0.03325 0.00225 0.063)
(0.0335 0.00225 0.063)
(0.03375 0.00225 0.063)
(0.034 0.00225 0.063)
(0.03425 0.00225 0.063)
(0.0345 0.00225 0.063)
(0.03475 0.00225 0.063)
(0.035 0.00225 0.063)
(0 0.0025 0.063)
(0.00025 0.0025 0.063)
(0.0005 0.0025 0.063)
(0.00075 0.0025 0.063)
(0.001 0.0025 0.063)
(0.00125 0.0025 0.063)
(0.0015 0.0025 0.063)
(0.00175 0.0025 0.063)
(0.002 0.0025 0.063)
(0.00225 0.0025 0.063)
(0.0025 0.0025 0.063)
(0.00275 0.0025 0.063)
(0.003 0.0025 0.063)
(0.00325 0.0025 0.063)
(0.0035 0.0025 0.063)
(0.00375 0.0025 0.063)
(0.004 0.0025 0.063)
(0.00425 0.0025 0.063)
(0.0045 0.0025 0.063)
(0.00475 0.0025 0.063)
(0.005 0.0025 0.063)
(0.00525 0.0025 0.063)
(0.0055 0.0025 0.063)
(0.00575 0.0025 0.063)
(0.006 0.0025 0.063)
(0.00625 0.0025 0.063)
(0.0065 0.0025 0.063)
(0.00675 0.0025 0.063)
(0.007 0.0025 0.063)
(0.00725 0.0025 0.063)
(0.0075 0.0025 0.063)
(0.00775 0.0025 0.063)
(0.008 0.0025 0.063)
(0.00825 0.0025 0.063)
(0.0085 0.0025 0.063)
(0.00875 0.0025 0.063)
(0.009 0.0025 0.063)
(0.00925 0.0025 0.063)
(0.0095 0.0025 0.063)
(0.00975 0.0025 0.063)
(0.01 0.0025 0.063)
(0.01025 0.0025 0.063)
(0.0105 0.0025 0.063)
(0.01075 0.0025 0.063)
(0.011 0.0025 0.063)
(0.01125 0.0025 0.063)
(0.0115 0.0025 0.063)
(0.01175 0.0025 0.063)
(0.012 0.0025 0.063)
(0.01225 0.0025 0.063)
(0.0125 0.0025 0.063)
(0.01275 0.0025 0.063)
(0.013 0.0025 0.063)
(0.01325 0.0025 0.063)
(0.0135 0.0025 0.063)
(0.01375 0.0025 0.063)
(0.014 0.0025 0.063)
(0.01425 0.0025 0.063)
(0.0145 0.0025 0.063)
(0.01475 0.0025 0.063)
(0.015 0.0025 0.063)
(0.01525 0.0025 0.063)
(0.0155 0.0025 0.063)
(0.01575 0.0025 0.063)
(0.016 0.0025 0.063)
(0.01625 0.0025 0.063)
(0.0165 0.0025 0.063)
(0.01675 0.0025 0.063)
(0.017 0.0025 0.063)
(0.01725 0.0025 0.063)
(0.0175 0.0025 0.063)
(0.01775 0.0025 0.063)
(0.018 0.0025 0.063)
(0.01825 0.0025 0.063)
(0.0185 0.0025 0.063)
(0.01875 0.0025 0.063)
(0.019 0.0025 0.063)
(0.01925 0.0025 0.063)
(0.0195 0.0025 0.063)
(0.01975 0.0025 0.063)
(0.02 0.0025 0.063)
(0.02025 0.0025 0.063)
(0.0205 0.0025 0.063)
(0.02075 0.0025 0.063)
(0.021 0.0025 0.063)
(0.02125 0.0025 0.063)
(0.0215 0.0025 0.063)
(0.02175 0.0025 0.063)
(0.022 0.0025 0.063)
(0.02225 0.0025 0.063)
(0.0225 0.0025 0.063)
(0.02275 0.0025 0.063)
(0.023 0.0025 0.063)
(0.02325 0.0025 0.063)
(0.0235 0.0025 0.063)
(0.02375 0.0025 0.063)
(0.024 0.0025 0.063)
(0.02425 0.0025 0.063)
(0.0245 0.0025 0.063)
(0.02475 0.0025 0.063)
(0.025 0.0025 0.063)
(0.02525 0.0025 0.063)
(0.0255 0.0025 0.063)
(0.02575 0.0025 0.063)
(0.026 0.0025 0.063)
(0.02625 0.0025 0.063)
(0.0265 0.0025 0.063)
(0.02675 0.0025 0.063)
(0.027 0.0025 0.063)
(0.02725 0.0025 0.063)
(0.0275 0.0025 0.063)
(0.02775 0.0025 0.063)
(0.028 0.0025 0.063)
(0.02825 0.0025 0.063)
(0.0285 0.0025 0.063)
(0.02875 0.0025 0.063)
(0.029 0.0025 0.063)
(0.02925 0.0025 0.063)
(0.0295 0.0025 0.063)
(0.02975 0.0025 0.063)
(0.03 0.0025 0.063)
(0.03025 0.0025 0.063)
(0.0305 0.0025 0.063)
(0.03075 0.0025 0.063)
(0.031 0.0025 0.063)
(0.03125 0.0025 0.063)
(0.0315 0.0025 0.063)
(0.03175 0.0025 0.063)
(0.032 0.0025 0.063)
(0.03225 0.0025 0.063)
(0.0325 0.0025 0.063)
(0.03275 0.0025 0.063)
(0.033 0.0025 0.063)
(0.03325 0.0025 0.063)
(0.0335 0.0025 0.063)
(0.03375 0.0025 0.063)
(0.034 0.0025 0.063)
(0.03425 0.0025 0.063)
(0.0345 0.0025 0.063)
(0.03475 0.0025 0.063)
(0.035 0.0025 0.063)
(0 0 0.06325)
(0.00025 0 0.06325)
(0.0005 0 0.06325)
(0.00075 0 0.06325)
(0.001 0 0.06325)
(0.00125 0 0.06325)
(0.0015 0 0.06325)
(0.00175 0 0.06325)
(0.002 0 0.06325)
(0.00225 0 0.06325)
(0.0025 0 0.06325)
(0.00275 0 0.06325)
(0.003 0 0.06325)
(0.00325 0 0.06325)
(0.0035 0 0.06325)
(0.00375 0 0.06325)
(0.004 0 0.06325)
(0.00425 0 0.06325)
(0.0045 0 0.06325)
(0.00475 0 0.06325)
(0.005 0 0.06325)
(0.00525 0 0.06325)
(0.0055 0 0.06325)
(0.00575 0 0.06325)
(0.006 0 0.06325)
(0.00625 0 0.06325)
(0.0065 0 0.06325)
(0.00675 0 0.06325)
(0.007 0 0.06325)
(0.00725 0 0.06325)
(0.0075 0 0.06325)
(0.00775 0 0.06325)
(0.008 0 0.06325)
(0.00825 0 0.06325)
(0.0085 0 0.06325)
(0.00875 0 0.06325)
(0.009 0 0.06325)
(0.00925 0 0.06325)
(0.0095 0 0.06325)
(0.00975 0 0.06325)
(0.01 0 0.06325)
(0.01025 0 0.06325)
(0.0105 0 0.06325)
(0.01075 0 0.06325)
(0.011 0 0.06325)
(0.01125 0 0.06325)
(0.0115 0 0.06325)
(0.01175 0 0.06325)
(0.012 0 0.06325)
(0.01225 0 0.06325)
(0.0125 0 0.06325)
(0.01275 0 0.06325)
(0.013 0 0.06325)
(0.01325 0 0.06325)
(0.0135 0 0.06325)
(0.01375 0 0.06325)
(0.014 0 0.06325)
(0.01425 0 0.06325)
(0.0145 0 0.06325)
(0.01475 0 0.06325)
(0.015 0 0.06325)
(0.01525 0 0.06325)
(0.0155 0 0.06325)
(0.01575 0 0.06325)
(0.016 0 0.06325)
(0.01625 0 0.06325)
(0.0165 0 0.06325)
(0.01675 0 0.06325)
(0.017 0 0.06325)
(0.01725 0 0.06325)
(0.0175 0 0.06325)
(0.01775 0 0.06325)
(0.018 0 0.06325)
(0.01825 0 0.06325)
(0.0185 0 0.06325)
(0.01875 0 0.06325)
(0.019 0 0.06325)
(0.01925 0 0.06325)
(0.0195 0 0.06325)
(0.01975 0 0.06325)
(0.02 0 0.06325)
(0.02025 0 0.06325)
(0.0205 0 0.06325)
(0.02075 0 0.06325)
(0.021 0 0.06325)
(0.02125 0 0.06325)
(0.0215 0 0.06325)
(0.02175 0 0.06325)
(0.022 0 0.06325)
(0.02225 0 0.06325)
(0.0225 0 0.06325)
(0.02275 0 0.06325)
(0.023 0 0.06325)
(0.02325 0 0.06325)
(0.0235 0 0.06325)
(0.02375 0 0.06325)
(0.024 0 0.06325)
(0.02425 0 0.06325)
(0.0245 0 0.06325)
(0.02475 0 0.06325)
(0.025 0 0.06325)
(0.02525 0 0.06325)
(0.0255 0 0.06325)
(0.02575 0 0.06325)
(0.026 0 0.06325)
(0.02625 0 0.06325)
(0.0265 0 0.06325)
(0.02675 0 0.06325)
(0.027 0 0.06325)
(0.02725 0 0.06325)
(0.0275 0 0.06325)
(0.02775 0 0.06325)
(0.028 0 0.06325)
(0.02825 0 0.06325)
(0.0285 0 0.06325)
(0.02875 0 0.06325)
(0.029 0 0.06325)
(0.02925 0 0.06325)
(0.0295 0 0.06325)
(0.02975 0 0.06325)
(0.03 0 0.06325)
(0.03025 0 0.06325)
(0.0305 0 0.06325)
(0.03075 0 0.06325)
(0.031 0 0.06325)
(0.03125 0 0.06325)
(0.0315 0 0.06325)
(0.03175 0 0.06325)
(0.032 0 0.06325)
(0.03225 0 0.06325)
(0.0325 0 0.06325)
(0.03275 0 0.06325)
(0.033 0 0.06325)
(0.03325 0 0.06325)
(0.0335 0 0.06325)
(0.03375 0 0.06325)
(0.034 0 0.06325)
(0.03425 0 0.06325)
(0.0345 0 0.06325)
(0.03475 0 0.06325)
(0.035 0 0.06325)
(0 0.00025 0.06325)
(0.00025 0.00025 0.06325)
(0.0005 0.00025 0.06325)
(0.00075 0.00025 0.06325)
(0.001 0.00025 0.06325)
(0.00125 0.00025 0.06325)
(0.0015 0.00025 0.06325)
(0.00175 0.00025 0.06325)
(0.002 0.00025 0.06325)
(0.00225 0.00025 0.06325)
(0.0025 0.00025 0.06325)
(0.00275 0.00025 0.06325)
(0.003 0.00025 0.06325)
(0.00325 0.00025 0.06325)
(0.0035 0.00025 0.06325)
(0.00375 0.00025 0.06325)
(0.004 0.00025 0.06325)
(0.00425 0.00025 0.06325)
(0.0045 0.00025 0.06325)
(0.00475 0.00025 0.06325)
(0.005 0.00025 0.06325)
(0.00525 0.00025 0.06325)
(0.0055 0.00025 0.06325)
(0.00575 0.00025 0.06325)
(0.006 0.00025 0.06325)
(0.00625 0.00025 0.06325)
(0.0065 0.00025 0.06325)
(0.00675 0.00025 0.06325)
(0.007 0.00025 0.06325)
(0.00725 0.00025 0.06325)
(0.0075 0.00025 0.06325)
(0.00775 0.00025 0.06325)
(0.008 0.00025 0.06325)
(0.00825 0.00025 0.06325)
(0.0085 0.00025 0.06325)
(0.00875 0.00025 0.06325)
(0.009 0.00025 0.06325)
(0.00925 0.00025 0.06325)
(0.0095 0.00025 0.06325)
(0.00975 0.00025 0.06325)
(0.01 0.00025 0.06325)
(0.01025 0.00025 0.06325)
(0.0105 0.00025 0.06325)
(0.01075 0.00025 0.06325)
(0.011 0.00025 0.06325)
(0.01125 0.00025 0.06325)
(0.0115 0.00025 0.06325)
(0.01175 0.00025 0.06325)
(0.012 0.00025 0.06325)
(0.01225 0.00025 0.06325)
(0.0125 0.00025 0.06325)
(0.01275 0.00025 0.06325)
(0.013 0.00025 0.06325)
(0.01325 0.00025 0.06325)
(0.0135 0.00025 0.06325)
(0.01375 0.00025 0.06325)
(0.014 0.00025 0.06325)
(0.01425 0.00025 0.06325)
(0.0145 0.00025 0.06325)
(0.01475 0.00025 0.06325)
(0.015 0.00025 0.06325)
(0.01525 0.00025 0.06325)
(0.0155 0.00025 0.06325)
(0.01575 0.00025 0.06325)
(0.016 0.00025 0.06325)
(0.01625 0.00025 0.06325)
(0.0165 0.00025 0.06325)
(0.01675 0.00025 0.06325)
(0.017 0.00025 0.06325)
(0.01725 0.00025 0.06325)
(0.0175 0.00025 0.06325)
(0.01775 0.00025 0.06325)
(0.018 0.00025 0.06325)
(0.01825 0.00025 0.06325)
(0.0185 0.00025 0.06325)
(0.01875 0.00025 0.06325)
(0.019 0.00025 0.06325)
(0.01925 0.00025 0.06325)
(0.0195 0.00025 0.06325)
(0.01975 0.00025 0.06325)
(0.02 0.00025 0.06325)
(0.02025 0.00025 0.06325)
(0.0205 0.00025 0.06325)
(0.02075 0.00025 0.06325)
(0.021 0.00025 0.06325)
(0.02125 0.00025 0.06325)
(0.0215 0.00025 0.06325)
(0.02175 0.00025 0.06325)
(0.022 0.00025 0.06325)
(0.02225 0.00025 0.06325)
(0.0225 0.00025 0.06325)
(0.02275 0.00025 0.06325)
(0.023 0.00025 0.06325)
(0.02325 0.00025 0.06325)
(0.0235 0.00025 0.06325)
(0.02375 0.00025 0.06325)
(0.024 0.00025 0.06325)
(0.02425 0.00025 0.06325)
(0.0245 0.00025 0.06325)
(0.02475 0.00025 0.06325)
(0.025 0.00025 0.06325)
(0.02525 0.00025 0.06325)
(0.0255 0.00025 0.06325)
(0.02575 0.00025 0.06325)
(0.026 0.00025 0.06325)
(0.02625 0.00025 0.06325)
(0.0265 0.00025 0.06325)
(0.02675 0.00025 0.06325)
(0.027 0.00025 0.06325)
(0.02725 0.00025 0.06325)
(0.0275 0.00025 0.06325)
(0.02775 0.00025 0.06325)
(0.028 0.00025 0.06325)
(0.02825 0.00025 0.06325)
(0.0285 0.00025 0.06325)
(0.02875 0.00025 0.06325)
(0.029 0.00025 0.06325)
(0.02925 0.00025 0.06325)
(0.0295 0.00025 0.06325)
(0.02975 0.00025 0.06325)
(0.03 0.00025 0.06325)
(0.03025 0.00025 0.06325)
(0.0305 0.00025 0.06325)
(0.03075 0.00025 0.06325)
(0.031 0.00025 0.06325)
(0.03125 0.00025 0.06325)
(0.0315 0.00025 0.06325)
(0.03175 0.00025 0.06325)
(0.032 0.00025 0.06325)
(0.03225 0.00025 0.06325)
(0.0325 0.00025 0.06325)
(0.03275 0.00025 0.06325)
(0.033 0.00025 0.06325)
(0.03325 0.00025 0.06325)
(0.0335 0.00025 0.06325)
(0.03375 0.00025 0.06325)
(0.034 0.00025 0.06325)
(0.03425 0.00025 0.06325)
(0.0345 0.00025 0.06325)
(0.03475 0.00025 0.06325)
(0.035 0.00025 0.06325)
(0 0.0005 0.06325)
(0.00025 0.0005 0.06325)
(0.0005 0.0005 0.06325)
(0.00075 0.0005 0.06325)
(0.001 0.0005 0.06325)
(0.00125 0.0005 0.06325)
(0.0015 0.0005 0.06325)
(0.00175 0.0005 0.06325)
(0.002 0.0005 0.06325)
(0.00225 0.0005 0.06325)
(0.0025 0.0005 0.06325)
(0.00275 0.0005 0.06325)
(0.003 0.0005 0.06325)
(0.00325 0.0005 0.06325)
(0.0035 0.0005 0.06325)
(0.00375 0.0005 0.06325)
(0.004 0.0005 0.06325)
(0.00425 0.0005 0.06325)
(0.0045 0.0005 0.06325)
(0.00475 0.0005 0.06325)
(0.005 0.0005 0.06325)
(0.00525 0.0005 0.06325)
(0.0055 0.0005 0.06325)
(0.00575 0.0005 0.06325)
(0.006 0.0005 0.06325)
(0.00625 0.0005 0.06325)
(0.0065 0.0005 0.06325)
(0.00675 0.0005 0.06325)
(0.007 0.0005 0.06325)
(0.00725 0.0005 0.06325)
(0.0075 0.0005 0.06325)
(0.00775 0.0005 0.06325)
(0.008 0.0005 0.06325)
(0.00825 0.0005 0.06325)
(0.0085 0.0005 0.06325)
(0.00875 0.0005 0.06325)
(0.009 0.0005 0.06325)
(0.00925 0.0005 0.06325)
(0.0095 0.0005 0.06325)
(0.00975 0.0005 0.06325)
(0.01 0.0005 0.06325)
(0.01025 0.0005 0.06325)
(0.0105 0.0005 0.06325)
(0.01075 0.0005 0.06325)
(0.011 0.0005 0.06325)
(0.01125 0.0005 0.06325)
(0.0115 0.0005 0.06325)
(0.01175 0.0005 0.06325)
(0.012 0.0005 0.06325)
(0.01225 0.0005 0.06325)
(0.0125 0.0005 0.06325)
(0.01275 0.0005 0.06325)
(0.013 0.0005 0.06325)
(0.01325 0.0005 0.06325)
(0.0135 0.0005 0.06325)
(0.01375 0.0005 0.06325)
(0.014 0.0005 0.06325)
(0.01425 0.0005 0.06325)
(0.0145 0.0005 0.06325)
(0.01475 0.0005 0.06325)
(0.015 0.0005 0.06325)
(0.01525 0.0005 0.06325)
(0.0155 0.0005 0.06325)
(0.01575 0.0005 0.06325)
(0.016 0.0005 0.06325)
(0.01625 0.0005 0.06325)
(0.0165 0.0005 0.06325)
(0.01675 0.0005 0.06325)
(0.017 0.0005 0.06325)
(0.01725 0.0005 0.06325)
(0.0175 0.0005 0.06325)
(0.01775 0.0005 0.06325)
(0.018 0.0005 0.06325)
(0.01825 0.0005 0.06325)
(0.0185 0.0005 0.06325)
(0.01875 0.0005 0.06325)
(0.019 0.0005 0.06325)
(0.01925 0.0005 0.06325)
(0.0195 0.0005 0.06325)
(0.01975 0.0005 0.06325)
(0.02 0.0005 0.06325)
(0.02025 0.0005 0.06325)
(0.0205 0.0005 0.06325)
(0.02075 0.0005 0.06325)
(0.021 0.0005 0.06325)
(0.02125 0.0005 0.06325)
(0.0215 0.0005 0.06325)
(0.02175 0.0005 0.06325)
(0.022 0.0005 0.06325)
(0.02225 0.0005 0.06325)
(0.0225 0.0005 0.06325)
(0.02275 0.0005 0.06325)
(0.023 0.0005 0.06325)
(0.02325 0.0005 0.06325)
(0.0235 0.0005 0.06325)
(0.02375 0.0005 0.06325)
(0.024 0.0005 0.06325)
(0.02425 0.0005 0.06325)
(0.0245 0.0005 0.06325)
(0.02475 0.0005 0.06325)
(0.025 0.0005 0.06325)
(0.02525 0.0005 0.06325)
(0.0255 0.0005 0.06325)
(0.02575 0.0005 0.06325)
(0.026 0.0005 0.06325)
(0.02625 0.0005 0.06325)
(0.0265 0.0005 0.06325)
(0.02675 0.0005 0.06325)
(0.027 0.0005 0.06325)
(0.02725 0.0005 0.06325)
(0.0275 0.0005 0.06325)
(0.02775 0.0005 0.06325)
(0.028 0.0005 0.06325)
(0.02825 0.0005 0.06325)
(0.0285 0.0005 0.06325)
(0.02875 0.0005 0.06325)
(0.029 0.0005 0.06325)
(0.02925 0.0005 0.06325)
(0.0295 0.0005 0.06325)
(0.02975 0.0005 0.06325)
(0.03 0.0005 0.06325)
(0.03025 0.0005 0.06325)
(0.0305 0.0005 0.06325)
(0.03075 0.0005 0.06325)
(0.031 0.0005 0.06325)
(0.03125 0.0005 0.06325)
(0.0315 0.0005 0.06325)
(0.03175 0.0005 0.06325)
(0.032 0.0005 0.06325)
(0.03225 0.0005 0.06325)
(0.0325 0.0005 0.06325)
(0.03275 0.0005 0.06325)
(0.033 0.0005 0.06325)
(0.03325 0.0005 0.06325)
(0.0335 0.0005 0.06325)
(0.03375 0.0005 0.06325)
(0.034 0.0005 0.06325)
(0.03425 0.0005 0.06325)
(0.0345 0.0005 0.06325)
(0.03475 0.0005 0.06325)
(0.035 0.0005 0.06325)
(0 0.00075 0.06325)
(0.00025 0.00075 0.06325)
(0.0005 0.00075 0.06325)
(0.00075 0.00075 0.06325)
(0.001 0.00075 0.06325)
(0.00125 0.00075 0.06325)
(0.0015 0.00075 0.06325)
(0.00175 0.00075 0.06325)
(0.002 0.00075 0.06325)
(0.00225 0.00075 0.06325)
(0.0025 0.00075 0.06325)
(0.00275 0.00075 0.06325)
(0.003 0.00075 0.06325)
(0.00325 0.00075 0.06325)
(0.0035 0.00075 0.06325)
(0.00375 0.00075 0.06325)
(0.004 0.00075 0.06325)
(0.00425 0.00075 0.06325)
(0.0045 0.00075 0.06325)
(0.00475 0.00075 0.06325)
(0.005 0.00075 0.06325)
(0.00525 0.00075 0.06325)
(0.0055 0.00075 0.06325)
(0.00575 0.00075 0.06325)
(0.006 0.00075 0.06325)
(0.00625 0.00075 0.06325)
(0.0065 0.00075 0.06325)
(0.00675 0.00075 0.06325)
(0.007 0.00075 0.06325)
(0.00725 0.00075 0.06325)
(0.0075 0.00075 0.06325)
(0.00775 0.00075 0.06325)
(0.008 0.00075 0.06325)
(0.00825 0.00075 0.06325)
(0.0085 0.00075 0.06325)
(0.00875 0.00075 0.06325)
(0.009 0.00075 0.06325)
(0.00925 0.00075 0.06325)
(0.0095 0.00075 0.06325)
(0.00975 0.00075 0.06325)
(0.01 0.00075 0.06325)
(0.01025 0.00075 0.06325)
(0.0105 0.00075 0.06325)
(0.01075 0.00075 0.06325)
(0.011 0.00075 0.06325)
(0.01125 0.00075 0.06325)
(0.0115 0.00075 0.06325)
(0.01175 0.00075 0.06325)
(0.012 0.00075 0.06325)
(0.01225 0.00075 0.06325)
(0.0125 0.00075 0.06325)
(0.01275 0.00075 0.06325)
(0.013 0.00075 0.06325)
(0.01325 0.00075 0.06325)
(0.0135 0.00075 0.06325)
(0.01375 0.00075 0.06325)
(0.014 0.00075 0.06325)
(0.01425 0.00075 0.06325)
(0.0145 0.00075 0.06325)
(0.01475 0.00075 0.06325)
(0.015 0.00075 0.06325)
(0.01525 0.00075 0.06325)
(0.0155 0.00075 0.06325)
(0.01575 0.00075 0.06325)
(0.016 0.00075 0.06325)
(0.01625 0.00075 0.06325)
(0.0165 0.00075 0.06325)
(0.01675 0.00075 0.06325)
(0.017 0.00075 0.06325)
(0.01725 0.00075 0.06325)
(0.0175 0.00075 0.06325)
(0.01775 0.00075 0.06325)
(0.018 0.00075 0.06325)
(0.01825 0.00075 0.06325)
(0.0185 0.00075 0.06325)
(0.01875 0.00075 0.06325)
(0.019 0.00075 0.06325)
(0.01925 0.00075 0.06325)
(0.0195 0.00075 0.06325)
(0.01975 0.00075 0.06325)
(0.02 0.00075 0.06325)
(0.02025 0.00075 0.06325)
(0.0205 0.00075 0.06325)
(0.02075 0.00075 0.06325)
(0.021 0.00075 0.06325)
(0.02125 0.00075 0.06325)
(0.0215 0.00075 0.06325)
(0.02175 0.00075 0.06325)
(0.022 0.00075 0.06325)
(0.02225 0.00075 0.06325)
(0.0225 0.00075 0.06325)
(0.02275 0.00075 0.06325)
(0.023 0.00075 0.06325)
(0.02325 0.00075 0.06325)
(0.0235 0.00075 0.06325)
(0.02375 0.00075 0.06325)
(0.024 0.00075 0.06325)
(0.02425 0.00075 0.06325)
(0.0245 0.00075 0.06325)
(0.02475 0.00075 0.06325)
(0.025 0.00075 0.06325)
(0.02525 0.00075 0.06325)
(0.0255 0.00075 0.06325)
(0.02575 0.00075 0.06325)
(0.026 0.00075 0.06325)
(0.02625 0.00075 0.06325)
(0.0265 0.00075 0.06325)
(0.02675 0.00075 0.06325)
(0.027 0.00075 0.06325)
(0.02725 0.00075 0.06325)
(0.0275 0.00075 0.06325)
(0.02775 0.00075 0.06325)
(0.028 0.00075 0.06325)
(0.02825 0.00075 0.06325)
(0.0285 0.00075 0.06325)
(0.02875 0.00075 0.06325)
(0.029 0.00075 0.06325)
(0.02925 0.00075 0.06325)
(0.0295 0.00075 0.06325)
(0.02975 0.00075 0.06325)
(0.03 0.00075 0.06325)
(0.03025 0.00075 0.06325)
(0.0305 0.00075 0.06325)
(0.03075 0.00075 0.06325)
(0.031 0.00075 0.06325)
(0.03125 0.00075 0.06325)
(0.0315 0.00075 0.06325)
(0.03175 0.00075 0.06325)
(0.032 0.00075 0.06325)
(0.03225 0.00075 0.06325)
(0.0325 0.00075 0.06325)
(0.03275 0.00075 0.06325)
(0.033 0.00075 0.06325)
(0.03325 0.00075 0.06325)
(0.0335 0.00075 0.06325)
(0.03375 0.00075 0.06325)
(0.034 0.00075 0.06325)
(0.03425 0.00075 0.06325)
(0.0345 0.00075 0.06325)
(0.03475 0.00075 0.06325)
(0.035 0.00075 0.06325)
(0 0.001 0.06325)
(0.00025 0.001 0.06325)
(0.0005 0.001 0.06325)
(0.00075 0.001 0.06325)
(0.001 0.001 0.06325)
(0.00125 0.001 0.06325)
(0.0015 0.001 0.06325)
(0.00175 0.001 0.06325)
(0.002 0.001 0.06325)
(0.00225 0.001 0.06325)
(0.0025 0.001 0.06325)
(0.00275 0.001 0.06325)
(0.003 0.001 0.06325)
(0.00325 0.001 0.06325)
(0.0035 0.001 0.06325)
(0.00375 0.001 0.06325)
(0.004 0.001 0.06325)
(0.00425 0.001 0.06325)
(0.0045 0.001 0.06325)
(0.00475 0.001 0.06325)
(0.005 0.001 0.06325)
(0.00525 0.001 0.06325)
(0.0055 0.001 0.06325)
(0.00575 0.001 0.06325)
(0.006 0.001 0.06325)
(0.00625 0.001 0.06325)
(0.0065 0.001 0.06325)
(0.00675 0.001 0.06325)
(0.007 0.001 0.06325)
(0.00725 0.001 0.06325)
(0.0075 0.001 0.06325)
(0.00775 0.001 0.06325)
(0.008 0.001 0.06325)
(0.00825 0.001 0.06325)
(0.0085 0.001 0.06325)
(0.00875 0.001 0.06325)
(0.009 0.001 0.06325)
(0.00925 0.001 0.06325)
(0.0095 0.001 0.06325)
(0.00975 0.001 0.06325)
(0.01 0.001 0.06325)
(0.01025 0.001 0.06325)
(0.0105 0.001 0.06325)
(0.01075 0.001 0.06325)
(0.011 0.001 0.06325)
(0.01125 0.001 0.06325)
(0.0115 0.001 0.06325)
(0.01175 0.001 0.06325)
(0.012 0.001 0.06325)
(0.01225 0.001 0.06325)
(0.0125 0.001 0.06325)
(0.01275 0.001 0.06325)
(0.013 0.001 0.06325)
(0.01325 0.001 0.06325)
(0.0135 0.001 0.06325)
(0.01375 0.001 0.06325)
(0.014 0.001 0.06325)
(0.01425 0.001 0.06325)
(0.0145 0.001 0.06325)
(0.01475 0.001 0.06325)
(0.015 0.001 0.06325)
(0.01525 0.001 0.06325)
(0.0155 0.001 0.06325)
(0.01575 0.001 0.06325)
(0.016 0.001 0.06325)
(0.01625 0.001 0.06325)
(0.0165 0.001 0.06325)
(0.01675 0.001 0.06325)
(0.017 0.001 0.06325)
(0.01725 0.001 0.06325)
(0.0175 0.001 0.06325)
(0.01775 0.001 0.06325)
(0.018 0.001 0.06325)
(0.01825 0.001 0.06325)
(0.0185 0.001 0.06325)
(0.01875 0.001 0.06325)
(0.019 0.001 0.06325)
(0.01925 0.001 0.06325)
(0.0195 0.001 0.06325)
(0.01975 0.001 0.06325)
(0.02 0.001 0.06325)
(0.02025 0.001 0.06325)
(0.0205 0.001 0.06325)
(0.02075 0.001 0.06325)
(0.021 0.001 0.06325)
(0.02125 0.001 0.06325)
(0.0215 0.001 0.06325)
(0.02175 0.001 0.06325)
(0.022 0.001 0.06325)
(0.02225 0.001 0.06325)
(0.0225 0.001 0.06325)
(0.02275 0.001 0.06325)
(0.023 0.001 0.06325)
(0.02325 0.001 0.06325)
(0.0235 0.001 0.06325)
(0.02375 0.001 0.06325)
(0.024 0.001 0.06325)
(0.02425 0.001 0.06325)
(0.0245 0.001 0.06325)
(0.02475 0.001 0.06325)
(0.025 0.001 0.06325)
(0.02525 0.001 0.06325)
(0.0255 0.001 0.06325)
(0.02575 0.001 0.06325)
(0.026 0.001 0.06325)
(0.02625 0.001 0.06325)
(0.0265 0.001 0.06325)
(0.02675 0.001 0.06325)
(0.027 0.001 0.06325)
(0.02725 0.001 0.06325)
(0.0275 0.001 0.06325)
(0.02775 0.001 0.06325)
(0.028 0.001 0.06325)
(0.02825 0.001 0.06325)
(0.0285 0.001 0.06325)
(0.02875 0.001 0.06325)
(0.029 0.001 0.06325)
(0.02925 0.001 0.06325)
(0.0295 0.001 0.06325)
(0.02975 0.001 0.06325)
(0.03 0.001 0.06325)
(0.03025 0.001 0.06325)
(0.0305 0.001 0.06325)
(0.03075 0.001 0.06325)
(0.031 0.001 0.06325)
(0.03125 0.001 0.06325)
(0.0315 0.001 0.06325)
(0.03175 0.001 0.06325)
(0.032 0.001 0.06325)
(0.03225 0.001 0.06325)
(0.0325 0.001 0.06325)
(0.03275 0.001 0.06325)
(0.033 0.001 0.06325)
(0.03325 0.001 0.06325)
(0.0335 0.001 0.06325)
(0.03375 0.001 0.06325)
(0.034 0.001 0.06325)
(0.03425 0.001 0.06325)
(0.0345 0.001 0.06325)
(0.03475 0.001 0.06325)
(0.035 0.001 0.06325)
(0 0.00125 0.06325)
(0.00025 0.00125 0.06325)
(0.0005 0.00125 0.06325)
(0.00075 0.00125 0.06325)
(0.001 0.00125 0.06325)
(0.00125 0.00125 0.06325)
(0.0015 0.00125 0.06325)
(0.00175 0.00125 0.06325)
(0.002 0.00125 0.06325)
(0.00225 0.00125 0.06325)
(0.0025 0.00125 0.06325)
(0.00275 0.00125 0.06325)
(0.003 0.00125 0.06325)
(0.00325 0.00125 0.06325)
(0.0035 0.00125 0.06325)
(0.00375 0.00125 0.06325)
(0.004 0.00125 0.06325)
(0.00425 0.00125 0.06325)
(0.0045 0.00125 0.06325)
(0.00475 0.00125 0.06325)
(0.005 0.00125 0.06325)
(0.00525 0.00125 0.06325)
(0.0055 0.00125 0.06325)
(0.00575 0.00125 0.06325)
(0.006 0.00125 0.06325)
(0.00625 0.00125 0.06325)
(0.0065 0.00125 0.06325)
(0.00675 0.00125 0.06325)
(0.007 0.00125 0.06325)
(0.00725 0.00125 0.06325)
(0.0075 0.00125 0.06325)
(0.00775 0.00125 0.06325)
(0.008 0.00125 0.06325)
(0.00825 0.00125 0.06325)
(0.0085 0.00125 0.06325)
(0.00875 0.00125 0.06325)
(0.009 0.00125 0.06325)
(0.00925 0.00125 0.06325)
(0.0095 0.00125 0.06325)
(0.00975 0.00125 0.06325)
(0.01 0.00125 0.06325)
(0.01025 0.00125 0.06325)
(0.0105 0.00125 0.06325)
(0.01075 0.00125 0.06325)
(0.011 0.00125 0.06325)
(0.01125 0.00125 0.06325)
(0.0115 0.00125 0.06325)
(0.01175 0.00125 0.06325)
(0.012 0.00125 0.06325)
(0.01225 0.00125 0.06325)
(0.0125 0.00125 0.06325)
(0.01275 0.00125 0.06325)
(0.013 0.00125 0.06325)
(0.01325 0.00125 0.06325)
(0.0135 0.00125 0.06325)
(0.01375 0.00125 0.06325)
(0.014 0.00125 0.06325)
(0.01425 0.00125 0.06325)
(0.0145 0.00125 0.06325)
(0.01475 0.00125 0.06325)
(0.015 0.00125 0.06325)
(0.01525 0.00125 0.06325)
(0.0155 0.00125 0.06325)
(0.01575 0.00125 0.06325)
(0.016 0.00125 0.06325)
(0.01625 0.00125 0.06325)
(0.0165 0.00125 0.06325)
(0.01675 0.00125 0.06325)
(0.017 0.00125 0.06325)
(0.01725 0.00125 0.06325)
(0.0175 0.00125 0.06325)
(0.01775 0.00125 0.06325)
(0.018 0.00125 0.06325)
(0.01825 0.00125 0.06325)
(0.0185 0.00125 0.06325)
(0.01875 0.00125 0.06325)
(0.019 0.00125 0.06325)
(0.01925 0.00125 0.06325)
(0.0195 0.00125 0.06325)
(0.01975 0.00125 0.06325)
(0.02 0.00125 0.06325)
(0.02025 0.00125 0.06325)
(0.0205 0.00125 0.06325)
(0.02075 0.00125 0.06325)
(0.021 0.00125 0.06325)
(0.02125 0.00125 0.06325)
(0.0215 0.00125 0.06325)
(0.02175 0.00125 0.06325)
(0.022 0.00125 0.06325)
(0.02225 0.00125 0.06325)
(0.0225 0.00125 0.06325)
(0.02275 0.00125 0.06325)
(0.023 0.00125 0.06325)
(0.02325 0.00125 0.06325)
(0.0235 0.00125 0.06325)
(0.02375 0.00125 0.06325)
(0.024 0.00125 0.06325)
(0.02425 0.00125 0.06325)
(0.0245 0.00125 0.06325)
(0.02475 0.00125 0.06325)
(0.025 0.00125 0.06325)
(0.02525 0.00125 0.06325)
(0.0255 0.00125 0.06325)
(0.02575 0.00125 0.06325)
(0.026 0.00125 0.06325)
(0.02625 0.00125 0.06325)
(0.0265 0.00125 0.06325)
(0.02675 0.00125 0.06325)
(0.027 0.00125 0.06325)
(0.02725 0.00125 0.06325)
(0.0275 0.00125 0.06325)
(0.02775 0.00125 0.06325)
(0.028 0.00125 0.06325)
(0.02825 0.00125 0.06325)
(0.0285 0.00125 0.06325)
(0.02875 0.00125 0.06325)
(0.029 0.00125 0.06325)
(0.02925 0.00125 0.06325)
(0.0295 0.00125 0.06325)
(0.02975 0.00125 0.06325)
(0.03 0.00125 0.06325)
(0.03025 0.00125 0.06325)
(0.0305 0.00125 0.06325)
(0.03075 0.00125 0.06325)
(0.031 0.00125 0.06325)
(0.03125 0.00125 0.06325)
(0.0315 0.00125 0.06325)
(0.03175 0.00125 0.06325)
(0.032 0.00125 0.06325)
(0.03225 0.00125 0.06325)
(0.0325 0.00125 0.06325)
(0.03275 0.00125 0.06325)
(0.033 0.00125 0.06325)
(0.03325 0.00125 0.06325)
(0.0335 0.00125 0.06325)
(0.03375 0.00125 0.06325)
(0.034 0.00125 0.06325)
(0.03425 0.00125 0.06325)
(0.0345 0.00125 0.06325)
(0.03475 0.00125 0.06325)
(0.035 0.00125 0.06325)
(0 0.0015 0.06325)
(0.00025 0.0015 0.06325)
(0.0005 0.0015 0.06325)
(0.00075 0.0015 0.06325)
(0.001 0.0015 0.06325)
(0.00125 0.0015 0.06325)
(0.0015 0.0015 0.06325)
(0.00175 0.0015 0.06325)
(0.002 0.0015 0.06325)
(0.00225 0.0015 0.06325)
(0.0025 0.0015 0.06325)
(0.00275 0.0015 0.06325)
(0.003 0.0015 0.06325)
(0.00325 0.0015 0.06325)
(0.0035 0.0015 0.06325)
(0.00375 0.0015 0.06325)
(0.004 0.0015 0.06325)
(0.00425 0.0015 0.06325)
(0.0045 0.0015 0.06325)
(0.00475 0.0015 0.06325)
(0.005 0.0015 0.06325)
(0.00525 0.0015 0.06325)
(0.0055 0.0015 0.06325)
(0.00575 0.0015 0.06325)
(0.006 0.0015 0.06325)
(0.00625 0.0015 0.06325)
(0.0065 0.0015 0.06325)
(0.00675 0.0015 0.06325)
(0.007 0.0015 0.06325)
(0.00725 0.0015 0.06325)
(0.0075 0.0015 0.06325)
(0.00775 0.0015 0.06325)
(0.008 0.0015 0.06325)
(0.00825 0.0015 0.06325)
(0.0085 0.0015 0.06325)
(0.00875 0.0015 0.06325)
(0.009 0.0015 0.06325)
(0.00925 0.0015 0.06325)
(0.0095 0.0015 0.06325)
(0.00975 0.0015 0.06325)
(0.01 0.0015 0.06325)
(0.01025 0.0015 0.06325)
(0.0105 0.0015 0.06325)
(0.01075 0.0015 0.06325)
(0.011 0.0015 0.06325)
(0.01125 0.0015 0.06325)
(0.0115 0.0015 0.06325)
(0.01175 0.0015 0.06325)
(0.012 0.0015 0.06325)
(0.01225 0.0015 0.06325)
(0.0125 0.0015 0.06325)
(0.01275 0.0015 0.06325)
(0.013 0.0015 0.06325)
(0.01325 0.0015 0.06325)
(0.0135 0.0015 0.06325)
(0.01375 0.0015 0.06325)
(0.014 0.0015 0.06325)
(0.01425 0.0015 0.06325)
(0.0145 0.0015 0.06325)
(0.01475 0.0015 0.06325)
(0.015 0.0015 0.06325)
(0.01525 0.0015 0.06325)
(0.0155 0.0015 0.06325)
(0.01575 0.0015 0.06325)
(0.016 0.0015 0.06325)
(0.01625 0.0015 0.06325)
(0.0165 0.0015 0.06325)
(0.01675 0.0015 0.06325)
(0.017 0.0015 0.06325)
(0.01725 0.0015 0.06325)
(0.0175 0.0015 0.06325)
(0.01775 0.0015 0.06325)
(0.018 0.0015 0.06325)
(0.01825 0.0015 0.06325)
(0.0185 0.0015 0.06325)
(0.01875 0.0015 0.06325)
(0.019 0.0015 0.06325)
(0.01925 0.0015 0.06325)
(0.0195 0.0015 0.06325)
(0.01975 0.0015 0.06325)
(0.02 0.0015 0.06325)
(0.02025 0.0015 0.06325)
(0.0205 0.0015 0.06325)
(0.02075 0.0015 0.06325)
(0.021 0.0015 0.06325)
(0.02125 0.0015 0.06325)
(0.0215 0.0015 0.06325)
(0.02175 0.0015 0.06325)
(0.022 0.0015 0.06325)
(0.02225 0.0015 0.06325)
(0.0225 0.0015 0.06325)
(0.02275 0.0015 0.06325)
(0.023 0.0015 0.06325)
(0.02325 0.0015 0.06325)
(0.0235 0.0015 0.06325)
(0.02375 0.0015 0.06325)
(0.024 0.0015 0.06325)
(0.02425 0.0015 0.06325)
(0.0245 0.0015 0.06325)
(0.02475 0.0015 0.06325)
(0.025 0.0015 0.06325)
(0.02525 0.0015 0.06325)
(0.0255 0.0015 0.06325)
(0.02575 0.0015 0.06325)
(0.026 0.0015 0.06325)
(0.02625 0.0015 0.06325)
(0.0265 0.0015 0.06325)
(0.02675 0.0015 0.06325)
(0.027 0.0015 0.06325)
(0.02725 0.0015 0.06325)
(0.0275 0.0015 0.06325)
(0.02775 0.0015 0.06325)
(0.028 0.0015 0.06325)
(0.02825 0.0015 0.06325)
(0.0285 0.0015 0.06325)
(0.02875 0.0015 0.06325)
(0.029 0.0015 0.06325)
(0.02925 0.0015 0.06325)
(0.0295 0.0015 0.06325)
(0.02975 0.0015 0.06325)
(0.03 0.0015 0.06325)
(0.03025 0.0015 0.06325)
(0.0305 0.0015 0.06325)
(0.03075 0.0015 0.06325)
(0.031 0.0015 0.06325)
(0.03125 0.0015 0.06325)
(0.0315 0.0015 0.06325)
(0.03175 0.0015 0.06325)
(0.032 0.0015 0.06325)
(0.03225 0.0015 0.06325)
(0.0325 0.0015 0.06325)
(0.03275 0.0015 0.06325)
(0.033 0.0015 0.06325)
(0.03325 0.0015 0.06325)
(0.0335 0.0015 0.06325)
(0.03375 0.0015 0.06325)
(0.034 0.0015 0.06325)
(0.03425 0.0015 0.06325)
(0.0345 0.0015 0.06325)
(0.03475 0.0015 0.06325)
(0.035 0.0015 0.06325)
(0 0.00175 0.06325)
(0.00025 0.00175 0.06325)
(0.0005 0.00175 0.06325)
(0.00075 0.00175 0.06325)
(0.001 0.00175 0.06325)
(0.00125 0.00175 0.06325)
(0.0015 0.00175 0.06325)
(0.00175 0.00175 0.06325)
(0.002 0.00175 0.06325)
(0.00225 0.00175 0.06325)
(0.0025 0.00175 0.06325)
(0.00275 0.00175 0.06325)
(0.003 0.00175 0.06325)
(0.00325 0.00175 0.06325)
(0.0035 0.00175 0.06325)
(0.00375 0.00175 0.06325)
(0.004 0.00175 0.06325)
(0.00425 0.00175 0.06325)
(0.0045 0.00175 0.06325)
(0.00475 0.00175 0.06325)
(0.005 0.00175 0.06325)
(0.00525 0.00175 0.06325)
(0.0055 0.00175 0.06325)
(0.00575 0.00175 0.06325)
(0.006 0.00175 0.06325)
(0.00625 0.00175 0.06325)
(0.0065 0.00175 0.06325)
(0.00675 0.00175 0.06325)
(0.007 0.00175 0.06325)
(0.00725 0.00175 0.06325)
(0.0075 0.00175 0.06325)
(0.00775 0.00175 0.06325)
(0.008 0.00175 0.06325)
(0.00825 0.00175 0.06325)
(0.0085 0.00175 0.06325)
(0.00875 0.00175 0.06325)
(0.009 0.00175 0.06325)
(0.00925 0.00175 0.06325)
(0.0095 0.00175 0.06325)
(0.00975 0.00175 0.06325)
(0.01 0.00175 0.06325)
(0.01025 0.00175 0.06325)
(0.0105 0.00175 0.06325)
(0.01075 0.00175 0.06325)
(0.011 0.00175 0.06325)
(0.01125 0.00175 0.06325)
(0.0115 0.00175 0.06325)
(0.01175 0.00175 0.06325)
(0.012 0.00175 0.06325)
(0.01225 0.00175 0.06325)
(0.0125 0.00175 0.06325)
(0.01275 0.00175 0.06325)
(0.013 0.00175 0.06325)
(0.01325 0.00175 0.06325)
(0.0135 0.00175 0.06325)
(0.01375 0.00175 0.06325)
(0.014 0.00175 0.06325)
(0.01425 0.00175 0.06325)
(0.0145 0.00175 0.06325)
(0.01475 0.00175 0.06325)
(0.015 0.00175 0.06325)
(0.01525 0.00175 0.06325)
(0.0155 0.00175 0.06325)
(0.01575 0.00175 0.06325)
(0.016 0.00175 0.06325)
(0.01625 0.00175 0.06325)
(0.0165 0.00175 0.06325)
(0.01675 0.00175 0.06325)
(0.017 0.00175 0.06325)
(0.01725 0.00175 0.06325)
(0.0175 0.00175 0.06325)
(0.01775 0.00175 0.06325)
(0.018 0.00175 0.06325)
(0.01825 0.00175 0.06325)
(0.0185 0.00175 0.06325)
(0.01875 0.00175 0.06325)
(0.019 0.00175 0.06325)
(0.01925 0.00175 0.06325)
(0.0195 0.00175 0.06325)
(0.01975 0.00175 0.06325)
(0.02 0.00175 0.06325)
(0.02025 0.00175 0.06325)
(0.0205 0.00175 0.06325)
(0.02075 0.00175 0.06325)
(0.021 0.00175 0.06325)
(0.02125 0.00175 0.06325)
(0.0215 0.00175 0.06325)
(0.02175 0.00175 0.06325)
(0.022 0.00175 0.06325)
(0.02225 0.00175 0.06325)
(0.0225 0.00175 0.06325)
(0.02275 0.00175 0.06325)
(0.023 0.00175 0.06325)
(0.02325 0.00175 0.06325)
(0.0235 0.00175 0.06325)
(0.02375 0.00175 0.06325)
(0.024 0.00175 0.06325)
(0.02425 0.00175 0.06325)
(0.0245 0.00175 0.06325)
(0.02475 0.00175 0.06325)
(0.025 0.00175 0.06325)
(0.02525 0.00175 0.06325)
(0.0255 0.00175 0.06325)
(0.02575 0.00175 0.06325)
(0.026 0.00175 0.06325)
(0.02625 0.00175 0.06325)
(0.0265 0.00175 0.06325)
(0.02675 0.00175 0.06325)
(0.027 0.00175 0.06325)
(0.02725 0.00175 0.06325)
(0.0275 0.00175 0.06325)
(0.02775 0.00175 0.06325)
(0.028 0.00175 0.06325)
(0.02825 0.00175 0.06325)
(0.0285 0.00175 0.06325)
(0.02875 0.00175 0.06325)
(0.029 0.00175 0.06325)
(0.02925 0.00175 0.06325)
(0.0295 0.00175 0.06325)
(0.02975 0.00175 0.06325)
(0.03 0.00175 0.06325)
(0.03025 0.00175 0.06325)
(0.0305 0.00175 0.06325)
(0.03075 0.00175 0.06325)
(0.031 0.00175 0.06325)
(0.03125 0.00175 0.06325)
(0.0315 0.00175 0.06325)
(0.03175 0.00175 0.06325)
(0.032 0.00175 0.06325)
(0.03225 0.00175 0.06325)
(0.0325 0.00175 0.06325)
(0.03275 0.00175 0.06325)
(0.033 0.00175 0.06325)
(0.03325 0.00175 0.06325)
(0.0335 0.00175 0.06325)
(0.03375 0.00175 0.06325)
(0.034 0.00175 0.06325)
(0.03425 0.00175 0.06325)
(0.0345 0.00175 0.06325)
(0.03475 0.00175 0.06325)
(0.035 0.00175 0.06325)
(0 0.002 0.06325)
(0.00025 0.002 0.06325)
(0.0005 0.002 0.06325)
(0.00075 0.002 0.06325)
(0.001 0.002 0.06325)
(0.00125 0.002 0.06325)
(0.0015 0.002 0.06325)
(0.00175 0.002 0.06325)
(0.002 0.002 0.06325)
(0.00225 0.002 0.06325)
(0.0025 0.002 0.06325)
(0.00275 0.002 0.06325)
(0.003 0.002 0.06325)
(0.00325 0.002 0.06325)
(0.0035 0.002 0.06325)
(0.00375 0.002 0.06325)
(0.004 0.002 0.06325)
(0.00425 0.002 0.06325)
(0.0045 0.002 0.06325)
(0.00475 0.002 0.06325)
(0.005 0.002 0.06325)
(0.00525 0.002 0.06325)
(0.0055 0.002 0.06325)
(0.00575 0.002 0.06325)
(0.006 0.002 0.06325)
(0.00625 0.002 0.06325)
(0.0065 0.002 0.06325)
(0.00675 0.002 0.06325)
(0.007 0.002 0.06325)
(0.00725 0.002 0.06325)
(0.0075 0.002 0.06325)
(0.00775 0.002 0.06325)
(0.008 0.002 0.06325)
(0.00825 0.002 0.06325)
(0.0085 0.002 0.06325)
(0.00875 0.002 0.06325)
(0.009 0.002 0.06325)
(0.00925 0.002 0.06325)
(0.0095 0.002 0.06325)
(0.00975 0.002 0.06325)
(0.01 0.002 0.06325)
(0.01025 0.002 0.06325)
(0.0105 0.002 0.06325)
(0.01075 0.002 0.06325)
(0.011 0.002 0.06325)
(0.01125 0.002 0.06325)
(0.0115 0.002 0.06325)
(0.01175 0.002 0.06325)
(0.012 0.002 0.06325)
(0.01225 0.002 0.06325)
(0.0125 0.002 0.06325)
(0.01275 0.002 0.06325)
(0.013 0.002 0.06325)
(0.01325 0.002 0.06325)
(0.0135 0.002 0.06325)
(0.01375 0.002 0.06325)
(0.014 0.002 0.06325)
(0.01425 0.002 0.06325)
(0.0145 0.002 0.06325)
(0.01475 0.002 0.06325)
(0.015 0.002 0.06325)
(0.01525 0.002 0.06325)
(0.0155 0.002 0.06325)
(0.01575 0.002 0.06325)
(0.016 0.002 0.06325)
(0.01625 0.002 0.06325)
(0.0165 0.002 0.06325)
(0.01675 0.002 0.06325)
(0.017 0.002 0.06325)
(0.01725 0.002 0.06325)
(0.0175 0.002 0.06325)
(0.01775 0.002 0.06325)
(0.018 0.002 0.06325)
(0.01825 0.002 0.06325)
(0.0185 0.002 0.06325)
(0.01875 0.002 0.06325)
(0.019 0.002 0.06325)
(0.01925 0.002 0.06325)
(0.0195 0.002 0.06325)
(0.01975 0.002 0.06325)
(0.02 0.002 0.06325)
(0.02025 0.002 0.06325)
(0.0205 0.002 0.06325)
(0.02075 0.002 0.06325)
(0.021 0.002 0.06325)
(0.02125 0.002 0.06325)
(0.0215 0.002 0.06325)
(0.02175 0.002 0.06325)
(0.022 0.002 0.06325)
(0.02225 0.002 0.06325)
(0.0225 0.002 0.06325)
(0.02275 0.002 0.06325)
(0.023 0.002 0.06325)
(0.02325 0.002 0.06325)
(0.0235 0.002 0.06325)
(0.02375 0.002 0.06325)
(0.024 0.002 0.06325)
(0.02425 0.002 0.06325)
(0.0245 0.002 0.06325)
(0.02475 0.002 0.06325)
(0.025 0.002 0.06325)
(0.02525 0.002 0.06325)
(0.0255 0.002 0.06325)
(0.02575 0.002 0.06325)
(0.026 0.002 0.06325)
(0.02625 0.002 0.06325)
(0.0265 0.002 0.06325)
(0.02675 0.002 0.06325)
(0.027 0.002 0.06325)
(0.02725 0.002 0.06325)
(0.0275 0.002 0.06325)
(0.02775 0.002 0.06325)
(0.028 0.002 0.06325)
(0.02825 0.002 0.06325)
(0.0285 0.002 0.06325)
(0.02875 0.002 0.06325)
(0.029 0.002 0.06325)
(0.02925 0.002 0.06325)
(0.0295 0.002 0.06325)
(0.02975 0.002 0.06325)
(0.03 0.002 0.06325)
(0.03025 0.002 0.06325)
(0.0305 0.002 0.06325)
(0.03075 0.002 0.06325)
(0.031 0.002 0.06325)
(0.03125 0.002 0.06325)
(0.0315 0.002 0.06325)
(0.03175 0.002 0.06325)
(0.032 0.002 0.06325)
(0.03225 0.002 0.06325)
(0.0325 0.002 0.06325)
(0.03275 0.002 0.06325)
(0.033 0.002 0.06325)
(0.03325 0.002 0.06325)
(0.0335 0.002 0.06325)
(0.03375 0.002 0.06325)
(0.034 0.002 0.06325)
(0.03425 0.002 0.06325)
(0.0345 0.002 0.06325)
(0.03475 0.002 0.06325)
(0.035 0.002 0.06325)
(0 0.00225 0.06325)
(0.00025 0.00225 0.06325)
(0.0005 0.00225 0.06325)
(0.00075 0.00225 0.06325)
(0.001 0.00225 0.06325)
(0.00125 0.00225 0.06325)
(0.0015 0.00225 0.06325)
(0.00175 0.00225 0.06325)
(0.002 0.00225 0.06325)
(0.00225 0.00225 0.06325)
(0.0025 0.00225 0.06325)
(0.00275 0.00225 0.06325)
(0.003 0.00225 0.06325)
(0.00325 0.00225 0.06325)
(0.0035 0.00225 0.06325)
(0.00375 0.00225 0.06325)
(0.004 0.00225 0.06325)
(0.00425 0.00225 0.06325)
(0.0045 0.00225 0.06325)
(0.00475 0.00225 0.06325)
(0.005 0.00225 0.06325)
(0.00525 0.00225 0.06325)
(0.0055 0.00225 0.06325)
(0.00575 0.00225 0.06325)
(0.006 0.00225 0.06325)
(0.00625 0.00225 0.06325)
(0.0065 0.00225 0.06325)
(0.00675 0.00225 0.06325)
(0.007 0.00225 0.06325)
(0.00725 0.00225 0.06325)
(0.0075 0.00225 0.06325)
(0.00775 0.00225 0.06325)
(0.008 0.00225 0.06325)
(0.00825 0.00225 0.06325)
(0.0085 0.00225 0.06325)
(0.00875 0.00225 0.06325)
(0.009 0.00225 0.06325)
(0.00925 0.00225 0.06325)
(0.0095 0.00225 0.06325)
(0.00975 0.00225 0.06325)
(0.01 0.00225 0.06325)
(0.01025 0.00225 0.06325)
(0.0105 0.00225 0.06325)
(0.01075 0.00225 0.06325)
(0.011 0.00225 0.06325)
(0.01125 0.00225 0.06325)
(0.0115 0.00225 0.06325)
(0.01175 0.00225 0.06325)
(0.012 0.00225 0.06325)
(0.01225 0.00225 0.06325)
(0.0125 0.00225 0.06325)
(0.01275 0.00225 0.06325)
(0.013 0.00225 0.06325)
(0.01325 0.00225 0.06325)
(0.0135 0.00225 0.06325)
(0.01375 0.00225 0.06325)
(0.014 0.00225 0.06325)
(0.01425 0.00225 0.06325)
(0.0145 0.00225 0.06325)
(0.01475 0.00225 0.06325)
(0.015 0.00225 0.06325)
(0.01525 0.00225 0.06325)
(0.0155 0.00225 0.06325)
(0.01575 0.00225 0.06325)
(0.016 0.00225 0.06325)
(0.01625 0.00225 0.06325)
(0.0165 0.00225 0.06325)
(0.01675 0.00225 0.06325)
(0.017 0.00225 0.06325)
(0.01725 0.00225 0.06325)
(0.0175 0.00225 0.06325)
(0.01775 0.00225 0.06325)
(0.018 0.00225 0.06325)
(0.01825 0.00225 0.06325)
(0.0185 0.00225 0.06325)
(0.01875 0.00225 0.06325)
(0.019 0.00225 0.06325)
(0.01925 0.00225 0.06325)
(0.0195 0.00225 0.06325)
(0.01975 0.00225 0.06325)
(0.02 0.00225 0.06325)
(0.02025 0.00225 0.06325)
(0.0205 0.00225 0.06325)
(0.02075 0.00225 0.06325)
(0.021 0.00225 0.06325)
(0.02125 0.00225 0.06325)
(0.0215 0.00225 0.06325)
(0.02175 0.00225 0.06325)
(0.022 0.00225 0.06325)
(0.02225 0.00225 0.06325)
(0.0225 0.00225 0.06325)
(0.02275 0.00225 0.06325)
(0.023 0.00225 0.06325)
(0.02325 0.00225 0.06325)
(0.0235 0.00225 0.06325)
(0.02375 0.00225 0.06325)
(0.024 0.00225 0.06325)
(0.02425 0.00225 0.06325)
(0.0245 0.00225 0.06325)
(0.02475 0.00225 0.06325)
(0.025 0.00225 0.06325)
(0.02525 0.00225 0.06325)
(0.0255 0.00225 0.06325)
(0.02575 0.00225 0.06325)
(0.026 0.00225 0.06325)
(0.02625 0.00225 0.06325)
(0.0265 0.00225 0.06325)
(0.02675 0.00225 0.06325)
(0.027 0.00225 0.06325)
(0.02725 0.00225 0.06325)
(0.0275 0.00225 0.06325)
(0.02775 0.00225 0.06325)
(0.028 0.00225 0.06325)
(0.02825 0.00225 0.06325)
(0.0285 0.00225 0.06325)
(0.02875 0.00225 0.06325)
(0.029 0.00225 0.06325)
(0.02925 0.00225 0.06325)
(0.0295 0.00225 0.06325)
(0.02975 0.00225 0.06325)
(0.03 0.00225 0.06325)
(0.03025 0.00225 0.06325)
(0.0305 0.00225 0.06325)
(0.03075 0.00225 0.06325)
(0.031 0.00225 0.06325)
(0.03125 0.00225 0.06325)
(0.0315 0.00225 0.06325)
(0.03175 0.00225 0.06325)
(0.032 0.00225 0.06325)
(0.03225 0.00225 0.06325)
(0.0325 0.00225 0.06325)
(0.03275 0.00225 0.06325)
(0.033 0.00225 0.06325)
(0.03325 0.00225 0.06325)
(0.0335 0.00225 0.06325)
(0.03375 0.00225 0.06325)
(0.034 0.00225 0.06325)
(0.03425 0.00225 0.06325)
(0.0345 0.00225 0.06325)
(0.03475 0.00225 0.06325)
(0.035 0.00225 0.06325)
(0 0.0025 0.06325)
(0.00025 0.0025 0.06325)
(0.0005 0.0025 0.06325)
(0.00075 0.0025 0.06325)
(0.001 0.0025 0.06325)
(0.00125 0.0025 0.06325)
(0.0015 0.0025 0.06325)
(0.00175 0.0025 0.06325)
(0.002 0.0025 0.06325)
(0.00225 0.0025 0.06325)
(0.0025 0.0025 0.06325)
(0.00275 0.0025 0.06325)
(0.003 0.0025 0.06325)
(0.00325 0.0025 0.06325)
(0.0035 0.0025 0.06325)
(0.00375 0.0025 0.06325)
(0.004 0.0025 0.06325)
(0.00425 0.0025 0.06325)
(0.0045 0.0025 0.06325)
(0.00475 0.0025 0.06325)
(0.005 0.0025 0.06325)
(0.00525 0.0025 0.06325)
(0.0055 0.0025 0.06325)
(0.00575 0.0025 0.06325)
(0.006 0.0025 0.06325)
(0.00625 0.0025 0.06325)
(0.0065 0.0025 0.06325)
(0.00675 0.0025 0.06325)
(0.007 0.0025 0.06325)
(0.00725 0.0025 0.06325)
(0.0075 0.0025 0.06325)
(0.00775 0.0025 0.06325)
(0.008 0.0025 0.06325)
(0.00825 0.0025 0.06325)
(0.0085 0.0025 0.06325)
(0.00875 0.0025 0.06325)
(0.009 0.0025 0.06325)
(0.00925 0.0025 0.06325)
(0.0095 0.0025 0.06325)
(0.00975 0.0025 0.06325)
(0.01 0.0025 0.06325)
(0.01025 0.0025 0.06325)
(0.0105 0.0025 0.06325)
(0.01075 0.0025 0.06325)
(0.011 0.0025 0.06325)
(0.01125 0.0025 0.06325)
(0.0115 0.0025 0.06325)
(0.01175 0.0025 0.06325)
(0.012 0.0025 0.06325)
(0.01225 0.0025 0.06325)
(0.0125 0.0025 0.06325)
(0.01275 0.0025 0.06325)
(0.013 0.0025 0.06325)
(0.01325 0.0025 0.06325)
(0.0135 0.0025 0.06325)
(0.01375 0.0025 0.06325)
(0.014 0.0025 0.06325)
(0.01425 0.0025 0.06325)
(0.0145 0.0025 0.06325)
(0.01475 0.0025 0.06325)
(0.015 0.0025 0.06325)
(0.01525 0.0025 0.06325)
(0.0155 0.0025 0.06325)
(0.01575 0.0025 0.06325)
(0.016 0.0025 0.06325)
(0.01625 0.0025 0.06325)
(0.0165 0.0025 0.06325)
(0.01675 0.0025 0.06325)
(0.017 0.0025 0.06325)
(0.01725 0.0025 0.06325)
(0.0175 0.0025 0.06325)
(0.01775 0.0025 0.06325)
(0.018 0.0025 0.06325)
(0.01825 0.0025 0.06325)
(0.0185 0.0025 0.06325)
(0.01875 0.0025 0.06325)
(0.019 0.0025 0.06325)
(0.01925 0.0025 0.06325)
(0.0195 0.0025 0.06325)
(0.01975 0.0025 0.06325)
(0.02 0.0025 0.06325)
(0.02025 0.0025 0.06325)
(0.0205 0.0025 0.06325)
(0.02075 0.0025 0.06325)
(0.021 0.0025 0.06325)
(0.02125 0.0025 0.06325)
(0.0215 0.0025 0.06325)
(0.02175 0.0025 0.06325)
(0.022 0.0025 0.06325)
(0.02225 0.0025 0.06325)
(0.0225 0.0025 0.06325)
(0.02275 0.0025 0.06325)
(0.023 0.0025 0.06325)
(0.02325 0.0025 0.06325)
(0.0235 0.0025 0.06325)
(0.02375 0.0025 0.06325)
(0.024 0.0025 0.06325)
(0.02425 0.0025 0.06325)
(0.0245 0.0025 0.06325)
(0.02475 0.0025 0.06325)
(0.025 0.0025 0.06325)
(0.02525 0.0025 0.06325)
(0.0255 0.0025 0.06325)
(0.02575 0.0025 0.06325)
(0.026 0.0025 0.06325)
(0.02625 0.0025 0.06325)
(0.0265 0.0025 0.06325)
(0.02675 0.0025 0.06325)
(0.027 0.0025 0.06325)
(0.02725 0.0025 0.06325)
(0.0275 0.0025 0.06325)
(0.02775 0.0025 0.06325)
(0.028 0.0025 0.06325)
(0.02825 0.0025 0.06325)
(0.0285 0.0025 0.06325)
(0.02875 0.0025 0.06325)
(0.029 0.0025 0.06325)
(0.02925 0.0025 0.06325)
(0.0295 0.0025 0.06325)
(0.02975 0.0025 0.06325)
(0.03 0.0025 0.06325)
(0.03025 0.0025 0.06325)
(0.0305 0.0025 0.06325)
(0.03075 0.0025 0.06325)
(0.031 0.0025 0.06325)
(0.03125 0.0025 0.06325)
(0.0315 0.0025 0.06325)
(0.03175 0.0025 0.06325)
(0.032 0.0025 0.06325)
(0.03225 0.0025 0.06325)
(0.0325 0.0025 0.06325)
(0.03275 0.0025 0.06325)
(0.033 0.0025 0.06325)
(0.03325 0.0025 0.06325)
(0.0335 0.0025 0.06325)
(0.03375 0.0025 0.06325)
(0.034 0.0025 0.06325)
(0.03425 0.0025 0.06325)
(0.0345 0.0025 0.06325)
(0.03475 0.0025 0.06325)
(0.035 0.0025 0.06325)
(0 0 0.0635)
(0.00025 0 0.0635)
(0.0005 0 0.0635)
(0.00075 0 0.0635)
(0.001 0 0.0635)
(0.00125 0 0.0635)
(0.0015 0 0.0635)
(0.00175 0 0.0635)
(0.002 0 0.0635)
(0.00225 0 0.0635)
(0.0025 0 0.0635)
(0.00275 0 0.0635)
(0.003 0 0.0635)
(0.00325 0 0.0635)
(0.0035 0 0.0635)
(0.00375 0 0.0635)
(0.004 0 0.0635)
(0.00425 0 0.0635)
(0.0045 0 0.0635)
(0.00475 0 0.0635)
(0.005 0 0.0635)
(0.00525 0 0.0635)
(0.0055 0 0.0635)
(0.00575 0 0.0635)
(0.006 0 0.0635)
(0.00625 0 0.0635)
(0.0065 0 0.0635)
(0.00675 0 0.0635)
(0.007 0 0.0635)
(0.00725 0 0.0635)
(0.0075 0 0.0635)
(0.00775 0 0.0635)
(0.008 0 0.0635)
(0.00825 0 0.0635)
(0.0085 0 0.0635)
(0.00875 0 0.0635)
(0.009 0 0.0635)
(0.00925 0 0.0635)
(0.0095 0 0.0635)
(0.00975 0 0.0635)
(0.01 0 0.0635)
(0.01025 0 0.0635)
(0.0105 0 0.0635)
(0.01075 0 0.0635)
(0.011 0 0.0635)
(0.01125 0 0.0635)
(0.0115 0 0.0635)
(0.01175 0 0.0635)
(0.012 0 0.0635)
(0.01225 0 0.0635)
(0.0125 0 0.0635)
(0.01275 0 0.0635)
(0.013 0 0.0635)
(0.01325 0 0.0635)
(0.0135 0 0.0635)
(0.01375 0 0.0635)
(0.014 0 0.0635)
(0.01425 0 0.0635)
(0.0145 0 0.0635)
(0.01475 0 0.0635)
(0.015 0 0.0635)
(0.01525 0 0.0635)
(0.0155 0 0.0635)
(0.01575 0 0.0635)
(0.016 0 0.0635)
(0.01625 0 0.0635)
(0.0165 0 0.0635)
(0.01675 0 0.0635)
(0.017 0 0.0635)
(0.01725 0 0.0635)
(0.0175 0 0.0635)
(0.01775 0 0.0635)
(0.018 0 0.0635)
(0.01825 0 0.0635)
(0.0185 0 0.0635)
(0.01875 0 0.0635)
(0.019 0 0.0635)
(0.01925 0 0.0635)
(0.0195 0 0.0635)
(0.01975 0 0.0635)
(0.02 0 0.0635)
(0.02025 0 0.0635)
(0.0205 0 0.0635)
(0.02075 0 0.0635)
(0.021 0 0.0635)
(0.02125 0 0.0635)
(0.0215 0 0.0635)
(0.02175 0 0.0635)
(0.022 0 0.0635)
(0.02225 0 0.0635)
(0.0225 0 0.0635)
(0.02275 0 0.0635)
(0.023 0 0.0635)
(0.02325 0 0.0635)
(0.0235 0 0.0635)
(0.02375 0 0.0635)
(0.024 0 0.0635)
(0.02425 0 0.0635)
(0.0245 0 0.0635)
(0.02475 0 0.0635)
(0.025 0 0.0635)
(0.02525 0 0.0635)
(0.0255 0 0.0635)
(0.02575 0 0.0635)
(0.026 0 0.0635)
(0.02625 0 0.0635)
(0.0265 0 0.0635)
(0.02675 0 0.0635)
(0.027 0 0.0635)
(0.02725 0 0.0635)
(0.0275 0 0.0635)
(0.02775 0 0.0635)
(0.028 0 0.0635)
(0.02825 0 0.0635)
(0.0285 0 0.0635)
(0.02875 0 0.0635)
(0.029 0 0.0635)
(0.02925 0 0.0635)
(0.0295 0 0.0635)
(0.02975 0 0.0635)
(0.03 0 0.0635)
(0.03025 0 0.0635)
(0.0305 0 0.0635)
(0.03075 0 0.0635)
(0.031 0 0.0635)
(0.03125 0 0.0635)
(0.0315 0 0.0635)
(0.03175 0 0.0635)
(0.032 0 0.0635)
(0.03225 0 0.0635)
(0.0325 0 0.0635)
(0.03275 0 0.0635)
(0.033 0 0.0635)
(0.03325 0 0.0635)
(0.0335 0 0.0635)
(0.03375 0 0.0635)
(0.034 0 0.0635)
(0.03425 0 0.0635)
(0.0345 0 0.0635)
(0.03475 0 0.0635)
(0.035 0 0.0635)
(0 0.00025 0.0635)
(0.00025 0.00025 0.0635)
(0.0005 0.00025 0.0635)
(0.00075 0.00025 0.0635)
(0.001 0.00025 0.0635)
(0.00125 0.00025 0.0635)
(0.0015 0.00025 0.0635)
(0.00175 0.00025 0.0635)
(0.002 0.00025 0.0635)
(0.00225 0.00025 0.0635)
(0.0025 0.00025 0.0635)
(0.00275 0.00025 0.0635)
(0.003 0.00025 0.0635)
(0.00325 0.00025 0.0635)
(0.0035 0.00025 0.0635)
(0.00375 0.00025 0.0635)
(0.004 0.00025 0.0635)
(0.00425 0.00025 0.0635)
(0.0045 0.00025 0.0635)
(0.00475 0.00025 0.0635)
(0.005 0.00025 0.0635)
(0.00525 0.00025 0.0635)
(0.0055 0.00025 0.0635)
(0.00575 0.00025 0.0635)
(0.006 0.00025 0.0635)
(0.00625 0.00025 0.0635)
(0.0065 0.00025 0.0635)
(0.00675 0.00025 0.0635)
(0.007 0.00025 0.0635)
(0.00725 0.00025 0.0635)
(0.0075 0.00025 0.0635)
(0.00775 0.00025 0.0635)
(0.008 0.00025 0.0635)
(0.00825 0.00025 0.0635)
(0.0085 0.00025 0.0635)
(0.00875 0.00025 0.0635)
(0.009 0.00025 0.0635)
(0.00925 0.00025 0.0635)
(0.0095 0.00025 0.0635)
(0.00975 0.00025 0.0635)
(0.01 0.00025 0.0635)
(0.01025 0.00025 0.0635)
(0.0105 0.00025 0.0635)
(0.01075 0.00025 0.0635)
(0.011 0.00025 0.0635)
(0.01125 0.00025 0.0635)
(0.0115 0.00025 0.0635)
(0.01175 0.00025 0.0635)
(0.012 0.00025 0.0635)
(0.01225 0.00025 0.0635)
(0.0125 0.00025 0.0635)
(0.01275 0.00025 0.0635)
(0.013 0.00025 0.0635)
(0.01325 0.00025 0.0635)
(0.0135 0.00025 0.0635)
(0.01375 0.00025 0.0635)
(0.014 0.00025 0.0635)
(0.01425 0.00025 0.0635)
(0.0145 0.00025 0.0635)
(0.01475 0.00025 0.0635)
(0.015 0.00025 0.0635)
(0.01525 0.00025 0.0635)
(0.0155 0.00025 0.0635)
(0.01575 0.00025 0.0635)
(0.016 0.00025 0.0635)
(0.01625 0.00025 0.0635)
(0.0165 0.00025 0.0635)
(0.01675 0.00025 0.0635)
(0.017 0.00025 0.0635)
(0.01725 0.00025 0.0635)
(0.0175 0.00025 0.0635)
(0.01775 0.00025 0.0635)
(0.018 0.00025 0.0635)
(0.01825 0.00025 0.0635)
(0.0185 0.00025 0.0635)
(0.01875 0.00025 0.0635)
(0.019 0.00025 0.0635)
(0.01925 0.00025 0.0635)
(0.0195 0.00025 0.0635)
(0.01975 0.00025 0.0635)
(0.02 0.00025 0.0635)
(0.02025 0.00025 0.0635)
(0.0205 0.00025 0.0635)
(0.02075 0.00025 0.0635)
(0.021 0.00025 0.0635)
(0.02125 0.00025 0.0635)
(0.0215 0.00025 0.0635)
(0.02175 0.00025 0.0635)
(0.022 0.00025 0.0635)
(0.02225 0.00025 0.0635)
(0.0225 0.00025 0.0635)
(0.02275 0.00025 0.0635)
(0.023 0.00025 0.0635)
(0.02325 0.00025 0.0635)
(0.0235 0.00025 0.0635)
(0.02375 0.00025 0.0635)
(0.024 0.00025 0.0635)
(0.02425 0.00025 0.0635)
(0.0245 0.00025 0.0635)
(0.02475 0.00025 0.0635)
(0.025 0.00025 0.0635)
(0.02525 0.00025 0.0635)
(0.0255 0.00025 0.0635)
(0.02575 0.00025 0.0635)
(0.026 0.00025 0.0635)
(0.02625 0.00025 0.0635)
(0.0265 0.00025 0.0635)
(0.02675 0.00025 0.0635)
(0.027 0.00025 0.0635)
(0.02725 0.00025 0.0635)
(0.0275 0.00025 0.0635)
(0.02775 0.00025 0.0635)
(0.028 0.00025 0.0635)
(0.02825 0.00025 0.0635)
(0.0285 0.00025 0.0635)
(0.02875 0.00025 0.0635)
(0.029 0.00025 0.0635)
(0.02925 0.00025 0.0635)
(0.0295 0.00025 0.0635)
(0.02975 0.00025 0.0635)
(0.03 0.00025 0.0635)
(0.03025 0.00025 0.0635)
(0.0305 0.00025 0.0635)
(0.03075 0.00025 0.0635)
(0.031 0.00025 0.0635)
(0.03125 0.00025 0.0635)
(0.0315 0.00025 0.0635)
(0.03175 0.00025 0.0635)
(0.032 0.00025 0.0635)
(0.03225 0.00025 0.0635)
(0.0325 0.00025 0.0635)
(0.03275 0.00025 0.0635)
(0.033 0.00025 0.0635)
(0.03325 0.00025 0.0635)
(0.0335 0.00025 0.0635)
(0.03375 0.00025 0.0635)
(0.034 0.00025 0.0635)
(0.03425 0.00025 0.0635)
(0.0345 0.00025 0.0635)
(0.03475 0.00025 0.0635)
(0.035 0.00025 0.0635)
(0 0.0005 0.0635)
(0.00025 0.0005 0.0635)
(0.0005 0.0005 0.0635)
(0.00075 0.0005 0.0635)
(0.001 0.0005 0.0635)
(0.00125 0.0005 0.0635)
(0.0015 0.0005 0.0635)
(0.00175 0.0005 0.0635)
(0.002 0.0005 0.0635)
(0.00225 0.0005 0.0635)
(0.0025 0.0005 0.0635)
(0.00275 0.0005 0.0635)
(0.003 0.0005 0.0635)
(0.00325 0.0005 0.0635)
(0.0035 0.0005 0.0635)
(0.00375 0.0005 0.0635)
(0.004 0.0005 0.0635)
(0.00425 0.0005 0.0635)
(0.0045 0.0005 0.0635)
(0.00475 0.0005 0.0635)
(0.005 0.0005 0.0635)
(0.00525 0.0005 0.0635)
(0.0055 0.0005 0.0635)
(0.00575 0.0005 0.0635)
(0.006 0.0005 0.0635)
(0.00625 0.0005 0.0635)
(0.0065 0.0005 0.0635)
(0.00675 0.0005 0.0635)
(0.007 0.0005 0.0635)
(0.00725 0.0005 0.0635)
(0.0075 0.0005 0.0635)
(0.00775 0.0005 0.0635)
(0.008 0.0005 0.0635)
(0.00825 0.0005 0.0635)
(0.0085 0.0005 0.0635)
(0.00875 0.0005 0.0635)
(0.009 0.0005 0.0635)
(0.00925 0.0005 0.0635)
(0.0095 0.0005 0.0635)
(0.00975 0.0005 0.0635)
(0.01 0.0005 0.0635)
(0.01025 0.0005 0.0635)
(0.0105 0.0005 0.0635)
(0.01075 0.0005 0.0635)
(0.011 0.0005 0.0635)
(0.01125 0.0005 0.0635)
(0.0115 0.0005 0.0635)
(0.01175 0.0005 0.0635)
(0.012 0.0005 0.0635)
(0.01225 0.0005 0.0635)
(0.0125 0.0005 0.0635)
(0.01275 0.0005 0.0635)
(0.013 0.0005 0.0635)
(0.01325 0.0005 0.0635)
(0.0135 0.0005 0.0635)
(0.01375 0.0005 0.0635)
(0.014 0.0005 0.0635)
(0.01425 0.0005 0.0635)
(0.0145 0.0005 0.0635)
(0.01475 0.0005 0.0635)
(0.015 0.0005 0.0635)
(0.01525 0.0005 0.0635)
(0.0155 0.0005 0.0635)
(0.01575 0.0005 0.0635)
(0.016 0.0005 0.0635)
(0.01625 0.0005 0.0635)
(0.0165 0.0005 0.0635)
(0.01675 0.0005 0.0635)
(0.017 0.0005 0.0635)
(0.01725 0.0005 0.0635)
(0.0175 0.0005 0.0635)
(0.01775 0.0005 0.0635)
(0.018 0.0005 0.0635)
(0.01825 0.0005 0.0635)
(0.0185 0.0005 0.0635)
(0.01875 0.0005 0.0635)
(0.019 0.0005 0.0635)
(0.01925 0.0005 0.0635)
(0.0195 0.0005 0.0635)
(0.01975 0.0005 0.0635)
(0.02 0.0005 0.0635)
(0.02025 0.0005 0.0635)
(0.0205 0.0005 0.0635)
(0.02075 0.0005 0.0635)
(0.021 0.0005 0.0635)
(0.02125 0.0005 0.0635)
(0.0215 0.0005 0.0635)
(0.02175 0.0005 0.0635)
(0.022 0.0005 0.0635)
(0.02225 0.0005 0.0635)
(0.0225 0.0005 0.0635)
(0.02275 0.0005 0.0635)
(0.023 0.0005 0.0635)
(0.02325 0.0005 0.0635)
(0.0235 0.0005 0.0635)
(0.02375 0.0005 0.0635)
(0.024 0.0005 0.0635)
(0.02425 0.0005 0.0635)
(0.0245 0.0005 0.0635)
(0.02475 0.0005 0.0635)
(0.025 0.0005 0.0635)
(0.02525 0.0005 0.0635)
(0.0255 0.0005 0.0635)
(0.02575 0.0005 0.0635)
(0.026 0.0005 0.0635)
(0.02625 0.0005 0.0635)
(0.0265 0.0005 0.0635)
(0.02675 0.0005 0.0635)
(0.027 0.0005 0.0635)
(0.02725 0.0005 0.0635)
(0.0275 0.0005 0.0635)
(0.02775 0.0005 0.0635)
(0.028 0.0005 0.0635)
(0.02825 0.0005 0.0635)
(0.0285 0.0005 0.0635)
(0.02875 0.0005 0.0635)
(0.029 0.0005 0.0635)
(0.02925 0.0005 0.0635)
(0.0295 0.0005 0.0635)
(0.02975 0.0005 0.0635)
(0.03 0.0005 0.0635)
(0.03025 0.0005 0.0635)
(0.0305 0.0005 0.0635)
(0.03075 0.0005 0.0635)
(0.031 0.0005 0.0635)
(0.03125 0.0005 0.0635)
(0.0315 0.0005 0.0635)
(0.03175 0.0005 0.0635)
(0.032 0.0005 0.0635)
(0.03225 0.0005 0.0635)
(0.0325 0.0005 0.0635)
(0.03275 0.0005 0.0635)
(0.033 0.0005 0.0635)
(0.03325 0.0005 0.0635)
(0.0335 0.0005 0.0635)
(0.03375 0.0005 0.0635)
(0.034 0.0005 0.0635)
(0.03425 0.0005 0.0635)
(0.0345 0.0005 0.0635)
(0.03475 0.0005 0.0635)
(0.035 0.0005 0.0635)
(0 0.00075 0.0635)
(0.00025 0.00075 0.0635)
(0.0005 0.00075 0.0635)
(0.00075 0.00075 0.0635)
(0.001 0.00075 0.0635)
(0.00125 0.00075 0.0635)
(0.0015 0.00075 0.0635)
(0.00175 0.00075 0.0635)
(0.002 0.00075 0.0635)
(0.00225 0.00075 0.0635)
(0.0025 0.00075 0.0635)
(0.00275 0.00075 0.0635)
(0.003 0.00075 0.0635)
(0.00325 0.00075 0.0635)
(0.0035 0.00075 0.0635)
(0.00375 0.00075 0.0635)
(0.004 0.00075 0.0635)
(0.00425 0.00075 0.0635)
(0.0045 0.00075 0.0635)
(0.00475 0.00075 0.0635)
(0.005 0.00075 0.0635)
(0.00525 0.00075 0.0635)
(0.0055 0.00075 0.0635)
(0.00575 0.00075 0.0635)
(0.006 0.00075 0.0635)
(0.00625 0.00075 0.0635)
(0.0065 0.00075 0.0635)
(0.00675 0.00075 0.0635)
(0.007 0.00075 0.0635)
(0.00725 0.00075 0.0635)
(0.0075 0.00075 0.0635)
(0.00775 0.00075 0.0635)
(0.008 0.00075 0.0635)
(0.00825 0.00075 0.0635)
(0.0085 0.00075 0.0635)
(0.00875 0.00075 0.0635)
(0.009 0.00075 0.0635)
(0.00925 0.00075 0.0635)
(0.0095 0.00075 0.0635)
(0.00975 0.00075 0.0635)
(0.01 0.00075 0.0635)
(0.01025 0.00075 0.0635)
(0.0105 0.00075 0.0635)
(0.01075 0.00075 0.0635)
(0.011 0.00075 0.0635)
(0.01125 0.00075 0.0635)
(0.0115 0.00075 0.0635)
(0.01175 0.00075 0.0635)
(0.012 0.00075 0.0635)
(0.01225 0.00075 0.0635)
(0.0125 0.00075 0.0635)
(0.01275 0.00075 0.0635)
(0.013 0.00075 0.0635)
(0.01325 0.00075 0.0635)
(0.0135 0.00075 0.0635)
(0.01375 0.00075 0.0635)
(0.014 0.00075 0.0635)
(0.01425 0.00075 0.0635)
(0.0145 0.00075 0.0635)
(0.01475 0.00075 0.0635)
(0.015 0.00075 0.0635)
(0.01525 0.00075 0.0635)
(0.0155 0.00075 0.0635)
(0.01575 0.00075 0.0635)
(0.016 0.00075 0.0635)
(0.01625 0.00075 0.0635)
(0.0165 0.00075 0.0635)
(0.01675 0.00075 0.0635)
(0.017 0.00075 0.0635)
(0.01725 0.00075 0.0635)
(0.0175 0.00075 0.0635)
(0.01775 0.00075 0.0635)
(0.018 0.00075 0.0635)
(0.01825 0.00075 0.0635)
(0.0185 0.00075 0.0635)
(0.01875 0.00075 0.0635)
(0.019 0.00075 0.0635)
(0.01925 0.00075 0.0635)
(0.0195 0.00075 0.0635)
(0.01975 0.00075 0.0635)
(0.02 0.00075 0.0635)
(0.02025 0.00075 0.0635)
(0.0205 0.00075 0.0635)
(0.02075 0.00075 0.0635)
(0.021 0.00075 0.0635)
(0.02125 0.00075 0.0635)
(0.0215 0.00075 0.0635)
(0.02175 0.00075 0.0635)
(0.022 0.00075 0.0635)
(0.02225 0.00075 0.0635)
(0.0225 0.00075 0.0635)
(0.02275 0.00075 0.0635)
(0.023 0.00075 0.0635)
(0.02325 0.00075 0.0635)
(0.0235 0.00075 0.0635)
(0.02375 0.00075 0.0635)
(0.024 0.00075 0.0635)
(0.02425 0.00075 0.0635)
(0.0245 0.00075 0.0635)
(0.02475 0.00075 0.0635)
(0.025 0.00075 0.0635)
(0.02525 0.00075 0.0635)
(0.0255 0.00075 0.0635)
(0.02575 0.00075 0.0635)
(0.026 0.00075 0.0635)
(0.02625 0.00075 0.0635)
(0.0265 0.00075 0.0635)
(0.02675 0.00075 0.0635)
(0.027 0.00075 0.0635)
(0.02725 0.00075 0.0635)
(0.0275 0.00075 0.0635)
(0.02775 0.00075 0.0635)
(0.028 0.00075 0.0635)
(0.02825 0.00075 0.0635)
(0.0285 0.00075 0.0635)
(0.02875 0.00075 0.0635)
(0.029 0.00075 0.0635)
(0.02925 0.00075 0.0635)
(0.0295 0.00075 0.0635)
(0.02975 0.00075 0.0635)
(0.03 0.00075 0.0635)
(0.03025 0.00075 0.0635)
(0.0305 0.00075 0.0635)
(0.03075 0.00075 0.0635)
(0.031 0.00075 0.0635)
(0.03125 0.00075 0.0635)
(0.0315 0.00075 0.0635)
(0.03175 0.00075 0.0635)
(0.032 0.00075 0.0635)
(0.03225 0.00075 0.0635)
(0.0325 0.00075 0.0635)
(0.03275 0.00075 0.0635)
(0.033 0.00075 0.0635)
(0.03325 0.00075 0.0635)
(0.0335 0.00075 0.0635)
(0.03375 0.00075 0.0635)
(0.034 0.00075 0.0635)
(0.03425 0.00075 0.0635)
(0.0345 0.00075 0.0635)
(0.03475 0.00075 0.0635)
(0.035 0.00075 0.0635)
(0 0.001 0.0635)
(0.00025 0.001 0.0635)
(0.0005 0.001 0.0635)
(0.00075 0.001 0.0635)
(0.001 0.001 0.0635)
(0.00125 0.001 0.0635)
(0.0015 0.001 0.0635)
(0.00175 0.001 0.0635)
(0.002 0.001 0.0635)
(0.00225 0.001 0.0635)
(0.0025 0.001 0.0635)
(0.00275 0.001 0.0635)
(0.003 0.001 0.0635)
(0.00325 0.001 0.0635)
(0.0035 0.001 0.0635)
(0.00375 0.001 0.0635)
(0.004 0.001 0.0635)
(0.00425 0.001 0.0635)
(0.0045 0.001 0.0635)
(0.00475 0.001 0.0635)
(0.005 0.001 0.0635)
(0.00525 0.001 0.0635)
(0.0055 0.001 0.0635)
(0.00575 0.001 0.0635)
(0.006 0.001 0.0635)
(0.00625 0.001 0.0635)
(0.0065 0.001 0.0635)
(0.00675 0.001 0.0635)
(0.007 0.001 0.0635)
(0.00725 0.001 0.0635)
(0.0075 0.001 0.0635)
(0.00775 0.001 0.0635)
(0.008 0.001 0.0635)
(0.00825 0.001 0.0635)
(0.0085 0.001 0.0635)
(0.00875 0.001 0.0635)
(0.009 0.001 0.0635)
(0.00925 0.001 0.0635)
(0.0095 0.001 0.0635)
(0.00975 0.001 0.0635)
(0.01 0.001 0.0635)
(0.01025 0.001 0.0635)
(0.0105 0.001 0.0635)
(0.01075 0.001 0.0635)
(0.011 0.001 0.0635)
(0.01125 0.001 0.0635)
(0.0115 0.001 0.0635)
(0.01175 0.001 0.0635)
(0.012 0.001 0.0635)
(0.01225 0.001 0.0635)
(0.0125 0.001 0.0635)
(0.01275 0.001 0.0635)
(0.013 0.001 0.0635)
(0.01325 0.001 0.0635)
(0.0135 0.001 0.0635)
(0.01375 0.001 0.0635)
(0.014 0.001 0.0635)
(0.01425 0.001 0.0635)
(0.0145 0.001 0.0635)
(0.01475 0.001 0.0635)
(0.015 0.001 0.0635)
(0.01525 0.001 0.0635)
(0.0155 0.001 0.0635)
(0.01575 0.001 0.0635)
(0.016 0.001 0.0635)
(0.01625 0.001 0.0635)
(0.0165 0.001 0.0635)
(0.01675 0.001 0.0635)
(0.017 0.001 0.0635)
(0.01725 0.001 0.0635)
(0.0175 0.001 0.0635)
(0.01775 0.001 0.0635)
(0.018 0.001 0.0635)
(0.01825 0.001 0.0635)
(0.0185 0.001 0.0635)
(0.01875 0.001 0.0635)
(0.019 0.001 0.0635)
(0.01925 0.001 0.0635)
(0.0195 0.001 0.0635)
(0.01975 0.001 0.0635)
(0.02 0.001 0.0635)
(0.02025 0.001 0.0635)
(0.0205 0.001 0.0635)
(0.02075 0.001 0.0635)
(0.021 0.001 0.0635)
(0.02125 0.001 0.0635)
(0.0215 0.001 0.0635)
(0.02175 0.001 0.0635)
(0.022 0.001 0.0635)
(0.02225 0.001 0.0635)
(0.0225 0.001 0.0635)
(0.02275 0.001 0.0635)
(0.023 0.001 0.0635)
(0.02325 0.001 0.0635)
(0.0235 0.001 0.0635)
(0.02375 0.001 0.0635)
(0.024 0.001 0.0635)
(0.02425 0.001 0.0635)
(0.0245 0.001 0.0635)
(0.02475 0.001 0.0635)
(0.025 0.001 0.0635)
(0.02525 0.001 0.0635)
(0.0255 0.001 0.0635)
(0.02575 0.001 0.0635)
(0.026 0.001 0.0635)
(0.02625 0.001 0.0635)
(0.0265 0.001 0.0635)
(0.02675 0.001 0.0635)
(0.027 0.001 0.0635)
(0.02725 0.001 0.0635)
(0.0275 0.001 0.0635)
(0.02775 0.001 0.0635)
(0.028 0.001 0.0635)
(0.02825 0.001 0.0635)
(0.0285 0.001 0.0635)
(0.02875 0.001 0.0635)
(0.029 0.001 0.0635)
(0.02925 0.001 0.0635)
(0.0295 0.001 0.0635)
(0.02975 0.001 0.0635)
(0.03 0.001 0.0635)
(0.03025 0.001 0.0635)
(0.0305 0.001 0.0635)
(0.03075 0.001 0.0635)
(0.031 0.001 0.0635)
(0.03125 0.001 0.0635)
(0.0315 0.001 0.0635)
(0.03175 0.001 0.0635)
(0.032 0.001 0.0635)
(0.03225 0.001 0.0635)
(0.0325 0.001 0.0635)
(0.03275 0.001 0.0635)
(0.033 0.001 0.0635)
(0.03325 0.001 0.0635)
(0.0335 0.001 0.0635)
(0.03375 0.001 0.0635)
(0.034 0.001 0.0635)
(0.03425 0.001 0.0635)
(0.0345 0.001 0.0635)
(0.03475 0.001 0.0635)
(0.035 0.001 0.0635)
(0 0.00125 0.0635)
(0.00025 0.00125 0.0635)
(0.0005 0.00125 0.0635)
(0.00075 0.00125 0.0635)
(0.001 0.00125 0.0635)
(0.00125 0.00125 0.0635)
(0.0015 0.00125 0.0635)
(0.00175 0.00125 0.0635)
(0.002 0.00125 0.0635)
(0.00225 0.00125 0.0635)
(0.0025 0.00125 0.0635)
(0.00275 0.00125 0.0635)
(0.003 0.00125 0.0635)
(0.00325 0.00125 0.0635)
(0.0035 0.00125 0.0635)
(0.00375 0.00125 0.0635)
(0.004 0.00125 0.0635)
(0.00425 0.00125 0.0635)
(0.0045 0.00125 0.0635)
(0.00475 0.00125 0.0635)
(0.005 0.00125 0.0635)
(0.00525 0.00125 0.0635)
(0.0055 0.00125 0.0635)
(0.00575 0.00125 0.0635)
(0.006 0.00125 0.0635)
(0.00625 0.00125 0.0635)
(0.0065 0.00125 0.0635)
(0.00675 0.00125 0.0635)
(0.007 0.00125 0.0635)
(0.00725 0.00125 0.0635)
(0.0075 0.00125 0.0635)
(0.00775 0.00125 0.0635)
(0.008 0.00125 0.0635)
(0.00825 0.00125 0.0635)
(0.0085 0.00125 0.0635)
(0.00875 0.00125 0.0635)
(0.009 0.00125 0.0635)
(0.00925 0.00125 0.0635)
(0.0095 0.00125 0.0635)
(0.00975 0.00125 0.0635)
(0.01 0.00125 0.0635)
(0.01025 0.00125 0.0635)
(0.0105 0.00125 0.0635)
(0.01075 0.00125 0.0635)
(0.011 0.00125 0.0635)
(0.01125 0.00125 0.0635)
(0.0115 0.00125 0.0635)
(0.01175 0.00125 0.0635)
(0.012 0.00125 0.0635)
(0.01225 0.00125 0.0635)
(0.0125 0.00125 0.0635)
(0.01275 0.00125 0.0635)
(0.013 0.00125 0.0635)
(0.01325 0.00125 0.0635)
(0.0135 0.00125 0.0635)
(0.01375 0.00125 0.0635)
(0.014 0.00125 0.0635)
(0.01425 0.00125 0.0635)
(0.0145 0.00125 0.0635)
(0.01475 0.00125 0.0635)
(0.015 0.00125 0.0635)
(0.01525 0.00125 0.0635)
(0.0155 0.00125 0.0635)
(0.01575 0.00125 0.0635)
(0.016 0.00125 0.0635)
(0.01625 0.00125 0.0635)
(0.0165 0.00125 0.0635)
(0.01675 0.00125 0.0635)
(0.017 0.00125 0.0635)
(0.01725 0.00125 0.0635)
(0.0175 0.00125 0.0635)
(0.01775 0.00125 0.0635)
(0.018 0.00125 0.0635)
(0.01825 0.00125 0.0635)
(0.0185 0.00125 0.0635)
(0.01875 0.00125 0.0635)
(0.019 0.00125 0.0635)
(0.01925 0.00125 0.0635)
(0.0195 0.00125 0.0635)
(0.01975 0.00125 0.0635)
(0.02 0.00125 0.0635)
(0.02025 0.00125 0.0635)
(0.0205 0.00125 0.0635)
(0.02075 0.00125 0.0635)
(0.021 0.00125 0.0635)
(0.02125 0.00125 0.0635)
(0.0215 0.00125 0.0635)
(0.02175 0.00125 0.0635)
(0.022 0.00125 0.0635)
(0.02225 0.00125 0.0635)
(0.0225 0.00125 0.0635)
(0.02275 0.00125 0.0635)
(0.023 0.00125 0.0635)
(0.02325 0.00125 0.0635)
(0.0235 0.00125 0.0635)
(0.02375 0.00125 0.0635)
(0.024 0.00125 0.0635)
(0.02425 0.00125 0.0635)
(0.0245 0.00125 0.0635)
(0.02475 0.00125 0.0635)
(0.025 0.00125 0.0635)
(0.02525 0.00125 0.0635)
(0.0255 0.00125 0.0635)
(0.02575 0.00125 0.0635)
(0.026 0.00125 0.0635)
(0.02625 0.00125 0.0635)
(0.0265 0.00125 0.0635)
(0.02675 0.00125 0.0635)
(0.027 0.00125 0.0635)
(0.02725 0.00125 0.0635)
(0.0275 0.00125 0.0635)
(0.02775 0.00125 0.0635)
(0.028 0.00125 0.0635)
(0.02825 0.00125 0.0635)
(0.0285 0.00125 0.0635)
(0.02875 0.00125 0.0635)
(0.029 0.00125 0.0635)
(0.02925 0.00125 0.0635)
(0.0295 0.00125 0.0635)
(0.02975 0.00125 0.0635)
(0.03 0.00125 0.0635)
(0.03025 0.00125 0.0635)
(0.0305 0.00125 0.0635)
(0.03075 0.00125 0.0635)
(0.031 0.00125 0.0635)
(0.03125 0.00125 0.0635)
(0.0315 0.00125 0.0635)
(0.03175 0.00125 0.0635)
(0.032 0.00125 0.0635)
(0.03225 0.00125 0.0635)
(0.0325 0.00125 0.0635)
(0.03275 0.00125 0.0635)
(0.033 0.00125 0.0635)
(0.03325 0.00125 0.0635)
(0.0335 0.00125 0.0635)
(0.03375 0.00125 0.0635)
(0.034 0.00125 0.0635)
(0.03425 0.00125 0.0635)
(0.0345 0.00125 0.0635)
(0.03475 0.00125 0.0635)
(0.035 0.00125 0.0635)
(0 0.0015 0.0635)
(0.00025 0.0015 0.0635)
(0.0005 0.0015 0.0635)
(0.00075 0.0015 0.0635)
(0.001 0.0015 0.0635)
(0.00125 0.0015 0.0635)
(0.0015 0.0015 0.0635)
(0.00175 0.0015 0.0635)
(0.002 0.0015 0.0635)
(0.00225 0.0015 0.0635)
(0.0025 0.0015 0.0635)
(0.00275 0.0015 0.0635)
(0.003 0.0015 0.0635)
(0.00325 0.0015 0.0635)
(0.0035 0.0015 0.0635)
(0.00375 0.0015 0.0635)
(0.004 0.0015 0.0635)
(0.00425 0.0015 0.0635)
(0.0045 0.0015 0.0635)
(0.00475 0.0015 0.0635)
(0.005 0.0015 0.0635)
(0.00525 0.0015 0.0635)
(0.0055 0.0015 0.0635)
(0.00575 0.0015 0.0635)
(0.006 0.0015 0.0635)
(0.00625 0.0015 0.0635)
(0.0065 0.0015 0.0635)
(0.00675 0.0015 0.0635)
(0.007 0.0015 0.0635)
(0.00725 0.0015 0.0635)
(0.0075 0.0015 0.0635)
(0.00775 0.0015 0.0635)
(0.008 0.0015 0.0635)
(0.00825 0.0015 0.0635)
(0.0085 0.0015 0.0635)
(0.00875 0.0015 0.0635)
(0.009 0.0015 0.0635)
(0.00925 0.0015 0.0635)
(0.0095 0.0015 0.0635)
(0.00975 0.0015 0.0635)
(0.01 0.0015 0.0635)
(0.01025 0.0015 0.0635)
(0.0105 0.0015 0.0635)
(0.01075 0.0015 0.0635)
(0.011 0.0015 0.0635)
(0.01125 0.0015 0.0635)
(0.0115 0.0015 0.0635)
(0.01175 0.0015 0.0635)
(0.012 0.0015 0.0635)
(0.01225 0.0015 0.0635)
(0.0125 0.0015 0.0635)
(0.01275 0.0015 0.0635)
(0.013 0.0015 0.0635)
(0.01325 0.0015 0.0635)
(0.0135 0.0015 0.0635)
(0.01375 0.0015 0.0635)
(0.014 0.0015 0.0635)
(0.01425 0.0015 0.0635)
(0.0145 0.0015 0.0635)
(0.01475 0.0015 0.0635)
(0.015 0.0015 0.0635)
(0.01525 0.0015 0.0635)
(0.0155 0.0015 0.0635)
(0.01575 0.0015 0.0635)
(0.016 0.0015 0.0635)
(0.01625 0.0015 0.0635)
(0.0165 0.0015 0.0635)
(0.01675 0.0015 0.0635)
(0.017 0.0015 0.0635)
(0.01725 0.0015 0.0635)
(0.0175 0.0015 0.0635)
(0.01775 0.0015 0.0635)
(0.018 0.0015 0.0635)
(0.01825 0.0015 0.0635)
(0.0185 0.0015 0.0635)
(0.01875 0.0015 0.0635)
(0.019 0.0015 0.0635)
(0.01925 0.0015 0.0635)
(0.0195 0.0015 0.0635)
(0.01975 0.0015 0.0635)
(0.02 0.0015 0.0635)
(0.02025 0.0015 0.0635)
(0.0205 0.0015 0.0635)
(0.02075 0.0015 0.0635)
(0.021 0.0015 0.0635)
(0.02125 0.0015 0.0635)
(0.0215 0.0015 0.0635)
(0.02175 0.0015 0.0635)
(0.022 0.0015 0.0635)
(0.02225 0.0015 0.0635)
(0.0225 0.0015 0.0635)
(0.02275 0.0015 0.0635)
(0.023 0.0015 0.0635)
(0.02325 0.0015 0.0635)
(0.0235 0.0015 0.0635)
(0.02375 0.0015 0.0635)
(0.024 0.0015 0.0635)
(0.02425 0.0015 0.0635)
(0.0245 0.0015 0.0635)
(0.02475 0.0015 0.0635)
(0.025 0.0015 0.0635)
(0.02525 0.0015 0.0635)
(0.0255 0.0015 0.0635)
(0.02575 0.0015 0.0635)
(0.026 0.0015 0.0635)
(0.02625 0.0015 0.0635)
(0.0265 0.0015 0.0635)
(0.02675 0.0015 0.0635)
(0.027 0.0015 0.0635)
(0.02725 0.0015 0.0635)
(0.0275 0.0015 0.0635)
(0.02775 0.0015 0.0635)
(0.028 0.0015 0.0635)
(0.02825 0.0015 0.0635)
(0.0285 0.0015 0.0635)
(0.02875 0.0015 0.0635)
(0.029 0.0015 0.0635)
(0.02925 0.0015 0.0635)
(0.0295 0.0015 0.0635)
(0.02975 0.0015 0.0635)
(0.03 0.0015 0.0635)
(0.03025 0.0015 0.0635)
(0.0305 0.0015 0.0635)
(0.03075 0.0015 0.0635)
(0.031 0.0015 0.0635)
(0.03125 0.0015 0.0635)
(0.0315 0.0015 0.0635)
(0.03175 0.0015 0.0635)
(0.032 0.0015 0.0635)
(0.03225 0.0015 0.0635)
(0.0325 0.0015 0.0635)
(0.03275 0.0015 0.0635)
(0.033 0.0015 0.0635)
(0.03325 0.0015 0.0635)
(0.0335 0.0015 0.0635)
(0.03375 0.0015 0.0635)
(0.034 0.0015 0.0635)
(0.03425 0.0015 0.0635)
(0.0345 0.0015 0.0635)
(0.03475 0.0015 0.0635)
(0.035 0.0015 0.0635)
(0 0.00175 0.0635)
(0.00025 0.00175 0.0635)
(0.0005 0.00175 0.0635)
(0.00075 0.00175 0.0635)
(0.001 0.00175 0.0635)
(0.00125 0.00175 0.0635)
(0.0015 0.00175 0.0635)
(0.00175 0.00175 0.0635)
(0.002 0.00175 0.0635)
(0.00225 0.00175 0.0635)
(0.0025 0.00175 0.0635)
(0.00275 0.00175 0.0635)
(0.003 0.00175 0.0635)
(0.00325 0.00175 0.0635)
(0.0035 0.00175 0.0635)
(0.00375 0.00175 0.0635)
(0.004 0.00175 0.0635)
(0.00425 0.00175 0.0635)
(0.0045 0.00175 0.0635)
(0.00475 0.00175 0.0635)
(0.005 0.00175 0.0635)
(0.00525 0.00175 0.0635)
(0.0055 0.00175 0.0635)
(0.00575 0.00175 0.0635)
(0.006 0.00175 0.0635)
(0.00625 0.00175 0.0635)
(0.0065 0.00175 0.0635)
(0.00675 0.00175 0.0635)
(0.007 0.00175 0.0635)
(0.00725 0.00175 0.0635)
(0.0075 0.00175 0.0635)
(0.00775 0.00175 0.0635)
(0.008 0.00175 0.0635)
(0.00825 0.00175 0.0635)
(0.0085 0.00175 0.0635)
(0.00875 0.00175 0.0635)
(0.009 0.00175 0.0635)
(0.00925 0.00175 0.0635)
(0.0095 0.00175 0.0635)
(0.00975 0.00175 0.0635)
(0.01 0.00175 0.0635)
(0.01025 0.00175 0.0635)
(0.0105 0.00175 0.0635)
(0.01075 0.00175 0.0635)
(0.011 0.00175 0.0635)
(0.01125 0.00175 0.0635)
(0.0115 0.00175 0.0635)
(0.01175 0.00175 0.0635)
(0.012 0.00175 0.0635)
(0.01225 0.00175 0.0635)
(0.0125 0.00175 0.0635)
(0.01275 0.00175 0.0635)
(0.013 0.00175 0.0635)
(0.01325 0.00175 0.0635)
(0.0135 0.00175 0.0635)
(0.01375 0.00175 0.0635)
(0.014 0.00175 0.0635)
(0.01425 0.00175 0.0635)
(0.0145 0.00175 0.0635)
(0.01475 0.00175 0.0635)
(0.015 0.00175 0.0635)
(0.01525 0.00175 0.0635)
(0.0155 0.00175 0.0635)
(0.01575 0.00175 0.0635)
(0.016 0.00175 0.0635)
(0.01625 0.00175 0.0635)
(0.0165 0.00175 0.0635)
(0.01675 0.00175 0.0635)
(0.017 0.00175 0.0635)
(0.01725 0.00175 0.0635)
(0.0175 0.00175 0.0635)
(0.01775 0.00175 0.0635)
(0.018 0.00175 0.0635)
(0.01825 0.00175 0.0635)
(0.0185 0.00175 0.0635)
(0.01875 0.00175 0.0635)
(0.019 0.00175 0.0635)
(0.01925 0.00175 0.0635)
(0.0195 0.00175 0.0635)
(0.01975 0.00175 0.0635)
(0.02 0.00175 0.0635)
(0.02025 0.00175 0.0635)
(0.0205 0.00175 0.0635)
(0.02075 0.00175 0.0635)
(0.021 0.00175 0.0635)
(0.02125 0.00175 0.0635)
(0.0215 0.00175 0.0635)
(0.02175 0.00175 0.0635)
(0.022 0.00175 0.0635)
(0.02225 0.00175 0.0635)
(0.0225 0.00175 0.0635)
(0.02275 0.00175 0.0635)
(0.023 0.00175 0.0635)
(0.02325 0.00175 0.0635)
(0.0235 0.00175 0.0635)
(0.02375 0.00175 0.0635)
(0.024 0.00175 0.0635)
(0.02425 0.00175 0.0635)
(0.0245 0.00175 0.0635)
(0.02475 0.00175 0.0635)
(0.025 0.00175 0.0635)
(0.02525 0.00175 0.0635)
(0.0255 0.00175 0.0635)
(0.02575 0.00175 0.0635)
(0.026 0.00175 0.0635)
(0.02625 0.00175 0.0635)
(0.0265 0.00175 0.0635)
(0.02675 0.00175 0.0635)
(0.027 0.00175 0.0635)
(0.02725 0.00175 0.0635)
(0.0275 0.00175 0.0635)
(0.02775 0.00175 0.0635)
(0.028 0.00175 0.0635)
(0.02825 0.00175 0.0635)
(0.0285 0.00175 0.0635)
(0.02875 0.00175 0.0635)
(0.029 0.00175 0.0635)
(0.02925 0.00175 0.0635)
(0.0295 0.00175 0.0635)
(0.02975 0.00175 0.0635)
(0.03 0.00175 0.0635)
(0.03025 0.00175 0.0635)
(0.0305 0.00175 0.0635)
(0.03075 0.00175 0.0635)
(0.031 0.00175 0.0635)
(0.03125 0.00175 0.0635)
(0.0315 0.00175 0.0635)
(0.03175 0.00175 0.0635)
(0.032 0.00175 0.0635)
(0.03225 0.00175 0.0635)
(0.0325 0.00175 0.0635)
(0.03275 0.00175 0.0635)
(0.033 0.00175 0.0635)
(0.03325 0.00175 0.0635)
(0.0335 0.00175 0.0635)
(0.03375 0.00175 0.0635)
(0.034 0.00175 0.0635)
(0.03425 0.00175 0.0635)
(0.0345 0.00175 0.0635)
(0.03475 0.00175 0.0635)
(0.035 0.00175 0.0635)
(0 0.002 0.0635)
(0.00025 0.002 0.0635)
(0.0005 0.002 0.0635)
(0.00075 0.002 0.0635)
(0.001 0.002 0.0635)
(0.00125 0.002 0.0635)
(0.0015 0.002 0.0635)
(0.00175 0.002 0.0635)
(0.002 0.002 0.0635)
(0.00225 0.002 0.0635)
(0.0025 0.002 0.0635)
(0.00275 0.002 0.0635)
(0.003 0.002 0.0635)
(0.00325 0.002 0.0635)
(0.0035 0.002 0.0635)
(0.00375 0.002 0.0635)
(0.004 0.002 0.0635)
(0.00425 0.002 0.0635)
(0.0045 0.002 0.0635)
(0.00475 0.002 0.0635)
(0.005 0.002 0.0635)
(0.00525 0.002 0.0635)
(0.0055 0.002 0.0635)
(0.00575 0.002 0.0635)
(0.006 0.002 0.0635)
(0.00625 0.002 0.0635)
(0.0065 0.002 0.0635)
(0.00675 0.002 0.0635)
(0.007 0.002 0.0635)
(0.00725 0.002 0.0635)
(0.0075 0.002 0.0635)
(0.00775 0.002 0.0635)
(0.008 0.002 0.0635)
(0.00825 0.002 0.0635)
(0.0085 0.002 0.0635)
(0.00875 0.002 0.0635)
(0.009 0.002 0.0635)
(0.00925 0.002 0.0635)
(0.0095 0.002 0.0635)
(0.00975 0.002 0.0635)
(0.01 0.002 0.0635)
(0.01025 0.002 0.0635)
(0.0105 0.002 0.0635)
(0.01075 0.002 0.0635)
(0.011 0.002 0.0635)
(0.01125 0.002 0.0635)
(0.0115 0.002 0.0635)
(0.01175 0.002 0.0635)
(0.012 0.002 0.0635)
(0.01225 0.002 0.0635)
(0.0125 0.002 0.0635)
(0.01275 0.002 0.0635)
(0.013 0.002 0.0635)
(0.01325 0.002 0.0635)
(0.0135 0.002 0.0635)
(0.01375 0.002 0.0635)
(0.014 0.002 0.0635)
(0.01425 0.002 0.0635)
(0.0145 0.002 0.0635)
(0.01475 0.002 0.0635)
(0.015 0.002 0.0635)
(0.01525 0.002 0.0635)
(0.0155 0.002 0.0635)
(0.01575 0.002 0.0635)
(0.016 0.002 0.0635)
(0.01625 0.002 0.0635)
(0.0165 0.002 0.0635)
(0.01675 0.002 0.0635)
(0.017 0.002 0.0635)
(0.01725 0.002 0.0635)
(0.0175 0.002 0.0635)
(0.01775 0.002 0.0635)
(0.018 0.002 0.0635)
(0.01825 0.002 0.0635)
(0.0185 0.002 0.0635)
(0.01875 0.002 0.0635)
(0.019 0.002 0.0635)
(0.01925 0.002 0.0635)
(0.0195 0.002 0.0635)
(0.01975 0.002 0.0635)
(0.02 0.002 0.0635)
(0.02025 0.002 0.0635)
(0.0205 0.002 0.0635)
(0.02075 0.002 0.0635)
(0.021 0.002 0.0635)
(0.02125 0.002 0.0635)
(0.0215 0.002 0.0635)
(0.02175 0.002 0.0635)
(0.022 0.002 0.0635)
(0.02225 0.002 0.0635)
(0.0225 0.002 0.0635)
(0.02275 0.002 0.0635)
(0.023 0.002 0.0635)
(0.02325 0.002 0.0635)
(0.0235 0.002 0.0635)
(0.02375 0.002 0.0635)
(0.024 0.002 0.0635)
(0.02425 0.002 0.0635)
(0.0245 0.002 0.0635)
(0.02475 0.002 0.0635)
(0.025 0.002 0.0635)
(0.02525 0.002 0.0635)
(0.0255 0.002 0.0635)
(0.02575 0.002 0.0635)
(0.026 0.002 0.0635)
(0.02625 0.002 0.0635)
(0.0265 0.002 0.0635)
(0.02675 0.002 0.0635)
(0.027 0.002 0.0635)
(0.02725 0.002 0.0635)
(0.0275 0.002 0.0635)
(0.02775 0.002 0.0635)
(0.028 0.002 0.0635)
(0.02825 0.002 0.0635)
(0.0285 0.002 0.0635)
(0.02875 0.002 0.0635)
(0.029 0.002 0.0635)
(0.02925 0.002 0.0635)
(0.0295 0.002 0.0635)
(0.02975 0.002 0.0635)
(0.03 0.002 0.0635)
(0.03025 0.002 0.0635)
(0.0305 0.002 0.0635)
(0.03075 0.002 0.0635)
(0.031 0.002 0.0635)
(0.03125 0.002 0.0635)
(0.0315 0.002 0.0635)
(0.03175 0.002 0.0635)
(0.032 0.002 0.0635)
(0.03225 0.002 0.0635)
(0.0325 0.002 0.0635)
(0.03275 0.002 0.0635)
(0.033 0.002 0.0635)
(0.03325 0.002 0.0635)
(0.0335 0.002 0.0635)
(0.03375 0.002 0.0635)
(0.034 0.002 0.0635)
(0.03425 0.002 0.0635)
(0.0345 0.002 0.0635)
(0.03475 0.002 0.0635)
(0.035 0.002 0.0635)
(0 0.00225 0.0635)
(0.00025 0.00225 0.0635)
(0.0005 0.00225 0.0635)
(0.00075 0.00225 0.0635)
(0.001 0.00225 0.0635)
(0.00125 0.00225 0.0635)
(0.0015 0.00225 0.0635)
(0.00175 0.00225 0.0635)
(0.002 0.00225 0.0635)
(0.00225 0.00225 0.0635)
(0.0025 0.00225 0.0635)
(0.00275 0.00225 0.0635)
(0.003 0.00225 0.0635)
(0.00325 0.00225 0.0635)
(0.0035 0.00225 0.0635)
(0.00375 0.00225 0.0635)
(0.004 0.00225 0.0635)
(0.00425 0.00225 0.0635)
(0.0045 0.00225 0.0635)
(0.00475 0.00225 0.0635)
(0.005 0.00225 0.0635)
(0.00525 0.00225 0.0635)
(0.0055 0.00225 0.0635)
(0.00575 0.00225 0.0635)
(0.006 0.00225 0.0635)
(0.00625 0.00225 0.0635)
(0.0065 0.00225 0.0635)
(0.00675 0.00225 0.0635)
(0.007 0.00225 0.0635)
(0.00725 0.00225 0.0635)
(0.0075 0.00225 0.0635)
(0.00775 0.00225 0.0635)
(0.008 0.00225 0.0635)
(0.00825 0.00225 0.0635)
(0.0085 0.00225 0.0635)
(0.00875 0.00225 0.0635)
(0.009 0.00225 0.0635)
(0.00925 0.00225 0.0635)
(0.0095 0.00225 0.0635)
(0.00975 0.00225 0.0635)
(0.01 0.00225 0.0635)
(0.01025 0.00225 0.0635)
(0.0105 0.00225 0.0635)
(0.01075 0.00225 0.0635)
(0.011 0.00225 0.0635)
(0.01125 0.00225 0.0635)
(0.0115 0.00225 0.0635)
(0.01175 0.00225 0.0635)
(0.012 0.00225 0.0635)
(0.01225 0.00225 0.0635)
(0.0125 0.00225 0.0635)
(0.01275 0.00225 0.0635)
(0.013 0.00225 0.0635)
(0.01325 0.00225 0.0635)
(0.0135 0.00225 0.0635)
(0.01375 0.00225 0.0635)
(0.014 0.00225 0.0635)
(0.01425 0.00225 0.0635)
(0.0145 0.00225 0.0635)
(0.01475 0.00225 0.0635)
(0.015 0.00225 0.0635)
(0.01525 0.00225 0.0635)
(0.0155 0.00225 0.0635)
(0.01575 0.00225 0.0635)
(0.016 0.00225 0.0635)
(0.01625 0.00225 0.0635)
(0.0165 0.00225 0.0635)
(0.01675 0.00225 0.0635)
(0.017 0.00225 0.0635)
(0.01725 0.00225 0.0635)
(0.0175 0.00225 0.0635)
(0.01775 0.00225 0.0635)
(0.018 0.00225 0.0635)
(0.01825 0.00225 0.0635)
(0.0185 0.00225 0.0635)
(0.01875 0.00225 0.0635)
(0.019 0.00225 0.0635)
(0.01925 0.00225 0.0635)
(0.0195 0.00225 0.0635)
(0.01975 0.00225 0.0635)
(0.02 0.00225 0.0635)
(0.02025 0.00225 0.0635)
(0.0205 0.00225 0.0635)
(0.02075 0.00225 0.0635)
(0.021 0.00225 0.0635)
(0.02125 0.00225 0.0635)
(0.0215 0.00225 0.0635)
(0.02175 0.00225 0.0635)
(0.022 0.00225 0.0635)
(0.02225 0.00225 0.0635)
(0.0225 0.00225 0.0635)
(0.02275 0.00225 0.0635)
(0.023 0.00225 0.0635)
(0.02325 0.00225 0.0635)
(0.0235 0.00225 0.0635)
(0.02375 0.00225 0.0635)
(0.024 0.00225 0.0635)
(0.02425 0.00225 0.0635)
(0.0245 0.00225 0.0635)
(0.02475 0.00225 0.0635)
(0.025 0.00225 0.0635)
(0.02525 0.00225 0.0635)
(0.0255 0.00225 0.0635)
(0.02575 0.00225 0.0635)
(0.026 0.00225 0.0635)
(0.02625 0.00225 0.0635)
(0.0265 0.00225 0.0635)
(0.02675 0.00225 0.0635)
(0.027 0.00225 0.0635)
(0.02725 0.00225 0.0635)
(0.0275 0.00225 0.0635)
(0.02775 0.00225 0.0635)
(0.028 0.00225 0.0635)
(0.02825 0.00225 0.0635)
(0.0285 0.00225 0.0635)
(0.02875 0.00225 0.0635)
(0.029 0.00225 0.0635)
(0.02925 0.00225 0.0635)
(0.0295 0.00225 0.0635)
(0.02975 0.00225 0.0635)
(0.03 0.00225 0.0635)
(0.03025 0.00225 0.0635)
(0.0305 0.00225 0.0635)
(0.03075 0.00225 0.0635)
(0.031 0.00225 0.0635)
(0.03125 0.00225 0.0635)
(0.0315 0.00225 0.0635)
(0.03175 0.00225 0.0635)
(0.032 0.00225 0.0635)
(0.03225 0.00225 0.0635)
(0.0325 0.00225 0.0635)
(0.03275 0.00225 0.0635)
(0.033 0.00225 0.0635)
(0.03325 0.00225 0.0635)
(0.0335 0.00225 0.0635)
(0.03375 0.00225 0.0635)
(0.034 0.00225 0.0635)
(0.03425 0.00225 0.0635)
(0.0345 0.00225 0.0635)
(0.03475 0.00225 0.0635)
(0.035 0.00225 0.0635)
(0 0.0025 0.0635)
(0.00025 0.0025 0.0635)
(0.0005 0.0025 0.0635)
(0.00075 0.0025 0.0635)
(0.001 0.0025 0.0635)
(0.00125 0.0025 0.0635)
(0.0015 0.0025 0.0635)
(0.00175 0.0025 0.0635)
(0.002 0.0025 0.0635)
(0.00225 0.0025 0.0635)
(0.0025 0.0025 0.0635)
(0.00275 0.0025 0.0635)
(0.003 0.0025 0.0635)
(0.00325 0.0025 0.0635)
(0.0035 0.0025 0.0635)
(0.00375 0.0025 0.0635)
(0.004 0.0025 0.0635)
(0.00425 0.0025 0.0635)
(0.0045 0.0025 0.0635)
(0.00475 0.0025 0.0635)
(0.005 0.0025 0.0635)
(0.00525 0.0025 0.0635)
(0.0055 0.0025 0.0635)
(0.00575 0.0025 0.0635)
(0.006 0.0025 0.0635)
(0.00625 0.0025 0.0635)
(0.0065 0.0025 0.0635)
(0.00675 0.0025 0.0635)
(0.007 0.0025 0.0635)
(0.00725 0.0025 0.0635)
(0.0075 0.0025 0.0635)
(0.00775 0.0025 0.0635)
(0.008 0.0025 0.0635)
(0.00825 0.0025 0.0635)
(0.0085 0.0025 0.0635)
(0.00875 0.0025 0.0635)
(0.009 0.0025 0.0635)
(0.00925 0.0025 0.0635)
(0.0095 0.0025 0.0635)
(0.00975 0.0025 0.0635)
(0.01 0.0025 0.0635)
(0.01025 0.0025 0.0635)
(0.0105 0.0025 0.0635)
(0.01075 0.0025 0.0635)
(0.011 0.0025 0.0635)
(0.01125 0.0025 0.0635)
(0.0115 0.0025 0.0635)
(0.01175 0.0025 0.0635)
(0.012 0.0025 0.0635)
(0.01225 0.0025 0.0635)
(0.0125 0.0025 0.0635)
(0.01275 0.0025 0.0635)
(0.013 0.0025 0.0635)
(0.01325 0.0025 0.0635)
(0.0135 0.0025 0.0635)
(0.01375 0.0025 0.0635)
(0.014 0.0025 0.0635)
(0.01425 0.0025 0.0635)
(0.0145 0.0025 0.0635)
(0.01475 0.0025 0.0635)
(0.015 0.0025 0.0635)
(0.01525 0.0025 0.0635)
(0.0155 0.0025 0.0635)
(0.01575 0.0025 0.0635)
(0.016 0.0025 0.0635)
(0.01625 0.0025 0.0635)
(0.0165 0.0025 0.0635)
(0.01675 0.0025 0.0635)
(0.017 0.0025 0.0635)
(0.01725 0.0025 0.0635)
(0.0175 0.0025 0.0635)
(0.01775 0.0025 0.0635)
(0.018 0.0025 0.0635)
(0.01825 0.0025 0.0635)
(0.0185 0.0025 0.0635)
(0.01875 0.0025 0.0635)
(0.019 0.0025 0.0635)
(0.01925 0.0025 0.0635)
(0.0195 0.0025 0.0635)
(0.01975 0.0025 0.0635)
(0.02 0.0025 0.0635)
(0.02025 0.0025 0.0635)
(0.0205 0.0025 0.0635)
(0.02075 0.0025 0.0635)
(0.021 0.0025 0.0635)
(0.02125 0.0025 0.0635)
(0.0215 0.0025 0.0635)
(0.02175 0.0025 0.0635)
(0.022 0.0025 0.0635)
(0.02225 0.0025 0.0635)
(0.0225 0.0025 0.0635)
(0.02275 0.0025 0.0635)
(0.023 0.0025 0.0635)
(0.02325 0.0025 0.0635)
(0.0235 0.0025 0.0635)
(0.02375 0.0025 0.0635)
(0.024 0.0025 0.0635)
(0.02425 0.0025 0.0635)
(0.0245 0.0025 0.0635)
(0.02475 0.0025 0.0635)
(0.025 0.0025 0.0635)
(0.02525 0.0025 0.0635)
(0.0255 0.0025 0.0635)
(0.02575 0.0025 0.0635)
(0.026 0.0025 0.0635)
(0.02625 0.0025 0.0635)
(0.0265 0.0025 0.0635)
(0.02675 0.0025 0.0635)
(0.027 0.0025 0.0635)
(0.02725 0.0025 0.0635)
(0.0275 0.0025 0.0635)
(0.02775 0.0025 0.0635)
(0.028 0.0025 0.0635)
(0.02825 0.0025 0.0635)
(0.0285 0.0025 0.0635)
(0.02875 0.0025 0.0635)
(0.029 0.0025 0.0635)
(0.02925 0.0025 0.0635)
(0.0295 0.0025 0.0635)
(0.02975 0.0025 0.0635)
(0.03 0.0025 0.0635)
(0.03025 0.0025 0.0635)
(0.0305 0.0025 0.0635)
(0.03075 0.0025 0.0635)
(0.031 0.0025 0.0635)
(0.03125 0.0025 0.0635)
(0.0315 0.0025 0.0635)
(0.03175 0.0025 0.0635)
(0.032 0.0025 0.0635)
(0.03225 0.0025 0.0635)
(0.0325 0.0025 0.0635)
(0.03275 0.0025 0.0635)
(0.033 0.0025 0.0635)
(0.03325 0.0025 0.0635)
(0.0335 0.0025 0.0635)
(0.03375 0.0025 0.0635)
(0.034 0.0025 0.0635)
(0.03425 0.0025 0.0635)
(0.0345 0.0025 0.0635)
(0.03475 0.0025 0.0635)
(0.035 0.0025 0.0635)
(0 0 0.06375)
(0.00025 0 0.06375)
(0.0005 0 0.06375)
(0.00075 0 0.06375)
(0.001 0 0.06375)
(0.00125 0 0.06375)
(0.0015 0 0.06375)
(0.00175 0 0.06375)
(0.002 0 0.06375)
(0.00225 0 0.06375)
(0.0025 0 0.06375)
(0.00275 0 0.06375)
(0.003 0 0.06375)
(0.00325 0 0.06375)
(0.0035 0 0.06375)
(0.00375 0 0.06375)
(0.004 0 0.06375)
(0.00425 0 0.06375)
(0.0045 0 0.06375)
(0.00475 0 0.06375)
(0.005 0 0.06375)
(0.00525 0 0.06375)
(0.0055 0 0.06375)
(0.00575 0 0.06375)
(0.006 0 0.06375)
(0.00625 0 0.06375)
(0.0065 0 0.06375)
(0.00675 0 0.06375)
(0.007 0 0.06375)
(0.00725 0 0.06375)
(0.0075 0 0.06375)
(0.00775 0 0.06375)
(0.008 0 0.06375)
(0.00825 0 0.06375)
(0.0085 0 0.06375)
(0.00875 0 0.06375)
(0.009 0 0.06375)
(0.00925 0 0.06375)
(0.0095 0 0.06375)
(0.00975 0 0.06375)
(0.01 0 0.06375)
(0.01025 0 0.06375)
(0.0105 0 0.06375)
(0.01075 0 0.06375)
(0.011 0 0.06375)
(0.01125 0 0.06375)
(0.0115 0 0.06375)
(0.01175 0 0.06375)
(0.012 0 0.06375)
(0.01225 0 0.06375)
(0.0125 0 0.06375)
(0.01275 0 0.06375)
(0.013 0 0.06375)
(0.01325 0 0.06375)
(0.0135 0 0.06375)
(0.01375 0 0.06375)
(0.014 0 0.06375)
(0.01425 0 0.06375)
(0.0145 0 0.06375)
(0.01475 0 0.06375)
(0.015 0 0.06375)
(0.01525 0 0.06375)
(0.0155 0 0.06375)
(0.01575 0 0.06375)
(0.016 0 0.06375)
(0.01625 0 0.06375)
(0.0165 0 0.06375)
(0.01675 0 0.06375)
(0.017 0 0.06375)
(0.01725 0 0.06375)
(0.0175 0 0.06375)
(0.01775 0 0.06375)
(0.018 0 0.06375)
(0.01825 0 0.06375)
(0.0185 0 0.06375)
(0.01875 0 0.06375)
(0.019 0 0.06375)
(0.01925 0 0.06375)
(0.0195 0 0.06375)
(0.01975 0 0.06375)
(0.02 0 0.06375)
(0.02025 0 0.06375)
(0.0205 0 0.06375)
(0.02075 0 0.06375)
(0.021 0 0.06375)
(0.02125 0 0.06375)
(0.0215 0 0.06375)
(0.02175 0 0.06375)
(0.022 0 0.06375)
(0.02225 0 0.06375)
(0.0225 0 0.06375)
(0.02275 0 0.06375)
(0.023 0 0.06375)
(0.02325 0 0.06375)
(0.0235 0 0.06375)
(0.02375 0 0.06375)
(0.024 0 0.06375)
(0.02425 0 0.06375)
(0.0245 0 0.06375)
(0.02475 0 0.06375)
(0.025 0 0.06375)
(0.02525 0 0.06375)
(0.0255 0 0.06375)
(0.02575 0 0.06375)
(0.026 0 0.06375)
(0.02625 0 0.06375)
(0.0265 0 0.06375)
(0.02675 0 0.06375)
(0.027 0 0.06375)
(0.02725 0 0.06375)
(0.0275 0 0.06375)
(0.02775 0 0.06375)
(0.028 0 0.06375)
(0.02825 0 0.06375)
(0.0285 0 0.06375)
(0.02875 0 0.06375)
(0.029 0 0.06375)
(0.02925 0 0.06375)
(0.0295 0 0.06375)
(0.02975 0 0.06375)
(0.03 0 0.06375)
(0.03025 0 0.06375)
(0.0305 0 0.06375)
(0.03075 0 0.06375)
(0.031 0 0.06375)
(0.03125 0 0.06375)
(0.0315 0 0.06375)
(0.03175 0 0.06375)
(0.032 0 0.06375)
(0.03225 0 0.06375)
(0.0325 0 0.06375)
(0.03275 0 0.06375)
(0.033 0 0.06375)
(0.03325 0 0.06375)
(0.0335 0 0.06375)
(0.03375 0 0.06375)
(0.034 0 0.06375)
(0.03425 0 0.06375)
(0.0345 0 0.06375)
(0.03475 0 0.06375)
(0.035 0 0.06375)
(0 0.00025 0.06375)
(0.00025 0.00025 0.06375)
(0.0005 0.00025 0.06375)
(0.00075 0.00025 0.06375)
(0.001 0.00025 0.06375)
(0.00125 0.00025 0.06375)
(0.0015 0.00025 0.06375)
(0.00175 0.00025 0.06375)
(0.002 0.00025 0.06375)
(0.00225 0.00025 0.06375)
(0.0025 0.00025 0.06375)
(0.00275 0.00025 0.06375)
(0.003 0.00025 0.06375)
(0.00325 0.00025 0.06375)
(0.0035 0.00025 0.06375)
(0.00375 0.00025 0.06375)
(0.004 0.00025 0.06375)
(0.00425 0.00025 0.06375)
(0.0045 0.00025 0.06375)
(0.00475 0.00025 0.06375)
(0.005 0.00025 0.06375)
(0.00525 0.00025 0.06375)
(0.0055 0.00025 0.06375)
(0.00575 0.00025 0.06375)
(0.006 0.00025 0.06375)
(0.00625 0.00025 0.06375)
(0.0065 0.00025 0.06375)
(0.00675 0.00025 0.06375)
(0.007 0.00025 0.06375)
(0.00725 0.00025 0.06375)
(0.0075 0.00025 0.06375)
(0.00775 0.00025 0.06375)
(0.008 0.00025 0.06375)
(0.00825 0.00025 0.06375)
(0.0085 0.00025 0.06375)
(0.00875 0.00025 0.06375)
(0.009 0.00025 0.06375)
(0.00925 0.00025 0.06375)
(0.0095 0.00025 0.06375)
(0.00975 0.00025 0.06375)
(0.01 0.00025 0.06375)
(0.01025 0.00025 0.06375)
(0.0105 0.00025 0.06375)
(0.01075 0.00025 0.06375)
(0.011 0.00025 0.06375)
(0.01125 0.00025 0.06375)
(0.0115 0.00025 0.06375)
(0.01175 0.00025 0.06375)
(0.012 0.00025 0.06375)
(0.01225 0.00025 0.06375)
(0.0125 0.00025 0.06375)
(0.01275 0.00025 0.06375)
(0.013 0.00025 0.06375)
(0.01325 0.00025 0.06375)
(0.0135 0.00025 0.06375)
(0.01375 0.00025 0.06375)
(0.014 0.00025 0.06375)
(0.01425 0.00025 0.06375)
(0.0145 0.00025 0.06375)
(0.01475 0.00025 0.06375)
(0.015 0.00025 0.06375)
(0.01525 0.00025 0.06375)
(0.0155 0.00025 0.06375)
(0.01575 0.00025 0.06375)
(0.016 0.00025 0.06375)
(0.01625 0.00025 0.06375)
(0.0165 0.00025 0.06375)
(0.01675 0.00025 0.06375)
(0.017 0.00025 0.06375)
(0.01725 0.00025 0.06375)
(0.0175 0.00025 0.06375)
(0.01775 0.00025 0.06375)
(0.018 0.00025 0.06375)
(0.01825 0.00025 0.06375)
(0.0185 0.00025 0.06375)
(0.01875 0.00025 0.06375)
(0.019 0.00025 0.06375)
(0.01925 0.00025 0.06375)
(0.0195 0.00025 0.06375)
(0.01975 0.00025 0.06375)
(0.02 0.00025 0.06375)
(0.02025 0.00025 0.06375)
(0.0205 0.00025 0.06375)
(0.02075 0.00025 0.06375)
(0.021 0.00025 0.06375)
(0.02125 0.00025 0.06375)
(0.0215 0.00025 0.06375)
(0.02175 0.00025 0.06375)
(0.022 0.00025 0.06375)
(0.02225 0.00025 0.06375)
(0.0225 0.00025 0.06375)
(0.02275 0.00025 0.06375)
(0.023 0.00025 0.06375)
(0.02325 0.00025 0.06375)
(0.0235 0.00025 0.06375)
(0.02375 0.00025 0.06375)
(0.024 0.00025 0.06375)
(0.02425 0.00025 0.06375)
(0.0245 0.00025 0.06375)
(0.02475 0.00025 0.06375)
(0.025 0.00025 0.06375)
(0.02525 0.00025 0.06375)
(0.0255 0.00025 0.06375)
(0.02575 0.00025 0.06375)
(0.026 0.00025 0.06375)
(0.02625 0.00025 0.06375)
(0.0265 0.00025 0.06375)
(0.02675 0.00025 0.06375)
(0.027 0.00025 0.06375)
(0.02725 0.00025 0.06375)
(0.0275 0.00025 0.06375)
(0.02775 0.00025 0.06375)
(0.028 0.00025 0.06375)
(0.02825 0.00025 0.06375)
(0.0285 0.00025 0.06375)
(0.02875 0.00025 0.06375)
(0.029 0.00025 0.06375)
(0.02925 0.00025 0.06375)
(0.0295 0.00025 0.06375)
(0.02975 0.00025 0.06375)
(0.03 0.00025 0.06375)
(0.03025 0.00025 0.06375)
(0.0305 0.00025 0.06375)
(0.03075 0.00025 0.06375)
(0.031 0.00025 0.06375)
(0.03125 0.00025 0.06375)
(0.0315 0.00025 0.06375)
(0.03175 0.00025 0.06375)
(0.032 0.00025 0.06375)
(0.03225 0.00025 0.06375)
(0.0325 0.00025 0.06375)
(0.03275 0.00025 0.06375)
(0.033 0.00025 0.06375)
(0.03325 0.00025 0.06375)
(0.0335 0.00025 0.06375)
(0.03375 0.00025 0.06375)
(0.034 0.00025 0.06375)
(0.03425 0.00025 0.06375)
(0.0345 0.00025 0.06375)
(0.03475 0.00025 0.06375)
(0.035 0.00025 0.06375)
(0 0.0005 0.06375)
(0.00025 0.0005 0.06375)
(0.0005 0.0005 0.06375)
(0.00075 0.0005 0.06375)
(0.001 0.0005 0.06375)
(0.00125 0.0005 0.06375)
(0.0015 0.0005 0.06375)
(0.00175 0.0005 0.06375)
(0.002 0.0005 0.06375)
(0.00225 0.0005 0.06375)
(0.0025 0.0005 0.06375)
(0.00275 0.0005 0.06375)
(0.003 0.0005 0.06375)
(0.00325 0.0005 0.06375)
(0.0035 0.0005 0.06375)
(0.00375 0.0005 0.06375)
(0.004 0.0005 0.06375)
(0.00425 0.0005 0.06375)
(0.0045 0.0005 0.06375)
(0.00475 0.0005 0.06375)
(0.005 0.0005 0.06375)
(0.00525 0.0005 0.06375)
(0.0055 0.0005 0.06375)
(0.00575 0.0005 0.06375)
(0.006 0.0005 0.06375)
(0.00625 0.0005 0.06375)
(0.0065 0.0005 0.06375)
(0.00675 0.0005 0.06375)
(0.007 0.0005 0.06375)
(0.00725 0.0005 0.06375)
(0.0075 0.0005 0.06375)
(0.00775 0.0005 0.06375)
(0.008 0.0005 0.06375)
(0.00825 0.0005 0.06375)
(0.0085 0.0005 0.06375)
(0.00875 0.0005 0.06375)
(0.009 0.0005 0.06375)
(0.00925 0.0005 0.06375)
(0.0095 0.0005 0.06375)
(0.00975 0.0005 0.06375)
(0.01 0.0005 0.06375)
(0.01025 0.0005 0.06375)
(0.0105 0.0005 0.06375)
(0.01075 0.0005 0.06375)
(0.011 0.0005 0.06375)
(0.01125 0.0005 0.06375)
(0.0115 0.0005 0.06375)
(0.01175 0.0005 0.06375)
(0.012 0.0005 0.06375)
(0.01225 0.0005 0.06375)
(0.0125 0.0005 0.06375)
(0.01275 0.0005 0.06375)
(0.013 0.0005 0.06375)
(0.01325 0.0005 0.06375)
(0.0135 0.0005 0.06375)
(0.01375 0.0005 0.06375)
(0.014 0.0005 0.06375)
(0.01425 0.0005 0.06375)
(0.0145 0.0005 0.06375)
(0.01475 0.0005 0.06375)
(0.015 0.0005 0.06375)
(0.01525 0.0005 0.06375)
(0.0155 0.0005 0.06375)
(0.01575 0.0005 0.06375)
(0.016 0.0005 0.06375)
(0.01625 0.0005 0.06375)
(0.0165 0.0005 0.06375)
(0.01675 0.0005 0.06375)
(0.017 0.0005 0.06375)
(0.01725 0.0005 0.06375)
(0.0175 0.0005 0.06375)
(0.01775 0.0005 0.06375)
(0.018 0.0005 0.06375)
(0.01825 0.0005 0.06375)
(0.0185 0.0005 0.06375)
(0.01875 0.0005 0.06375)
(0.019 0.0005 0.06375)
(0.01925 0.0005 0.06375)
(0.0195 0.0005 0.06375)
(0.01975 0.0005 0.06375)
(0.02 0.0005 0.06375)
(0.02025 0.0005 0.06375)
(0.0205 0.0005 0.06375)
(0.02075 0.0005 0.06375)
(0.021 0.0005 0.06375)
(0.02125 0.0005 0.06375)
(0.0215 0.0005 0.06375)
(0.02175 0.0005 0.06375)
(0.022 0.0005 0.06375)
(0.02225 0.0005 0.06375)
(0.0225 0.0005 0.06375)
(0.02275 0.0005 0.06375)
(0.023 0.0005 0.06375)
(0.02325 0.0005 0.06375)
(0.0235 0.0005 0.06375)
(0.02375 0.0005 0.06375)
(0.024 0.0005 0.06375)
(0.02425 0.0005 0.06375)
(0.0245 0.0005 0.06375)
(0.02475 0.0005 0.06375)
(0.025 0.0005 0.06375)
(0.02525 0.0005 0.06375)
(0.0255 0.0005 0.06375)
(0.02575 0.0005 0.06375)
(0.026 0.0005 0.06375)
(0.02625 0.0005 0.06375)
(0.0265 0.0005 0.06375)
(0.02675 0.0005 0.06375)
(0.027 0.0005 0.06375)
(0.02725 0.0005 0.06375)
(0.0275 0.0005 0.06375)
(0.02775 0.0005 0.06375)
(0.028 0.0005 0.06375)
(0.02825 0.0005 0.06375)
(0.0285 0.0005 0.06375)
(0.02875 0.0005 0.06375)
(0.029 0.0005 0.06375)
(0.02925 0.0005 0.06375)
(0.0295 0.0005 0.06375)
(0.02975 0.0005 0.06375)
(0.03 0.0005 0.06375)
(0.03025 0.0005 0.06375)
(0.0305 0.0005 0.06375)
(0.03075 0.0005 0.06375)
(0.031 0.0005 0.06375)
(0.03125 0.0005 0.06375)
(0.0315 0.0005 0.06375)
(0.03175 0.0005 0.06375)
(0.032 0.0005 0.06375)
(0.03225 0.0005 0.06375)
(0.0325 0.0005 0.06375)
(0.03275 0.0005 0.06375)
(0.033 0.0005 0.06375)
(0.03325 0.0005 0.06375)
(0.0335 0.0005 0.06375)
(0.03375 0.0005 0.06375)
(0.034 0.0005 0.06375)
(0.03425 0.0005 0.06375)
(0.0345 0.0005 0.06375)
(0.03475 0.0005 0.06375)
(0.035 0.0005 0.06375)
(0 0.00075 0.06375)
(0.00025 0.00075 0.06375)
(0.0005 0.00075 0.06375)
(0.00075 0.00075 0.06375)
(0.001 0.00075 0.06375)
(0.00125 0.00075 0.06375)
(0.0015 0.00075 0.06375)
(0.00175 0.00075 0.06375)
(0.002 0.00075 0.06375)
(0.00225 0.00075 0.06375)
(0.0025 0.00075 0.06375)
(0.00275 0.00075 0.06375)
(0.003 0.00075 0.06375)
(0.00325 0.00075 0.06375)
(0.0035 0.00075 0.06375)
(0.00375 0.00075 0.06375)
(0.004 0.00075 0.06375)
(0.00425 0.00075 0.06375)
(0.0045 0.00075 0.06375)
(0.00475 0.00075 0.06375)
(0.005 0.00075 0.06375)
(0.00525 0.00075 0.06375)
(0.0055 0.00075 0.06375)
(0.00575 0.00075 0.06375)
(0.006 0.00075 0.06375)
(0.00625 0.00075 0.06375)
(0.0065 0.00075 0.06375)
(0.00675 0.00075 0.06375)
(0.007 0.00075 0.06375)
(0.00725 0.00075 0.06375)
(0.0075 0.00075 0.06375)
(0.00775 0.00075 0.06375)
(0.008 0.00075 0.06375)
(0.00825 0.00075 0.06375)
(0.0085 0.00075 0.06375)
(0.00875 0.00075 0.06375)
(0.009 0.00075 0.06375)
(0.00925 0.00075 0.06375)
(0.0095 0.00075 0.06375)
(0.00975 0.00075 0.06375)
(0.01 0.00075 0.06375)
(0.01025 0.00075 0.06375)
(0.0105 0.00075 0.06375)
(0.01075 0.00075 0.06375)
(0.011 0.00075 0.06375)
(0.01125 0.00075 0.06375)
(0.0115 0.00075 0.06375)
(0.01175 0.00075 0.06375)
(0.012 0.00075 0.06375)
(0.01225 0.00075 0.06375)
(0.0125 0.00075 0.06375)
(0.01275 0.00075 0.06375)
(0.013 0.00075 0.06375)
(0.01325 0.00075 0.06375)
(0.0135 0.00075 0.06375)
(0.01375 0.00075 0.06375)
(0.014 0.00075 0.06375)
(0.01425 0.00075 0.06375)
(0.0145 0.00075 0.06375)
(0.01475 0.00075 0.06375)
(0.015 0.00075 0.06375)
(0.01525 0.00075 0.06375)
(0.0155 0.00075 0.06375)
(0.01575 0.00075 0.06375)
(0.016 0.00075 0.06375)
(0.01625 0.00075 0.06375)
(0.0165 0.00075 0.06375)
(0.01675 0.00075 0.06375)
(0.017 0.00075 0.06375)
(0.01725 0.00075 0.06375)
(0.0175 0.00075 0.06375)
(0.01775 0.00075 0.06375)
(0.018 0.00075 0.06375)
(0.01825 0.00075 0.06375)
(0.0185 0.00075 0.06375)
(0.01875 0.00075 0.06375)
(0.019 0.00075 0.06375)
(0.01925 0.00075 0.06375)
(0.0195 0.00075 0.06375)
(0.01975 0.00075 0.06375)
(0.02 0.00075 0.06375)
(0.02025 0.00075 0.06375)
(0.0205 0.00075 0.06375)
(0.02075 0.00075 0.06375)
(0.021 0.00075 0.06375)
(0.02125 0.00075 0.06375)
(0.0215 0.00075 0.06375)
(0.02175 0.00075 0.06375)
(0.022 0.00075 0.06375)
(0.02225 0.00075 0.06375)
(0.0225 0.00075 0.06375)
(0.02275 0.00075 0.06375)
(0.023 0.00075 0.06375)
(0.02325 0.00075 0.06375)
(0.0235 0.00075 0.06375)
(0.02375 0.00075 0.06375)
(0.024 0.00075 0.06375)
(0.02425 0.00075 0.06375)
(0.0245 0.00075 0.06375)
(0.02475 0.00075 0.06375)
(0.025 0.00075 0.06375)
(0.02525 0.00075 0.06375)
(0.0255 0.00075 0.06375)
(0.02575 0.00075 0.06375)
(0.026 0.00075 0.06375)
(0.02625 0.00075 0.06375)
(0.0265 0.00075 0.06375)
(0.02675 0.00075 0.06375)
(0.027 0.00075 0.06375)
(0.02725 0.00075 0.06375)
(0.0275 0.00075 0.06375)
(0.02775 0.00075 0.06375)
(0.028 0.00075 0.06375)
(0.02825 0.00075 0.06375)
(0.0285 0.00075 0.06375)
(0.02875 0.00075 0.06375)
(0.029 0.00075 0.06375)
(0.02925 0.00075 0.06375)
(0.0295 0.00075 0.06375)
(0.02975 0.00075 0.06375)
(0.03 0.00075 0.06375)
(0.03025 0.00075 0.06375)
(0.0305 0.00075 0.06375)
(0.03075 0.00075 0.06375)
(0.031 0.00075 0.06375)
(0.03125 0.00075 0.06375)
(0.0315 0.00075 0.06375)
(0.03175 0.00075 0.06375)
(0.032 0.00075 0.06375)
(0.03225 0.00075 0.06375)
(0.0325 0.00075 0.06375)
(0.03275 0.00075 0.06375)
(0.033 0.00075 0.06375)
(0.03325 0.00075 0.06375)
(0.0335 0.00075 0.06375)
(0.03375 0.00075 0.06375)
(0.034 0.00075 0.06375)
(0.03425 0.00075 0.06375)
(0.0345 0.00075 0.06375)
(0.03475 0.00075 0.06375)
(0.035 0.00075 0.06375)
(0 0.001 0.06375)
(0.00025 0.001 0.06375)
(0.0005 0.001 0.06375)
(0.00075 0.001 0.06375)
(0.001 0.001 0.06375)
(0.00125 0.001 0.06375)
(0.0015 0.001 0.06375)
(0.00175 0.001 0.06375)
(0.002 0.001 0.06375)
(0.00225 0.001 0.06375)
(0.0025 0.001 0.06375)
(0.00275 0.001 0.06375)
(0.003 0.001 0.06375)
(0.00325 0.001 0.06375)
(0.0035 0.001 0.06375)
(0.00375 0.001 0.06375)
(0.004 0.001 0.06375)
(0.00425 0.001 0.06375)
(0.0045 0.001 0.06375)
(0.00475 0.001 0.06375)
(0.005 0.001 0.06375)
(0.00525 0.001 0.06375)
(0.0055 0.001 0.06375)
(0.00575 0.001 0.06375)
(0.006 0.001 0.06375)
(0.00625 0.001 0.06375)
(0.0065 0.001 0.06375)
(0.00675 0.001 0.06375)
(0.007 0.001 0.06375)
(0.00725 0.001 0.06375)
(0.0075 0.001 0.06375)
(0.00775 0.001 0.06375)
(0.008 0.001 0.06375)
(0.00825 0.001 0.06375)
(0.0085 0.001 0.06375)
(0.00875 0.001 0.06375)
(0.009 0.001 0.06375)
(0.00925 0.001 0.06375)
(0.0095 0.001 0.06375)
(0.00975 0.001 0.06375)
(0.01 0.001 0.06375)
(0.01025 0.001 0.06375)
(0.0105 0.001 0.06375)
(0.01075 0.001 0.06375)
(0.011 0.001 0.06375)
(0.01125 0.001 0.06375)
(0.0115 0.001 0.06375)
(0.01175 0.001 0.06375)
(0.012 0.001 0.06375)
(0.01225 0.001 0.06375)
(0.0125 0.001 0.06375)
(0.01275 0.001 0.06375)
(0.013 0.001 0.06375)
(0.01325 0.001 0.06375)
(0.0135 0.001 0.06375)
(0.01375 0.001 0.06375)
(0.014 0.001 0.06375)
(0.01425 0.001 0.06375)
(0.0145 0.001 0.06375)
(0.01475 0.001 0.06375)
(0.015 0.001 0.06375)
(0.01525 0.001 0.06375)
(0.0155 0.001 0.06375)
(0.01575 0.001 0.06375)
(0.016 0.001 0.06375)
(0.01625 0.001 0.06375)
(0.0165 0.001 0.06375)
(0.01675 0.001 0.06375)
(0.017 0.001 0.06375)
(0.01725 0.001 0.06375)
(0.0175 0.001 0.06375)
(0.01775 0.001 0.06375)
(0.018 0.001 0.06375)
(0.01825 0.001 0.06375)
(0.0185 0.001 0.06375)
(0.01875 0.001 0.06375)
(0.019 0.001 0.06375)
(0.01925 0.001 0.06375)
(0.0195 0.001 0.06375)
(0.01975 0.001 0.06375)
(0.02 0.001 0.06375)
(0.02025 0.001 0.06375)
(0.0205 0.001 0.06375)
(0.02075 0.001 0.06375)
(0.021 0.001 0.06375)
(0.02125 0.001 0.06375)
(0.0215 0.001 0.06375)
(0.02175 0.001 0.06375)
(0.022 0.001 0.06375)
(0.02225 0.001 0.06375)
(0.0225 0.001 0.06375)
(0.02275 0.001 0.06375)
(0.023 0.001 0.06375)
(0.02325 0.001 0.06375)
(0.0235 0.001 0.06375)
(0.02375 0.001 0.06375)
(0.024 0.001 0.06375)
(0.02425 0.001 0.06375)
(0.0245 0.001 0.06375)
(0.02475 0.001 0.06375)
(0.025 0.001 0.06375)
(0.02525 0.001 0.06375)
(0.0255 0.001 0.06375)
(0.02575 0.001 0.06375)
(0.026 0.001 0.06375)
(0.02625 0.001 0.06375)
(0.0265 0.001 0.06375)
(0.02675 0.001 0.06375)
(0.027 0.001 0.06375)
(0.02725 0.001 0.06375)
(0.0275 0.001 0.06375)
(0.02775 0.001 0.06375)
(0.028 0.001 0.06375)
(0.02825 0.001 0.06375)
(0.0285 0.001 0.06375)
(0.02875 0.001 0.06375)
(0.029 0.001 0.06375)
(0.02925 0.001 0.06375)
(0.0295 0.001 0.06375)
(0.02975 0.001 0.06375)
(0.03 0.001 0.06375)
(0.03025 0.001 0.06375)
(0.0305 0.001 0.06375)
(0.03075 0.001 0.06375)
(0.031 0.001 0.06375)
(0.03125 0.001 0.06375)
(0.0315 0.001 0.06375)
(0.03175 0.001 0.06375)
(0.032 0.001 0.06375)
(0.03225 0.001 0.06375)
(0.0325 0.001 0.06375)
(0.03275 0.001 0.06375)
(0.033 0.001 0.06375)
(0.03325 0.001 0.06375)
(0.0335 0.001 0.06375)
(0.03375 0.001 0.06375)
(0.034 0.001 0.06375)
(0.03425 0.001 0.06375)
(0.0345 0.001 0.06375)
(0.03475 0.001 0.06375)
(0.035 0.001 0.06375)
(0 0.00125 0.06375)
(0.00025 0.00125 0.06375)
(0.0005 0.00125 0.06375)
(0.00075 0.00125 0.06375)
(0.001 0.00125 0.06375)
(0.00125 0.00125 0.06375)
(0.0015 0.00125 0.06375)
(0.00175 0.00125 0.06375)
(0.002 0.00125 0.06375)
(0.00225 0.00125 0.06375)
(0.0025 0.00125 0.06375)
(0.00275 0.00125 0.06375)
(0.003 0.00125 0.06375)
(0.00325 0.00125 0.06375)
(0.0035 0.00125 0.06375)
(0.00375 0.00125 0.06375)
(0.004 0.00125 0.06375)
(0.00425 0.00125 0.06375)
(0.0045 0.00125 0.06375)
(0.00475 0.00125 0.06375)
(0.005 0.00125 0.06375)
(0.00525 0.00125 0.06375)
(0.0055 0.00125 0.06375)
(0.00575 0.00125 0.06375)
(0.006 0.00125 0.06375)
(0.00625 0.00125 0.06375)
(0.0065 0.00125 0.06375)
(0.00675 0.00125 0.06375)
(0.007 0.00125 0.06375)
(0.00725 0.00125 0.06375)
(0.0075 0.00125 0.06375)
(0.00775 0.00125 0.06375)
(0.008 0.00125 0.06375)
(0.00825 0.00125 0.06375)
(0.0085 0.00125 0.06375)
(0.00875 0.00125 0.06375)
(0.009 0.00125 0.06375)
(0.00925 0.00125 0.06375)
(0.0095 0.00125 0.06375)
(0.00975 0.00125 0.06375)
(0.01 0.00125 0.06375)
(0.01025 0.00125 0.06375)
(0.0105 0.00125 0.06375)
(0.01075 0.00125 0.06375)
(0.011 0.00125 0.06375)
(0.01125 0.00125 0.06375)
(0.0115 0.00125 0.06375)
(0.01175 0.00125 0.06375)
(0.012 0.00125 0.06375)
(0.01225 0.00125 0.06375)
(0.0125 0.00125 0.06375)
(0.01275 0.00125 0.06375)
(0.013 0.00125 0.06375)
(0.01325 0.00125 0.06375)
(0.0135 0.00125 0.06375)
(0.01375 0.00125 0.06375)
(0.014 0.00125 0.06375)
(0.01425 0.00125 0.06375)
(0.0145 0.00125 0.06375)
(0.01475 0.00125 0.06375)
(0.015 0.00125 0.06375)
(0.01525 0.00125 0.06375)
(0.0155 0.00125 0.06375)
(0.01575 0.00125 0.06375)
(0.016 0.00125 0.06375)
(0.01625 0.00125 0.06375)
(0.0165 0.00125 0.06375)
(0.01675 0.00125 0.06375)
(0.017 0.00125 0.06375)
(0.01725 0.00125 0.06375)
(0.0175 0.00125 0.06375)
(0.01775 0.00125 0.06375)
(0.018 0.00125 0.06375)
(0.01825 0.00125 0.06375)
(0.0185 0.00125 0.06375)
(0.01875 0.00125 0.06375)
(0.019 0.00125 0.06375)
(0.01925 0.00125 0.06375)
(0.0195 0.00125 0.06375)
(0.01975 0.00125 0.06375)
(0.02 0.00125 0.06375)
(0.02025 0.00125 0.06375)
(0.0205 0.00125 0.06375)
(0.02075 0.00125 0.06375)
(0.021 0.00125 0.06375)
(0.02125 0.00125 0.06375)
(0.0215 0.00125 0.06375)
(0.02175 0.00125 0.06375)
(0.022 0.00125 0.06375)
(0.02225 0.00125 0.06375)
(0.0225 0.00125 0.06375)
(0.02275 0.00125 0.06375)
(0.023 0.00125 0.06375)
(0.02325 0.00125 0.06375)
(0.0235 0.00125 0.06375)
(0.02375 0.00125 0.06375)
(0.024 0.00125 0.06375)
(0.02425 0.00125 0.06375)
(0.0245 0.00125 0.06375)
(0.02475 0.00125 0.06375)
(0.025 0.00125 0.06375)
(0.02525 0.00125 0.06375)
(0.0255 0.00125 0.06375)
(0.02575 0.00125 0.06375)
(0.026 0.00125 0.06375)
(0.02625 0.00125 0.06375)
(0.0265 0.00125 0.06375)
(0.02675 0.00125 0.06375)
(0.027 0.00125 0.06375)
(0.02725 0.00125 0.06375)
(0.0275 0.00125 0.06375)
(0.02775 0.00125 0.06375)
(0.028 0.00125 0.06375)
(0.02825 0.00125 0.06375)
(0.0285 0.00125 0.06375)
(0.02875 0.00125 0.06375)
(0.029 0.00125 0.06375)
(0.02925 0.00125 0.06375)
(0.0295 0.00125 0.06375)
(0.02975 0.00125 0.06375)
(0.03 0.00125 0.06375)
(0.03025 0.00125 0.06375)
(0.0305 0.00125 0.06375)
(0.03075 0.00125 0.06375)
(0.031 0.00125 0.06375)
(0.03125 0.00125 0.06375)
(0.0315 0.00125 0.06375)
(0.03175 0.00125 0.06375)
(0.032 0.00125 0.06375)
(0.03225 0.00125 0.06375)
(0.0325 0.00125 0.06375)
(0.03275 0.00125 0.06375)
(0.033 0.00125 0.06375)
(0.03325 0.00125 0.06375)
(0.0335 0.00125 0.06375)
(0.03375 0.00125 0.06375)
(0.034 0.00125 0.06375)
(0.03425 0.00125 0.06375)
(0.0345 0.00125 0.06375)
(0.03475 0.00125 0.06375)
(0.035 0.00125 0.06375)
(0 0.0015 0.06375)
(0.00025 0.0015 0.06375)
(0.0005 0.0015 0.06375)
(0.00075 0.0015 0.06375)
(0.001 0.0015 0.06375)
(0.00125 0.0015 0.06375)
(0.0015 0.0015 0.06375)
(0.00175 0.0015 0.06375)
(0.002 0.0015 0.06375)
(0.00225 0.0015 0.06375)
(0.0025 0.0015 0.06375)
(0.00275 0.0015 0.06375)
(0.003 0.0015 0.06375)
(0.00325 0.0015 0.06375)
(0.0035 0.0015 0.06375)
(0.00375 0.0015 0.06375)
(0.004 0.0015 0.06375)
(0.00425 0.0015 0.06375)
(0.0045 0.0015 0.06375)
(0.00475 0.0015 0.06375)
(0.005 0.0015 0.06375)
(0.00525 0.0015 0.06375)
(0.0055 0.0015 0.06375)
(0.00575 0.0015 0.06375)
(0.006 0.0015 0.06375)
(0.00625 0.0015 0.06375)
(0.0065 0.0015 0.06375)
(0.00675 0.0015 0.06375)
(0.007 0.0015 0.06375)
(0.00725 0.0015 0.06375)
(0.0075 0.0015 0.06375)
(0.00775 0.0015 0.06375)
(0.008 0.0015 0.06375)
(0.00825 0.0015 0.06375)
(0.0085 0.0015 0.06375)
(0.00875 0.0015 0.06375)
(0.009 0.0015 0.06375)
(0.00925 0.0015 0.06375)
(0.0095 0.0015 0.06375)
(0.00975 0.0015 0.06375)
(0.01 0.0015 0.06375)
(0.01025 0.0015 0.06375)
(0.0105 0.0015 0.06375)
(0.01075 0.0015 0.06375)
(0.011 0.0015 0.06375)
(0.01125 0.0015 0.06375)
(0.0115 0.0015 0.06375)
(0.01175 0.0015 0.06375)
(0.012 0.0015 0.06375)
(0.01225 0.0015 0.06375)
(0.0125 0.0015 0.06375)
(0.01275 0.0015 0.06375)
(0.013 0.0015 0.06375)
(0.01325 0.0015 0.06375)
(0.0135 0.0015 0.06375)
(0.01375 0.0015 0.06375)
(0.014 0.0015 0.06375)
(0.01425 0.0015 0.06375)
(0.0145 0.0015 0.06375)
(0.01475 0.0015 0.06375)
(0.015 0.0015 0.06375)
(0.01525 0.0015 0.06375)
(0.0155 0.0015 0.06375)
(0.01575 0.0015 0.06375)
(0.016 0.0015 0.06375)
(0.01625 0.0015 0.06375)
(0.0165 0.0015 0.06375)
(0.01675 0.0015 0.06375)
(0.017 0.0015 0.06375)
(0.01725 0.0015 0.06375)
(0.0175 0.0015 0.06375)
(0.01775 0.0015 0.06375)
(0.018 0.0015 0.06375)
(0.01825 0.0015 0.06375)
(0.0185 0.0015 0.06375)
(0.01875 0.0015 0.06375)
(0.019 0.0015 0.06375)
(0.01925 0.0015 0.06375)
(0.0195 0.0015 0.06375)
(0.01975 0.0015 0.06375)
(0.02 0.0015 0.06375)
(0.02025 0.0015 0.06375)
(0.0205 0.0015 0.06375)
(0.02075 0.0015 0.06375)
(0.021 0.0015 0.06375)
(0.02125 0.0015 0.06375)
(0.0215 0.0015 0.06375)
(0.02175 0.0015 0.06375)
(0.022 0.0015 0.06375)
(0.02225 0.0015 0.06375)
(0.0225 0.0015 0.06375)
(0.02275 0.0015 0.06375)
(0.023 0.0015 0.06375)
(0.02325 0.0015 0.06375)
(0.0235 0.0015 0.06375)
(0.02375 0.0015 0.06375)
(0.024 0.0015 0.06375)
(0.02425 0.0015 0.06375)
(0.0245 0.0015 0.06375)
(0.02475 0.0015 0.06375)
(0.025 0.0015 0.06375)
(0.02525 0.0015 0.06375)
(0.0255 0.0015 0.06375)
(0.02575 0.0015 0.06375)
(0.026 0.0015 0.06375)
(0.02625 0.0015 0.06375)
(0.0265 0.0015 0.06375)
(0.02675 0.0015 0.06375)
(0.027 0.0015 0.06375)
(0.02725 0.0015 0.06375)
(0.0275 0.0015 0.06375)
(0.02775 0.0015 0.06375)
(0.028 0.0015 0.06375)
(0.02825 0.0015 0.06375)
(0.0285 0.0015 0.06375)
(0.02875 0.0015 0.06375)
(0.029 0.0015 0.06375)
(0.02925 0.0015 0.06375)
(0.0295 0.0015 0.06375)
(0.02975 0.0015 0.06375)
(0.03 0.0015 0.06375)
(0.03025 0.0015 0.06375)
(0.0305 0.0015 0.06375)
(0.03075 0.0015 0.06375)
(0.031 0.0015 0.06375)
(0.03125 0.0015 0.06375)
(0.0315 0.0015 0.06375)
(0.03175 0.0015 0.06375)
(0.032 0.0015 0.06375)
(0.03225 0.0015 0.06375)
(0.0325 0.0015 0.06375)
(0.03275 0.0015 0.06375)
(0.033 0.0015 0.06375)
(0.03325 0.0015 0.06375)
(0.0335 0.0015 0.06375)
(0.03375 0.0015 0.06375)
(0.034 0.0015 0.06375)
(0.03425 0.0015 0.06375)
(0.0345 0.0015 0.06375)
(0.03475 0.0015 0.06375)
(0.035 0.0015 0.06375)
(0 0.00175 0.06375)
(0.00025 0.00175 0.06375)
(0.0005 0.00175 0.06375)
(0.00075 0.00175 0.06375)
(0.001 0.00175 0.06375)
(0.00125 0.00175 0.06375)
(0.0015 0.00175 0.06375)
(0.00175 0.00175 0.06375)
(0.002 0.00175 0.06375)
(0.00225 0.00175 0.06375)
(0.0025 0.00175 0.06375)
(0.00275 0.00175 0.06375)
(0.003 0.00175 0.06375)
(0.00325 0.00175 0.06375)
(0.0035 0.00175 0.06375)
(0.00375 0.00175 0.06375)
(0.004 0.00175 0.06375)
(0.00425 0.00175 0.06375)
(0.0045 0.00175 0.06375)
(0.00475 0.00175 0.06375)
(0.005 0.00175 0.06375)
(0.00525 0.00175 0.06375)
(0.0055 0.00175 0.06375)
(0.00575 0.00175 0.06375)
(0.006 0.00175 0.06375)
(0.00625 0.00175 0.06375)
(0.0065 0.00175 0.06375)
(0.00675 0.00175 0.06375)
(0.007 0.00175 0.06375)
(0.00725 0.00175 0.06375)
(0.0075 0.00175 0.06375)
(0.00775 0.00175 0.06375)
(0.008 0.00175 0.06375)
(0.00825 0.00175 0.06375)
(0.0085 0.00175 0.06375)
(0.00875 0.00175 0.06375)
(0.009 0.00175 0.06375)
(0.00925 0.00175 0.06375)
(0.0095 0.00175 0.06375)
(0.00975 0.00175 0.06375)
(0.01 0.00175 0.06375)
(0.01025 0.00175 0.06375)
(0.0105 0.00175 0.06375)
(0.01075 0.00175 0.06375)
(0.011 0.00175 0.06375)
(0.01125 0.00175 0.06375)
(0.0115 0.00175 0.06375)
(0.01175 0.00175 0.06375)
(0.012 0.00175 0.06375)
(0.01225 0.00175 0.06375)
(0.0125 0.00175 0.06375)
(0.01275 0.00175 0.06375)
(0.013 0.00175 0.06375)
(0.01325 0.00175 0.06375)
(0.0135 0.00175 0.06375)
(0.01375 0.00175 0.06375)
(0.014 0.00175 0.06375)
(0.01425 0.00175 0.06375)
(0.0145 0.00175 0.06375)
(0.01475 0.00175 0.06375)
(0.015 0.00175 0.06375)
(0.01525 0.00175 0.06375)
(0.0155 0.00175 0.06375)
(0.01575 0.00175 0.06375)
(0.016 0.00175 0.06375)
(0.01625 0.00175 0.06375)
(0.0165 0.00175 0.06375)
(0.01675 0.00175 0.06375)
(0.017 0.00175 0.06375)
(0.01725 0.00175 0.06375)
(0.0175 0.00175 0.06375)
(0.01775 0.00175 0.06375)
(0.018 0.00175 0.06375)
(0.01825 0.00175 0.06375)
(0.0185 0.00175 0.06375)
(0.01875 0.00175 0.06375)
(0.019 0.00175 0.06375)
(0.01925 0.00175 0.06375)
(0.0195 0.00175 0.06375)
(0.01975 0.00175 0.06375)
(0.02 0.00175 0.06375)
(0.02025 0.00175 0.06375)
(0.0205 0.00175 0.06375)
(0.02075 0.00175 0.06375)
(0.021 0.00175 0.06375)
(0.02125 0.00175 0.06375)
(0.0215 0.00175 0.06375)
(0.02175 0.00175 0.06375)
(0.022 0.00175 0.06375)
(0.02225 0.00175 0.06375)
(0.0225 0.00175 0.06375)
(0.02275 0.00175 0.06375)
(0.023 0.00175 0.06375)
(0.02325 0.00175 0.06375)
(0.0235 0.00175 0.06375)
(0.02375 0.00175 0.06375)
(0.024 0.00175 0.06375)
(0.02425 0.00175 0.06375)
(0.0245 0.00175 0.06375)
(0.02475 0.00175 0.06375)
(0.025 0.00175 0.06375)
(0.02525 0.00175 0.06375)
(0.0255 0.00175 0.06375)
(0.02575 0.00175 0.06375)
(0.026 0.00175 0.06375)
(0.02625 0.00175 0.06375)
(0.0265 0.00175 0.06375)
(0.02675 0.00175 0.06375)
(0.027 0.00175 0.06375)
(0.02725 0.00175 0.06375)
(0.0275 0.00175 0.06375)
(0.02775 0.00175 0.06375)
(0.028 0.00175 0.06375)
(0.02825 0.00175 0.06375)
(0.0285 0.00175 0.06375)
(0.02875 0.00175 0.06375)
(0.029 0.00175 0.06375)
(0.02925 0.00175 0.06375)
(0.0295 0.00175 0.06375)
(0.02975 0.00175 0.06375)
(0.03 0.00175 0.06375)
(0.03025 0.00175 0.06375)
(0.0305 0.00175 0.06375)
(0.03075 0.00175 0.06375)
(0.031 0.00175 0.06375)
(0.03125 0.00175 0.06375)
(0.0315 0.00175 0.06375)
(0.03175 0.00175 0.06375)
(0.032 0.00175 0.06375)
(0.03225 0.00175 0.06375)
(0.0325 0.00175 0.06375)
(0.03275 0.00175 0.06375)
(0.033 0.00175 0.06375)
(0.03325 0.00175 0.06375)
(0.0335 0.00175 0.06375)
(0.03375 0.00175 0.06375)
(0.034 0.00175 0.06375)
(0.03425 0.00175 0.06375)
(0.0345 0.00175 0.06375)
(0.03475 0.00175 0.06375)
(0.035 0.00175 0.06375)
(0 0.002 0.06375)
(0.00025 0.002 0.06375)
(0.0005 0.002 0.06375)
(0.00075 0.002 0.06375)
(0.001 0.002 0.06375)
(0.00125 0.002 0.06375)
(0.0015 0.002 0.06375)
(0.00175 0.002 0.06375)
(0.002 0.002 0.06375)
(0.00225 0.002 0.06375)
(0.0025 0.002 0.06375)
(0.00275 0.002 0.06375)
(0.003 0.002 0.06375)
(0.00325 0.002 0.06375)
(0.0035 0.002 0.06375)
(0.00375 0.002 0.06375)
(0.004 0.002 0.06375)
(0.00425 0.002 0.06375)
(0.0045 0.002 0.06375)
(0.00475 0.002 0.06375)
(0.005 0.002 0.06375)
(0.00525 0.002 0.06375)
(0.0055 0.002 0.06375)
(0.00575 0.002 0.06375)
(0.006 0.002 0.06375)
(0.00625 0.002 0.06375)
(0.0065 0.002 0.06375)
(0.00675 0.002 0.06375)
(0.007 0.002 0.06375)
(0.00725 0.002 0.06375)
(0.0075 0.002 0.06375)
(0.00775 0.002 0.06375)
(0.008 0.002 0.06375)
(0.00825 0.002 0.06375)
(0.0085 0.002 0.06375)
(0.00875 0.002 0.06375)
(0.009 0.002 0.06375)
(0.00925 0.002 0.06375)
(0.0095 0.002 0.06375)
(0.00975 0.002 0.06375)
(0.01 0.002 0.06375)
(0.01025 0.002 0.06375)
(0.0105 0.002 0.06375)
(0.01075 0.002 0.06375)
(0.011 0.002 0.06375)
(0.01125 0.002 0.06375)
(0.0115 0.002 0.06375)
(0.01175 0.002 0.06375)
(0.012 0.002 0.06375)
(0.01225 0.002 0.06375)
(0.0125 0.002 0.06375)
(0.01275 0.002 0.06375)
(0.013 0.002 0.06375)
(0.01325 0.002 0.06375)
(0.0135 0.002 0.06375)
(0.01375 0.002 0.06375)
(0.014 0.002 0.06375)
(0.01425 0.002 0.06375)
(0.0145 0.002 0.06375)
(0.01475 0.002 0.06375)
(0.015 0.002 0.06375)
(0.01525 0.002 0.06375)
(0.0155 0.002 0.06375)
(0.01575 0.002 0.06375)
(0.016 0.002 0.06375)
(0.01625 0.002 0.06375)
(0.0165 0.002 0.06375)
(0.01675 0.002 0.06375)
(0.017 0.002 0.06375)
(0.01725 0.002 0.06375)
(0.0175 0.002 0.06375)
(0.01775 0.002 0.06375)
(0.018 0.002 0.06375)
(0.01825 0.002 0.06375)
(0.0185 0.002 0.06375)
(0.01875 0.002 0.06375)
(0.019 0.002 0.06375)
(0.01925 0.002 0.06375)
(0.0195 0.002 0.06375)
(0.01975 0.002 0.06375)
(0.02 0.002 0.06375)
(0.02025 0.002 0.06375)
(0.0205 0.002 0.06375)
(0.02075 0.002 0.06375)
(0.021 0.002 0.06375)
(0.02125 0.002 0.06375)
(0.0215 0.002 0.06375)
(0.02175 0.002 0.06375)
(0.022 0.002 0.06375)
(0.02225 0.002 0.06375)
(0.0225 0.002 0.06375)
(0.02275 0.002 0.06375)
(0.023 0.002 0.06375)
(0.02325 0.002 0.06375)
(0.0235 0.002 0.06375)
(0.02375 0.002 0.06375)
(0.024 0.002 0.06375)
(0.02425 0.002 0.06375)
(0.0245 0.002 0.06375)
(0.02475 0.002 0.06375)
(0.025 0.002 0.06375)
(0.02525 0.002 0.06375)
(0.0255 0.002 0.06375)
(0.02575 0.002 0.06375)
(0.026 0.002 0.06375)
(0.02625 0.002 0.06375)
(0.0265 0.002 0.06375)
(0.02675 0.002 0.06375)
(0.027 0.002 0.06375)
(0.02725 0.002 0.06375)
(0.0275 0.002 0.06375)
(0.02775 0.002 0.06375)
(0.028 0.002 0.06375)
(0.02825 0.002 0.06375)
(0.0285 0.002 0.06375)
(0.02875 0.002 0.06375)
(0.029 0.002 0.06375)
(0.02925 0.002 0.06375)
(0.0295 0.002 0.06375)
(0.02975 0.002 0.06375)
(0.03 0.002 0.06375)
(0.03025 0.002 0.06375)
(0.0305 0.002 0.06375)
(0.03075 0.002 0.06375)
(0.031 0.002 0.06375)
(0.03125 0.002 0.06375)
(0.0315 0.002 0.06375)
(0.03175 0.002 0.06375)
(0.032 0.002 0.06375)
(0.03225 0.002 0.06375)
(0.0325 0.002 0.06375)
(0.03275 0.002 0.06375)
(0.033 0.002 0.06375)
(0.03325 0.002 0.06375)
(0.0335 0.002 0.06375)
(0.03375 0.002 0.06375)
(0.034 0.002 0.06375)
(0.03425 0.002 0.06375)
(0.0345 0.002 0.06375)
(0.03475 0.002 0.06375)
(0.035 0.002 0.06375)
(0 0.00225 0.06375)
(0.00025 0.00225 0.06375)
(0.0005 0.00225 0.06375)
(0.00075 0.00225 0.06375)
(0.001 0.00225 0.06375)
(0.00125 0.00225 0.06375)
(0.0015 0.00225 0.06375)
(0.00175 0.00225 0.06375)
(0.002 0.00225 0.06375)
(0.00225 0.00225 0.06375)
(0.0025 0.00225 0.06375)
(0.00275 0.00225 0.06375)
(0.003 0.00225 0.06375)
(0.00325 0.00225 0.06375)
(0.0035 0.00225 0.06375)
(0.00375 0.00225 0.06375)
(0.004 0.00225 0.06375)
(0.00425 0.00225 0.06375)
(0.0045 0.00225 0.06375)
(0.00475 0.00225 0.06375)
(0.005 0.00225 0.06375)
(0.00525 0.00225 0.06375)
(0.0055 0.00225 0.06375)
(0.00575 0.00225 0.06375)
(0.006 0.00225 0.06375)
(0.00625 0.00225 0.06375)
(0.0065 0.00225 0.06375)
(0.00675 0.00225 0.06375)
(0.007 0.00225 0.06375)
(0.00725 0.00225 0.06375)
(0.0075 0.00225 0.06375)
(0.00775 0.00225 0.06375)
(0.008 0.00225 0.06375)
(0.00825 0.00225 0.06375)
(0.0085 0.00225 0.06375)
(0.00875 0.00225 0.06375)
(0.009 0.00225 0.06375)
(0.00925 0.00225 0.06375)
(0.0095 0.00225 0.06375)
(0.00975 0.00225 0.06375)
(0.01 0.00225 0.06375)
(0.01025 0.00225 0.06375)
(0.0105 0.00225 0.06375)
(0.01075 0.00225 0.06375)
(0.011 0.00225 0.06375)
(0.01125 0.00225 0.06375)
(0.0115 0.00225 0.06375)
(0.01175 0.00225 0.06375)
(0.012 0.00225 0.06375)
(0.01225 0.00225 0.06375)
(0.0125 0.00225 0.06375)
(0.01275 0.00225 0.06375)
(0.013 0.00225 0.06375)
(0.01325 0.00225 0.06375)
(0.0135 0.00225 0.06375)
(0.01375 0.00225 0.06375)
(0.014 0.00225 0.06375)
(0.01425 0.00225 0.06375)
(0.0145 0.00225 0.06375)
(0.01475 0.00225 0.06375)
(0.015 0.00225 0.06375)
(0.01525 0.00225 0.06375)
(0.0155 0.00225 0.06375)
(0.01575 0.00225 0.06375)
(0.016 0.00225 0.06375)
(0.01625 0.00225 0.06375)
(0.0165 0.00225 0.06375)
(0.01675 0.00225 0.06375)
(0.017 0.00225 0.06375)
(0.01725 0.00225 0.06375)
(0.0175 0.00225 0.06375)
(0.01775 0.00225 0.06375)
(0.018 0.00225 0.06375)
(0.01825 0.00225 0.06375)
(0.0185 0.00225 0.06375)
(0.01875 0.00225 0.06375)
(0.019 0.00225 0.06375)
(0.01925 0.00225 0.06375)
(0.0195 0.00225 0.06375)
(0.01975 0.00225 0.06375)
(0.02 0.00225 0.06375)
(0.02025 0.00225 0.06375)
(0.0205 0.00225 0.06375)
(0.02075 0.00225 0.06375)
(0.021 0.00225 0.06375)
(0.02125 0.00225 0.06375)
(0.0215 0.00225 0.06375)
(0.02175 0.00225 0.06375)
(0.022 0.00225 0.06375)
(0.02225 0.00225 0.06375)
(0.0225 0.00225 0.06375)
(0.02275 0.00225 0.06375)
(0.023 0.00225 0.06375)
(0.02325 0.00225 0.06375)
(0.0235 0.00225 0.06375)
(0.02375 0.00225 0.06375)
(0.024 0.00225 0.06375)
(0.02425 0.00225 0.06375)
(0.0245 0.00225 0.06375)
(0.02475 0.00225 0.06375)
(0.025 0.00225 0.06375)
(0.02525 0.00225 0.06375)
(0.0255 0.00225 0.06375)
(0.02575 0.00225 0.06375)
(0.026 0.00225 0.06375)
(0.02625 0.00225 0.06375)
(0.0265 0.00225 0.06375)
(0.02675 0.00225 0.06375)
(0.027 0.00225 0.06375)
(0.02725 0.00225 0.06375)
(0.0275 0.00225 0.06375)
(0.02775 0.00225 0.06375)
(0.028 0.00225 0.06375)
(0.02825 0.00225 0.06375)
(0.0285 0.00225 0.06375)
(0.02875 0.00225 0.06375)
(0.029 0.00225 0.06375)
(0.02925 0.00225 0.06375)
(0.0295 0.00225 0.06375)
(0.02975 0.00225 0.06375)
(0.03 0.00225 0.06375)
(0.03025 0.00225 0.06375)
(0.0305 0.00225 0.06375)
(0.03075 0.00225 0.06375)
(0.031 0.00225 0.06375)
(0.03125 0.00225 0.06375)
(0.0315 0.00225 0.06375)
(0.03175 0.00225 0.06375)
(0.032 0.00225 0.06375)
(0.03225 0.00225 0.06375)
(0.0325 0.00225 0.06375)
(0.03275 0.00225 0.06375)
(0.033 0.00225 0.06375)
(0.03325 0.00225 0.06375)
(0.0335 0.00225 0.06375)
(0.03375 0.00225 0.06375)
(0.034 0.00225 0.06375)
(0.03425 0.00225 0.06375)
(0.0345 0.00225 0.06375)
(0.03475 0.00225 0.06375)
(0.035 0.00225 0.06375)
(0 0.0025 0.06375)
(0.00025 0.0025 0.06375)
(0.0005 0.0025 0.06375)
(0.00075 0.0025 0.06375)
(0.001 0.0025 0.06375)
(0.00125 0.0025 0.06375)
(0.0015 0.0025 0.06375)
(0.00175 0.0025 0.06375)
(0.002 0.0025 0.06375)
(0.00225 0.0025 0.06375)
(0.0025 0.0025 0.06375)
(0.00275 0.0025 0.06375)
(0.003 0.0025 0.06375)
(0.00325 0.0025 0.06375)
(0.0035 0.0025 0.06375)
(0.00375 0.0025 0.06375)
(0.004 0.0025 0.06375)
(0.00425 0.0025 0.06375)
(0.0045 0.0025 0.06375)
(0.00475 0.0025 0.06375)
(0.005 0.0025 0.06375)
(0.00525 0.0025 0.06375)
(0.0055 0.0025 0.06375)
(0.00575 0.0025 0.06375)
(0.006 0.0025 0.06375)
(0.00625 0.0025 0.06375)
(0.0065 0.0025 0.06375)
(0.00675 0.0025 0.06375)
(0.007 0.0025 0.06375)
(0.00725 0.0025 0.06375)
(0.0075 0.0025 0.06375)
(0.00775 0.0025 0.06375)
(0.008 0.0025 0.06375)
(0.00825 0.0025 0.06375)
(0.0085 0.0025 0.06375)
(0.00875 0.0025 0.06375)
(0.009 0.0025 0.06375)
(0.00925 0.0025 0.06375)
(0.0095 0.0025 0.06375)
(0.00975 0.0025 0.06375)
(0.01 0.0025 0.06375)
(0.01025 0.0025 0.06375)
(0.0105 0.0025 0.06375)
(0.01075 0.0025 0.06375)
(0.011 0.0025 0.06375)
(0.01125 0.0025 0.06375)
(0.0115 0.0025 0.06375)
(0.01175 0.0025 0.06375)
(0.012 0.0025 0.06375)
(0.01225 0.0025 0.06375)
(0.0125 0.0025 0.06375)
(0.01275 0.0025 0.06375)
(0.013 0.0025 0.06375)
(0.01325 0.0025 0.06375)
(0.0135 0.0025 0.06375)
(0.01375 0.0025 0.06375)
(0.014 0.0025 0.06375)
(0.01425 0.0025 0.06375)
(0.0145 0.0025 0.06375)
(0.01475 0.0025 0.06375)
(0.015 0.0025 0.06375)
(0.01525 0.0025 0.06375)
(0.0155 0.0025 0.06375)
(0.01575 0.0025 0.06375)
(0.016 0.0025 0.06375)
(0.01625 0.0025 0.06375)
(0.0165 0.0025 0.06375)
(0.01675 0.0025 0.06375)
(0.017 0.0025 0.06375)
(0.01725 0.0025 0.06375)
(0.0175 0.0025 0.06375)
(0.01775 0.0025 0.06375)
(0.018 0.0025 0.06375)
(0.01825 0.0025 0.06375)
(0.0185 0.0025 0.06375)
(0.01875 0.0025 0.06375)
(0.019 0.0025 0.06375)
(0.01925 0.0025 0.06375)
(0.0195 0.0025 0.06375)
(0.01975 0.0025 0.06375)
(0.02 0.0025 0.06375)
(0.02025 0.0025 0.06375)
(0.0205 0.0025 0.06375)
(0.02075 0.0025 0.06375)
(0.021 0.0025 0.06375)
(0.02125 0.0025 0.06375)
(0.0215 0.0025 0.06375)
(0.02175 0.0025 0.06375)
(0.022 0.0025 0.06375)
(0.02225 0.0025 0.06375)
(0.0225 0.0025 0.06375)
(0.02275 0.0025 0.06375)
(0.023 0.0025 0.06375)
(0.02325 0.0025 0.06375)
(0.0235 0.0025 0.06375)
(0.02375 0.0025 0.06375)
(0.024 0.0025 0.06375)
(0.02425 0.0025 0.06375)
(0.0245 0.0025 0.06375)
(0.02475 0.0025 0.06375)
(0.025 0.0025 0.06375)
(0.02525 0.0025 0.06375)
(0.0255 0.0025 0.06375)
(0.02575 0.0025 0.06375)
(0.026 0.0025 0.06375)
(0.02625 0.0025 0.06375)
(0.0265 0.0025 0.06375)
(0.02675 0.0025 0.06375)
(0.027 0.0025 0.06375)
(0.02725 0.0025 0.06375)
(0.0275 0.0025 0.06375)
(0.02775 0.0025 0.06375)
(0.028 0.0025 0.06375)
(0.02825 0.0025 0.06375)
(0.0285 0.0025 0.06375)
(0.02875 0.0025 0.06375)
(0.029 0.0025 0.06375)
(0.02925 0.0025 0.06375)
(0.0295 0.0025 0.06375)
(0.02975 0.0025 0.06375)
(0.03 0.0025 0.06375)
(0.03025 0.0025 0.06375)
(0.0305 0.0025 0.06375)
(0.03075 0.0025 0.06375)
(0.031 0.0025 0.06375)
(0.03125 0.0025 0.06375)
(0.0315 0.0025 0.06375)
(0.03175 0.0025 0.06375)
(0.032 0.0025 0.06375)
(0.03225 0.0025 0.06375)
(0.0325 0.0025 0.06375)
(0.03275 0.0025 0.06375)
(0.033 0.0025 0.06375)
(0.03325 0.0025 0.06375)
(0.0335 0.0025 0.06375)
(0.03375 0.0025 0.06375)
(0.034 0.0025 0.06375)
(0.03425 0.0025 0.06375)
(0.0345 0.0025 0.06375)
(0.03475 0.0025 0.06375)
(0.035 0.0025 0.06375)
(0 0 0.064)
(0.00025 0 0.064)
(0.0005 0 0.064)
(0.00075 0 0.064)
(0.001 0 0.064)
(0.00125 0 0.064)
(0.0015 0 0.064)
(0.00175 0 0.064)
(0.002 0 0.064)
(0.00225 0 0.064)
(0.0025 0 0.064)
(0.00275 0 0.064)
(0.003 0 0.064)
(0.00325 0 0.064)
(0.0035 0 0.064)
(0.00375 0 0.064)
(0.004 0 0.064)
(0.00425 0 0.064)
(0.0045 0 0.064)
(0.00475 0 0.064)
(0.005 0 0.064)
(0.00525 0 0.064)
(0.0055 0 0.064)
(0.00575 0 0.064)
(0.006 0 0.064)
(0.00625 0 0.064)
(0.0065 0 0.064)
(0.00675 0 0.064)
(0.007 0 0.064)
(0.00725 0 0.064)
(0.0075 0 0.064)
(0.00775 0 0.064)
(0.008 0 0.064)
(0.00825 0 0.064)
(0.0085 0 0.064)
(0.00875 0 0.064)
(0.009 0 0.064)
(0.00925 0 0.064)
(0.0095 0 0.064)
(0.00975 0 0.064)
(0.01 0 0.064)
(0.01025 0 0.064)
(0.0105 0 0.064)
(0.01075 0 0.064)
(0.011 0 0.064)
(0.01125 0 0.064)
(0.0115 0 0.064)
(0.01175 0 0.064)
(0.012 0 0.064)
(0.01225 0 0.064)
(0.0125 0 0.064)
(0.01275 0 0.064)
(0.013 0 0.064)
(0.01325 0 0.064)
(0.0135 0 0.064)
(0.01375 0 0.064)
(0.014 0 0.064)
(0.01425 0 0.064)
(0.0145 0 0.064)
(0.01475 0 0.064)
(0.015 0 0.064)
(0.01525 0 0.064)
(0.0155 0 0.064)
(0.01575 0 0.064)
(0.016 0 0.064)
(0.01625 0 0.064)
(0.0165 0 0.064)
(0.01675 0 0.064)
(0.017 0 0.064)
(0.01725 0 0.064)
(0.0175 0 0.064)
(0.01775 0 0.064)
(0.018 0 0.064)
(0.01825 0 0.064)
(0.0185 0 0.064)
(0.01875 0 0.064)
(0.019 0 0.064)
(0.01925 0 0.064)
(0.0195 0 0.064)
(0.01975 0 0.064)
(0.02 0 0.064)
(0.02025 0 0.064)
(0.0205 0 0.064)
(0.02075 0 0.064)
(0.021 0 0.064)
(0.02125 0 0.064)
(0.0215 0 0.064)
(0.02175 0 0.064)
(0.022 0 0.064)
(0.02225 0 0.064)
(0.0225 0 0.064)
(0.02275 0 0.064)
(0.023 0 0.064)
(0.02325 0 0.064)
(0.0235 0 0.064)
(0.02375 0 0.064)
(0.024 0 0.064)
(0.02425 0 0.064)
(0.0245 0 0.064)
(0.02475 0 0.064)
(0.025 0 0.064)
(0.02525 0 0.064)
(0.0255 0 0.064)
(0.02575 0 0.064)
(0.026 0 0.064)
(0.02625 0 0.064)
(0.0265 0 0.064)
(0.02675 0 0.064)
(0.027 0 0.064)
(0.02725 0 0.064)
(0.0275 0 0.064)
(0.02775 0 0.064)
(0.028 0 0.064)
(0.02825 0 0.064)
(0.0285 0 0.064)
(0.02875 0 0.064)
(0.029 0 0.064)
(0.02925 0 0.064)
(0.0295 0 0.064)
(0.02975 0 0.064)
(0.03 0 0.064)
(0.03025 0 0.064)
(0.0305 0 0.064)
(0.03075 0 0.064)
(0.031 0 0.064)
(0.03125 0 0.064)
(0.0315 0 0.064)
(0.03175 0 0.064)
(0.032 0 0.064)
(0.03225 0 0.064)
(0.0325 0 0.064)
(0.03275 0 0.064)
(0.033 0 0.064)
(0.03325 0 0.064)
(0.0335 0 0.064)
(0.03375 0 0.064)
(0.034 0 0.064)
(0.03425 0 0.064)
(0.0345 0 0.064)
(0.03475 0 0.064)
(0.035 0 0.064)
(0 0.00025 0.064)
(0.00025 0.00025 0.064)
(0.0005 0.00025 0.064)
(0.00075 0.00025 0.064)
(0.001 0.00025 0.064)
(0.00125 0.00025 0.064)
(0.0015 0.00025 0.064)
(0.00175 0.00025 0.064)
(0.002 0.00025 0.064)
(0.00225 0.00025 0.064)
(0.0025 0.00025 0.064)
(0.00275 0.00025 0.064)
(0.003 0.00025 0.064)
(0.00325 0.00025 0.064)
(0.0035 0.00025 0.064)
(0.00375 0.00025 0.064)
(0.004 0.00025 0.064)
(0.00425 0.00025 0.064)
(0.0045 0.00025 0.064)
(0.00475 0.00025 0.064)
(0.005 0.00025 0.064)
(0.00525 0.00025 0.064)
(0.0055 0.00025 0.064)
(0.00575 0.00025 0.064)
(0.006 0.00025 0.064)
(0.00625 0.00025 0.064)
(0.0065 0.00025 0.064)
(0.00675 0.00025 0.064)
(0.007 0.00025 0.064)
(0.00725 0.00025 0.064)
(0.0075 0.00025 0.064)
(0.00775 0.00025 0.064)
(0.008 0.00025 0.064)
(0.00825 0.00025 0.064)
(0.0085 0.00025 0.064)
(0.00875 0.00025 0.064)
(0.009 0.00025 0.064)
(0.00925 0.00025 0.064)
(0.0095 0.00025 0.064)
(0.00975 0.00025 0.064)
(0.01 0.00025 0.064)
(0.01025 0.00025 0.064)
(0.0105 0.00025 0.064)
(0.01075 0.00025 0.064)
(0.011 0.00025 0.064)
(0.01125 0.00025 0.064)
(0.0115 0.00025 0.064)
(0.01175 0.00025 0.064)
(0.012 0.00025 0.064)
(0.01225 0.00025 0.064)
(0.0125 0.00025 0.064)
(0.01275 0.00025 0.064)
(0.013 0.00025 0.064)
(0.01325 0.00025 0.064)
(0.0135 0.00025 0.064)
(0.01375 0.00025 0.064)
(0.014 0.00025 0.064)
(0.01425 0.00025 0.064)
(0.0145 0.00025 0.064)
(0.01475 0.00025 0.064)
(0.015 0.00025 0.064)
(0.01525 0.00025 0.064)
(0.0155 0.00025 0.064)
(0.01575 0.00025 0.064)
(0.016 0.00025 0.064)
(0.01625 0.00025 0.064)
(0.0165 0.00025 0.064)
(0.01675 0.00025 0.064)
(0.017 0.00025 0.064)
(0.01725 0.00025 0.064)
(0.0175 0.00025 0.064)
(0.01775 0.00025 0.064)
(0.018 0.00025 0.064)
(0.01825 0.00025 0.064)
(0.0185 0.00025 0.064)
(0.01875 0.00025 0.064)
(0.019 0.00025 0.064)
(0.01925 0.00025 0.064)
(0.0195 0.00025 0.064)
(0.01975 0.00025 0.064)
(0.02 0.00025 0.064)
(0.02025 0.00025 0.064)
(0.0205 0.00025 0.064)
(0.02075 0.00025 0.064)
(0.021 0.00025 0.064)
(0.02125 0.00025 0.064)
(0.0215 0.00025 0.064)
(0.02175 0.00025 0.064)
(0.022 0.00025 0.064)
(0.02225 0.00025 0.064)
(0.0225 0.00025 0.064)
(0.02275 0.00025 0.064)
(0.023 0.00025 0.064)
(0.02325 0.00025 0.064)
(0.0235 0.00025 0.064)
(0.02375 0.00025 0.064)
(0.024 0.00025 0.064)
(0.02425 0.00025 0.064)
(0.0245 0.00025 0.064)
(0.02475 0.00025 0.064)
(0.025 0.00025 0.064)
(0.02525 0.00025 0.064)
(0.0255 0.00025 0.064)
(0.02575 0.00025 0.064)
(0.026 0.00025 0.064)
(0.02625 0.00025 0.064)
(0.0265 0.00025 0.064)
(0.02675 0.00025 0.064)
(0.027 0.00025 0.064)
(0.02725 0.00025 0.064)
(0.0275 0.00025 0.064)
(0.02775 0.00025 0.064)
(0.028 0.00025 0.064)
(0.02825 0.00025 0.064)
(0.0285 0.00025 0.064)
(0.02875 0.00025 0.064)
(0.029 0.00025 0.064)
(0.02925 0.00025 0.064)
(0.0295 0.00025 0.064)
(0.02975 0.00025 0.064)
(0.03 0.00025 0.064)
(0.03025 0.00025 0.064)
(0.0305 0.00025 0.064)
(0.03075 0.00025 0.064)
(0.031 0.00025 0.064)
(0.03125 0.00025 0.064)
(0.0315 0.00025 0.064)
(0.03175 0.00025 0.064)
(0.032 0.00025 0.064)
(0.03225 0.00025 0.064)
(0.0325 0.00025 0.064)
(0.03275 0.00025 0.064)
(0.033 0.00025 0.064)
(0.03325 0.00025 0.064)
(0.0335 0.00025 0.064)
(0.03375 0.00025 0.064)
(0.034 0.00025 0.064)
(0.03425 0.00025 0.064)
(0.0345 0.00025 0.064)
(0.03475 0.00025 0.064)
(0.035 0.00025 0.064)
(0 0.0005 0.064)
(0.00025 0.0005 0.064)
(0.0005 0.0005 0.064)
(0.00075 0.0005 0.064)
(0.001 0.0005 0.064)
(0.00125 0.0005 0.064)
(0.0015 0.0005 0.064)
(0.00175 0.0005 0.064)
(0.002 0.0005 0.064)
(0.00225 0.0005 0.064)
(0.0025 0.0005 0.064)
(0.00275 0.0005 0.064)
(0.003 0.0005 0.064)
(0.00325 0.0005 0.064)
(0.0035 0.0005 0.064)
(0.00375 0.0005 0.064)
(0.004 0.0005 0.064)
(0.00425 0.0005 0.064)
(0.0045 0.0005 0.064)
(0.00475 0.0005 0.064)
(0.005 0.0005 0.064)
(0.00525 0.0005 0.064)
(0.0055 0.0005 0.064)
(0.00575 0.0005 0.064)
(0.006 0.0005 0.064)
(0.00625 0.0005 0.064)
(0.0065 0.0005 0.064)
(0.00675 0.0005 0.064)
(0.007 0.0005 0.064)
(0.00725 0.0005 0.064)
(0.0075 0.0005 0.064)
(0.00775 0.0005 0.064)
(0.008 0.0005 0.064)
(0.00825 0.0005 0.064)
(0.0085 0.0005 0.064)
(0.00875 0.0005 0.064)
(0.009 0.0005 0.064)
(0.00925 0.0005 0.064)
(0.0095 0.0005 0.064)
(0.00975 0.0005 0.064)
(0.01 0.0005 0.064)
(0.01025 0.0005 0.064)
(0.0105 0.0005 0.064)
(0.01075 0.0005 0.064)
(0.011 0.0005 0.064)
(0.01125 0.0005 0.064)
(0.0115 0.0005 0.064)
(0.01175 0.0005 0.064)
(0.012 0.0005 0.064)
(0.01225 0.0005 0.064)
(0.0125 0.0005 0.064)
(0.01275 0.0005 0.064)
(0.013 0.0005 0.064)
(0.01325 0.0005 0.064)
(0.0135 0.0005 0.064)
(0.01375 0.0005 0.064)
(0.014 0.0005 0.064)
(0.01425 0.0005 0.064)
(0.0145 0.0005 0.064)
(0.01475 0.0005 0.064)
(0.015 0.0005 0.064)
(0.01525 0.0005 0.064)
(0.0155 0.0005 0.064)
(0.01575 0.0005 0.064)
(0.016 0.0005 0.064)
(0.01625 0.0005 0.064)
(0.0165 0.0005 0.064)
(0.01675 0.0005 0.064)
(0.017 0.0005 0.064)
(0.01725 0.0005 0.064)
(0.0175 0.0005 0.064)
(0.01775 0.0005 0.064)
(0.018 0.0005 0.064)
(0.01825 0.0005 0.064)
(0.0185 0.0005 0.064)
(0.01875 0.0005 0.064)
(0.019 0.0005 0.064)
(0.01925 0.0005 0.064)
(0.0195 0.0005 0.064)
(0.01975 0.0005 0.064)
(0.02 0.0005 0.064)
(0.02025 0.0005 0.064)
(0.0205 0.0005 0.064)
(0.02075 0.0005 0.064)
(0.021 0.0005 0.064)
(0.02125 0.0005 0.064)
(0.0215 0.0005 0.064)
(0.02175 0.0005 0.064)
(0.022 0.0005 0.064)
(0.02225 0.0005 0.064)
(0.0225 0.0005 0.064)
(0.02275 0.0005 0.064)
(0.023 0.0005 0.064)
(0.02325 0.0005 0.064)
(0.0235 0.0005 0.064)
(0.02375 0.0005 0.064)
(0.024 0.0005 0.064)
(0.02425 0.0005 0.064)
(0.0245 0.0005 0.064)
(0.02475 0.0005 0.064)
(0.025 0.0005 0.064)
(0.02525 0.0005 0.064)
(0.0255 0.0005 0.064)
(0.02575 0.0005 0.064)
(0.026 0.0005 0.064)
(0.02625 0.0005 0.064)
(0.0265 0.0005 0.064)
(0.02675 0.0005 0.064)
(0.027 0.0005 0.064)
(0.02725 0.0005 0.064)
(0.0275 0.0005 0.064)
(0.02775 0.0005 0.064)
(0.028 0.0005 0.064)
(0.02825 0.0005 0.064)
(0.0285 0.0005 0.064)
(0.02875 0.0005 0.064)
(0.029 0.0005 0.064)
(0.02925 0.0005 0.064)
(0.0295 0.0005 0.064)
(0.02975 0.0005 0.064)
(0.03 0.0005 0.064)
(0.03025 0.0005 0.064)
(0.0305 0.0005 0.064)
(0.03075 0.0005 0.064)
(0.031 0.0005 0.064)
(0.03125 0.0005 0.064)
(0.0315 0.0005 0.064)
(0.03175 0.0005 0.064)
(0.032 0.0005 0.064)
(0.03225 0.0005 0.064)
(0.0325 0.0005 0.064)
(0.03275 0.0005 0.064)
(0.033 0.0005 0.064)
(0.03325 0.0005 0.064)
(0.0335 0.0005 0.064)
(0.03375 0.0005 0.064)
(0.034 0.0005 0.064)
(0.03425 0.0005 0.064)
(0.0345 0.0005 0.064)
(0.03475 0.0005 0.064)
(0.035 0.0005 0.064)
(0 0.00075 0.064)
(0.00025 0.00075 0.064)
(0.0005 0.00075 0.064)
(0.00075 0.00075 0.064)
(0.001 0.00075 0.064)
(0.00125 0.00075 0.064)
(0.0015 0.00075 0.064)
(0.00175 0.00075 0.064)
(0.002 0.00075 0.064)
(0.00225 0.00075 0.064)
(0.0025 0.00075 0.064)
(0.00275 0.00075 0.064)
(0.003 0.00075 0.064)
(0.00325 0.00075 0.064)
(0.0035 0.00075 0.064)
(0.00375 0.00075 0.064)
(0.004 0.00075 0.064)
(0.00425 0.00075 0.064)
(0.0045 0.00075 0.064)
(0.00475 0.00075 0.064)
(0.005 0.00075 0.064)
(0.00525 0.00075 0.064)
(0.0055 0.00075 0.064)
(0.00575 0.00075 0.064)
(0.006 0.00075 0.064)
(0.00625 0.00075 0.064)
(0.0065 0.00075 0.064)
(0.00675 0.00075 0.064)
(0.007 0.00075 0.064)
(0.00725 0.00075 0.064)
(0.0075 0.00075 0.064)
(0.00775 0.00075 0.064)
(0.008 0.00075 0.064)
(0.00825 0.00075 0.064)
(0.0085 0.00075 0.064)
(0.00875 0.00075 0.064)
(0.009 0.00075 0.064)
(0.00925 0.00075 0.064)
(0.0095 0.00075 0.064)
(0.00975 0.00075 0.064)
(0.01 0.00075 0.064)
(0.01025 0.00075 0.064)
(0.0105 0.00075 0.064)
(0.01075 0.00075 0.064)
(0.011 0.00075 0.064)
(0.01125 0.00075 0.064)
(0.0115 0.00075 0.064)
(0.01175 0.00075 0.064)
(0.012 0.00075 0.064)
(0.01225 0.00075 0.064)
(0.0125 0.00075 0.064)
(0.01275 0.00075 0.064)
(0.013 0.00075 0.064)
(0.01325 0.00075 0.064)
(0.0135 0.00075 0.064)
(0.01375 0.00075 0.064)
(0.014 0.00075 0.064)
(0.01425 0.00075 0.064)
(0.0145 0.00075 0.064)
(0.01475 0.00075 0.064)
(0.015 0.00075 0.064)
(0.01525 0.00075 0.064)
(0.0155 0.00075 0.064)
(0.01575 0.00075 0.064)
(0.016 0.00075 0.064)
(0.01625 0.00075 0.064)
(0.0165 0.00075 0.064)
(0.01675 0.00075 0.064)
(0.017 0.00075 0.064)
(0.01725 0.00075 0.064)
(0.0175 0.00075 0.064)
(0.01775 0.00075 0.064)
(0.018 0.00075 0.064)
(0.01825 0.00075 0.064)
(0.0185 0.00075 0.064)
(0.01875 0.00075 0.064)
(0.019 0.00075 0.064)
(0.01925 0.00075 0.064)
(0.0195 0.00075 0.064)
(0.01975 0.00075 0.064)
(0.02 0.00075 0.064)
(0.02025 0.00075 0.064)
(0.0205 0.00075 0.064)
(0.02075 0.00075 0.064)
(0.021 0.00075 0.064)
(0.02125 0.00075 0.064)
(0.0215 0.00075 0.064)
(0.02175 0.00075 0.064)
(0.022 0.00075 0.064)
(0.02225 0.00075 0.064)
(0.0225 0.00075 0.064)
(0.02275 0.00075 0.064)
(0.023 0.00075 0.064)
(0.02325 0.00075 0.064)
(0.0235 0.00075 0.064)
(0.02375 0.00075 0.064)
(0.024 0.00075 0.064)
(0.02425 0.00075 0.064)
(0.0245 0.00075 0.064)
(0.02475 0.00075 0.064)
(0.025 0.00075 0.064)
(0.02525 0.00075 0.064)
(0.0255 0.00075 0.064)
(0.02575 0.00075 0.064)
(0.026 0.00075 0.064)
(0.02625 0.00075 0.064)
(0.0265 0.00075 0.064)
(0.02675 0.00075 0.064)
(0.027 0.00075 0.064)
(0.02725 0.00075 0.064)
(0.0275 0.00075 0.064)
(0.02775 0.00075 0.064)
(0.028 0.00075 0.064)
(0.02825 0.00075 0.064)
(0.0285 0.00075 0.064)
(0.02875 0.00075 0.064)
(0.029 0.00075 0.064)
(0.02925 0.00075 0.064)
(0.0295 0.00075 0.064)
(0.02975 0.00075 0.064)
(0.03 0.00075 0.064)
(0.03025 0.00075 0.064)
(0.0305 0.00075 0.064)
(0.03075 0.00075 0.064)
(0.031 0.00075 0.064)
(0.03125 0.00075 0.064)
(0.0315 0.00075 0.064)
(0.03175 0.00075 0.064)
(0.032 0.00075 0.064)
(0.03225 0.00075 0.064)
(0.0325 0.00075 0.064)
(0.03275 0.00075 0.064)
(0.033 0.00075 0.064)
(0.03325 0.00075 0.064)
(0.0335 0.00075 0.064)
(0.03375 0.00075 0.064)
(0.034 0.00075 0.064)
(0.03425 0.00075 0.064)
(0.0345 0.00075 0.064)
(0.03475 0.00075 0.064)
(0.035 0.00075 0.064)
(0 0.001 0.064)
(0.00025 0.001 0.064)
(0.0005 0.001 0.064)
(0.00075 0.001 0.064)
(0.001 0.001 0.064)
(0.00125 0.001 0.064)
(0.0015 0.001 0.064)
(0.00175 0.001 0.064)
(0.002 0.001 0.064)
(0.00225 0.001 0.064)
(0.0025 0.001 0.064)
(0.00275 0.001 0.064)
(0.003 0.001 0.064)
(0.00325 0.001 0.064)
(0.0035 0.001 0.064)
(0.00375 0.001 0.064)
(0.004 0.001 0.064)
(0.00425 0.001 0.064)
(0.0045 0.001 0.064)
(0.00475 0.001 0.064)
(0.005 0.001 0.064)
(0.00525 0.001 0.064)
(0.0055 0.001 0.064)
(0.00575 0.001 0.064)
(0.006 0.001 0.064)
(0.00625 0.001 0.064)
(0.0065 0.001 0.064)
(0.00675 0.001 0.064)
(0.007 0.001 0.064)
(0.00725 0.001 0.064)
(0.0075 0.001 0.064)
(0.00775 0.001 0.064)
(0.008 0.001 0.064)
(0.00825 0.001 0.064)
(0.0085 0.001 0.064)
(0.00875 0.001 0.064)
(0.009 0.001 0.064)
(0.00925 0.001 0.064)
(0.0095 0.001 0.064)
(0.00975 0.001 0.064)
(0.01 0.001 0.064)
(0.01025 0.001 0.064)
(0.0105 0.001 0.064)
(0.01075 0.001 0.064)
(0.011 0.001 0.064)
(0.01125 0.001 0.064)
(0.0115 0.001 0.064)
(0.01175 0.001 0.064)
(0.012 0.001 0.064)
(0.01225 0.001 0.064)
(0.0125 0.001 0.064)
(0.01275 0.001 0.064)
(0.013 0.001 0.064)
(0.01325 0.001 0.064)
(0.0135 0.001 0.064)
(0.01375 0.001 0.064)
(0.014 0.001 0.064)
(0.01425 0.001 0.064)
(0.0145 0.001 0.064)
(0.01475 0.001 0.064)
(0.015 0.001 0.064)
(0.01525 0.001 0.064)
(0.0155 0.001 0.064)
(0.01575 0.001 0.064)
(0.016 0.001 0.064)
(0.01625 0.001 0.064)
(0.0165 0.001 0.064)
(0.01675 0.001 0.064)
(0.017 0.001 0.064)
(0.01725 0.001 0.064)
(0.0175 0.001 0.064)
(0.01775 0.001 0.064)
(0.018 0.001 0.064)
(0.01825 0.001 0.064)
(0.0185 0.001 0.064)
(0.01875 0.001 0.064)
(0.019 0.001 0.064)
(0.01925 0.001 0.064)
(0.0195 0.001 0.064)
(0.01975 0.001 0.064)
(0.02 0.001 0.064)
(0.02025 0.001 0.064)
(0.0205 0.001 0.064)
(0.02075 0.001 0.064)
(0.021 0.001 0.064)
(0.02125 0.001 0.064)
(0.0215 0.001 0.064)
(0.02175 0.001 0.064)
(0.022 0.001 0.064)
(0.02225 0.001 0.064)
(0.0225 0.001 0.064)
(0.02275 0.001 0.064)
(0.023 0.001 0.064)
(0.02325 0.001 0.064)
(0.0235 0.001 0.064)
(0.02375 0.001 0.064)
(0.024 0.001 0.064)
(0.02425 0.001 0.064)
(0.0245 0.001 0.064)
(0.02475 0.001 0.064)
(0.025 0.001 0.064)
(0.02525 0.001 0.064)
(0.0255 0.001 0.064)
(0.02575 0.001 0.064)
(0.026 0.001 0.064)
(0.02625 0.001 0.064)
(0.0265 0.001 0.064)
(0.02675 0.001 0.064)
(0.027 0.001 0.064)
(0.02725 0.001 0.064)
(0.0275 0.001 0.064)
(0.02775 0.001 0.064)
(0.028 0.001 0.064)
(0.02825 0.001 0.064)
(0.0285 0.001 0.064)
(0.02875 0.001 0.064)
(0.029 0.001 0.064)
(0.02925 0.001 0.064)
(0.0295 0.001 0.064)
(0.02975 0.001 0.064)
(0.03 0.001 0.064)
(0.03025 0.001 0.064)
(0.0305 0.001 0.064)
(0.03075 0.001 0.064)
(0.031 0.001 0.064)
(0.03125 0.001 0.064)
(0.0315 0.001 0.064)
(0.03175 0.001 0.064)
(0.032 0.001 0.064)
(0.03225 0.001 0.064)
(0.0325 0.001 0.064)
(0.03275 0.001 0.064)
(0.033 0.001 0.064)
(0.03325 0.001 0.064)
(0.0335 0.001 0.064)
(0.03375 0.001 0.064)
(0.034 0.001 0.064)
(0.03425 0.001 0.064)
(0.0345 0.001 0.064)
(0.03475 0.001 0.064)
(0.035 0.001 0.064)
(0 0.00125 0.064)
(0.00025 0.00125 0.064)
(0.0005 0.00125 0.064)
(0.00075 0.00125 0.064)
(0.001 0.00125 0.064)
(0.00125 0.00125 0.064)
(0.0015 0.00125 0.064)
(0.00175 0.00125 0.064)
(0.002 0.00125 0.064)
(0.00225 0.00125 0.064)
(0.0025 0.00125 0.064)
(0.00275 0.00125 0.064)
(0.003 0.00125 0.064)
(0.00325 0.00125 0.064)
(0.0035 0.00125 0.064)
(0.00375 0.00125 0.064)
(0.004 0.00125 0.064)
(0.00425 0.00125 0.064)
(0.0045 0.00125 0.064)
(0.00475 0.00125 0.064)
(0.005 0.00125 0.064)
(0.00525 0.00125 0.064)
(0.0055 0.00125 0.064)
(0.00575 0.00125 0.064)
(0.006 0.00125 0.064)
(0.00625 0.00125 0.064)
(0.0065 0.00125 0.064)
(0.00675 0.00125 0.064)
(0.007 0.00125 0.064)
(0.00725 0.00125 0.064)
(0.0075 0.00125 0.064)
(0.00775 0.00125 0.064)
(0.008 0.00125 0.064)
(0.00825 0.00125 0.064)
(0.0085 0.00125 0.064)
(0.00875 0.00125 0.064)
(0.009 0.00125 0.064)
(0.00925 0.00125 0.064)
(0.0095 0.00125 0.064)
(0.00975 0.00125 0.064)
(0.01 0.00125 0.064)
(0.01025 0.00125 0.064)
(0.0105 0.00125 0.064)
(0.01075 0.00125 0.064)
(0.011 0.00125 0.064)
(0.01125 0.00125 0.064)
(0.0115 0.00125 0.064)
(0.01175 0.00125 0.064)
(0.012 0.00125 0.064)
(0.01225 0.00125 0.064)
(0.0125 0.00125 0.064)
(0.01275 0.00125 0.064)
(0.013 0.00125 0.064)
(0.01325 0.00125 0.064)
(0.0135 0.00125 0.064)
(0.01375 0.00125 0.064)
(0.014 0.00125 0.064)
(0.01425 0.00125 0.064)
(0.0145 0.00125 0.064)
(0.01475 0.00125 0.064)
(0.015 0.00125 0.064)
(0.01525 0.00125 0.064)
(0.0155 0.00125 0.064)
(0.01575 0.00125 0.064)
(0.016 0.00125 0.064)
(0.01625 0.00125 0.064)
(0.0165 0.00125 0.064)
(0.01675 0.00125 0.064)
(0.017 0.00125 0.064)
(0.01725 0.00125 0.064)
(0.0175 0.00125 0.064)
(0.01775 0.00125 0.064)
(0.018 0.00125 0.064)
(0.01825 0.00125 0.064)
(0.0185 0.00125 0.064)
(0.01875 0.00125 0.064)
(0.019 0.00125 0.064)
(0.01925 0.00125 0.064)
(0.0195 0.00125 0.064)
(0.01975 0.00125 0.064)
(0.02 0.00125 0.064)
(0.02025 0.00125 0.064)
(0.0205 0.00125 0.064)
(0.02075 0.00125 0.064)
(0.021 0.00125 0.064)
(0.02125 0.00125 0.064)
(0.0215 0.00125 0.064)
(0.02175 0.00125 0.064)
(0.022 0.00125 0.064)
(0.02225 0.00125 0.064)
(0.0225 0.00125 0.064)
(0.02275 0.00125 0.064)
(0.023 0.00125 0.064)
(0.02325 0.00125 0.064)
(0.0235 0.00125 0.064)
(0.02375 0.00125 0.064)
(0.024 0.00125 0.064)
(0.02425 0.00125 0.064)
(0.0245 0.00125 0.064)
(0.02475 0.00125 0.064)
(0.025 0.00125 0.064)
(0.02525 0.00125 0.064)
(0.0255 0.00125 0.064)
(0.02575 0.00125 0.064)
(0.026 0.00125 0.064)
(0.02625 0.00125 0.064)
(0.0265 0.00125 0.064)
(0.02675 0.00125 0.064)
(0.027 0.00125 0.064)
(0.02725 0.00125 0.064)
(0.0275 0.00125 0.064)
(0.02775 0.00125 0.064)
(0.028 0.00125 0.064)
(0.02825 0.00125 0.064)
(0.0285 0.00125 0.064)
(0.02875 0.00125 0.064)
(0.029 0.00125 0.064)
(0.02925 0.00125 0.064)
(0.0295 0.00125 0.064)
(0.02975 0.00125 0.064)
(0.03 0.00125 0.064)
(0.03025 0.00125 0.064)
(0.0305 0.00125 0.064)
(0.03075 0.00125 0.064)
(0.031 0.00125 0.064)
(0.03125 0.00125 0.064)
(0.0315 0.00125 0.064)
(0.03175 0.00125 0.064)
(0.032 0.00125 0.064)
(0.03225 0.00125 0.064)
(0.0325 0.00125 0.064)
(0.03275 0.00125 0.064)
(0.033 0.00125 0.064)
(0.03325 0.00125 0.064)
(0.0335 0.00125 0.064)
(0.03375 0.00125 0.064)
(0.034 0.00125 0.064)
(0.03425 0.00125 0.064)
(0.0345 0.00125 0.064)
(0.03475 0.00125 0.064)
(0.035 0.00125 0.064)
(0 0.0015 0.064)
(0.00025 0.0015 0.064)
(0.0005 0.0015 0.064)
(0.00075 0.0015 0.064)
(0.001 0.0015 0.064)
(0.00125 0.0015 0.064)
(0.0015 0.0015 0.064)
(0.00175 0.0015 0.064)
(0.002 0.0015 0.064)
(0.00225 0.0015 0.064)
(0.0025 0.0015 0.064)
(0.00275 0.0015 0.064)
(0.003 0.0015 0.064)
(0.00325 0.0015 0.064)
(0.0035 0.0015 0.064)
(0.00375 0.0015 0.064)
(0.004 0.0015 0.064)
(0.00425 0.0015 0.064)
(0.0045 0.0015 0.064)
(0.00475 0.0015 0.064)
(0.005 0.0015 0.064)
(0.00525 0.0015 0.064)
(0.0055 0.0015 0.064)
(0.00575 0.0015 0.064)
(0.006 0.0015 0.064)
(0.00625 0.0015 0.064)
(0.0065 0.0015 0.064)
(0.00675 0.0015 0.064)
(0.007 0.0015 0.064)
(0.00725 0.0015 0.064)
(0.0075 0.0015 0.064)
(0.00775 0.0015 0.064)
(0.008 0.0015 0.064)
(0.00825 0.0015 0.064)
(0.0085 0.0015 0.064)
(0.00875 0.0015 0.064)
(0.009 0.0015 0.064)
(0.00925 0.0015 0.064)
(0.0095 0.0015 0.064)
(0.00975 0.0015 0.064)
(0.01 0.0015 0.064)
(0.01025 0.0015 0.064)
(0.0105 0.0015 0.064)
(0.01075 0.0015 0.064)
(0.011 0.0015 0.064)
(0.01125 0.0015 0.064)
(0.0115 0.0015 0.064)
(0.01175 0.0015 0.064)
(0.012 0.0015 0.064)
(0.01225 0.0015 0.064)
(0.0125 0.0015 0.064)
(0.01275 0.0015 0.064)
(0.013 0.0015 0.064)
(0.01325 0.0015 0.064)
(0.0135 0.0015 0.064)
(0.01375 0.0015 0.064)
(0.014 0.0015 0.064)
(0.01425 0.0015 0.064)
(0.0145 0.0015 0.064)
(0.01475 0.0015 0.064)
(0.015 0.0015 0.064)
(0.01525 0.0015 0.064)
(0.0155 0.0015 0.064)
(0.01575 0.0015 0.064)
(0.016 0.0015 0.064)
(0.01625 0.0015 0.064)
(0.0165 0.0015 0.064)
(0.01675 0.0015 0.064)
(0.017 0.0015 0.064)
(0.01725 0.0015 0.064)
(0.0175 0.0015 0.064)
(0.01775 0.0015 0.064)
(0.018 0.0015 0.064)
(0.01825 0.0015 0.064)
(0.0185 0.0015 0.064)
(0.01875 0.0015 0.064)
(0.019 0.0015 0.064)
(0.01925 0.0015 0.064)
(0.0195 0.0015 0.064)
(0.01975 0.0015 0.064)
(0.02 0.0015 0.064)
(0.02025 0.0015 0.064)
(0.0205 0.0015 0.064)
(0.02075 0.0015 0.064)
(0.021 0.0015 0.064)
(0.02125 0.0015 0.064)
(0.0215 0.0015 0.064)
(0.02175 0.0015 0.064)
(0.022 0.0015 0.064)
(0.02225 0.0015 0.064)
(0.0225 0.0015 0.064)
(0.02275 0.0015 0.064)
(0.023 0.0015 0.064)
(0.02325 0.0015 0.064)
(0.0235 0.0015 0.064)
(0.02375 0.0015 0.064)
(0.024 0.0015 0.064)
(0.02425 0.0015 0.064)
(0.0245 0.0015 0.064)
(0.02475 0.0015 0.064)
(0.025 0.0015 0.064)
(0.02525 0.0015 0.064)
(0.0255 0.0015 0.064)
(0.02575 0.0015 0.064)
(0.026 0.0015 0.064)
(0.02625 0.0015 0.064)
(0.0265 0.0015 0.064)
(0.02675 0.0015 0.064)
(0.027 0.0015 0.064)
(0.02725 0.0015 0.064)
(0.0275 0.0015 0.064)
(0.02775 0.0015 0.064)
(0.028 0.0015 0.064)
(0.02825 0.0015 0.064)
(0.0285 0.0015 0.064)
(0.02875 0.0015 0.064)
(0.029 0.0015 0.064)
(0.02925 0.0015 0.064)
(0.0295 0.0015 0.064)
(0.02975 0.0015 0.064)
(0.03 0.0015 0.064)
(0.03025 0.0015 0.064)
(0.0305 0.0015 0.064)
(0.03075 0.0015 0.064)
(0.031 0.0015 0.064)
(0.03125 0.0015 0.064)
(0.0315 0.0015 0.064)
(0.03175 0.0015 0.064)
(0.032 0.0015 0.064)
(0.03225 0.0015 0.064)
(0.0325 0.0015 0.064)
(0.03275 0.0015 0.064)
(0.033 0.0015 0.064)
(0.03325 0.0015 0.064)
(0.0335 0.0015 0.064)
(0.03375 0.0015 0.064)
(0.034 0.0015 0.064)
(0.03425 0.0015 0.064)
(0.0345 0.0015 0.064)
(0.03475 0.0015 0.064)
(0.035 0.0015 0.064)
(0 0.00175 0.064)
(0.00025 0.00175 0.064)
(0.0005 0.00175 0.064)
(0.00075 0.00175 0.064)
(0.001 0.00175 0.064)
(0.00125 0.00175 0.064)
(0.0015 0.00175 0.064)
(0.00175 0.00175 0.064)
(0.002 0.00175 0.064)
(0.00225 0.00175 0.064)
(0.0025 0.00175 0.064)
(0.00275 0.00175 0.064)
(0.003 0.00175 0.064)
(0.00325 0.00175 0.064)
(0.0035 0.00175 0.064)
(0.00375 0.00175 0.064)
(0.004 0.00175 0.064)
(0.00425 0.00175 0.064)
(0.0045 0.00175 0.064)
(0.00475 0.00175 0.064)
(0.005 0.00175 0.064)
(0.00525 0.00175 0.064)
(0.0055 0.00175 0.064)
(0.00575 0.00175 0.064)
(0.006 0.00175 0.064)
(0.00625 0.00175 0.064)
(0.0065 0.00175 0.064)
(0.00675 0.00175 0.064)
(0.007 0.00175 0.064)
(0.00725 0.00175 0.064)
(0.0075 0.00175 0.064)
(0.00775 0.00175 0.064)
(0.008 0.00175 0.064)
(0.00825 0.00175 0.064)
(0.0085 0.00175 0.064)
(0.00875 0.00175 0.064)
(0.009 0.00175 0.064)
(0.00925 0.00175 0.064)
(0.0095 0.00175 0.064)
(0.00975 0.00175 0.064)
(0.01 0.00175 0.064)
(0.01025 0.00175 0.064)
(0.0105 0.00175 0.064)
(0.01075 0.00175 0.064)
(0.011 0.00175 0.064)
(0.01125 0.00175 0.064)
(0.0115 0.00175 0.064)
(0.01175 0.00175 0.064)
(0.012 0.00175 0.064)
(0.01225 0.00175 0.064)
(0.0125 0.00175 0.064)
(0.01275 0.00175 0.064)
(0.013 0.00175 0.064)
(0.01325 0.00175 0.064)
(0.0135 0.00175 0.064)
(0.01375 0.00175 0.064)
(0.014 0.00175 0.064)
(0.01425 0.00175 0.064)
(0.0145 0.00175 0.064)
(0.01475 0.00175 0.064)
(0.015 0.00175 0.064)
(0.01525 0.00175 0.064)
(0.0155 0.00175 0.064)
(0.01575 0.00175 0.064)
(0.016 0.00175 0.064)
(0.01625 0.00175 0.064)
(0.0165 0.00175 0.064)
(0.01675 0.00175 0.064)
(0.017 0.00175 0.064)
(0.01725 0.00175 0.064)
(0.0175 0.00175 0.064)
(0.01775 0.00175 0.064)
(0.018 0.00175 0.064)
(0.01825 0.00175 0.064)
(0.0185 0.00175 0.064)
(0.01875 0.00175 0.064)
(0.019 0.00175 0.064)
(0.01925 0.00175 0.064)
(0.0195 0.00175 0.064)
(0.01975 0.00175 0.064)
(0.02 0.00175 0.064)
(0.02025 0.00175 0.064)
(0.0205 0.00175 0.064)
(0.02075 0.00175 0.064)
(0.021 0.00175 0.064)
(0.02125 0.00175 0.064)
(0.0215 0.00175 0.064)
(0.02175 0.00175 0.064)
(0.022 0.00175 0.064)
(0.02225 0.00175 0.064)
(0.0225 0.00175 0.064)
(0.02275 0.00175 0.064)
(0.023 0.00175 0.064)
(0.02325 0.00175 0.064)
(0.0235 0.00175 0.064)
(0.02375 0.00175 0.064)
(0.024 0.00175 0.064)
(0.02425 0.00175 0.064)
(0.0245 0.00175 0.064)
(0.02475 0.00175 0.064)
(0.025 0.00175 0.064)
(0.02525 0.00175 0.064)
(0.0255 0.00175 0.064)
(0.02575 0.00175 0.064)
(0.026 0.00175 0.064)
(0.02625 0.00175 0.064)
(0.0265 0.00175 0.064)
(0.02675 0.00175 0.064)
(0.027 0.00175 0.064)
(0.02725 0.00175 0.064)
(0.0275 0.00175 0.064)
(0.02775 0.00175 0.064)
(0.028 0.00175 0.064)
(0.02825 0.00175 0.064)
(0.0285 0.00175 0.064)
(0.02875 0.00175 0.064)
(0.029 0.00175 0.064)
(0.02925 0.00175 0.064)
(0.0295 0.00175 0.064)
(0.02975 0.00175 0.064)
(0.03 0.00175 0.064)
(0.03025 0.00175 0.064)
(0.0305 0.00175 0.064)
(0.03075 0.00175 0.064)
(0.031 0.00175 0.064)
(0.03125 0.00175 0.064)
(0.0315 0.00175 0.064)
(0.03175 0.00175 0.064)
(0.032 0.00175 0.064)
(0.03225 0.00175 0.064)
(0.0325 0.00175 0.064)
(0.03275 0.00175 0.064)
(0.033 0.00175 0.064)
(0.03325 0.00175 0.064)
(0.0335 0.00175 0.064)
(0.03375 0.00175 0.064)
(0.034 0.00175 0.064)
(0.03425 0.00175 0.064)
(0.0345 0.00175 0.064)
(0.03475 0.00175 0.064)
(0.035 0.00175 0.064)
(0 0.002 0.064)
(0.00025 0.002 0.064)
(0.0005 0.002 0.064)
(0.00075 0.002 0.064)
(0.001 0.002 0.064)
(0.00125 0.002 0.064)
(0.0015 0.002 0.064)
(0.00175 0.002 0.064)
(0.002 0.002 0.064)
(0.00225 0.002 0.064)
(0.0025 0.002 0.064)
(0.00275 0.002 0.064)
(0.003 0.002 0.064)
(0.00325 0.002 0.064)
(0.0035 0.002 0.064)
(0.00375 0.002 0.064)
(0.004 0.002 0.064)
(0.00425 0.002 0.064)
(0.0045 0.002 0.064)
(0.00475 0.002 0.064)
(0.005 0.002 0.064)
(0.00525 0.002 0.064)
(0.0055 0.002 0.064)
(0.00575 0.002 0.064)
(0.006 0.002 0.064)
(0.00625 0.002 0.064)
(0.0065 0.002 0.064)
(0.00675 0.002 0.064)
(0.007 0.002 0.064)
(0.00725 0.002 0.064)
(0.0075 0.002 0.064)
(0.00775 0.002 0.064)
(0.008 0.002 0.064)
(0.00825 0.002 0.064)
(0.0085 0.002 0.064)
(0.00875 0.002 0.064)
(0.009 0.002 0.064)
(0.00925 0.002 0.064)
(0.0095 0.002 0.064)
(0.00975 0.002 0.064)
(0.01 0.002 0.064)
(0.01025 0.002 0.064)
(0.0105 0.002 0.064)
(0.01075 0.002 0.064)
(0.011 0.002 0.064)
(0.01125 0.002 0.064)
(0.0115 0.002 0.064)
(0.01175 0.002 0.064)
(0.012 0.002 0.064)
(0.01225 0.002 0.064)
(0.0125 0.002 0.064)
(0.01275 0.002 0.064)
(0.013 0.002 0.064)
(0.01325 0.002 0.064)
(0.0135 0.002 0.064)
(0.01375 0.002 0.064)
(0.014 0.002 0.064)
(0.01425 0.002 0.064)
(0.0145 0.002 0.064)
(0.01475 0.002 0.064)
(0.015 0.002 0.064)
(0.01525 0.002 0.064)
(0.0155 0.002 0.064)
(0.01575 0.002 0.064)
(0.016 0.002 0.064)
(0.01625 0.002 0.064)
(0.0165 0.002 0.064)
(0.01675 0.002 0.064)
(0.017 0.002 0.064)
(0.01725 0.002 0.064)
(0.0175 0.002 0.064)
(0.01775 0.002 0.064)
(0.018 0.002 0.064)
(0.01825 0.002 0.064)
(0.0185 0.002 0.064)
(0.01875 0.002 0.064)
(0.019 0.002 0.064)
(0.01925 0.002 0.064)
(0.0195 0.002 0.064)
(0.01975 0.002 0.064)
(0.02 0.002 0.064)
(0.02025 0.002 0.064)
(0.0205 0.002 0.064)
(0.02075 0.002 0.064)
(0.021 0.002 0.064)
(0.02125 0.002 0.064)
(0.0215 0.002 0.064)
(0.02175 0.002 0.064)
(0.022 0.002 0.064)
(0.02225 0.002 0.064)
(0.0225 0.002 0.064)
(0.02275 0.002 0.064)
(0.023 0.002 0.064)
(0.02325 0.002 0.064)
(0.0235 0.002 0.064)
(0.02375 0.002 0.064)
(0.024 0.002 0.064)
(0.02425 0.002 0.064)
(0.0245 0.002 0.064)
(0.02475 0.002 0.064)
(0.025 0.002 0.064)
(0.02525 0.002 0.064)
(0.0255 0.002 0.064)
(0.02575 0.002 0.064)
(0.026 0.002 0.064)
(0.02625 0.002 0.064)
(0.0265 0.002 0.064)
(0.02675 0.002 0.064)
(0.027 0.002 0.064)
(0.02725 0.002 0.064)
(0.0275 0.002 0.064)
(0.02775 0.002 0.064)
(0.028 0.002 0.064)
(0.02825 0.002 0.064)
(0.0285 0.002 0.064)
(0.02875 0.002 0.064)
(0.029 0.002 0.064)
(0.02925 0.002 0.064)
(0.0295 0.002 0.064)
(0.02975 0.002 0.064)
(0.03 0.002 0.064)
(0.03025 0.002 0.064)
(0.0305 0.002 0.064)
(0.03075 0.002 0.064)
(0.031 0.002 0.064)
(0.03125 0.002 0.064)
(0.0315 0.002 0.064)
(0.03175 0.002 0.064)
(0.032 0.002 0.064)
(0.03225 0.002 0.064)
(0.0325 0.002 0.064)
(0.03275 0.002 0.064)
(0.033 0.002 0.064)
(0.03325 0.002 0.064)
(0.0335 0.002 0.064)
(0.03375 0.002 0.064)
(0.034 0.002 0.064)
(0.03425 0.002 0.064)
(0.0345 0.002 0.064)
(0.03475 0.002 0.064)
(0.035 0.002 0.064)
(0 0.00225 0.064)
(0.00025 0.00225 0.064)
(0.0005 0.00225 0.064)
(0.00075 0.00225 0.064)
(0.001 0.00225 0.064)
(0.00125 0.00225 0.064)
(0.0015 0.00225 0.064)
(0.00175 0.00225 0.064)
(0.002 0.00225 0.064)
(0.00225 0.00225 0.064)
(0.0025 0.00225 0.064)
(0.00275 0.00225 0.064)
(0.003 0.00225 0.064)
(0.00325 0.00225 0.064)
(0.0035 0.00225 0.064)
(0.00375 0.00225 0.064)
(0.004 0.00225 0.064)
(0.00425 0.00225 0.064)
(0.0045 0.00225 0.064)
(0.00475 0.00225 0.064)
(0.005 0.00225 0.064)
(0.00525 0.00225 0.064)
(0.0055 0.00225 0.064)
(0.00575 0.00225 0.064)
(0.006 0.00225 0.064)
(0.00625 0.00225 0.064)
(0.0065 0.00225 0.064)
(0.00675 0.00225 0.064)
(0.007 0.00225 0.064)
(0.00725 0.00225 0.064)
(0.0075 0.00225 0.064)
(0.00775 0.00225 0.064)
(0.008 0.00225 0.064)
(0.00825 0.00225 0.064)
(0.0085 0.00225 0.064)
(0.00875 0.00225 0.064)
(0.009 0.00225 0.064)
(0.00925 0.00225 0.064)
(0.0095 0.00225 0.064)
(0.00975 0.00225 0.064)
(0.01 0.00225 0.064)
(0.01025 0.00225 0.064)
(0.0105 0.00225 0.064)
(0.01075 0.00225 0.064)
(0.011 0.00225 0.064)
(0.01125 0.00225 0.064)
(0.0115 0.00225 0.064)
(0.01175 0.00225 0.064)
(0.012 0.00225 0.064)
(0.01225 0.00225 0.064)
(0.0125 0.00225 0.064)
(0.01275 0.00225 0.064)
(0.013 0.00225 0.064)
(0.01325 0.00225 0.064)
(0.0135 0.00225 0.064)
(0.01375 0.00225 0.064)
(0.014 0.00225 0.064)
(0.01425 0.00225 0.064)
(0.0145 0.00225 0.064)
(0.01475 0.00225 0.064)
(0.015 0.00225 0.064)
(0.01525 0.00225 0.064)
(0.0155 0.00225 0.064)
(0.01575 0.00225 0.064)
(0.016 0.00225 0.064)
(0.01625 0.00225 0.064)
(0.0165 0.00225 0.064)
(0.01675 0.00225 0.064)
(0.017 0.00225 0.064)
(0.01725 0.00225 0.064)
(0.0175 0.00225 0.064)
(0.01775 0.00225 0.064)
(0.018 0.00225 0.064)
(0.01825 0.00225 0.064)
(0.0185 0.00225 0.064)
(0.01875 0.00225 0.064)
(0.019 0.00225 0.064)
(0.01925 0.00225 0.064)
(0.0195 0.00225 0.064)
(0.01975 0.00225 0.064)
(0.02 0.00225 0.064)
(0.02025 0.00225 0.064)
(0.0205 0.00225 0.064)
(0.02075 0.00225 0.064)
(0.021 0.00225 0.064)
(0.02125 0.00225 0.064)
(0.0215 0.00225 0.064)
(0.02175 0.00225 0.064)
(0.022 0.00225 0.064)
(0.02225 0.00225 0.064)
(0.0225 0.00225 0.064)
(0.02275 0.00225 0.064)
(0.023 0.00225 0.064)
(0.02325 0.00225 0.064)
(0.0235 0.00225 0.064)
(0.02375 0.00225 0.064)
(0.024 0.00225 0.064)
(0.02425 0.00225 0.064)
(0.0245 0.00225 0.064)
(0.02475 0.00225 0.064)
(0.025 0.00225 0.064)
(0.02525 0.00225 0.064)
(0.0255 0.00225 0.064)
(0.02575 0.00225 0.064)
(0.026 0.00225 0.064)
(0.02625 0.00225 0.064)
(0.0265 0.00225 0.064)
(0.02675 0.00225 0.064)
(0.027 0.00225 0.064)
(0.02725 0.00225 0.064)
(0.0275 0.00225 0.064)
(0.02775 0.00225 0.064)
(0.028 0.00225 0.064)
(0.02825 0.00225 0.064)
(0.0285 0.00225 0.064)
(0.02875 0.00225 0.064)
(0.029 0.00225 0.064)
(0.02925 0.00225 0.064)
(0.0295 0.00225 0.064)
(0.02975 0.00225 0.064)
(0.03 0.00225 0.064)
(0.03025 0.00225 0.064)
(0.0305 0.00225 0.064)
(0.03075 0.00225 0.064)
(0.031 0.00225 0.064)
(0.03125 0.00225 0.064)
(0.0315 0.00225 0.064)
(0.03175 0.00225 0.064)
(0.032 0.00225 0.064)
(0.03225 0.00225 0.064)
(0.0325 0.00225 0.064)
(0.03275 0.00225 0.064)
(0.033 0.00225 0.064)
(0.03325 0.00225 0.064)
(0.0335 0.00225 0.064)
(0.03375 0.00225 0.064)
(0.034 0.00225 0.064)
(0.03425 0.00225 0.064)
(0.0345 0.00225 0.064)
(0.03475 0.00225 0.064)
(0.035 0.00225 0.064)
(0 0.0025 0.064)
(0.00025 0.0025 0.064)
(0.0005 0.0025 0.064)
(0.00075 0.0025 0.064)
(0.001 0.0025 0.064)
(0.00125 0.0025 0.064)
(0.0015 0.0025 0.064)
(0.00175 0.0025 0.064)
(0.002 0.0025 0.064)
(0.00225 0.0025 0.064)
(0.0025 0.0025 0.064)
(0.00275 0.0025 0.064)
(0.003 0.0025 0.064)
(0.00325 0.0025 0.064)
(0.0035 0.0025 0.064)
(0.00375 0.0025 0.064)
(0.004 0.0025 0.064)
(0.00425 0.0025 0.064)
(0.0045 0.0025 0.064)
(0.00475 0.0025 0.064)
(0.005 0.0025 0.064)
(0.00525 0.0025 0.064)
(0.0055 0.0025 0.064)
(0.00575 0.0025 0.064)
(0.006 0.0025 0.064)
(0.00625 0.0025 0.064)
(0.0065 0.0025 0.064)
(0.00675 0.0025 0.064)
(0.007 0.0025 0.064)
(0.00725 0.0025 0.064)
(0.0075 0.0025 0.064)
(0.00775 0.0025 0.064)
(0.008 0.0025 0.064)
(0.00825 0.0025 0.064)
(0.0085 0.0025 0.064)
(0.00875 0.0025 0.064)
(0.009 0.0025 0.064)
(0.00925 0.0025 0.064)
(0.0095 0.0025 0.064)
(0.00975 0.0025 0.064)
(0.01 0.0025 0.064)
(0.01025 0.0025 0.064)
(0.0105 0.0025 0.064)
(0.01075 0.0025 0.064)
(0.011 0.0025 0.064)
(0.01125 0.0025 0.064)
(0.0115 0.0025 0.064)
(0.01175 0.0025 0.064)
(0.012 0.0025 0.064)
(0.01225 0.0025 0.064)
(0.0125 0.0025 0.064)
(0.01275 0.0025 0.064)
(0.013 0.0025 0.064)
(0.01325 0.0025 0.064)
(0.0135 0.0025 0.064)
(0.01375 0.0025 0.064)
(0.014 0.0025 0.064)
(0.01425 0.0025 0.064)
(0.0145 0.0025 0.064)
(0.01475 0.0025 0.064)
(0.015 0.0025 0.064)
(0.01525 0.0025 0.064)
(0.0155 0.0025 0.064)
(0.01575 0.0025 0.064)
(0.016 0.0025 0.064)
(0.01625 0.0025 0.064)
(0.0165 0.0025 0.064)
(0.01675 0.0025 0.064)
(0.017 0.0025 0.064)
(0.01725 0.0025 0.064)
(0.0175 0.0025 0.064)
(0.01775 0.0025 0.064)
(0.018 0.0025 0.064)
(0.01825 0.0025 0.064)
(0.0185 0.0025 0.064)
(0.01875 0.0025 0.064)
(0.019 0.0025 0.064)
(0.01925 0.0025 0.064)
(0.0195 0.0025 0.064)
(0.01975 0.0025 0.064)
(0.02 0.0025 0.064)
(0.02025 0.0025 0.064)
(0.0205 0.0025 0.064)
(0.02075 0.0025 0.064)
(0.021 0.0025 0.064)
(0.02125 0.0025 0.064)
(0.0215 0.0025 0.064)
(0.02175 0.0025 0.064)
(0.022 0.0025 0.064)
(0.02225 0.0025 0.064)
(0.0225 0.0025 0.064)
(0.02275 0.0025 0.064)
(0.023 0.0025 0.064)
(0.02325 0.0025 0.064)
(0.0235 0.0025 0.064)
(0.02375 0.0025 0.064)
(0.024 0.0025 0.064)
(0.02425 0.0025 0.064)
(0.0245 0.0025 0.064)
(0.02475 0.0025 0.064)
(0.025 0.0025 0.064)
(0.02525 0.0025 0.064)
(0.0255 0.0025 0.064)
(0.02575 0.0025 0.064)
(0.026 0.0025 0.064)
(0.02625 0.0025 0.064)
(0.0265 0.0025 0.064)
(0.02675 0.0025 0.064)
(0.027 0.0025 0.064)
(0.02725 0.0025 0.064)
(0.0275 0.0025 0.064)
(0.02775 0.0025 0.064)
(0.028 0.0025 0.064)
(0.02825 0.0025 0.064)
(0.0285 0.0025 0.064)
(0.02875 0.0025 0.064)
(0.029 0.0025 0.064)
(0.02925 0.0025 0.064)
(0.0295 0.0025 0.064)
(0.02975 0.0025 0.064)
(0.03 0.0025 0.064)
(0.03025 0.0025 0.064)
(0.0305 0.0025 0.064)
(0.03075 0.0025 0.064)
(0.031 0.0025 0.064)
(0.03125 0.0025 0.064)
(0.0315 0.0025 0.064)
(0.03175 0.0025 0.064)
(0.032 0.0025 0.064)
(0.03225 0.0025 0.064)
(0.0325 0.0025 0.064)
(0.03275 0.0025 0.064)
(0.033 0.0025 0.064)
(0.03325 0.0025 0.064)
(0.0335 0.0025 0.064)
(0.03375 0.0025 0.064)
(0.034 0.0025 0.064)
(0.03425 0.0025 0.064)
(0.0345 0.0025 0.064)
(0.03475 0.0025 0.064)
(0.035 0.0025 0.064)
(0 0 0.06425)
(0.00025 0 0.06425)
(0.0005 0 0.06425)
(0.00075 0 0.06425)
(0.001 0 0.06425)
(0.00125 0 0.06425)
(0.0015 0 0.06425)
(0.00175 0 0.06425)
(0.002 0 0.06425)
(0.00225 0 0.06425)
(0.0025 0 0.06425)
(0.00275 0 0.06425)
(0.003 0 0.06425)
(0.00325 0 0.06425)
(0.0035 0 0.06425)
(0.00375 0 0.06425)
(0.004 0 0.06425)
(0.00425 0 0.06425)
(0.0045 0 0.06425)
(0.00475 0 0.06425)
(0.005 0 0.06425)
(0.00525 0 0.06425)
(0.0055 0 0.06425)
(0.00575 0 0.06425)
(0.006 0 0.06425)
(0.00625 0 0.06425)
(0.0065 0 0.06425)
(0.00675 0 0.06425)
(0.007 0 0.06425)
(0.00725 0 0.06425)
(0.0075 0 0.06425)
(0.00775 0 0.06425)
(0.008 0 0.06425)
(0.00825 0 0.06425)
(0.0085 0 0.06425)
(0.00875 0 0.06425)
(0.009 0 0.06425)
(0.00925 0 0.06425)
(0.0095 0 0.06425)
(0.00975 0 0.06425)
(0.01 0 0.06425)
(0.01025 0 0.06425)
(0.0105 0 0.06425)
(0.01075 0 0.06425)
(0.011 0 0.06425)
(0.01125 0 0.06425)
(0.0115 0 0.06425)
(0.01175 0 0.06425)
(0.012 0 0.06425)
(0.01225 0 0.06425)
(0.0125 0 0.06425)
(0.01275 0 0.06425)
(0.013 0 0.06425)
(0.01325 0 0.06425)
(0.0135 0 0.06425)
(0.01375 0 0.06425)
(0.014 0 0.06425)
(0.01425 0 0.06425)
(0.0145 0 0.06425)
(0.01475 0 0.06425)
(0.015 0 0.06425)
(0.01525 0 0.06425)
(0.0155 0 0.06425)
(0.01575 0 0.06425)
(0.016 0 0.06425)
(0.01625 0 0.06425)
(0.0165 0 0.06425)
(0.01675 0 0.06425)
(0.017 0 0.06425)
(0.01725 0 0.06425)
(0.0175 0 0.06425)
(0.01775 0 0.06425)
(0.018 0 0.06425)
(0.01825 0 0.06425)
(0.0185 0 0.06425)
(0.01875 0 0.06425)
(0.019 0 0.06425)
(0.01925 0 0.06425)
(0.0195 0 0.06425)
(0.01975 0 0.06425)
(0.02 0 0.06425)
(0.02025 0 0.06425)
(0.0205 0 0.06425)
(0.02075 0 0.06425)
(0.021 0 0.06425)
(0.02125 0 0.06425)
(0.0215 0 0.06425)
(0.02175 0 0.06425)
(0.022 0 0.06425)
(0.02225 0 0.06425)
(0.0225 0 0.06425)
(0.02275 0 0.06425)
(0.023 0 0.06425)
(0.02325 0 0.06425)
(0.0235 0 0.06425)
(0.02375 0 0.06425)
(0.024 0 0.06425)
(0.02425 0 0.06425)
(0.0245 0 0.06425)
(0.02475 0 0.06425)
(0.025 0 0.06425)
(0.02525 0 0.06425)
(0.0255 0 0.06425)
(0.02575 0 0.06425)
(0.026 0 0.06425)
(0.02625 0 0.06425)
(0.0265 0 0.06425)
(0.02675 0 0.06425)
(0.027 0 0.06425)
(0.02725 0 0.06425)
(0.0275 0 0.06425)
(0.02775 0 0.06425)
(0.028 0 0.06425)
(0.02825 0 0.06425)
(0.0285 0 0.06425)
(0.02875 0 0.06425)
(0.029 0 0.06425)
(0.02925 0 0.06425)
(0.0295 0 0.06425)
(0.02975 0 0.06425)
(0.03 0 0.06425)
(0.03025 0 0.06425)
(0.0305 0 0.06425)
(0.03075 0 0.06425)
(0.031 0 0.06425)
(0.03125 0 0.06425)
(0.0315 0 0.06425)
(0.03175 0 0.06425)
(0.032 0 0.06425)
(0.03225 0 0.06425)
(0.0325 0 0.06425)
(0.03275 0 0.06425)
(0.033 0 0.06425)
(0.03325 0 0.06425)
(0.0335 0 0.06425)
(0.03375 0 0.06425)
(0.034 0 0.06425)
(0.03425 0 0.06425)
(0.0345 0 0.06425)
(0.03475 0 0.06425)
(0.035 0 0.06425)
(0 0.00025 0.06425)
(0.00025 0.00025 0.06425)
(0.0005 0.00025 0.06425)
(0.00075 0.00025 0.06425)
(0.001 0.00025 0.06425)
(0.00125 0.00025 0.06425)
(0.0015 0.00025 0.06425)
(0.00175 0.00025 0.06425)
(0.002 0.00025 0.06425)
(0.00225 0.00025 0.06425)
(0.0025 0.00025 0.06425)
(0.00275 0.00025 0.06425)
(0.003 0.00025 0.06425)
(0.00325 0.00025 0.06425)
(0.0035 0.00025 0.06425)
(0.00375 0.00025 0.06425)
(0.004 0.00025 0.06425)
(0.00425 0.00025 0.06425)
(0.0045 0.00025 0.06425)
(0.00475 0.00025 0.06425)
(0.005 0.00025 0.06425)
(0.00525 0.00025 0.06425)
(0.0055 0.00025 0.06425)
(0.00575 0.00025 0.06425)
(0.006 0.00025 0.06425)
(0.00625 0.00025 0.06425)
(0.0065 0.00025 0.06425)
(0.00675 0.00025 0.06425)
(0.007 0.00025 0.06425)
(0.00725 0.00025 0.06425)
(0.0075 0.00025 0.06425)
(0.00775 0.00025 0.06425)
(0.008 0.00025 0.06425)
(0.00825 0.00025 0.06425)
(0.0085 0.00025 0.06425)
(0.00875 0.00025 0.06425)
(0.009 0.00025 0.06425)
(0.00925 0.00025 0.06425)
(0.0095 0.00025 0.06425)
(0.00975 0.00025 0.06425)
(0.01 0.00025 0.06425)
(0.01025 0.00025 0.06425)
(0.0105 0.00025 0.06425)
(0.01075 0.00025 0.06425)
(0.011 0.00025 0.06425)
(0.01125 0.00025 0.06425)
(0.0115 0.00025 0.06425)
(0.01175 0.00025 0.06425)
(0.012 0.00025 0.06425)
(0.01225 0.00025 0.06425)
(0.0125 0.00025 0.06425)
(0.01275 0.00025 0.06425)
(0.013 0.00025 0.06425)
(0.01325 0.00025 0.06425)
(0.0135 0.00025 0.06425)
(0.01375 0.00025 0.06425)
(0.014 0.00025 0.06425)
(0.01425 0.00025 0.06425)
(0.0145 0.00025 0.06425)
(0.01475 0.00025 0.06425)
(0.015 0.00025 0.06425)
(0.01525 0.00025 0.06425)
(0.0155 0.00025 0.06425)
(0.01575 0.00025 0.06425)
(0.016 0.00025 0.06425)
(0.01625 0.00025 0.06425)
(0.0165 0.00025 0.06425)
(0.01675 0.00025 0.06425)
(0.017 0.00025 0.06425)
(0.01725 0.00025 0.06425)
(0.0175 0.00025 0.06425)
(0.01775 0.00025 0.06425)
(0.018 0.00025 0.06425)
(0.01825 0.00025 0.06425)
(0.0185 0.00025 0.06425)
(0.01875 0.00025 0.06425)
(0.019 0.00025 0.06425)
(0.01925 0.00025 0.06425)
(0.0195 0.00025 0.06425)
(0.01975 0.00025 0.06425)
(0.02 0.00025 0.06425)
(0.02025 0.00025 0.06425)
(0.0205 0.00025 0.06425)
(0.02075 0.00025 0.06425)
(0.021 0.00025 0.06425)
(0.02125 0.00025 0.06425)
(0.0215 0.00025 0.06425)
(0.02175 0.00025 0.06425)
(0.022 0.00025 0.06425)
(0.02225 0.00025 0.06425)
(0.0225 0.00025 0.06425)
(0.02275 0.00025 0.06425)
(0.023 0.00025 0.06425)
(0.02325 0.00025 0.06425)
(0.0235 0.00025 0.06425)
(0.02375 0.00025 0.06425)
(0.024 0.00025 0.06425)
(0.02425 0.00025 0.06425)
(0.0245 0.00025 0.06425)
(0.02475 0.00025 0.06425)
(0.025 0.00025 0.06425)
(0.02525 0.00025 0.06425)
(0.0255 0.00025 0.06425)
(0.02575 0.00025 0.06425)
(0.026 0.00025 0.06425)
(0.02625 0.00025 0.06425)
(0.0265 0.00025 0.06425)
(0.02675 0.00025 0.06425)
(0.027 0.00025 0.06425)
(0.02725 0.00025 0.06425)
(0.0275 0.00025 0.06425)
(0.02775 0.00025 0.06425)
(0.028 0.00025 0.06425)
(0.02825 0.00025 0.06425)
(0.0285 0.00025 0.06425)
(0.02875 0.00025 0.06425)
(0.029 0.00025 0.06425)
(0.02925 0.00025 0.06425)
(0.0295 0.00025 0.06425)
(0.02975 0.00025 0.06425)
(0.03 0.00025 0.06425)
(0.03025 0.00025 0.06425)
(0.0305 0.00025 0.06425)
(0.03075 0.00025 0.06425)
(0.031 0.00025 0.06425)
(0.03125 0.00025 0.06425)
(0.0315 0.00025 0.06425)
(0.03175 0.00025 0.06425)
(0.032 0.00025 0.06425)
(0.03225 0.00025 0.06425)
(0.0325 0.00025 0.06425)
(0.03275 0.00025 0.06425)
(0.033 0.00025 0.06425)
(0.03325 0.00025 0.06425)
(0.0335 0.00025 0.06425)
(0.03375 0.00025 0.06425)
(0.034 0.00025 0.06425)
(0.03425 0.00025 0.06425)
(0.0345 0.00025 0.06425)
(0.03475 0.00025 0.06425)
(0.035 0.00025 0.06425)
(0 0.0005 0.06425)
(0.00025 0.0005 0.06425)
(0.0005 0.0005 0.06425)
(0.00075 0.0005 0.06425)
(0.001 0.0005 0.06425)
(0.00125 0.0005 0.06425)
(0.0015 0.0005 0.06425)
(0.00175 0.0005 0.06425)
(0.002 0.0005 0.06425)
(0.00225 0.0005 0.06425)
(0.0025 0.0005 0.06425)
(0.00275 0.0005 0.06425)
(0.003 0.0005 0.06425)
(0.00325 0.0005 0.06425)
(0.0035 0.0005 0.06425)
(0.00375 0.0005 0.06425)
(0.004 0.0005 0.06425)
(0.00425 0.0005 0.06425)
(0.0045 0.0005 0.06425)
(0.00475 0.0005 0.06425)
(0.005 0.0005 0.06425)
(0.00525 0.0005 0.06425)
(0.0055 0.0005 0.06425)
(0.00575 0.0005 0.06425)
(0.006 0.0005 0.06425)
(0.00625 0.0005 0.06425)
(0.0065 0.0005 0.06425)
(0.00675 0.0005 0.06425)
(0.007 0.0005 0.06425)
(0.00725 0.0005 0.06425)
(0.0075 0.0005 0.06425)
(0.00775 0.0005 0.06425)
(0.008 0.0005 0.06425)
(0.00825 0.0005 0.06425)
(0.0085 0.0005 0.06425)
(0.00875 0.0005 0.06425)
(0.009 0.0005 0.06425)
(0.00925 0.0005 0.06425)
(0.0095 0.0005 0.06425)
(0.00975 0.0005 0.06425)
(0.01 0.0005 0.06425)
(0.01025 0.0005 0.06425)
(0.0105 0.0005 0.06425)
(0.01075 0.0005 0.06425)
(0.011 0.0005 0.06425)
(0.01125 0.0005 0.06425)
(0.0115 0.0005 0.06425)
(0.01175 0.0005 0.06425)
(0.012 0.0005 0.06425)
(0.01225 0.0005 0.06425)
(0.0125 0.0005 0.06425)
(0.01275 0.0005 0.06425)
(0.013 0.0005 0.06425)
(0.01325 0.0005 0.06425)
(0.0135 0.0005 0.06425)
(0.01375 0.0005 0.06425)
(0.014 0.0005 0.06425)
(0.01425 0.0005 0.06425)
(0.0145 0.0005 0.06425)
(0.01475 0.0005 0.06425)
(0.015 0.0005 0.06425)
(0.01525 0.0005 0.06425)
(0.0155 0.0005 0.06425)
(0.01575 0.0005 0.06425)
(0.016 0.0005 0.06425)
(0.01625 0.0005 0.06425)
(0.0165 0.0005 0.06425)
(0.01675 0.0005 0.06425)
(0.017 0.0005 0.06425)
(0.01725 0.0005 0.06425)
(0.0175 0.0005 0.06425)
(0.01775 0.0005 0.06425)
(0.018 0.0005 0.06425)
(0.01825 0.0005 0.06425)
(0.0185 0.0005 0.06425)
(0.01875 0.0005 0.06425)
(0.019 0.0005 0.06425)
(0.01925 0.0005 0.06425)
(0.0195 0.0005 0.06425)
(0.01975 0.0005 0.06425)
(0.02 0.0005 0.06425)
(0.02025 0.0005 0.06425)
(0.0205 0.0005 0.06425)
(0.02075 0.0005 0.06425)
(0.021 0.0005 0.06425)
(0.02125 0.0005 0.06425)
(0.0215 0.0005 0.06425)
(0.02175 0.0005 0.06425)
(0.022 0.0005 0.06425)
(0.02225 0.0005 0.06425)
(0.0225 0.0005 0.06425)
(0.02275 0.0005 0.06425)
(0.023 0.0005 0.06425)
(0.02325 0.0005 0.06425)
(0.0235 0.0005 0.06425)
(0.02375 0.0005 0.06425)
(0.024 0.0005 0.06425)
(0.02425 0.0005 0.06425)
(0.0245 0.0005 0.06425)
(0.02475 0.0005 0.06425)
(0.025 0.0005 0.06425)
(0.02525 0.0005 0.06425)
(0.0255 0.0005 0.06425)
(0.02575 0.0005 0.06425)
(0.026 0.0005 0.06425)
(0.02625 0.0005 0.06425)
(0.0265 0.0005 0.06425)
(0.02675 0.0005 0.06425)
(0.027 0.0005 0.06425)
(0.02725 0.0005 0.06425)
(0.0275 0.0005 0.06425)
(0.02775 0.0005 0.06425)
(0.028 0.0005 0.06425)
(0.02825 0.0005 0.06425)
(0.0285 0.0005 0.06425)
(0.02875 0.0005 0.06425)
(0.029 0.0005 0.06425)
(0.02925 0.0005 0.06425)
(0.0295 0.0005 0.06425)
(0.02975 0.0005 0.06425)
(0.03 0.0005 0.06425)
(0.03025 0.0005 0.06425)
(0.0305 0.0005 0.06425)
(0.03075 0.0005 0.06425)
(0.031 0.0005 0.06425)
(0.03125 0.0005 0.06425)
(0.0315 0.0005 0.06425)
(0.03175 0.0005 0.06425)
(0.032 0.0005 0.06425)
(0.03225 0.0005 0.06425)
(0.0325 0.0005 0.06425)
(0.03275 0.0005 0.06425)
(0.033 0.0005 0.06425)
(0.03325 0.0005 0.06425)
(0.0335 0.0005 0.06425)
(0.03375 0.0005 0.06425)
(0.034 0.0005 0.06425)
(0.03425 0.0005 0.06425)
(0.0345 0.0005 0.06425)
(0.03475 0.0005 0.06425)
(0.035 0.0005 0.06425)
(0 0.00075 0.06425)
(0.00025 0.00075 0.06425)
(0.0005 0.00075 0.06425)
(0.00075 0.00075 0.06425)
(0.001 0.00075 0.06425)
(0.00125 0.00075 0.06425)
(0.0015 0.00075 0.06425)
(0.00175 0.00075 0.06425)
(0.002 0.00075 0.06425)
(0.00225 0.00075 0.06425)
(0.0025 0.00075 0.06425)
(0.00275 0.00075 0.06425)
(0.003 0.00075 0.06425)
(0.00325 0.00075 0.06425)
(0.0035 0.00075 0.06425)
(0.00375 0.00075 0.06425)
(0.004 0.00075 0.06425)
(0.00425 0.00075 0.06425)
(0.0045 0.00075 0.06425)
(0.00475 0.00075 0.06425)
(0.005 0.00075 0.06425)
(0.00525 0.00075 0.06425)
(0.0055 0.00075 0.06425)
(0.00575 0.00075 0.06425)
(0.006 0.00075 0.06425)
(0.00625 0.00075 0.06425)
(0.0065 0.00075 0.06425)
(0.00675 0.00075 0.06425)
(0.007 0.00075 0.06425)
(0.00725 0.00075 0.06425)
(0.0075 0.00075 0.06425)
(0.00775 0.00075 0.06425)
(0.008 0.00075 0.06425)
(0.00825 0.00075 0.06425)
(0.0085 0.00075 0.06425)
(0.00875 0.00075 0.06425)
(0.009 0.00075 0.06425)
(0.00925 0.00075 0.06425)
(0.0095 0.00075 0.06425)
(0.00975 0.00075 0.06425)
(0.01 0.00075 0.06425)
(0.01025 0.00075 0.06425)
(0.0105 0.00075 0.06425)
(0.01075 0.00075 0.06425)
(0.011 0.00075 0.06425)
(0.01125 0.00075 0.06425)
(0.0115 0.00075 0.06425)
(0.01175 0.00075 0.06425)
(0.012 0.00075 0.06425)
(0.01225 0.00075 0.06425)
(0.0125 0.00075 0.06425)
(0.01275 0.00075 0.06425)
(0.013 0.00075 0.06425)
(0.01325 0.00075 0.06425)
(0.0135 0.00075 0.06425)
(0.01375 0.00075 0.06425)
(0.014 0.00075 0.06425)
(0.01425 0.00075 0.06425)
(0.0145 0.00075 0.06425)
(0.01475 0.00075 0.06425)
(0.015 0.00075 0.06425)
(0.01525 0.00075 0.06425)
(0.0155 0.00075 0.06425)
(0.01575 0.00075 0.06425)
(0.016 0.00075 0.06425)
(0.01625 0.00075 0.06425)
(0.0165 0.00075 0.06425)
(0.01675 0.00075 0.06425)
(0.017 0.00075 0.06425)
(0.01725 0.00075 0.06425)
(0.0175 0.00075 0.06425)
(0.01775 0.00075 0.06425)
(0.018 0.00075 0.06425)
(0.01825 0.00075 0.06425)
(0.0185 0.00075 0.06425)
(0.01875 0.00075 0.06425)
(0.019 0.00075 0.06425)
(0.01925 0.00075 0.06425)
(0.0195 0.00075 0.06425)
(0.01975 0.00075 0.06425)
(0.02 0.00075 0.06425)
(0.02025 0.00075 0.06425)
(0.0205 0.00075 0.06425)
(0.02075 0.00075 0.06425)
(0.021 0.00075 0.06425)
(0.02125 0.00075 0.06425)
(0.0215 0.00075 0.06425)
(0.02175 0.00075 0.06425)
(0.022 0.00075 0.06425)
(0.02225 0.00075 0.06425)
(0.0225 0.00075 0.06425)
(0.02275 0.00075 0.06425)
(0.023 0.00075 0.06425)
(0.02325 0.00075 0.06425)
(0.0235 0.00075 0.06425)
(0.02375 0.00075 0.06425)
(0.024 0.00075 0.06425)
(0.02425 0.00075 0.06425)
(0.0245 0.00075 0.06425)
(0.02475 0.00075 0.06425)
(0.025 0.00075 0.06425)
(0.02525 0.00075 0.06425)
(0.0255 0.00075 0.06425)
(0.02575 0.00075 0.06425)
(0.026 0.00075 0.06425)
(0.02625 0.00075 0.06425)
(0.0265 0.00075 0.06425)
(0.02675 0.00075 0.06425)
(0.027 0.00075 0.06425)
(0.02725 0.00075 0.06425)
(0.0275 0.00075 0.06425)
(0.02775 0.00075 0.06425)
(0.028 0.00075 0.06425)
(0.02825 0.00075 0.06425)
(0.0285 0.00075 0.06425)
(0.02875 0.00075 0.06425)
(0.029 0.00075 0.06425)
(0.02925 0.00075 0.06425)
(0.0295 0.00075 0.06425)
(0.02975 0.00075 0.06425)
(0.03 0.00075 0.06425)
(0.03025 0.00075 0.06425)
(0.0305 0.00075 0.06425)
(0.03075 0.00075 0.06425)
(0.031 0.00075 0.06425)
(0.03125 0.00075 0.06425)
(0.0315 0.00075 0.06425)
(0.03175 0.00075 0.06425)
(0.032 0.00075 0.06425)
(0.03225 0.00075 0.06425)
(0.0325 0.00075 0.06425)
(0.03275 0.00075 0.06425)
(0.033 0.00075 0.06425)
(0.03325 0.00075 0.06425)
(0.0335 0.00075 0.06425)
(0.03375 0.00075 0.06425)
(0.034 0.00075 0.06425)
(0.03425 0.00075 0.06425)
(0.0345 0.00075 0.06425)
(0.03475 0.00075 0.06425)
(0.035 0.00075 0.06425)
(0 0.001 0.06425)
(0.00025 0.001 0.06425)
(0.0005 0.001 0.06425)
(0.00075 0.001 0.06425)
(0.001 0.001 0.06425)
(0.00125 0.001 0.06425)
(0.0015 0.001 0.06425)
(0.00175 0.001 0.06425)
(0.002 0.001 0.06425)
(0.00225 0.001 0.06425)
(0.0025 0.001 0.06425)
(0.00275 0.001 0.06425)
(0.003 0.001 0.06425)
(0.00325 0.001 0.06425)
(0.0035 0.001 0.06425)
(0.00375 0.001 0.06425)
(0.004 0.001 0.06425)
(0.00425 0.001 0.06425)
(0.0045 0.001 0.06425)
(0.00475 0.001 0.06425)
(0.005 0.001 0.06425)
(0.00525 0.001 0.06425)
(0.0055 0.001 0.06425)
(0.00575 0.001 0.06425)
(0.006 0.001 0.06425)
(0.00625 0.001 0.06425)
(0.0065 0.001 0.06425)
(0.00675 0.001 0.06425)
(0.007 0.001 0.06425)
(0.00725 0.001 0.06425)
(0.0075 0.001 0.06425)
(0.00775 0.001 0.06425)
(0.008 0.001 0.06425)
(0.00825 0.001 0.06425)
(0.0085 0.001 0.06425)
(0.00875 0.001 0.06425)
(0.009 0.001 0.06425)
(0.00925 0.001 0.06425)
(0.0095 0.001 0.06425)
(0.00975 0.001 0.06425)
(0.01 0.001 0.06425)
(0.01025 0.001 0.06425)
(0.0105 0.001 0.06425)
(0.01075 0.001 0.06425)
(0.011 0.001 0.06425)
(0.01125 0.001 0.06425)
(0.0115 0.001 0.06425)
(0.01175 0.001 0.06425)
(0.012 0.001 0.06425)
(0.01225 0.001 0.06425)
(0.0125 0.001 0.06425)
(0.01275 0.001 0.06425)
(0.013 0.001 0.06425)
(0.01325 0.001 0.06425)
(0.0135 0.001 0.06425)
(0.01375 0.001 0.06425)
(0.014 0.001 0.06425)
(0.01425 0.001 0.06425)
(0.0145 0.001 0.06425)
(0.01475 0.001 0.06425)
(0.015 0.001 0.06425)
(0.01525 0.001 0.06425)
(0.0155 0.001 0.06425)
(0.01575 0.001 0.06425)
(0.016 0.001 0.06425)
(0.01625 0.001 0.06425)
(0.0165 0.001 0.06425)
(0.01675 0.001 0.06425)
(0.017 0.001 0.06425)
(0.01725 0.001 0.06425)
(0.0175 0.001 0.06425)
(0.01775 0.001 0.06425)
(0.018 0.001 0.06425)
(0.01825 0.001 0.06425)
(0.0185 0.001 0.06425)
(0.01875 0.001 0.06425)
(0.019 0.001 0.06425)
(0.01925 0.001 0.06425)
(0.0195 0.001 0.06425)
(0.01975 0.001 0.06425)
(0.02 0.001 0.06425)
(0.02025 0.001 0.06425)
(0.0205 0.001 0.06425)
(0.02075 0.001 0.06425)
(0.021 0.001 0.06425)
(0.02125 0.001 0.06425)
(0.0215 0.001 0.06425)
(0.02175 0.001 0.06425)
(0.022 0.001 0.06425)
(0.02225 0.001 0.06425)
(0.0225 0.001 0.06425)
(0.02275 0.001 0.06425)
(0.023 0.001 0.06425)
(0.02325 0.001 0.06425)
(0.0235 0.001 0.06425)
(0.02375 0.001 0.06425)
(0.024 0.001 0.06425)
(0.02425 0.001 0.06425)
(0.0245 0.001 0.06425)
(0.02475 0.001 0.06425)
(0.025 0.001 0.06425)
(0.02525 0.001 0.06425)
(0.0255 0.001 0.06425)
(0.02575 0.001 0.06425)
(0.026 0.001 0.06425)
(0.02625 0.001 0.06425)
(0.0265 0.001 0.06425)
(0.02675 0.001 0.06425)
(0.027 0.001 0.06425)
(0.02725 0.001 0.06425)
(0.0275 0.001 0.06425)
(0.02775 0.001 0.06425)
(0.028 0.001 0.06425)
(0.02825 0.001 0.06425)
(0.0285 0.001 0.06425)
(0.02875 0.001 0.06425)
(0.029 0.001 0.06425)
(0.02925 0.001 0.06425)
(0.0295 0.001 0.06425)
(0.02975 0.001 0.06425)
(0.03 0.001 0.06425)
(0.03025 0.001 0.06425)
(0.0305 0.001 0.06425)
(0.03075 0.001 0.06425)
(0.031 0.001 0.06425)
(0.03125 0.001 0.06425)
(0.0315 0.001 0.06425)
(0.03175 0.001 0.06425)
(0.032 0.001 0.06425)
(0.03225 0.001 0.06425)
(0.0325 0.001 0.06425)
(0.03275 0.001 0.06425)
(0.033 0.001 0.06425)
(0.03325 0.001 0.06425)
(0.0335 0.001 0.06425)
(0.03375 0.001 0.06425)
(0.034 0.001 0.06425)
(0.03425 0.001 0.06425)
(0.0345 0.001 0.06425)
(0.03475 0.001 0.06425)
(0.035 0.001 0.06425)
(0 0.00125 0.06425)
(0.00025 0.00125 0.06425)
(0.0005 0.00125 0.06425)
(0.00075 0.00125 0.06425)
(0.001 0.00125 0.06425)
(0.00125 0.00125 0.06425)
(0.0015 0.00125 0.06425)
(0.00175 0.00125 0.06425)
(0.002 0.00125 0.06425)
(0.00225 0.00125 0.06425)
(0.0025 0.00125 0.06425)
(0.00275 0.00125 0.06425)
(0.003 0.00125 0.06425)
(0.00325 0.00125 0.06425)
(0.0035 0.00125 0.06425)
(0.00375 0.00125 0.06425)
(0.004 0.00125 0.06425)
(0.00425 0.00125 0.06425)
(0.0045 0.00125 0.06425)
(0.00475 0.00125 0.06425)
(0.005 0.00125 0.06425)
(0.00525 0.00125 0.06425)
(0.0055 0.00125 0.06425)
(0.00575 0.00125 0.06425)
(0.006 0.00125 0.06425)
(0.00625 0.00125 0.06425)
(0.0065 0.00125 0.06425)
(0.00675 0.00125 0.06425)
(0.007 0.00125 0.06425)
(0.00725 0.00125 0.06425)
(0.0075 0.00125 0.06425)
(0.00775 0.00125 0.06425)
(0.008 0.00125 0.06425)
(0.00825 0.00125 0.06425)
(0.0085 0.00125 0.06425)
(0.00875 0.00125 0.06425)
(0.009 0.00125 0.06425)
(0.00925 0.00125 0.06425)
(0.0095 0.00125 0.06425)
(0.00975 0.00125 0.06425)
(0.01 0.00125 0.06425)
(0.01025 0.00125 0.06425)
(0.0105 0.00125 0.06425)
(0.01075 0.00125 0.06425)
(0.011 0.00125 0.06425)
(0.01125 0.00125 0.06425)
(0.0115 0.00125 0.06425)
(0.01175 0.00125 0.06425)
(0.012 0.00125 0.06425)
(0.01225 0.00125 0.06425)
(0.0125 0.00125 0.06425)
(0.01275 0.00125 0.06425)
(0.013 0.00125 0.06425)
(0.01325 0.00125 0.06425)
(0.0135 0.00125 0.06425)
(0.01375 0.00125 0.06425)
(0.014 0.00125 0.06425)
(0.01425 0.00125 0.06425)
(0.0145 0.00125 0.06425)
(0.01475 0.00125 0.06425)
(0.015 0.00125 0.06425)
(0.01525 0.00125 0.06425)
(0.0155 0.00125 0.06425)
(0.01575 0.00125 0.06425)
(0.016 0.00125 0.06425)
(0.01625 0.00125 0.06425)
(0.0165 0.00125 0.06425)
(0.01675 0.00125 0.06425)
(0.017 0.00125 0.06425)
(0.01725 0.00125 0.06425)
(0.0175 0.00125 0.06425)
(0.01775 0.00125 0.06425)
(0.018 0.00125 0.06425)
(0.01825 0.00125 0.06425)
(0.0185 0.00125 0.06425)
(0.01875 0.00125 0.06425)
(0.019 0.00125 0.06425)
(0.01925 0.00125 0.06425)
(0.0195 0.00125 0.06425)
(0.01975 0.00125 0.06425)
(0.02 0.00125 0.06425)
(0.02025 0.00125 0.06425)
(0.0205 0.00125 0.06425)
(0.02075 0.00125 0.06425)
(0.021 0.00125 0.06425)
(0.02125 0.00125 0.06425)
(0.0215 0.00125 0.06425)
(0.02175 0.00125 0.06425)
(0.022 0.00125 0.06425)
(0.02225 0.00125 0.06425)
(0.0225 0.00125 0.06425)
(0.02275 0.00125 0.06425)
(0.023 0.00125 0.06425)
(0.02325 0.00125 0.06425)
(0.0235 0.00125 0.06425)
(0.02375 0.00125 0.06425)
(0.024 0.00125 0.06425)
(0.02425 0.00125 0.06425)
(0.0245 0.00125 0.06425)
(0.02475 0.00125 0.06425)
(0.025 0.00125 0.06425)
(0.02525 0.00125 0.06425)
(0.0255 0.00125 0.06425)
(0.02575 0.00125 0.06425)
(0.026 0.00125 0.06425)
(0.02625 0.00125 0.06425)
(0.0265 0.00125 0.06425)
(0.02675 0.00125 0.06425)
(0.027 0.00125 0.06425)
(0.02725 0.00125 0.06425)
(0.0275 0.00125 0.06425)
(0.02775 0.00125 0.06425)
(0.028 0.00125 0.06425)
(0.02825 0.00125 0.06425)
(0.0285 0.00125 0.06425)
(0.02875 0.00125 0.06425)
(0.029 0.00125 0.06425)
(0.02925 0.00125 0.06425)
(0.0295 0.00125 0.06425)
(0.02975 0.00125 0.06425)
(0.03 0.00125 0.06425)
(0.03025 0.00125 0.06425)
(0.0305 0.00125 0.06425)
(0.03075 0.00125 0.06425)
(0.031 0.00125 0.06425)
(0.03125 0.00125 0.06425)
(0.0315 0.00125 0.06425)
(0.03175 0.00125 0.06425)
(0.032 0.00125 0.06425)
(0.03225 0.00125 0.06425)
(0.0325 0.00125 0.06425)
(0.03275 0.00125 0.06425)
(0.033 0.00125 0.06425)
(0.03325 0.00125 0.06425)
(0.0335 0.00125 0.06425)
(0.03375 0.00125 0.06425)
(0.034 0.00125 0.06425)
(0.03425 0.00125 0.06425)
(0.0345 0.00125 0.06425)
(0.03475 0.00125 0.06425)
(0.035 0.00125 0.06425)
(0 0.0015 0.06425)
(0.00025 0.0015 0.06425)
(0.0005 0.0015 0.06425)
(0.00075 0.0015 0.06425)
(0.001 0.0015 0.06425)
(0.00125 0.0015 0.06425)
(0.0015 0.0015 0.06425)
(0.00175 0.0015 0.06425)
(0.002 0.0015 0.06425)
(0.00225 0.0015 0.06425)
(0.0025 0.0015 0.06425)
(0.00275 0.0015 0.06425)
(0.003 0.0015 0.06425)
(0.00325 0.0015 0.06425)
(0.0035 0.0015 0.06425)
(0.00375 0.0015 0.06425)
(0.004 0.0015 0.06425)
(0.00425 0.0015 0.06425)
(0.0045 0.0015 0.06425)
(0.00475 0.0015 0.06425)
(0.005 0.0015 0.06425)
(0.00525 0.0015 0.06425)
(0.0055 0.0015 0.06425)
(0.00575 0.0015 0.06425)
(0.006 0.0015 0.06425)
(0.00625 0.0015 0.06425)
(0.0065 0.0015 0.06425)
(0.00675 0.0015 0.06425)
(0.007 0.0015 0.06425)
(0.00725 0.0015 0.06425)
(0.0075 0.0015 0.06425)
(0.00775 0.0015 0.06425)
(0.008 0.0015 0.06425)
(0.00825 0.0015 0.06425)
(0.0085 0.0015 0.06425)
(0.00875 0.0015 0.06425)
(0.009 0.0015 0.06425)
(0.00925 0.0015 0.06425)
(0.0095 0.0015 0.06425)
(0.00975 0.0015 0.06425)
(0.01 0.0015 0.06425)
(0.01025 0.0015 0.06425)
(0.0105 0.0015 0.06425)
(0.01075 0.0015 0.06425)
(0.011 0.0015 0.06425)
(0.01125 0.0015 0.06425)
(0.0115 0.0015 0.06425)
(0.01175 0.0015 0.06425)
(0.012 0.0015 0.06425)
(0.01225 0.0015 0.06425)
(0.0125 0.0015 0.06425)
(0.01275 0.0015 0.06425)
(0.013 0.0015 0.06425)
(0.01325 0.0015 0.06425)
(0.0135 0.0015 0.06425)
(0.01375 0.0015 0.06425)
(0.014 0.0015 0.06425)
(0.01425 0.0015 0.06425)
(0.0145 0.0015 0.06425)
(0.01475 0.0015 0.06425)
(0.015 0.0015 0.06425)
(0.01525 0.0015 0.06425)
(0.0155 0.0015 0.06425)
(0.01575 0.0015 0.06425)
(0.016 0.0015 0.06425)
(0.01625 0.0015 0.06425)
(0.0165 0.0015 0.06425)
(0.01675 0.0015 0.06425)
(0.017 0.0015 0.06425)
(0.01725 0.0015 0.06425)
(0.0175 0.0015 0.06425)
(0.01775 0.0015 0.06425)
(0.018 0.0015 0.06425)
(0.01825 0.0015 0.06425)
(0.0185 0.0015 0.06425)
(0.01875 0.0015 0.06425)
(0.019 0.0015 0.06425)
(0.01925 0.0015 0.06425)
(0.0195 0.0015 0.06425)
(0.01975 0.0015 0.06425)
(0.02 0.0015 0.06425)
(0.02025 0.0015 0.06425)
(0.0205 0.0015 0.06425)
(0.02075 0.0015 0.06425)
(0.021 0.0015 0.06425)
(0.02125 0.0015 0.06425)
(0.0215 0.0015 0.06425)
(0.02175 0.0015 0.06425)
(0.022 0.0015 0.06425)
(0.02225 0.0015 0.06425)
(0.0225 0.0015 0.06425)
(0.02275 0.0015 0.06425)
(0.023 0.0015 0.06425)
(0.02325 0.0015 0.06425)
(0.0235 0.0015 0.06425)
(0.02375 0.0015 0.06425)
(0.024 0.0015 0.06425)
(0.02425 0.0015 0.06425)
(0.0245 0.0015 0.06425)
(0.02475 0.0015 0.06425)
(0.025 0.0015 0.06425)
(0.02525 0.0015 0.06425)
(0.0255 0.0015 0.06425)
(0.02575 0.0015 0.06425)
(0.026 0.0015 0.06425)
(0.02625 0.0015 0.06425)
(0.0265 0.0015 0.06425)
(0.02675 0.0015 0.06425)
(0.027 0.0015 0.06425)
(0.02725 0.0015 0.06425)
(0.0275 0.0015 0.06425)
(0.02775 0.0015 0.06425)
(0.028 0.0015 0.06425)
(0.02825 0.0015 0.06425)
(0.0285 0.0015 0.06425)
(0.02875 0.0015 0.06425)
(0.029 0.0015 0.06425)
(0.02925 0.0015 0.06425)
(0.0295 0.0015 0.06425)
(0.02975 0.0015 0.06425)
(0.03 0.0015 0.06425)
(0.03025 0.0015 0.06425)
(0.0305 0.0015 0.06425)
(0.03075 0.0015 0.06425)
(0.031 0.0015 0.06425)
(0.03125 0.0015 0.06425)
(0.0315 0.0015 0.06425)
(0.03175 0.0015 0.06425)
(0.032 0.0015 0.06425)
(0.03225 0.0015 0.06425)
(0.0325 0.0015 0.06425)
(0.03275 0.0015 0.06425)
(0.033 0.0015 0.06425)
(0.03325 0.0015 0.06425)
(0.0335 0.0015 0.06425)
(0.03375 0.0015 0.06425)
(0.034 0.0015 0.06425)
(0.03425 0.0015 0.06425)
(0.0345 0.0015 0.06425)
(0.03475 0.0015 0.06425)
(0.035 0.0015 0.06425)
(0 0.00175 0.06425)
(0.00025 0.00175 0.06425)
(0.0005 0.00175 0.06425)
(0.00075 0.00175 0.06425)
(0.001 0.00175 0.06425)
(0.00125 0.00175 0.06425)
(0.0015 0.00175 0.06425)
(0.00175 0.00175 0.06425)
(0.002 0.00175 0.06425)
(0.00225 0.00175 0.06425)
(0.0025 0.00175 0.06425)
(0.00275 0.00175 0.06425)
(0.003 0.00175 0.06425)
(0.00325 0.00175 0.06425)
(0.0035 0.00175 0.06425)
(0.00375 0.00175 0.06425)
(0.004 0.00175 0.06425)
(0.00425 0.00175 0.06425)
(0.0045 0.00175 0.06425)
(0.00475 0.00175 0.06425)
(0.005 0.00175 0.06425)
(0.00525 0.00175 0.06425)
(0.0055 0.00175 0.06425)
(0.00575 0.00175 0.06425)
(0.006 0.00175 0.06425)
(0.00625 0.00175 0.06425)
(0.0065 0.00175 0.06425)
(0.00675 0.00175 0.06425)
(0.007 0.00175 0.06425)
(0.00725 0.00175 0.06425)
(0.0075 0.00175 0.06425)
(0.00775 0.00175 0.06425)
(0.008 0.00175 0.06425)
(0.00825 0.00175 0.06425)
(0.0085 0.00175 0.06425)
(0.00875 0.00175 0.06425)
(0.009 0.00175 0.06425)
(0.00925 0.00175 0.06425)
(0.0095 0.00175 0.06425)
(0.00975 0.00175 0.06425)
(0.01 0.00175 0.06425)
(0.01025 0.00175 0.06425)
(0.0105 0.00175 0.06425)
(0.01075 0.00175 0.06425)
(0.011 0.00175 0.06425)
(0.01125 0.00175 0.06425)
(0.0115 0.00175 0.06425)
(0.01175 0.00175 0.06425)
(0.012 0.00175 0.06425)
(0.01225 0.00175 0.06425)
(0.0125 0.00175 0.06425)
(0.01275 0.00175 0.06425)
(0.013 0.00175 0.06425)
(0.01325 0.00175 0.06425)
(0.0135 0.00175 0.06425)
(0.01375 0.00175 0.06425)
(0.014 0.00175 0.06425)
(0.01425 0.00175 0.06425)
(0.0145 0.00175 0.06425)
(0.01475 0.00175 0.06425)
(0.015 0.00175 0.06425)
(0.01525 0.00175 0.06425)
(0.0155 0.00175 0.06425)
(0.01575 0.00175 0.06425)
(0.016 0.00175 0.06425)
(0.01625 0.00175 0.06425)
(0.0165 0.00175 0.06425)
(0.01675 0.00175 0.06425)
(0.017 0.00175 0.06425)
(0.01725 0.00175 0.06425)
(0.0175 0.00175 0.06425)
(0.01775 0.00175 0.06425)
(0.018 0.00175 0.06425)
(0.01825 0.00175 0.06425)
(0.0185 0.00175 0.06425)
(0.01875 0.00175 0.06425)
(0.019 0.00175 0.06425)
(0.01925 0.00175 0.06425)
(0.0195 0.00175 0.06425)
(0.01975 0.00175 0.06425)
(0.02 0.00175 0.06425)
(0.02025 0.00175 0.06425)
(0.0205 0.00175 0.06425)
(0.02075 0.00175 0.06425)
(0.021 0.00175 0.06425)
(0.02125 0.00175 0.06425)
(0.0215 0.00175 0.06425)
(0.02175 0.00175 0.06425)
(0.022 0.00175 0.06425)
(0.02225 0.00175 0.06425)
(0.0225 0.00175 0.06425)
(0.02275 0.00175 0.06425)
(0.023 0.00175 0.06425)
(0.02325 0.00175 0.06425)
(0.0235 0.00175 0.06425)
(0.02375 0.00175 0.06425)
(0.024 0.00175 0.06425)
(0.02425 0.00175 0.06425)
(0.0245 0.00175 0.06425)
(0.02475 0.00175 0.06425)
(0.025 0.00175 0.06425)
(0.02525 0.00175 0.06425)
(0.0255 0.00175 0.06425)
(0.02575 0.00175 0.06425)
(0.026 0.00175 0.06425)
(0.02625 0.00175 0.06425)
(0.0265 0.00175 0.06425)
(0.02675 0.00175 0.06425)
(0.027 0.00175 0.06425)
(0.02725 0.00175 0.06425)
(0.0275 0.00175 0.06425)
(0.02775 0.00175 0.06425)
(0.028 0.00175 0.06425)
(0.02825 0.00175 0.06425)
(0.0285 0.00175 0.06425)
(0.02875 0.00175 0.06425)
(0.029 0.00175 0.06425)
(0.02925 0.00175 0.06425)
(0.0295 0.00175 0.06425)
(0.02975 0.00175 0.06425)
(0.03 0.00175 0.06425)
(0.03025 0.00175 0.06425)
(0.0305 0.00175 0.06425)
(0.03075 0.00175 0.06425)
(0.031 0.00175 0.06425)
(0.03125 0.00175 0.06425)
(0.0315 0.00175 0.06425)
(0.03175 0.00175 0.06425)
(0.032 0.00175 0.06425)
(0.03225 0.00175 0.06425)
(0.0325 0.00175 0.06425)
(0.03275 0.00175 0.06425)
(0.033 0.00175 0.06425)
(0.03325 0.00175 0.06425)
(0.0335 0.00175 0.06425)
(0.03375 0.00175 0.06425)
(0.034 0.00175 0.06425)
(0.03425 0.00175 0.06425)
(0.0345 0.00175 0.06425)
(0.03475 0.00175 0.06425)
(0.035 0.00175 0.06425)
(0 0.002 0.06425)
(0.00025 0.002 0.06425)
(0.0005 0.002 0.06425)
(0.00075 0.002 0.06425)
(0.001 0.002 0.06425)
(0.00125 0.002 0.06425)
(0.0015 0.002 0.06425)
(0.00175 0.002 0.06425)
(0.002 0.002 0.06425)
(0.00225 0.002 0.06425)
(0.0025 0.002 0.06425)
(0.00275 0.002 0.06425)
(0.003 0.002 0.06425)
(0.00325 0.002 0.06425)
(0.0035 0.002 0.06425)
(0.00375 0.002 0.06425)
(0.004 0.002 0.06425)
(0.00425 0.002 0.06425)
(0.0045 0.002 0.06425)
(0.00475 0.002 0.06425)
(0.005 0.002 0.06425)
(0.00525 0.002 0.06425)
(0.0055 0.002 0.06425)
(0.00575 0.002 0.06425)
(0.006 0.002 0.06425)
(0.00625 0.002 0.06425)
(0.0065 0.002 0.06425)
(0.00675 0.002 0.06425)
(0.007 0.002 0.06425)
(0.00725 0.002 0.06425)
(0.0075 0.002 0.06425)
(0.00775 0.002 0.06425)
(0.008 0.002 0.06425)
(0.00825 0.002 0.06425)
(0.0085 0.002 0.06425)
(0.00875 0.002 0.06425)
(0.009 0.002 0.06425)
(0.00925 0.002 0.06425)
(0.0095 0.002 0.06425)
(0.00975 0.002 0.06425)
(0.01 0.002 0.06425)
(0.01025 0.002 0.06425)
(0.0105 0.002 0.06425)
(0.01075 0.002 0.06425)
(0.011 0.002 0.06425)
(0.01125 0.002 0.06425)
(0.0115 0.002 0.06425)
(0.01175 0.002 0.06425)
(0.012 0.002 0.06425)
(0.01225 0.002 0.06425)
(0.0125 0.002 0.06425)
(0.01275 0.002 0.06425)
(0.013 0.002 0.06425)
(0.01325 0.002 0.06425)
(0.0135 0.002 0.06425)
(0.01375 0.002 0.06425)
(0.014 0.002 0.06425)
(0.01425 0.002 0.06425)
(0.0145 0.002 0.06425)
(0.01475 0.002 0.06425)
(0.015 0.002 0.06425)
(0.01525 0.002 0.06425)
(0.0155 0.002 0.06425)
(0.01575 0.002 0.06425)
(0.016 0.002 0.06425)
(0.01625 0.002 0.06425)
(0.0165 0.002 0.06425)
(0.01675 0.002 0.06425)
(0.017 0.002 0.06425)
(0.01725 0.002 0.06425)
(0.0175 0.002 0.06425)
(0.01775 0.002 0.06425)
(0.018 0.002 0.06425)
(0.01825 0.002 0.06425)
(0.0185 0.002 0.06425)
(0.01875 0.002 0.06425)
(0.019 0.002 0.06425)
(0.01925 0.002 0.06425)
(0.0195 0.002 0.06425)
(0.01975 0.002 0.06425)
(0.02 0.002 0.06425)
(0.02025 0.002 0.06425)
(0.0205 0.002 0.06425)
(0.02075 0.002 0.06425)
(0.021 0.002 0.06425)
(0.02125 0.002 0.06425)
(0.0215 0.002 0.06425)
(0.02175 0.002 0.06425)
(0.022 0.002 0.06425)
(0.02225 0.002 0.06425)
(0.0225 0.002 0.06425)
(0.02275 0.002 0.06425)
(0.023 0.002 0.06425)
(0.02325 0.002 0.06425)
(0.0235 0.002 0.06425)
(0.02375 0.002 0.06425)
(0.024 0.002 0.06425)
(0.02425 0.002 0.06425)
(0.0245 0.002 0.06425)
(0.02475 0.002 0.06425)
(0.025 0.002 0.06425)
(0.02525 0.002 0.06425)
(0.0255 0.002 0.06425)
(0.02575 0.002 0.06425)
(0.026 0.002 0.06425)
(0.02625 0.002 0.06425)
(0.0265 0.002 0.06425)
(0.02675 0.002 0.06425)
(0.027 0.002 0.06425)
(0.02725 0.002 0.06425)
(0.0275 0.002 0.06425)
(0.02775 0.002 0.06425)
(0.028 0.002 0.06425)
(0.02825 0.002 0.06425)
(0.0285 0.002 0.06425)
(0.02875 0.002 0.06425)
(0.029 0.002 0.06425)
(0.02925 0.002 0.06425)
(0.0295 0.002 0.06425)
(0.02975 0.002 0.06425)
(0.03 0.002 0.06425)
(0.03025 0.002 0.06425)
(0.0305 0.002 0.06425)
(0.03075 0.002 0.06425)
(0.031 0.002 0.06425)
(0.03125 0.002 0.06425)
(0.0315 0.002 0.06425)
(0.03175 0.002 0.06425)
(0.032 0.002 0.06425)
(0.03225 0.002 0.06425)
(0.0325 0.002 0.06425)
(0.03275 0.002 0.06425)
(0.033 0.002 0.06425)
(0.03325 0.002 0.06425)
(0.0335 0.002 0.06425)
(0.03375 0.002 0.06425)
(0.034 0.002 0.06425)
(0.03425 0.002 0.06425)
(0.0345 0.002 0.06425)
(0.03475 0.002 0.06425)
(0.035 0.002 0.06425)
(0 0.00225 0.06425)
(0.00025 0.00225 0.06425)
(0.0005 0.00225 0.06425)
(0.00075 0.00225 0.06425)
(0.001 0.00225 0.06425)
(0.00125 0.00225 0.06425)
(0.0015 0.00225 0.06425)
(0.00175 0.00225 0.06425)
(0.002 0.00225 0.06425)
(0.00225 0.00225 0.06425)
(0.0025 0.00225 0.06425)
(0.00275 0.00225 0.06425)
(0.003 0.00225 0.06425)
(0.00325 0.00225 0.06425)
(0.0035 0.00225 0.06425)
(0.00375 0.00225 0.06425)
(0.004 0.00225 0.06425)
(0.00425 0.00225 0.06425)
(0.0045 0.00225 0.06425)
(0.00475 0.00225 0.06425)
(0.005 0.00225 0.06425)
(0.00525 0.00225 0.06425)
(0.0055 0.00225 0.06425)
(0.00575 0.00225 0.06425)
(0.006 0.00225 0.06425)
(0.00625 0.00225 0.06425)
(0.0065 0.00225 0.06425)
(0.00675 0.00225 0.06425)
(0.007 0.00225 0.06425)
(0.00725 0.00225 0.06425)
(0.0075 0.00225 0.06425)
(0.00775 0.00225 0.06425)
(0.008 0.00225 0.06425)
(0.00825 0.00225 0.06425)
(0.0085 0.00225 0.06425)
(0.00875 0.00225 0.06425)
(0.009 0.00225 0.06425)
(0.00925 0.00225 0.06425)
(0.0095 0.00225 0.06425)
(0.00975 0.00225 0.06425)
(0.01 0.00225 0.06425)
(0.01025 0.00225 0.06425)
(0.0105 0.00225 0.06425)
(0.01075 0.00225 0.06425)
(0.011 0.00225 0.06425)
(0.01125 0.00225 0.06425)
(0.0115 0.00225 0.06425)
(0.01175 0.00225 0.06425)
(0.012 0.00225 0.06425)
(0.01225 0.00225 0.06425)
(0.0125 0.00225 0.06425)
(0.01275 0.00225 0.06425)
(0.013 0.00225 0.06425)
(0.01325 0.00225 0.06425)
(0.0135 0.00225 0.06425)
(0.01375 0.00225 0.06425)
(0.014 0.00225 0.06425)
(0.01425 0.00225 0.06425)
(0.0145 0.00225 0.06425)
(0.01475 0.00225 0.06425)
(0.015 0.00225 0.06425)
(0.01525 0.00225 0.06425)
(0.0155 0.00225 0.06425)
(0.01575 0.00225 0.06425)
(0.016 0.00225 0.06425)
(0.01625 0.00225 0.06425)
(0.0165 0.00225 0.06425)
(0.01675 0.00225 0.06425)
(0.017 0.00225 0.06425)
(0.01725 0.00225 0.06425)
(0.0175 0.00225 0.06425)
(0.01775 0.00225 0.06425)
(0.018 0.00225 0.06425)
(0.01825 0.00225 0.06425)
(0.0185 0.00225 0.06425)
(0.01875 0.00225 0.06425)
(0.019 0.00225 0.06425)
(0.01925 0.00225 0.06425)
(0.0195 0.00225 0.06425)
(0.01975 0.00225 0.06425)
(0.02 0.00225 0.06425)
(0.02025 0.00225 0.06425)
(0.0205 0.00225 0.06425)
(0.02075 0.00225 0.06425)
(0.021 0.00225 0.06425)
(0.02125 0.00225 0.06425)
(0.0215 0.00225 0.06425)
(0.02175 0.00225 0.06425)
(0.022 0.00225 0.06425)
(0.02225 0.00225 0.06425)
(0.0225 0.00225 0.06425)
(0.02275 0.00225 0.06425)
(0.023 0.00225 0.06425)
(0.02325 0.00225 0.06425)
(0.0235 0.00225 0.06425)
(0.02375 0.00225 0.06425)
(0.024 0.00225 0.06425)
(0.02425 0.00225 0.06425)
(0.0245 0.00225 0.06425)
(0.02475 0.00225 0.06425)
(0.025 0.00225 0.06425)
(0.02525 0.00225 0.06425)
(0.0255 0.00225 0.06425)
(0.02575 0.00225 0.06425)
(0.026 0.00225 0.06425)
(0.02625 0.00225 0.06425)
(0.0265 0.00225 0.06425)
(0.02675 0.00225 0.06425)
(0.027 0.00225 0.06425)
(0.02725 0.00225 0.06425)
(0.0275 0.00225 0.06425)
(0.02775 0.00225 0.06425)
(0.028 0.00225 0.06425)
(0.02825 0.00225 0.06425)
(0.0285 0.00225 0.06425)
(0.02875 0.00225 0.06425)
(0.029 0.00225 0.06425)
(0.02925 0.00225 0.06425)
(0.0295 0.00225 0.06425)
(0.02975 0.00225 0.06425)
(0.03 0.00225 0.06425)
(0.03025 0.00225 0.06425)
(0.0305 0.00225 0.06425)
(0.03075 0.00225 0.06425)
(0.031 0.00225 0.06425)
(0.03125 0.00225 0.06425)
(0.0315 0.00225 0.06425)
(0.03175 0.00225 0.06425)
(0.032 0.00225 0.06425)
(0.03225 0.00225 0.06425)
(0.0325 0.00225 0.06425)
(0.03275 0.00225 0.06425)
(0.033 0.00225 0.06425)
(0.03325 0.00225 0.06425)
(0.0335 0.00225 0.06425)
(0.03375 0.00225 0.06425)
(0.034 0.00225 0.06425)
(0.03425 0.00225 0.06425)
(0.0345 0.00225 0.06425)
(0.03475 0.00225 0.06425)
(0.035 0.00225 0.06425)
(0 0.0025 0.06425)
(0.00025 0.0025 0.06425)
(0.0005 0.0025 0.06425)
(0.00075 0.0025 0.06425)
(0.001 0.0025 0.06425)
(0.00125 0.0025 0.06425)
(0.0015 0.0025 0.06425)
(0.00175 0.0025 0.06425)
(0.002 0.0025 0.06425)
(0.00225 0.0025 0.06425)
(0.0025 0.0025 0.06425)
(0.00275 0.0025 0.06425)
(0.003 0.0025 0.06425)
(0.00325 0.0025 0.06425)
(0.0035 0.0025 0.06425)
(0.00375 0.0025 0.06425)
(0.004 0.0025 0.06425)
(0.00425 0.0025 0.06425)
(0.0045 0.0025 0.06425)
(0.00475 0.0025 0.06425)
(0.005 0.0025 0.06425)
(0.00525 0.0025 0.06425)
(0.0055 0.0025 0.06425)
(0.00575 0.0025 0.06425)
(0.006 0.0025 0.06425)
(0.00625 0.0025 0.06425)
(0.0065 0.0025 0.06425)
(0.00675 0.0025 0.06425)
(0.007 0.0025 0.06425)
(0.00725 0.0025 0.06425)
(0.0075 0.0025 0.06425)
(0.00775 0.0025 0.06425)
(0.008 0.0025 0.06425)
(0.00825 0.0025 0.06425)
(0.0085 0.0025 0.06425)
(0.00875 0.0025 0.06425)
(0.009 0.0025 0.06425)
(0.00925 0.0025 0.06425)
(0.0095 0.0025 0.06425)
(0.00975 0.0025 0.06425)
(0.01 0.0025 0.06425)
(0.01025 0.0025 0.06425)
(0.0105 0.0025 0.06425)
(0.01075 0.0025 0.06425)
(0.011 0.0025 0.06425)
(0.01125 0.0025 0.06425)
(0.0115 0.0025 0.06425)
(0.01175 0.0025 0.06425)
(0.012 0.0025 0.06425)
(0.01225 0.0025 0.06425)
(0.0125 0.0025 0.06425)
(0.01275 0.0025 0.06425)
(0.013 0.0025 0.06425)
(0.01325 0.0025 0.06425)
(0.0135 0.0025 0.06425)
(0.01375 0.0025 0.06425)
(0.014 0.0025 0.06425)
(0.01425 0.0025 0.06425)
(0.0145 0.0025 0.06425)
(0.01475 0.0025 0.06425)
(0.015 0.0025 0.06425)
(0.01525 0.0025 0.06425)
(0.0155 0.0025 0.06425)
(0.01575 0.0025 0.06425)
(0.016 0.0025 0.06425)
(0.01625 0.0025 0.06425)
(0.0165 0.0025 0.06425)
(0.01675 0.0025 0.06425)
(0.017 0.0025 0.06425)
(0.01725 0.0025 0.06425)
(0.0175 0.0025 0.06425)
(0.01775 0.0025 0.06425)
(0.018 0.0025 0.06425)
(0.01825 0.0025 0.06425)
(0.0185 0.0025 0.06425)
(0.01875 0.0025 0.06425)
(0.019 0.0025 0.06425)
(0.01925 0.0025 0.06425)
(0.0195 0.0025 0.06425)
(0.01975 0.0025 0.06425)
(0.02 0.0025 0.06425)
(0.02025 0.0025 0.06425)
(0.0205 0.0025 0.06425)
(0.02075 0.0025 0.06425)
(0.021 0.0025 0.06425)
(0.02125 0.0025 0.06425)
(0.0215 0.0025 0.06425)
(0.02175 0.0025 0.06425)
(0.022 0.0025 0.06425)
(0.02225 0.0025 0.06425)
(0.0225 0.0025 0.06425)
(0.02275 0.0025 0.06425)
(0.023 0.0025 0.06425)
(0.02325 0.0025 0.06425)
(0.0235 0.0025 0.06425)
(0.02375 0.0025 0.06425)
(0.024 0.0025 0.06425)
(0.02425 0.0025 0.06425)
(0.0245 0.0025 0.06425)
(0.02475 0.0025 0.06425)
(0.025 0.0025 0.06425)
(0.02525 0.0025 0.06425)
(0.0255 0.0025 0.06425)
(0.02575 0.0025 0.06425)
(0.026 0.0025 0.06425)
(0.02625 0.0025 0.06425)
(0.0265 0.0025 0.06425)
(0.02675 0.0025 0.06425)
(0.027 0.0025 0.06425)
(0.02725 0.0025 0.06425)
(0.0275 0.0025 0.06425)
(0.02775 0.0025 0.06425)
(0.028 0.0025 0.06425)
(0.02825 0.0025 0.06425)
(0.0285 0.0025 0.06425)
(0.02875 0.0025 0.06425)
(0.029 0.0025 0.06425)
(0.02925 0.0025 0.06425)
(0.0295 0.0025 0.06425)
(0.02975 0.0025 0.06425)
(0.03 0.0025 0.06425)
(0.03025 0.0025 0.06425)
(0.0305 0.0025 0.06425)
(0.03075 0.0025 0.06425)
(0.031 0.0025 0.06425)
(0.03125 0.0025 0.06425)
(0.0315 0.0025 0.06425)
(0.03175 0.0025 0.06425)
(0.032 0.0025 0.06425)
(0.03225 0.0025 0.06425)
(0.0325 0.0025 0.06425)
(0.03275 0.0025 0.06425)
(0.033 0.0025 0.06425)
(0.03325 0.0025 0.06425)
(0.0335 0.0025 0.06425)
(0.03375 0.0025 0.06425)
(0.034 0.0025 0.06425)
(0.03425 0.0025 0.06425)
(0.0345 0.0025 0.06425)
(0.03475 0.0025 0.06425)
(0.035 0.0025 0.06425)
(0 0 0.0645)
(0.00025 0 0.0645)
(0.0005 0 0.0645)
(0.00075 0 0.0645)
(0.001 0 0.0645)
(0.00125 0 0.0645)
(0.0015 0 0.0645)
(0.00175 0 0.0645)
(0.002 0 0.0645)
(0.00225 0 0.0645)
(0.0025 0 0.0645)
(0.00275 0 0.0645)
(0.003 0 0.0645)
(0.00325 0 0.0645)
(0.0035 0 0.0645)
(0.00375 0 0.0645)
(0.004 0 0.0645)
(0.00425 0 0.0645)
(0.0045 0 0.0645)
(0.00475 0 0.0645)
(0.005 0 0.0645)
(0.00525 0 0.0645)
(0.0055 0 0.0645)
(0.00575 0 0.0645)
(0.006 0 0.0645)
(0.00625 0 0.0645)
(0.0065 0 0.0645)
(0.00675 0 0.0645)
(0.007 0 0.0645)
(0.00725 0 0.0645)
(0.0075 0 0.0645)
(0.00775 0 0.0645)
(0.008 0 0.0645)
(0.00825 0 0.0645)
(0.0085 0 0.0645)
(0.00875 0 0.0645)
(0.009 0 0.0645)
(0.00925 0 0.0645)
(0.0095 0 0.0645)
(0.00975 0 0.0645)
(0.01 0 0.0645)
(0.01025 0 0.0645)
(0.0105 0 0.0645)
(0.01075 0 0.0645)
(0.011 0 0.0645)
(0.01125 0 0.0645)
(0.0115 0 0.0645)
(0.01175 0 0.0645)
(0.012 0 0.0645)
(0.01225 0 0.0645)
(0.0125 0 0.0645)
(0.01275 0 0.0645)
(0.013 0 0.0645)
(0.01325 0 0.0645)
(0.0135 0 0.0645)
(0.01375 0 0.0645)
(0.014 0 0.0645)
(0.01425 0 0.0645)
(0.0145 0 0.0645)
(0.01475 0 0.0645)
(0.015 0 0.0645)
(0.01525 0 0.0645)
(0.0155 0 0.0645)
(0.01575 0 0.0645)
(0.016 0 0.0645)
(0.01625 0 0.0645)
(0.0165 0 0.0645)
(0.01675 0 0.0645)
(0.017 0 0.0645)
(0.01725 0 0.0645)
(0.0175 0 0.0645)
(0.01775 0 0.0645)
(0.018 0 0.0645)
(0.01825 0 0.0645)
(0.0185 0 0.0645)
(0.01875 0 0.0645)
(0.019 0 0.0645)
(0.01925 0 0.0645)
(0.0195 0 0.0645)
(0.01975 0 0.0645)
(0.02 0 0.0645)
(0.02025 0 0.0645)
(0.0205 0 0.0645)
(0.02075 0 0.0645)
(0.021 0 0.0645)
(0.02125 0 0.0645)
(0.0215 0 0.0645)
(0.02175 0 0.0645)
(0.022 0 0.0645)
(0.02225 0 0.0645)
(0.0225 0 0.0645)
(0.02275 0 0.0645)
(0.023 0 0.0645)
(0.02325 0 0.0645)
(0.0235 0 0.0645)
(0.02375 0 0.0645)
(0.024 0 0.0645)
(0.02425 0 0.0645)
(0.0245 0 0.0645)
(0.02475 0 0.0645)
(0.025 0 0.0645)
(0.02525 0 0.0645)
(0.0255 0 0.0645)
(0.02575 0 0.0645)
(0.026 0 0.0645)
(0.02625 0 0.0645)
(0.0265 0 0.0645)
(0.02675 0 0.0645)
(0.027 0 0.0645)
(0.02725 0 0.0645)
(0.0275 0 0.0645)
(0.02775 0 0.0645)
(0.028 0 0.0645)
(0.02825 0 0.0645)
(0.0285 0 0.0645)
(0.02875 0 0.0645)
(0.029 0 0.0645)
(0.02925 0 0.0645)
(0.0295 0 0.0645)
(0.02975 0 0.0645)
(0.03 0 0.0645)
(0.03025 0 0.0645)
(0.0305 0 0.0645)
(0.03075 0 0.0645)
(0.031 0 0.0645)
(0.03125 0 0.0645)
(0.0315 0 0.0645)
(0.03175 0 0.0645)
(0.032 0 0.0645)
(0.03225 0 0.0645)
(0.0325 0 0.0645)
(0.03275 0 0.0645)
(0.033 0 0.0645)
(0.03325 0 0.0645)
(0.0335 0 0.0645)
(0.03375 0 0.0645)
(0.034 0 0.0645)
(0.03425 0 0.0645)
(0.0345 0 0.0645)
(0.03475 0 0.0645)
(0.035 0 0.0645)
(0 0.00025 0.0645)
(0.00025 0.00025 0.0645)
(0.0005 0.00025 0.0645)
(0.00075 0.00025 0.0645)
(0.001 0.00025 0.0645)
(0.00125 0.00025 0.0645)
(0.0015 0.00025 0.0645)
(0.00175 0.00025 0.0645)
(0.002 0.00025 0.0645)
(0.00225 0.00025 0.0645)
(0.0025 0.00025 0.0645)
(0.00275 0.00025 0.0645)
(0.003 0.00025 0.0645)
(0.00325 0.00025 0.0645)
(0.0035 0.00025 0.0645)
(0.00375 0.00025 0.0645)
(0.004 0.00025 0.0645)
(0.00425 0.00025 0.0645)
(0.0045 0.00025 0.0645)
(0.00475 0.00025 0.0645)
(0.005 0.00025 0.0645)
(0.00525 0.00025 0.0645)
(0.0055 0.00025 0.0645)
(0.00575 0.00025 0.0645)
(0.006 0.00025 0.0645)
(0.00625 0.00025 0.0645)
(0.0065 0.00025 0.0645)
(0.00675 0.00025 0.0645)
(0.007 0.00025 0.0645)
(0.00725 0.00025 0.0645)
(0.0075 0.00025 0.0645)
(0.00775 0.00025 0.0645)
(0.008 0.00025 0.0645)
(0.00825 0.00025 0.0645)
(0.0085 0.00025 0.0645)
(0.00875 0.00025 0.0645)
(0.009 0.00025 0.0645)
(0.00925 0.00025 0.0645)
(0.0095 0.00025 0.0645)
(0.00975 0.00025 0.0645)
(0.01 0.00025 0.0645)
(0.01025 0.00025 0.0645)
(0.0105 0.00025 0.0645)
(0.01075 0.00025 0.0645)
(0.011 0.00025 0.0645)
(0.01125 0.00025 0.0645)
(0.0115 0.00025 0.0645)
(0.01175 0.00025 0.0645)
(0.012 0.00025 0.0645)
(0.01225 0.00025 0.0645)
(0.0125 0.00025 0.0645)
(0.01275 0.00025 0.0645)
(0.013 0.00025 0.0645)
(0.01325 0.00025 0.0645)
(0.0135 0.00025 0.0645)
(0.01375 0.00025 0.0645)
(0.014 0.00025 0.0645)
(0.01425 0.00025 0.0645)
(0.0145 0.00025 0.0645)
(0.01475 0.00025 0.0645)
(0.015 0.00025 0.0645)
(0.01525 0.00025 0.0645)
(0.0155 0.00025 0.0645)
(0.01575 0.00025 0.0645)
(0.016 0.00025 0.0645)
(0.01625 0.00025 0.0645)
(0.0165 0.00025 0.0645)
(0.01675 0.00025 0.0645)
(0.017 0.00025 0.0645)
(0.01725 0.00025 0.0645)
(0.0175 0.00025 0.0645)
(0.01775 0.00025 0.0645)
(0.018 0.00025 0.0645)
(0.01825 0.00025 0.0645)
(0.0185 0.00025 0.0645)
(0.01875 0.00025 0.0645)
(0.019 0.00025 0.0645)
(0.01925 0.00025 0.0645)
(0.0195 0.00025 0.0645)
(0.01975 0.00025 0.0645)
(0.02 0.00025 0.0645)
(0.02025 0.00025 0.0645)
(0.0205 0.00025 0.0645)
(0.02075 0.00025 0.0645)
(0.021 0.00025 0.0645)
(0.02125 0.00025 0.0645)
(0.0215 0.00025 0.0645)
(0.02175 0.00025 0.0645)
(0.022 0.00025 0.0645)
(0.02225 0.00025 0.0645)
(0.0225 0.00025 0.0645)
(0.02275 0.00025 0.0645)
(0.023 0.00025 0.0645)
(0.02325 0.00025 0.0645)
(0.0235 0.00025 0.0645)
(0.02375 0.00025 0.0645)
(0.024 0.00025 0.0645)
(0.02425 0.00025 0.0645)
(0.0245 0.00025 0.0645)
(0.02475 0.00025 0.0645)
(0.025 0.00025 0.0645)
(0.02525 0.00025 0.0645)
(0.0255 0.00025 0.0645)
(0.02575 0.00025 0.0645)
(0.026 0.00025 0.0645)
(0.02625 0.00025 0.0645)
(0.0265 0.00025 0.0645)
(0.02675 0.00025 0.0645)
(0.027 0.00025 0.0645)
(0.02725 0.00025 0.0645)
(0.0275 0.00025 0.0645)
(0.02775 0.00025 0.0645)
(0.028 0.00025 0.0645)
(0.02825 0.00025 0.0645)
(0.0285 0.00025 0.0645)
(0.02875 0.00025 0.0645)
(0.029 0.00025 0.0645)
(0.02925 0.00025 0.0645)
(0.0295 0.00025 0.0645)
(0.02975 0.00025 0.0645)
(0.03 0.00025 0.0645)
(0.03025 0.00025 0.0645)
(0.0305 0.00025 0.0645)
(0.03075 0.00025 0.0645)
(0.031 0.00025 0.0645)
(0.03125 0.00025 0.0645)
(0.0315 0.00025 0.0645)
(0.03175 0.00025 0.0645)
(0.032 0.00025 0.0645)
(0.03225 0.00025 0.0645)
(0.0325 0.00025 0.0645)
(0.03275 0.00025 0.0645)
(0.033 0.00025 0.0645)
(0.03325 0.00025 0.0645)
(0.0335 0.00025 0.0645)
(0.03375 0.00025 0.0645)
(0.034 0.00025 0.0645)
(0.03425 0.00025 0.0645)
(0.0345 0.00025 0.0645)
(0.03475 0.00025 0.0645)
(0.035 0.00025 0.0645)
(0 0.0005 0.0645)
(0.00025 0.0005 0.0645)
(0.0005 0.0005 0.0645)
(0.00075 0.0005 0.0645)
(0.001 0.0005 0.0645)
(0.00125 0.0005 0.0645)
(0.0015 0.0005 0.0645)
(0.00175 0.0005 0.0645)
(0.002 0.0005 0.0645)
(0.00225 0.0005 0.0645)
(0.0025 0.0005 0.0645)
(0.00275 0.0005 0.0645)
(0.003 0.0005 0.0645)
(0.00325 0.0005 0.0645)
(0.0035 0.0005 0.0645)
(0.00375 0.0005 0.0645)
(0.004 0.0005 0.0645)
(0.00425 0.0005 0.0645)
(0.0045 0.0005 0.0645)
(0.00475 0.0005 0.0645)
(0.005 0.0005 0.0645)
(0.00525 0.0005 0.0645)
(0.0055 0.0005 0.0645)
(0.00575 0.0005 0.0645)
(0.006 0.0005 0.0645)
(0.00625 0.0005 0.0645)
(0.0065 0.0005 0.0645)
(0.00675 0.0005 0.0645)
(0.007 0.0005 0.0645)
(0.00725 0.0005 0.0645)
(0.0075 0.0005 0.0645)
(0.00775 0.0005 0.0645)
(0.008 0.0005 0.0645)
(0.00825 0.0005 0.0645)
(0.0085 0.0005 0.0645)
(0.00875 0.0005 0.0645)
(0.009 0.0005 0.0645)
(0.00925 0.0005 0.0645)
(0.0095 0.0005 0.0645)
(0.00975 0.0005 0.0645)
(0.01 0.0005 0.0645)
(0.01025 0.0005 0.0645)
(0.0105 0.0005 0.0645)
(0.01075 0.0005 0.0645)
(0.011 0.0005 0.0645)
(0.01125 0.0005 0.0645)
(0.0115 0.0005 0.0645)
(0.01175 0.0005 0.0645)
(0.012 0.0005 0.0645)
(0.01225 0.0005 0.0645)
(0.0125 0.0005 0.0645)
(0.01275 0.0005 0.0645)
(0.013 0.0005 0.0645)
(0.01325 0.0005 0.0645)
(0.0135 0.0005 0.0645)
(0.01375 0.0005 0.0645)
(0.014 0.0005 0.0645)
(0.01425 0.0005 0.0645)
(0.0145 0.0005 0.0645)
(0.01475 0.0005 0.0645)
(0.015 0.0005 0.0645)
(0.01525 0.0005 0.0645)
(0.0155 0.0005 0.0645)
(0.01575 0.0005 0.0645)
(0.016 0.0005 0.0645)
(0.01625 0.0005 0.0645)
(0.0165 0.0005 0.0645)
(0.01675 0.0005 0.0645)
(0.017 0.0005 0.0645)
(0.01725 0.0005 0.0645)
(0.0175 0.0005 0.0645)
(0.01775 0.0005 0.0645)
(0.018 0.0005 0.0645)
(0.01825 0.0005 0.0645)
(0.0185 0.0005 0.0645)
(0.01875 0.0005 0.0645)
(0.019 0.0005 0.0645)
(0.01925 0.0005 0.0645)
(0.0195 0.0005 0.0645)
(0.01975 0.0005 0.0645)
(0.02 0.0005 0.0645)
(0.02025 0.0005 0.0645)
(0.0205 0.0005 0.0645)
(0.02075 0.0005 0.0645)
(0.021 0.0005 0.0645)
(0.02125 0.0005 0.0645)
(0.0215 0.0005 0.0645)
(0.02175 0.0005 0.0645)
(0.022 0.0005 0.0645)
(0.02225 0.0005 0.0645)
(0.0225 0.0005 0.0645)
(0.02275 0.0005 0.0645)
(0.023 0.0005 0.0645)
(0.02325 0.0005 0.0645)
(0.0235 0.0005 0.0645)
(0.02375 0.0005 0.0645)
(0.024 0.0005 0.0645)
(0.02425 0.0005 0.0645)
(0.0245 0.0005 0.0645)
(0.02475 0.0005 0.0645)
(0.025 0.0005 0.0645)
(0.02525 0.0005 0.0645)
(0.0255 0.0005 0.0645)
(0.02575 0.0005 0.0645)
(0.026 0.0005 0.0645)
(0.02625 0.0005 0.0645)
(0.0265 0.0005 0.0645)
(0.02675 0.0005 0.0645)
(0.027 0.0005 0.0645)
(0.02725 0.0005 0.0645)
(0.0275 0.0005 0.0645)
(0.02775 0.0005 0.0645)
(0.028 0.0005 0.0645)
(0.02825 0.0005 0.0645)
(0.0285 0.0005 0.0645)
(0.02875 0.0005 0.0645)
(0.029 0.0005 0.0645)
(0.02925 0.0005 0.0645)
(0.0295 0.0005 0.0645)
(0.02975 0.0005 0.0645)
(0.03 0.0005 0.0645)
(0.03025 0.0005 0.0645)
(0.0305 0.0005 0.0645)
(0.03075 0.0005 0.0645)
(0.031 0.0005 0.0645)
(0.03125 0.0005 0.0645)
(0.0315 0.0005 0.0645)
(0.03175 0.0005 0.0645)
(0.032 0.0005 0.0645)
(0.03225 0.0005 0.0645)
(0.0325 0.0005 0.0645)
(0.03275 0.0005 0.0645)
(0.033 0.0005 0.0645)
(0.03325 0.0005 0.0645)
(0.0335 0.0005 0.0645)
(0.03375 0.0005 0.0645)
(0.034 0.0005 0.0645)
(0.03425 0.0005 0.0645)
(0.0345 0.0005 0.0645)
(0.03475 0.0005 0.0645)
(0.035 0.0005 0.0645)
(0 0.00075 0.0645)
(0.00025 0.00075 0.0645)
(0.0005 0.00075 0.0645)
(0.00075 0.00075 0.0645)
(0.001 0.00075 0.0645)
(0.00125 0.00075 0.0645)
(0.0015 0.00075 0.0645)
(0.00175 0.00075 0.0645)
(0.002 0.00075 0.0645)
(0.00225 0.00075 0.0645)
(0.0025 0.00075 0.0645)
(0.00275 0.00075 0.0645)
(0.003 0.00075 0.0645)
(0.00325 0.00075 0.0645)
(0.0035 0.00075 0.0645)
(0.00375 0.00075 0.0645)
(0.004 0.00075 0.0645)
(0.00425 0.00075 0.0645)
(0.0045 0.00075 0.0645)
(0.00475 0.00075 0.0645)
(0.005 0.00075 0.0645)
(0.00525 0.00075 0.0645)
(0.0055 0.00075 0.0645)
(0.00575 0.00075 0.0645)
(0.006 0.00075 0.0645)
(0.00625 0.00075 0.0645)
(0.0065 0.00075 0.0645)
(0.00675 0.00075 0.0645)
(0.007 0.00075 0.0645)
(0.00725 0.00075 0.0645)
(0.0075 0.00075 0.0645)
(0.00775 0.00075 0.0645)
(0.008 0.00075 0.0645)
(0.00825 0.00075 0.0645)
(0.0085 0.00075 0.0645)
(0.00875 0.00075 0.0645)
(0.009 0.00075 0.0645)
(0.00925 0.00075 0.0645)
(0.0095 0.00075 0.0645)
(0.00975 0.00075 0.0645)
(0.01 0.00075 0.0645)
(0.01025 0.00075 0.0645)
(0.0105 0.00075 0.0645)
(0.01075 0.00075 0.0645)
(0.011 0.00075 0.0645)
(0.01125 0.00075 0.0645)
(0.0115 0.00075 0.0645)
(0.01175 0.00075 0.0645)
(0.012 0.00075 0.0645)
(0.01225 0.00075 0.0645)
(0.0125 0.00075 0.0645)
(0.01275 0.00075 0.0645)
(0.013 0.00075 0.0645)
(0.01325 0.00075 0.0645)
(0.0135 0.00075 0.0645)
(0.01375 0.00075 0.0645)
(0.014 0.00075 0.0645)
(0.01425 0.00075 0.0645)
(0.0145 0.00075 0.0645)
(0.01475 0.00075 0.0645)
(0.015 0.00075 0.0645)
(0.01525 0.00075 0.0645)
(0.0155 0.00075 0.0645)
(0.01575 0.00075 0.0645)
(0.016 0.00075 0.0645)
(0.01625 0.00075 0.0645)
(0.0165 0.00075 0.0645)
(0.01675 0.00075 0.0645)
(0.017 0.00075 0.0645)
(0.01725 0.00075 0.0645)
(0.0175 0.00075 0.0645)
(0.01775 0.00075 0.0645)
(0.018 0.00075 0.0645)
(0.01825 0.00075 0.0645)
(0.0185 0.00075 0.0645)
(0.01875 0.00075 0.0645)
(0.019 0.00075 0.0645)
(0.01925 0.00075 0.0645)
(0.0195 0.00075 0.0645)
(0.01975 0.00075 0.0645)
(0.02 0.00075 0.0645)
(0.02025 0.00075 0.0645)
(0.0205 0.00075 0.0645)
(0.02075 0.00075 0.0645)
(0.021 0.00075 0.0645)
(0.02125 0.00075 0.0645)
(0.0215 0.00075 0.0645)
(0.02175 0.00075 0.0645)
(0.022 0.00075 0.0645)
(0.02225 0.00075 0.0645)
(0.0225 0.00075 0.0645)
(0.02275 0.00075 0.0645)
(0.023 0.00075 0.0645)
(0.02325 0.00075 0.0645)
(0.0235 0.00075 0.0645)
(0.02375 0.00075 0.0645)
(0.024 0.00075 0.0645)
(0.02425 0.00075 0.0645)
(0.0245 0.00075 0.0645)
(0.02475 0.00075 0.0645)
(0.025 0.00075 0.0645)
(0.02525 0.00075 0.0645)
(0.0255 0.00075 0.0645)
(0.02575 0.00075 0.0645)
(0.026 0.00075 0.0645)
(0.02625 0.00075 0.0645)
(0.0265 0.00075 0.0645)
(0.02675 0.00075 0.0645)
(0.027 0.00075 0.0645)
(0.02725 0.00075 0.0645)
(0.0275 0.00075 0.0645)
(0.02775 0.00075 0.0645)
(0.028 0.00075 0.0645)
(0.02825 0.00075 0.0645)
(0.0285 0.00075 0.0645)
(0.02875 0.00075 0.0645)
(0.029 0.00075 0.0645)
(0.02925 0.00075 0.0645)
(0.0295 0.00075 0.0645)
(0.02975 0.00075 0.0645)
(0.03 0.00075 0.0645)
(0.03025 0.00075 0.0645)
(0.0305 0.00075 0.0645)
(0.03075 0.00075 0.0645)
(0.031 0.00075 0.0645)
(0.03125 0.00075 0.0645)
(0.0315 0.00075 0.0645)
(0.03175 0.00075 0.0645)
(0.032 0.00075 0.0645)
(0.03225 0.00075 0.0645)
(0.0325 0.00075 0.0645)
(0.03275 0.00075 0.0645)
(0.033 0.00075 0.0645)
(0.03325 0.00075 0.0645)
(0.0335 0.00075 0.0645)
(0.03375 0.00075 0.0645)
(0.034 0.00075 0.0645)
(0.03425 0.00075 0.0645)
(0.0345 0.00075 0.0645)
(0.03475 0.00075 0.0645)
(0.035 0.00075 0.0645)
(0 0.001 0.0645)
(0.00025 0.001 0.0645)
(0.0005 0.001 0.0645)
(0.00075 0.001 0.0645)
(0.001 0.001 0.0645)
(0.00125 0.001 0.0645)
(0.0015 0.001 0.0645)
(0.00175 0.001 0.0645)
(0.002 0.001 0.0645)
(0.00225 0.001 0.0645)
(0.0025 0.001 0.0645)
(0.00275 0.001 0.0645)
(0.003 0.001 0.0645)
(0.00325 0.001 0.0645)
(0.0035 0.001 0.0645)
(0.00375 0.001 0.0645)
(0.004 0.001 0.0645)
(0.00425 0.001 0.0645)
(0.0045 0.001 0.0645)
(0.00475 0.001 0.0645)
(0.005 0.001 0.0645)
(0.00525 0.001 0.0645)
(0.0055 0.001 0.0645)
(0.00575 0.001 0.0645)
(0.006 0.001 0.0645)
(0.00625 0.001 0.0645)
(0.0065 0.001 0.0645)
(0.00675 0.001 0.0645)
(0.007 0.001 0.0645)
(0.00725 0.001 0.0645)
(0.0075 0.001 0.0645)
(0.00775 0.001 0.0645)
(0.008 0.001 0.0645)
(0.00825 0.001 0.0645)
(0.0085 0.001 0.0645)
(0.00875 0.001 0.0645)
(0.009 0.001 0.0645)
(0.00925 0.001 0.0645)
(0.0095 0.001 0.0645)
(0.00975 0.001 0.0645)
(0.01 0.001 0.0645)
(0.01025 0.001 0.0645)
(0.0105 0.001 0.0645)
(0.01075 0.001 0.0645)
(0.011 0.001 0.0645)
(0.01125 0.001 0.0645)
(0.0115 0.001 0.0645)
(0.01175 0.001 0.0645)
(0.012 0.001 0.0645)
(0.01225 0.001 0.0645)
(0.0125 0.001 0.0645)
(0.01275 0.001 0.0645)
(0.013 0.001 0.0645)
(0.01325 0.001 0.0645)
(0.0135 0.001 0.0645)
(0.01375 0.001 0.0645)
(0.014 0.001 0.0645)
(0.01425 0.001 0.0645)
(0.0145 0.001 0.0645)
(0.01475 0.001 0.0645)
(0.015 0.001 0.0645)
(0.01525 0.001 0.0645)
(0.0155 0.001 0.0645)
(0.01575 0.001 0.0645)
(0.016 0.001 0.0645)
(0.01625 0.001 0.0645)
(0.0165 0.001 0.0645)
(0.01675 0.001 0.0645)
(0.017 0.001 0.0645)
(0.01725 0.001 0.0645)
(0.0175 0.001 0.0645)
(0.01775 0.001 0.0645)
(0.018 0.001 0.0645)
(0.01825 0.001 0.0645)
(0.0185 0.001 0.0645)
(0.01875 0.001 0.0645)
(0.019 0.001 0.0645)
(0.01925 0.001 0.0645)
(0.0195 0.001 0.0645)
(0.01975 0.001 0.0645)
(0.02 0.001 0.0645)
(0.02025 0.001 0.0645)
(0.0205 0.001 0.0645)
(0.02075 0.001 0.0645)
(0.021 0.001 0.0645)
(0.02125 0.001 0.0645)
(0.0215 0.001 0.0645)
(0.02175 0.001 0.0645)
(0.022 0.001 0.0645)
(0.02225 0.001 0.0645)
(0.0225 0.001 0.0645)
(0.02275 0.001 0.0645)
(0.023 0.001 0.0645)
(0.02325 0.001 0.0645)
(0.0235 0.001 0.0645)
(0.02375 0.001 0.0645)
(0.024 0.001 0.0645)
(0.02425 0.001 0.0645)
(0.0245 0.001 0.0645)
(0.02475 0.001 0.0645)
(0.025 0.001 0.0645)
(0.02525 0.001 0.0645)
(0.0255 0.001 0.0645)
(0.02575 0.001 0.0645)
(0.026 0.001 0.0645)
(0.02625 0.001 0.0645)
(0.0265 0.001 0.0645)
(0.02675 0.001 0.0645)
(0.027 0.001 0.0645)
(0.02725 0.001 0.0645)
(0.0275 0.001 0.0645)
(0.02775 0.001 0.0645)
(0.028 0.001 0.0645)
(0.02825 0.001 0.0645)
(0.0285 0.001 0.0645)
(0.02875 0.001 0.0645)
(0.029 0.001 0.0645)
(0.02925 0.001 0.0645)
(0.0295 0.001 0.0645)
(0.02975 0.001 0.0645)
(0.03 0.001 0.0645)
(0.03025 0.001 0.0645)
(0.0305 0.001 0.0645)
(0.03075 0.001 0.0645)
(0.031 0.001 0.0645)
(0.03125 0.001 0.0645)
(0.0315 0.001 0.0645)
(0.03175 0.001 0.0645)
(0.032 0.001 0.0645)
(0.03225 0.001 0.0645)
(0.0325 0.001 0.0645)
(0.03275 0.001 0.0645)
(0.033 0.001 0.0645)
(0.03325 0.001 0.0645)
(0.0335 0.001 0.0645)
(0.03375 0.001 0.0645)
(0.034 0.001 0.0645)
(0.03425 0.001 0.0645)
(0.0345 0.001 0.0645)
(0.03475 0.001 0.0645)
(0.035 0.001 0.0645)
(0 0.00125 0.0645)
(0.00025 0.00125 0.0645)
(0.0005 0.00125 0.0645)
(0.00075 0.00125 0.0645)
(0.001 0.00125 0.0645)
(0.00125 0.00125 0.0645)
(0.0015 0.00125 0.0645)
(0.00175 0.00125 0.0645)
(0.002 0.00125 0.0645)
(0.00225 0.00125 0.0645)
(0.0025 0.00125 0.0645)
(0.00275 0.00125 0.0645)
(0.003 0.00125 0.0645)
(0.00325 0.00125 0.0645)
(0.0035 0.00125 0.0645)
(0.00375 0.00125 0.0645)
(0.004 0.00125 0.0645)
(0.00425 0.00125 0.0645)
(0.0045 0.00125 0.0645)
(0.00475 0.00125 0.0645)
(0.005 0.00125 0.0645)
(0.00525 0.00125 0.0645)
(0.0055 0.00125 0.0645)
(0.00575 0.00125 0.0645)
(0.006 0.00125 0.0645)
(0.00625 0.00125 0.0645)
(0.0065 0.00125 0.0645)
(0.00675 0.00125 0.0645)
(0.007 0.00125 0.0645)
(0.00725 0.00125 0.0645)
(0.0075 0.00125 0.0645)
(0.00775 0.00125 0.0645)
(0.008 0.00125 0.0645)
(0.00825 0.00125 0.0645)
(0.0085 0.00125 0.0645)
(0.00875 0.00125 0.0645)
(0.009 0.00125 0.0645)
(0.00925 0.00125 0.0645)
(0.0095 0.00125 0.0645)
(0.00975 0.00125 0.0645)
(0.01 0.00125 0.0645)
(0.01025 0.00125 0.0645)
(0.0105 0.00125 0.0645)
(0.01075 0.00125 0.0645)
(0.011 0.00125 0.0645)
(0.01125 0.00125 0.0645)
(0.0115 0.00125 0.0645)
(0.01175 0.00125 0.0645)
(0.012 0.00125 0.0645)
(0.01225 0.00125 0.0645)
(0.0125 0.00125 0.0645)
(0.01275 0.00125 0.0645)
(0.013 0.00125 0.0645)
(0.01325 0.00125 0.0645)
(0.0135 0.00125 0.0645)
(0.01375 0.00125 0.0645)
(0.014 0.00125 0.0645)
(0.01425 0.00125 0.0645)
(0.0145 0.00125 0.0645)
(0.01475 0.00125 0.0645)
(0.015 0.00125 0.0645)
(0.01525 0.00125 0.0645)
(0.0155 0.00125 0.0645)
(0.01575 0.00125 0.0645)
(0.016 0.00125 0.0645)
(0.01625 0.00125 0.0645)
(0.0165 0.00125 0.0645)
(0.01675 0.00125 0.0645)
(0.017 0.00125 0.0645)
(0.01725 0.00125 0.0645)
(0.0175 0.00125 0.0645)
(0.01775 0.00125 0.0645)
(0.018 0.00125 0.0645)
(0.01825 0.00125 0.0645)
(0.0185 0.00125 0.0645)
(0.01875 0.00125 0.0645)
(0.019 0.00125 0.0645)
(0.01925 0.00125 0.0645)
(0.0195 0.00125 0.0645)
(0.01975 0.00125 0.0645)
(0.02 0.00125 0.0645)
(0.02025 0.00125 0.0645)
(0.0205 0.00125 0.0645)
(0.02075 0.00125 0.0645)
(0.021 0.00125 0.0645)
(0.02125 0.00125 0.0645)
(0.0215 0.00125 0.0645)
(0.02175 0.00125 0.0645)
(0.022 0.00125 0.0645)
(0.02225 0.00125 0.0645)
(0.0225 0.00125 0.0645)
(0.02275 0.00125 0.0645)
(0.023 0.00125 0.0645)
(0.02325 0.00125 0.0645)
(0.0235 0.00125 0.0645)
(0.02375 0.00125 0.0645)
(0.024 0.00125 0.0645)
(0.02425 0.00125 0.0645)
(0.0245 0.00125 0.0645)
(0.02475 0.00125 0.0645)
(0.025 0.00125 0.0645)
(0.02525 0.00125 0.0645)
(0.0255 0.00125 0.0645)
(0.02575 0.00125 0.0645)
(0.026 0.00125 0.0645)
(0.02625 0.00125 0.0645)
(0.0265 0.00125 0.0645)
(0.02675 0.00125 0.0645)
(0.027 0.00125 0.0645)
(0.02725 0.00125 0.0645)
(0.0275 0.00125 0.0645)
(0.02775 0.00125 0.0645)
(0.028 0.00125 0.0645)
(0.02825 0.00125 0.0645)
(0.0285 0.00125 0.0645)
(0.02875 0.00125 0.0645)
(0.029 0.00125 0.0645)
(0.02925 0.00125 0.0645)
(0.0295 0.00125 0.0645)
(0.02975 0.00125 0.0645)
(0.03 0.00125 0.0645)
(0.03025 0.00125 0.0645)
(0.0305 0.00125 0.0645)
(0.03075 0.00125 0.0645)
(0.031 0.00125 0.0645)
(0.03125 0.00125 0.0645)
(0.0315 0.00125 0.0645)
(0.03175 0.00125 0.0645)
(0.032 0.00125 0.0645)
(0.03225 0.00125 0.0645)
(0.0325 0.00125 0.0645)
(0.03275 0.00125 0.0645)
(0.033 0.00125 0.0645)
(0.03325 0.00125 0.0645)
(0.0335 0.00125 0.0645)
(0.03375 0.00125 0.0645)
(0.034 0.00125 0.0645)
(0.03425 0.00125 0.0645)
(0.0345 0.00125 0.0645)
(0.03475 0.00125 0.0645)
(0.035 0.00125 0.0645)
(0 0.0015 0.0645)
(0.00025 0.0015 0.0645)
(0.0005 0.0015 0.0645)
(0.00075 0.0015 0.0645)
(0.001 0.0015 0.0645)
(0.00125 0.0015 0.0645)
(0.0015 0.0015 0.0645)
(0.00175 0.0015 0.0645)
(0.002 0.0015 0.0645)
(0.00225 0.0015 0.0645)
(0.0025 0.0015 0.0645)
(0.00275 0.0015 0.0645)
(0.003 0.0015 0.0645)
(0.00325 0.0015 0.0645)
(0.0035 0.0015 0.0645)
(0.00375 0.0015 0.0645)
(0.004 0.0015 0.0645)
(0.00425 0.0015 0.0645)
(0.0045 0.0015 0.0645)
(0.00475 0.0015 0.0645)
(0.005 0.0015 0.0645)
(0.00525 0.0015 0.0645)
(0.0055 0.0015 0.0645)
(0.00575 0.0015 0.0645)
(0.006 0.0015 0.0645)
(0.00625 0.0015 0.0645)
(0.0065 0.0015 0.0645)
(0.00675 0.0015 0.0645)
(0.007 0.0015 0.0645)
(0.00725 0.0015 0.0645)
(0.0075 0.0015 0.0645)
(0.00775 0.0015 0.0645)
(0.008 0.0015 0.0645)
(0.00825 0.0015 0.0645)
(0.0085 0.0015 0.0645)
(0.00875 0.0015 0.0645)
(0.009 0.0015 0.0645)
(0.00925 0.0015 0.0645)
(0.0095 0.0015 0.0645)
(0.00975 0.0015 0.0645)
(0.01 0.0015 0.0645)
(0.01025 0.0015 0.0645)
(0.0105 0.0015 0.0645)
(0.01075 0.0015 0.0645)
(0.011 0.0015 0.0645)
(0.01125 0.0015 0.0645)
(0.0115 0.0015 0.0645)
(0.01175 0.0015 0.0645)
(0.012 0.0015 0.0645)
(0.01225 0.0015 0.0645)
(0.0125 0.0015 0.0645)
(0.01275 0.0015 0.0645)
(0.013 0.0015 0.0645)
(0.01325 0.0015 0.0645)
(0.0135 0.0015 0.0645)
(0.01375 0.0015 0.0645)
(0.014 0.0015 0.0645)
(0.01425 0.0015 0.0645)
(0.0145 0.0015 0.0645)
(0.01475 0.0015 0.0645)
(0.015 0.0015 0.0645)
(0.01525 0.0015 0.0645)
(0.0155 0.0015 0.0645)
(0.01575 0.0015 0.0645)
(0.016 0.0015 0.0645)
(0.01625 0.0015 0.0645)
(0.0165 0.0015 0.0645)
(0.01675 0.0015 0.0645)
(0.017 0.0015 0.0645)
(0.01725 0.0015 0.0645)
(0.0175 0.0015 0.0645)
(0.01775 0.0015 0.0645)
(0.018 0.0015 0.0645)
(0.01825 0.0015 0.0645)
(0.0185 0.0015 0.0645)
(0.01875 0.0015 0.0645)
(0.019 0.0015 0.0645)
(0.01925 0.0015 0.0645)
(0.0195 0.0015 0.0645)
(0.01975 0.0015 0.0645)
(0.02 0.0015 0.0645)
(0.02025 0.0015 0.0645)
(0.0205 0.0015 0.0645)
(0.02075 0.0015 0.0645)
(0.021 0.0015 0.0645)
(0.02125 0.0015 0.0645)
(0.0215 0.0015 0.0645)
(0.02175 0.0015 0.0645)
(0.022 0.0015 0.0645)
(0.02225 0.0015 0.0645)
(0.0225 0.0015 0.0645)
(0.02275 0.0015 0.0645)
(0.023 0.0015 0.0645)
(0.02325 0.0015 0.0645)
(0.0235 0.0015 0.0645)
(0.02375 0.0015 0.0645)
(0.024 0.0015 0.0645)
(0.02425 0.0015 0.0645)
(0.0245 0.0015 0.0645)
(0.02475 0.0015 0.0645)
(0.025 0.0015 0.0645)
(0.02525 0.0015 0.0645)
(0.0255 0.0015 0.0645)
(0.02575 0.0015 0.0645)
(0.026 0.0015 0.0645)
(0.02625 0.0015 0.0645)
(0.0265 0.0015 0.0645)
(0.02675 0.0015 0.0645)
(0.027 0.0015 0.0645)
(0.02725 0.0015 0.0645)
(0.0275 0.0015 0.0645)
(0.02775 0.0015 0.0645)
(0.028 0.0015 0.0645)
(0.02825 0.0015 0.0645)
(0.0285 0.0015 0.0645)
(0.02875 0.0015 0.0645)
(0.029 0.0015 0.0645)
(0.02925 0.0015 0.0645)
(0.0295 0.0015 0.0645)
(0.02975 0.0015 0.0645)
(0.03 0.0015 0.0645)
(0.03025 0.0015 0.0645)
(0.0305 0.0015 0.0645)
(0.03075 0.0015 0.0645)
(0.031 0.0015 0.0645)
(0.03125 0.0015 0.0645)
(0.0315 0.0015 0.0645)
(0.03175 0.0015 0.0645)
(0.032 0.0015 0.0645)
(0.03225 0.0015 0.0645)
(0.0325 0.0015 0.0645)
(0.03275 0.0015 0.0645)
(0.033 0.0015 0.0645)
(0.03325 0.0015 0.0645)
(0.0335 0.0015 0.0645)
(0.03375 0.0015 0.0645)
(0.034 0.0015 0.0645)
(0.03425 0.0015 0.0645)
(0.0345 0.0015 0.0645)
(0.03475 0.0015 0.0645)
(0.035 0.0015 0.0645)
(0 0.00175 0.0645)
(0.00025 0.00175 0.0645)
(0.0005 0.00175 0.0645)
(0.00075 0.00175 0.0645)
(0.001 0.00175 0.0645)
(0.00125 0.00175 0.0645)
(0.0015 0.00175 0.0645)
(0.00175 0.00175 0.0645)
(0.002 0.00175 0.0645)
(0.00225 0.00175 0.0645)
(0.0025 0.00175 0.0645)
(0.00275 0.00175 0.0645)
(0.003 0.00175 0.0645)
(0.00325 0.00175 0.0645)
(0.0035 0.00175 0.0645)
(0.00375 0.00175 0.0645)
(0.004 0.00175 0.0645)
(0.00425 0.00175 0.0645)
(0.0045 0.00175 0.0645)
(0.00475 0.00175 0.0645)
(0.005 0.00175 0.0645)
(0.00525 0.00175 0.0645)
(0.0055 0.00175 0.0645)
(0.00575 0.00175 0.0645)
(0.006 0.00175 0.0645)
(0.00625 0.00175 0.0645)
(0.0065 0.00175 0.0645)
(0.00675 0.00175 0.0645)
(0.007 0.00175 0.0645)
(0.00725 0.00175 0.0645)
(0.0075 0.00175 0.0645)
(0.00775 0.00175 0.0645)
(0.008 0.00175 0.0645)
(0.00825 0.00175 0.0645)
(0.0085 0.00175 0.0645)
(0.00875 0.00175 0.0645)
(0.009 0.00175 0.0645)
(0.00925 0.00175 0.0645)
(0.0095 0.00175 0.0645)
(0.00975 0.00175 0.0645)
(0.01 0.00175 0.0645)
(0.01025 0.00175 0.0645)
(0.0105 0.00175 0.0645)
(0.01075 0.00175 0.0645)
(0.011 0.00175 0.0645)
(0.01125 0.00175 0.0645)
(0.0115 0.00175 0.0645)
(0.01175 0.00175 0.0645)
(0.012 0.00175 0.0645)
(0.01225 0.00175 0.0645)
(0.0125 0.00175 0.0645)
(0.01275 0.00175 0.0645)
(0.013 0.00175 0.0645)
(0.01325 0.00175 0.0645)
(0.0135 0.00175 0.0645)
(0.01375 0.00175 0.0645)
(0.014 0.00175 0.0645)
(0.01425 0.00175 0.0645)
(0.0145 0.00175 0.0645)
(0.01475 0.00175 0.0645)
(0.015 0.00175 0.0645)
(0.01525 0.00175 0.0645)
(0.0155 0.00175 0.0645)
(0.01575 0.00175 0.0645)
(0.016 0.00175 0.0645)
(0.01625 0.00175 0.0645)
(0.0165 0.00175 0.0645)
(0.01675 0.00175 0.0645)
(0.017 0.00175 0.0645)
(0.01725 0.00175 0.0645)
(0.0175 0.00175 0.0645)
(0.01775 0.00175 0.0645)
(0.018 0.00175 0.0645)
(0.01825 0.00175 0.0645)
(0.0185 0.00175 0.0645)
(0.01875 0.00175 0.0645)
(0.019 0.00175 0.0645)
(0.01925 0.00175 0.0645)
(0.0195 0.00175 0.0645)
(0.01975 0.00175 0.0645)
(0.02 0.00175 0.0645)
(0.02025 0.00175 0.0645)
(0.0205 0.00175 0.0645)
(0.02075 0.00175 0.0645)
(0.021 0.00175 0.0645)
(0.02125 0.00175 0.0645)
(0.0215 0.00175 0.0645)
(0.02175 0.00175 0.0645)
(0.022 0.00175 0.0645)
(0.02225 0.00175 0.0645)
(0.0225 0.00175 0.0645)
(0.02275 0.00175 0.0645)
(0.023 0.00175 0.0645)
(0.02325 0.00175 0.0645)
(0.0235 0.00175 0.0645)
(0.02375 0.00175 0.0645)
(0.024 0.00175 0.0645)
(0.02425 0.00175 0.0645)
(0.0245 0.00175 0.0645)
(0.02475 0.00175 0.0645)
(0.025 0.00175 0.0645)
(0.02525 0.00175 0.0645)
(0.0255 0.00175 0.0645)
(0.02575 0.00175 0.0645)
(0.026 0.00175 0.0645)
(0.02625 0.00175 0.0645)
(0.0265 0.00175 0.0645)
(0.02675 0.00175 0.0645)
(0.027 0.00175 0.0645)
(0.02725 0.00175 0.0645)
(0.0275 0.00175 0.0645)
(0.02775 0.00175 0.0645)
(0.028 0.00175 0.0645)
(0.02825 0.00175 0.0645)
(0.0285 0.00175 0.0645)
(0.02875 0.00175 0.0645)
(0.029 0.00175 0.0645)
(0.02925 0.00175 0.0645)
(0.0295 0.00175 0.0645)
(0.02975 0.00175 0.0645)
(0.03 0.00175 0.0645)
(0.03025 0.00175 0.0645)
(0.0305 0.00175 0.0645)
(0.03075 0.00175 0.0645)
(0.031 0.00175 0.0645)
(0.03125 0.00175 0.0645)
(0.0315 0.00175 0.0645)
(0.03175 0.00175 0.0645)
(0.032 0.00175 0.0645)
(0.03225 0.00175 0.0645)
(0.0325 0.00175 0.0645)
(0.03275 0.00175 0.0645)
(0.033 0.00175 0.0645)
(0.03325 0.00175 0.0645)
(0.0335 0.00175 0.0645)
(0.03375 0.00175 0.0645)
(0.034 0.00175 0.0645)
(0.03425 0.00175 0.0645)
(0.0345 0.00175 0.0645)
(0.03475 0.00175 0.0645)
(0.035 0.00175 0.0645)
(0 0.002 0.0645)
(0.00025 0.002 0.0645)
(0.0005 0.002 0.0645)
(0.00075 0.002 0.0645)
(0.001 0.002 0.0645)
(0.00125 0.002 0.0645)
(0.0015 0.002 0.0645)
(0.00175 0.002 0.0645)
(0.002 0.002 0.0645)
(0.00225 0.002 0.0645)
(0.0025 0.002 0.0645)
(0.00275 0.002 0.0645)
(0.003 0.002 0.0645)
(0.00325 0.002 0.0645)
(0.0035 0.002 0.0645)
(0.00375 0.002 0.0645)
(0.004 0.002 0.0645)
(0.00425 0.002 0.0645)
(0.0045 0.002 0.0645)
(0.00475 0.002 0.0645)
(0.005 0.002 0.0645)
(0.00525 0.002 0.0645)
(0.0055 0.002 0.0645)
(0.00575 0.002 0.0645)
(0.006 0.002 0.0645)
(0.00625 0.002 0.0645)
(0.0065 0.002 0.0645)
(0.00675 0.002 0.0645)
(0.007 0.002 0.0645)
(0.00725 0.002 0.0645)
(0.0075 0.002 0.0645)
(0.00775 0.002 0.0645)
(0.008 0.002 0.0645)
(0.00825 0.002 0.0645)
(0.0085 0.002 0.0645)
(0.00875 0.002 0.0645)
(0.009 0.002 0.0645)
(0.00925 0.002 0.0645)
(0.0095 0.002 0.0645)
(0.00975 0.002 0.0645)
(0.01 0.002 0.0645)
(0.01025 0.002 0.0645)
(0.0105 0.002 0.0645)
(0.01075 0.002 0.0645)
(0.011 0.002 0.0645)
(0.01125 0.002 0.0645)
(0.0115 0.002 0.0645)
(0.01175 0.002 0.0645)
(0.012 0.002 0.0645)
(0.01225 0.002 0.0645)
(0.0125 0.002 0.0645)
(0.01275 0.002 0.0645)
(0.013 0.002 0.0645)
(0.01325 0.002 0.0645)
(0.0135 0.002 0.0645)
(0.01375 0.002 0.0645)
(0.014 0.002 0.0645)
(0.01425 0.002 0.0645)
(0.0145 0.002 0.0645)
(0.01475 0.002 0.0645)
(0.015 0.002 0.0645)
(0.01525 0.002 0.0645)
(0.0155 0.002 0.0645)
(0.01575 0.002 0.0645)
(0.016 0.002 0.0645)
(0.01625 0.002 0.0645)
(0.0165 0.002 0.0645)
(0.01675 0.002 0.0645)
(0.017 0.002 0.0645)
(0.01725 0.002 0.0645)
(0.0175 0.002 0.0645)
(0.01775 0.002 0.0645)
(0.018 0.002 0.0645)
(0.01825 0.002 0.0645)
(0.0185 0.002 0.0645)
(0.01875 0.002 0.0645)
(0.019 0.002 0.0645)
(0.01925 0.002 0.0645)
(0.0195 0.002 0.0645)
(0.01975 0.002 0.0645)
(0.02 0.002 0.0645)
(0.02025 0.002 0.0645)
(0.0205 0.002 0.0645)
(0.02075 0.002 0.0645)
(0.021 0.002 0.0645)
(0.02125 0.002 0.0645)
(0.0215 0.002 0.0645)
(0.02175 0.002 0.0645)
(0.022 0.002 0.0645)
(0.02225 0.002 0.0645)
(0.0225 0.002 0.0645)
(0.02275 0.002 0.0645)
(0.023 0.002 0.0645)
(0.02325 0.002 0.0645)
(0.0235 0.002 0.0645)
(0.02375 0.002 0.0645)
(0.024 0.002 0.0645)
(0.02425 0.002 0.0645)
(0.0245 0.002 0.0645)
(0.02475 0.002 0.0645)
(0.025 0.002 0.0645)
(0.02525 0.002 0.0645)
(0.0255 0.002 0.0645)
(0.02575 0.002 0.0645)
(0.026 0.002 0.0645)
(0.02625 0.002 0.0645)
(0.0265 0.002 0.0645)
(0.02675 0.002 0.0645)
(0.027 0.002 0.0645)
(0.02725 0.002 0.0645)
(0.0275 0.002 0.0645)
(0.02775 0.002 0.0645)
(0.028 0.002 0.0645)
(0.02825 0.002 0.0645)
(0.0285 0.002 0.0645)
(0.02875 0.002 0.0645)
(0.029 0.002 0.0645)
(0.02925 0.002 0.0645)
(0.0295 0.002 0.0645)
(0.02975 0.002 0.0645)
(0.03 0.002 0.0645)
(0.03025 0.002 0.0645)
(0.0305 0.002 0.0645)
(0.03075 0.002 0.0645)
(0.031 0.002 0.0645)
(0.03125 0.002 0.0645)
(0.0315 0.002 0.0645)
(0.03175 0.002 0.0645)
(0.032 0.002 0.0645)
(0.03225 0.002 0.0645)
(0.0325 0.002 0.0645)
(0.03275 0.002 0.0645)
(0.033 0.002 0.0645)
(0.03325 0.002 0.0645)
(0.0335 0.002 0.0645)
(0.03375 0.002 0.0645)
(0.034 0.002 0.0645)
(0.03425 0.002 0.0645)
(0.0345 0.002 0.0645)
(0.03475 0.002 0.0645)
(0.035 0.002 0.0645)
(0 0.00225 0.0645)
(0.00025 0.00225 0.0645)
(0.0005 0.00225 0.0645)
(0.00075 0.00225 0.0645)
(0.001 0.00225 0.0645)
(0.00125 0.00225 0.0645)
(0.0015 0.00225 0.0645)
(0.00175 0.00225 0.0645)
(0.002 0.00225 0.0645)
(0.00225 0.00225 0.0645)
(0.0025 0.00225 0.0645)
(0.00275 0.00225 0.0645)
(0.003 0.00225 0.0645)
(0.00325 0.00225 0.0645)
(0.0035 0.00225 0.0645)
(0.00375 0.00225 0.0645)
(0.004 0.00225 0.0645)
(0.00425 0.00225 0.0645)
(0.0045 0.00225 0.0645)
(0.00475 0.00225 0.0645)
(0.005 0.00225 0.0645)
(0.00525 0.00225 0.0645)
(0.0055 0.00225 0.0645)
(0.00575 0.00225 0.0645)
(0.006 0.00225 0.0645)
(0.00625 0.00225 0.0645)
(0.0065 0.00225 0.0645)
(0.00675 0.00225 0.0645)
(0.007 0.00225 0.0645)
(0.00725 0.00225 0.0645)
(0.0075 0.00225 0.0645)
(0.00775 0.00225 0.0645)
(0.008 0.00225 0.0645)
(0.00825 0.00225 0.0645)
(0.0085 0.00225 0.0645)
(0.00875 0.00225 0.0645)
(0.009 0.00225 0.0645)
(0.00925 0.00225 0.0645)
(0.0095 0.00225 0.0645)
(0.00975 0.00225 0.0645)
(0.01 0.00225 0.0645)
(0.01025 0.00225 0.0645)
(0.0105 0.00225 0.0645)
(0.01075 0.00225 0.0645)
(0.011 0.00225 0.0645)
(0.01125 0.00225 0.0645)
(0.0115 0.00225 0.0645)
(0.01175 0.00225 0.0645)
(0.012 0.00225 0.0645)
(0.01225 0.00225 0.0645)
(0.0125 0.00225 0.0645)
(0.01275 0.00225 0.0645)
(0.013 0.00225 0.0645)
(0.01325 0.00225 0.0645)
(0.0135 0.00225 0.0645)
(0.01375 0.00225 0.0645)
(0.014 0.00225 0.0645)
(0.01425 0.00225 0.0645)
(0.0145 0.00225 0.0645)
(0.01475 0.00225 0.0645)
(0.015 0.00225 0.0645)
(0.01525 0.00225 0.0645)
(0.0155 0.00225 0.0645)
(0.01575 0.00225 0.0645)
(0.016 0.00225 0.0645)
(0.01625 0.00225 0.0645)
(0.0165 0.00225 0.0645)
(0.01675 0.00225 0.0645)
(0.017 0.00225 0.0645)
(0.01725 0.00225 0.0645)
(0.0175 0.00225 0.0645)
(0.01775 0.00225 0.0645)
(0.018 0.00225 0.0645)
(0.01825 0.00225 0.0645)
(0.0185 0.00225 0.0645)
(0.01875 0.00225 0.0645)
(0.019 0.00225 0.0645)
(0.01925 0.00225 0.0645)
(0.0195 0.00225 0.0645)
(0.01975 0.00225 0.0645)
(0.02 0.00225 0.0645)
(0.02025 0.00225 0.0645)
(0.0205 0.00225 0.0645)
(0.02075 0.00225 0.0645)
(0.021 0.00225 0.0645)
(0.02125 0.00225 0.0645)
(0.0215 0.00225 0.0645)
(0.02175 0.00225 0.0645)
(0.022 0.00225 0.0645)
(0.02225 0.00225 0.0645)
(0.0225 0.00225 0.0645)
(0.02275 0.00225 0.0645)
(0.023 0.00225 0.0645)
(0.02325 0.00225 0.0645)
(0.0235 0.00225 0.0645)
(0.02375 0.00225 0.0645)
(0.024 0.00225 0.0645)
(0.02425 0.00225 0.0645)
(0.0245 0.00225 0.0645)
(0.02475 0.00225 0.0645)
(0.025 0.00225 0.0645)
(0.02525 0.00225 0.0645)
(0.0255 0.00225 0.0645)
(0.02575 0.00225 0.0645)
(0.026 0.00225 0.0645)
(0.02625 0.00225 0.0645)
(0.0265 0.00225 0.0645)
(0.02675 0.00225 0.0645)
(0.027 0.00225 0.0645)
(0.02725 0.00225 0.0645)
(0.0275 0.00225 0.0645)
(0.02775 0.00225 0.0645)
(0.028 0.00225 0.0645)
(0.02825 0.00225 0.0645)
(0.0285 0.00225 0.0645)
(0.02875 0.00225 0.0645)
(0.029 0.00225 0.0645)
(0.02925 0.00225 0.0645)
(0.0295 0.00225 0.0645)
(0.02975 0.00225 0.0645)
(0.03 0.00225 0.0645)
(0.03025 0.00225 0.0645)
(0.0305 0.00225 0.0645)
(0.03075 0.00225 0.0645)
(0.031 0.00225 0.0645)
(0.03125 0.00225 0.0645)
(0.0315 0.00225 0.0645)
(0.03175 0.00225 0.0645)
(0.032 0.00225 0.0645)
(0.03225 0.00225 0.0645)
(0.0325 0.00225 0.0645)
(0.03275 0.00225 0.0645)
(0.033 0.00225 0.0645)
(0.03325 0.00225 0.0645)
(0.0335 0.00225 0.0645)
(0.03375 0.00225 0.0645)
(0.034 0.00225 0.0645)
(0.03425 0.00225 0.0645)
(0.0345 0.00225 0.0645)
(0.03475 0.00225 0.0645)
(0.035 0.00225 0.0645)
(0 0.0025 0.0645)
(0.00025 0.0025 0.0645)
(0.0005 0.0025 0.0645)
(0.00075 0.0025 0.0645)
(0.001 0.0025 0.0645)
(0.00125 0.0025 0.0645)
(0.0015 0.0025 0.0645)
(0.00175 0.0025 0.0645)
(0.002 0.0025 0.0645)
(0.00225 0.0025 0.0645)
(0.0025 0.0025 0.0645)
(0.00275 0.0025 0.0645)
(0.003 0.0025 0.0645)
(0.00325 0.0025 0.0645)
(0.0035 0.0025 0.0645)
(0.00375 0.0025 0.0645)
(0.004 0.0025 0.0645)
(0.00425 0.0025 0.0645)
(0.0045 0.0025 0.0645)
(0.00475 0.0025 0.0645)
(0.005 0.0025 0.0645)
(0.00525 0.0025 0.0645)
(0.0055 0.0025 0.0645)
(0.00575 0.0025 0.0645)
(0.006 0.0025 0.0645)
(0.00625 0.0025 0.0645)
(0.0065 0.0025 0.0645)
(0.00675 0.0025 0.0645)
(0.007 0.0025 0.0645)
(0.00725 0.0025 0.0645)
(0.0075 0.0025 0.0645)
(0.00775 0.0025 0.0645)
(0.008 0.0025 0.0645)
(0.00825 0.0025 0.0645)
(0.0085 0.0025 0.0645)
(0.00875 0.0025 0.0645)
(0.009 0.0025 0.0645)
(0.00925 0.0025 0.0645)
(0.0095 0.0025 0.0645)
(0.00975 0.0025 0.0645)
(0.01 0.0025 0.0645)
(0.01025 0.0025 0.0645)
(0.0105 0.0025 0.0645)
(0.01075 0.0025 0.0645)
(0.011 0.0025 0.0645)
(0.01125 0.0025 0.0645)
(0.0115 0.0025 0.0645)
(0.01175 0.0025 0.0645)
(0.012 0.0025 0.0645)
(0.01225 0.0025 0.0645)
(0.0125 0.0025 0.0645)
(0.01275 0.0025 0.0645)
(0.013 0.0025 0.0645)
(0.01325 0.0025 0.0645)
(0.0135 0.0025 0.0645)
(0.01375 0.0025 0.0645)
(0.014 0.0025 0.0645)
(0.01425 0.0025 0.0645)
(0.0145 0.0025 0.0645)
(0.01475 0.0025 0.0645)
(0.015 0.0025 0.0645)
(0.01525 0.0025 0.0645)
(0.0155 0.0025 0.0645)
(0.01575 0.0025 0.0645)
(0.016 0.0025 0.0645)
(0.01625 0.0025 0.0645)
(0.0165 0.0025 0.0645)
(0.01675 0.0025 0.0645)
(0.017 0.0025 0.0645)
(0.01725 0.0025 0.0645)
(0.0175 0.0025 0.0645)
(0.01775 0.0025 0.0645)
(0.018 0.0025 0.0645)
(0.01825 0.0025 0.0645)
(0.0185 0.0025 0.0645)
(0.01875 0.0025 0.0645)
(0.019 0.0025 0.0645)
(0.01925 0.0025 0.0645)
(0.0195 0.0025 0.0645)
(0.01975 0.0025 0.0645)
(0.02 0.0025 0.0645)
(0.02025 0.0025 0.0645)
(0.0205 0.0025 0.0645)
(0.02075 0.0025 0.0645)
(0.021 0.0025 0.0645)
(0.02125 0.0025 0.0645)
(0.0215 0.0025 0.0645)
(0.02175 0.0025 0.0645)
(0.022 0.0025 0.0645)
(0.02225 0.0025 0.0645)
(0.0225 0.0025 0.0645)
(0.02275 0.0025 0.0645)
(0.023 0.0025 0.0645)
(0.02325 0.0025 0.0645)
(0.0235 0.0025 0.0645)
(0.02375 0.0025 0.0645)
(0.024 0.0025 0.0645)
(0.02425 0.0025 0.0645)
(0.0245 0.0025 0.0645)
(0.02475 0.0025 0.0645)
(0.025 0.0025 0.0645)
(0.02525 0.0025 0.0645)
(0.0255 0.0025 0.0645)
(0.02575 0.0025 0.0645)
(0.026 0.0025 0.0645)
(0.02625 0.0025 0.0645)
(0.0265 0.0025 0.0645)
(0.02675 0.0025 0.0645)
(0.027 0.0025 0.0645)
(0.02725 0.0025 0.0645)
(0.0275 0.0025 0.0645)
(0.02775 0.0025 0.0645)
(0.028 0.0025 0.0645)
(0.02825 0.0025 0.0645)
(0.0285 0.0025 0.0645)
(0.02875 0.0025 0.0645)
(0.029 0.0025 0.0645)
(0.02925 0.0025 0.0645)
(0.0295 0.0025 0.0645)
(0.02975 0.0025 0.0645)
(0.03 0.0025 0.0645)
(0.03025 0.0025 0.0645)
(0.0305 0.0025 0.0645)
(0.03075 0.0025 0.0645)
(0.031 0.0025 0.0645)
(0.03125 0.0025 0.0645)
(0.0315 0.0025 0.0645)
(0.03175 0.0025 0.0645)
(0.032 0.0025 0.0645)
(0.03225 0.0025 0.0645)
(0.0325 0.0025 0.0645)
(0.03275 0.0025 0.0645)
(0.033 0.0025 0.0645)
(0.03325 0.0025 0.0645)
(0.0335 0.0025 0.0645)
(0.03375 0.0025 0.0645)
(0.034 0.0025 0.0645)
(0.03425 0.0025 0.0645)
(0.0345 0.0025 0.0645)
(0.03475 0.0025 0.0645)
(0.035 0.0025 0.0645)
(0 0 0.06475)
(0.00025 0 0.06475)
(0.0005 0 0.06475)
(0.00075 0 0.06475)
(0.001 0 0.06475)
(0.00125 0 0.06475)
(0.0015 0 0.06475)
(0.00175 0 0.06475)
(0.002 0 0.06475)
(0.00225 0 0.06475)
(0.0025 0 0.06475)
(0.00275 0 0.06475)
(0.003 0 0.06475)
(0.00325 0 0.06475)
(0.0035 0 0.06475)
(0.00375 0 0.06475)
(0.004 0 0.06475)
(0.00425 0 0.06475)
(0.0045 0 0.06475)
(0.00475 0 0.06475)
(0.005 0 0.06475)
(0.00525 0 0.06475)
(0.0055 0 0.06475)
(0.00575 0 0.06475)
(0.006 0 0.06475)
(0.00625 0 0.06475)
(0.0065 0 0.06475)
(0.00675 0 0.06475)
(0.007 0 0.06475)
(0.00725 0 0.06475)
(0.0075 0 0.06475)
(0.00775 0 0.06475)
(0.008 0 0.06475)
(0.00825 0 0.06475)
(0.0085 0 0.06475)
(0.00875 0 0.06475)
(0.009 0 0.06475)
(0.00925 0 0.06475)
(0.0095 0 0.06475)
(0.00975 0 0.06475)
(0.01 0 0.06475)
(0.01025 0 0.06475)
(0.0105 0 0.06475)
(0.01075 0 0.06475)
(0.011 0 0.06475)
(0.01125 0 0.06475)
(0.0115 0 0.06475)
(0.01175 0 0.06475)
(0.012 0 0.06475)
(0.01225 0 0.06475)
(0.0125 0 0.06475)
(0.01275 0 0.06475)
(0.013 0 0.06475)
(0.01325 0 0.06475)
(0.0135 0 0.06475)
(0.01375 0 0.06475)
(0.014 0 0.06475)
(0.01425 0 0.06475)
(0.0145 0 0.06475)
(0.01475 0 0.06475)
(0.015 0 0.06475)
(0.01525 0 0.06475)
(0.0155 0 0.06475)
(0.01575 0 0.06475)
(0.016 0 0.06475)
(0.01625 0 0.06475)
(0.0165 0 0.06475)
(0.01675 0 0.06475)
(0.017 0 0.06475)
(0.01725 0 0.06475)
(0.0175 0 0.06475)
(0.01775 0 0.06475)
(0.018 0 0.06475)
(0.01825 0 0.06475)
(0.0185 0 0.06475)
(0.01875 0 0.06475)
(0.019 0 0.06475)
(0.01925 0 0.06475)
(0.0195 0 0.06475)
(0.01975 0 0.06475)
(0.02 0 0.06475)
(0.02025 0 0.06475)
(0.0205 0 0.06475)
(0.02075 0 0.06475)
(0.021 0 0.06475)
(0.02125 0 0.06475)
(0.0215 0 0.06475)
(0.02175 0 0.06475)
(0.022 0 0.06475)
(0.02225 0 0.06475)
(0.0225 0 0.06475)
(0.02275 0 0.06475)
(0.023 0 0.06475)
(0.02325 0 0.06475)
(0.0235 0 0.06475)
(0.02375 0 0.06475)
(0.024 0 0.06475)
(0.02425 0 0.06475)
(0.0245 0 0.06475)
(0.02475 0 0.06475)
(0.025 0 0.06475)
(0.02525 0 0.06475)
(0.0255 0 0.06475)
(0.02575 0 0.06475)
(0.026 0 0.06475)
(0.02625 0 0.06475)
(0.0265 0 0.06475)
(0.02675 0 0.06475)
(0.027 0 0.06475)
(0.02725 0 0.06475)
(0.0275 0 0.06475)
(0.02775 0 0.06475)
(0.028 0 0.06475)
(0.02825 0 0.06475)
(0.0285 0 0.06475)
(0.02875 0 0.06475)
(0.029 0 0.06475)
(0.02925 0 0.06475)
(0.0295 0 0.06475)
(0.02975 0 0.06475)
(0.03 0 0.06475)
(0.03025 0 0.06475)
(0.0305 0 0.06475)
(0.03075 0 0.06475)
(0.031 0 0.06475)
(0.03125 0 0.06475)
(0.0315 0 0.06475)
(0.03175 0 0.06475)
(0.032 0 0.06475)
(0.03225 0 0.06475)
(0.0325 0 0.06475)
(0.03275 0 0.06475)
(0.033 0 0.06475)
(0.03325 0 0.06475)
(0.0335 0 0.06475)
(0.03375 0 0.06475)
(0.034 0 0.06475)
(0.03425 0 0.06475)
(0.0345 0 0.06475)
(0.03475 0 0.06475)
(0.035 0 0.06475)
(0 0.00025 0.06475)
(0.00025 0.00025 0.06475)
(0.0005 0.00025 0.06475)
(0.00075 0.00025 0.06475)
(0.001 0.00025 0.06475)
(0.00125 0.00025 0.06475)
(0.0015 0.00025 0.06475)
(0.00175 0.00025 0.06475)
(0.002 0.00025 0.06475)
(0.00225 0.00025 0.06475)
(0.0025 0.00025 0.06475)
(0.00275 0.00025 0.06475)
(0.003 0.00025 0.06475)
(0.00325 0.00025 0.06475)
(0.0035 0.00025 0.06475)
(0.00375 0.00025 0.06475)
(0.004 0.00025 0.06475)
(0.00425 0.00025 0.06475)
(0.0045 0.00025 0.06475)
(0.00475 0.00025 0.06475)
(0.005 0.00025 0.06475)
(0.00525 0.00025 0.06475)
(0.0055 0.00025 0.06475)
(0.00575 0.00025 0.06475)
(0.006 0.00025 0.06475)
(0.00625 0.00025 0.06475)
(0.0065 0.00025 0.06475)
(0.00675 0.00025 0.06475)
(0.007 0.00025 0.06475)
(0.00725 0.00025 0.06475)
(0.0075 0.00025 0.06475)
(0.00775 0.00025 0.06475)
(0.008 0.00025 0.06475)
(0.00825 0.00025 0.06475)
(0.0085 0.00025 0.06475)
(0.00875 0.00025 0.06475)
(0.009 0.00025 0.06475)
(0.00925 0.00025 0.06475)
(0.0095 0.00025 0.06475)
(0.00975 0.00025 0.06475)
(0.01 0.00025 0.06475)
(0.01025 0.00025 0.06475)
(0.0105 0.00025 0.06475)
(0.01075 0.00025 0.06475)
(0.011 0.00025 0.06475)
(0.01125 0.00025 0.06475)
(0.0115 0.00025 0.06475)
(0.01175 0.00025 0.06475)
(0.012 0.00025 0.06475)
(0.01225 0.00025 0.06475)
(0.0125 0.00025 0.06475)
(0.01275 0.00025 0.06475)
(0.013 0.00025 0.06475)
(0.01325 0.00025 0.06475)
(0.0135 0.00025 0.06475)
(0.01375 0.00025 0.06475)
(0.014 0.00025 0.06475)
(0.01425 0.00025 0.06475)
(0.0145 0.00025 0.06475)
(0.01475 0.00025 0.06475)
(0.015 0.00025 0.06475)
(0.01525 0.00025 0.06475)
(0.0155 0.00025 0.06475)
(0.01575 0.00025 0.06475)
(0.016 0.00025 0.06475)
(0.01625 0.00025 0.06475)
(0.0165 0.00025 0.06475)
(0.01675 0.00025 0.06475)
(0.017 0.00025 0.06475)
(0.01725 0.00025 0.06475)
(0.0175 0.00025 0.06475)
(0.01775 0.00025 0.06475)
(0.018 0.00025 0.06475)
(0.01825 0.00025 0.06475)
(0.0185 0.00025 0.06475)
(0.01875 0.00025 0.06475)
(0.019 0.00025 0.06475)
(0.01925 0.00025 0.06475)
(0.0195 0.00025 0.06475)
(0.01975 0.00025 0.06475)
(0.02 0.00025 0.06475)
(0.02025 0.00025 0.06475)
(0.0205 0.00025 0.06475)
(0.02075 0.00025 0.06475)
(0.021 0.00025 0.06475)
(0.02125 0.00025 0.06475)
(0.0215 0.00025 0.06475)
(0.02175 0.00025 0.06475)
(0.022 0.00025 0.06475)
(0.02225 0.00025 0.06475)
(0.0225 0.00025 0.06475)
(0.02275 0.00025 0.06475)
(0.023 0.00025 0.06475)
(0.02325 0.00025 0.06475)
(0.0235 0.00025 0.06475)
(0.02375 0.00025 0.06475)
(0.024 0.00025 0.06475)
(0.02425 0.00025 0.06475)
(0.0245 0.00025 0.06475)
(0.02475 0.00025 0.06475)
(0.025 0.00025 0.06475)
(0.02525 0.00025 0.06475)
(0.0255 0.00025 0.06475)
(0.02575 0.00025 0.06475)
(0.026 0.00025 0.06475)
(0.02625 0.00025 0.06475)
(0.0265 0.00025 0.06475)
(0.02675 0.00025 0.06475)
(0.027 0.00025 0.06475)
(0.02725 0.00025 0.06475)
(0.0275 0.00025 0.06475)
(0.02775 0.00025 0.06475)
(0.028 0.00025 0.06475)
(0.02825 0.00025 0.06475)
(0.0285 0.00025 0.06475)
(0.02875 0.00025 0.06475)
(0.029 0.00025 0.06475)
(0.02925 0.00025 0.06475)
(0.0295 0.00025 0.06475)
(0.02975 0.00025 0.06475)
(0.03 0.00025 0.06475)
(0.03025 0.00025 0.06475)
(0.0305 0.00025 0.06475)
(0.03075 0.00025 0.06475)
(0.031 0.00025 0.06475)
(0.03125 0.00025 0.06475)
(0.0315 0.00025 0.06475)
(0.03175 0.00025 0.06475)
(0.032 0.00025 0.06475)
(0.03225 0.00025 0.06475)
(0.0325 0.00025 0.06475)
(0.03275 0.00025 0.06475)
(0.033 0.00025 0.06475)
(0.03325 0.00025 0.06475)
(0.0335 0.00025 0.06475)
(0.03375 0.00025 0.06475)
(0.034 0.00025 0.06475)
(0.03425 0.00025 0.06475)
(0.0345 0.00025 0.06475)
(0.03475 0.00025 0.06475)
(0.035 0.00025 0.06475)
(0 0.0005 0.06475)
(0.00025 0.0005 0.06475)
(0.0005 0.0005 0.06475)
(0.00075 0.0005 0.06475)
(0.001 0.0005 0.06475)
(0.00125 0.0005 0.06475)
(0.0015 0.0005 0.06475)
(0.00175 0.0005 0.06475)
(0.002 0.0005 0.06475)
(0.00225 0.0005 0.06475)
(0.0025 0.0005 0.06475)
(0.00275 0.0005 0.06475)
(0.003 0.0005 0.06475)
(0.00325 0.0005 0.06475)
(0.0035 0.0005 0.06475)
(0.00375 0.0005 0.06475)
(0.004 0.0005 0.06475)
(0.00425 0.0005 0.06475)
(0.0045 0.0005 0.06475)
(0.00475 0.0005 0.06475)
(0.005 0.0005 0.06475)
(0.00525 0.0005 0.06475)
(0.0055 0.0005 0.06475)
(0.00575 0.0005 0.06475)
(0.006 0.0005 0.06475)
(0.00625 0.0005 0.06475)
(0.0065 0.0005 0.06475)
(0.00675 0.0005 0.06475)
(0.007 0.0005 0.06475)
(0.00725 0.0005 0.06475)
(0.0075 0.0005 0.06475)
(0.00775 0.0005 0.06475)
(0.008 0.0005 0.06475)
(0.00825 0.0005 0.06475)
(0.0085 0.0005 0.06475)
(0.00875 0.0005 0.06475)
(0.009 0.0005 0.06475)
(0.00925 0.0005 0.06475)
(0.0095 0.0005 0.06475)
(0.00975 0.0005 0.06475)
(0.01 0.0005 0.06475)
(0.01025 0.0005 0.06475)
(0.0105 0.0005 0.06475)
(0.01075 0.0005 0.06475)
(0.011 0.0005 0.06475)
(0.01125 0.0005 0.06475)
(0.0115 0.0005 0.06475)
(0.01175 0.0005 0.06475)
(0.012 0.0005 0.06475)
(0.01225 0.0005 0.06475)
(0.0125 0.0005 0.06475)
(0.01275 0.0005 0.06475)
(0.013 0.0005 0.06475)
(0.01325 0.0005 0.06475)
(0.0135 0.0005 0.06475)
(0.01375 0.0005 0.06475)
(0.014 0.0005 0.06475)
(0.01425 0.0005 0.06475)
(0.0145 0.0005 0.06475)
(0.01475 0.0005 0.06475)
(0.015 0.0005 0.06475)
(0.01525 0.0005 0.06475)
(0.0155 0.0005 0.06475)
(0.01575 0.0005 0.06475)
(0.016 0.0005 0.06475)
(0.01625 0.0005 0.06475)
(0.0165 0.0005 0.06475)
(0.01675 0.0005 0.06475)
(0.017 0.0005 0.06475)
(0.01725 0.0005 0.06475)
(0.0175 0.0005 0.06475)
(0.01775 0.0005 0.06475)
(0.018 0.0005 0.06475)
(0.01825 0.0005 0.06475)
(0.0185 0.0005 0.06475)
(0.01875 0.0005 0.06475)
(0.019 0.0005 0.06475)
(0.01925 0.0005 0.06475)
(0.0195 0.0005 0.06475)
(0.01975 0.0005 0.06475)
(0.02 0.0005 0.06475)
(0.02025 0.0005 0.06475)
(0.0205 0.0005 0.06475)
(0.02075 0.0005 0.06475)
(0.021 0.0005 0.06475)
(0.02125 0.0005 0.06475)
(0.0215 0.0005 0.06475)
(0.02175 0.0005 0.06475)
(0.022 0.0005 0.06475)
(0.02225 0.0005 0.06475)
(0.0225 0.0005 0.06475)
(0.02275 0.0005 0.06475)
(0.023 0.0005 0.06475)
(0.02325 0.0005 0.06475)
(0.0235 0.0005 0.06475)
(0.02375 0.0005 0.06475)
(0.024 0.0005 0.06475)
(0.02425 0.0005 0.06475)
(0.0245 0.0005 0.06475)
(0.02475 0.0005 0.06475)
(0.025 0.0005 0.06475)
(0.02525 0.0005 0.06475)
(0.0255 0.0005 0.06475)
(0.02575 0.0005 0.06475)
(0.026 0.0005 0.06475)
(0.02625 0.0005 0.06475)
(0.0265 0.0005 0.06475)
(0.02675 0.0005 0.06475)
(0.027 0.0005 0.06475)
(0.02725 0.0005 0.06475)
(0.0275 0.0005 0.06475)
(0.02775 0.0005 0.06475)
(0.028 0.0005 0.06475)
(0.02825 0.0005 0.06475)
(0.0285 0.0005 0.06475)
(0.02875 0.0005 0.06475)
(0.029 0.0005 0.06475)
(0.02925 0.0005 0.06475)
(0.0295 0.0005 0.06475)
(0.02975 0.0005 0.06475)
(0.03 0.0005 0.06475)
(0.03025 0.0005 0.06475)
(0.0305 0.0005 0.06475)
(0.03075 0.0005 0.06475)
(0.031 0.0005 0.06475)
(0.03125 0.0005 0.06475)
(0.0315 0.0005 0.06475)
(0.03175 0.0005 0.06475)
(0.032 0.0005 0.06475)
(0.03225 0.0005 0.06475)
(0.0325 0.0005 0.06475)
(0.03275 0.0005 0.06475)
(0.033 0.0005 0.06475)
(0.03325 0.0005 0.06475)
(0.0335 0.0005 0.06475)
(0.03375 0.0005 0.06475)
(0.034 0.0005 0.06475)
(0.03425 0.0005 0.06475)
(0.0345 0.0005 0.06475)
(0.03475 0.0005 0.06475)
(0.035 0.0005 0.06475)
(0 0.00075 0.06475)
(0.00025 0.00075 0.06475)
(0.0005 0.00075 0.06475)
(0.00075 0.00075 0.06475)
(0.001 0.00075 0.06475)
(0.00125 0.00075 0.06475)
(0.0015 0.00075 0.06475)
(0.00175 0.00075 0.06475)
(0.002 0.00075 0.06475)
(0.00225 0.00075 0.06475)
(0.0025 0.00075 0.06475)
(0.00275 0.00075 0.06475)
(0.003 0.00075 0.06475)
(0.00325 0.00075 0.06475)
(0.0035 0.00075 0.06475)
(0.00375 0.00075 0.06475)
(0.004 0.00075 0.06475)
(0.00425 0.00075 0.06475)
(0.0045 0.00075 0.06475)
(0.00475 0.00075 0.06475)
(0.005 0.00075 0.06475)
(0.00525 0.00075 0.06475)
(0.0055 0.00075 0.06475)
(0.00575 0.00075 0.06475)
(0.006 0.00075 0.06475)
(0.00625 0.00075 0.06475)
(0.0065 0.00075 0.06475)
(0.00675 0.00075 0.06475)
(0.007 0.00075 0.06475)
(0.00725 0.00075 0.06475)
(0.0075 0.00075 0.06475)
(0.00775 0.00075 0.06475)
(0.008 0.00075 0.06475)
(0.00825 0.00075 0.06475)
(0.0085 0.00075 0.06475)
(0.00875 0.00075 0.06475)
(0.009 0.00075 0.06475)
(0.00925 0.00075 0.06475)
(0.0095 0.00075 0.06475)
(0.00975 0.00075 0.06475)
(0.01 0.00075 0.06475)
(0.01025 0.00075 0.06475)
(0.0105 0.00075 0.06475)
(0.01075 0.00075 0.06475)
(0.011 0.00075 0.06475)
(0.01125 0.00075 0.06475)
(0.0115 0.00075 0.06475)
(0.01175 0.00075 0.06475)
(0.012 0.00075 0.06475)
(0.01225 0.00075 0.06475)
(0.0125 0.00075 0.06475)
(0.01275 0.00075 0.06475)
(0.013 0.00075 0.06475)
(0.01325 0.00075 0.06475)
(0.0135 0.00075 0.06475)
(0.01375 0.00075 0.06475)
(0.014 0.00075 0.06475)
(0.01425 0.00075 0.06475)
(0.0145 0.00075 0.06475)
(0.01475 0.00075 0.06475)
(0.015 0.00075 0.06475)
(0.01525 0.00075 0.06475)
(0.0155 0.00075 0.06475)
(0.01575 0.00075 0.06475)
(0.016 0.00075 0.06475)
(0.01625 0.00075 0.06475)
(0.0165 0.00075 0.06475)
(0.01675 0.00075 0.06475)
(0.017 0.00075 0.06475)
(0.01725 0.00075 0.06475)
(0.0175 0.00075 0.06475)
(0.01775 0.00075 0.06475)
(0.018 0.00075 0.06475)
(0.01825 0.00075 0.06475)
(0.0185 0.00075 0.06475)
(0.01875 0.00075 0.06475)
(0.019 0.00075 0.06475)
(0.01925 0.00075 0.06475)
(0.0195 0.00075 0.06475)
(0.01975 0.00075 0.06475)
(0.02 0.00075 0.06475)
(0.02025 0.00075 0.06475)
(0.0205 0.00075 0.06475)
(0.02075 0.00075 0.06475)
(0.021 0.00075 0.06475)
(0.02125 0.00075 0.06475)
(0.0215 0.00075 0.06475)
(0.02175 0.00075 0.06475)
(0.022 0.00075 0.06475)
(0.02225 0.00075 0.06475)
(0.0225 0.00075 0.06475)
(0.02275 0.00075 0.06475)
(0.023 0.00075 0.06475)
(0.02325 0.00075 0.06475)
(0.0235 0.00075 0.06475)
(0.02375 0.00075 0.06475)
(0.024 0.00075 0.06475)
(0.02425 0.00075 0.06475)
(0.0245 0.00075 0.06475)
(0.02475 0.00075 0.06475)
(0.025 0.00075 0.06475)
(0.02525 0.00075 0.06475)
(0.0255 0.00075 0.06475)
(0.02575 0.00075 0.06475)
(0.026 0.00075 0.06475)
(0.02625 0.00075 0.06475)
(0.0265 0.00075 0.06475)
(0.02675 0.00075 0.06475)
(0.027 0.00075 0.06475)
(0.02725 0.00075 0.06475)
(0.0275 0.00075 0.06475)
(0.02775 0.00075 0.06475)
(0.028 0.00075 0.06475)
(0.02825 0.00075 0.06475)
(0.0285 0.00075 0.06475)
(0.02875 0.00075 0.06475)
(0.029 0.00075 0.06475)
(0.02925 0.00075 0.06475)
(0.0295 0.00075 0.06475)
(0.02975 0.00075 0.06475)
(0.03 0.00075 0.06475)
(0.03025 0.00075 0.06475)
(0.0305 0.00075 0.06475)
(0.03075 0.00075 0.06475)
(0.031 0.00075 0.06475)
(0.03125 0.00075 0.06475)
(0.0315 0.00075 0.06475)
(0.03175 0.00075 0.06475)
(0.032 0.00075 0.06475)
(0.03225 0.00075 0.06475)
(0.0325 0.00075 0.06475)
(0.03275 0.00075 0.06475)
(0.033 0.00075 0.06475)
(0.03325 0.00075 0.06475)
(0.0335 0.00075 0.06475)
(0.03375 0.00075 0.06475)
(0.034 0.00075 0.06475)
(0.03425 0.00075 0.06475)
(0.0345 0.00075 0.06475)
(0.03475 0.00075 0.06475)
(0.035 0.00075 0.06475)
(0 0.001 0.06475)
(0.00025 0.001 0.06475)
(0.0005 0.001 0.06475)
(0.00075 0.001 0.06475)
(0.001 0.001 0.06475)
(0.00125 0.001 0.06475)
(0.0015 0.001 0.06475)
(0.00175 0.001 0.06475)
(0.002 0.001 0.06475)
(0.00225 0.001 0.06475)
(0.0025 0.001 0.06475)
(0.00275 0.001 0.06475)
(0.003 0.001 0.06475)
(0.00325 0.001 0.06475)
(0.0035 0.001 0.06475)
(0.00375 0.001 0.06475)
(0.004 0.001 0.06475)
(0.00425 0.001 0.06475)
(0.0045 0.001 0.06475)
(0.00475 0.001 0.06475)
(0.005 0.001 0.06475)
(0.00525 0.001 0.06475)
(0.0055 0.001 0.06475)
(0.00575 0.001 0.06475)
(0.006 0.001 0.06475)
(0.00625 0.001 0.06475)
(0.0065 0.001 0.06475)
(0.00675 0.001 0.06475)
(0.007 0.001 0.06475)
(0.00725 0.001 0.06475)
(0.0075 0.001 0.06475)
(0.00775 0.001 0.06475)
(0.008 0.001 0.06475)
(0.00825 0.001 0.06475)
(0.0085 0.001 0.06475)
(0.00875 0.001 0.06475)
(0.009 0.001 0.06475)
(0.00925 0.001 0.06475)
(0.0095 0.001 0.06475)
(0.00975 0.001 0.06475)
(0.01 0.001 0.06475)
(0.01025 0.001 0.06475)
(0.0105 0.001 0.06475)
(0.01075 0.001 0.06475)
(0.011 0.001 0.06475)
(0.01125 0.001 0.06475)
(0.0115 0.001 0.06475)
(0.01175 0.001 0.06475)
(0.012 0.001 0.06475)
(0.01225 0.001 0.06475)
(0.0125 0.001 0.06475)
(0.01275 0.001 0.06475)
(0.013 0.001 0.06475)
(0.01325 0.001 0.06475)
(0.0135 0.001 0.06475)
(0.01375 0.001 0.06475)
(0.014 0.001 0.06475)
(0.01425 0.001 0.06475)
(0.0145 0.001 0.06475)
(0.01475 0.001 0.06475)
(0.015 0.001 0.06475)
(0.01525 0.001 0.06475)
(0.0155 0.001 0.06475)
(0.01575 0.001 0.06475)
(0.016 0.001 0.06475)
(0.01625 0.001 0.06475)
(0.0165 0.001 0.06475)
(0.01675 0.001 0.06475)
(0.017 0.001 0.06475)
(0.01725 0.001 0.06475)
(0.0175 0.001 0.06475)
(0.01775 0.001 0.06475)
(0.018 0.001 0.06475)
(0.01825 0.001 0.06475)
(0.0185 0.001 0.06475)
(0.01875 0.001 0.06475)
(0.019 0.001 0.06475)
(0.01925 0.001 0.06475)
(0.0195 0.001 0.06475)
(0.01975 0.001 0.06475)
(0.02 0.001 0.06475)
(0.02025 0.001 0.06475)
(0.0205 0.001 0.06475)
(0.02075 0.001 0.06475)
(0.021 0.001 0.06475)
(0.02125 0.001 0.06475)
(0.0215 0.001 0.06475)
(0.02175 0.001 0.06475)
(0.022 0.001 0.06475)
(0.02225 0.001 0.06475)
(0.0225 0.001 0.06475)
(0.02275 0.001 0.06475)
(0.023 0.001 0.06475)
(0.02325 0.001 0.06475)
(0.0235 0.001 0.06475)
(0.02375 0.001 0.06475)
(0.024 0.001 0.06475)
(0.02425 0.001 0.06475)
(0.0245 0.001 0.06475)
(0.02475 0.001 0.06475)
(0.025 0.001 0.06475)
(0.02525 0.001 0.06475)
(0.0255 0.001 0.06475)
(0.02575 0.001 0.06475)
(0.026 0.001 0.06475)
(0.02625 0.001 0.06475)
(0.0265 0.001 0.06475)
(0.02675 0.001 0.06475)
(0.027 0.001 0.06475)
(0.02725 0.001 0.06475)
(0.0275 0.001 0.06475)
(0.02775 0.001 0.06475)
(0.028 0.001 0.06475)
(0.02825 0.001 0.06475)
(0.0285 0.001 0.06475)
(0.02875 0.001 0.06475)
(0.029 0.001 0.06475)
(0.02925 0.001 0.06475)
(0.0295 0.001 0.06475)
(0.02975 0.001 0.06475)
(0.03 0.001 0.06475)
(0.03025 0.001 0.06475)
(0.0305 0.001 0.06475)
(0.03075 0.001 0.06475)
(0.031 0.001 0.06475)
(0.03125 0.001 0.06475)
(0.0315 0.001 0.06475)
(0.03175 0.001 0.06475)
(0.032 0.001 0.06475)
(0.03225 0.001 0.06475)
(0.0325 0.001 0.06475)
(0.03275 0.001 0.06475)
(0.033 0.001 0.06475)
(0.03325 0.001 0.06475)
(0.0335 0.001 0.06475)
(0.03375 0.001 0.06475)
(0.034 0.001 0.06475)
(0.03425 0.001 0.06475)
(0.0345 0.001 0.06475)
(0.03475 0.001 0.06475)
(0.035 0.001 0.06475)
(0 0.00125 0.06475)
(0.00025 0.00125 0.06475)
(0.0005 0.00125 0.06475)
(0.00075 0.00125 0.06475)
(0.001 0.00125 0.06475)
(0.00125 0.00125 0.06475)
(0.0015 0.00125 0.06475)
(0.00175 0.00125 0.06475)
(0.002 0.00125 0.06475)
(0.00225 0.00125 0.06475)
(0.0025 0.00125 0.06475)
(0.00275 0.00125 0.06475)
(0.003 0.00125 0.06475)
(0.00325 0.00125 0.06475)
(0.0035 0.00125 0.06475)
(0.00375 0.00125 0.06475)
(0.004 0.00125 0.06475)
(0.00425 0.00125 0.06475)
(0.0045 0.00125 0.06475)
(0.00475 0.00125 0.06475)
(0.005 0.00125 0.06475)
(0.00525 0.00125 0.06475)
(0.0055 0.00125 0.06475)
(0.00575 0.00125 0.06475)
(0.006 0.00125 0.06475)
(0.00625 0.00125 0.06475)
(0.0065 0.00125 0.06475)
(0.00675 0.00125 0.06475)
(0.007 0.00125 0.06475)
(0.00725 0.00125 0.06475)
(0.0075 0.00125 0.06475)
(0.00775 0.00125 0.06475)
(0.008 0.00125 0.06475)
(0.00825 0.00125 0.06475)
(0.0085 0.00125 0.06475)
(0.00875 0.00125 0.06475)
(0.009 0.00125 0.06475)
(0.00925 0.00125 0.06475)
(0.0095 0.00125 0.06475)
(0.00975 0.00125 0.06475)
(0.01 0.00125 0.06475)
(0.01025 0.00125 0.06475)
(0.0105 0.00125 0.06475)
(0.01075 0.00125 0.06475)
(0.011 0.00125 0.06475)
(0.01125 0.00125 0.06475)
(0.0115 0.00125 0.06475)
(0.01175 0.00125 0.06475)
(0.012 0.00125 0.06475)
(0.01225 0.00125 0.06475)
(0.0125 0.00125 0.06475)
(0.01275 0.00125 0.06475)
(0.013 0.00125 0.06475)
(0.01325 0.00125 0.06475)
(0.0135 0.00125 0.06475)
(0.01375 0.00125 0.06475)
(0.014 0.00125 0.06475)
(0.01425 0.00125 0.06475)
(0.0145 0.00125 0.06475)
(0.01475 0.00125 0.06475)
(0.015 0.00125 0.06475)
(0.01525 0.00125 0.06475)
(0.0155 0.00125 0.06475)
(0.01575 0.00125 0.06475)
(0.016 0.00125 0.06475)
(0.01625 0.00125 0.06475)
(0.0165 0.00125 0.06475)
(0.01675 0.00125 0.06475)
(0.017 0.00125 0.06475)
(0.01725 0.00125 0.06475)
(0.0175 0.00125 0.06475)
(0.01775 0.00125 0.06475)
(0.018 0.00125 0.06475)
(0.01825 0.00125 0.06475)
(0.0185 0.00125 0.06475)
(0.01875 0.00125 0.06475)
(0.019 0.00125 0.06475)
(0.01925 0.00125 0.06475)
(0.0195 0.00125 0.06475)
(0.01975 0.00125 0.06475)
(0.02 0.00125 0.06475)
(0.02025 0.00125 0.06475)
(0.0205 0.00125 0.06475)
(0.02075 0.00125 0.06475)
(0.021 0.00125 0.06475)
(0.02125 0.00125 0.06475)
(0.0215 0.00125 0.06475)
(0.02175 0.00125 0.06475)
(0.022 0.00125 0.06475)
(0.02225 0.00125 0.06475)
(0.0225 0.00125 0.06475)
(0.02275 0.00125 0.06475)
(0.023 0.00125 0.06475)
(0.02325 0.00125 0.06475)
(0.0235 0.00125 0.06475)
(0.02375 0.00125 0.06475)
(0.024 0.00125 0.06475)
(0.02425 0.00125 0.06475)
(0.0245 0.00125 0.06475)
(0.02475 0.00125 0.06475)
(0.025 0.00125 0.06475)
(0.02525 0.00125 0.06475)
(0.0255 0.00125 0.06475)
(0.02575 0.00125 0.06475)
(0.026 0.00125 0.06475)
(0.02625 0.00125 0.06475)
(0.0265 0.00125 0.06475)
(0.02675 0.00125 0.06475)
(0.027 0.00125 0.06475)
(0.02725 0.00125 0.06475)
(0.0275 0.00125 0.06475)
(0.02775 0.00125 0.06475)
(0.028 0.00125 0.06475)
(0.02825 0.00125 0.06475)
(0.0285 0.00125 0.06475)
(0.02875 0.00125 0.06475)
(0.029 0.00125 0.06475)
(0.02925 0.00125 0.06475)
(0.0295 0.00125 0.06475)
(0.02975 0.00125 0.06475)
(0.03 0.00125 0.06475)
(0.03025 0.00125 0.06475)
(0.0305 0.00125 0.06475)
(0.03075 0.00125 0.06475)
(0.031 0.00125 0.06475)
(0.03125 0.00125 0.06475)
(0.0315 0.00125 0.06475)
(0.03175 0.00125 0.06475)
(0.032 0.00125 0.06475)
(0.03225 0.00125 0.06475)
(0.0325 0.00125 0.06475)
(0.03275 0.00125 0.06475)
(0.033 0.00125 0.06475)
(0.03325 0.00125 0.06475)
(0.0335 0.00125 0.06475)
(0.03375 0.00125 0.06475)
(0.034 0.00125 0.06475)
(0.03425 0.00125 0.06475)
(0.0345 0.00125 0.06475)
(0.03475 0.00125 0.06475)
(0.035 0.00125 0.06475)
(0 0.0015 0.06475)
(0.00025 0.0015 0.06475)
(0.0005 0.0015 0.06475)
(0.00075 0.0015 0.06475)
(0.001 0.0015 0.06475)
(0.00125 0.0015 0.06475)
(0.0015 0.0015 0.06475)
(0.00175 0.0015 0.06475)
(0.002 0.0015 0.06475)
(0.00225 0.0015 0.06475)
(0.0025 0.0015 0.06475)
(0.00275 0.0015 0.06475)
(0.003 0.0015 0.06475)
(0.00325 0.0015 0.06475)
(0.0035 0.0015 0.06475)
(0.00375 0.0015 0.06475)
(0.004 0.0015 0.06475)
(0.00425 0.0015 0.06475)
(0.0045 0.0015 0.06475)
(0.00475 0.0015 0.06475)
(0.005 0.0015 0.06475)
(0.00525 0.0015 0.06475)
(0.0055 0.0015 0.06475)
(0.00575 0.0015 0.06475)
(0.006 0.0015 0.06475)
(0.00625 0.0015 0.06475)
(0.0065 0.0015 0.06475)
(0.00675 0.0015 0.06475)
(0.007 0.0015 0.06475)
(0.00725 0.0015 0.06475)
(0.0075 0.0015 0.06475)
(0.00775 0.0015 0.06475)
(0.008 0.0015 0.06475)
(0.00825 0.0015 0.06475)
(0.0085 0.0015 0.06475)
(0.00875 0.0015 0.06475)
(0.009 0.0015 0.06475)
(0.00925 0.0015 0.06475)
(0.0095 0.0015 0.06475)
(0.00975 0.0015 0.06475)
(0.01 0.0015 0.06475)
(0.01025 0.0015 0.06475)
(0.0105 0.0015 0.06475)
(0.01075 0.0015 0.06475)
(0.011 0.0015 0.06475)
(0.01125 0.0015 0.06475)
(0.0115 0.0015 0.06475)
(0.01175 0.0015 0.06475)
(0.012 0.0015 0.06475)
(0.01225 0.0015 0.06475)
(0.0125 0.0015 0.06475)
(0.01275 0.0015 0.06475)
(0.013 0.0015 0.06475)
(0.01325 0.0015 0.06475)
(0.0135 0.0015 0.06475)
(0.01375 0.0015 0.06475)
(0.014 0.0015 0.06475)
(0.01425 0.0015 0.06475)
(0.0145 0.0015 0.06475)
(0.01475 0.0015 0.06475)
(0.015 0.0015 0.06475)
(0.01525 0.0015 0.06475)
(0.0155 0.0015 0.06475)
(0.01575 0.0015 0.06475)
(0.016 0.0015 0.06475)
(0.01625 0.0015 0.06475)
(0.0165 0.0015 0.06475)
(0.01675 0.0015 0.06475)
(0.017 0.0015 0.06475)
(0.01725 0.0015 0.06475)
(0.0175 0.0015 0.06475)
(0.01775 0.0015 0.06475)
(0.018 0.0015 0.06475)
(0.01825 0.0015 0.06475)
(0.0185 0.0015 0.06475)
(0.01875 0.0015 0.06475)
(0.019 0.0015 0.06475)
(0.01925 0.0015 0.06475)
(0.0195 0.0015 0.06475)
(0.01975 0.0015 0.06475)
(0.02 0.0015 0.06475)
(0.02025 0.0015 0.06475)
(0.0205 0.0015 0.06475)
(0.02075 0.0015 0.06475)
(0.021 0.0015 0.06475)
(0.02125 0.0015 0.06475)
(0.0215 0.0015 0.06475)
(0.02175 0.0015 0.06475)
(0.022 0.0015 0.06475)
(0.02225 0.0015 0.06475)
(0.0225 0.0015 0.06475)
(0.02275 0.0015 0.06475)
(0.023 0.0015 0.06475)
(0.02325 0.0015 0.06475)
(0.0235 0.0015 0.06475)
(0.02375 0.0015 0.06475)
(0.024 0.0015 0.06475)
(0.02425 0.0015 0.06475)
(0.0245 0.0015 0.06475)
(0.02475 0.0015 0.06475)
(0.025 0.0015 0.06475)
(0.02525 0.0015 0.06475)
(0.0255 0.0015 0.06475)
(0.02575 0.0015 0.06475)
(0.026 0.0015 0.06475)
(0.02625 0.0015 0.06475)
(0.0265 0.0015 0.06475)
(0.02675 0.0015 0.06475)
(0.027 0.0015 0.06475)
(0.02725 0.0015 0.06475)
(0.0275 0.0015 0.06475)
(0.02775 0.0015 0.06475)
(0.028 0.0015 0.06475)
(0.02825 0.0015 0.06475)
(0.0285 0.0015 0.06475)
(0.02875 0.0015 0.06475)
(0.029 0.0015 0.06475)
(0.02925 0.0015 0.06475)
(0.0295 0.0015 0.06475)
(0.02975 0.0015 0.06475)
(0.03 0.0015 0.06475)
(0.03025 0.0015 0.06475)
(0.0305 0.0015 0.06475)
(0.03075 0.0015 0.06475)
(0.031 0.0015 0.06475)
(0.03125 0.0015 0.06475)
(0.0315 0.0015 0.06475)
(0.03175 0.0015 0.06475)
(0.032 0.0015 0.06475)
(0.03225 0.0015 0.06475)
(0.0325 0.0015 0.06475)
(0.03275 0.0015 0.06475)
(0.033 0.0015 0.06475)
(0.03325 0.0015 0.06475)
(0.0335 0.0015 0.06475)
(0.03375 0.0015 0.06475)
(0.034 0.0015 0.06475)
(0.03425 0.0015 0.06475)
(0.0345 0.0015 0.06475)
(0.03475 0.0015 0.06475)
(0.035 0.0015 0.06475)
(0 0.00175 0.06475)
(0.00025 0.00175 0.06475)
(0.0005 0.00175 0.06475)
(0.00075 0.00175 0.06475)
(0.001 0.00175 0.06475)
(0.00125 0.00175 0.06475)
(0.0015 0.00175 0.06475)
(0.00175 0.00175 0.06475)
(0.002 0.00175 0.06475)
(0.00225 0.00175 0.06475)
(0.0025 0.00175 0.06475)
(0.00275 0.00175 0.06475)
(0.003 0.00175 0.06475)
(0.00325 0.00175 0.06475)
(0.0035 0.00175 0.06475)
(0.00375 0.00175 0.06475)
(0.004 0.00175 0.06475)
(0.00425 0.00175 0.06475)
(0.0045 0.00175 0.06475)
(0.00475 0.00175 0.06475)
(0.005 0.00175 0.06475)
(0.00525 0.00175 0.06475)
(0.0055 0.00175 0.06475)
(0.00575 0.00175 0.06475)
(0.006 0.00175 0.06475)
(0.00625 0.00175 0.06475)
(0.0065 0.00175 0.06475)
(0.00675 0.00175 0.06475)
(0.007 0.00175 0.06475)
(0.00725 0.00175 0.06475)
(0.0075 0.00175 0.06475)
(0.00775 0.00175 0.06475)
(0.008 0.00175 0.06475)
(0.00825 0.00175 0.06475)
(0.0085 0.00175 0.06475)
(0.00875 0.00175 0.06475)
(0.009 0.00175 0.06475)
(0.00925 0.00175 0.06475)
(0.0095 0.00175 0.06475)
(0.00975 0.00175 0.06475)
(0.01 0.00175 0.06475)
(0.01025 0.00175 0.06475)
(0.0105 0.00175 0.06475)
(0.01075 0.00175 0.06475)
(0.011 0.00175 0.06475)
(0.01125 0.00175 0.06475)
(0.0115 0.00175 0.06475)
(0.01175 0.00175 0.06475)
(0.012 0.00175 0.06475)
(0.01225 0.00175 0.06475)
(0.0125 0.00175 0.06475)
(0.01275 0.00175 0.06475)
(0.013 0.00175 0.06475)
(0.01325 0.00175 0.06475)
(0.0135 0.00175 0.06475)
(0.01375 0.00175 0.06475)
(0.014 0.00175 0.06475)
(0.01425 0.00175 0.06475)
(0.0145 0.00175 0.06475)
(0.01475 0.00175 0.06475)
(0.015 0.00175 0.06475)
(0.01525 0.00175 0.06475)
(0.0155 0.00175 0.06475)
(0.01575 0.00175 0.06475)
(0.016 0.00175 0.06475)
(0.01625 0.00175 0.06475)
(0.0165 0.00175 0.06475)
(0.01675 0.00175 0.06475)
(0.017 0.00175 0.06475)
(0.01725 0.00175 0.06475)
(0.0175 0.00175 0.06475)
(0.01775 0.00175 0.06475)
(0.018 0.00175 0.06475)
(0.01825 0.00175 0.06475)
(0.0185 0.00175 0.06475)
(0.01875 0.00175 0.06475)
(0.019 0.00175 0.06475)
(0.01925 0.00175 0.06475)
(0.0195 0.00175 0.06475)
(0.01975 0.00175 0.06475)
(0.02 0.00175 0.06475)
(0.02025 0.00175 0.06475)
(0.0205 0.00175 0.06475)
(0.02075 0.00175 0.06475)
(0.021 0.00175 0.06475)
(0.02125 0.00175 0.06475)
(0.0215 0.00175 0.06475)
(0.02175 0.00175 0.06475)
(0.022 0.00175 0.06475)
(0.02225 0.00175 0.06475)
(0.0225 0.00175 0.06475)
(0.02275 0.00175 0.06475)
(0.023 0.00175 0.06475)
(0.02325 0.00175 0.06475)
(0.0235 0.00175 0.06475)
(0.02375 0.00175 0.06475)
(0.024 0.00175 0.06475)
(0.02425 0.00175 0.06475)
(0.0245 0.00175 0.06475)
(0.02475 0.00175 0.06475)
(0.025 0.00175 0.06475)
(0.02525 0.00175 0.06475)
(0.0255 0.00175 0.06475)
(0.02575 0.00175 0.06475)
(0.026 0.00175 0.06475)
(0.02625 0.00175 0.06475)
(0.0265 0.00175 0.06475)
(0.02675 0.00175 0.06475)
(0.027 0.00175 0.06475)
(0.02725 0.00175 0.06475)
(0.0275 0.00175 0.06475)
(0.02775 0.00175 0.06475)
(0.028 0.00175 0.06475)
(0.02825 0.00175 0.06475)
(0.0285 0.00175 0.06475)
(0.02875 0.00175 0.06475)
(0.029 0.00175 0.06475)
(0.02925 0.00175 0.06475)
(0.0295 0.00175 0.06475)
(0.02975 0.00175 0.06475)
(0.03 0.00175 0.06475)
(0.03025 0.00175 0.06475)
(0.0305 0.00175 0.06475)
(0.03075 0.00175 0.06475)
(0.031 0.00175 0.06475)
(0.03125 0.00175 0.06475)
(0.0315 0.00175 0.06475)
(0.03175 0.00175 0.06475)
(0.032 0.00175 0.06475)
(0.03225 0.00175 0.06475)
(0.0325 0.00175 0.06475)
(0.03275 0.00175 0.06475)
(0.033 0.00175 0.06475)
(0.03325 0.00175 0.06475)
(0.0335 0.00175 0.06475)
(0.03375 0.00175 0.06475)
(0.034 0.00175 0.06475)
(0.03425 0.00175 0.06475)
(0.0345 0.00175 0.06475)
(0.03475 0.00175 0.06475)
(0.035 0.00175 0.06475)
(0 0.002 0.06475)
(0.00025 0.002 0.06475)
(0.0005 0.002 0.06475)
(0.00075 0.002 0.06475)
(0.001 0.002 0.06475)
(0.00125 0.002 0.06475)
(0.0015 0.002 0.06475)
(0.00175 0.002 0.06475)
(0.002 0.002 0.06475)
(0.00225 0.002 0.06475)
(0.0025 0.002 0.06475)
(0.00275 0.002 0.06475)
(0.003 0.002 0.06475)
(0.00325 0.002 0.06475)
(0.0035 0.002 0.06475)
(0.00375 0.002 0.06475)
(0.004 0.002 0.06475)
(0.00425 0.002 0.06475)
(0.0045 0.002 0.06475)
(0.00475 0.002 0.06475)
(0.005 0.002 0.06475)
(0.00525 0.002 0.06475)
(0.0055 0.002 0.06475)
(0.00575 0.002 0.06475)
(0.006 0.002 0.06475)
(0.00625 0.002 0.06475)
(0.0065 0.002 0.06475)
(0.00675 0.002 0.06475)
(0.007 0.002 0.06475)
(0.00725 0.002 0.06475)
(0.0075 0.002 0.06475)
(0.00775 0.002 0.06475)
(0.008 0.002 0.06475)
(0.00825 0.002 0.06475)
(0.0085 0.002 0.06475)
(0.00875 0.002 0.06475)
(0.009 0.002 0.06475)
(0.00925 0.002 0.06475)
(0.0095 0.002 0.06475)
(0.00975 0.002 0.06475)
(0.01 0.002 0.06475)
(0.01025 0.002 0.06475)
(0.0105 0.002 0.06475)
(0.01075 0.002 0.06475)
(0.011 0.002 0.06475)
(0.01125 0.002 0.06475)
(0.0115 0.002 0.06475)
(0.01175 0.002 0.06475)
(0.012 0.002 0.06475)
(0.01225 0.002 0.06475)
(0.0125 0.002 0.06475)
(0.01275 0.002 0.06475)
(0.013 0.002 0.06475)
(0.01325 0.002 0.06475)
(0.0135 0.002 0.06475)
(0.01375 0.002 0.06475)
(0.014 0.002 0.06475)
(0.01425 0.002 0.06475)
(0.0145 0.002 0.06475)
(0.01475 0.002 0.06475)
(0.015 0.002 0.06475)
(0.01525 0.002 0.06475)
(0.0155 0.002 0.06475)
(0.01575 0.002 0.06475)
(0.016 0.002 0.06475)
(0.01625 0.002 0.06475)
(0.0165 0.002 0.06475)
(0.01675 0.002 0.06475)
(0.017 0.002 0.06475)
(0.01725 0.002 0.06475)
(0.0175 0.002 0.06475)
(0.01775 0.002 0.06475)
(0.018 0.002 0.06475)
(0.01825 0.002 0.06475)
(0.0185 0.002 0.06475)
(0.01875 0.002 0.06475)
(0.019 0.002 0.06475)
(0.01925 0.002 0.06475)
(0.0195 0.002 0.06475)
(0.01975 0.002 0.06475)
(0.02 0.002 0.06475)
(0.02025 0.002 0.06475)
(0.0205 0.002 0.06475)
(0.02075 0.002 0.06475)
(0.021 0.002 0.06475)
(0.02125 0.002 0.06475)
(0.0215 0.002 0.06475)
(0.02175 0.002 0.06475)
(0.022 0.002 0.06475)
(0.02225 0.002 0.06475)
(0.0225 0.002 0.06475)
(0.02275 0.002 0.06475)
(0.023 0.002 0.06475)
(0.02325 0.002 0.06475)
(0.0235 0.002 0.06475)
(0.02375 0.002 0.06475)
(0.024 0.002 0.06475)
(0.02425 0.002 0.06475)
(0.0245 0.002 0.06475)
(0.02475 0.002 0.06475)
(0.025 0.002 0.06475)
(0.02525 0.002 0.06475)
(0.0255 0.002 0.06475)
(0.02575 0.002 0.06475)
(0.026 0.002 0.06475)
(0.02625 0.002 0.06475)
(0.0265 0.002 0.06475)
(0.02675 0.002 0.06475)
(0.027 0.002 0.06475)
(0.02725 0.002 0.06475)
(0.0275 0.002 0.06475)
(0.02775 0.002 0.06475)
(0.028 0.002 0.06475)
(0.02825 0.002 0.06475)
(0.0285 0.002 0.06475)
(0.02875 0.002 0.06475)
(0.029 0.002 0.06475)
(0.02925 0.002 0.06475)
(0.0295 0.002 0.06475)
(0.02975 0.002 0.06475)
(0.03 0.002 0.06475)
(0.03025 0.002 0.06475)
(0.0305 0.002 0.06475)
(0.03075 0.002 0.06475)
(0.031 0.002 0.06475)
(0.03125 0.002 0.06475)
(0.0315 0.002 0.06475)
(0.03175 0.002 0.06475)
(0.032 0.002 0.06475)
(0.03225 0.002 0.06475)
(0.0325 0.002 0.06475)
(0.03275 0.002 0.06475)
(0.033 0.002 0.06475)
(0.03325 0.002 0.06475)
(0.0335 0.002 0.06475)
(0.03375 0.002 0.06475)
(0.034 0.002 0.06475)
(0.03425 0.002 0.06475)
(0.0345 0.002 0.06475)
(0.03475 0.002 0.06475)
(0.035 0.002 0.06475)
(0 0.00225 0.06475)
(0.00025 0.00225 0.06475)
(0.0005 0.00225 0.06475)
(0.00075 0.00225 0.06475)
(0.001 0.00225 0.06475)
(0.00125 0.00225 0.06475)
(0.0015 0.00225 0.06475)
(0.00175 0.00225 0.06475)
(0.002 0.00225 0.06475)
(0.00225 0.00225 0.06475)
(0.0025 0.00225 0.06475)
(0.00275 0.00225 0.06475)
(0.003 0.00225 0.06475)
(0.00325 0.00225 0.06475)
(0.0035 0.00225 0.06475)
(0.00375 0.00225 0.06475)
(0.004 0.00225 0.06475)
(0.00425 0.00225 0.06475)
(0.0045 0.00225 0.06475)
(0.00475 0.00225 0.06475)
(0.005 0.00225 0.06475)
(0.00525 0.00225 0.06475)
(0.0055 0.00225 0.06475)
(0.00575 0.00225 0.06475)
(0.006 0.00225 0.06475)
(0.00625 0.00225 0.06475)
(0.0065 0.00225 0.06475)
(0.00675 0.00225 0.06475)
(0.007 0.00225 0.06475)
(0.00725 0.00225 0.06475)
(0.0075 0.00225 0.06475)
(0.00775 0.00225 0.06475)
(0.008 0.00225 0.06475)
(0.00825 0.00225 0.06475)
(0.0085 0.00225 0.06475)
(0.00875 0.00225 0.06475)
(0.009 0.00225 0.06475)
(0.00925 0.00225 0.06475)
(0.0095 0.00225 0.06475)
(0.00975 0.00225 0.06475)
(0.01 0.00225 0.06475)
(0.01025 0.00225 0.06475)
(0.0105 0.00225 0.06475)
(0.01075 0.00225 0.06475)
(0.011 0.00225 0.06475)
(0.01125 0.00225 0.06475)
(0.0115 0.00225 0.06475)
(0.01175 0.00225 0.06475)
(0.012 0.00225 0.06475)
(0.01225 0.00225 0.06475)
(0.0125 0.00225 0.06475)
(0.01275 0.00225 0.06475)
(0.013 0.00225 0.06475)
(0.01325 0.00225 0.06475)
(0.0135 0.00225 0.06475)
(0.01375 0.00225 0.06475)
(0.014 0.00225 0.06475)
(0.01425 0.00225 0.06475)
(0.0145 0.00225 0.06475)
(0.01475 0.00225 0.06475)
(0.015 0.00225 0.06475)
(0.01525 0.00225 0.06475)
(0.0155 0.00225 0.06475)
(0.01575 0.00225 0.06475)
(0.016 0.00225 0.06475)
(0.01625 0.00225 0.06475)
(0.0165 0.00225 0.06475)
(0.01675 0.00225 0.06475)
(0.017 0.00225 0.06475)
(0.01725 0.00225 0.06475)
(0.0175 0.00225 0.06475)
(0.01775 0.00225 0.06475)
(0.018 0.00225 0.06475)
(0.01825 0.00225 0.06475)
(0.0185 0.00225 0.06475)
(0.01875 0.00225 0.06475)
(0.019 0.00225 0.06475)
(0.01925 0.00225 0.06475)
(0.0195 0.00225 0.06475)
(0.01975 0.00225 0.06475)
(0.02 0.00225 0.06475)
(0.02025 0.00225 0.06475)
(0.0205 0.00225 0.06475)
(0.02075 0.00225 0.06475)
(0.021 0.00225 0.06475)
(0.02125 0.00225 0.06475)
(0.0215 0.00225 0.06475)
(0.02175 0.00225 0.06475)
(0.022 0.00225 0.06475)
(0.02225 0.00225 0.06475)
(0.0225 0.00225 0.06475)
(0.02275 0.00225 0.06475)
(0.023 0.00225 0.06475)
(0.02325 0.00225 0.06475)
(0.0235 0.00225 0.06475)
(0.02375 0.00225 0.06475)
(0.024 0.00225 0.06475)
(0.02425 0.00225 0.06475)
(0.0245 0.00225 0.06475)
(0.02475 0.00225 0.06475)
(0.025 0.00225 0.06475)
(0.02525 0.00225 0.06475)
(0.0255 0.00225 0.06475)
(0.02575 0.00225 0.06475)
(0.026 0.00225 0.06475)
(0.02625 0.00225 0.06475)
(0.0265 0.00225 0.06475)
(0.02675 0.00225 0.06475)
(0.027 0.00225 0.06475)
(0.02725 0.00225 0.06475)
(0.0275 0.00225 0.06475)
(0.02775 0.00225 0.06475)
(0.028 0.00225 0.06475)
(0.02825 0.00225 0.06475)
(0.0285 0.00225 0.06475)
(0.02875 0.00225 0.06475)
(0.029 0.00225 0.06475)
(0.02925 0.00225 0.06475)
(0.0295 0.00225 0.06475)
(0.02975 0.00225 0.06475)
(0.03 0.00225 0.06475)
(0.03025 0.00225 0.06475)
(0.0305 0.00225 0.06475)
(0.03075 0.00225 0.06475)
(0.031 0.00225 0.06475)
(0.03125 0.00225 0.06475)
(0.0315 0.00225 0.06475)
(0.03175 0.00225 0.06475)
(0.032 0.00225 0.06475)
(0.03225 0.00225 0.06475)
(0.0325 0.00225 0.06475)
(0.03275 0.00225 0.06475)
(0.033 0.00225 0.06475)
(0.03325 0.00225 0.06475)
(0.0335 0.00225 0.06475)
(0.03375 0.00225 0.06475)
(0.034 0.00225 0.06475)
(0.03425 0.00225 0.06475)
(0.0345 0.00225 0.06475)
(0.03475 0.00225 0.06475)
(0.035 0.00225 0.06475)
(0 0.0025 0.06475)
(0.00025 0.0025 0.06475)
(0.0005 0.0025 0.06475)
(0.00075 0.0025 0.06475)
(0.001 0.0025 0.06475)
(0.00125 0.0025 0.06475)
(0.0015 0.0025 0.06475)
(0.00175 0.0025 0.06475)
(0.002 0.0025 0.06475)
(0.00225 0.0025 0.06475)
(0.0025 0.0025 0.06475)
(0.00275 0.0025 0.06475)
(0.003 0.0025 0.06475)
(0.00325 0.0025 0.06475)
(0.0035 0.0025 0.06475)
(0.00375 0.0025 0.06475)
(0.004 0.0025 0.06475)
(0.00425 0.0025 0.06475)
(0.0045 0.0025 0.06475)
(0.00475 0.0025 0.06475)
(0.005 0.0025 0.06475)
(0.00525 0.0025 0.06475)
(0.0055 0.0025 0.06475)
(0.00575 0.0025 0.06475)
(0.006 0.0025 0.06475)
(0.00625 0.0025 0.06475)
(0.0065 0.0025 0.06475)
(0.00675 0.0025 0.06475)
(0.007 0.0025 0.06475)
(0.00725 0.0025 0.06475)
(0.0075 0.0025 0.06475)
(0.00775 0.0025 0.06475)
(0.008 0.0025 0.06475)
(0.00825 0.0025 0.06475)
(0.0085 0.0025 0.06475)
(0.00875 0.0025 0.06475)
(0.009 0.0025 0.06475)
(0.00925 0.0025 0.06475)
(0.0095 0.0025 0.06475)
(0.00975 0.0025 0.06475)
(0.01 0.0025 0.06475)
(0.01025 0.0025 0.06475)
(0.0105 0.0025 0.06475)
(0.01075 0.0025 0.06475)
(0.011 0.0025 0.06475)
(0.01125 0.0025 0.06475)
(0.0115 0.0025 0.06475)
(0.01175 0.0025 0.06475)
(0.012 0.0025 0.06475)
(0.01225 0.0025 0.06475)
(0.0125 0.0025 0.06475)
(0.01275 0.0025 0.06475)
(0.013 0.0025 0.06475)
(0.01325 0.0025 0.06475)
(0.0135 0.0025 0.06475)
(0.01375 0.0025 0.06475)
(0.014 0.0025 0.06475)
(0.01425 0.0025 0.06475)
(0.0145 0.0025 0.06475)
(0.01475 0.0025 0.06475)
(0.015 0.0025 0.06475)
(0.01525 0.0025 0.06475)
(0.0155 0.0025 0.06475)
(0.01575 0.0025 0.06475)
(0.016 0.0025 0.06475)
(0.01625 0.0025 0.06475)
(0.0165 0.0025 0.06475)
(0.01675 0.0025 0.06475)
(0.017 0.0025 0.06475)
(0.01725 0.0025 0.06475)
(0.0175 0.0025 0.06475)
(0.01775 0.0025 0.06475)
(0.018 0.0025 0.06475)
(0.01825 0.0025 0.06475)
(0.0185 0.0025 0.06475)
(0.01875 0.0025 0.06475)
(0.019 0.0025 0.06475)
(0.01925 0.0025 0.06475)
(0.0195 0.0025 0.06475)
(0.01975 0.0025 0.06475)
(0.02 0.0025 0.06475)
(0.02025 0.0025 0.06475)
(0.0205 0.0025 0.06475)
(0.02075 0.0025 0.06475)
(0.021 0.0025 0.06475)
(0.02125 0.0025 0.06475)
(0.0215 0.0025 0.06475)
(0.02175 0.0025 0.06475)
(0.022 0.0025 0.06475)
(0.02225 0.0025 0.06475)
(0.0225 0.0025 0.06475)
(0.02275 0.0025 0.06475)
(0.023 0.0025 0.06475)
(0.02325 0.0025 0.06475)
(0.0235 0.0025 0.06475)
(0.02375 0.0025 0.06475)
(0.024 0.0025 0.06475)
(0.02425 0.0025 0.06475)
(0.0245 0.0025 0.06475)
(0.02475 0.0025 0.06475)
(0.025 0.0025 0.06475)
(0.02525 0.0025 0.06475)
(0.0255 0.0025 0.06475)
(0.02575 0.0025 0.06475)
(0.026 0.0025 0.06475)
(0.02625 0.0025 0.06475)
(0.0265 0.0025 0.06475)
(0.02675 0.0025 0.06475)
(0.027 0.0025 0.06475)
(0.02725 0.0025 0.06475)
(0.0275 0.0025 0.06475)
(0.02775 0.0025 0.06475)
(0.028 0.0025 0.06475)
(0.02825 0.0025 0.06475)
(0.0285 0.0025 0.06475)
(0.02875 0.0025 0.06475)
(0.029 0.0025 0.06475)
(0.02925 0.0025 0.06475)
(0.0295 0.0025 0.06475)
(0.02975 0.0025 0.06475)
(0.03 0.0025 0.06475)
(0.03025 0.0025 0.06475)
(0.0305 0.0025 0.06475)
(0.03075 0.0025 0.06475)
(0.031 0.0025 0.06475)
(0.03125 0.0025 0.06475)
(0.0315 0.0025 0.06475)
(0.03175 0.0025 0.06475)
(0.032 0.0025 0.06475)
(0.03225 0.0025 0.06475)
(0.0325 0.0025 0.06475)
(0.03275 0.0025 0.06475)
(0.033 0.0025 0.06475)
(0.03325 0.0025 0.06475)
(0.0335 0.0025 0.06475)
(0.03375 0.0025 0.06475)
(0.034 0.0025 0.06475)
(0.03425 0.0025 0.06475)
(0.0345 0.0025 0.06475)
(0.03475 0.0025 0.06475)
(0.035 0.0025 0.06475)
(0 0 0.065)
(0.00025 0 0.065)
(0.0005 0 0.065)
(0.00075 0 0.065)
(0.001 0 0.065)
(0.00125 0 0.065)
(0.0015 0 0.065)
(0.00175 0 0.065)
(0.002 0 0.065)
(0.00225 0 0.065)
(0.0025 0 0.065)
(0.00275 0 0.065)
(0.003 0 0.065)
(0.00325 0 0.065)
(0.0035 0 0.065)
(0.00375 0 0.065)
(0.004 0 0.065)
(0.00425 0 0.065)
(0.0045 0 0.065)
(0.00475 0 0.065)
(0.005 0 0.065)
(0.00525 0 0.065)
(0.0055 0 0.065)
(0.00575 0 0.065)
(0.006 0 0.065)
(0.00625 0 0.065)
(0.0065 0 0.065)
(0.00675 0 0.065)
(0.007 0 0.065)
(0.00725 0 0.065)
(0.0075 0 0.065)
(0.00775 0 0.065)
(0.008 0 0.065)
(0.00825 0 0.065)
(0.0085 0 0.065)
(0.00875 0 0.065)
(0.009 0 0.065)
(0.00925 0 0.065)
(0.0095 0 0.065)
(0.00975 0 0.065)
(0.01 0 0.065)
(0.01025 0 0.065)
(0.0105 0 0.065)
(0.01075 0 0.065)
(0.011 0 0.065)
(0.01125 0 0.065)
(0.0115 0 0.065)
(0.01175 0 0.065)
(0.012 0 0.065)
(0.01225 0 0.065)
(0.0125 0 0.065)
(0.01275 0 0.065)
(0.013 0 0.065)
(0.01325 0 0.065)
(0.0135 0 0.065)
(0.01375 0 0.065)
(0.014 0 0.065)
(0.01425 0 0.065)
(0.0145 0 0.065)
(0.01475 0 0.065)
(0.015 0 0.065)
(0.01525 0 0.065)
(0.0155 0 0.065)
(0.01575 0 0.065)
(0.016 0 0.065)
(0.01625 0 0.065)
(0.0165 0 0.065)
(0.01675 0 0.065)
(0.017 0 0.065)
(0.01725 0 0.065)
(0.0175 0 0.065)
(0.01775 0 0.065)
(0.018 0 0.065)
(0.01825 0 0.065)
(0.0185 0 0.065)
(0.01875 0 0.065)
(0.019 0 0.065)
(0.01925 0 0.065)
(0.0195 0 0.065)
(0.01975 0 0.065)
(0.02 0 0.065)
(0.02025 0 0.065)
(0.0205 0 0.065)
(0.02075 0 0.065)
(0.021 0 0.065)
(0.02125 0 0.065)
(0.0215 0 0.065)
(0.02175 0 0.065)
(0.022 0 0.065)
(0.02225 0 0.065)
(0.0225 0 0.065)
(0.02275 0 0.065)
(0.023 0 0.065)
(0.02325 0 0.065)
(0.0235 0 0.065)
(0.02375 0 0.065)
(0.024 0 0.065)
(0.02425 0 0.065)
(0.0245 0 0.065)
(0.02475 0 0.065)
(0.025 0 0.065)
(0.02525 0 0.065)
(0.0255 0 0.065)
(0.02575 0 0.065)
(0.026 0 0.065)
(0.02625 0 0.065)
(0.0265 0 0.065)
(0.02675 0 0.065)
(0.027 0 0.065)
(0.02725 0 0.065)
(0.0275 0 0.065)
(0.02775 0 0.065)
(0.028 0 0.065)
(0.02825 0 0.065)
(0.0285 0 0.065)
(0.02875 0 0.065)
(0.029 0 0.065)
(0.02925 0 0.065)
(0.0295 0 0.065)
(0.02975 0 0.065)
(0.03 0 0.065)
(0.03025 0 0.065)
(0.0305 0 0.065)
(0.03075 0 0.065)
(0.031 0 0.065)
(0.03125 0 0.065)
(0.0315 0 0.065)
(0.03175 0 0.065)
(0.032 0 0.065)
(0.03225 0 0.065)
(0.0325 0 0.065)
(0.03275 0 0.065)
(0.033 0 0.065)
(0.03325 0 0.065)
(0.0335 0 0.065)
(0.03375 0 0.065)
(0.034 0 0.065)
(0.03425 0 0.065)
(0.0345 0 0.065)
(0.03475 0 0.065)
(0.035 0 0.065)
(0 0.00025 0.065)
(0.00025 0.00025 0.065)
(0.0005 0.00025 0.065)
(0.00075 0.00025 0.065)
(0.001 0.00025 0.065)
(0.00125 0.00025 0.065)
(0.0015 0.00025 0.065)
(0.00175 0.00025 0.065)
(0.002 0.00025 0.065)
(0.00225 0.00025 0.065)
(0.0025 0.00025 0.065)
(0.00275 0.00025 0.065)
(0.003 0.00025 0.065)
(0.00325 0.00025 0.065)
(0.0035 0.00025 0.065)
(0.00375 0.00025 0.065)
(0.004 0.00025 0.065)
(0.00425 0.00025 0.065)
(0.0045 0.00025 0.065)
(0.00475 0.00025 0.065)
(0.005 0.00025 0.065)
(0.00525 0.00025 0.065)
(0.0055 0.00025 0.065)
(0.00575 0.00025 0.065)
(0.006 0.00025 0.065)
(0.00625 0.00025 0.065)
(0.0065 0.00025 0.065)
(0.00675 0.00025 0.065)
(0.007 0.00025 0.065)
(0.00725 0.00025 0.065)
(0.0075 0.00025 0.065)
(0.00775 0.00025 0.065)
(0.008 0.00025 0.065)
(0.00825 0.00025 0.065)
(0.0085 0.00025 0.065)
(0.00875 0.00025 0.065)
(0.009 0.00025 0.065)
(0.00925 0.00025 0.065)
(0.0095 0.00025 0.065)
(0.00975 0.00025 0.065)
(0.01 0.00025 0.065)
(0.01025 0.00025 0.065)
(0.0105 0.00025 0.065)
(0.01075 0.00025 0.065)
(0.011 0.00025 0.065)
(0.01125 0.00025 0.065)
(0.0115 0.00025 0.065)
(0.01175 0.00025 0.065)
(0.012 0.00025 0.065)
(0.01225 0.00025 0.065)
(0.0125 0.00025 0.065)
(0.01275 0.00025 0.065)
(0.013 0.00025 0.065)
(0.01325 0.00025 0.065)
(0.0135 0.00025 0.065)
(0.01375 0.00025 0.065)
(0.014 0.00025 0.065)
(0.01425 0.00025 0.065)
(0.0145 0.00025 0.065)
(0.01475 0.00025 0.065)
(0.015 0.00025 0.065)
(0.01525 0.00025 0.065)
(0.0155 0.00025 0.065)
(0.01575 0.00025 0.065)
(0.016 0.00025 0.065)
(0.01625 0.00025 0.065)
(0.0165 0.00025 0.065)
(0.01675 0.00025 0.065)
(0.017 0.00025 0.065)
(0.01725 0.00025 0.065)
(0.0175 0.00025 0.065)
(0.01775 0.00025 0.065)
(0.018 0.00025 0.065)
(0.01825 0.00025 0.065)
(0.0185 0.00025 0.065)
(0.01875 0.00025 0.065)
(0.019 0.00025 0.065)
(0.01925 0.00025 0.065)
(0.0195 0.00025 0.065)
(0.01975 0.00025 0.065)
(0.02 0.00025 0.065)
(0.02025 0.00025 0.065)
(0.0205 0.00025 0.065)
(0.02075 0.00025 0.065)
(0.021 0.00025 0.065)
(0.02125 0.00025 0.065)
(0.0215 0.00025 0.065)
(0.02175 0.00025 0.065)
(0.022 0.00025 0.065)
(0.02225 0.00025 0.065)
(0.0225 0.00025 0.065)
(0.02275 0.00025 0.065)
(0.023 0.00025 0.065)
(0.02325 0.00025 0.065)
(0.0235 0.00025 0.065)
(0.02375 0.00025 0.065)
(0.024 0.00025 0.065)
(0.02425 0.00025 0.065)
(0.0245 0.00025 0.065)
(0.02475 0.00025 0.065)
(0.025 0.00025 0.065)
(0.02525 0.00025 0.065)
(0.0255 0.00025 0.065)
(0.02575 0.00025 0.065)
(0.026 0.00025 0.065)
(0.02625 0.00025 0.065)
(0.0265 0.00025 0.065)
(0.02675 0.00025 0.065)
(0.027 0.00025 0.065)
(0.02725 0.00025 0.065)
(0.0275 0.00025 0.065)
(0.02775 0.00025 0.065)
(0.028 0.00025 0.065)
(0.02825 0.00025 0.065)
(0.0285 0.00025 0.065)
(0.02875 0.00025 0.065)
(0.029 0.00025 0.065)
(0.02925 0.00025 0.065)
(0.0295 0.00025 0.065)
(0.02975 0.00025 0.065)
(0.03 0.00025 0.065)
(0.03025 0.00025 0.065)
(0.0305 0.00025 0.065)
(0.03075 0.00025 0.065)
(0.031 0.00025 0.065)
(0.03125 0.00025 0.065)
(0.0315 0.00025 0.065)
(0.03175 0.00025 0.065)
(0.032 0.00025 0.065)
(0.03225 0.00025 0.065)
(0.0325 0.00025 0.065)
(0.03275 0.00025 0.065)
(0.033 0.00025 0.065)
(0.03325 0.00025 0.065)
(0.0335 0.00025 0.065)
(0.03375 0.00025 0.065)
(0.034 0.00025 0.065)
(0.03425 0.00025 0.065)
(0.0345 0.00025 0.065)
(0.03475 0.00025 0.065)
(0.035 0.00025 0.065)
(0 0.0005 0.065)
(0.00025 0.0005 0.065)
(0.0005 0.0005 0.065)
(0.00075 0.0005 0.065)
(0.001 0.0005 0.065)
(0.00125 0.0005 0.065)
(0.0015 0.0005 0.065)
(0.00175 0.0005 0.065)
(0.002 0.0005 0.065)
(0.00225 0.0005 0.065)
(0.0025 0.0005 0.065)
(0.00275 0.0005 0.065)
(0.003 0.0005 0.065)
(0.00325 0.0005 0.065)
(0.0035 0.0005 0.065)
(0.00375 0.0005 0.065)
(0.004 0.0005 0.065)
(0.00425 0.0005 0.065)
(0.0045 0.0005 0.065)
(0.00475 0.0005 0.065)
(0.005 0.0005 0.065)
(0.00525 0.0005 0.065)
(0.0055 0.0005 0.065)
(0.00575 0.0005 0.065)
(0.006 0.0005 0.065)
(0.00625 0.0005 0.065)
(0.0065 0.0005 0.065)
(0.00675 0.0005 0.065)
(0.007 0.0005 0.065)
(0.00725 0.0005 0.065)
(0.0075 0.0005 0.065)
(0.00775 0.0005 0.065)
(0.008 0.0005 0.065)
(0.00825 0.0005 0.065)
(0.0085 0.0005 0.065)
(0.00875 0.0005 0.065)
(0.009 0.0005 0.065)
(0.00925 0.0005 0.065)
(0.0095 0.0005 0.065)
(0.00975 0.0005 0.065)
(0.01 0.0005 0.065)
(0.01025 0.0005 0.065)
(0.0105 0.0005 0.065)
(0.01075 0.0005 0.065)
(0.011 0.0005 0.065)
(0.01125 0.0005 0.065)
(0.0115 0.0005 0.065)
(0.01175 0.0005 0.065)
(0.012 0.0005 0.065)
(0.01225 0.0005 0.065)
(0.0125 0.0005 0.065)
(0.01275 0.0005 0.065)
(0.013 0.0005 0.065)
(0.01325 0.0005 0.065)
(0.0135 0.0005 0.065)
(0.01375 0.0005 0.065)
(0.014 0.0005 0.065)
(0.01425 0.0005 0.065)
(0.0145 0.0005 0.065)
(0.01475 0.0005 0.065)
(0.015 0.0005 0.065)
(0.01525 0.0005 0.065)
(0.0155 0.0005 0.065)
(0.01575 0.0005 0.065)
(0.016 0.0005 0.065)
(0.01625 0.0005 0.065)
(0.0165 0.0005 0.065)
(0.01675 0.0005 0.065)
(0.017 0.0005 0.065)
(0.01725 0.0005 0.065)
(0.0175 0.0005 0.065)
(0.01775 0.0005 0.065)
(0.018 0.0005 0.065)
(0.01825 0.0005 0.065)
(0.0185 0.0005 0.065)
(0.01875 0.0005 0.065)
(0.019 0.0005 0.065)
(0.01925 0.0005 0.065)
(0.0195 0.0005 0.065)
(0.01975 0.0005 0.065)
(0.02 0.0005 0.065)
(0.02025 0.0005 0.065)
(0.0205 0.0005 0.065)
(0.02075 0.0005 0.065)
(0.021 0.0005 0.065)
(0.02125 0.0005 0.065)
(0.0215 0.0005 0.065)
(0.02175 0.0005 0.065)
(0.022 0.0005 0.065)
(0.02225 0.0005 0.065)
(0.0225 0.0005 0.065)
(0.02275 0.0005 0.065)
(0.023 0.0005 0.065)
(0.02325 0.0005 0.065)
(0.0235 0.0005 0.065)
(0.02375 0.0005 0.065)
(0.024 0.0005 0.065)
(0.02425 0.0005 0.065)
(0.0245 0.0005 0.065)
(0.02475 0.0005 0.065)
(0.025 0.0005 0.065)
(0.02525 0.0005 0.065)
(0.0255 0.0005 0.065)
(0.02575 0.0005 0.065)
(0.026 0.0005 0.065)
(0.02625 0.0005 0.065)
(0.0265 0.0005 0.065)
(0.02675 0.0005 0.065)
(0.027 0.0005 0.065)
(0.02725 0.0005 0.065)
(0.0275 0.0005 0.065)
(0.02775 0.0005 0.065)
(0.028 0.0005 0.065)
(0.02825 0.0005 0.065)
(0.0285 0.0005 0.065)
(0.02875 0.0005 0.065)
(0.029 0.0005 0.065)
(0.02925 0.0005 0.065)
(0.0295 0.0005 0.065)
(0.02975 0.0005 0.065)
(0.03 0.0005 0.065)
(0.03025 0.0005 0.065)
(0.0305 0.0005 0.065)
(0.03075 0.0005 0.065)
(0.031 0.0005 0.065)
(0.03125 0.0005 0.065)
(0.0315 0.0005 0.065)
(0.03175 0.0005 0.065)
(0.032 0.0005 0.065)
(0.03225 0.0005 0.065)
(0.0325 0.0005 0.065)
(0.03275 0.0005 0.065)
(0.033 0.0005 0.065)
(0.03325 0.0005 0.065)
(0.0335 0.0005 0.065)
(0.03375 0.0005 0.065)
(0.034 0.0005 0.065)
(0.03425 0.0005 0.065)
(0.0345 0.0005 0.065)
(0.03475 0.0005 0.065)
(0.035 0.0005 0.065)
(0 0.00075 0.065)
(0.00025 0.00075 0.065)
(0.0005 0.00075 0.065)
(0.00075 0.00075 0.065)
(0.001 0.00075 0.065)
(0.00125 0.00075 0.065)
(0.0015 0.00075 0.065)
(0.00175 0.00075 0.065)
(0.002 0.00075 0.065)
(0.00225 0.00075 0.065)
(0.0025 0.00075 0.065)
(0.00275 0.00075 0.065)
(0.003 0.00075 0.065)
(0.00325 0.00075 0.065)
(0.0035 0.00075 0.065)
(0.00375 0.00075 0.065)
(0.004 0.00075 0.065)
(0.00425 0.00075 0.065)
(0.0045 0.00075 0.065)
(0.00475 0.00075 0.065)
(0.005 0.00075 0.065)
(0.00525 0.00075 0.065)
(0.0055 0.00075 0.065)
(0.00575 0.00075 0.065)
(0.006 0.00075 0.065)
(0.00625 0.00075 0.065)
(0.0065 0.00075 0.065)
(0.00675 0.00075 0.065)
(0.007 0.00075 0.065)
(0.00725 0.00075 0.065)
(0.0075 0.00075 0.065)
(0.00775 0.00075 0.065)
(0.008 0.00075 0.065)
(0.00825 0.00075 0.065)
(0.0085 0.00075 0.065)
(0.00875 0.00075 0.065)
(0.009 0.00075 0.065)
(0.00925 0.00075 0.065)
(0.0095 0.00075 0.065)
(0.00975 0.00075 0.065)
(0.01 0.00075 0.065)
(0.01025 0.00075 0.065)
(0.0105 0.00075 0.065)
(0.01075 0.00075 0.065)
(0.011 0.00075 0.065)
(0.01125 0.00075 0.065)
(0.0115 0.00075 0.065)
(0.01175 0.00075 0.065)
(0.012 0.00075 0.065)
(0.01225 0.00075 0.065)
(0.0125 0.00075 0.065)
(0.01275 0.00075 0.065)
(0.013 0.00075 0.065)
(0.01325 0.00075 0.065)
(0.0135 0.00075 0.065)
(0.01375 0.00075 0.065)
(0.014 0.00075 0.065)
(0.01425 0.00075 0.065)
(0.0145 0.00075 0.065)
(0.01475 0.00075 0.065)
(0.015 0.00075 0.065)
(0.01525 0.00075 0.065)
(0.0155 0.00075 0.065)
(0.01575 0.00075 0.065)
(0.016 0.00075 0.065)
(0.01625 0.00075 0.065)
(0.0165 0.00075 0.065)
(0.01675 0.00075 0.065)
(0.017 0.00075 0.065)
(0.01725 0.00075 0.065)
(0.0175 0.00075 0.065)
(0.01775 0.00075 0.065)
(0.018 0.00075 0.065)
(0.01825 0.00075 0.065)
(0.0185 0.00075 0.065)
(0.01875 0.00075 0.065)
(0.019 0.00075 0.065)
(0.01925 0.00075 0.065)
(0.0195 0.00075 0.065)
(0.01975 0.00075 0.065)
(0.02 0.00075 0.065)
(0.02025 0.00075 0.065)
(0.0205 0.00075 0.065)
(0.02075 0.00075 0.065)
(0.021 0.00075 0.065)
(0.02125 0.00075 0.065)
(0.0215 0.00075 0.065)
(0.02175 0.00075 0.065)
(0.022 0.00075 0.065)
(0.02225 0.00075 0.065)
(0.0225 0.00075 0.065)
(0.02275 0.00075 0.065)
(0.023 0.00075 0.065)
(0.02325 0.00075 0.065)
(0.0235 0.00075 0.065)
(0.02375 0.00075 0.065)
(0.024 0.00075 0.065)
(0.02425 0.00075 0.065)
(0.0245 0.00075 0.065)
(0.02475 0.00075 0.065)
(0.025 0.00075 0.065)
(0.02525 0.00075 0.065)
(0.0255 0.00075 0.065)
(0.02575 0.00075 0.065)
(0.026 0.00075 0.065)
(0.02625 0.00075 0.065)
(0.0265 0.00075 0.065)
(0.02675 0.00075 0.065)
(0.027 0.00075 0.065)
(0.02725 0.00075 0.065)
(0.0275 0.00075 0.065)
(0.02775 0.00075 0.065)
(0.028 0.00075 0.065)
(0.02825 0.00075 0.065)
(0.0285 0.00075 0.065)
(0.02875 0.00075 0.065)
(0.029 0.00075 0.065)
(0.02925 0.00075 0.065)
(0.0295 0.00075 0.065)
(0.02975 0.00075 0.065)
(0.03 0.00075 0.065)
(0.03025 0.00075 0.065)
(0.0305 0.00075 0.065)
(0.03075 0.00075 0.065)
(0.031 0.00075 0.065)
(0.03125 0.00075 0.065)
(0.0315 0.00075 0.065)
(0.03175 0.00075 0.065)
(0.032 0.00075 0.065)
(0.03225 0.00075 0.065)
(0.0325 0.00075 0.065)
(0.03275 0.00075 0.065)
(0.033 0.00075 0.065)
(0.03325 0.00075 0.065)
(0.0335 0.00075 0.065)
(0.03375 0.00075 0.065)
(0.034 0.00075 0.065)
(0.03425 0.00075 0.065)
(0.0345 0.00075 0.065)
(0.03475 0.00075 0.065)
(0.035 0.00075 0.065)
(0 0.001 0.065)
(0.00025 0.001 0.065)
(0.0005 0.001 0.065)
(0.00075 0.001 0.065)
(0.001 0.001 0.065)
(0.00125 0.001 0.065)
(0.0015 0.001 0.065)
(0.00175 0.001 0.065)
(0.002 0.001 0.065)
(0.00225 0.001 0.065)
(0.0025 0.001 0.065)
(0.00275 0.001 0.065)
(0.003 0.001 0.065)
(0.00325 0.001 0.065)
(0.0035 0.001 0.065)
(0.00375 0.001 0.065)
(0.004 0.001 0.065)
(0.00425 0.001 0.065)
(0.0045 0.001 0.065)
(0.00475 0.001 0.065)
(0.005 0.001 0.065)
(0.00525 0.001 0.065)
(0.0055 0.001 0.065)
(0.00575 0.001 0.065)
(0.006 0.001 0.065)
(0.00625 0.001 0.065)
(0.0065 0.001 0.065)
(0.00675 0.001 0.065)
(0.007 0.001 0.065)
(0.00725 0.001 0.065)
(0.0075 0.001 0.065)
(0.00775 0.001 0.065)
(0.008 0.001 0.065)
(0.00825 0.001 0.065)
(0.0085 0.001 0.065)
(0.00875 0.001 0.065)
(0.009 0.001 0.065)
(0.00925 0.001 0.065)
(0.0095 0.001 0.065)
(0.00975 0.001 0.065)
(0.01 0.001 0.065)
(0.01025 0.001 0.065)
(0.0105 0.001 0.065)
(0.01075 0.001 0.065)
(0.011 0.001 0.065)
(0.01125 0.001 0.065)
(0.0115 0.001 0.065)
(0.01175 0.001 0.065)
(0.012 0.001 0.065)
(0.01225 0.001 0.065)
(0.0125 0.001 0.065)
(0.01275 0.001 0.065)
(0.013 0.001 0.065)
(0.01325 0.001 0.065)
(0.0135 0.001 0.065)
(0.01375 0.001 0.065)
(0.014 0.001 0.065)
(0.01425 0.001 0.065)
(0.0145 0.001 0.065)
(0.01475 0.001 0.065)
(0.015 0.001 0.065)
(0.01525 0.001 0.065)
(0.0155 0.001 0.065)
(0.01575 0.001 0.065)
(0.016 0.001 0.065)
(0.01625 0.001 0.065)
(0.0165 0.001 0.065)
(0.01675 0.001 0.065)
(0.017 0.001 0.065)
(0.01725 0.001 0.065)
(0.0175 0.001 0.065)
(0.01775 0.001 0.065)
(0.018 0.001 0.065)
(0.01825 0.001 0.065)
(0.0185 0.001 0.065)
(0.01875 0.001 0.065)
(0.019 0.001 0.065)
(0.01925 0.001 0.065)
(0.0195 0.001 0.065)
(0.01975 0.001 0.065)
(0.02 0.001 0.065)
(0.02025 0.001 0.065)
(0.0205 0.001 0.065)
(0.02075 0.001 0.065)
(0.021 0.001 0.065)
(0.02125 0.001 0.065)
(0.0215 0.001 0.065)
(0.02175 0.001 0.065)
(0.022 0.001 0.065)
(0.02225 0.001 0.065)
(0.0225 0.001 0.065)
(0.02275 0.001 0.065)
(0.023 0.001 0.065)
(0.02325 0.001 0.065)
(0.0235 0.001 0.065)
(0.02375 0.001 0.065)
(0.024 0.001 0.065)
(0.02425 0.001 0.065)
(0.0245 0.001 0.065)
(0.02475 0.001 0.065)
(0.025 0.001 0.065)
(0.02525 0.001 0.065)
(0.0255 0.001 0.065)
(0.02575 0.001 0.065)
(0.026 0.001 0.065)
(0.02625 0.001 0.065)
(0.0265 0.001 0.065)
(0.02675 0.001 0.065)
(0.027 0.001 0.065)
(0.02725 0.001 0.065)
(0.0275 0.001 0.065)
(0.02775 0.001 0.065)
(0.028 0.001 0.065)
(0.02825 0.001 0.065)
(0.0285 0.001 0.065)
(0.02875 0.001 0.065)
(0.029 0.001 0.065)
(0.02925 0.001 0.065)
(0.0295 0.001 0.065)
(0.02975 0.001 0.065)
(0.03 0.001 0.065)
(0.03025 0.001 0.065)
(0.0305 0.001 0.065)
(0.03075 0.001 0.065)
(0.031 0.001 0.065)
(0.03125 0.001 0.065)
(0.0315 0.001 0.065)
(0.03175 0.001 0.065)
(0.032 0.001 0.065)
(0.03225 0.001 0.065)
(0.0325 0.001 0.065)
(0.03275 0.001 0.065)
(0.033 0.001 0.065)
(0.03325 0.001 0.065)
(0.0335 0.001 0.065)
(0.03375 0.001 0.065)
(0.034 0.001 0.065)
(0.03425 0.001 0.065)
(0.0345 0.001 0.065)
(0.03475 0.001 0.065)
(0.035 0.001 0.065)
(0 0.00125 0.065)
(0.00025 0.00125 0.065)
(0.0005 0.00125 0.065)
(0.00075 0.00125 0.065)
(0.001 0.00125 0.065)
(0.00125 0.00125 0.065)
(0.0015 0.00125 0.065)
(0.00175 0.00125 0.065)
(0.002 0.00125 0.065)
(0.00225 0.00125 0.065)
(0.0025 0.00125 0.065)
(0.00275 0.00125 0.065)
(0.003 0.00125 0.065)
(0.00325 0.00125 0.065)
(0.0035 0.00125 0.065)
(0.00375 0.00125 0.065)
(0.004 0.00125 0.065)
(0.00425 0.00125 0.065)
(0.0045 0.00125 0.065)
(0.00475 0.00125 0.065)
(0.005 0.00125 0.065)
(0.00525 0.00125 0.065)
(0.0055 0.00125 0.065)
(0.00575 0.00125 0.065)
(0.006 0.00125 0.065)
(0.00625 0.00125 0.065)
(0.0065 0.00125 0.065)
(0.00675 0.00125 0.065)
(0.007 0.00125 0.065)
(0.00725 0.00125 0.065)
(0.0075 0.00125 0.065)
(0.00775 0.00125 0.065)
(0.008 0.00125 0.065)
(0.00825 0.00125 0.065)
(0.0085 0.00125 0.065)
(0.00875 0.00125 0.065)
(0.009 0.00125 0.065)
(0.00925 0.00125 0.065)
(0.0095 0.00125 0.065)
(0.00975 0.00125 0.065)
(0.01 0.00125 0.065)
(0.01025 0.00125 0.065)
(0.0105 0.00125 0.065)
(0.01075 0.00125 0.065)
(0.011 0.00125 0.065)
(0.01125 0.00125 0.065)
(0.0115 0.00125 0.065)
(0.01175 0.00125 0.065)
(0.012 0.00125 0.065)
(0.01225 0.00125 0.065)
(0.0125 0.00125 0.065)
(0.01275 0.00125 0.065)
(0.013 0.00125 0.065)
(0.01325 0.00125 0.065)
(0.0135 0.00125 0.065)
(0.01375 0.00125 0.065)
(0.014 0.00125 0.065)
(0.01425 0.00125 0.065)
(0.0145 0.00125 0.065)
(0.01475 0.00125 0.065)
(0.015 0.00125 0.065)
(0.01525 0.00125 0.065)
(0.0155 0.00125 0.065)
(0.01575 0.00125 0.065)
(0.016 0.00125 0.065)
(0.01625 0.00125 0.065)
(0.0165 0.00125 0.065)
(0.01675 0.00125 0.065)
(0.017 0.00125 0.065)
(0.01725 0.00125 0.065)
(0.0175 0.00125 0.065)
(0.01775 0.00125 0.065)
(0.018 0.00125 0.065)
(0.01825 0.00125 0.065)
(0.0185 0.00125 0.065)
(0.01875 0.00125 0.065)
(0.019 0.00125 0.065)
(0.01925 0.00125 0.065)
(0.0195 0.00125 0.065)
(0.01975 0.00125 0.065)
(0.02 0.00125 0.065)
(0.02025 0.00125 0.065)
(0.0205 0.00125 0.065)
(0.02075 0.00125 0.065)
(0.021 0.00125 0.065)
(0.02125 0.00125 0.065)
(0.0215 0.00125 0.065)
(0.02175 0.00125 0.065)
(0.022 0.00125 0.065)
(0.02225 0.00125 0.065)
(0.0225 0.00125 0.065)
(0.02275 0.00125 0.065)
(0.023 0.00125 0.065)
(0.02325 0.00125 0.065)
(0.0235 0.00125 0.065)
(0.02375 0.00125 0.065)
(0.024 0.00125 0.065)
(0.02425 0.00125 0.065)
(0.0245 0.00125 0.065)
(0.02475 0.00125 0.065)
(0.025 0.00125 0.065)
(0.02525 0.00125 0.065)
(0.0255 0.00125 0.065)
(0.02575 0.00125 0.065)
(0.026 0.00125 0.065)
(0.02625 0.00125 0.065)
(0.0265 0.00125 0.065)
(0.02675 0.00125 0.065)
(0.027 0.00125 0.065)
(0.02725 0.00125 0.065)
(0.0275 0.00125 0.065)
(0.02775 0.00125 0.065)
(0.028 0.00125 0.065)
(0.02825 0.00125 0.065)
(0.0285 0.00125 0.065)
(0.02875 0.00125 0.065)
(0.029 0.00125 0.065)
(0.02925 0.00125 0.065)
(0.0295 0.00125 0.065)
(0.02975 0.00125 0.065)
(0.03 0.00125 0.065)
(0.03025 0.00125 0.065)
(0.0305 0.00125 0.065)
(0.03075 0.00125 0.065)
(0.031 0.00125 0.065)
(0.03125 0.00125 0.065)
(0.0315 0.00125 0.065)
(0.03175 0.00125 0.065)
(0.032 0.00125 0.065)
(0.03225 0.00125 0.065)
(0.0325 0.00125 0.065)
(0.03275 0.00125 0.065)
(0.033 0.00125 0.065)
(0.03325 0.00125 0.065)
(0.0335 0.00125 0.065)
(0.03375 0.00125 0.065)
(0.034 0.00125 0.065)
(0.03425 0.00125 0.065)
(0.0345 0.00125 0.065)
(0.03475 0.00125 0.065)
(0.035 0.00125 0.065)
(0 0.0015 0.065)
(0.00025 0.0015 0.065)
(0.0005 0.0015 0.065)
(0.00075 0.0015 0.065)
(0.001 0.0015 0.065)
(0.00125 0.0015 0.065)
(0.0015 0.0015 0.065)
(0.00175 0.0015 0.065)
(0.002 0.0015 0.065)
(0.00225 0.0015 0.065)
(0.0025 0.0015 0.065)
(0.00275 0.0015 0.065)
(0.003 0.0015 0.065)
(0.00325 0.0015 0.065)
(0.0035 0.0015 0.065)
(0.00375 0.0015 0.065)
(0.004 0.0015 0.065)
(0.00425 0.0015 0.065)
(0.0045 0.0015 0.065)
(0.00475 0.0015 0.065)
(0.005 0.0015 0.065)
(0.00525 0.0015 0.065)
(0.0055 0.0015 0.065)
(0.00575 0.0015 0.065)
(0.006 0.0015 0.065)
(0.00625 0.0015 0.065)
(0.0065 0.0015 0.065)
(0.00675 0.0015 0.065)
(0.007 0.0015 0.065)
(0.00725 0.0015 0.065)
(0.0075 0.0015 0.065)
(0.00775 0.0015 0.065)
(0.008 0.0015 0.065)
(0.00825 0.0015 0.065)
(0.0085 0.0015 0.065)
(0.00875 0.0015 0.065)
(0.009 0.0015 0.065)
(0.00925 0.0015 0.065)
(0.0095 0.0015 0.065)
(0.00975 0.0015 0.065)
(0.01 0.0015 0.065)
(0.01025 0.0015 0.065)
(0.0105 0.0015 0.065)
(0.01075 0.0015 0.065)
(0.011 0.0015 0.065)
(0.01125 0.0015 0.065)
(0.0115 0.0015 0.065)
(0.01175 0.0015 0.065)
(0.012 0.0015 0.065)
(0.01225 0.0015 0.065)
(0.0125 0.0015 0.065)
(0.01275 0.0015 0.065)
(0.013 0.0015 0.065)
(0.01325 0.0015 0.065)
(0.0135 0.0015 0.065)
(0.01375 0.0015 0.065)
(0.014 0.0015 0.065)
(0.01425 0.0015 0.065)
(0.0145 0.0015 0.065)
(0.01475 0.0015 0.065)
(0.015 0.0015 0.065)
(0.01525 0.0015 0.065)
(0.0155 0.0015 0.065)
(0.01575 0.0015 0.065)
(0.016 0.0015 0.065)
(0.01625 0.0015 0.065)
(0.0165 0.0015 0.065)
(0.01675 0.0015 0.065)
(0.017 0.0015 0.065)
(0.01725 0.0015 0.065)
(0.0175 0.0015 0.065)
(0.01775 0.0015 0.065)
(0.018 0.0015 0.065)
(0.01825 0.0015 0.065)
(0.0185 0.0015 0.065)
(0.01875 0.0015 0.065)
(0.019 0.0015 0.065)
(0.01925 0.0015 0.065)
(0.0195 0.0015 0.065)
(0.01975 0.0015 0.065)
(0.02 0.0015 0.065)
(0.02025 0.0015 0.065)
(0.0205 0.0015 0.065)
(0.02075 0.0015 0.065)
(0.021 0.0015 0.065)
(0.02125 0.0015 0.065)
(0.0215 0.0015 0.065)
(0.02175 0.0015 0.065)
(0.022 0.0015 0.065)
(0.02225 0.0015 0.065)
(0.0225 0.0015 0.065)
(0.02275 0.0015 0.065)
(0.023 0.0015 0.065)
(0.02325 0.0015 0.065)
(0.0235 0.0015 0.065)
(0.02375 0.0015 0.065)
(0.024 0.0015 0.065)
(0.02425 0.0015 0.065)
(0.0245 0.0015 0.065)
(0.02475 0.0015 0.065)
(0.025 0.0015 0.065)
(0.02525 0.0015 0.065)
(0.0255 0.0015 0.065)
(0.02575 0.0015 0.065)
(0.026 0.0015 0.065)
(0.02625 0.0015 0.065)
(0.0265 0.0015 0.065)
(0.02675 0.0015 0.065)
(0.027 0.0015 0.065)
(0.02725 0.0015 0.065)
(0.0275 0.0015 0.065)
(0.02775 0.0015 0.065)
(0.028 0.0015 0.065)
(0.02825 0.0015 0.065)
(0.0285 0.0015 0.065)
(0.02875 0.0015 0.065)
(0.029 0.0015 0.065)
(0.02925 0.0015 0.065)
(0.0295 0.0015 0.065)
(0.02975 0.0015 0.065)
(0.03 0.0015 0.065)
(0.03025 0.0015 0.065)
(0.0305 0.0015 0.065)
(0.03075 0.0015 0.065)
(0.031 0.0015 0.065)
(0.03125 0.0015 0.065)
(0.0315 0.0015 0.065)
(0.03175 0.0015 0.065)
(0.032 0.0015 0.065)
(0.03225 0.0015 0.065)
(0.0325 0.0015 0.065)
(0.03275 0.0015 0.065)
(0.033 0.0015 0.065)
(0.03325 0.0015 0.065)
(0.0335 0.0015 0.065)
(0.03375 0.0015 0.065)
(0.034 0.0015 0.065)
(0.03425 0.0015 0.065)
(0.0345 0.0015 0.065)
(0.03475 0.0015 0.065)
(0.035 0.0015 0.065)
(0 0.00175 0.065)
(0.00025 0.00175 0.065)
(0.0005 0.00175 0.065)
(0.00075 0.00175 0.065)
(0.001 0.00175 0.065)
(0.00125 0.00175 0.065)
(0.0015 0.00175 0.065)
(0.00175 0.00175 0.065)
(0.002 0.00175 0.065)
(0.00225 0.00175 0.065)
(0.0025 0.00175 0.065)
(0.00275 0.00175 0.065)
(0.003 0.00175 0.065)
(0.00325 0.00175 0.065)
(0.0035 0.00175 0.065)
(0.00375 0.00175 0.065)
(0.004 0.00175 0.065)
(0.00425 0.00175 0.065)
(0.0045 0.00175 0.065)
(0.00475 0.00175 0.065)
(0.005 0.00175 0.065)
(0.00525 0.00175 0.065)
(0.0055 0.00175 0.065)
(0.00575 0.00175 0.065)
(0.006 0.00175 0.065)
(0.00625 0.00175 0.065)
(0.0065 0.00175 0.065)
(0.00675 0.00175 0.065)
(0.007 0.00175 0.065)
(0.00725 0.00175 0.065)
(0.0075 0.00175 0.065)
(0.00775 0.00175 0.065)
(0.008 0.00175 0.065)
(0.00825 0.00175 0.065)
(0.0085 0.00175 0.065)
(0.00875 0.00175 0.065)
(0.009 0.00175 0.065)
(0.00925 0.00175 0.065)
(0.0095 0.00175 0.065)
(0.00975 0.00175 0.065)
(0.01 0.00175 0.065)
(0.01025 0.00175 0.065)
(0.0105 0.00175 0.065)
(0.01075 0.00175 0.065)
(0.011 0.00175 0.065)
(0.01125 0.00175 0.065)
(0.0115 0.00175 0.065)
(0.01175 0.00175 0.065)
(0.012 0.00175 0.065)
(0.01225 0.00175 0.065)
(0.0125 0.00175 0.065)
(0.01275 0.00175 0.065)
(0.013 0.00175 0.065)
(0.01325 0.00175 0.065)
(0.0135 0.00175 0.065)
(0.01375 0.00175 0.065)
(0.014 0.00175 0.065)
(0.01425 0.00175 0.065)
(0.0145 0.00175 0.065)
(0.01475 0.00175 0.065)
(0.015 0.00175 0.065)
(0.01525 0.00175 0.065)
(0.0155 0.00175 0.065)
(0.01575 0.00175 0.065)
(0.016 0.00175 0.065)
(0.01625 0.00175 0.065)
(0.0165 0.00175 0.065)
(0.01675 0.00175 0.065)
(0.017 0.00175 0.065)
(0.01725 0.00175 0.065)
(0.0175 0.00175 0.065)
(0.01775 0.00175 0.065)
(0.018 0.00175 0.065)
(0.01825 0.00175 0.065)
(0.0185 0.00175 0.065)
(0.01875 0.00175 0.065)
(0.019 0.00175 0.065)
(0.01925 0.00175 0.065)
(0.0195 0.00175 0.065)
(0.01975 0.00175 0.065)
(0.02 0.00175 0.065)
(0.02025 0.00175 0.065)
(0.0205 0.00175 0.065)
(0.02075 0.00175 0.065)
(0.021 0.00175 0.065)
(0.02125 0.00175 0.065)
(0.0215 0.00175 0.065)
(0.02175 0.00175 0.065)
(0.022 0.00175 0.065)
(0.02225 0.00175 0.065)
(0.0225 0.00175 0.065)
(0.02275 0.00175 0.065)
(0.023 0.00175 0.065)
(0.02325 0.00175 0.065)
(0.0235 0.00175 0.065)
(0.02375 0.00175 0.065)
(0.024 0.00175 0.065)
(0.02425 0.00175 0.065)
(0.0245 0.00175 0.065)
(0.02475 0.00175 0.065)
(0.025 0.00175 0.065)
(0.02525 0.00175 0.065)
(0.0255 0.00175 0.065)
(0.02575 0.00175 0.065)
(0.026 0.00175 0.065)
(0.02625 0.00175 0.065)
(0.0265 0.00175 0.065)
(0.02675 0.00175 0.065)
(0.027 0.00175 0.065)
(0.02725 0.00175 0.065)
(0.0275 0.00175 0.065)
(0.02775 0.00175 0.065)
(0.028 0.00175 0.065)
(0.02825 0.00175 0.065)
(0.0285 0.00175 0.065)
(0.02875 0.00175 0.065)
(0.029 0.00175 0.065)
(0.02925 0.00175 0.065)
(0.0295 0.00175 0.065)
(0.02975 0.00175 0.065)
(0.03 0.00175 0.065)
(0.03025 0.00175 0.065)
(0.0305 0.00175 0.065)
(0.03075 0.00175 0.065)
(0.031 0.00175 0.065)
(0.03125 0.00175 0.065)
(0.0315 0.00175 0.065)
(0.03175 0.00175 0.065)
(0.032 0.00175 0.065)
(0.03225 0.00175 0.065)
(0.0325 0.00175 0.065)
(0.03275 0.00175 0.065)
(0.033 0.00175 0.065)
(0.03325 0.00175 0.065)
(0.0335 0.00175 0.065)
(0.03375 0.00175 0.065)
(0.034 0.00175 0.065)
(0.03425 0.00175 0.065)
(0.0345 0.00175 0.065)
(0.03475 0.00175 0.065)
(0.035 0.00175 0.065)
(0 0.002 0.065)
(0.00025 0.002 0.065)
(0.0005 0.002 0.065)
(0.00075 0.002 0.065)
(0.001 0.002 0.065)
(0.00125 0.002 0.065)
(0.0015 0.002 0.065)
(0.00175 0.002 0.065)
(0.002 0.002 0.065)
(0.00225 0.002 0.065)
(0.0025 0.002 0.065)
(0.00275 0.002 0.065)
(0.003 0.002 0.065)
(0.00325 0.002 0.065)
(0.0035 0.002 0.065)
(0.00375 0.002 0.065)
(0.004 0.002 0.065)
(0.00425 0.002 0.065)
(0.0045 0.002 0.065)
(0.00475 0.002 0.065)
(0.005 0.002 0.065)
(0.00525 0.002 0.065)
(0.0055 0.002 0.065)
(0.00575 0.002 0.065)
(0.006 0.002 0.065)
(0.00625 0.002 0.065)
(0.0065 0.002 0.065)
(0.00675 0.002 0.065)
(0.007 0.002 0.065)
(0.00725 0.002 0.065)
(0.0075 0.002 0.065)
(0.00775 0.002 0.065)
(0.008 0.002 0.065)
(0.00825 0.002 0.065)
(0.0085 0.002 0.065)
(0.00875 0.002 0.065)
(0.009 0.002 0.065)
(0.00925 0.002 0.065)
(0.0095 0.002 0.065)
(0.00975 0.002 0.065)
(0.01 0.002 0.065)
(0.01025 0.002 0.065)
(0.0105 0.002 0.065)
(0.01075 0.002 0.065)
(0.011 0.002 0.065)
(0.01125 0.002 0.065)
(0.0115 0.002 0.065)
(0.01175 0.002 0.065)
(0.012 0.002 0.065)
(0.01225 0.002 0.065)
(0.0125 0.002 0.065)
(0.01275 0.002 0.065)
(0.013 0.002 0.065)
(0.01325 0.002 0.065)
(0.0135 0.002 0.065)
(0.01375 0.002 0.065)
(0.014 0.002 0.065)
(0.01425 0.002 0.065)
(0.0145 0.002 0.065)
(0.01475 0.002 0.065)
(0.015 0.002 0.065)
(0.01525 0.002 0.065)
(0.0155 0.002 0.065)
(0.01575 0.002 0.065)
(0.016 0.002 0.065)
(0.01625 0.002 0.065)
(0.0165 0.002 0.065)
(0.01675 0.002 0.065)
(0.017 0.002 0.065)
(0.01725 0.002 0.065)
(0.0175 0.002 0.065)
(0.01775 0.002 0.065)
(0.018 0.002 0.065)
(0.01825 0.002 0.065)
(0.0185 0.002 0.065)
(0.01875 0.002 0.065)
(0.019 0.002 0.065)
(0.01925 0.002 0.065)
(0.0195 0.002 0.065)
(0.01975 0.002 0.065)
(0.02 0.002 0.065)
(0.02025 0.002 0.065)
(0.0205 0.002 0.065)
(0.02075 0.002 0.065)
(0.021 0.002 0.065)
(0.02125 0.002 0.065)
(0.0215 0.002 0.065)
(0.02175 0.002 0.065)
(0.022 0.002 0.065)
(0.02225 0.002 0.065)
(0.0225 0.002 0.065)
(0.02275 0.002 0.065)
(0.023 0.002 0.065)
(0.02325 0.002 0.065)
(0.0235 0.002 0.065)
(0.02375 0.002 0.065)
(0.024 0.002 0.065)
(0.02425 0.002 0.065)
(0.0245 0.002 0.065)
(0.02475 0.002 0.065)
(0.025 0.002 0.065)
(0.02525 0.002 0.065)
(0.0255 0.002 0.065)
(0.02575 0.002 0.065)
(0.026 0.002 0.065)
(0.02625 0.002 0.065)
(0.0265 0.002 0.065)
(0.02675 0.002 0.065)
(0.027 0.002 0.065)
(0.02725 0.002 0.065)
(0.0275 0.002 0.065)
(0.02775 0.002 0.065)
(0.028 0.002 0.065)
(0.02825 0.002 0.065)
(0.0285 0.002 0.065)
(0.02875 0.002 0.065)
(0.029 0.002 0.065)
(0.02925 0.002 0.065)
(0.0295 0.002 0.065)
(0.02975 0.002 0.065)
(0.03 0.002 0.065)
(0.03025 0.002 0.065)
(0.0305 0.002 0.065)
(0.03075 0.002 0.065)
(0.031 0.002 0.065)
(0.03125 0.002 0.065)
(0.0315 0.002 0.065)
(0.03175 0.002 0.065)
(0.032 0.002 0.065)
(0.03225 0.002 0.065)
(0.0325 0.002 0.065)
(0.03275 0.002 0.065)
(0.033 0.002 0.065)
(0.03325 0.002 0.065)
(0.0335 0.002 0.065)
(0.03375 0.002 0.065)
(0.034 0.002 0.065)
(0.03425 0.002 0.065)
(0.0345 0.002 0.065)
(0.03475 0.002 0.065)
(0.035 0.002 0.065)
(0 0.00225 0.065)
(0.00025 0.00225 0.065)
(0.0005 0.00225 0.065)
(0.00075 0.00225 0.065)
(0.001 0.00225 0.065)
(0.00125 0.00225 0.065)
(0.0015 0.00225 0.065)
(0.00175 0.00225 0.065)
(0.002 0.00225 0.065)
(0.00225 0.00225 0.065)
(0.0025 0.00225 0.065)
(0.00275 0.00225 0.065)
(0.003 0.00225 0.065)
(0.00325 0.00225 0.065)
(0.0035 0.00225 0.065)
(0.00375 0.00225 0.065)
(0.004 0.00225 0.065)
(0.00425 0.00225 0.065)
(0.0045 0.00225 0.065)
(0.00475 0.00225 0.065)
(0.005 0.00225 0.065)
(0.00525 0.00225 0.065)
(0.0055 0.00225 0.065)
(0.00575 0.00225 0.065)
(0.006 0.00225 0.065)
(0.00625 0.00225 0.065)
(0.0065 0.00225 0.065)
(0.00675 0.00225 0.065)
(0.007 0.00225 0.065)
(0.00725 0.00225 0.065)
(0.0075 0.00225 0.065)
(0.00775 0.00225 0.065)
(0.008 0.00225 0.065)
(0.00825 0.00225 0.065)
(0.0085 0.00225 0.065)
(0.00875 0.00225 0.065)
(0.009 0.00225 0.065)
(0.00925 0.00225 0.065)
(0.0095 0.00225 0.065)
(0.00975 0.00225 0.065)
(0.01 0.00225 0.065)
(0.01025 0.00225 0.065)
(0.0105 0.00225 0.065)
(0.01075 0.00225 0.065)
(0.011 0.00225 0.065)
(0.01125 0.00225 0.065)
(0.0115 0.00225 0.065)
(0.01175 0.00225 0.065)
(0.012 0.00225 0.065)
(0.01225 0.00225 0.065)
(0.0125 0.00225 0.065)
(0.01275 0.00225 0.065)
(0.013 0.00225 0.065)
(0.01325 0.00225 0.065)
(0.0135 0.00225 0.065)
(0.01375 0.00225 0.065)
(0.014 0.00225 0.065)
(0.01425 0.00225 0.065)
(0.0145 0.00225 0.065)
(0.01475 0.00225 0.065)
(0.015 0.00225 0.065)
(0.01525 0.00225 0.065)
(0.0155 0.00225 0.065)
(0.01575 0.00225 0.065)
(0.016 0.00225 0.065)
(0.01625 0.00225 0.065)
(0.0165 0.00225 0.065)
(0.01675 0.00225 0.065)
(0.017 0.00225 0.065)
(0.01725 0.00225 0.065)
(0.0175 0.00225 0.065)
(0.01775 0.00225 0.065)
(0.018 0.00225 0.065)
(0.01825 0.00225 0.065)
(0.0185 0.00225 0.065)
(0.01875 0.00225 0.065)
(0.019 0.00225 0.065)
(0.01925 0.00225 0.065)
(0.0195 0.00225 0.065)
(0.01975 0.00225 0.065)
(0.02 0.00225 0.065)
(0.02025 0.00225 0.065)
(0.0205 0.00225 0.065)
(0.02075 0.00225 0.065)
(0.021 0.00225 0.065)
(0.02125 0.00225 0.065)
(0.0215 0.00225 0.065)
(0.02175 0.00225 0.065)
(0.022 0.00225 0.065)
(0.02225 0.00225 0.065)
(0.0225 0.00225 0.065)
(0.02275 0.00225 0.065)
(0.023 0.00225 0.065)
(0.02325 0.00225 0.065)
(0.0235 0.00225 0.065)
(0.02375 0.00225 0.065)
(0.024 0.00225 0.065)
(0.02425 0.00225 0.065)
(0.0245 0.00225 0.065)
(0.02475 0.00225 0.065)
(0.025 0.00225 0.065)
(0.02525 0.00225 0.065)
(0.0255 0.00225 0.065)
(0.02575 0.00225 0.065)
(0.026 0.00225 0.065)
(0.02625 0.00225 0.065)
(0.0265 0.00225 0.065)
(0.02675 0.00225 0.065)
(0.027 0.00225 0.065)
(0.02725 0.00225 0.065)
(0.0275 0.00225 0.065)
(0.02775 0.00225 0.065)
(0.028 0.00225 0.065)
(0.02825 0.00225 0.065)
(0.0285 0.00225 0.065)
(0.02875 0.00225 0.065)
(0.029 0.00225 0.065)
(0.02925 0.00225 0.065)
(0.0295 0.00225 0.065)
(0.02975 0.00225 0.065)
(0.03 0.00225 0.065)
(0.03025 0.00225 0.065)
(0.0305 0.00225 0.065)
(0.03075 0.00225 0.065)
(0.031 0.00225 0.065)
(0.03125 0.00225 0.065)
(0.0315 0.00225 0.065)
(0.03175 0.00225 0.065)
(0.032 0.00225 0.065)
(0.03225 0.00225 0.065)
(0.0325 0.00225 0.065)
(0.03275 0.00225 0.065)
(0.033 0.00225 0.065)
(0.03325 0.00225 0.065)
(0.0335 0.00225 0.065)
(0.03375 0.00225 0.065)
(0.034 0.00225 0.065)
(0.03425 0.00225 0.065)
(0.0345 0.00225 0.065)
(0.03475 0.00225 0.065)
(0.035 0.00225 0.065)
(0 0.0025 0.065)
(0.00025 0.0025 0.065)
(0.0005 0.0025 0.065)
(0.00075 0.0025 0.065)
(0.001 0.0025 0.065)
(0.00125 0.0025 0.065)
(0.0015 0.0025 0.065)
(0.00175 0.0025 0.065)
(0.002 0.0025 0.065)
(0.00225 0.0025 0.065)
(0.0025 0.0025 0.065)
(0.00275 0.0025 0.065)
(0.003 0.0025 0.065)
(0.00325 0.0025 0.065)
(0.0035 0.0025 0.065)
(0.00375 0.0025 0.065)
(0.004 0.0025 0.065)
(0.00425 0.0025 0.065)
(0.0045 0.0025 0.065)
(0.00475 0.0025 0.065)
(0.005 0.0025 0.065)
(0.00525 0.0025 0.065)
(0.0055 0.0025 0.065)
(0.00575 0.0025 0.065)
(0.006 0.0025 0.065)
(0.00625 0.0025 0.065)
(0.0065 0.0025 0.065)
(0.00675 0.0025 0.065)
(0.007 0.0025 0.065)
(0.00725 0.0025 0.065)
(0.0075 0.0025 0.065)
(0.00775 0.0025 0.065)
(0.008 0.0025 0.065)
(0.00825 0.0025 0.065)
(0.0085 0.0025 0.065)
(0.00875 0.0025 0.065)
(0.009 0.0025 0.065)
(0.00925 0.0025 0.065)
(0.0095 0.0025 0.065)
(0.00975 0.0025 0.065)
(0.01 0.0025 0.065)
(0.01025 0.0025 0.065)
(0.0105 0.0025 0.065)
(0.01075 0.0025 0.065)
(0.011 0.0025 0.065)
(0.01125 0.0025 0.065)
(0.0115 0.0025 0.065)
(0.01175 0.0025 0.065)
(0.012 0.0025 0.065)
(0.01225 0.0025 0.065)
(0.0125 0.0025 0.065)
(0.01275 0.0025 0.065)
(0.013 0.0025 0.065)
(0.01325 0.0025 0.065)
(0.0135 0.0025 0.065)
(0.01375 0.0025 0.065)
(0.014 0.0025 0.065)
(0.01425 0.0025 0.065)
(0.0145 0.0025 0.065)
(0.01475 0.0025 0.065)
(0.015 0.0025 0.065)
(0.01525 0.0025 0.065)
(0.0155 0.0025 0.065)
(0.01575 0.0025 0.065)
(0.016 0.0025 0.065)
(0.01625 0.0025 0.065)
(0.0165 0.0025 0.065)
(0.01675 0.0025 0.065)
(0.017 0.0025 0.065)
(0.01725 0.0025 0.065)
(0.0175 0.0025 0.065)
(0.01775 0.0025 0.065)
(0.018 0.0025 0.065)
(0.01825 0.0025 0.065)
(0.0185 0.0025 0.065)
(0.01875 0.0025 0.065)
(0.019 0.0025 0.065)
(0.01925 0.0025 0.065)
(0.0195 0.0025 0.065)
(0.01975 0.0025 0.065)
(0.02 0.0025 0.065)
(0.02025 0.0025 0.065)
(0.0205 0.0025 0.065)
(0.02075 0.0025 0.065)
(0.021 0.0025 0.065)
(0.02125 0.0025 0.065)
(0.0215 0.0025 0.065)
(0.02175 0.0025 0.065)
(0.022 0.0025 0.065)
(0.02225 0.0025 0.065)
(0.0225 0.0025 0.065)
(0.02275 0.0025 0.065)
(0.023 0.0025 0.065)
(0.02325 0.0025 0.065)
(0.0235 0.0025 0.065)
(0.02375 0.0025 0.065)
(0.024 0.0025 0.065)
(0.02425 0.0025 0.065)
(0.0245 0.0025 0.065)
(0.02475 0.0025 0.065)
(0.025 0.0025 0.065)
(0.02525 0.0025 0.065)
(0.0255 0.0025 0.065)
(0.02575 0.0025 0.065)
(0.026 0.0025 0.065)
(0.02625 0.0025 0.065)
(0.0265 0.0025 0.065)
(0.02675 0.0025 0.065)
(0.027 0.0025 0.065)
(0.02725 0.0025 0.065)
(0.0275 0.0025 0.065)
(0.02775 0.0025 0.065)
(0.028 0.0025 0.065)
(0.02825 0.0025 0.065)
(0.0285 0.0025 0.065)
(0.02875 0.0025 0.065)
(0.029 0.0025 0.065)
(0.02925 0.0025 0.065)
(0.0295 0.0025 0.065)
(0.02975 0.0025 0.065)
(0.03 0.0025 0.065)
(0.03025 0.0025 0.065)
(0.0305 0.0025 0.065)
(0.03075 0.0025 0.065)
(0.031 0.0025 0.065)
(0.03125 0.0025 0.065)
(0.0315 0.0025 0.065)
(0.03175 0.0025 0.065)
(0.032 0.0025 0.065)
(0.03225 0.0025 0.065)
(0.0325 0.0025 0.065)
(0.03275 0.0025 0.065)
(0.033 0.0025 0.065)
(0.03325 0.0025 0.065)
(0.0335 0.0025 0.065)
(0.03375 0.0025 0.065)
(0.034 0.0025 0.065)
(0.03425 0.0025 0.065)
(0.0345 0.0025 0.065)
(0.03475 0.0025 0.065)
(0.035 0.0025 0.065)
(0 0 0.06525)
(0.00025 0 0.06525)
(0.0005 0 0.06525)
(0.00075 0 0.06525)
(0.001 0 0.06525)
(0.00125 0 0.06525)
(0.0015 0 0.06525)
(0.00175 0 0.06525)
(0.002 0 0.06525)
(0.00225 0 0.06525)
(0.0025 0 0.06525)
(0.00275 0 0.06525)
(0.003 0 0.06525)
(0.00325 0 0.06525)
(0.0035 0 0.06525)
(0.00375 0 0.06525)
(0.004 0 0.06525)
(0.00425 0 0.06525)
(0.0045 0 0.06525)
(0.00475 0 0.06525)
(0.005 0 0.06525)
(0.00525 0 0.06525)
(0.0055 0 0.06525)
(0.00575 0 0.06525)
(0.006 0 0.06525)
(0.00625 0 0.06525)
(0.0065 0 0.06525)
(0.00675 0 0.06525)
(0.007 0 0.06525)
(0.00725 0 0.06525)
(0.0075 0 0.06525)
(0.00775 0 0.06525)
(0.008 0 0.06525)
(0.00825 0 0.06525)
(0.0085 0 0.06525)
(0.00875 0 0.06525)
(0.009 0 0.06525)
(0.00925 0 0.06525)
(0.0095 0 0.06525)
(0.00975 0 0.06525)
(0.01 0 0.06525)
(0.01025 0 0.06525)
(0.0105 0 0.06525)
(0.01075 0 0.06525)
(0.011 0 0.06525)
(0.01125 0 0.06525)
(0.0115 0 0.06525)
(0.01175 0 0.06525)
(0.012 0 0.06525)
(0.01225 0 0.06525)
(0.0125 0 0.06525)
(0.01275 0 0.06525)
(0.013 0 0.06525)
(0.01325 0 0.06525)
(0.0135 0 0.06525)
(0.01375 0 0.06525)
(0.014 0 0.06525)
(0.01425 0 0.06525)
(0.0145 0 0.06525)
(0.01475 0 0.06525)
(0.015 0 0.06525)
(0.01525 0 0.06525)
(0.0155 0 0.06525)
(0.01575 0 0.06525)
(0.016 0 0.06525)
(0.01625 0 0.06525)
(0.0165 0 0.06525)
(0.01675 0 0.06525)
(0.017 0 0.06525)
(0.01725 0 0.06525)
(0.0175 0 0.06525)
(0.01775 0 0.06525)
(0.018 0 0.06525)
(0.01825 0 0.06525)
(0.0185 0 0.06525)
(0.01875 0 0.06525)
(0.019 0 0.06525)
(0.01925 0 0.06525)
(0.0195 0 0.06525)
(0.01975 0 0.06525)
(0.02 0 0.06525)
(0.02025 0 0.06525)
(0.0205 0 0.06525)
(0.02075 0 0.06525)
(0.021 0 0.06525)
(0.02125 0 0.06525)
(0.0215 0 0.06525)
(0.02175 0 0.06525)
(0.022 0 0.06525)
(0.02225 0 0.06525)
(0.0225 0 0.06525)
(0.02275 0 0.06525)
(0.023 0 0.06525)
(0.02325 0 0.06525)
(0.0235 0 0.06525)
(0.02375 0 0.06525)
(0.024 0 0.06525)
(0.02425 0 0.06525)
(0.0245 0 0.06525)
(0.02475 0 0.06525)
(0.025 0 0.06525)
(0.02525 0 0.06525)
(0.0255 0 0.06525)
(0.02575 0 0.06525)
(0.026 0 0.06525)
(0.02625 0 0.06525)
(0.0265 0 0.06525)
(0.02675 0 0.06525)
(0.027 0 0.06525)
(0.02725 0 0.06525)
(0.0275 0 0.06525)
(0.02775 0 0.06525)
(0.028 0 0.06525)
(0.02825 0 0.06525)
(0.0285 0 0.06525)
(0.02875 0 0.06525)
(0.029 0 0.06525)
(0.02925 0 0.06525)
(0.0295 0 0.06525)
(0.02975 0 0.06525)
(0.03 0 0.06525)
(0.03025 0 0.06525)
(0.0305 0 0.06525)
(0.03075 0 0.06525)
(0.031 0 0.06525)
(0.03125 0 0.06525)
(0.0315 0 0.06525)
(0.03175 0 0.06525)
(0.032 0 0.06525)
(0.03225 0 0.06525)
(0.0325 0 0.06525)
(0.03275 0 0.06525)
(0.033 0 0.06525)
(0.03325 0 0.06525)
(0.0335 0 0.06525)
(0.03375 0 0.06525)
(0.034 0 0.06525)
(0.03425 0 0.06525)
(0.0345 0 0.06525)
(0.03475 0 0.06525)
(0.035 0 0.06525)
(0 0.00025 0.06525)
(0.00025 0.00025 0.06525)
(0.0005 0.00025 0.06525)
(0.00075 0.00025 0.06525)
(0.001 0.00025 0.06525)
(0.00125 0.00025 0.06525)
(0.0015 0.00025 0.06525)
(0.00175 0.00025 0.06525)
(0.002 0.00025 0.06525)
(0.00225 0.00025 0.06525)
(0.0025 0.00025 0.06525)
(0.00275 0.00025 0.06525)
(0.003 0.00025 0.06525)
(0.00325 0.00025 0.06525)
(0.0035 0.00025 0.06525)
(0.00375 0.00025 0.06525)
(0.004 0.00025 0.06525)
(0.00425 0.00025 0.06525)
(0.0045 0.00025 0.06525)
(0.00475 0.00025 0.06525)
(0.005 0.00025 0.06525)
(0.00525 0.00025 0.06525)
(0.0055 0.00025 0.06525)
(0.00575 0.00025 0.06525)
(0.006 0.00025 0.06525)
(0.00625 0.00025 0.06525)
(0.0065 0.00025 0.06525)
(0.00675 0.00025 0.06525)
(0.007 0.00025 0.06525)
(0.00725 0.00025 0.06525)
(0.0075 0.00025 0.06525)
(0.00775 0.00025 0.06525)
(0.008 0.00025 0.06525)
(0.00825 0.00025 0.06525)
(0.0085 0.00025 0.06525)
(0.00875 0.00025 0.06525)
(0.009 0.00025 0.06525)
(0.00925 0.00025 0.06525)
(0.0095 0.00025 0.06525)
(0.00975 0.00025 0.06525)
(0.01 0.00025 0.06525)
(0.01025 0.00025 0.06525)
(0.0105 0.00025 0.06525)
(0.01075 0.00025 0.06525)
(0.011 0.00025 0.06525)
(0.01125 0.00025 0.06525)
(0.0115 0.00025 0.06525)
(0.01175 0.00025 0.06525)
(0.012 0.00025 0.06525)
(0.01225 0.00025 0.06525)
(0.0125 0.00025 0.06525)
(0.01275 0.00025 0.06525)
(0.013 0.00025 0.06525)
(0.01325 0.00025 0.06525)
(0.0135 0.00025 0.06525)
(0.01375 0.00025 0.06525)
(0.014 0.00025 0.06525)
(0.01425 0.00025 0.06525)
(0.0145 0.00025 0.06525)
(0.01475 0.00025 0.06525)
(0.015 0.00025 0.06525)
(0.01525 0.00025 0.06525)
(0.0155 0.00025 0.06525)
(0.01575 0.00025 0.06525)
(0.016 0.00025 0.06525)
(0.01625 0.00025 0.06525)
(0.0165 0.00025 0.06525)
(0.01675 0.00025 0.06525)
(0.017 0.00025 0.06525)
(0.01725 0.00025 0.06525)
(0.0175 0.00025 0.06525)
(0.01775 0.00025 0.06525)
(0.018 0.00025 0.06525)
(0.01825 0.00025 0.06525)
(0.0185 0.00025 0.06525)
(0.01875 0.00025 0.06525)
(0.019 0.00025 0.06525)
(0.01925 0.00025 0.06525)
(0.0195 0.00025 0.06525)
(0.01975 0.00025 0.06525)
(0.02 0.00025 0.06525)
(0.02025 0.00025 0.06525)
(0.0205 0.00025 0.06525)
(0.02075 0.00025 0.06525)
(0.021 0.00025 0.06525)
(0.02125 0.00025 0.06525)
(0.0215 0.00025 0.06525)
(0.02175 0.00025 0.06525)
(0.022 0.00025 0.06525)
(0.02225 0.00025 0.06525)
(0.0225 0.00025 0.06525)
(0.02275 0.00025 0.06525)
(0.023 0.00025 0.06525)
(0.02325 0.00025 0.06525)
(0.0235 0.00025 0.06525)
(0.02375 0.00025 0.06525)
(0.024 0.00025 0.06525)
(0.02425 0.00025 0.06525)
(0.0245 0.00025 0.06525)
(0.02475 0.00025 0.06525)
(0.025 0.00025 0.06525)
(0.02525 0.00025 0.06525)
(0.0255 0.00025 0.06525)
(0.02575 0.00025 0.06525)
(0.026 0.00025 0.06525)
(0.02625 0.00025 0.06525)
(0.0265 0.00025 0.06525)
(0.02675 0.00025 0.06525)
(0.027 0.00025 0.06525)
(0.02725 0.00025 0.06525)
(0.0275 0.00025 0.06525)
(0.02775 0.00025 0.06525)
(0.028 0.00025 0.06525)
(0.02825 0.00025 0.06525)
(0.0285 0.00025 0.06525)
(0.02875 0.00025 0.06525)
(0.029 0.00025 0.06525)
(0.02925 0.00025 0.06525)
(0.0295 0.00025 0.06525)
(0.02975 0.00025 0.06525)
(0.03 0.00025 0.06525)
(0.03025 0.00025 0.06525)
(0.0305 0.00025 0.06525)
(0.03075 0.00025 0.06525)
(0.031 0.00025 0.06525)
(0.03125 0.00025 0.06525)
(0.0315 0.00025 0.06525)
(0.03175 0.00025 0.06525)
(0.032 0.00025 0.06525)
(0.03225 0.00025 0.06525)
(0.0325 0.00025 0.06525)
(0.03275 0.00025 0.06525)
(0.033 0.00025 0.06525)
(0.03325 0.00025 0.06525)
(0.0335 0.00025 0.06525)
(0.03375 0.00025 0.06525)
(0.034 0.00025 0.06525)
(0.03425 0.00025 0.06525)
(0.0345 0.00025 0.06525)
(0.03475 0.00025 0.06525)
(0.035 0.00025 0.06525)
(0 0.0005 0.06525)
(0.00025 0.0005 0.06525)
(0.0005 0.0005 0.06525)
(0.00075 0.0005 0.06525)
(0.001 0.0005 0.06525)
(0.00125 0.0005 0.06525)
(0.0015 0.0005 0.06525)
(0.00175 0.0005 0.06525)
(0.002 0.0005 0.06525)
(0.00225 0.0005 0.06525)
(0.0025 0.0005 0.06525)
(0.00275 0.0005 0.06525)
(0.003 0.0005 0.06525)
(0.00325 0.0005 0.06525)
(0.0035 0.0005 0.06525)
(0.00375 0.0005 0.06525)
(0.004 0.0005 0.06525)
(0.00425 0.0005 0.06525)
(0.0045 0.0005 0.06525)
(0.00475 0.0005 0.06525)
(0.005 0.0005 0.06525)
(0.00525 0.0005 0.06525)
(0.0055 0.0005 0.06525)
(0.00575 0.0005 0.06525)
(0.006 0.0005 0.06525)
(0.00625 0.0005 0.06525)
(0.0065 0.0005 0.06525)
(0.00675 0.0005 0.06525)
(0.007 0.0005 0.06525)
(0.00725 0.0005 0.06525)
(0.0075 0.0005 0.06525)
(0.00775 0.0005 0.06525)
(0.008 0.0005 0.06525)
(0.00825 0.0005 0.06525)
(0.0085 0.0005 0.06525)
(0.00875 0.0005 0.06525)
(0.009 0.0005 0.06525)
(0.00925 0.0005 0.06525)
(0.0095 0.0005 0.06525)
(0.00975 0.0005 0.06525)
(0.01 0.0005 0.06525)
(0.01025 0.0005 0.06525)
(0.0105 0.0005 0.06525)
(0.01075 0.0005 0.06525)
(0.011 0.0005 0.06525)
(0.01125 0.0005 0.06525)
(0.0115 0.0005 0.06525)
(0.01175 0.0005 0.06525)
(0.012 0.0005 0.06525)
(0.01225 0.0005 0.06525)
(0.0125 0.0005 0.06525)
(0.01275 0.0005 0.06525)
(0.013 0.0005 0.06525)
(0.01325 0.0005 0.06525)
(0.0135 0.0005 0.06525)
(0.01375 0.0005 0.06525)
(0.014 0.0005 0.06525)
(0.01425 0.0005 0.06525)
(0.0145 0.0005 0.06525)
(0.01475 0.0005 0.06525)
(0.015 0.0005 0.06525)
(0.01525 0.0005 0.06525)
(0.0155 0.0005 0.06525)
(0.01575 0.0005 0.06525)
(0.016 0.0005 0.06525)
(0.01625 0.0005 0.06525)
(0.0165 0.0005 0.06525)
(0.01675 0.0005 0.06525)
(0.017 0.0005 0.06525)
(0.01725 0.0005 0.06525)
(0.0175 0.0005 0.06525)
(0.01775 0.0005 0.06525)
(0.018 0.0005 0.06525)
(0.01825 0.0005 0.06525)
(0.0185 0.0005 0.06525)
(0.01875 0.0005 0.06525)
(0.019 0.0005 0.06525)
(0.01925 0.0005 0.06525)
(0.0195 0.0005 0.06525)
(0.01975 0.0005 0.06525)
(0.02 0.0005 0.06525)
(0.02025 0.0005 0.06525)
(0.0205 0.0005 0.06525)
(0.02075 0.0005 0.06525)
(0.021 0.0005 0.06525)
(0.02125 0.0005 0.06525)
(0.0215 0.0005 0.06525)
(0.02175 0.0005 0.06525)
(0.022 0.0005 0.06525)
(0.02225 0.0005 0.06525)
(0.0225 0.0005 0.06525)
(0.02275 0.0005 0.06525)
(0.023 0.0005 0.06525)
(0.02325 0.0005 0.06525)
(0.0235 0.0005 0.06525)
(0.02375 0.0005 0.06525)
(0.024 0.0005 0.06525)
(0.02425 0.0005 0.06525)
(0.0245 0.0005 0.06525)
(0.02475 0.0005 0.06525)
(0.025 0.0005 0.06525)
(0.02525 0.0005 0.06525)
(0.0255 0.0005 0.06525)
(0.02575 0.0005 0.06525)
(0.026 0.0005 0.06525)
(0.02625 0.0005 0.06525)
(0.0265 0.0005 0.06525)
(0.02675 0.0005 0.06525)
(0.027 0.0005 0.06525)
(0.02725 0.0005 0.06525)
(0.0275 0.0005 0.06525)
(0.02775 0.0005 0.06525)
(0.028 0.0005 0.06525)
(0.02825 0.0005 0.06525)
(0.0285 0.0005 0.06525)
(0.02875 0.0005 0.06525)
(0.029 0.0005 0.06525)
(0.02925 0.0005 0.06525)
(0.0295 0.0005 0.06525)
(0.02975 0.0005 0.06525)
(0.03 0.0005 0.06525)
(0.03025 0.0005 0.06525)
(0.0305 0.0005 0.06525)
(0.03075 0.0005 0.06525)
(0.031 0.0005 0.06525)
(0.03125 0.0005 0.06525)
(0.0315 0.0005 0.06525)
(0.03175 0.0005 0.06525)
(0.032 0.0005 0.06525)
(0.03225 0.0005 0.06525)
(0.0325 0.0005 0.06525)
(0.03275 0.0005 0.06525)
(0.033 0.0005 0.06525)
(0.03325 0.0005 0.06525)
(0.0335 0.0005 0.06525)
(0.03375 0.0005 0.06525)
(0.034 0.0005 0.06525)
(0.03425 0.0005 0.06525)
(0.0345 0.0005 0.06525)
(0.03475 0.0005 0.06525)
(0.035 0.0005 0.06525)
(0 0.00075 0.06525)
(0.00025 0.00075 0.06525)
(0.0005 0.00075 0.06525)
(0.00075 0.00075 0.06525)
(0.001 0.00075 0.06525)
(0.00125 0.00075 0.06525)
(0.0015 0.00075 0.06525)
(0.00175 0.00075 0.06525)
(0.002 0.00075 0.06525)
(0.00225 0.00075 0.06525)
(0.0025 0.00075 0.06525)
(0.00275 0.00075 0.06525)
(0.003 0.00075 0.06525)
(0.00325 0.00075 0.06525)
(0.0035 0.00075 0.06525)
(0.00375 0.00075 0.06525)
(0.004 0.00075 0.06525)
(0.00425 0.00075 0.06525)
(0.0045 0.00075 0.06525)
(0.00475 0.00075 0.06525)
(0.005 0.00075 0.06525)
(0.00525 0.00075 0.06525)
(0.0055 0.00075 0.06525)
(0.00575 0.00075 0.06525)
(0.006 0.00075 0.06525)
(0.00625 0.00075 0.06525)
(0.0065 0.00075 0.06525)
(0.00675 0.00075 0.06525)
(0.007 0.00075 0.06525)
(0.00725 0.00075 0.06525)
(0.0075 0.00075 0.06525)
(0.00775 0.00075 0.06525)
(0.008 0.00075 0.06525)
(0.00825 0.00075 0.06525)
(0.0085 0.00075 0.06525)
(0.00875 0.00075 0.06525)
(0.009 0.00075 0.06525)
(0.00925 0.00075 0.06525)
(0.0095 0.00075 0.06525)
(0.00975 0.00075 0.06525)
(0.01 0.00075 0.06525)
(0.01025 0.00075 0.06525)
(0.0105 0.00075 0.06525)
(0.01075 0.00075 0.06525)
(0.011 0.00075 0.06525)
(0.01125 0.00075 0.06525)
(0.0115 0.00075 0.06525)
(0.01175 0.00075 0.06525)
(0.012 0.00075 0.06525)
(0.01225 0.00075 0.06525)
(0.0125 0.00075 0.06525)
(0.01275 0.00075 0.06525)
(0.013 0.00075 0.06525)
(0.01325 0.00075 0.06525)
(0.0135 0.00075 0.06525)
(0.01375 0.00075 0.06525)
(0.014 0.00075 0.06525)
(0.01425 0.00075 0.06525)
(0.0145 0.00075 0.06525)
(0.01475 0.00075 0.06525)
(0.015 0.00075 0.06525)
(0.01525 0.00075 0.06525)
(0.0155 0.00075 0.06525)
(0.01575 0.00075 0.06525)
(0.016 0.00075 0.06525)
(0.01625 0.00075 0.06525)
(0.0165 0.00075 0.06525)
(0.01675 0.00075 0.06525)
(0.017 0.00075 0.06525)
(0.01725 0.00075 0.06525)
(0.0175 0.00075 0.06525)
(0.01775 0.00075 0.06525)
(0.018 0.00075 0.06525)
(0.01825 0.00075 0.06525)
(0.0185 0.00075 0.06525)
(0.01875 0.00075 0.06525)
(0.019 0.00075 0.06525)
(0.01925 0.00075 0.06525)
(0.0195 0.00075 0.06525)
(0.01975 0.00075 0.06525)
(0.02 0.00075 0.06525)
(0.02025 0.00075 0.06525)
(0.0205 0.00075 0.06525)
(0.02075 0.00075 0.06525)
(0.021 0.00075 0.06525)
(0.02125 0.00075 0.06525)
(0.0215 0.00075 0.06525)
(0.02175 0.00075 0.06525)
(0.022 0.00075 0.06525)
(0.02225 0.00075 0.06525)
(0.0225 0.00075 0.06525)
(0.02275 0.00075 0.06525)
(0.023 0.00075 0.06525)
(0.02325 0.00075 0.06525)
(0.0235 0.00075 0.06525)
(0.02375 0.00075 0.06525)
(0.024 0.00075 0.06525)
(0.02425 0.00075 0.06525)
(0.0245 0.00075 0.06525)
(0.02475 0.00075 0.06525)
(0.025 0.00075 0.06525)
(0.02525 0.00075 0.06525)
(0.0255 0.00075 0.06525)
(0.02575 0.00075 0.06525)
(0.026 0.00075 0.06525)
(0.02625 0.00075 0.06525)
(0.0265 0.00075 0.06525)
(0.02675 0.00075 0.06525)
(0.027 0.00075 0.06525)
(0.02725 0.00075 0.06525)
(0.0275 0.00075 0.06525)
(0.02775 0.00075 0.06525)
(0.028 0.00075 0.06525)
(0.02825 0.00075 0.06525)
(0.0285 0.00075 0.06525)
(0.02875 0.00075 0.06525)
(0.029 0.00075 0.06525)
(0.02925 0.00075 0.06525)
(0.0295 0.00075 0.06525)
(0.02975 0.00075 0.06525)
(0.03 0.00075 0.06525)
(0.03025 0.00075 0.06525)
(0.0305 0.00075 0.06525)
(0.03075 0.00075 0.06525)
(0.031 0.00075 0.06525)
(0.03125 0.00075 0.06525)
(0.0315 0.00075 0.06525)
(0.03175 0.00075 0.06525)
(0.032 0.00075 0.06525)
(0.03225 0.00075 0.06525)
(0.0325 0.00075 0.06525)
(0.03275 0.00075 0.06525)
(0.033 0.00075 0.06525)
(0.03325 0.00075 0.06525)
(0.0335 0.00075 0.06525)
(0.03375 0.00075 0.06525)
(0.034 0.00075 0.06525)
(0.03425 0.00075 0.06525)
(0.0345 0.00075 0.06525)
(0.03475 0.00075 0.06525)
(0.035 0.00075 0.06525)
(0 0.001 0.06525)
(0.00025 0.001 0.06525)
(0.0005 0.001 0.06525)
(0.00075 0.001 0.06525)
(0.001 0.001 0.06525)
(0.00125 0.001 0.06525)
(0.0015 0.001 0.06525)
(0.00175 0.001 0.06525)
(0.002 0.001 0.06525)
(0.00225 0.001 0.06525)
(0.0025 0.001 0.06525)
(0.00275 0.001 0.06525)
(0.003 0.001 0.06525)
(0.00325 0.001 0.06525)
(0.0035 0.001 0.06525)
(0.00375 0.001 0.06525)
(0.004 0.001 0.06525)
(0.00425 0.001 0.06525)
(0.0045 0.001 0.06525)
(0.00475 0.001 0.06525)
(0.005 0.001 0.06525)
(0.00525 0.001 0.06525)
(0.0055 0.001 0.06525)
(0.00575 0.001 0.06525)
(0.006 0.001 0.06525)
(0.00625 0.001 0.06525)
(0.0065 0.001 0.06525)
(0.00675 0.001 0.06525)
(0.007 0.001 0.06525)
(0.00725 0.001 0.06525)
(0.0075 0.001 0.06525)
(0.00775 0.001 0.06525)
(0.008 0.001 0.06525)
(0.00825 0.001 0.06525)
(0.0085 0.001 0.06525)
(0.00875 0.001 0.06525)
(0.009 0.001 0.06525)
(0.00925 0.001 0.06525)
(0.0095 0.001 0.06525)
(0.00975 0.001 0.06525)
(0.01 0.001 0.06525)
(0.01025 0.001 0.06525)
(0.0105 0.001 0.06525)
(0.01075 0.001 0.06525)
(0.011 0.001 0.06525)
(0.01125 0.001 0.06525)
(0.0115 0.001 0.06525)
(0.01175 0.001 0.06525)
(0.012 0.001 0.06525)
(0.01225 0.001 0.06525)
(0.0125 0.001 0.06525)
(0.01275 0.001 0.06525)
(0.013 0.001 0.06525)
(0.01325 0.001 0.06525)
(0.0135 0.001 0.06525)
(0.01375 0.001 0.06525)
(0.014 0.001 0.06525)
(0.01425 0.001 0.06525)
(0.0145 0.001 0.06525)
(0.01475 0.001 0.06525)
(0.015 0.001 0.06525)
(0.01525 0.001 0.06525)
(0.0155 0.001 0.06525)
(0.01575 0.001 0.06525)
(0.016 0.001 0.06525)
(0.01625 0.001 0.06525)
(0.0165 0.001 0.06525)
(0.01675 0.001 0.06525)
(0.017 0.001 0.06525)
(0.01725 0.001 0.06525)
(0.0175 0.001 0.06525)
(0.01775 0.001 0.06525)
(0.018 0.001 0.06525)
(0.01825 0.001 0.06525)
(0.0185 0.001 0.06525)
(0.01875 0.001 0.06525)
(0.019 0.001 0.06525)
(0.01925 0.001 0.06525)
(0.0195 0.001 0.06525)
(0.01975 0.001 0.06525)
(0.02 0.001 0.06525)
(0.02025 0.001 0.06525)
(0.0205 0.001 0.06525)
(0.02075 0.001 0.06525)
(0.021 0.001 0.06525)
(0.02125 0.001 0.06525)
(0.0215 0.001 0.06525)
(0.02175 0.001 0.06525)
(0.022 0.001 0.06525)
(0.02225 0.001 0.06525)
(0.0225 0.001 0.06525)
(0.02275 0.001 0.06525)
(0.023 0.001 0.06525)
(0.02325 0.001 0.06525)
(0.0235 0.001 0.06525)
(0.02375 0.001 0.06525)
(0.024 0.001 0.06525)
(0.02425 0.001 0.06525)
(0.0245 0.001 0.06525)
(0.02475 0.001 0.06525)
(0.025 0.001 0.06525)
(0.02525 0.001 0.06525)
(0.0255 0.001 0.06525)
(0.02575 0.001 0.06525)
(0.026 0.001 0.06525)
(0.02625 0.001 0.06525)
(0.0265 0.001 0.06525)
(0.02675 0.001 0.06525)
(0.027 0.001 0.06525)
(0.02725 0.001 0.06525)
(0.0275 0.001 0.06525)
(0.02775 0.001 0.06525)
(0.028 0.001 0.06525)
(0.02825 0.001 0.06525)
(0.0285 0.001 0.06525)
(0.02875 0.001 0.06525)
(0.029 0.001 0.06525)
(0.02925 0.001 0.06525)
(0.0295 0.001 0.06525)
(0.02975 0.001 0.06525)
(0.03 0.001 0.06525)
(0.03025 0.001 0.06525)
(0.0305 0.001 0.06525)
(0.03075 0.001 0.06525)
(0.031 0.001 0.06525)
(0.03125 0.001 0.06525)
(0.0315 0.001 0.06525)
(0.03175 0.001 0.06525)
(0.032 0.001 0.06525)
(0.03225 0.001 0.06525)
(0.0325 0.001 0.06525)
(0.03275 0.001 0.06525)
(0.033 0.001 0.06525)
(0.03325 0.001 0.06525)
(0.0335 0.001 0.06525)
(0.03375 0.001 0.06525)
(0.034 0.001 0.06525)
(0.03425 0.001 0.06525)
(0.0345 0.001 0.06525)
(0.03475 0.001 0.06525)
(0.035 0.001 0.06525)
(0 0.00125 0.06525)
(0.00025 0.00125 0.06525)
(0.0005 0.00125 0.06525)
(0.00075 0.00125 0.06525)
(0.001 0.00125 0.06525)
(0.00125 0.00125 0.06525)
(0.0015 0.00125 0.06525)
(0.00175 0.00125 0.06525)
(0.002 0.00125 0.06525)
(0.00225 0.00125 0.06525)
(0.0025 0.00125 0.06525)
(0.00275 0.00125 0.06525)
(0.003 0.00125 0.06525)
(0.00325 0.00125 0.06525)
(0.0035 0.00125 0.06525)
(0.00375 0.00125 0.06525)
(0.004 0.00125 0.06525)
(0.00425 0.00125 0.06525)
(0.0045 0.00125 0.06525)
(0.00475 0.00125 0.06525)
(0.005 0.00125 0.06525)
(0.00525 0.00125 0.06525)
(0.0055 0.00125 0.06525)
(0.00575 0.00125 0.06525)
(0.006 0.00125 0.06525)
(0.00625 0.00125 0.06525)
(0.0065 0.00125 0.06525)
(0.00675 0.00125 0.06525)
(0.007 0.00125 0.06525)
(0.00725 0.00125 0.06525)
(0.0075 0.00125 0.06525)
(0.00775 0.00125 0.06525)
(0.008 0.00125 0.06525)
(0.00825 0.00125 0.06525)
(0.0085 0.00125 0.06525)
(0.00875 0.00125 0.06525)
(0.009 0.00125 0.06525)
(0.00925 0.00125 0.06525)
(0.0095 0.00125 0.06525)
(0.00975 0.00125 0.06525)
(0.01 0.00125 0.06525)
(0.01025 0.00125 0.06525)
(0.0105 0.00125 0.06525)
(0.01075 0.00125 0.06525)
(0.011 0.00125 0.06525)
(0.01125 0.00125 0.06525)
(0.0115 0.00125 0.06525)
(0.01175 0.00125 0.06525)
(0.012 0.00125 0.06525)
(0.01225 0.00125 0.06525)
(0.0125 0.00125 0.06525)
(0.01275 0.00125 0.06525)
(0.013 0.00125 0.06525)
(0.01325 0.00125 0.06525)
(0.0135 0.00125 0.06525)
(0.01375 0.00125 0.06525)
(0.014 0.00125 0.06525)
(0.01425 0.00125 0.06525)
(0.0145 0.00125 0.06525)
(0.01475 0.00125 0.06525)
(0.015 0.00125 0.06525)
(0.01525 0.00125 0.06525)
(0.0155 0.00125 0.06525)
(0.01575 0.00125 0.06525)
(0.016 0.00125 0.06525)
(0.01625 0.00125 0.06525)
(0.0165 0.00125 0.06525)
(0.01675 0.00125 0.06525)
(0.017 0.00125 0.06525)
(0.01725 0.00125 0.06525)
(0.0175 0.00125 0.06525)
(0.01775 0.00125 0.06525)
(0.018 0.00125 0.06525)
(0.01825 0.00125 0.06525)
(0.0185 0.00125 0.06525)
(0.01875 0.00125 0.06525)
(0.019 0.00125 0.06525)
(0.01925 0.00125 0.06525)
(0.0195 0.00125 0.06525)
(0.01975 0.00125 0.06525)
(0.02 0.00125 0.06525)
(0.02025 0.00125 0.06525)
(0.0205 0.00125 0.06525)
(0.02075 0.00125 0.06525)
(0.021 0.00125 0.06525)
(0.02125 0.00125 0.06525)
(0.0215 0.00125 0.06525)
(0.02175 0.00125 0.06525)
(0.022 0.00125 0.06525)
(0.02225 0.00125 0.06525)
(0.0225 0.00125 0.06525)
(0.02275 0.00125 0.06525)
(0.023 0.00125 0.06525)
(0.02325 0.00125 0.06525)
(0.0235 0.00125 0.06525)
(0.02375 0.00125 0.06525)
(0.024 0.00125 0.06525)
(0.02425 0.00125 0.06525)
(0.0245 0.00125 0.06525)
(0.02475 0.00125 0.06525)
(0.025 0.00125 0.06525)
(0.02525 0.00125 0.06525)
(0.0255 0.00125 0.06525)
(0.02575 0.00125 0.06525)
(0.026 0.00125 0.06525)
(0.02625 0.00125 0.06525)
(0.0265 0.00125 0.06525)
(0.02675 0.00125 0.06525)
(0.027 0.00125 0.06525)
(0.02725 0.00125 0.06525)
(0.0275 0.00125 0.06525)
(0.02775 0.00125 0.06525)
(0.028 0.00125 0.06525)
(0.02825 0.00125 0.06525)
(0.0285 0.00125 0.06525)
(0.02875 0.00125 0.06525)
(0.029 0.00125 0.06525)
(0.02925 0.00125 0.06525)
(0.0295 0.00125 0.06525)
(0.02975 0.00125 0.06525)
(0.03 0.00125 0.06525)
(0.03025 0.00125 0.06525)
(0.0305 0.00125 0.06525)
(0.03075 0.00125 0.06525)
(0.031 0.00125 0.06525)
(0.03125 0.00125 0.06525)
(0.0315 0.00125 0.06525)
(0.03175 0.00125 0.06525)
(0.032 0.00125 0.06525)
(0.03225 0.00125 0.06525)
(0.0325 0.00125 0.06525)
(0.03275 0.00125 0.06525)
(0.033 0.00125 0.06525)
(0.03325 0.00125 0.06525)
(0.0335 0.00125 0.06525)
(0.03375 0.00125 0.06525)
(0.034 0.00125 0.06525)
(0.03425 0.00125 0.06525)
(0.0345 0.00125 0.06525)
(0.03475 0.00125 0.06525)
(0.035 0.00125 0.06525)
(0 0.0015 0.06525)
(0.00025 0.0015 0.06525)
(0.0005 0.0015 0.06525)
(0.00075 0.0015 0.06525)
(0.001 0.0015 0.06525)
(0.00125 0.0015 0.06525)
(0.0015 0.0015 0.06525)
(0.00175 0.0015 0.06525)
(0.002 0.0015 0.06525)
(0.00225 0.0015 0.06525)
(0.0025 0.0015 0.06525)
(0.00275 0.0015 0.06525)
(0.003 0.0015 0.06525)
(0.00325 0.0015 0.06525)
(0.0035 0.0015 0.06525)
(0.00375 0.0015 0.06525)
(0.004 0.0015 0.06525)
(0.00425 0.0015 0.06525)
(0.0045 0.0015 0.06525)
(0.00475 0.0015 0.06525)
(0.005 0.0015 0.06525)
(0.00525 0.0015 0.06525)
(0.0055 0.0015 0.06525)
(0.00575 0.0015 0.06525)
(0.006 0.0015 0.06525)
(0.00625 0.0015 0.06525)
(0.0065 0.0015 0.06525)
(0.00675 0.0015 0.06525)
(0.007 0.0015 0.06525)
(0.00725 0.0015 0.06525)
(0.0075 0.0015 0.06525)
(0.00775 0.0015 0.06525)
(0.008 0.0015 0.06525)
(0.00825 0.0015 0.06525)
(0.0085 0.0015 0.06525)
(0.00875 0.0015 0.06525)
(0.009 0.0015 0.06525)
(0.00925 0.0015 0.06525)
(0.0095 0.0015 0.06525)
(0.00975 0.0015 0.06525)
(0.01 0.0015 0.06525)
(0.01025 0.0015 0.06525)
(0.0105 0.0015 0.06525)
(0.01075 0.0015 0.06525)
(0.011 0.0015 0.06525)
(0.01125 0.0015 0.06525)
(0.0115 0.0015 0.06525)
(0.01175 0.0015 0.06525)
(0.012 0.0015 0.06525)
(0.01225 0.0015 0.06525)
(0.0125 0.0015 0.06525)
(0.01275 0.0015 0.06525)
(0.013 0.0015 0.06525)
(0.01325 0.0015 0.06525)
(0.0135 0.0015 0.06525)
(0.01375 0.0015 0.06525)
(0.014 0.0015 0.06525)
(0.01425 0.0015 0.06525)
(0.0145 0.0015 0.06525)
(0.01475 0.0015 0.06525)
(0.015 0.0015 0.06525)
(0.01525 0.0015 0.06525)
(0.0155 0.0015 0.06525)
(0.01575 0.0015 0.06525)
(0.016 0.0015 0.06525)
(0.01625 0.0015 0.06525)
(0.0165 0.0015 0.06525)
(0.01675 0.0015 0.06525)
(0.017 0.0015 0.06525)
(0.01725 0.0015 0.06525)
(0.0175 0.0015 0.06525)
(0.01775 0.0015 0.06525)
(0.018 0.0015 0.06525)
(0.01825 0.0015 0.06525)
(0.0185 0.0015 0.06525)
(0.01875 0.0015 0.06525)
(0.019 0.0015 0.06525)
(0.01925 0.0015 0.06525)
(0.0195 0.0015 0.06525)
(0.01975 0.0015 0.06525)
(0.02 0.0015 0.06525)
(0.02025 0.0015 0.06525)
(0.0205 0.0015 0.06525)
(0.02075 0.0015 0.06525)
(0.021 0.0015 0.06525)
(0.02125 0.0015 0.06525)
(0.0215 0.0015 0.06525)
(0.02175 0.0015 0.06525)
(0.022 0.0015 0.06525)
(0.02225 0.0015 0.06525)
(0.0225 0.0015 0.06525)
(0.02275 0.0015 0.06525)
(0.023 0.0015 0.06525)
(0.02325 0.0015 0.06525)
(0.0235 0.0015 0.06525)
(0.02375 0.0015 0.06525)
(0.024 0.0015 0.06525)
(0.02425 0.0015 0.06525)
(0.0245 0.0015 0.06525)
(0.02475 0.0015 0.06525)
(0.025 0.0015 0.06525)
(0.02525 0.0015 0.06525)
(0.0255 0.0015 0.06525)
(0.02575 0.0015 0.06525)
(0.026 0.0015 0.06525)
(0.02625 0.0015 0.06525)
(0.0265 0.0015 0.06525)
(0.02675 0.0015 0.06525)
(0.027 0.0015 0.06525)
(0.02725 0.0015 0.06525)
(0.0275 0.0015 0.06525)
(0.02775 0.0015 0.06525)
(0.028 0.0015 0.06525)
(0.02825 0.0015 0.06525)
(0.0285 0.0015 0.06525)
(0.02875 0.0015 0.06525)
(0.029 0.0015 0.06525)
(0.02925 0.0015 0.06525)
(0.0295 0.0015 0.06525)
(0.02975 0.0015 0.06525)
(0.03 0.0015 0.06525)
(0.03025 0.0015 0.06525)
(0.0305 0.0015 0.06525)
(0.03075 0.0015 0.06525)
(0.031 0.0015 0.06525)
(0.03125 0.0015 0.06525)
(0.0315 0.0015 0.06525)
(0.03175 0.0015 0.06525)
(0.032 0.0015 0.06525)
(0.03225 0.0015 0.06525)
(0.0325 0.0015 0.06525)
(0.03275 0.0015 0.06525)
(0.033 0.0015 0.06525)
(0.03325 0.0015 0.06525)
(0.0335 0.0015 0.06525)
(0.03375 0.0015 0.06525)
(0.034 0.0015 0.06525)
(0.03425 0.0015 0.06525)
(0.0345 0.0015 0.06525)
(0.03475 0.0015 0.06525)
(0.035 0.0015 0.06525)
(0 0.00175 0.06525)
(0.00025 0.00175 0.06525)
(0.0005 0.00175 0.06525)
(0.00075 0.00175 0.06525)
(0.001 0.00175 0.06525)
(0.00125 0.00175 0.06525)
(0.0015 0.00175 0.06525)
(0.00175 0.00175 0.06525)
(0.002 0.00175 0.06525)
(0.00225 0.00175 0.06525)
(0.0025 0.00175 0.06525)
(0.00275 0.00175 0.06525)
(0.003 0.00175 0.06525)
(0.00325 0.00175 0.06525)
(0.0035 0.00175 0.06525)
(0.00375 0.00175 0.06525)
(0.004 0.00175 0.06525)
(0.00425 0.00175 0.06525)
(0.0045 0.00175 0.06525)
(0.00475 0.00175 0.06525)
(0.005 0.00175 0.06525)
(0.00525 0.00175 0.06525)
(0.0055 0.00175 0.06525)
(0.00575 0.00175 0.06525)
(0.006 0.00175 0.06525)
(0.00625 0.00175 0.06525)
(0.0065 0.00175 0.06525)
(0.00675 0.00175 0.06525)
(0.007 0.00175 0.06525)
(0.00725 0.00175 0.06525)
(0.0075 0.00175 0.06525)
(0.00775 0.00175 0.06525)
(0.008 0.00175 0.06525)
(0.00825 0.00175 0.06525)
(0.0085 0.00175 0.06525)
(0.00875 0.00175 0.06525)
(0.009 0.00175 0.06525)
(0.00925 0.00175 0.06525)
(0.0095 0.00175 0.06525)
(0.00975 0.00175 0.06525)
(0.01 0.00175 0.06525)
(0.01025 0.00175 0.06525)
(0.0105 0.00175 0.06525)
(0.01075 0.00175 0.06525)
(0.011 0.00175 0.06525)
(0.01125 0.00175 0.06525)
(0.0115 0.00175 0.06525)
(0.01175 0.00175 0.06525)
(0.012 0.00175 0.06525)
(0.01225 0.00175 0.06525)
(0.0125 0.00175 0.06525)
(0.01275 0.00175 0.06525)
(0.013 0.00175 0.06525)
(0.01325 0.00175 0.06525)
(0.0135 0.00175 0.06525)
(0.01375 0.00175 0.06525)
(0.014 0.00175 0.06525)
(0.01425 0.00175 0.06525)
(0.0145 0.00175 0.06525)
(0.01475 0.00175 0.06525)
(0.015 0.00175 0.06525)
(0.01525 0.00175 0.06525)
(0.0155 0.00175 0.06525)
(0.01575 0.00175 0.06525)
(0.016 0.00175 0.06525)
(0.01625 0.00175 0.06525)
(0.0165 0.00175 0.06525)
(0.01675 0.00175 0.06525)
(0.017 0.00175 0.06525)
(0.01725 0.00175 0.06525)
(0.0175 0.00175 0.06525)
(0.01775 0.00175 0.06525)
(0.018 0.00175 0.06525)
(0.01825 0.00175 0.06525)
(0.0185 0.00175 0.06525)
(0.01875 0.00175 0.06525)
(0.019 0.00175 0.06525)
(0.01925 0.00175 0.06525)
(0.0195 0.00175 0.06525)
(0.01975 0.00175 0.06525)
(0.02 0.00175 0.06525)
(0.02025 0.00175 0.06525)
(0.0205 0.00175 0.06525)
(0.02075 0.00175 0.06525)
(0.021 0.00175 0.06525)
(0.02125 0.00175 0.06525)
(0.0215 0.00175 0.06525)
(0.02175 0.00175 0.06525)
(0.022 0.00175 0.06525)
(0.02225 0.00175 0.06525)
(0.0225 0.00175 0.06525)
(0.02275 0.00175 0.06525)
(0.023 0.00175 0.06525)
(0.02325 0.00175 0.06525)
(0.0235 0.00175 0.06525)
(0.02375 0.00175 0.06525)
(0.024 0.00175 0.06525)
(0.02425 0.00175 0.06525)
(0.0245 0.00175 0.06525)
(0.02475 0.00175 0.06525)
(0.025 0.00175 0.06525)
(0.02525 0.00175 0.06525)
(0.0255 0.00175 0.06525)
(0.02575 0.00175 0.06525)
(0.026 0.00175 0.06525)
(0.02625 0.00175 0.06525)
(0.0265 0.00175 0.06525)
(0.02675 0.00175 0.06525)
(0.027 0.00175 0.06525)
(0.02725 0.00175 0.06525)
(0.0275 0.00175 0.06525)
(0.02775 0.00175 0.06525)
(0.028 0.00175 0.06525)
(0.02825 0.00175 0.06525)
(0.0285 0.00175 0.06525)
(0.02875 0.00175 0.06525)
(0.029 0.00175 0.06525)
(0.02925 0.00175 0.06525)
(0.0295 0.00175 0.06525)
(0.02975 0.00175 0.06525)
(0.03 0.00175 0.06525)
(0.03025 0.00175 0.06525)
(0.0305 0.00175 0.06525)
(0.03075 0.00175 0.06525)
(0.031 0.00175 0.06525)
(0.03125 0.00175 0.06525)
(0.0315 0.00175 0.06525)
(0.03175 0.00175 0.06525)
(0.032 0.00175 0.06525)
(0.03225 0.00175 0.06525)
(0.0325 0.00175 0.06525)
(0.03275 0.00175 0.06525)
(0.033 0.00175 0.06525)
(0.03325 0.00175 0.06525)
(0.0335 0.00175 0.06525)
(0.03375 0.00175 0.06525)
(0.034 0.00175 0.06525)
(0.03425 0.00175 0.06525)
(0.0345 0.00175 0.06525)
(0.03475 0.00175 0.06525)
(0.035 0.00175 0.06525)
(0 0.002 0.06525)
(0.00025 0.002 0.06525)
(0.0005 0.002 0.06525)
(0.00075 0.002 0.06525)
(0.001 0.002 0.06525)
(0.00125 0.002 0.06525)
(0.0015 0.002 0.06525)
(0.00175 0.002 0.06525)
(0.002 0.002 0.06525)
(0.00225 0.002 0.06525)
(0.0025 0.002 0.06525)
(0.00275 0.002 0.06525)
(0.003 0.002 0.06525)
(0.00325 0.002 0.06525)
(0.0035 0.002 0.06525)
(0.00375 0.002 0.06525)
(0.004 0.002 0.06525)
(0.00425 0.002 0.06525)
(0.0045 0.002 0.06525)
(0.00475 0.002 0.06525)
(0.005 0.002 0.06525)
(0.00525 0.002 0.06525)
(0.0055 0.002 0.06525)
(0.00575 0.002 0.06525)
(0.006 0.002 0.06525)
(0.00625 0.002 0.06525)
(0.0065 0.002 0.06525)
(0.00675 0.002 0.06525)
(0.007 0.002 0.06525)
(0.00725 0.002 0.06525)
(0.0075 0.002 0.06525)
(0.00775 0.002 0.06525)
(0.008 0.002 0.06525)
(0.00825 0.002 0.06525)
(0.0085 0.002 0.06525)
(0.00875 0.002 0.06525)
(0.009 0.002 0.06525)
(0.00925 0.002 0.06525)
(0.0095 0.002 0.06525)
(0.00975 0.002 0.06525)
(0.01 0.002 0.06525)
(0.01025 0.002 0.06525)
(0.0105 0.002 0.06525)
(0.01075 0.002 0.06525)
(0.011 0.002 0.06525)
(0.01125 0.002 0.06525)
(0.0115 0.002 0.06525)
(0.01175 0.002 0.06525)
(0.012 0.002 0.06525)
(0.01225 0.002 0.06525)
(0.0125 0.002 0.06525)
(0.01275 0.002 0.06525)
(0.013 0.002 0.06525)
(0.01325 0.002 0.06525)
(0.0135 0.002 0.06525)
(0.01375 0.002 0.06525)
(0.014 0.002 0.06525)
(0.01425 0.002 0.06525)
(0.0145 0.002 0.06525)
(0.01475 0.002 0.06525)
(0.015 0.002 0.06525)
(0.01525 0.002 0.06525)
(0.0155 0.002 0.06525)
(0.01575 0.002 0.06525)
(0.016 0.002 0.06525)
(0.01625 0.002 0.06525)
(0.0165 0.002 0.06525)
(0.01675 0.002 0.06525)
(0.017 0.002 0.06525)
(0.01725 0.002 0.06525)
(0.0175 0.002 0.06525)
(0.01775 0.002 0.06525)
(0.018 0.002 0.06525)
(0.01825 0.002 0.06525)
(0.0185 0.002 0.06525)
(0.01875 0.002 0.06525)
(0.019 0.002 0.06525)
(0.01925 0.002 0.06525)
(0.0195 0.002 0.06525)
(0.01975 0.002 0.06525)
(0.02 0.002 0.06525)
(0.02025 0.002 0.06525)
(0.0205 0.002 0.06525)
(0.02075 0.002 0.06525)
(0.021 0.002 0.06525)
(0.02125 0.002 0.06525)
(0.0215 0.002 0.06525)
(0.02175 0.002 0.06525)
(0.022 0.002 0.06525)
(0.02225 0.002 0.06525)
(0.0225 0.002 0.06525)
(0.02275 0.002 0.06525)
(0.023 0.002 0.06525)
(0.02325 0.002 0.06525)
(0.0235 0.002 0.06525)
(0.02375 0.002 0.06525)
(0.024 0.002 0.06525)
(0.02425 0.002 0.06525)
(0.0245 0.002 0.06525)
(0.02475 0.002 0.06525)
(0.025 0.002 0.06525)
(0.02525 0.002 0.06525)
(0.0255 0.002 0.06525)
(0.02575 0.002 0.06525)
(0.026 0.002 0.06525)
(0.02625 0.002 0.06525)
(0.0265 0.002 0.06525)
(0.02675 0.002 0.06525)
(0.027 0.002 0.06525)
(0.02725 0.002 0.06525)
(0.0275 0.002 0.06525)
(0.02775 0.002 0.06525)
(0.028 0.002 0.06525)
(0.02825 0.002 0.06525)
(0.0285 0.002 0.06525)
(0.02875 0.002 0.06525)
(0.029 0.002 0.06525)
(0.02925 0.002 0.06525)
(0.0295 0.002 0.06525)
(0.02975 0.002 0.06525)
(0.03 0.002 0.06525)
(0.03025 0.002 0.06525)
(0.0305 0.002 0.06525)
(0.03075 0.002 0.06525)
(0.031 0.002 0.06525)
(0.03125 0.002 0.06525)
(0.0315 0.002 0.06525)
(0.03175 0.002 0.06525)
(0.032 0.002 0.06525)
(0.03225 0.002 0.06525)
(0.0325 0.002 0.06525)
(0.03275 0.002 0.06525)
(0.033 0.002 0.06525)
(0.03325 0.002 0.06525)
(0.0335 0.002 0.06525)
(0.03375 0.002 0.06525)
(0.034 0.002 0.06525)
(0.03425 0.002 0.06525)
(0.0345 0.002 0.06525)
(0.03475 0.002 0.06525)
(0.035 0.002 0.06525)
(0 0.00225 0.06525)
(0.00025 0.00225 0.06525)
(0.0005 0.00225 0.06525)
(0.00075 0.00225 0.06525)
(0.001 0.00225 0.06525)
(0.00125 0.00225 0.06525)
(0.0015 0.00225 0.06525)
(0.00175 0.00225 0.06525)
(0.002 0.00225 0.06525)
(0.00225 0.00225 0.06525)
(0.0025 0.00225 0.06525)
(0.00275 0.00225 0.06525)
(0.003 0.00225 0.06525)
(0.00325 0.00225 0.06525)
(0.0035 0.00225 0.06525)
(0.00375 0.00225 0.06525)
(0.004 0.00225 0.06525)
(0.00425 0.00225 0.06525)
(0.0045 0.00225 0.06525)
(0.00475 0.00225 0.06525)
(0.005 0.00225 0.06525)
(0.00525 0.00225 0.06525)
(0.0055 0.00225 0.06525)
(0.00575 0.00225 0.06525)
(0.006 0.00225 0.06525)
(0.00625 0.00225 0.06525)
(0.0065 0.00225 0.06525)
(0.00675 0.00225 0.06525)
(0.007 0.00225 0.06525)
(0.00725 0.00225 0.06525)
(0.0075 0.00225 0.06525)
(0.00775 0.00225 0.06525)
(0.008 0.00225 0.06525)
(0.00825 0.00225 0.06525)
(0.0085 0.00225 0.06525)
(0.00875 0.00225 0.06525)
(0.009 0.00225 0.06525)
(0.00925 0.00225 0.06525)
(0.0095 0.00225 0.06525)
(0.00975 0.00225 0.06525)
(0.01 0.00225 0.06525)
(0.01025 0.00225 0.06525)
(0.0105 0.00225 0.06525)
(0.01075 0.00225 0.06525)
(0.011 0.00225 0.06525)
(0.01125 0.00225 0.06525)
(0.0115 0.00225 0.06525)
(0.01175 0.00225 0.06525)
(0.012 0.00225 0.06525)
(0.01225 0.00225 0.06525)
(0.0125 0.00225 0.06525)
(0.01275 0.00225 0.06525)
(0.013 0.00225 0.06525)
(0.01325 0.00225 0.06525)
(0.0135 0.00225 0.06525)
(0.01375 0.00225 0.06525)
(0.014 0.00225 0.06525)
(0.01425 0.00225 0.06525)
(0.0145 0.00225 0.06525)
(0.01475 0.00225 0.06525)
(0.015 0.00225 0.06525)
(0.01525 0.00225 0.06525)
(0.0155 0.00225 0.06525)
(0.01575 0.00225 0.06525)
(0.016 0.00225 0.06525)
(0.01625 0.00225 0.06525)
(0.0165 0.00225 0.06525)
(0.01675 0.00225 0.06525)
(0.017 0.00225 0.06525)
(0.01725 0.00225 0.06525)
(0.0175 0.00225 0.06525)
(0.01775 0.00225 0.06525)
(0.018 0.00225 0.06525)
(0.01825 0.00225 0.06525)
(0.0185 0.00225 0.06525)
(0.01875 0.00225 0.06525)
(0.019 0.00225 0.06525)
(0.01925 0.00225 0.06525)
(0.0195 0.00225 0.06525)
(0.01975 0.00225 0.06525)
(0.02 0.00225 0.06525)
(0.02025 0.00225 0.06525)
(0.0205 0.00225 0.06525)
(0.02075 0.00225 0.06525)
(0.021 0.00225 0.06525)
(0.02125 0.00225 0.06525)
(0.0215 0.00225 0.06525)
(0.02175 0.00225 0.06525)
(0.022 0.00225 0.06525)
(0.02225 0.00225 0.06525)
(0.0225 0.00225 0.06525)
(0.02275 0.00225 0.06525)
(0.023 0.00225 0.06525)
(0.02325 0.00225 0.06525)
(0.0235 0.00225 0.06525)
(0.02375 0.00225 0.06525)
(0.024 0.00225 0.06525)
(0.02425 0.00225 0.06525)
(0.0245 0.00225 0.06525)
(0.02475 0.00225 0.06525)
(0.025 0.00225 0.06525)
(0.02525 0.00225 0.06525)
(0.0255 0.00225 0.06525)
(0.02575 0.00225 0.06525)
(0.026 0.00225 0.06525)
(0.02625 0.00225 0.06525)
(0.0265 0.00225 0.06525)
(0.02675 0.00225 0.06525)
(0.027 0.00225 0.06525)
(0.02725 0.00225 0.06525)
(0.0275 0.00225 0.06525)
(0.02775 0.00225 0.06525)
(0.028 0.00225 0.06525)
(0.02825 0.00225 0.06525)
(0.0285 0.00225 0.06525)
(0.02875 0.00225 0.06525)
(0.029 0.00225 0.06525)
(0.02925 0.00225 0.06525)
(0.0295 0.00225 0.06525)
(0.02975 0.00225 0.06525)
(0.03 0.00225 0.06525)
(0.03025 0.00225 0.06525)
(0.0305 0.00225 0.06525)
(0.03075 0.00225 0.06525)
(0.031 0.00225 0.06525)
(0.03125 0.00225 0.06525)
(0.0315 0.00225 0.06525)
(0.03175 0.00225 0.06525)
(0.032 0.00225 0.06525)
(0.03225 0.00225 0.06525)
(0.0325 0.00225 0.06525)
(0.03275 0.00225 0.06525)
(0.033 0.00225 0.06525)
(0.03325 0.00225 0.06525)
(0.0335 0.00225 0.06525)
(0.03375 0.00225 0.06525)
(0.034 0.00225 0.06525)
(0.03425 0.00225 0.06525)
(0.0345 0.00225 0.06525)
(0.03475 0.00225 0.06525)
(0.035 0.00225 0.06525)
(0 0.0025 0.06525)
(0.00025 0.0025 0.06525)
(0.0005 0.0025 0.06525)
(0.00075 0.0025 0.06525)
(0.001 0.0025 0.06525)
(0.00125 0.0025 0.06525)
(0.0015 0.0025 0.06525)
(0.00175 0.0025 0.06525)
(0.002 0.0025 0.06525)
(0.00225 0.0025 0.06525)
(0.0025 0.0025 0.06525)
(0.00275 0.0025 0.06525)
(0.003 0.0025 0.06525)
(0.00325 0.0025 0.06525)
(0.0035 0.0025 0.06525)
(0.00375 0.0025 0.06525)
(0.004 0.0025 0.06525)
(0.00425 0.0025 0.06525)
(0.0045 0.0025 0.06525)
(0.00475 0.0025 0.06525)
(0.005 0.0025 0.06525)
(0.00525 0.0025 0.06525)
(0.0055 0.0025 0.06525)
(0.00575 0.0025 0.06525)
(0.006 0.0025 0.06525)
(0.00625 0.0025 0.06525)
(0.0065 0.0025 0.06525)
(0.00675 0.0025 0.06525)
(0.007 0.0025 0.06525)
(0.00725 0.0025 0.06525)
(0.0075 0.0025 0.06525)
(0.00775 0.0025 0.06525)
(0.008 0.0025 0.06525)
(0.00825 0.0025 0.06525)
(0.0085 0.0025 0.06525)
(0.00875 0.0025 0.06525)
(0.009 0.0025 0.06525)
(0.00925 0.0025 0.06525)
(0.0095 0.0025 0.06525)
(0.00975 0.0025 0.06525)
(0.01 0.0025 0.06525)
(0.01025 0.0025 0.06525)
(0.0105 0.0025 0.06525)
(0.01075 0.0025 0.06525)
(0.011 0.0025 0.06525)
(0.01125 0.0025 0.06525)
(0.0115 0.0025 0.06525)
(0.01175 0.0025 0.06525)
(0.012 0.0025 0.06525)
(0.01225 0.0025 0.06525)
(0.0125 0.0025 0.06525)
(0.01275 0.0025 0.06525)
(0.013 0.0025 0.06525)
(0.01325 0.0025 0.06525)
(0.0135 0.0025 0.06525)
(0.01375 0.0025 0.06525)
(0.014 0.0025 0.06525)
(0.01425 0.0025 0.06525)
(0.0145 0.0025 0.06525)
(0.01475 0.0025 0.06525)
(0.015 0.0025 0.06525)
(0.01525 0.0025 0.06525)
(0.0155 0.0025 0.06525)
(0.01575 0.0025 0.06525)
(0.016 0.0025 0.06525)
(0.01625 0.0025 0.06525)
(0.0165 0.0025 0.06525)
(0.01675 0.0025 0.06525)
(0.017 0.0025 0.06525)
(0.01725 0.0025 0.06525)
(0.0175 0.0025 0.06525)
(0.01775 0.0025 0.06525)
(0.018 0.0025 0.06525)
(0.01825 0.0025 0.06525)
(0.0185 0.0025 0.06525)
(0.01875 0.0025 0.06525)
(0.019 0.0025 0.06525)
(0.01925 0.0025 0.06525)
(0.0195 0.0025 0.06525)
(0.01975 0.0025 0.06525)
(0.02 0.0025 0.06525)
(0.02025 0.0025 0.06525)
(0.0205 0.0025 0.06525)
(0.02075 0.0025 0.06525)
(0.021 0.0025 0.06525)
(0.02125 0.0025 0.06525)
(0.0215 0.0025 0.06525)
(0.02175 0.0025 0.06525)
(0.022 0.0025 0.06525)
(0.02225 0.0025 0.06525)
(0.0225 0.0025 0.06525)
(0.02275 0.0025 0.06525)
(0.023 0.0025 0.06525)
(0.02325 0.0025 0.06525)
(0.0235 0.0025 0.06525)
(0.02375 0.0025 0.06525)
(0.024 0.0025 0.06525)
(0.02425 0.0025 0.06525)
(0.0245 0.0025 0.06525)
(0.02475 0.0025 0.06525)
(0.025 0.0025 0.06525)
(0.02525 0.0025 0.06525)
(0.0255 0.0025 0.06525)
(0.02575 0.0025 0.06525)
(0.026 0.0025 0.06525)
(0.02625 0.0025 0.06525)
(0.0265 0.0025 0.06525)
(0.02675 0.0025 0.06525)
(0.027 0.0025 0.06525)
(0.02725 0.0025 0.06525)
(0.0275 0.0025 0.06525)
(0.02775 0.0025 0.06525)
(0.028 0.0025 0.06525)
(0.02825 0.0025 0.06525)
(0.0285 0.0025 0.06525)
(0.02875 0.0025 0.06525)
(0.029 0.0025 0.06525)
(0.02925 0.0025 0.06525)
(0.0295 0.0025 0.06525)
(0.02975 0.0025 0.06525)
(0.03 0.0025 0.06525)
(0.03025 0.0025 0.06525)
(0.0305 0.0025 0.06525)
(0.03075 0.0025 0.06525)
(0.031 0.0025 0.06525)
(0.03125 0.0025 0.06525)
(0.0315 0.0025 0.06525)
(0.03175 0.0025 0.06525)
(0.032 0.0025 0.06525)
(0.03225 0.0025 0.06525)
(0.0325 0.0025 0.06525)
(0.03275 0.0025 0.06525)
(0.033 0.0025 0.06525)
(0.03325 0.0025 0.06525)
(0.0335 0.0025 0.06525)
(0.03375 0.0025 0.06525)
(0.034 0.0025 0.06525)
(0.03425 0.0025 0.06525)
(0.0345 0.0025 0.06525)
(0.03475 0.0025 0.06525)
(0.035 0.0025 0.06525)
(0 0 0.0655)
(0.00025 0 0.0655)
(0.0005 0 0.0655)
(0.00075 0 0.0655)
(0.001 0 0.0655)
(0.00125 0 0.0655)
(0.0015 0 0.0655)
(0.00175 0 0.0655)
(0.002 0 0.0655)
(0.00225 0 0.0655)
(0.0025 0 0.0655)
(0.00275 0 0.0655)
(0.003 0 0.0655)
(0.00325 0 0.0655)
(0.0035 0 0.0655)
(0.00375 0 0.0655)
(0.004 0 0.0655)
(0.00425 0 0.0655)
(0.0045 0 0.0655)
(0.00475 0 0.0655)
(0.005 0 0.0655)
(0.00525 0 0.0655)
(0.0055 0 0.0655)
(0.00575 0 0.0655)
(0.006 0 0.0655)
(0.00625 0 0.0655)
(0.0065 0 0.0655)
(0.00675 0 0.0655)
(0.007 0 0.0655)
(0.00725 0 0.0655)
(0.0075 0 0.0655)
(0.00775 0 0.0655)
(0.008 0 0.0655)
(0.00825 0 0.0655)
(0.0085 0 0.0655)
(0.00875 0 0.0655)
(0.009 0 0.0655)
(0.00925 0 0.0655)
(0.0095 0 0.0655)
(0.00975 0 0.0655)
(0.01 0 0.0655)
(0.01025 0 0.0655)
(0.0105 0 0.0655)
(0.01075 0 0.0655)
(0.011 0 0.0655)
(0.01125 0 0.0655)
(0.0115 0 0.0655)
(0.01175 0 0.0655)
(0.012 0 0.0655)
(0.01225 0 0.0655)
(0.0125 0 0.0655)
(0.01275 0 0.0655)
(0.013 0 0.0655)
(0.01325 0 0.0655)
(0.0135 0 0.0655)
(0.01375 0 0.0655)
(0.014 0 0.0655)
(0.01425 0 0.0655)
(0.0145 0 0.0655)
(0.01475 0 0.0655)
(0.015 0 0.0655)
(0.01525 0 0.0655)
(0.0155 0 0.0655)
(0.01575 0 0.0655)
(0.016 0 0.0655)
(0.01625 0 0.0655)
(0.0165 0 0.0655)
(0.01675 0 0.0655)
(0.017 0 0.0655)
(0.01725 0 0.0655)
(0.0175 0 0.0655)
(0.01775 0 0.0655)
(0.018 0 0.0655)
(0.01825 0 0.0655)
(0.0185 0 0.0655)
(0.01875 0 0.0655)
(0.019 0 0.0655)
(0.01925 0 0.0655)
(0.0195 0 0.0655)
(0.01975 0 0.0655)
(0.02 0 0.0655)
(0.02025 0 0.0655)
(0.0205 0 0.0655)
(0.02075 0 0.0655)
(0.021 0 0.0655)
(0.02125 0 0.0655)
(0.0215 0 0.0655)
(0.02175 0 0.0655)
(0.022 0 0.0655)
(0.02225 0 0.0655)
(0.0225 0 0.0655)
(0.02275 0 0.0655)
(0.023 0 0.0655)
(0.02325 0 0.0655)
(0.0235 0 0.0655)
(0.02375 0 0.0655)
(0.024 0 0.0655)
(0.02425 0 0.0655)
(0.0245 0 0.0655)
(0.02475 0 0.0655)
(0.025 0 0.0655)
(0.02525 0 0.0655)
(0.0255 0 0.0655)
(0.02575 0 0.0655)
(0.026 0 0.0655)
(0.02625 0 0.0655)
(0.0265 0 0.0655)
(0.02675 0 0.0655)
(0.027 0 0.0655)
(0.02725 0 0.0655)
(0.0275 0 0.0655)
(0.02775 0 0.0655)
(0.028 0 0.0655)
(0.02825 0 0.0655)
(0.0285 0 0.0655)
(0.02875 0 0.0655)
(0.029 0 0.0655)
(0.02925 0 0.0655)
(0.0295 0 0.0655)
(0.02975 0 0.0655)
(0.03 0 0.0655)
(0.03025 0 0.0655)
(0.0305 0 0.0655)
(0.03075 0 0.0655)
(0.031 0 0.0655)
(0.03125 0 0.0655)
(0.0315 0 0.0655)
(0.03175 0 0.0655)
(0.032 0 0.0655)
(0.03225 0 0.0655)
(0.0325 0 0.0655)
(0.03275 0 0.0655)
(0.033 0 0.0655)
(0.03325 0 0.0655)
(0.0335 0 0.0655)
(0.03375 0 0.0655)
(0.034 0 0.0655)
(0.03425 0 0.0655)
(0.0345 0 0.0655)
(0.03475 0 0.0655)
(0.035 0 0.0655)
(0 0.00025 0.0655)
(0.00025 0.00025 0.0655)
(0.0005 0.00025 0.0655)
(0.00075 0.00025 0.0655)
(0.001 0.00025 0.0655)
(0.00125 0.00025 0.0655)
(0.0015 0.00025 0.0655)
(0.00175 0.00025 0.0655)
(0.002 0.00025 0.0655)
(0.00225 0.00025 0.0655)
(0.0025 0.00025 0.0655)
(0.00275 0.00025 0.0655)
(0.003 0.00025 0.0655)
(0.00325 0.00025 0.0655)
(0.0035 0.00025 0.0655)
(0.00375 0.00025 0.0655)
(0.004 0.00025 0.0655)
(0.00425 0.00025 0.0655)
(0.0045 0.00025 0.0655)
(0.00475 0.00025 0.0655)
(0.005 0.00025 0.0655)
(0.00525 0.00025 0.0655)
(0.0055 0.00025 0.0655)
(0.00575 0.00025 0.0655)
(0.006 0.00025 0.0655)
(0.00625 0.00025 0.0655)
(0.0065 0.00025 0.0655)
(0.00675 0.00025 0.0655)
(0.007 0.00025 0.0655)
(0.00725 0.00025 0.0655)
(0.0075 0.00025 0.0655)
(0.00775 0.00025 0.0655)
(0.008 0.00025 0.0655)
(0.00825 0.00025 0.0655)
(0.0085 0.00025 0.0655)
(0.00875 0.00025 0.0655)
(0.009 0.00025 0.0655)
(0.00925 0.00025 0.0655)
(0.0095 0.00025 0.0655)
(0.00975 0.00025 0.0655)
(0.01 0.00025 0.0655)
(0.01025 0.00025 0.0655)
(0.0105 0.00025 0.0655)
(0.01075 0.00025 0.0655)
(0.011 0.00025 0.0655)
(0.01125 0.00025 0.0655)
(0.0115 0.00025 0.0655)
(0.01175 0.00025 0.0655)
(0.012 0.00025 0.0655)
(0.01225 0.00025 0.0655)
(0.0125 0.00025 0.0655)
(0.01275 0.00025 0.0655)
(0.013 0.00025 0.0655)
(0.01325 0.00025 0.0655)
(0.0135 0.00025 0.0655)
(0.01375 0.00025 0.0655)
(0.014 0.00025 0.0655)
(0.01425 0.00025 0.0655)
(0.0145 0.00025 0.0655)
(0.01475 0.00025 0.0655)
(0.015 0.00025 0.0655)
(0.01525 0.00025 0.0655)
(0.0155 0.00025 0.0655)
(0.01575 0.00025 0.0655)
(0.016 0.00025 0.0655)
(0.01625 0.00025 0.0655)
(0.0165 0.00025 0.0655)
(0.01675 0.00025 0.0655)
(0.017 0.00025 0.0655)
(0.01725 0.00025 0.0655)
(0.0175 0.00025 0.0655)
(0.01775 0.00025 0.0655)
(0.018 0.00025 0.0655)
(0.01825 0.00025 0.0655)
(0.0185 0.00025 0.0655)
(0.01875 0.00025 0.0655)
(0.019 0.00025 0.0655)
(0.01925 0.00025 0.0655)
(0.0195 0.00025 0.0655)
(0.01975 0.00025 0.0655)
(0.02 0.00025 0.0655)
(0.02025 0.00025 0.0655)
(0.0205 0.00025 0.0655)
(0.02075 0.00025 0.0655)
(0.021 0.00025 0.0655)
(0.02125 0.00025 0.0655)
(0.0215 0.00025 0.0655)
(0.02175 0.00025 0.0655)
(0.022 0.00025 0.0655)
(0.02225 0.00025 0.0655)
(0.0225 0.00025 0.0655)
(0.02275 0.00025 0.0655)
(0.023 0.00025 0.0655)
(0.02325 0.00025 0.0655)
(0.0235 0.00025 0.0655)
(0.02375 0.00025 0.0655)
(0.024 0.00025 0.0655)
(0.02425 0.00025 0.0655)
(0.0245 0.00025 0.0655)
(0.02475 0.00025 0.0655)
(0.025 0.00025 0.0655)
(0.02525 0.00025 0.0655)
(0.0255 0.00025 0.0655)
(0.02575 0.00025 0.0655)
(0.026 0.00025 0.0655)
(0.02625 0.00025 0.0655)
(0.0265 0.00025 0.0655)
(0.02675 0.00025 0.0655)
(0.027 0.00025 0.0655)
(0.02725 0.00025 0.0655)
(0.0275 0.00025 0.0655)
(0.02775 0.00025 0.0655)
(0.028 0.00025 0.0655)
(0.02825 0.00025 0.0655)
(0.0285 0.00025 0.0655)
(0.02875 0.00025 0.0655)
(0.029 0.00025 0.0655)
(0.02925 0.00025 0.0655)
(0.0295 0.00025 0.0655)
(0.02975 0.00025 0.0655)
(0.03 0.00025 0.0655)
(0.03025 0.00025 0.0655)
(0.0305 0.00025 0.0655)
(0.03075 0.00025 0.0655)
(0.031 0.00025 0.0655)
(0.03125 0.00025 0.0655)
(0.0315 0.00025 0.0655)
(0.03175 0.00025 0.0655)
(0.032 0.00025 0.0655)
(0.03225 0.00025 0.0655)
(0.0325 0.00025 0.0655)
(0.03275 0.00025 0.0655)
(0.033 0.00025 0.0655)
(0.03325 0.00025 0.0655)
(0.0335 0.00025 0.0655)
(0.03375 0.00025 0.0655)
(0.034 0.00025 0.0655)
(0.03425 0.00025 0.0655)
(0.0345 0.00025 0.0655)
(0.03475 0.00025 0.0655)
(0.035 0.00025 0.0655)
(0 0.0005 0.0655)
(0.00025 0.0005 0.0655)
(0.0005 0.0005 0.0655)
(0.00075 0.0005 0.0655)
(0.001 0.0005 0.0655)
(0.00125 0.0005 0.0655)
(0.0015 0.0005 0.0655)
(0.00175 0.0005 0.0655)
(0.002 0.0005 0.0655)
(0.00225 0.0005 0.0655)
(0.0025 0.0005 0.0655)
(0.00275 0.0005 0.0655)
(0.003 0.0005 0.0655)
(0.00325 0.0005 0.0655)
(0.0035 0.0005 0.0655)
(0.00375 0.0005 0.0655)
(0.004 0.0005 0.0655)
(0.00425 0.0005 0.0655)
(0.0045 0.0005 0.0655)
(0.00475 0.0005 0.0655)
(0.005 0.0005 0.0655)
(0.00525 0.0005 0.0655)
(0.0055 0.0005 0.0655)
(0.00575 0.0005 0.0655)
(0.006 0.0005 0.0655)
(0.00625 0.0005 0.0655)
(0.0065 0.0005 0.0655)
(0.00675 0.0005 0.0655)
(0.007 0.0005 0.0655)
(0.00725 0.0005 0.0655)
(0.0075 0.0005 0.0655)
(0.00775 0.0005 0.0655)
(0.008 0.0005 0.0655)
(0.00825 0.0005 0.0655)
(0.0085 0.0005 0.0655)
(0.00875 0.0005 0.0655)
(0.009 0.0005 0.0655)
(0.00925 0.0005 0.0655)
(0.0095 0.0005 0.0655)
(0.00975 0.0005 0.0655)
(0.01 0.0005 0.0655)
(0.01025 0.0005 0.0655)
(0.0105 0.0005 0.0655)
(0.01075 0.0005 0.0655)
(0.011 0.0005 0.0655)
(0.01125 0.0005 0.0655)
(0.0115 0.0005 0.0655)
(0.01175 0.0005 0.0655)
(0.012 0.0005 0.0655)
(0.01225 0.0005 0.0655)
(0.0125 0.0005 0.0655)
(0.01275 0.0005 0.0655)
(0.013 0.0005 0.0655)
(0.01325 0.0005 0.0655)
(0.0135 0.0005 0.0655)
(0.01375 0.0005 0.0655)
(0.014 0.0005 0.0655)
(0.01425 0.0005 0.0655)
(0.0145 0.0005 0.0655)
(0.01475 0.0005 0.0655)
(0.015 0.0005 0.0655)
(0.01525 0.0005 0.0655)
(0.0155 0.0005 0.0655)
(0.01575 0.0005 0.0655)
(0.016 0.0005 0.0655)
(0.01625 0.0005 0.0655)
(0.0165 0.0005 0.0655)
(0.01675 0.0005 0.0655)
(0.017 0.0005 0.0655)
(0.01725 0.0005 0.0655)
(0.0175 0.0005 0.0655)
(0.01775 0.0005 0.0655)
(0.018 0.0005 0.0655)
(0.01825 0.0005 0.0655)
(0.0185 0.0005 0.0655)
(0.01875 0.0005 0.0655)
(0.019 0.0005 0.0655)
(0.01925 0.0005 0.0655)
(0.0195 0.0005 0.0655)
(0.01975 0.0005 0.0655)
(0.02 0.0005 0.0655)
(0.02025 0.0005 0.0655)
(0.0205 0.0005 0.0655)
(0.02075 0.0005 0.0655)
(0.021 0.0005 0.0655)
(0.02125 0.0005 0.0655)
(0.0215 0.0005 0.0655)
(0.02175 0.0005 0.0655)
(0.022 0.0005 0.0655)
(0.02225 0.0005 0.0655)
(0.0225 0.0005 0.0655)
(0.02275 0.0005 0.0655)
(0.023 0.0005 0.0655)
(0.02325 0.0005 0.0655)
(0.0235 0.0005 0.0655)
(0.02375 0.0005 0.0655)
(0.024 0.0005 0.0655)
(0.02425 0.0005 0.0655)
(0.0245 0.0005 0.0655)
(0.02475 0.0005 0.0655)
(0.025 0.0005 0.0655)
(0.02525 0.0005 0.0655)
(0.0255 0.0005 0.0655)
(0.02575 0.0005 0.0655)
(0.026 0.0005 0.0655)
(0.02625 0.0005 0.0655)
(0.0265 0.0005 0.0655)
(0.02675 0.0005 0.0655)
(0.027 0.0005 0.0655)
(0.02725 0.0005 0.0655)
(0.0275 0.0005 0.0655)
(0.02775 0.0005 0.0655)
(0.028 0.0005 0.0655)
(0.02825 0.0005 0.0655)
(0.0285 0.0005 0.0655)
(0.02875 0.0005 0.0655)
(0.029 0.0005 0.0655)
(0.02925 0.0005 0.0655)
(0.0295 0.0005 0.0655)
(0.02975 0.0005 0.0655)
(0.03 0.0005 0.0655)
(0.03025 0.0005 0.0655)
(0.0305 0.0005 0.0655)
(0.03075 0.0005 0.0655)
(0.031 0.0005 0.0655)
(0.03125 0.0005 0.0655)
(0.0315 0.0005 0.0655)
(0.03175 0.0005 0.0655)
(0.032 0.0005 0.0655)
(0.03225 0.0005 0.0655)
(0.0325 0.0005 0.0655)
(0.03275 0.0005 0.0655)
(0.033 0.0005 0.0655)
(0.03325 0.0005 0.0655)
(0.0335 0.0005 0.0655)
(0.03375 0.0005 0.0655)
(0.034 0.0005 0.0655)
(0.03425 0.0005 0.0655)
(0.0345 0.0005 0.0655)
(0.03475 0.0005 0.0655)
(0.035 0.0005 0.0655)
(0 0.00075 0.0655)
(0.00025 0.00075 0.0655)
(0.0005 0.00075 0.0655)
(0.00075 0.00075 0.0655)
(0.001 0.00075 0.0655)
(0.00125 0.00075 0.0655)
(0.0015 0.00075 0.0655)
(0.00175 0.00075 0.0655)
(0.002 0.00075 0.0655)
(0.00225 0.00075 0.0655)
(0.0025 0.00075 0.0655)
(0.00275 0.00075 0.0655)
(0.003 0.00075 0.0655)
(0.00325 0.00075 0.0655)
(0.0035 0.00075 0.0655)
(0.00375 0.00075 0.0655)
(0.004 0.00075 0.0655)
(0.00425 0.00075 0.0655)
(0.0045 0.00075 0.0655)
(0.00475 0.00075 0.0655)
(0.005 0.00075 0.0655)
(0.00525 0.00075 0.0655)
(0.0055 0.00075 0.0655)
(0.00575 0.00075 0.0655)
(0.006 0.00075 0.0655)
(0.00625 0.00075 0.0655)
(0.0065 0.00075 0.0655)
(0.00675 0.00075 0.0655)
(0.007 0.00075 0.0655)
(0.00725 0.00075 0.0655)
(0.0075 0.00075 0.0655)
(0.00775 0.00075 0.0655)
(0.008 0.00075 0.0655)
(0.00825 0.00075 0.0655)
(0.0085 0.00075 0.0655)
(0.00875 0.00075 0.0655)
(0.009 0.00075 0.0655)
(0.00925 0.00075 0.0655)
(0.0095 0.00075 0.0655)
(0.00975 0.00075 0.0655)
(0.01 0.00075 0.0655)
(0.01025 0.00075 0.0655)
(0.0105 0.00075 0.0655)
(0.01075 0.00075 0.0655)
(0.011 0.00075 0.0655)
(0.01125 0.00075 0.0655)
(0.0115 0.00075 0.0655)
(0.01175 0.00075 0.0655)
(0.012 0.00075 0.0655)
(0.01225 0.00075 0.0655)
(0.0125 0.00075 0.0655)
(0.01275 0.00075 0.0655)
(0.013 0.00075 0.0655)
(0.01325 0.00075 0.0655)
(0.0135 0.00075 0.0655)
(0.01375 0.00075 0.0655)
(0.014 0.00075 0.0655)
(0.01425 0.00075 0.0655)
(0.0145 0.00075 0.0655)
(0.01475 0.00075 0.0655)
(0.015 0.00075 0.0655)
(0.01525 0.00075 0.0655)
(0.0155 0.00075 0.0655)
(0.01575 0.00075 0.0655)
(0.016 0.00075 0.0655)
(0.01625 0.00075 0.0655)
(0.0165 0.00075 0.0655)
(0.01675 0.00075 0.0655)
(0.017 0.00075 0.0655)
(0.01725 0.00075 0.0655)
(0.0175 0.00075 0.0655)
(0.01775 0.00075 0.0655)
(0.018 0.00075 0.0655)
(0.01825 0.00075 0.0655)
(0.0185 0.00075 0.0655)
(0.01875 0.00075 0.0655)
(0.019 0.00075 0.0655)
(0.01925 0.00075 0.0655)
(0.0195 0.00075 0.0655)
(0.01975 0.00075 0.0655)
(0.02 0.00075 0.0655)
(0.02025 0.00075 0.0655)
(0.0205 0.00075 0.0655)
(0.02075 0.00075 0.0655)
(0.021 0.00075 0.0655)
(0.02125 0.00075 0.0655)
(0.0215 0.00075 0.0655)
(0.02175 0.00075 0.0655)
(0.022 0.00075 0.0655)
(0.02225 0.00075 0.0655)
(0.0225 0.00075 0.0655)
(0.02275 0.00075 0.0655)
(0.023 0.00075 0.0655)
(0.02325 0.00075 0.0655)
(0.0235 0.00075 0.0655)
(0.02375 0.00075 0.0655)
(0.024 0.00075 0.0655)
(0.02425 0.00075 0.0655)
(0.0245 0.00075 0.0655)
(0.02475 0.00075 0.0655)
(0.025 0.00075 0.0655)
(0.02525 0.00075 0.0655)
(0.0255 0.00075 0.0655)
(0.02575 0.00075 0.0655)
(0.026 0.00075 0.0655)
(0.02625 0.00075 0.0655)
(0.0265 0.00075 0.0655)
(0.02675 0.00075 0.0655)
(0.027 0.00075 0.0655)
(0.02725 0.00075 0.0655)
(0.0275 0.00075 0.0655)
(0.02775 0.00075 0.0655)
(0.028 0.00075 0.0655)
(0.02825 0.00075 0.0655)
(0.0285 0.00075 0.0655)
(0.02875 0.00075 0.0655)
(0.029 0.00075 0.0655)
(0.02925 0.00075 0.0655)
(0.0295 0.00075 0.0655)
(0.02975 0.00075 0.0655)
(0.03 0.00075 0.0655)
(0.03025 0.00075 0.0655)
(0.0305 0.00075 0.0655)
(0.03075 0.00075 0.0655)
(0.031 0.00075 0.0655)
(0.03125 0.00075 0.0655)
(0.0315 0.00075 0.0655)
(0.03175 0.00075 0.0655)
(0.032 0.00075 0.0655)
(0.03225 0.00075 0.0655)
(0.0325 0.00075 0.0655)
(0.03275 0.00075 0.0655)
(0.033 0.00075 0.0655)
(0.03325 0.00075 0.0655)
(0.0335 0.00075 0.0655)
(0.03375 0.00075 0.0655)
(0.034 0.00075 0.0655)
(0.03425 0.00075 0.0655)
(0.0345 0.00075 0.0655)
(0.03475 0.00075 0.0655)
(0.035 0.00075 0.0655)
(0 0.001 0.0655)
(0.00025 0.001 0.0655)
(0.0005 0.001 0.0655)
(0.00075 0.001 0.0655)
(0.001 0.001 0.0655)
(0.00125 0.001 0.0655)
(0.0015 0.001 0.0655)
(0.00175 0.001 0.0655)
(0.002 0.001 0.0655)
(0.00225 0.001 0.0655)
(0.0025 0.001 0.0655)
(0.00275 0.001 0.0655)
(0.003 0.001 0.0655)
(0.00325 0.001 0.0655)
(0.0035 0.001 0.0655)
(0.00375 0.001 0.0655)
(0.004 0.001 0.0655)
(0.00425 0.001 0.0655)
(0.0045 0.001 0.0655)
(0.00475 0.001 0.0655)
(0.005 0.001 0.0655)
(0.00525 0.001 0.0655)
(0.0055 0.001 0.0655)
(0.00575 0.001 0.0655)
(0.006 0.001 0.0655)
(0.00625 0.001 0.0655)
(0.0065 0.001 0.0655)
(0.00675 0.001 0.0655)
(0.007 0.001 0.0655)
(0.00725 0.001 0.0655)
(0.0075 0.001 0.0655)
(0.00775 0.001 0.0655)
(0.008 0.001 0.0655)
(0.00825 0.001 0.0655)
(0.0085 0.001 0.0655)
(0.00875 0.001 0.0655)
(0.009 0.001 0.0655)
(0.00925 0.001 0.0655)
(0.0095 0.001 0.0655)
(0.00975 0.001 0.0655)
(0.01 0.001 0.0655)
(0.01025 0.001 0.0655)
(0.0105 0.001 0.0655)
(0.01075 0.001 0.0655)
(0.011 0.001 0.0655)
(0.01125 0.001 0.0655)
(0.0115 0.001 0.0655)
(0.01175 0.001 0.0655)
(0.012 0.001 0.0655)
(0.01225 0.001 0.0655)
(0.0125 0.001 0.0655)
(0.01275 0.001 0.0655)
(0.013 0.001 0.0655)
(0.01325 0.001 0.0655)
(0.0135 0.001 0.0655)
(0.01375 0.001 0.0655)
(0.014 0.001 0.0655)
(0.01425 0.001 0.0655)
(0.0145 0.001 0.0655)
(0.01475 0.001 0.0655)
(0.015 0.001 0.0655)
(0.01525 0.001 0.0655)
(0.0155 0.001 0.0655)
(0.01575 0.001 0.0655)
(0.016 0.001 0.0655)
(0.01625 0.001 0.0655)
(0.0165 0.001 0.0655)
(0.01675 0.001 0.0655)
(0.017 0.001 0.0655)
(0.01725 0.001 0.0655)
(0.0175 0.001 0.0655)
(0.01775 0.001 0.0655)
(0.018 0.001 0.0655)
(0.01825 0.001 0.0655)
(0.0185 0.001 0.0655)
(0.01875 0.001 0.0655)
(0.019 0.001 0.0655)
(0.01925 0.001 0.0655)
(0.0195 0.001 0.0655)
(0.01975 0.001 0.0655)
(0.02 0.001 0.0655)
(0.02025 0.001 0.0655)
(0.0205 0.001 0.0655)
(0.02075 0.001 0.0655)
(0.021 0.001 0.0655)
(0.02125 0.001 0.0655)
(0.0215 0.001 0.0655)
(0.02175 0.001 0.0655)
(0.022 0.001 0.0655)
(0.02225 0.001 0.0655)
(0.0225 0.001 0.0655)
(0.02275 0.001 0.0655)
(0.023 0.001 0.0655)
(0.02325 0.001 0.0655)
(0.0235 0.001 0.0655)
(0.02375 0.001 0.0655)
(0.024 0.001 0.0655)
(0.02425 0.001 0.0655)
(0.0245 0.001 0.0655)
(0.02475 0.001 0.0655)
(0.025 0.001 0.0655)
(0.02525 0.001 0.0655)
(0.0255 0.001 0.0655)
(0.02575 0.001 0.0655)
(0.026 0.001 0.0655)
(0.02625 0.001 0.0655)
(0.0265 0.001 0.0655)
(0.02675 0.001 0.0655)
(0.027 0.001 0.0655)
(0.02725 0.001 0.0655)
(0.0275 0.001 0.0655)
(0.02775 0.001 0.0655)
(0.028 0.001 0.0655)
(0.02825 0.001 0.0655)
(0.0285 0.001 0.0655)
(0.02875 0.001 0.0655)
(0.029 0.001 0.0655)
(0.02925 0.001 0.0655)
(0.0295 0.001 0.0655)
(0.02975 0.001 0.0655)
(0.03 0.001 0.0655)
(0.03025 0.001 0.0655)
(0.0305 0.001 0.0655)
(0.03075 0.001 0.0655)
(0.031 0.001 0.0655)
(0.03125 0.001 0.0655)
(0.0315 0.001 0.0655)
(0.03175 0.001 0.0655)
(0.032 0.001 0.0655)
(0.03225 0.001 0.0655)
(0.0325 0.001 0.0655)
(0.03275 0.001 0.0655)
(0.033 0.001 0.0655)
(0.03325 0.001 0.0655)
(0.0335 0.001 0.0655)
(0.03375 0.001 0.0655)
(0.034 0.001 0.0655)
(0.03425 0.001 0.0655)
(0.0345 0.001 0.0655)
(0.03475 0.001 0.0655)
(0.035 0.001 0.0655)
(0 0.00125 0.0655)
(0.00025 0.00125 0.0655)
(0.0005 0.00125 0.0655)
(0.00075 0.00125 0.0655)
(0.001 0.00125 0.0655)
(0.00125 0.00125 0.0655)
(0.0015 0.00125 0.0655)
(0.00175 0.00125 0.0655)
(0.002 0.00125 0.0655)
(0.00225 0.00125 0.0655)
(0.0025 0.00125 0.0655)
(0.00275 0.00125 0.0655)
(0.003 0.00125 0.0655)
(0.00325 0.00125 0.0655)
(0.0035 0.00125 0.0655)
(0.00375 0.00125 0.0655)
(0.004 0.00125 0.0655)
(0.00425 0.00125 0.0655)
(0.0045 0.00125 0.0655)
(0.00475 0.00125 0.0655)
(0.005 0.00125 0.0655)
(0.00525 0.00125 0.0655)
(0.0055 0.00125 0.0655)
(0.00575 0.00125 0.0655)
(0.006 0.00125 0.0655)
(0.00625 0.00125 0.0655)
(0.0065 0.00125 0.0655)
(0.00675 0.00125 0.0655)
(0.007 0.00125 0.0655)
(0.00725 0.00125 0.0655)
(0.0075 0.00125 0.0655)
(0.00775 0.00125 0.0655)
(0.008 0.00125 0.0655)
(0.00825 0.00125 0.0655)
(0.0085 0.00125 0.0655)
(0.00875 0.00125 0.0655)
(0.009 0.00125 0.0655)
(0.00925 0.00125 0.0655)
(0.0095 0.00125 0.0655)
(0.00975 0.00125 0.0655)
(0.01 0.00125 0.0655)
(0.01025 0.00125 0.0655)
(0.0105 0.00125 0.0655)
(0.01075 0.00125 0.0655)
(0.011 0.00125 0.0655)
(0.01125 0.00125 0.0655)
(0.0115 0.00125 0.0655)
(0.01175 0.00125 0.0655)
(0.012 0.00125 0.0655)
(0.01225 0.00125 0.0655)
(0.0125 0.00125 0.0655)
(0.01275 0.00125 0.0655)
(0.013 0.00125 0.0655)
(0.01325 0.00125 0.0655)
(0.0135 0.00125 0.0655)
(0.01375 0.00125 0.0655)
(0.014 0.00125 0.0655)
(0.01425 0.00125 0.0655)
(0.0145 0.00125 0.0655)
(0.01475 0.00125 0.0655)
(0.015 0.00125 0.0655)
(0.01525 0.00125 0.0655)
(0.0155 0.00125 0.0655)
(0.01575 0.00125 0.0655)
(0.016 0.00125 0.0655)
(0.01625 0.00125 0.0655)
(0.0165 0.00125 0.0655)
(0.01675 0.00125 0.0655)
(0.017 0.00125 0.0655)
(0.01725 0.00125 0.0655)
(0.0175 0.00125 0.0655)
(0.01775 0.00125 0.0655)
(0.018 0.00125 0.0655)
(0.01825 0.00125 0.0655)
(0.0185 0.00125 0.0655)
(0.01875 0.00125 0.0655)
(0.019 0.00125 0.0655)
(0.01925 0.00125 0.0655)
(0.0195 0.00125 0.0655)
(0.01975 0.00125 0.0655)
(0.02 0.00125 0.0655)
(0.02025 0.00125 0.0655)
(0.0205 0.00125 0.0655)
(0.02075 0.00125 0.0655)
(0.021 0.00125 0.0655)
(0.02125 0.00125 0.0655)
(0.0215 0.00125 0.0655)
(0.02175 0.00125 0.0655)
(0.022 0.00125 0.0655)
(0.02225 0.00125 0.0655)
(0.0225 0.00125 0.0655)
(0.02275 0.00125 0.0655)
(0.023 0.00125 0.0655)
(0.02325 0.00125 0.0655)
(0.0235 0.00125 0.0655)
(0.02375 0.00125 0.0655)
(0.024 0.00125 0.0655)
(0.02425 0.00125 0.0655)
(0.0245 0.00125 0.0655)
(0.02475 0.00125 0.0655)
(0.025 0.00125 0.0655)
(0.02525 0.00125 0.0655)
(0.0255 0.00125 0.0655)
(0.02575 0.00125 0.0655)
(0.026 0.00125 0.0655)
(0.02625 0.00125 0.0655)
(0.0265 0.00125 0.0655)
(0.02675 0.00125 0.0655)
(0.027 0.00125 0.0655)
(0.02725 0.00125 0.0655)
(0.0275 0.00125 0.0655)
(0.02775 0.00125 0.0655)
(0.028 0.00125 0.0655)
(0.02825 0.00125 0.0655)
(0.0285 0.00125 0.0655)
(0.02875 0.00125 0.0655)
(0.029 0.00125 0.0655)
(0.02925 0.00125 0.0655)
(0.0295 0.00125 0.0655)
(0.02975 0.00125 0.0655)
(0.03 0.00125 0.0655)
(0.03025 0.00125 0.0655)
(0.0305 0.00125 0.0655)
(0.03075 0.00125 0.0655)
(0.031 0.00125 0.0655)
(0.03125 0.00125 0.0655)
(0.0315 0.00125 0.0655)
(0.03175 0.00125 0.0655)
(0.032 0.00125 0.0655)
(0.03225 0.00125 0.0655)
(0.0325 0.00125 0.0655)
(0.03275 0.00125 0.0655)
(0.033 0.00125 0.0655)
(0.03325 0.00125 0.0655)
(0.0335 0.00125 0.0655)
(0.03375 0.00125 0.0655)
(0.034 0.00125 0.0655)
(0.03425 0.00125 0.0655)
(0.0345 0.00125 0.0655)
(0.03475 0.00125 0.0655)
(0.035 0.00125 0.0655)
(0 0.0015 0.0655)
(0.00025 0.0015 0.0655)
(0.0005 0.0015 0.0655)
(0.00075 0.0015 0.0655)
(0.001 0.0015 0.0655)
(0.00125 0.0015 0.0655)
(0.0015 0.0015 0.0655)
(0.00175 0.0015 0.0655)
(0.002 0.0015 0.0655)
(0.00225 0.0015 0.0655)
(0.0025 0.0015 0.0655)
(0.00275 0.0015 0.0655)
(0.003 0.0015 0.0655)
(0.00325 0.0015 0.0655)
(0.0035 0.0015 0.0655)
(0.00375 0.0015 0.0655)
(0.004 0.0015 0.0655)
(0.00425 0.0015 0.0655)
(0.0045 0.0015 0.0655)
(0.00475 0.0015 0.0655)
(0.005 0.0015 0.0655)
(0.00525 0.0015 0.0655)
(0.0055 0.0015 0.0655)
(0.00575 0.0015 0.0655)
(0.006 0.0015 0.0655)
(0.00625 0.0015 0.0655)
(0.0065 0.0015 0.0655)
(0.00675 0.0015 0.0655)
(0.007 0.0015 0.0655)
(0.00725 0.0015 0.0655)
(0.0075 0.0015 0.0655)
(0.00775 0.0015 0.0655)
(0.008 0.0015 0.0655)
(0.00825 0.0015 0.0655)
(0.0085 0.0015 0.0655)
(0.00875 0.0015 0.0655)
(0.009 0.0015 0.0655)
(0.00925 0.0015 0.0655)
(0.0095 0.0015 0.0655)
(0.00975 0.0015 0.0655)
(0.01 0.0015 0.0655)
(0.01025 0.0015 0.0655)
(0.0105 0.0015 0.0655)
(0.01075 0.0015 0.0655)
(0.011 0.0015 0.0655)
(0.01125 0.0015 0.0655)
(0.0115 0.0015 0.0655)
(0.01175 0.0015 0.0655)
(0.012 0.0015 0.0655)
(0.01225 0.0015 0.0655)
(0.0125 0.0015 0.0655)
(0.01275 0.0015 0.0655)
(0.013 0.0015 0.0655)
(0.01325 0.0015 0.0655)
(0.0135 0.0015 0.0655)
(0.01375 0.0015 0.0655)
(0.014 0.0015 0.0655)
(0.01425 0.0015 0.0655)
(0.0145 0.0015 0.0655)
(0.01475 0.0015 0.0655)
(0.015 0.0015 0.0655)
(0.01525 0.0015 0.0655)
(0.0155 0.0015 0.0655)
(0.01575 0.0015 0.0655)
(0.016 0.0015 0.0655)
(0.01625 0.0015 0.0655)
(0.0165 0.0015 0.0655)
(0.01675 0.0015 0.0655)
(0.017 0.0015 0.0655)
(0.01725 0.0015 0.0655)
(0.0175 0.0015 0.0655)
(0.01775 0.0015 0.0655)
(0.018 0.0015 0.0655)
(0.01825 0.0015 0.0655)
(0.0185 0.0015 0.0655)
(0.01875 0.0015 0.0655)
(0.019 0.0015 0.0655)
(0.01925 0.0015 0.0655)
(0.0195 0.0015 0.0655)
(0.01975 0.0015 0.0655)
(0.02 0.0015 0.0655)
(0.02025 0.0015 0.0655)
(0.0205 0.0015 0.0655)
(0.02075 0.0015 0.0655)
(0.021 0.0015 0.0655)
(0.02125 0.0015 0.0655)
(0.0215 0.0015 0.0655)
(0.02175 0.0015 0.0655)
(0.022 0.0015 0.0655)
(0.02225 0.0015 0.0655)
(0.0225 0.0015 0.0655)
(0.02275 0.0015 0.0655)
(0.023 0.0015 0.0655)
(0.02325 0.0015 0.0655)
(0.0235 0.0015 0.0655)
(0.02375 0.0015 0.0655)
(0.024 0.0015 0.0655)
(0.02425 0.0015 0.0655)
(0.0245 0.0015 0.0655)
(0.02475 0.0015 0.0655)
(0.025 0.0015 0.0655)
(0.02525 0.0015 0.0655)
(0.0255 0.0015 0.0655)
(0.02575 0.0015 0.0655)
(0.026 0.0015 0.0655)
(0.02625 0.0015 0.0655)
(0.0265 0.0015 0.0655)
(0.02675 0.0015 0.0655)
(0.027 0.0015 0.0655)
(0.02725 0.0015 0.0655)
(0.0275 0.0015 0.0655)
(0.02775 0.0015 0.0655)
(0.028 0.0015 0.0655)
(0.02825 0.0015 0.0655)
(0.0285 0.0015 0.0655)
(0.02875 0.0015 0.0655)
(0.029 0.0015 0.0655)
(0.02925 0.0015 0.0655)
(0.0295 0.0015 0.0655)
(0.02975 0.0015 0.0655)
(0.03 0.0015 0.0655)
(0.03025 0.0015 0.0655)
(0.0305 0.0015 0.0655)
(0.03075 0.0015 0.0655)
(0.031 0.0015 0.0655)
(0.03125 0.0015 0.0655)
(0.0315 0.0015 0.0655)
(0.03175 0.0015 0.0655)
(0.032 0.0015 0.0655)
(0.03225 0.0015 0.0655)
(0.0325 0.0015 0.0655)
(0.03275 0.0015 0.0655)
(0.033 0.0015 0.0655)
(0.03325 0.0015 0.0655)
(0.0335 0.0015 0.0655)
(0.03375 0.0015 0.0655)
(0.034 0.0015 0.0655)
(0.03425 0.0015 0.0655)
(0.0345 0.0015 0.0655)
(0.03475 0.0015 0.0655)
(0.035 0.0015 0.0655)
(0 0.00175 0.0655)
(0.00025 0.00175 0.0655)
(0.0005 0.00175 0.0655)
(0.00075 0.00175 0.0655)
(0.001 0.00175 0.0655)
(0.00125 0.00175 0.0655)
(0.0015 0.00175 0.0655)
(0.00175 0.00175 0.0655)
(0.002 0.00175 0.0655)
(0.00225 0.00175 0.0655)
(0.0025 0.00175 0.0655)
(0.00275 0.00175 0.0655)
(0.003 0.00175 0.0655)
(0.00325 0.00175 0.0655)
(0.0035 0.00175 0.0655)
(0.00375 0.00175 0.0655)
(0.004 0.00175 0.0655)
(0.00425 0.00175 0.0655)
(0.0045 0.00175 0.0655)
(0.00475 0.00175 0.0655)
(0.005 0.00175 0.0655)
(0.00525 0.00175 0.0655)
(0.0055 0.00175 0.0655)
(0.00575 0.00175 0.0655)
(0.006 0.00175 0.0655)
(0.00625 0.00175 0.0655)
(0.0065 0.00175 0.0655)
(0.00675 0.00175 0.0655)
(0.007 0.00175 0.0655)
(0.00725 0.00175 0.0655)
(0.0075 0.00175 0.0655)
(0.00775 0.00175 0.0655)
(0.008 0.00175 0.0655)
(0.00825 0.00175 0.0655)
(0.0085 0.00175 0.0655)
(0.00875 0.00175 0.0655)
(0.009 0.00175 0.0655)
(0.00925 0.00175 0.0655)
(0.0095 0.00175 0.0655)
(0.00975 0.00175 0.0655)
(0.01 0.00175 0.0655)
(0.01025 0.00175 0.0655)
(0.0105 0.00175 0.0655)
(0.01075 0.00175 0.0655)
(0.011 0.00175 0.0655)
(0.01125 0.00175 0.0655)
(0.0115 0.00175 0.0655)
(0.01175 0.00175 0.0655)
(0.012 0.00175 0.0655)
(0.01225 0.00175 0.0655)
(0.0125 0.00175 0.0655)
(0.01275 0.00175 0.0655)
(0.013 0.00175 0.0655)
(0.01325 0.00175 0.0655)
(0.0135 0.00175 0.0655)
(0.01375 0.00175 0.0655)
(0.014 0.00175 0.0655)
(0.01425 0.00175 0.0655)
(0.0145 0.00175 0.0655)
(0.01475 0.00175 0.0655)
(0.015 0.00175 0.0655)
(0.01525 0.00175 0.0655)
(0.0155 0.00175 0.0655)
(0.01575 0.00175 0.0655)
(0.016 0.00175 0.0655)
(0.01625 0.00175 0.0655)
(0.0165 0.00175 0.0655)
(0.01675 0.00175 0.0655)
(0.017 0.00175 0.0655)
(0.01725 0.00175 0.0655)
(0.0175 0.00175 0.0655)
(0.01775 0.00175 0.0655)
(0.018 0.00175 0.0655)
(0.01825 0.00175 0.0655)
(0.0185 0.00175 0.0655)
(0.01875 0.00175 0.0655)
(0.019 0.00175 0.0655)
(0.01925 0.00175 0.0655)
(0.0195 0.00175 0.0655)
(0.01975 0.00175 0.0655)
(0.02 0.00175 0.0655)
(0.02025 0.00175 0.0655)
(0.0205 0.00175 0.0655)
(0.02075 0.00175 0.0655)
(0.021 0.00175 0.0655)
(0.02125 0.00175 0.0655)
(0.0215 0.00175 0.0655)
(0.02175 0.00175 0.0655)
(0.022 0.00175 0.0655)
(0.02225 0.00175 0.0655)
(0.0225 0.00175 0.0655)
(0.02275 0.00175 0.0655)
(0.023 0.00175 0.0655)
(0.02325 0.00175 0.0655)
(0.0235 0.00175 0.0655)
(0.02375 0.00175 0.0655)
(0.024 0.00175 0.0655)
(0.02425 0.00175 0.0655)
(0.0245 0.00175 0.0655)
(0.02475 0.00175 0.0655)
(0.025 0.00175 0.0655)
(0.02525 0.00175 0.0655)
(0.0255 0.00175 0.0655)
(0.02575 0.00175 0.0655)
(0.026 0.00175 0.0655)
(0.02625 0.00175 0.0655)
(0.0265 0.00175 0.0655)
(0.02675 0.00175 0.0655)
(0.027 0.00175 0.0655)
(0.02725 0.00175 0.0655)
(0.0275 0.00175 0.0655)
(0.02775 0.00175 0.0655)
(0.028 0.00175 0.0655)
(0.02825 0.00175 0.0655)
(0.0285 0.00175 0.0655)
(0.02875 0.00175 0.0655)
(0.029 0.00175 0.0655)
(0.02925 0.00175 0.0655)
(0.0295 0.00175 0.0655)
(0.02975 0.00175 0.0655)
(0.03 0.00175 0.0655)
(0.03025 0.00175 0.0655)
(0.0305 0.00175 0.0655)
(0.03075 0.00175 0.0655)
(0.031 0.00175 0.0655)
(0.03125 0.00175 0.0655)
(0.0315 0.00175 0.0655)
(0.03175 0.00175 0.0655)
(0.032 0.00175 0.0655)
(0.03225 0.00175 0.0655)
(0.0325 0.00175 0.0655)
(0.03275 0.00175 0.0655)
(0.033 0.00175 0.0655)
(0.03325 0.00175 0.0655)
(0.0335 0.00175 0.0655)
(0.03375 0.00175 0.0655)
(0.034 0.00175 0.0655)
(0.03425 0.00175 0.0655)
(0.0345 0.00175 0.0655)
(0.03475 0.00175 0.0655)
(0.035 0.00175 0.0655)
(0 0.002 0.0655)
(0.00025 0.002 0.0655)
(0.0005 0.002 0.0655)
(0.00075 0.002 0.0655)
(0.001 0.002 0.0655)
(0.00125 0.002 0.0655)
(0.0015 0.002 0.0655)
(0.00175 0.002 0.0655)
(0.002 0.002 0.0655)
(0.00225 0.002 0.0655)
(0.0025 0.002 0.0655)
(0.00275 0.002 0.0655)
(0.003 0.002 0.0655)
(0.00325 0.002 0.0655)
(0.0035 0.002 0.0655)
(0.00375 0.002 0.0655)
(0.004 0.002 0.0655)
(0.00425 0.002 0.0655)
(0.0045 0.002 0.0655)
(0.00475 0.002 0.0655)
(0.005 0.002 0.0655)
(0.00525 0.002 0.0655)
(0.0055 0.002 0.0655)
(0.00575 0.002 0.0655)
(0.006 0.002 0.0655)
(0.00625 0.002 0.0655)
(0.0065 0.002 0.0655)
(0.00675 0.002 0.0655)
(0.007 0.002 0.0655)
(0.00725 0.002 0.0655)
(0.0075 0.002 0.0655)
(0.00775 0.002 0.0655)
(0.008 0.002 0.0655)
(0.00825 0.002 0.0655)
(0.0085 0.002 0.0655)
(0.00875 0.002 0.0655)
(0.009 0.002 0.0655)
(0.00925 0.002 0.0655)
(0.0095 0.002 0.0655)
(0.00975 0.002 0.0655)
(0.01 0.002 0.0655)
(0.01025 0.002 0.0655)
(0.0105 0.002 0.0655)
(0.01075 0.002 0.0655)
(0.011 0.002 0.0655)
(0.01125 0.002 0.0655)
(0.0115 0.002 0.0655)
(0.01175 0.002 0.0655)
(0.012 0.002 0.0655)
(0.01225 0.002 0.0655)
(0.0125 0.002 0.0655)
(0.01275 0.002 0.0655)
(0.013 0.002 0.0655)
(0.01325 0.002 0.0655)
(0.0135 0.002 0.0655)
(0.01375 0.002 0.0655)
(0.014 0.002 0.0655)
(0.01425 0.002 0.0655)
(0.0145 0.002 0.0655)
(0.01475 0.002 0.0655)
(0.015 0.002 0.0655)
(0.01525 0.002 0.0655)
(0.0155 0.002 0.0655)
(0.01575 0.002 0.0655)
(0.016 0.002 0.0655)
(0.01625 0.002 0.0655)
(0.0165 0.002 0.0655)
(0.01675 0.002 0.0655)
(0.017 0.002 0.0655)
(0.01725 0.002 0.0655)
(0.0175 0.002 0.0655)
(0.01775 0.002 0.0655)
(0.018 0.002 0.0655)
(0.01825 0.002 0.0655)
(0.0185 0.002 0.0655)
(0.01875 0.002 0.0655)
(0.019 0.002 0.0655)
(0.01925 0.002 0.0655)
(0.0195 0.002 0.0655)
(0.01975 0.002 0.0655)
(0.02 0.002 0.0655)
(0.02025 0.002 0.0655)
(0.0205 0.002 0.0655)
(0.02075 0.002 0.0655)
(0.021 0.002 0.0655)
(0.02125 0.002 0.0655)
(0.0215 0.002 0.0655)
(0.02175 0.002 0.0655)
(0.022 0.002 0.0655)
(0.02225 0.002 0.0655)
(0.0225 0.002 0.0655)
(0.02275 0.002 0.0655)
(0.023 0.002 0.0655)
(0.02325 0.002 0.0655)
(0.0235 0.002 0.0655)
(0.02375 0.002 0.0655)
(0.024 0.002 0.0655)
(0.02425 0.002 0.0655)
(0.0245 0.002 0.0655)
(0.02475 0.002 0.0655)
(0.025 0.002 0.0655)
(0.02525 0.002 0.0655)
(0.0255 0.002 0.0655)
(0.02575 0.002 0.0655)
(0.026 0.002 0.0655)
(0.02625 0.002 0.0655)
(0.0265 0.002 0.0655)
(0.02675 0.002 0.0655)
(0.027 0.002 0.0655)
(0.02725 0.002 0.0655)
(0.0275 0.002 0.0655)
(0.02775 0.002 0.0655)
(0.028 0.002 0.0655)
(0.02825 0.002 0.0655)
(0.0285 0.002 0.0655)
(0.02875 0.002 0.0655)
(0.029 0.002 0.0655)
(0.02925 0.002 0.0655)
(0.0295 0.002 0.0655)
(0.02975 0.002 0.0655)
(0.03 0.002 0.0655)
(0.03025 0.002 0.0655)
(0.0305 0.002 0.0655)
(0.03075 0.002 0.0655)
(0.031 0.002 0.0655)
(0.03125 0.002 0.0655)
(0.0315 0.002 0.0655)
(0.03175 0.002 0.0655)
(0.032 0.002 0.0655)
(0.03225 0.002 0.0655)
(0.0325 0.002 0.0655)
(0.03275 0.002 0.0655)
(0.033 0.002 0.0655)
(0.03325 0.002 0.0655)
(0.0335 0.002 0.0655)
(0.03375 0.002 0.0655)
(0.034 0.002 0.0655)
(0.03425 0.002 0.0655)
(0.0345 0.002 0.0655)
(0.03475 0.002 0.0655)
(0.035 0.002 0.0655)
(0 0.00225 0.0655)
(0.00025 0.00225 0.0655)
(0.0005 0.00225 0.0655)
(0.00075 0.00225 0.0655)
(0.001 0.00225 0.0655)
(0.00125 0.00225 0.0655)
(0.0015 0.00225 0.0655)
(0.00175 0.00225 0.0655)
(0.002 0.00225 0.0655)
(0.00225 0.00225 0.0655)
(0.0025 0.00225 0.0655)
(0.00275 0.00225 0.0655)
(0.003 0.00225 0.0655)
(0.00325 0.00225 0.0655)
(0.0035 0.00225 0.0655)
(0.00375 0.00225 0.0655)
(0.004 0.00225 0.0655)
(0.00425 0.00225 0.0655)
(0.0045 0.00225 0.0655)
(0.00475 0.00225 0.0655)
(0.005 0.00225 0.0655)
(0.00525 0.00225 0.0655)
(0.0055 0.00225 0.0655)
(0.00575 0.00225 0.0655)
(0.006 0.00225 0.0655)
(0.00625 0.00225 0.0655)
(0.0065 0.00225 0.0655)
(0.00675 0.00225 0.0655)
(0.007 0.00225 0.0655)
(0.00725 0.00225 0.0655)
(0.0075 0.00225 0.0655)
(0.00775 0.00225 0.0655)
(0.008 0.00225 0.0655)
(0.00825 0.00225 0.0655)
(0.0085 0.00225 0.0655)
(0.00875 0.00225 0.0655)
(0.009 0.00225 0.0655)
(0.00925 0.00225 0.0655)
(0.0095 0.00225 0.0655)
(0.00975 0.00225 0.0655)
(0.01 0.00225 0.0655)
(0.01025 0.00225 0.0655)
(0.0105 0.00225 0.0655)
(0.01075 0.00225 0.0655)
(0.011 0.00225 0.0655)
(0.01125 0.00225 0.0655)
(0.0115 0.00225 0.0655)
(0.01175 0.00225 0.0655)
(0.012 0.00225 0.0655)
(0.01225 0.00225 0.0655)
(0.0125 0.00225 0.0655)
(0.01275 0.00225 0.0655)
(0.013 0.00225 0.0655)
(0.01325 0.00225 0.0655)
(0.0135 0.00225 0.0655)
(0.01375 0.00225 0.0655)
(0.014 0.00225 0.0655)
(0.01425 0.00225 0.0655)
(0.0145 0.00225 0.0655)
(0.01475 0.00225 0.0655)
(0.015 0.00225 0.0655)
(0.01525 0.00225 0.0655)
(0.0155 0.00225 0.0655)
(0.01575 0.00225 0.0655)
(0.016 0.00225 0.0655)
(0.01625 0.00225 0.0655)
(0.0165 0.00225 0.0655)
(0.01675 0.00225 0.0655)
(0.017 0.00225 0.0655)
(0.01725 0.00225 0.0655)
(0.0175 0.00225 0.0655)
(0.01775 0.00225 0.0655)
(0.018 0.00225 0.0655)
(0.01825 0.00225 0.0655)
(0.0185 0.00225 0.0655)
(0.01875 0.00225 0.0655)
(0.019 0.00225 0.0655)
(0.01925 0.00225 0.0655)
(0.0195 0.00225 0.0655)
(0.01975 0.00225 0.0655)
(0.02 0.00225 0.0655)
(0.02025 0.00225 0.0655)
(0.0205 0.00225 0.0655)
(0.02075 0.00225 0.0655)
(0.021 0.00225 0.0655)
(0.02125 0.00225 0.0655)
(0.0215 0.00225 0.0655)
(0.02175 0.00225 0.0655)
(0.022 0.00225 0.0655)
(0.02225 0.00225 0.0655)
(0.0225 0.00225 0.0655)
(0.02275 0.00225 0.0655)
(0.023 0.00225 0.0655)
(0.02325 0.00225 0.0655)
(0.0235 0.00225 0.0655)
(0.02375 0.00225 0.0655)
(0.024 0.00225 0.0655)
(0.02425 0.00225 0.0655)
(0.0245 0.00225 0.0655)
(0.02475 0.00225 0.0655)
(0.025 0.00225 0.0655)
(0.02525 0.00225 0.0655)
(0.0255 0.00225 0.0655)
(0.02575 0.00225 0.0655)
(0.026 0.00225 0.0655)
(0.02625 0.00225 0.0655)
(0.0265 0.00225 0.0655)
(0.02675 0.00225 0.0655)
(0.027 0.00225 0.0655)
(0.02725 0.00225 0.0655)
(0.0275 0.00225 0.0655)
(0.02775 0.00225 0.0655)
(0.028 0.00225 0.0655)
(0.02825 0.00225 0.0655)
(0.0285 0.00225 0.0655)
(0.02875 0.00225 0.0655)
(0.029 0.00225 0.0655)
(0.02925 0.00225 0.0655)
(0.0295 0.00225 0.0655)
(0.02975 0.00225 0.0655)
(0.03 0.00225 0.0655)
(0.03025 0.00225 0.0655)
(0.0305 0.00225 0.0655)
(0.03075 0.00225 0.0655)
(0.031 0.00225 0.0655)
(0.03125 0.00225 0.0655)
(0.0315 0.00225 0.0655)
(0.03175 0.00225 0.0655)
(0.032 0.00225 0.0655)
(0.03225 0.00225 0.0655)
(0.0325 0.00225 0.0655)
(0.03275 0.00225 0.0655)
(0.033 0.00225 0.0655)
(0.03325 0.00225 0.0655)
(0.0335 0.00225 0.0655)
(0.03375 0.00225 0.0655)
(0.034 0.00225 0.0655)
(0.03425 0.00225 0.0655)
(0.0345 0.00225 0.0655)
(0.03475 0.00225 0.0655)
(0.035 0.00225 0.0655)
(0 0.0025 0.0655)
(0.00025 0.0025 0.0655)
(0.0005 0.0025 0.0655)
(0.00075 0.0025 0.0655)
(0.001 0.0025 0.0655)
(0.00125 0.0025 0.0655)
(0.0015 0.0025 0.0655)
(0.00175 0.0025 0.0655)
(0.002 0.0025 0.0655)
(0.00225 0.0025 0.0655)
(0.0025 0.0025 0.0655)
(0.00275 0.0025 0.0655)
(0.003 0.0025 0.0655)
(0.00325 0.0025 0.0655)
(0.0035 0.0025 0.0655)
(0.00375 0.0025 0.0655)
(0.004 0.0025 0.0655)
(0.00425 0.0025 0.0655)
(0.0045 0.0025 0.0655)
(0.00475 0.0025 0.0655)
(0.005 0.0025 0.0655)
(0.00525 0.0025 0.0655)
(0.0055 0.0025 0.0655)
(0.00575 0.0025 0.0655)
(0.006 0.0025 0.0655)
(0.00625 0.0025 0.0655)
(0.0065 0.0025 0.0655)
(0.00675 0.0025 0.0655)
(0.007 0.0025 0.0655)
(0.00725 0.0025 0.0655)
(0.0075 0.0025 0.0655)
(0.00775 0.0025 0.0655)
(0.008 0.0025 0.0655)
(0.00825 0.0025 0.0655)
(0.0085 0.0025 0.0655)
(0.00875 0.0025 0.0655)
(0.009 0.0025 0.0655)
(0.00925 0.0025 0.0655)
(0.0095 0.0025 0.0655)
(0.00975 0.0025 0.0655)
(0.01 0.0025 0.0655)
(0.01025 0.0025 0.0655)
(0.0105 0.0025 0.0655)
(0.01075 0.0025 0.0655)
(0.011 0.0025 0.0655)
(0.01125 0.0025 0.0655)
(0.0115 0.0025 0.0655)
(0.01175 0.0025 0.0655)
(0.012 0.0025 0.0655)
(0.01225 0.0025 0.0655)
(0.0125 0.0025 0.0655)
(0.01275 0.0025 0.0655)
(0.013 0.0025 0.0655)
(0.01325 0.0025 0.0655)
(0.0135 0.0025 0.0655)
(0.01375 0.0025 0.0655)
(0.014 0.0025 0.0655)
(0.01425 0.0025 0.0655)
(0.0145 0.0025 0.0655)
(0.01475 0.0025 0.0655)
(0.015 0.0025 0.0655)
(0.01525 0.0025 0.0655)
(0.0155 0.0025 0.0655)
(0.01575 0.0025 0.0655)
(0.016 0.0025 0.0655)
(0.01625 0.0025 0.0655)
(0.0165 0.0025 0.0655)
(0.01675 0.0025 0.0655)
(0.017 0.0025 0.0655)
(0.01725 0.0025 0.0655)
(0.0175 0.0025 0.0655)
(0.01775 0.0025 0.0655)
(0.018 0.0025 0.0655)
(0.01825 0.0025 0.0655)
(0.0185 0.0025 0.0655)
(0.01875 0.0025 0.0655)
(0.019 0.0025 0.0655)
(0.01925 0.0025 0.0655)
(0.0195 0.0025 0.0655)
(0.01975 0.0025 0.0655)
(0.02 0.0025 0.0655)
(0.02025 0.0025 0.0655)
(0.0205 0.0025 0.0655)
(0.02075 0.0025 0.0655)
(0.021 0.0025 0.0655)
(0.02125 0.0025 0.0655)
(0.0215 0.0025 0.0655)
(0.02175 0.0025 0.0655)
(0.022 0.0025 0.0655)
(0.02225 0.0025 0.0655)
(0.0225 0.0025 0.0655)
(0.02275 0.0025 0.0655)
(0.023 0.0025 0.0655)
(0.02325 0.0025 0.0655)
(0.0235 0.0025 0.0655)
(0.02375 0.0025 0.0655)
(0.024 0.0025 0.0655)
(0.02425 0.0025 0.0655)
(0.0245 0.0025 0.0655)
(0.02475 0.0025 0.0655)
(0.025 0.0025 0.0655)
(0.02525 0.0025 0.0655)
(0.0255 0.0025 0.0655)
(0.02575 0.0025 0.0655)
(0.026 0.0025 0.0655)
(0.02625 0.0025 0.0655)
(0.0265 0.0025 0.0655)
(0.02675 0.0025 0.0655)
(0.027 0.0025 0.0655)
(0.02725 0.0025 0.0655)
(0.0275 0.0025 0.0655)
(0.02775 0.0025 0.0655)
(0.028 0.0025 0.0655)
(0.02825 0.0025 0.0655)
(0.0285 0.0025 0.0655)
(0.02875 0.0025 0.0655)
(0.029 0.0025 0.0655)
(0.02925 0.0025 0.0655)
(0.0295 0.0025 0.0655)
(0.02975 0.0025 0.0655)
(0.03 0.0025 0.0655)
(0.03025 0.0025 0.0655)
(0.0305 0.0025 0.0655)
(0.03075 0.0025 0.0655)
(0.031 0.0025 0.0655)
(0.03125 0.0025 0.0655)
(0.0315 0.0025 0.0655)
(0.03175 0.0025 0.0655)
(0.032 0.0025 0.0655)
(0.03225 0.0025 0.0655)
(0.0325 0.0025 0.0655)
(0.03275 0.0025 0.0655)
(0.033 0.0025 0.0655)
(0.03325 0.0025 0.0655)
(0.0335 0.0025 0.0655)
(0.03375 0.0025 0.0655)
(0.034 0.0025 0.0655)
(0.03425 0.0025 0.0655)
(0.0345 0.0025 0.0655)
(0.03475 0.0025 0.0655)
(0.035 0.0025 0.0655)
(0 0 0.06575)
(0.00025 0 0.06575)
(0.0005 0 0.06575)
(0.00075 0 0.06575)
(0.001 0 0.06575)
(0.00125 0 0.06575)
(0.0015 0 0.06575)
(0.00175 0 0.06575)
(0.002 0 0.06575)
(0.00225 0 0.06575)
(0.0025 0 0.06575)
(0.00275 0 0.06575)
(0.003 0 0.06575)
(0.00325 0 0.06575)
(0.0035 0 0.06575)
(0.00375 0 0.06575)
(0.004 0 0.06575)
(0.00425 0 0.06575)
(0.0045 0 0.06575)
(0.00475 0 0.06575)
(0.005 0 0.06575)
(0.00525 0 0.06575)
(0.0055 0 0.06575)
(0.00575 0 0.06575)
(0.006 0 0.06575)
(0.00625 0 0.06575)
(0.0065 0 0.06575)
(0.00675 0 0.06575)
(0.007 0 0.06575)
(0.00725 0 0.06575)
(0.0075 0 0.06575)
(0.00775 0 0.06575)
(0.008 0 0.06575)
(0.00825 0 0.06575)
(0.0085 0 0.06575)
(0.00875 0 0.06575)
(0.009 0 0.06575)
(0.00925 0 0.06575)
(0.0095 0 0.06575)
(0.00975 0 0.06575)
(0.01 0 0.06575)
(0.01025 0 0.06575)
(0.0105 0 0.06575)
(0.01075 0 0.06575)
(0.011 0 0.06575)
(0.01125 0 0.06575)
(0.0115 0 0.06575)
(0.01175 0 0.06575)
(0.012 0 0.06575)
(0.01225 0 0.06575)
(0.0125 0 0.06575)
(0.01275 0 0.06575)
(0.013 0 0.06575)
(0.01325 0 0.06575)
(0.0135 0 0.06575)
(0.01375 0 0.06575)
(0.014 0 0.06575)
(0.01425 0 0.06575)
(0.0145 0 0.06575)
(0.01475 0 0.06575)
(0.015 0 0.06575)
(0.01525 0 0.06575)
(0.0155 0 0.06575)
(0.01575 0 0.06575)
(0.016 0 0.06575)
(0.01625 0 0.06575)
(0.0165 0 0.06575)
(0.01675 0 0.06575)
(0.017 0 0.06575)
(0.01725 0 0.06575)
(0.0175 0 0.06575)
(0.01775 0 0.06575)
(0.018 0 0.06575)
(0.01825 0 0.06575)
(0.0185 0 0.06575)
(0.01875 0 0.06575)
(0.019 0 0.06575)
(0.01925 0 0.06575)
(0.0195 0 0.06575)
(0.01975 0 0.06575)
(0.02 0 0.06575)
(0.02025 0 0.06575)
(0.0205 0 0.06575)
(0.02075 0 0.06575)
(0.021 0 0.06575)
(0.02125 0 0.06575)
(0.0215 0 0.06575)
(0.02175 0 0.06575)
(0.022 0 0.06575)
(0.02225 0 0.06575)
(0.0225 0 0.06575)
(0.02275 0 0.06575)
(0.023 0 0.06575)
(0.02325 0 0.06575)
(0.0235 0 0.06575)
(0.02375 0 0.06575)
(0.024 0 0.06575)
(0.02425 0 0.06575)
(0.0245 0 0.06575)
(0.02475 0 0.06575)
(0.025 0 0.06575)
(0.02525 0 0.06575)
(0.0255 0 0.06575)
(0.02575 0 0.06575)
(0.026 0 0.06575)
(0.02625 0 0.06575)
(0.0265 0 0.06575)
(0.02675 0 0.06575)
(0.027 0 0.06575)
(0.02725 0 0.06575)
(0.0275 0 0.06575)
(0.02775 0 0.06575)
(0.028 0 0.06575)
(0.02825 0 0.06575)
(0.0285 0 0.06575)
(0.02875 0 0.06575)
(0.029 0 0.06575)
(0.02925 0 0.06575)
(0.0295 0 0.06575)
(0.02975 0 0.06575)
(0.03 0 0.06575)
(0.03025 0 0.06575)
(0.0305 0 0.06575)
(0.03075 0 0.06575)
(0.031 0 0.06575)
(0.03125 0 0.06575)
(0.0315 0 0.06575)
(0.03175 0 0.06575)
(0.032 0 0.06575)
(0.03225 0 0.06575)
(0.0325 0 0.06575)
(0.03275 0 0.06575)
(0.033 0 0.06575)
(0.03325 0 0.06575)
(0.0335 0 0.06575)
(0.03375 0 0.06575)
(0.034 0 0.06575)
(0.03425 0 0.06575)
(0.0345 0 0.06575)
(0.03475 0 0.06575)
(0.035 0 0.06575)
(0 0.00025 0.06575)
(0.00025 0.00025 0.06575)
(0.0005 0.00025 0.06575)
(0.00075 0.00025 0.06575)
(0.001 0.00025 0.06575)
(0.00125 0.00025 0.06575)
(0.0015 0.00025 0.06575)
(0.00175 0.00025 0.06575)
(0.002 0.00025 0.06575)
(0.00225 0.00025 0.06575)
(0.0025 0.00025 0.06575)
(0.00275 0.00025 0.06575)
(0.003 0.00025 0.06575)
(0.00325 0.00025 0.06575)
(0.0035 0.00025 0.06575)
(0.00375 0.00025 0.06575)
(0.004 0.00025 0.06575)
(0.00425 0.00025 0.06575)
(0.0045 0.00025 0.06575)
(0.00475 0.00025 0.06575)
(0.005 0.00025 0.06575)
(0.00525 0.00025 0.06575)
(0.0055 0.00025 0.06575)
(0.00575 0.00025 0.06575)
(0.006 0.00025 0.06575)
(0.00625 0.00025 0.06575)
(0.0065 0.00025 0.06575)
(0.00675 0.00025 0.06575)
(0.007 0.00025 0.06575)
(0.00725 0.00025 0.06575)
(0.0075 0.00025 0.06575)
(0.00775 0.00025 0.06575)
(0.008 0.00025 0.06575)
(0.00825 0.00025 0.06575)
(0.0085 0.00025 0.06575)
(0.00875 0.00025 0.06575)
(0.009 0.00025 0.06575)
(0.00925 0.00025 0.06575)
(0.0095 0.00025 0.06575)
(0.00975 0.00025 0.06575)
(0.01 0.00025 0.06575)
(0.01025 0.00025 0.06575)
(0.0105 0.00025 0.06575)
(0.01075 0.00025 0.06575)
(0.011 0.00025 0.06575)
(0.01125 0.00025 0.06575)
(0.0115 0.00025 0.06575)
(0.01175 0.00025 0.06575)
(0.012 0.00025 0.06575)
(0.01225 0.00025 0.06575)
(0.0125 0.00025 0.06575)
(0.01275 0.00025 0.06575)
(0.013 0.00025 0.06575)
(0.01325 0.00025 0.06575)
(0.0135 0.00025 0.06575)
(0.01375 0.00025 0.06575)
(0.014 0.00025 0.06575)
(0.01425 0.00025 0.06575)
(0.0145 0.00025 0.06575)
(0.01475 0.00025 0.06575)
(0.015 0.00025 0.06575)
(0.01525 0.00025 0.06575)
(0.0155 0.00025 0.06575)
(0.01575 0.00025 0.06575)
(0.016 0.00025 0.06575)
(0.01625 0.00025 0.06575)
(0.0165 0.00025 0.06575)
(0.01675 0.00025 0.06575)
(0.017 0.00025 0.06575)
(0.01725 0.00025 0.06575)
(0.0175 0.00025 0.06575)
(0.01775 0.00025 0.06575)
(0.018 0.00025 0.06575)
(0.01825 0.00025 0.06575)
(0.0185 0.00025 0.06575)
(0.01875 0.00025 0.06575)
(0.019 0.00025 0.06575)
(0.01925 0.00025 0.06575)
(0.0195 0.00025 0.06575)
(0.01975 0.00025 0.06575)
(0.02 0.00025 0.06575)
(0.02025 0.00025 0.06575)
(0.0205 0.00025 0.06575)
(0.02075 0.00025 0.06575)
(0.021 0.00025 0.06575)
(0.02125 0.00025 0.06575)
(0.0215 0.00025 0.06575)
(0.02175 0.00025 0.06575)
(0.022 0.00025 0.06575)
(0.02225 0.00025 0.06575)
(0.0225 0.00025 0.06575)
(0.02275 0.00025 0.06575)
(0.023 0.00025 0.06575)
(0.02325 0.00025 0.06575)
(0.0235 0.00025 0.06575)
(0.02375 0.00025 0.06575)
(0.024 0.00025 0.06575)
(0.02425 0.00025 0.06575)
(0.0245 0.00025 0.06575)
(0.02475 0.00025 0.06575)
(0.025 0.00025 0.06575)
(0.02525 0.00025 0.06575)
(0.0255 0.00025 0.06575)
(0.02575 0.00025 0.06575)
(0.026 0.00025 0.06575)
(0.02625 0.00025 0.06575)
(0.0265 0.00025 0.06575)
(0.02675 0.00025 0.06575)
(0.027 0.00025 0.06575)
(0.02725 0.00025 0.06575)
(0.0275 0.00025 0.06575)
(0.02775 0.00025 0.06575)
(0.028 0.00025 0.06575)
(0.02825 0.00025 0.06575)
(0.0285 0.00025 0.06575)
(0.02875 0.00025 0.06575)
(0.029 0.00025 0.06575)
(0.02925 0.00025 0.06575)
(0.0295 0.00025 0.06575)
(0.02975 0.00025 0.06575)
(0.03 0.00025 0.06575)
(0.03025 0.00025 0.06575)
(0.0305 0.00025 0.06575)
(0.03075 0.00025 0.06575)
(0.031 0.00025 0.06575)
(0.03125 0.00025 0.06575)
(0.0315 0.00025 0.06575)
(0.03175 0.00025 0.06575)
(0.032 0.00025 0.06575)
(0.03225 0.00025 0.06575)
(0.0325 0.00025 0.06575)
(0.03275 0.00025 0.06575)
(0.033 0.00025 0.06575)
(0.03325 0.00025 0.06575)
(0.0335 0.00025 0.06575)
(0.03375 0.00025 0.06575)
(0.034 0.00025 0.06575)
(0.03425 0.00025 0.06575)
(0.0345 0.00025 0.06575)
(0.03475 0.00025 0.06575)
(0.035 0.00025 0.06575)
(0 0.0005 0.06575)
(0.00025 0.0005 0.06575)
(0.0005 0.0005 0.06575)
(0.00075 0.0005 0.06575)
(0.001 0.0005 0.06575)
(0.00125 0.0005 0.06575)
(0.0015 0.0005 0.06575)
(0.00175 0.0005 0.06575)
(0.002 0.0005 0.06575)
(0.00225 0.0005 0.06575)
(0.0025 0.0005 0.06575)
(0.00275 0.0005 0.06575)
(0.003 0.0005 0.06575)
(0.00325 0.0005 0.06575)
(0.0035 0.0005 0.06575)
(0.00375 0.0005 0.06575)
(0.004 0.0005 0.06575)
(0.00425 0.0005 0.06575)
(0.0045 0.0005 0.06575)
(0.00475 0.0005 0.06575)
(0.005 0.0005 0.06575)
(0.00525 0.0005 0.06575)
(0.0055 0.0005 0.06575)
(0.00575 0.0005 0.06575)
(0.006 0.0005 0.06575)
(0.00625 0.0005 0.06575)
(0.0065 0.0005 0.06575)
(0.00675 0.0005 0.06575)
(0.007 0.0005 0.06575)
(0.00725 0.0005 0.06575)
(0.0075 0.0005 0.06575)
(0.00775 0.0005 0.06575)
(0.008 0.0005 0.06575)
(0.00825 0.0005 0.06575)
(0.0085 0.0005 0.06575)
(0.00875 0.0005 0.06575)
(0.009 0.0005 0.06575)
(0.00925 0.0005 0.06575)
(0.0095 0.0005 0.06575)
(0.00975 0.0005 0.06575)
(0.01 0.0005 0.06575)
(0.01025 0.0005 0.06575)
(0.0105 0.0005 0.06575)
(0.01075 0.0005 0.06575)
(0.011 0.0005 0.06575)
(0.01125 0.0005 0.06575)
(0.0115 0.0005 0.06575)
(0.01175 0.0005 0.06575)
(0.012 0.0005 0.06575)
(0.01225 0.0005 0.06575)
(0.0125 0.0005 0.06575)
(0.01275 0.0005 0.06575)
(0.013 0.0005 0.06575)
(0.01325 0.0005 0.06575)
(0.0135 0.0005 0.06575)
(0.01375 0.0005 0.06575)
(0.014 0.0005 0.06575)
(0.01425 0.0005 0.06575)
(0.0145 0.0005 0.06575)
(0.01475 0.0005 0.06575)
(0.015 0.0005 0.06575)
(0.01525 0.0005 0.06575)
(0.0155 0.0005 0.06575)
(0.01575 0.0005 0.06575)
(0.016 0.0005 0.06575)
(0.01625 0.0005 0.06575)
(0.0165 0.0005 0.06575)
(0.01675 0.0005 0.06575)
(0.017 0.0005 0.06575)
(0.01725 0.0005 0.06575)
(0.0175 0.0005 0.06575)
(0.01775 0.0005 0.06575)
(0.018 0.0005 0.06575)
(0.01825 0.0005 0.06575)
(0.0185 0.0005 0.06575)
(0.01875 0.0005 0.06575)
(0.019 0.0005 0.06575)
(0.01925 0.0005 0.06575)
(0.0195 0.0005 0.06575)
(0.01975 0.0005 0.06575)
(0.02 0.0005 0.06575)
(0.02025 0.0005 0.06575)
(0.0205 0.0005 0.06575)
(0.02075 0.0005 0.06575)
(0.021 0.0005 0.06575)
(0.02125 0.0005 0.06575)
(0.0215 0.0005 0.06575)
(0.02175 0.0005 0.06575)
(0.022 0.0005 0.06575)
(0.02225 0.0005 0.06575)
(0.0225 0.0005 0.06575)
(0.02275 0.0005 0.06575)
(0.023 0.0005 0.06575)
(0.02325 0.0005 0.06575)
(0.0235 0.0005 0.06575)
(0.02375 0.0005 0.06575)
(0.024 0.0005 0.06575)
(0.02425 0.0005 0.06575)
(0.0245 0.0005 0.06575)
(0.02475 0.0005 0.06575)
(0.025 0.0005 0.06575)
(0.02525 0.0005 0.06575)
(0.0255 0.0005 0.06575)
(0.02575 0.0005 0.06575)
(0.026 0.0005 0.06575)
(0.02625 0.0005 0.06575)
(0.0265 0.0005 0.06575)
(0.02675 0.0005 0.06575)
(0.027 0.0005 0.06575)
(0.02725 0.0005 0.06575)
(0.0275 0.0005 0.06575)
(0.02775 0.0005 0.06575)
(0.028 0.0005 0.06575)
(0.02825 0.0005 0.06575)
(0.0285 0.0005 0.06575)
(0.02875 0.0005 0.06575)
(0.029 0.0005 0.06575)
(0.02925 0.0005 0.06575)
(0.0295 0.0005 0.06575)
(0.02975 0.0005 0.06575)
(0.03 0.0005 0.06575)
(0.03025 0.0005 0.06575)
(0.0305 0.0005 0.06575)
(0.03075 0.0005 0.06575)
(0.031 0.0005 0.06575)
(0.03125 0.0005 0.06575)
(0.0315 0.0005 0.06575)
(0.03175 0.0005 0.06575)
(0.032 0.0005 0.06575)
(0.03225 0.0005 0.06575)
(0.0325 0.0005 0.06575)
(0.03275 0.0005 0.06575)
(0.033 0.0005 0.06575)
(0.03325 0.0005 0.06575)
(0.0335 0.0005 0.06575)
(0.03375 0.0005 0.06575)
(0.034 0.0005 0.06575)
(0.03425 0.0005 0.06575)
(0.0345 0.0005 0.06575)
(0.03475 0.0005 0.06575)
(0.035 0.0005 0.06575)
(0 0.00075 0.06575)
(0.00025 0.00075 0.06575)
(0.0005 0.00075 0.06575)
(0.00075 0.00075 0.06575)
(0.001 0.00075 0.06575)
(0.00125 0.00075 0.06575)
(0.0015 0.00075 0.06575)
(0.00175 0.00075 0.06575)
(0.002 0.00075 0.06575)
(0.00225 0.00075 0.06575)
(0.0025 0.00075 0.06575)
(0.00275 0.00075 0.06575)
(0.003 0.00075 0.06575)
(0.00325 0.00075 0.06575)
(0.0035 0.00075 0.06575)
(0.00375 0.00075 0.06575)
(0.004 0.00075 0.06575)
(0.00425 0.00075 0.06575)
(0.0045 0.00075 0.06575)
(0.00475 0.00075 0.06575)
(0.005 0.00075 0.06575)
(0.00525 0.00075 0.06575)
(0.0055 0.00075 0.06575)
(0.00575 0.00075 0.06575)
(0.006 0.00075 0.06575)
(0.00625 0.00075 0.06575)
(0.0065 0.00075 0.06575)
(0.00675 0.00075 0.06575)
(0.007 0.00075 0.06575)
(0.00725 0.00075 0.06575)
(0.0075 0.00075 0.06575)
(0.00775 0.00075 0.06575)
(0.008 0.00075 0.06575)
(0.00825 0.00075 0.06575)
(0.0085 0.00075 0.06575)
(0.00875 0.00075 0.06575)
(0.009 0.00075 0.06575)
(0.00925 0.00075 0.06575)
(0.0095 0.00075 0.06575)
(0.00975 0.00075 0.06575)
(0.01 0.00075 0.06575)
(0.01025 0.00075 0.06575)
(0.0105 0.00075 0.06575)
(0.01075 0.00075 0.06575)
(0.011 0.00075 0.06575)
(0.01125 0.00075 0.06575)
(0.0115 0.00075 0.06575)
(0.01175 0.00075 0.06575)
(0.012 0.00075 0.06575)
(0.01225 0.00075 0.06575)
(0.0125 0.00075 0.06575)
(0.01275 0.00075 0.06575)
(0.013 0.00075 0.06575)
(0.01325 0.00075 0.06575)
(0.0135 0.00075 0.06575)
(0.01375 0.00075 0.06575)
(0.014 0.00075 0.06575)
(0.01425 0.00075 0.06575)
(0.0145 0.00075 0.06575)
(0.01475 0.00075 0.06575)
(0.015 0.00075 0.06575)
(0.01525 0.00075 0.06575)
(0.0155 0.00075 0.06575)
(0.01575 0.00075 0.06575)
(0.016 0.00075 0.06575)
(0.01625 0.00075 0.06575)
(0.0165 0.00075 0.06575)
(0.01675 0.00075 0.06575)
(0.017 0.00075 0.06575)
(0.01725 0.00075 0.06575)
(0.0175 0.00075 0.06575)
(0.01775 0.00075 0.06575)
(0.018 0.00075 0.06575)
(0.01825 0.00075 0.06575)
(0.0185 0.00075 0.06575)
(0.01875 0.00075 0.06575)
(0.019 0.00075 0.06575)
(0.01925 0.00075 0.06575)
(0.0195 0.00075 0.06575)
(0.01975 0.00075 0.06575)
(0.02 0.00075 0.06575)
(0.02025 0.00075 0.06575)
(0.0205 0.00075 0.06575)
(0.02075 0.00075 0.06575)
(0.021 0.00075 0.06575)
(0.02125 0.00075 0.06575)
(0.0215 0.00075 0.06575)
(0.02175 0.00075 0.06575)
(0.022 0.00075 0.06575)
(0.02225 0.00075 0.06575)
(0.0225 0.00075 0.06575)
(0.02275 0.00075 0.06575)
(0.023 0.00075 0.06575)
(0.02325 0.00075 0.06575)
(0.0235 0.00075 0.06575)
(0.02375 0.00075 0.06575)
(0.024 0.00075 0.06575)
(0.02425 0.00075 0.06575)
(0.0245 0.00075 0.06575)
(0.02475 0.00075 0.06575)
(0.025 0.00075 0.06575)
(0.02525 0.00075 0.06575)
(0.0255 0.00075 0.06575)
(0.02575 0.00075 0.06575)
(0.026 0.00075 0.06575)
(0.02625 0.00075 0.06575)
(0.0265 0.00075 0.06575)
(0.02675 0.00075 0.06575)
(0.027 0.00075 0.06575)
(0.02725 0.00075 0.06575)
(0.0275 0.00075 0.06575)
(0.02775 0.00075 0.06575)
(0.028 0.00075 0.06575)
(0.02825 0.00075 0.06575)
(0.0285 0.00075 0.06575)
(0.02875 0.00075 0.06575)
(0.029 0.00075 0.06575)
(0.02925 0.00075 0.06575)
(0.0295 0.00075 0.06575)
(0.02975 0.00075 0.06575)
(0.03 0.00075 0.06575)
(0.03025 0.00075 0.06575)
(0.0305 0.00075 0.06575)
(0.03075 0.00075 0.06575)
(0.031 0.00075 0.06575)
(0.03125 0.00075 0.06575)
(0.0315 0.00075 0.06575)
(0.03175 0.00075 0.06575)
(0.032 0.00075 0.06575)
(0.03225 0.00075 0.06575)
(0.0325 0.00075 0.06575)
(0.03275 0.00075 0.06575)
(0.033 0.00075 0.06575)
(0.03325 0.00075 0.06575)
(0.0335 0.00075 0.06575)
(0.03375 0.00075 0.06575)
(0.034 0.00075 0.06575)
(0.03425 0.00075 0.06575)
(0.0345 0.00075 0.06575)
(0.03475 0.00075 0.06575)
(0.035 0.00075 0.06575)
(0 0.001 0.06575)
(0.00025 0.001 0.06575)
(0.0005 0.001 0.06575)
(0.00075 0.001 0.06575)
(0.001 0.001 0.06575)
(0.00125 0.001 0.06575)
(0.0015 0.001 0.06575)
(0.00175 0.001 0.06575)
(0.002 0.001 0.06575)
(0.00225 0.001 0.06575)
(0.0025 0.001 0.06575)
(0.00275 0.001 0.06575)
(0.003 0.001 0.06575)
(0.00325 0.001 0.06575)
(0.0035 0.001 0.06575)
(0.00375 0.001 0.06575)
(0.004 0.001 0.06575)
(0.00425 0.001 0.06575)
(0.0045 0.001 0.06575)
(0.00475 0.001 0.06575)
(0.005 0.001 0.06575)
(0.00525 0.001 0.06575)
(0.0055 0.001 0.06575)
(0.00575 0.001 0.06575)
(0.006 0.001 0.06575)
(0.00625 0.001 0.06575)
(0.0065 0.001 0.06575)
(0.00675 0.001 0.06575)
(0.007 0.001 0.06575)
(0.00725 0.001 0.06575)
(0.0075 0.001 0.06575)
(0.00775 0.001 0.06575)
(0.008 0.001 0.06575)
(0.00825 0.001 0.06575)
(0.0085 0.001 0.06575)
(0.00875 0.001 0.06575)
(0.009 0.001 0.06575)
(0.00925 0.001 0.06575)
(0.0095 0.001 0.06575)
(0.00975 0.001 0.06575)
(0.01 0.001 0.06575)
(0.01025 0.001 0.06575)
(0.0105 0.001 0.06575)
(0.01075 0.001 0.06575)
(0.011 0.001 0.06575)
(0.01125 0.001 0.06575)
(0.0115 0.001 0.06575)
(0.01175 0.001 0.06575)
(0.012 0.001 0.06575)
(0.01225 0.001 0.06575)
(0.0125 0.001 0.06575)
(0.01275 0.001 0.06575)
(0.013 0.001 0.06575)
(0.01325 0.001 0.06575)
(0.0135 0.001 0.06575)
(0.01375 0.001 0.06575)
(0.014 0.001 0.06575)
(0.01425 0.001 0.06575)
(0.0145 0.001 0.06575)
(0.01475 0.001 0.06575)
(0.015 0.001 0.06575)
(0.01525 0.001 0.06575)
(0.0155 0.001 0.06575)
(0.01575 0.001 0.06575)
(0.016 0.001 0.06575)
(0.01625 0.001 0.06575)
(0.0165 0.001 0.06575)
(0.01675 0.001 0.06575)
(0.017 0.001 0.06575)
(0.01725 0.001 0.06575)
(0.0175 0.001 0.06575)
(0.01775 0.001 0.06575)
(0.018 0.001 0.06575)
(0.01825 0.001 0.06575)
(0.0185 0.001 0.06575)
(0.01875 0.001 0.06575)
(0.019 0.001 0.06575)
(0.01925 0.001 0.06575)
(0.0195 0.001 0.06575)
(0.01975 0.001 0.06575)
(0.02 0.001 0.06575)
(0.02025 0.001 0.06575)
(0.0205 0.001 0.06575)
(0.02075 0.001 0.06575)
(0.021 0.001 0.06575)
(0.02125 0.001 0.06575)
(0.0215 0.001 0.06575)
(0.02175 0.001 0.06575)
(0.022 0.001 0.06575)
(0.02225 0.001 0.06575)
(0.0225 0.001 0.06575)
(0.02275 0.001 0.06575)
(0.023 0.001 0.06575)
(0.02325 0.001 0.06575)
(0.0235 0.001 0.06575)
(0.02375 0.001 0.06575)
(0.024 0.001 0.06575)
(0.02425 0.001 0.06575)
(0.0245 0.001 0.06575)
(0.02475 0.001 0.06575)
(0.025 0.001 0.06575)
(0.02525 0.001 0.06575)
(0.0255 0.001 0.06575)
(0.02575 0.001 0.06575)
(0.026 0.001 0.06575)
(0.02625 0.001 0.06575)
(0.0265 0.001 0.06575)
(0.02675 0.001 0.06575)
(0.027 0.001 0.06575)
(0.02725 0.001 0.06575)
(0.0275 0.001 0.06575)
(0.02775 0.001 0.06575)
(0.028 0.001 0.06575)
(0.02825 0.001 0.06575)
(0.0285 0.001 0.06575)
(0.02875 0.001 0.06575)
(0.029 0.001 0.06575)
(0.02925 0.001 0.06575)
(0.0295 0.001 0.06575)
(0.02975 0.001 0.06575)
(0.03 0.001 0.06575)
(0.03025 0.001 0.06575)
(0.0305 0.001 0.06575)
(0.03075 0.001 0.06575)
(0.031 0.001 0.06575)
(0.03125 0.001 0.06575)
(0.0315 0.001 0.06575)
(0.03175 0.001 0.06575)
(0.032 0.001 0.06575)
(0.03225 0.001 0.06575)
(0.0325 0.001 0.06575)
(0.03275 0.001 0.06575)
(0.033 0.001 0.06575)
(0.03325 0.001 0.06575)
(0.0335 0.001 0.06575)
(0.03375 0.001 0.06575)
(0.034 0.001 0.06575)
(0.03425 0.001 0.06575)
(0.0345 0.001 0.06575)
(0.03475 0.001 0.06575)
(0.035 0.001 0.06575)
(0 0.00125 0.06575)
(0.00025 0.00125 0.06575)
(0.0005 0.00125 0.06575)
(0.00075 0.00125 0.06575)
(0.001 0.00125 0.06575)
(0.00125 0.00125 0.06575)
(0.0015 0.00125 0.06575)
(0.00175 0.00125 0.06575)
(0.002 0.00125 0.06575)
(0.00225 0.00125 0.06575)
(0.0025 0.00125 0.06575)
(0.00275 0.00125 0.06575)
(0.003 0.00125 0.06575)
(0.00325 0.00125 0.06575)
(0.0035 0.00125 0.06575)
(0.00375 0.00125 0.06575)
(0.004 0.00125 0.06575)
(0.00425 0.00125 0.06575)
(0.0045 0.00125 0.06575)
(0.00475 0.00125 0.06575)
(0.005 0.00125 0.06575)
(0.00525 0.00125 0.06575)
(0.0055 0.00125 0.06575)
(0.00575 0.00125 0.06575)
(0.006 0.00125 0.06575)
(0.00625 0.00125 0.06575)
(0.0065 0.00125 0.06575)
(0.00675 0.00125 0.06575)
(0.007 0.00125 0.06575)
(0.00725 0.00125 0.06575)
(0.0075 0.00125 0.06575)
(0.00775 0.00125 0.06575)
(0.008 0.00125 0.06575)
(0.00825 0.00125 0.06575)
(0.0085 0.00125 0.06575)
(0.00875 0.00125 0.06575)
(0.009 0.00125 0.06575)
(0.00925 0.00125 0.06575)
(0.0095 0.00125 0.06575)
(0.00975 0.00125 0.06575)
(0.01 0.00125 0.06575)
(0.01025 0.00125 0.06575)
(0.0105 0.00125 0.06575)
(0.01075 0.00125 0.06575)
(0.011 0.00125 0.06575)
(0.01125 0.00125 0.06575)
(0.0115 0.00125 0.06575)
(0.01175 0.00125 0.06575)
(0.012 0.00125 0.06575)
(0.01225 0.00125 0.06575)
(0.0125 0.00125 0.06575)
(0.01275 0.00125 0.06575)
(0.013 0.00125 0.06575)
(0.01325 0.00125 0.06575)
(0.0135 0.00125 0.06575)
(0.01375 0.00125 0.06575)
(0.014 0.00125 0.06575)
(0.01425 0.00125 0.06575)
(0.0145 0.00125 0.06575)
(0.01475 0.00125 0.06575)
(0.015 0.00125 0.06575)
(0.01525 0.00125 0.06575)
(0.0155 0.00125 0.06575)
(0.01575 0.00125 0.06575)
(0.016 0.00125 0.06575)
(0.01625 0.00125 0.06575)
(0.0165 0.00125 0.06575)
(0.01675 0.00125 0.06575)
(0.017 0.00125 0.06575)
(0.01725 0.00125 0.06575)
(0.0175 0.00125 0.06575)
(0.01775 0.00125 0.06575)
(0.018 0.00125 0.06575)
(0.01825 0.00125 0.06575)
(0.0185 0.00125 0.06575)
(0.01875 0.00125 0.06575)
(0.019 0.00125 0.06575)
(0.01925 0.00125 0.06575)
(0.0195 0.00125 0.06575)
(0.01975 0.00125 0.06575)
(0.02 0.00125 0.06575)
(0.02025 0.00125 0.06575)
(0.0205 0.00125 0.06575)
(0.02075 0.00125 0.06575)
(0.021 0.00125 0.06575)
(0.02125 0.00125 0.06575)
(0.0215 0.00125 0.06575)
(0.02175 0.00125 0.06575)
(0.022 0.00125 0.06575)
(0.02225 0.00125 0.06575)
(0.0225 0.00125 0.06575)
(0.02275 0.00125 0.06575)
(0.023 0.00125 0.06575)
(0.02325 0.00125 0.06575)
(0.0235 0.00125 0.06575)
(0.02375 0.00125 0.06575)
(0.024 0.00125 0.06575)
(0.02425 0.00125 0.06575)
(0.0245 0.00125 0.06575)
(0.02475 0.00125 0.06575)
(0.025 0.00125 0.06575)
(0.02525 0.00125 0.06575)
(0.0255 0.00125 0.06575)
(0.02575 0.00125 0.06575)
(0.026 0.00125 0.06575)
(0.02625 0.00125 0.06575)
(0.0265 0.00125 0.06575)
(0.02675 0.00125 0.06575)
(0.027 0.00125 0.06575)
(0.02725 0.00125 0.06575)
(0.0275 0.00125 0.06575)
(0.02775 0.00125 0.06575)
(0.028 0.00125 0.06575)
(0.02825 0.00125 0.06575)
(0.0285 0.00125 0.06575)
(0.02875 0.00125 0.06575)
(0.029 0.00125 0.06575)
(0.02925 0.00125 0.06575)
(0.0295 0.00125 0.06575)
(0.02975 0.00125 0.06575)
(0.03 0.00125 0.06575)
(0.03025 0.00125 0.06575)
(0.0305 0.00125 0.06575)
(0.03075 0.00125 0.06575)
(0.031 0.00125 0.06575)
(0.03125 0.00125 0.06575)
(0.0315 0.00125 0.06575)
(0.03175 0.00125 0.06575)
(0.032 0.00125 0.06575)
(0.03225 0.00125 0.06575)
(0.0325 0.00125 0.06575)
(0.03275 0.00125 0.06575)
(0.033 0.00125 0.06575)
(0.03325 0.00125 0.06575)
(0.0335 0.00125 0.06575)
(0.03375 0.00125 0.06575)
(0.034 0.00125 0.06575)
(0.03425 0.00125 0.06575)
(0.0345 0.00125 0.06575)
(0.03475 0.00125 0.06575)
(0.035 0.00125 0.06575)
(0 0.0015 0.06575)
(0.00025 0.0015 0.06575)
(0.0005 0.0015 0.06575)
(0.00075 0.0015 0.06575)
(0.001 0.0015 0.06575)
(0.00125 0.0015 0.06575)
(0.0015 0.0015 0.06575)
(0.00175 0.0015 0.06575)
(0.002 0.0015 0.06575)
(0.00225 0.0015 0.06575)
(0.0025 0.0015 0.06575)
(0.00275 0.0015 0.06575)
(0.003 0.0015 0.06575)
(0.00325 0.0015 0.06575)
(0.0035 0.0015 0.06575)
(0.00375 0.0015 0.06575)
(0.004 0.0015 0.06575)
(0.00425 0.0015 0.06575)
(0.0045 0.0015 0.06575)
(0.00475 0.0015 0.06575)
(0.005 0.0015 0.06575)
(0.00525 0.0015 0.06575)
(0.0055 0.0015 0.06575)
(0.00575 0.0015 0.06575)
(0.006 0.0015 0.06575)
(0.00625 0.0015 0.06575)
(0.0065 0.0015 0.06575)
(0.00675 0.0015 0.06575)
(0.007 0.0015 0.06575)
(0.00725 0.0015 0.06575)
(0.0075 0.0015 0.06575)
(0.00775 0.0015 0.06575)
(0.008 0.0015 0.06575)
(0.00825 0.0015 0.06575)
(0.0085 0.0015 0.06575)
(0.00875 0.0015 0.06575)
(0.009 0.0015 0.06575)
(0.00925 0.0015 0.06575)
(0.0095 0.0015 0.06575)
(0.00975 0.0015 0.06575)
(0.01 0.0015 0.06575)
(0.01025 0.0015 0.06575)
(0.0105 0.0015 0.06575)
(0.01075 0.0015 0.06575)
(0.011 0.0015 0.06575)
(0.01125 0.0015 0.06575)
(0.0115 0.0015 0.06575)
(0.01175 0.0015 0.06575)
(0.012 0.0015 0.06575)
(0.01225 0.0015 0.06575)
(0.0125 0.0015 0.06575)
(0.01275 0.0015 0.06575)
(0.013 0.0015 0.06575)
(0.01325 0.0015 0.06575)
(0.0135 0.0015 0.06575)
(0.01375 0.0015 0.06575)
(0.014 0.0015 0.06575)
(0.01425 0.0015 0.06575)
(0.0145 0.0015 0.06575)
(0.01475 0.0015 0.06575)
(0.015 0.0015 0.06575)
(0.01525 0.0015 0.06575)
(0.0155 0.0015 0.06575)
(0.01575 0.0015 0.06575)
(0.016 0.0015 0.06575)
(0.01625 0.0015 0.06575)
(0.0165 0.0015 0.06575)
(0.01675 0.0015 0.06575)
(0.017 0.0015 0.06575)
(0.01725 0.0015 0.06575)
(0.0175 0.0015 0.06575)
(0.01775 0.0015 0.06575)
(0.018 0.0015 0.06575)
(0.01825 0.0015 0.06575)
(0.0185 0.0015 0.06575)
(0.01875 0.0015 0.06575)
(0.019 0.0015 0.06575)
(0.01925 0.0015 0.06575)
(0.0195 0.0015 0.06575)
(0.01975 0.0015 0.06575)
(0.02 0.0015 0.06575)
(0.02025 0.0015 0.06575)
(0.0205 0.0015 0.06575)
(0.02075 0.0015 0.06575)
(0.021 0.0015 0.06575)
(0.02125 0.0015 0.06575)
(0.0215 0.0015 0.06575)
(0.02175 0.0015 0.06575)
(0.022 0.0015 0.06575)
(0.02225 0.0015 0.06575)
(0.0225 0.0015 0.06575)
(0.02275 0.0015 0.06575)
(0.023 0.0015 0.06575)
(0.02325 0.0015 0.06575)
(0.0235 0.0015 0.06575)
(0.02375 0.0015 0.06575)
(0.024 0.0015 0.06575)
(0.02425 0.0015 0.06575)
(0.0245 0.0015 0.06575)
(0.02475 0.0015 0.06575)
(0.025 0.0015 0.06575)
(0.02525 0.0015 0.06575)
(0.0255 0.0015 0.06575)
(0.02575 0.0015 0.06575)
(0.026 0.0015 0.06575)
(0.02625 0.0015 0.06575)
(0.0265 0.0015 0.06575)
(0.02675 0.0015 0.06575)
(0.027 0.0015 0.06575)
(0.02725 0.0015 0.06575)
(0.0275 0.0015 0.06575)
(0.02775 0.0015 0.06575)
(0.028 0.0015 0.06575)
(0.02825 0.0015 0.06575)
(0.0285 0.0015 0.06575)
(0.02875 0.0015 0.06575)
(0.029 0.0015 0.06575)
(0.02925 0.0015 0.06575)
(0.0295 0.0015 0.06575)
(0.02975 0.0015 0.06575)
(0.03 0.0015 0.06575)
(0.03025 0.0015 0.06575)
(0.0305 0.0015 0.06575)
(0.03075 0.0015 0.06575)
(0.031 0.0015 0.06575)
(0.03125 0.0015 0.06575)
(0.0315 0.0015 0.06575)
(0.03175 0.0015 0.06575)
(0.032 0.0015 0.06575)
(0.03225 0.0015 0.06575)
(0.0325 0.0015 0.06575)
(0.03275 0.0015 0.06575)
(0.033 0.0015 0.06575)
(0.03325 0.0015 0.06575)
(0.0335 0.0015 0.06575)
(0.03375 0.0015 0.06575)
(0.034 0.0015 0.06575)
(0.03425 0.0015 0.06575)
(0.0345 0.0015 0.06575)
(0.03475 0.0015 0.06575)
(0.035 0.0015 0.06575)
(0 0.00175 0.06575)
(0.00025 0.00175 0.06575)
(0.0005 0.00175 0.06575)
(0.00075 0.00175 0.06575)
(0.001 0.00175 0.06575)
(0.00125 0.00175 0.06575)
(0.0015 0.00175 0.06575)
(0.00175 0.00175 0.06575)
(0.002 0.00175 0.06575)
(0.00225 0.00175 0.06575)
(0.0025 0.00175 0.06575)
(0.00275 0.00175 0.06575)
(0.003 0.00175 0.06575)
(0.00325 0.00175 0.06575)
(0.0035 0.00175 0.06575)
(0.00375 0.00175 0.06575)
(0.004 0.00175 0.06575)
(0.00425 0.00175 0.06575)
(0.0045 0.00175 0.06575)
(0.00475 0.00175 0.06575)
(0.005 0.00175 0.06575)
(0.00525 0.00175 0.06575)
(0.0055 0.00175 0.06575)
(0.00575 0.00175 0.06575)
(0.006 0.00175 0.06575)
(0.00625 0.00175 0.06575)
(0.0065 0.00175 0.06575)
(0.00675 0.00175 0.06575)
(0.007 0.00175 0.06575)
(0.00725 0.00175 0.06575)
(0.0075 0.00175 0.06575)
(0.00775 0.00175 0.06575)
(0.008 0.00175 0.06575)
(0.00825 0.00175 0.06575)
(0.0085 0.00175 0.06575)
(0.00875 0.00175 0.06575)
(0.009 0.00175 0.06575)
(0.00925 0.00175 0.06575)
(0.0095 0.00175 0.06575)
(0.00975 0.00175 0.06575)
(0.01 0.00175 0.06575)
(0.01025 0.00175 0.06575)
(0.0105 0.00175 0.06575)
(0.01075 0.00175 0.06575)
(0.011 0.00175 0.06575)
(0.01125 0.00175 0.06575)
(0.0115 0.00175 0.06575)
(0.01175 0.00175 0.06575)
(0.012 0.00175 0.06575)
(0.01225 0.00175 0.06575)
(0.0125 0.00175 0.06575)
(0.01275 0.00175 0.06575)
(0.013 0.00175 0.06575)
(0.01325 0.00175 0.06575)
(0.0135 0.00175 0.06575)
(0.01375 0.00175 0.06575)
(0.014 0.00175 0.06575)
(0.01425 0.00175 0.06575)
(0.0145 0.00175 0.06575)
(0.01475 0.00175 0.06575)
(0.015 0.00175 0.06575)
(0.01525 0.00175 0.06575)
(0.0155 0.00175 0.06575)
(0.01575 0.00175 0.06575)
(0.016 0.00175 0.06575)
(0.01625 0.00175 0.06575)
(0.0165 0.00175 0.06575)
(0.01675 0.00175 0.06575)
(0.017 0.00175 0.06575)
(0.01725 0.00175 0.06575)
(0.0175 0.00175 0.06575)
(0.01775 0.00175 0.06575)
(0.018 0.00175 0.06575)
(0.01825 0.00175 0.06575)
(0.0185 0.00175 0.06575)
(0.01875 0.00175 0.06575)
(0.019 0.00175 0.06575)
(0.01925 0.00175 0.06575)
(0.0195 0.00175 0.06575)
(0.01975 0.00175 0.06575)
(0.02 0.00175 0.06575)
(0.02025 0.00175 0.06575)
(0.0205 0.00175 0.06575)
(0.02075 0.00175 0.06575)
(0.021 0.00175 0.06575)
(0.02125 0.00175 0.06575)
(0.0215 0.00175 0.06575)
(0.02175 0.00175 0.06575)
(0.022 0.00175 0.06575)
(0.02225 0.00175 0.06575)
(0.0225 0.00175 0.06575)
(0.02275 0.00175 0.06575)
(0.023 0.00175 0.06575)
(0.02325 0.00175 0.06575)
(0.0235 0.00175 0.06575)
(0.02375 0.00175 0.06575)
(0.024 0.00175 0.06575)
(0.02425 0.00175 0.06575)
(0.0245 0.00175 0.06575)
(0.02475 0.00175 0.06575)
(0.025 0.00175 0.06575)
(0.02525 0.00175 0.06575)
(0.0255 0.00175 0.06575)
(0.02575 0.00175 0.06575)
(0.026 0.00175 0.06575)
(0.02625 0.00175 0.06575)
(0.0265 0.00175 0.06575)
(0.02675 0.00175 0.06575)
(0.027 0.00175 0.06575)
(0.02725 0.00175 0.06575)
(0.0275 0.00175 0.06575)
(0.02775 0.00175 0.06575)
(0.028 0.00175 0.06575)
(0.02825 0.00175 0.06575)
(0.0285 0.00175 0.06575)
(0.02875 0.00175 0.06575)
(0.029 0.00175 0.06575)
(0.02925 0.00175 0.06575)
(0.0295 0.00175 0.06575)
(0.02975 0.00175 0.06575)
(0.03 0.00175 0.06575)
(0.03025 0.00175 0.06575)
(0.0305 0.00175 0.06575)
(0.03075 0.00175 0.06575)
(0.031 0.00175 0.06575)
(0.03125 0.00175 0.06575)
(0.0315 0.00175 0.06575)
(0.03175 0.00175 0.06575)
(0.032 0.00175 0.06575)
(0.03225 0.00175 0.06575)
(0.0325 0.00175 0.06575)
(0.03275 0.00175 0.06575)
(0.033 0.00175 0.06575)
(0.03325 0.00175 0.06575)
(0.0335 0.00175 0.06575)
(0.03375 0.00175 0.06575)
(0.034 0.00175 0.06575)
(0.03425 0.00175 0.06575)
(0.0345 0.00175 0.06575)
(0.03475 0.00175 0.06575)
(0.035 0.00175 0.06575)
(0 0.002 0.06575)
(0.00025 0.002 0.06575)
(0.0005 0.002 0.06575)
(0.00075 0.002 0.06575)
(0.001 0.002 0.06575)
(0.00125 0.002 0.06575)
(0.0015 0.002 0.06575)
(0.00175 0.002 0.06575)
(0.002 0.002 0.06575)
(0.00225 0.002 0.06575)
(0.0025 0.002 0.06575)
(0.00275 0.002 0.06575)
(0.003 0.002 0.06575)
(0.00325 0.002 0.06575)
(0.0035 0.002 0.06575)
(0.00375 0.002 0.06575)
(0.004 0.002 0.06575)
(0.00425 0.002 0.06575)
(0.0045 0.002 0.06575)
(0.00475 0.002 0.06575)
(0.005 0.002 0.06575)
(0.00525 0.002 0.06575)
(0.0055 0.002 0.06575)
(0.00575 0.002 0.06575)
(0.006 0.002 0.06575)
(0.00625 0.002 0.06575)
(0.0065 0.002 0.06575)
(0.00675 0.002 0.06575)
(0.007 0.002 0.06575)
(0.00725 0.002 0.06575)
(0.0075 0.002 0.06575)
(0.00775 0.002 0.06575)
(0.008 0.002 0.06575)
(0.00825 0.002 0.06575)
(0.0085 0.002 0.06575)
(0.00875 0.002 0.06575)
(0.009 0.002 0.06575)
(0.00925 0.002 0.06575)
(0.0095 0.002 0.06575)
(0.00975 0.002 0.06575)
(0.01 0.002 0.06575)
(0.01025 0.002 0.06575)
(0.0105 0.002 0.06575)
(0.01075 0.002 0.06575)
(0.011 0.002 0.06575)
(0.01125 0.002 0.06575)
(0.0115 0.002 0.06575)
(0.01175 0.002 0.06575)
(0.012 0.002 0.06575)
(0.01225 0.002 0.06575)
(0.0125 0.002 0.06575)
(0.01275 0.002 0.06575)
(0.013 0.002 0.06575)
(0.01325 0.002 0.06575)
(0.0135 0.002 0.06575)
(0.01375 0.002 0.06575)
(0.014 0.002 0.06575)
(0.01425 0.002 0.06575)
(0.0145 0.002 0.06575)
(0.01475 0.002 0.06575)
(0.015 0.002 0.06575)
(0.01525 0.002 0.06575)
(0.0155 0.002 0.06575)
(0.01575 0.002 0.06575)
(0.016 0.002 0.06575)
(0.01625 0.002 0.06575)
(0.0165 0.002 0.06575)
(0.01675 0.002 0.06575)
(0.017 0.002 0.06575)
(0.01725 0.002 0.06575)
(0.0175 0.002 0.06575)
(0.01775 0.002 0.06575)
(0.018 0.002 0.06575)
(0.01825 0.002 0.06575)
(0.0185 0.002 0.06575)
(0.01875 0.002 0.06575)
(0.019 0.002 0.06575)
(0.01925 0.002 0.06575)
(0.0195 0.002 0.06575)
(0.01975 0.002 0.06575)
(0.02 0.002 0.06575)
(0.02025 0.002 0.06575)
(0.0205 0.002 0.06575)
(0.02075 0.002 0.06575)
(0.021 0.002 0.06575)
(0.02125 0.002 0.06575)
(0.0215 0.002 0.06575)
(0.02175 0.002 0.06575)
(0.022 0.002 0.06575)
(0.02225 0.002 0.06575)
(0.0225 0.002 0.06575)
(0.02275 0.002 0.06575)
(0.023 0.002 0.06575)
(0.02325 0.002 0.06575)
(0.0235 0.002 0.06575)
(0.02375 0.002 0.06575)
(0.024 0.002 0.06575)
(0.02425 0.002 0.06575)
(0.0245 0.002 0.06575)
(0.02475 0.002 0.06575)
(0.025 0.002 0.06575)
(0.02525 0.002 0.06575)
(0.0255 0.002 0.06575)
(0.02575 0.002 0.06575)
(0.026 0.002 0.06575)
(0.02625 0.002 0.06575)
(0.0265 0.002 0.06575)
(0.02675 0.002 0.06575)
(0.027 0.002 0.06575)
(0.02725 0.002 0.06575)
(0.0275 0.002 0.06575)
(0.02775 0.002 0.06575)
(0.028 0.002 0.06575)
(0.02825 0.002 0.06575)
(0.0285 0.002 0.06575)
(0.02875 0.002 0.06575)
(0.029 0.002 0.06575)
(0.02925 0.002 0.06575)
(0.0295 0.002 0.06575)
(0.02975 0.002 0.06575)
(0.03 0.002 0.06575)
(0.03025 0.002 0.06575)
(0.0305 0.002 0.06575)
(0.03075 0.002 0.06575)
(0.031 0.002 0.06575)
(0.03125 0.002 0.06575)
(0.0315 0.002 0.06575)
(0.03175 0.002 0.06575)
(0.032 0.002 0.06575)
(0.03225 0.002 0.06575)
(0.0325 0.002 0.06575)
(0.03275 0.002 0.06575)
(0.033 0.002 0.06575)
(0.03325 0.002 0.06575)
(0.0335 0.002 0.06575)
(0.03375 0.002 0.06575)
(0.034 0.002 0.06575)
(0.03425 0.002 0.06575)
(0.0345 0.002 0.06575)
(0.03475 0.002 0.06575)
(0.035 0.002 0.06575)
(0 0.00225 0.06575)
(0.00025 0.00225 0.06575)
(0.0005 0.00225 0.06575)
(0.00075 0.00225 0.06575)
(0.001 0.00225 0.06575)
(0.00125 0.00225 0.06575)
(0.0015 0.00225 0.06575)
(0.00175 0.00225 0.06575)
(0.002 0.00225 0.06575)
(0.00225 0.00225 0.06575)
(0.0025 0.00225 0.06575)
(0.00275 0.00225 0.06575)
(0.003 0.00225 0.06575)
(0.00325 0.00225 0.06575)
(0.0035 0.00225 0.06575)
(0.00375 0.00225 0.06575)
(0.004 0.00225 0.06575)
(0.00425 0.00225 0.06575)
(0.0045 0.00225 0.06575)
(0.00475 0.00225 0.06575)
(0.005 0.00225 0.06575)
(0.00525 0.00225 0.06575)
(0.0055 0.00225 0.06575)
(0.00575 0.00225 0.06575)
(0.006 0.00225 0.06575)
(0.00625 0.00225 0.06575)
(0.0065 0.00225 0.06575)
(0.00675 0.00225 0.06575)
(0.007 0.00225 0.06575)
(0.00725 0.00225 0.06575)
(0.0075 0.00225 0.06575)
(0.00775 0.00225 0.06575)
(0.008 0.00225 0.06575)
(0.00825 0.00225 0.06575)
(0.0085 0.00225 0.06575)
(0.00875 0.00225 0.06575)
(0.009 0.00225 0.06575)
(0.00925 0.00225 0.06575)
(0.0095 0.00225 0.06575)
(0.00975 0.00225 0.06575)
(0.01 0.00225 0.06575)
(0.01025 0.00225 0.06575)
(0.0105 0.00225 0.06575)
(0.01075 0.00225 0.06575)
(0.011 0.00225 0.06575)
(0.01125 0.00225 0.06575)
(0.0115 0.00225 0.06575)
(0.01175 0.00225 0.06575)
(0.012 0.00225 0.06575)
(0.01225 0.00225 0.06575)
(0.0125 0.00225 0.06575)
(0.01275 0.00225 0.06575)
(0.013 0.00225 0.06575)
(0.01325 0.00225 0.06575)
(0.0135 0.00225 0.06575)
(0.01375 0.00225 0.06575)
(0.014 0.00225 0.06575)
(0.01425 0.00225 0.06575)
(0.0145 0.00225 0.06575)
(0.01475 0.00225 0.06575)
(0.015 0.00225 0.06575)
(0.01525 0.00225 0.06575)
(0.0155 0.00225 0.06575)
(0.01575 0.00225 0.06575)
(0.016 0.00225 0.06575)
(0.01625 0.00225 0.06575)
(0.0165 0.00225 0.06575)
(0.01675 0.00225 0.06575)
(0.017 0.00225 0.06575)
(0.01725 0.00225 0.06575)
(0.0175 0.00225 0.06575)
(0.01775 0.00225 0.06575)
(0.018 0.00225 0.06575)
(0.01825 0.00225 0.06575)
(0.0185 0.00225 0.06575)
(0.01875 0.00225 0.06575)
(0.019 0.00225 0.06575)
(0.01925 0.00225 0.06575)
(0.0195 0.00225 0.06575)
(0.01975 0.00225 0.06575)
(0.02 0.00225 0.06575)
(0.02025 0.00225 0.06575)
(0.0205 0.00225 0.06575)
(0.02075 0.00225 0.06575)
(0.021 0.00225 0.06575)
(0.02125 0.00225 0.06575)
(0.0215 0.00225 0.06575)
(0.02175 0.00225 0.06575)
(0.022 0.00225 0.06575)
(0.02225 0.00225 0.06575)
(0.0225 0.00225 0.06575)
(0.02275 0.00225 0.06575)
(0.023 0.00225 0.06575)
(0.02325 0.00225 0.06575)
(0.0235 0.00225 0.06575)
(0.02375 0.00225 0.06575)
(0.024 0.00225 0.06575)
(0.02425 0.00225 0.06575)
(0.0245 0.00225 0.06575)
(0.02475 0.00225 0.06575)
(0.025 0.00225 0.06575)
(0.02525 0.00225 0.06575)
(0.0255 0.00225 0.06575)
(0.02575 0.00225 0.06575)
(0.026 0.00225 0.06575)
(0.02625 0.00225 0.06575)
(0.0265 0.00225 0.06575)
(0.02675 0.00225 0.06575)
(0.027 0.00225 0.06575)
(0.02725 0.00225 0.06575)
(0.0275 0.00225 0.06575)
(0.02775 0.00225 0.06575)
(0.028 0.00225 0.06575)
(0.02825 0.00225 0.06575)
(0.0285 0.00225 0.06575)
(0.02875 0.00225 0.06575)
(0.029 0.00225 0.06575)
(0.02925 0.00225 0.06575)
(0.0295 0.00225 0.06575)
(0.02975 0.00225 0.06575)
(0.03 0.00225 0.06575)
(0.03025 0.00225 0.06575)
(0.0305 0.00225 0.06575)
(0.03075 0.00225 0.06575)
(0.031 0.00225 0.06575)
(0.03125 0.00225 0.06575)
(0.0315 0.00225 0.06575)
(0.03175 0.00225 0.06575)
(0.032 0.00225 0.06575)
(0.03225 0.00225 0.06575)
(0.0325 0.00225 0.06575)
(0.03275 0.00225 0.06575)
(0.033 0.00225 0.06575)
(0.03325 0.00225 0.06575)
(0.0335 0.00225 0.06575)
(0.03375 0.00225 0.06575)
(0.034 0.00225 0.06575)
(0.03425 0.00225 0.06575)
(0.0345 0.00225 0.06575)
(0.03475 0.00225 0.06575)
(0.035 0.00225 0.06575)
(0 0.0025 0.06575)
(0.00025 0.0025 0.06575)
(0.0005 0.0025 0.06575)
(0.00075 0.0025 0.06575)
(0.001 0.0025 0.06575)
(0.00125 0.0025 0.06575)
(0.0015 0.0025 0.06575)
(0.00175 0.0025 0.06575)
(0.002 0.0025 0.06575)
(0.00225 0.0025 0.06575)
(0.0025 0.0025 0.06575)
(0.00275 0.0025 0.06575)
(0.003 0.0025 0.06575)
(0.00325 0.0025 0.06575)
(0.0035 0.0025 0.06575)
(0.00375 0.0025 0.06575)
(0.004 0.0025 0.06575)
(0.00425 0.0025 0.06575)
(0.0045 0.0025 0.06575)
(0.00475 0.0025 0.06575)
(0.005 0.0025 0.06575)
(0.00525 0.0025 0.06575)
(0.0055 0.0025 0.06575)
(0.00575 0.0025 0.06575)
(0.006 0.0025 0.06575)
(0.00625 0.0025 0.06575)
(0.0065 0.0025 0.06575)
(0.00675 0.0025 0.06575)
(0.007 0.0025 0.06575)
(0.00725 0.0025 0.06575)
(0.0075 0.0025 0.06575)
(0.00775 0.0025 0.06575)
(0.008 0.0025 0.06575)
(0.00825 0.0025 0.06575)
(0.0085 0.0025 0.06575)
(0.00875 0.0025 0.06575)
(0.009 0.0025 0.06575)
(0.00925 0.0025 0.06575)
(0.0095 0.0025 0.06575)
(0.00975 0.0025 0.06575)
(0.01 0.0025 0.06575)
(0.01025 0.0025 0.06575)
(0.0105 0.0025 0.06575)
(0.01075 0.0025 0.06575)
(0.011 0.0025 0.06575)
(0.01125 0.0025 0.06575)
(0.0115 0.0025 0.06575)
(0.01175 0.0025 0.06575)
(0.012 0.0025 0.06575)
(0.01225 0.0025 0.06575)
(0.0125 0.0025 0.06575)
(0.01275 0.0025 0.06575)
(0.013 0.0025 0.06575)
(0.01325 0.0025 0.06575)
(0.0135 0.0025 0.06575)
(0.01375 0.0025 0.06575)
(0.014 0.0025 0.06575)
(0.01425 0.0025 0.06575)
(0.0145 0.0025 0.06575)
(0.01475 0.0025 0.06575)
(0.015 0.0025 0.06575)
(0.01525 0.0025 0.06575)
(0.0155 0.0025 0.06575)
(0.01575 0.0025 0.06575)
(0.016 0.0025 0.06575)
(0.01625 0.0025 0.06575)
(0.0165 0.0025 0.06575)
(0.01675 0.0025 0.06575)
(0.017 0.0025 0.06575)
(0.01725 0.0025 0.06575)
(0.0175 0.0025 0.06575)
(0.01775 0.0025 0.06575)
(0.018 0.0025 0.06575)
(0.01825 0.0025 0.06575)
(0.0185 0.0025 0.06575)
(0.01875 0.0025 0.06575)
(0.019 0.0025 0.06575)
(0.01925 0.0025 0.06575)
(0.0195 0.0025 0.06575)
(0.01975 0.0025 0.06575)
(0.02 0.0025 0.06575)
(0.02025 0.0025 0.06575)
(0.0205 0.0025 0.06575)
(0.02075 0.0025 0.06575)
(0.021 0.0025 0.06575)
(0.02125 0.0025 0.06575)
(0.0215 0.0025 0.06575)
(0.02175 0.0025 0.06575)
(0.022 0.0025 0.06575)
(0.02225 0.0025 0.06575)
(0.0225 0.0025 0.06575)
(0.02275 0.0025 0.06575)
(0.023 0.0025 0.06575)
(0.02325 0.0025 0.06575)
(0.0235 0.0025 0.06575)
(0.02375 0.0025 0.06575)
(0.024 0.0025 0.06575)
(0.02425 0.0025 0.06575)
(0.0245 0.0025 0.06575)
(0.02475 0.0025 0.06575)
(0.025 0.0025 0.06575)
(0.02525 0.0025 0.06575)
(0.0255 0.0025 0.06575)
(0.02575 0.0025 0.06575)
(0.026 0.0025 0.06575)
(0.02625 0.0025 0.06575)
(0.0265 0.0025 0.06575)
(0.02675 0.0025 0.06575)
(0.027 0.0025 0.06575)
(0.02725 0.0025 0.06575)
(0.0275 0.0025 0.06575)
(0.02775 0.0025 0.06575)
(0.028 0.0025 0.06575)
(0.02825 0.0025 0.06575)
(0.0285 0.0025 0.06575)
(0.02875 0.0025 0.06575)
(0.029 0.0025 0.06575)
(0.02925 0.0025 0.06575)
(0.0295 0.0025 0.06575)
(0.02975 0.0025 0.06575)
(0.03 0.0025 0.06575)
(0.03025 0.0025 0.06575)
(0.0305 0.0025 0.06575)
(0.03075 0.0025 0.06575)
(0.031 0.0025 0.06575)
(0.03125 0.0025 0.06575)
(0.0315 0.0025 0.06575)
(0.03175 0.0025 0.06575)
(0.032 0.0025 0.06575)
(0.03225 0.0025 0.06575)
(0.0325 0.0025 0.06575)
(0.03275 0.0025 0.06575)
(0.033 0.0025 0.06575)
(0.03325 0.0025 0.06575)
(0.0335 0.0025 0.06575)
(0.03375 0.0025 0.06575)
(0.034 0.0025 0.06575)
(0.03425 0.0025 0.06575)
(0.0345 0.0025 0.06575)
(0.03475 0.0025 0.06575)
(0.035 0.0025 0.06575)
(0 0 0.066)
(0.00025 0 0.066)
(0.0005 0 0.066)
(0.00075 0 0.066)
(0.001 0 0.066)
(0.00125 0 0.066)
(0.0015 0 0.066)
(0.00175 0 0.066)
(0.002 0 0.066)
(0.00225 0 0.066)
(0.0025 0 0.066)
(0.00275 0 0.066)
(0.003 0 0.066)
(0.00325 0 0.066)
(0.0035 0 0.066)
(0.00375 0 0.066)
(0.004 0 0.066)
(0.00425 0 0.066)
(0.0045 0 0.066)
(0.00475 0 0.066)
(0.005 0 0.066)
(0.00525 0 0.066)
(0.0055 0 0.066)
(0.00575 0 0.066)
(0.006 0 0.066)
(0.00625 0 0.066)
(0.0065 0 0.066)
(0.00675 0 0.066)
(0.007 0 0.066)
(0.00725 0 0.066)
(0.0075 0 0.066)
(0.00775 0 0.066)
(0.008 0 0.066)
(0.00825 0 0.066)
(0.0085 0 0.066)
(0.00875 0 0.066)
(0.009 0 0.066)
(0.00925 0 0.066)
(0.0095 0 0.066)
(0.00975 0 0.066)
(0.01 0 0.066)
(0.01025 0 0.066)
(0.0105 0 0.066)
(0.01075 0 0.066)
(0.011 0 0.066)
(0.01125 0 0.066)
(0.0115 0 0.066)
(0.01175 0 0.066)
(0.012 0 0.066)
(0.01225 0 0.066)
(0.0125 0 0.066)
(0.01275 0 0.066)
(0.013 0 0.066)
(0.01325 0 0.066)
(0.0135 0 0.066)
(0.01375 0 0.066)
(0.014 0 0.066)
(0.01425 0 0.066)
(0.0145 0 0.066)
(0.01475 0 0.066)
(0.015 0 0.066)
(0.01525 0 0.066)
(0.0155 0 0.066)
(0.01575 0 0.066)
(0.016 0 0.066)
(0.01625 0 0.066)
(0.0165 0 0.066)
(0.01675 0 0.066)
(0.017 0 0.066)
(0.01725 0 0.066)
(0.0175 0 0.066)
(0.01775 0 0.066)
(0.018 0 0.066)
(0.01825 0 0.066)
(0.0185 0 0.066)
(0.01875 0 0.066)
(0.019 0 0.066)
(0.01925 0 0.066)
(0.0195 0 0.066)
(0.01975 0 0.066)
(0.02 0 0.066)
(0.02025 0 0.066)
(0.0205 0 0.066)
(0.02075 0 0.066)
(0.021 0 0.066)
(0.02125 0 0.066)
(0.0215 0 0.066)
(0.02175 0 0.066)
(0.022 0 0.066)
(0.02225 0 0.066)
(0.0225 0 0.066)
(0.02275 0 0.066)
(0.023 0 0.066)
(0.02325 0 0.066)
(0.0235 0 0.066)
(0.02375 0 0.066)
(0.024 0 0.066)
(0.02425 0 0.066)
(0.0245 0 0.066)
(0.02475 0 0.066)
(0.025 0 0.066)
(0.02525 0 0.066)
(0.0255 0 0.066)
(0.02575 0 0.066)
(0.026 0 0.066)
(0.02625 0 0.066)
(0.0265 0 0.066)
(0.02675 0 0.066)
(0.027 0 0.066)
(0.02725 0 0.066)
(0.0275 0 0.066)
(0.02775 0 0.066)
(0.028 0 0.066)
(0.02825 0 0.066)
(0.0285 0 0.066)
(0.02875 0 0.066)
(0.029 0 0.066)
(0.02925 0 0.066)
(0.0295 0 0.066)
(0.02975 0 0.066)
(0.03 0 0.066)
(0.03025 0 0.066)
(0.0305 0 0.066)
(0.03075 0 0.066)
(0.031 0 0.066)
(0.03125 0 0.066)
(0.0315 0 0.066)
(0.03175 0 0.066)
(0.032 0 0.066)
(0.03225 0 0.066)
(0.0325 0 0.066)
(0.03275 0 0.066)
(0.033 0 0.066)
(0.03325 0 0.066)
(0.0335 0 0.066)
(0.03375 0 0.066)
(0.034 0 0.066)
(0.03425 0 0.066)
(0.0345 0 0.066)
(0.03475 0 0.066)
(0.035 0 0.066)
(0 0.00025 0.066)
(0.00025 0.00025 0.066)
(0.0005 0.00025 0.066)
(0.00075 0.00025 0.066)
(0.001 0.00025 0.066)
(0.00125 0.00025 0.066)
(0.0015 0.00025 0.066)
(0.00175 0.00025 0.066)
(0.002 0.00025 0.066)
(0.00225 0.00025 0.066)
(0.0025 0.00025 0.066)
(0.00275 0.00025 0.066)
(0.003 0.00025 0.066)
(0.00325 0.00025 0.066)
(0.0035 0.00025 0.066)
(0.00375 0.00025 0.066)
(0.004 0.00025 0.066)
(0.00425 0.00025 0.066)
(0.0045 0.00025 0.066)
(0.00475 0.00025 0.066)
(0.005 0.00025 0.066)
(0.00525 0.00025 0.066)
(0.0055 0.00025 0.066)
(0.00575 0.00025 0.066)
(0.006 0.00025 0.066)
(0.00625 0.00025 0.066)
(0.0065 0.00025 0.066)
(0.00675 0.00025 0.066)
(0.007 0.00025 0.066)
(0.00725 0.00025 0.066)
(0.0075 0.00025 0.066)
(0.00775 0.00025 0.066)
(0.008 0.00025 0.066)
(0.00825 0.00025 0.066)
(0.0085 0.00025 0.066)
(0.00875 0.00025 0.066)
(0.009 0.00025 0.066)
(0.00925 0.00025 0.066)
(0.0095 0.00025 0.066)
(0.00975 0.00025 0.066)
(0.01 0.00025 0.066)
(0.01025 0.00025 0.066)
(0.0105 0.00025 0.066)
(0.01075 0.00025 0.066)
(0.011 0.00025 0.066)
(0.01125 0.00025 0.066)
(0.0115 0.00025 0.066)
(0.01175 0.00025 0.066)
(0.012 0.00025 0.066)
(0.01225 0.00025 0.066)
(0.0125 0.00025 0.066)
(0.01275 0.00025 0.066)
(0.013 0.00025 0.066)
(0.01325 0.00025 0.066)
(0.0135 0.00025 0.066)
(0.01375 0.00025 0.066)
(0.014 0.00025 0.066)
(0.01425 0.00025 0.066)
(0.0145 0.00025 0.066)
(0.01475 0.00025 0.066)
(0.015 0.00025 0.066)
(0.01525 0.00025 0.066)
(0.0155 0.00025 0.066)
(0.01575 0.00025 0.066)
(0.016 0.00025 0.066)
(0.01625 0.00025 0.066)
(0.0165 0.00025 0.066)
(0.01675 0.00025 0.066)
(0.017 0.00025 0.066)
(0.01725 0.00025 0.066)
(0.0175 0.00025 0.066)
(0.01775 0.00025 0.066)
(0.018 0.00025 0.066)
(0.01825 0.00025 0.066)
(0.0185 0.00025 0.066)
(0.01875 0.00025 0.066)
(0.019 0.00025 0.066)
(0.01925 0.00025 0.066)
(0.0195 0.00025 0.066)
(0.01975 0.00025 0.066)
(0.02 0.00025 0.066)
(0.02025 0.00025 0.066)
(0.0205 0.00025 0.066)
(0.02075 0.00025 0.066)
(0.021 0.00025 0.066)
(0.02125 0.00025 0.066)
(0.0215 0.00025 0.066)
(0.02175 0.00025 0.066)
(0.022 0.00025 0.066)
(0.02225 0.00025 0.066)
(0.0225 0.00025 0.066)
(0.02275 0.00025 0.066)
(0.023 0.00025 0.066)
(0.02325 0.00025 0.066)
(0.0235 0.00025 0.066)
(0.02375 0.00025 0.066)
(0.024 0.00025 0.066)
(0.02425 0.00025 0.066)
(0.0245 0.00025 0.066)
(0.02475 0.00025 0.066)
(0.025 0.00025 0.066)
(0.02525 0.00025 0.066)
(0.0255 0.00025 0.066)
(0.02575 0.00025 0.066)
(0.026 0.00025 0.066)
(0.02625 0.00025 0.066)
(0.0265 0.00025 0.066)
(0.02675 0.00025 0.066)
(0.027 0.00025 0.066)
(0.02725 0.00025 0.066)
(0.0275 0.00025 0.066)
(0.02775 0.00025 0.066)
(0.028 0.00025 0.066)
(0.02825 0.00025 0.066)
(0.0285 0.00025 0.066)
(0.02875 0.00025 0.066)
(0.029 0.00025 0.066)
(0.02925 0.00025 0.066)
(0.0295 0.00025 0.066)
(0.02975 0.00025 0.066)
(0.03 0.00025 0.066)
(0.03025 0.00025 0.066)
(0.0305 0.00025 0.066)
(0.03075 0.00025 0.066)
(0.031 0.00025 0.066)
(0.03125 0.00025 0.066)
(0.0315 0.00025 0.066)
(0.03175 0.00025 0.066)
(0.032 0.00025 0.066)
(0.03225 0.00025 0.066)
(0.0325 0.00025 0.066)
(0.03275 0.00025 0.066)
(0.033 0.00025 0.066)
(0.03325 0.00025 0.066)
(0.0335 0.00025 0.066)
(0.03375 0.00025 0.066)
(0.034 0.00025 0.066)
(0.03425 0.00025 0.066)
(0.0345 0.00025 0.066)
(0.03475 0.00025 0.066)
(0.035 0.00025 0.066)
(0 0.0005 0.066)
(0.00025 0.0005 0.066)
(0.0005 0.0005 0.066)
(0.00075 0.0005 0.066)
(0.001 0.0005 0.066)
(0.00125 0.0005 0.066)
(0.0015 0.0005 0.066)
(0.00175 0.0005 0.066)
(0.002 0.0005 0.066)
(0.00225 0.0005 0.066)
(0.0025 0.0005 0.066)
(0.00275 0.0005 0.066)
(0.003 0.0005 0.066)
(0.00325 0.0005 0.066)
(0.0035 0.0005 0.066)
(0.00375 0.0005 0.066)
(0.004 0.0005 0.066)
(0.00425 0.0005 0.066)
(0.0045 0.0005 0.066)
(0.00475 0.0005 0.066)
(0.005 0.0005 0.066)
(0.00525 0.0005 0.066)
(0.0055 0.0005 0.066)
(0.00575 0.0005 0.066)
(0.006 0.0005 0.066)
(0.00625 0.0005 0.066)
(0.0065 0.0005 0.066)
(0.00675 0.0005 0.066)
(0.007 0.0005 0.066)
(0.00725 0.0005 0.066)
(0.0075 0.0005 0.066)
(0.00775 0.0005 0.066)
(0.008 0.0005 0.066)
(0.00825 0.0005 0.066)
(0.0085 0.0005 0.066)
(0.00875 0.0005 0.066)
(0.009 0.0005 0.066)
(0.00925 0.0005 0.066)
(0.0095 0.0005 0.066)
(0.00975 0.0005 0.066)
(0.01 0.0005 0.066)
(0.01025 0.0005 0.066)
(0.0105 0.0005 0.066)
(0.01075 0.0005 0.066)
(0.011 0.0005 0.066)
(0.01125 0.0005 0.066)
(0.0115 0.0005 0.066)
(0.01175 0.0005 0.066)
(0.012 0.0005 0.066)
(0.01225 0.0005 0.066)
(0.0125 0.0005 0.066)
(0.01275 0.0005 0.066)
(0.013 0.0005 0.066)
(0.01325 0.0005 0.066)
(0.0135 0.0005 0.066)
(0.01375 0.0005 0.066)
(0.014 0.0005 0.066)
(0.01425 0.0005 0.066)
(0.0145 0.0005 0.066)
(0.01475 0.0005 0.066)
(0.015 0.0005 0.066)
(0.01525 0.0005 0.066)
(0.0155 0.0005 0.066)
(0.01575 0.0005 0.066)
(0.016 0.0005 0.066)
(0.01625 0.0005 0.066)
(0.0165 0.0005 0.066)
(0.01675 0.0005 0.066)
(0.017 0.0005 0.066)
(0.01725 0.0005 0.066)
(0.0175 0.0005 0.066)
(0.01775 0.0005 0.066)
(0.018 0.0005 0.066)
(0.01825 0.0005 0.066)
(0.0185 0.0005 0.066)
(0.01875 0.0005 0.066)
(0.019 0.0005 0.066)
(0.01925 0.0005 0.066)
(0.0195 0.0005 0.066)
(0.01975 0.0005 0.066)
(0.02 0.0005 0.066)
(0.02025 0.0005 0.066)
(0.0205 0.0005 0.066)
(0.02075 0.0005 0.066)
(0.021 0.0005 0.066)
(0.02125 0.0005 0.066)
(0.0215 0.0005 0.066)
(0.02175 0.0005 0.066)
(0.022 0.0005 0.066)
(0.02225 0.0005 0.066)
(0.0225 0.0005 0.066)
(0.02275 0.0005 0.066)
(0.023 0.0005 0.066)
(0.02325 0.0005 0.066)
(0.0235 0.0005 0.066)
(0.02375 0.0005 0.066)
(0.024 0.0005 0.066)
(0.02425 0.0005 0.066)
(0.0245 0.0005 0.066)
(0.02475 0.0005 0.066)
(0.025 0.0005 0.066)
(0.02525 0.0005 0.066)
(0.0255 0.0005 0.066)
(0.02575 0.0005 0.066)
(0.026 0.0005 0.066)
(0.02625 0.0005 0.066)
(0.0265 0.0005 0.066)
(0.02675 0.0005 0.066)
(0.027 0.0005 0.066)
(0.02725 0.0005 0.066)
(0.0275 0.0005 0.066)
(0.02775 0.0005 0.066)
(0.028 0.0005 0.066)
(0.02825 0.0005 0.066)
(0.0285 0.0005 0.066)
(0.02875 0.0005 0.066)
(0.029 0.0005 0.066)
(0.02925 0.0005 0.066)
(0.0295 0.0005 0.066)
(0.02975 0.0005 0.066)
(0.03 0.0005 0.066)
(0.03025 0.0005 0.066)
(0.0305 0.0005 0.066)
(0.03075 0.0005 0.066)
(0.031 0.0005 0.066)
(0.03125 0.0005 0.066)
(0.0315 0.0005 0.066)
(0.03175 0.0005 0.066)
(0.032 0.0005 0.066)
(0.03225 0.0005 0.066)
(0.0325 0.0005 0.066)
(0.03275 0.0005 0.066)
(0.033 0.0005 0.066)
(0.03325 0.0005 0.066)
(0.0335 0.0005 0.066)
(0.03375 0.0005 0.066)
(0.034 0.0005 0.066)
(0.03425 0.0005 0.066)
(0.0345 0.0005 0.066)
(0.03475 0.0005 0.066)
(0.035 0.0005 0.066)
(0 0.00075 0.066)
(0.00025 0.00075 0.066)
(0.0005 0.00075 0.066)
(0.00075 0.00075 0.066)
(0.001 0.00075 0.066)
(0.00125 0.00075 0.066)
(0.0015 0.00075 0.066)
(0.00175 0.00075 0.066)
(0.002 0.00075 0.066)
(0.00225 0.00075 0.066)
(0.0025 0.00075 0.066)
(0.00275 0.00075 0.066)
(0.003 0.00075 0.066)
(0.00325 0.00075 0.066)
(0.0035 0.00075 0.066)
(0.00375 0.00075 0.066)
(0.004 0.00075 0.066)
(0.00425 0.00075 0.066)
(0.0045 0.00075 0.066)
(0.00475 0.00075 0.066)
(0.005 0.00075 0.066)
(0.00525 0.00075 0.066)
(0.0055 0.00075 0.066)
(0.00575 0.00075 0.066)
(0.006 0.00075 0.066)
(0.00625 0.00075 0.066)
(0.0065 0.00075 0.066)
(0.00675 0.00075 0.066)
(0.007 0.00075 0.066)
(0.00725 0.00075 0.066)
(0.0075 0.00075 0.066)
(0.00775 0.00075 0.066)
(0.008 0.00075 0.066)
(0.00825 0.00075 0.066)
(0.0085 0.00075 0.066)
(0.00875 0.00075 0.066)
(0.009 0.00075 0.066)
(0.00925 0.00075 0.066)
(0.0095 0.00075 0.066)
(0.00975 0.00075 0.066)
(0.01 0.00075 0.066)
(0.01025 0.00075 0.066)
(0.0105 0.00075 0.066)
(0.01075 0.00075 0.066)
(0.011 0.00075 0.066)
(0.01125 0.00075 0.066)
(0.0115 0.00075 0.066)
(0.01175 0.00075 0.066)
(0.012 0.00075 0.066)
(0.01225 0.00075 0.066)
(0.0125 0.00075 0.066)
(0.01275 0.00075 0.066)
(0.013 0.00075 0.066)
(0.01325 0.00075 0.066)
(0.0135 0.00075 0.066)
(0.01375 0.00075 0.066)
(0.014 0.00075 0.066)
(0.01425 0.00075 0.066)
(0.0145 0.00075 0.066)
(0.01475 0.00075 0.066)
(0.015 0.00075 0.066)
(0.01525 0.00075 0.066)
(0.0155 0.00075 0.066)
(0.01575 0.00075 0.066)
(0.016 0.00075 0.066)
(0.01625 0.00075 0.066)
(0.0165 0.00075 0.066)
(0.01675 0.00075 0.066)
(0.017 0.00075 0.066)
(0.01725 0.00075 0.066)
(0.0175 0.00075 0.066)
(0.01775 0.00075 0.066)
(0.018 0.00075 0.066)
(0.01825 0.00075 0.066)
(0.0185 0.00075 0.066)
(0.01875 0.00075 0.066)
(0.019 0.00075 0.066)
(0.01925 0.00075 0.066)
(0.0195 0.00075 0.066)
(0.01975 0.00075 0.066)
(0.02 0.00075 0.066)
(0.02025 0.00075 0.066)
(0.0205 0.00075 0.066)
(0.02075 0.00075 0.066)
(0.021 0.00075 0.066)
(0.02125 0.00075 0.066)
(0.0215 0.00075 0.066)
(0.02175 0.00075 0.066)
(0.022 0.00075 0.066)
(0.02225 0.00075 0.066)
(0.0225 0.00075 0.066)
(0.02275 0.00075 0.066)
(0.023 0.00075 0.066)
(0.02325 0.00075 0.066)
(0.0235 0.00075 0.066)
(0.02375 0.00075 0.066)
(0.024 0.00075 0.066)
(0.02425 0.00075 0.066)
(0.0245 0.00075 0.066)
(0.02475 0.00075 0.066)
(0.025 0.00075 0.066)
(0.02525 0.00075 0.066)
(0.0255 0.00075 0.066)
(0.02575 0.00075 0.066)
(0.026 0.00075 0.066)
(0.02625 0.00075 0.066)
(0.0265 0.00075 0.066)
(0.02675 0.00075 0.066)
(0.027 0.00075 0.066)
(0.02725 0.00075 0.066)
(0.0275 0.00075 0.066)
(0.02775 0.00075 0.066)
(0.028 0.00075 0.066)
(0.02825 0.00075 0.066)
(0.0285 0.00075 0.066)
(0.02875 0.00075 0.066)
(0.029 0.00075 0.066)
(0.02925 0.00075 0.066)
(0.0295 0.00075 0.066)
(0.02975 0.00075 0.066)
(0.03 0.00075 0.066)
(0.03025 0.00075 0.066)
(0.0305 0.00075 0.066)
(0.03075 0.00075 0.066)
(0.031 0.00075 0.066)
(0.03125 0.00075 0.066)
(0.0315 0.00075 0.066)
(0.03175 0.00075 0.066)
(0.032 0.00075 0.066)
(0.03225 0.00075 0.066)
(0.0325 0.00075 0.066)
(0.03275 0.00075 0.066)
(0.033 0.00075 0.066)
(0.03325 0.00075 0.066)
(0.0335 0.00075 0.066)
(0.03375 0.00075 0.066)
(0.034 0.00075 0.066)
(0.03425 0.00075 0.066)
(0.0345 0.00075 0.066)
(0.03475 0.00075 0.066)
(0.035 0.00075 0.066)
(0 0.001 0.066)
(0.00025 0.001 0.066)
(0.0005 0.001 0.066)
(0.00075 0.001 0.066)
(0.001 0.001 0.066)
(0.00125 0.001 0.066)
(0.0015 0.001 0.066)
(0.00175 0.001 0.066)
(0.002 0.001 0.066)
(0.00225 0.001 0.066)
(0.0025 0.001 0.066)
(0.00275 0.001 0.066)
(0.003 0.001 0.066)
(0.00325 0.001 0.066)
(0.0035 0.001 0.066)
(0.00375 0.001 0.066)
(0.004 0.001 0.066)
(0.00425 0.001 0.066)
(0.0045 0.001 0.066)
(0.00475 0.001 0.066)
(0.005 0.001 0.066)
(0.00525 0.001 0.066)
(0.0055 0.001 0.066)
(0.00575 0.001 0.066)
(0.006 0.001 0.066)
(0.00625 0.001 0.066)
(0.0065 0.001 0.066)
(0.00675 0.001 0.066)
(0.007 0.001 0.066)
(0.00725 0.001 0.066)
(0.0075 0.001 0.066)
(0.00775 0.001 0.066)
(0.008 0.001 0.066)
(0.00825 0.001 0.066)
(0.0085 0.001 0.066)
(0.00875 0.001 0.066)
(0.009 0.001 0.066)
(0.00925 0.001 0.066)
(0.0095 0.001 0.066)
(0.00975 0.001 0.066)
(0.01 0.001 0.066)
(0.01025 0.001 0.066)
(0.0105 0.001 0.066)
(0.01075 0.001 0.066)
(0.011 0.001 0.066)
(0.01125 0.001 0.066)
(0.0115 0.001 0.066)
(0.01175 0.001 0.066)
(0.012 0.001 0.066)
(0.01225 0.001 0.066)
(0.0125 0.001 0.066)
(0.01275 0.001 0.066)
(0.013 0.001 0.066)
(0.01325 0.001 0.066)
(0.0135 0.001 0.066)
(0.01375 0.001 0.066)
(0.014 0.001 0.066)
(0.01425 0.001 0.066)
(0.0145 0.001 0.066)
(0.01475 0.001 0.066)
(0.015 0.001 0.066)
(0.01525 0.001 0.066)
(0.0155 0.001 0.066)
(0.01575 0.001 0.066)
(0.016 0.001 0.066)
(0.01625 0.001 0.066)
(0.0165 0.001 0.066)
(0.01675 0.001 0.066)
(0.017 0.001 0.066)
(0.01725 0.001 0.066)
(0.0175 0.001 0.066)
(0.01775 0.001 0.066)
(0.018 0.001 0.066)
(0.01825 0.001 0.066)
(0.0185 0.001 0.066)
(0.01875 0.001 0.066)
(0.019 0.001 0.066)
(0.01925 0.001 0.066)
(0.0195 0.001 0.066)
(0.01975 0.001 0.066)
(0.02 0.001 0.066)
(0.02025 0.001 0.066)
(0.0205 0.001 0.066)
(0.02075 0.001 0.066)
(0.021 0.001 0.066)
(0.02125 0.001 0.066)
(0.0215 0.001 0.066)
(0.02175 0.001 0.066)
(0.022 0.001 0.066)
(0.02225 0.001 0.066)
(0.0225 0.001 0.066)
(0.02275 0.001 0.066)
(0.023 0.001 0.066)
(0.02325 0.001 0.066)
(0.0235 0.001 0.066)
(0.02375 0.001 0.066)
(0.024 0.001 0.066)
(0.02425 0.001 0.066)
(0.0245 0.001 0.066)
(0.02475 0.001 0.066)
(0.025 0.001 0.066)
(0.02525 0.001 0.066)
(0.0255 0.001 0.066)
(0.02575 0.001 0.066)
(0.026 0.001 0.066)
(0.02625 0.001 0.066)
(0.0265 0.001 0.066)
(0.02675 0.001 0.066)
(0.027 0.001 0.066)
(0.02725 0.001 0.066)
(0.0275 0.001 0.066)
(0.02775 0.001 0.066)
(0.028 0.001 0.066)
(0.02825 0.001 0.066)
(0.0285 0.001 0.066)
(0.02875 0.001 0.066)
(0.029 0.001 0.066)
(0.02925 0.001 0.066)
(0.0295 0.001 0.066)
(0.02975 0.001 0.066)
(0.03 0.001 0.066)
(0.03025 0.001 0.066)
(0.0305 0.001 0.066)
(0.03075 0.001 0.066)
(0.031 0.001 0.066)
(0.03125 0.001 0.066)
(0.0315 0.001 0.066)
(0.03175 0.001 0.066)
(0.032 0.001 0.066)
(0.03225 0.001 0.066)
(0.0325 0.001 0.066)
(0.03275 0.001 0.066)
(0.033 0.001 0.066)
(0.03325 0.001 0.066)
(0.0335 0.001 0.066)
(0.03375 0.001 0.066)
(0.034 0.001 0.066)
(0.03425 0.001 0.066)
(0.0345 0.001 0.066)
(0.03475 0.001 0.066)
(0.035 0.001 0.066)
(0 0.00125 0.066)
(0.00025 0.00125 0.066)
(0.0005 0.00125 0.066)
(0.00075 0.00125 0.066)
(0.001 0.00125 0.066)
(0.00125 0.00125 0.066)
(0.0015 0.00125 0.066)
(0.00175 0.00125 0.066)
(0.002 0.00125 0.066)
(0.00225 0.00125 0.066)
(0.0025 0.00125 0.066)
(0.00275 0.00125 0.066)
(0.003 0.00125 0.066)
(0.00325 0.00125 0.066)
(0.0035 0.00125 0.066)
(0.00375 0.00125 0.066)
(0.004 0.00125 0.066)
(0.00425 0.00125 0.066)
(0.0045 0.00125 0.066)
(0.00475 0.00125 0.066)
(0.005 0.00125 0.066)
(0.00525 0.00125 0.066)
(0.0055 0.00125 0.066)
(0.00575 0.00125 0.066)
(0.006 0.00125 0.066)
(0.00625 0.00125 0.066)
(0.0065 0.00125 0.066)
(0.00675 0.00125 0.066)
(0.007 0.00125 0.066)
(0.00725 0.00125 0.066)
(0.0075 0.00125 0.066)
(0.00775 0.00125 0.066)
(0.008 0.00125 0.066)
(0.00825 0.00125 0.066)
(0.0085 0.00125 0.066)
(0.00875 0.00125 0.066)
(0.009 0.00125 0.066)
(0.00925 0.00125 0.066)
(0.0095 0.00125 0.066)
(0.00975 0.00125 0.066)
(0.01 0.00125 0.066)
(0.01025 0.00125 0.066)
(0.0105 0.00125 0.066)
(0.01075 0.00125 0.066)
(0.011 0.00125 0.066)
(0.01125 0.00125 0.066)
(0.0115 0.00125 0.066)
(0.01175 0.00125 0.066)
(0.012 0.00125 0.066)
(0.01225 0.00125 0.066)
(0.0125 0.00125 0.066)
(0.01275 0.00125 0.066)
(0.013 0.00125 0.066)
(0.01325 0.00125 0.066)
(0.0135 0.00125 0.066)
(0.01375 0.00125 0.066)
(0.014 0.00125 0.066)
(0.01425 0.00125 0.066)
(0.0145 0.00125 0.066)
(0.01475 0.00125 0.066)
(0.015 0.00125 0.066)
(0.01525 0.00125 0.066)
(0.0155 0.00125 0.066)
(0.01575 0.00125 0.066)
(0.016 0.00125 0.066)
(0.01625 0.00125 0.066)
(0.0165 0.00125 0.066)
(0.01675 0.00125 0.066)
(0.017 0.00125 0.066)
(0.01725 0.00125 0.066)
(0.0175 0.00125 0.066)
(0.01775 0.00125 0.066)
(0.018 0.00125 0.066)
(0.01825 0.00125 0.066)
(0.0185 0.00125 0.066)
(0.01875 0.00125 0.066)
(0.019 0.00125 0.066)
(0.01925 0.00125 0.066)
(0.0195 0.00125 0.066)
(0.01975 0.00125 0.066)
(0.02 0.00125 0.066)
(0.02025 0.00125 0.066)
(0.0205 0.00125 0.066)
(0.02075 0.00125 0.066)
(0.021 0.00125 0.066)
(0.02125 0.00125 0.066)
(0.0215 0.00125 0.066)
(0.02175 0.00125 0.066)
(0.022 0.00125 0.066)
(0.02225 0.00125 0.066)
(0.0225 0.00125 0.066)
(0.02275 0.00125 0.066)
(0.023 0.00125 0.066)
(0.02325 0.00125 0.066)
(0.0235 0.00125 0.066)
(0.02375 0.00125 0.066)
(0.024 0.00125 0.066)
(0.02425 0.00125 0.066)
(0.0245 0.00125 0.066)
(0.02475 0.00125 0.066)
(0.025 0.00125 0.066)
(0.02525 0.00125 0.066)
(0.0255 0.00125 0.066)
(0.02575 0.00125 0.066)
(0.026 0.00125 0.066)
(0.02625 0.00125 0.066)
(0.0265 0.00125 0.066)
(0.02675 0.00125 0.066)
(0.027 0.00125 0.066)
(0.02725 0.00125 0.066)
(0.0275 0.00125 0.066)
(0.02775 0.00125 0.066)
(0.028 0.00125 0.066)
(0.02825 0.00125 0.066)
(0.0285 0.00125 0.066)
(0.02875 0.00125 0.066)
(0.029 0.00125 0.066)
(0.02925 0.00125 0.066)
(0.0295 0.00125 0.066)
(0.02975 0.00125 0.066)
(0.03 0.00125 0.066)
(0.03025 0.00125 0.066)
(0.0305 0.00125 0.066)
(0.03075 0.00125 0.066)
(0.031 0.00125 0.066)
(0.03125 0.00125 0.066)
(0.0315 0.00125 0.066)
(0.03175 0.00125 0.066)
(0.032 0.00125 0.066)
(0.03225 0.00125 0.066)
(0.0325 0.00125 0.066)
(0.03275 0.00125 0.066)
(0.033 0.00125 0.066)
(0.03325 0.00125 0.066)
(0.0335 0.00125 0.066)
(0.03375 0.00125 0.066)
(0.034 0.00125 0.066)
(0.03425 0.00125 0.066)
(0.0345 0.00125 0.066)
(0.03475 0.00125 0.066)
(0.035 0.00125 0.066)
(0 0.0015 0.066)
(0.00025 0.0015 0.066)
(0.0005 0.0015 0.066)
(0.00075 0.0015 0.066)
(0.001 0.0015 0.066)
(0.00125 0.0015 0.066)
(0.0015 0.0015 0.066)
(0.00175 0.0015 0.066)
(0.002 0.0015 0.066)
(0.00225 0.0015 0.066)
(0.0025 0.0015 0.066)
(0.00275 0.0015 0.066)
(0.003 0.0015 0.066)
(0.00325 0.0015 0.066)
(0.0035 0.0015 0.066)
(0.00375 0.0015 0.066)
(0.004 0.0015 0.066)
(0.00425 0.0015 0.066)
(0.0045 0.0015 0.066)
(0.00475 0.0015 0.066)
(0.005 0.0015 0.066)
(0.00525 0.0015 0.066)
(0.0055 0.0015 0.066)
(0.00575 0.0015 0.066)
(0.006 0.0015 0.066)
(0.00625 0.0015 0.066)
(0.0065 0.0015 0.066)
(0.00675 0.0015 0.066)
(0.007 0.0015 0.066)
(0.00725 0.0015 0.066)
(0.0075 0.0015 0.066)
(0.00775 0.0015 0.066)
(0.008 0.0015 0.066)
(0.00825 0.0015 0.066)
(0.0085 0.0015 0.066)
(0.00875 0.0015 0.066)
(0.009 0.0015 0.066)
(0.00925 0.0015 0.066)
(0.0095 0.0015 0.066)
(0.00975 0.0015 0.066)
(0.01 0.0015 0.066)
(0.01025 0.0015 0.066)
(0.0105 0.0015 0.066)
(0.01075 0.0015 0.066)
(0.011 0.0015 0.066)
(0.01125 0.0015 0.066)
(0.0115 0.0015 0.066)
(0.01175 0.0015 0.066)
(0.012 0.0015 0.066)
(0.01225 0.0015 0.066)
(0.0125 0.0015 0.066)
(0.01275 0.0015 0.066)
(0.013 0.0015 0.066)
(0.01325 0.0015 0.066)
(0.0135 0.0015 0.066)
(0.01375 0.0015 0.066)
(0.014 0.0015 0.066)
(0.01425 0.0015 0.066)
(0.0145 0.0015 0.066)
(0.01475 0.0015 0.066)
(0.015 0.0015 0.066)
(0.01525 0.0015 0.066)
(0.0155 0.0015 0.066)
(0.01575 0.0015 0.066)
(0.016 0.0015 0.066)
(0.01625 0.0015 0.066)
(0.0165 0.0015 0.066)
(0.01675 0.0015 0.066)
(0.017 0.0015 0.066)
(0.01725 0.0015 0.066)
(0.0175 0.0015 0.066)
(0.01775 0.0015 0.066)
(0.018 0.0015 0.066)
(0.01825 0.0015 0.066)
(0.0185 0.0015 0.066)
(0.01875 0.0015 0.066)
(0.019 0.0015 0.066)
(0.01925 0.0015 0.066)
(0.0195 0.0015 0.066)
(0.01975 0.0015 0.066)
(0.02 0.0015 0.066)
(0.02025 0.0015 0.066)
(0.0205 0.0015 0.066)
(0.02075 0.0015 0.066)
(0.021 0.0015 0.066)
(0.02125 0.0015 0.066)
(0.0215 0.0015 0.066)
(0.02175 0.0015 0.066)
(0.022 0.0015 0.066)
(0.02225 0.0015 0.066)
(0.0225 0.0015 0.066)
(0.02275 0.0015 0.066)
(0.023 0.0015 0.066)
(0.02325 0.0015 0.066)
(0.0235 0.0015 0.066)
(0.02375 0.0015 0.066)
(0.024 0.0015 0.066)
(0.02425 0.0015 0.066)
(0.0245 0.0015 0.066)
(0.02475 0.0015 0.066)
(0.025 0.0015 0.066)
(0.02525 0.0015 0.066)
(0.0255 0.0015 0.066)
(0.02575 0.0015 0.066)
(0.026 0.0015 0.066)
(0.02625 0.0015 0.066)
(0.0265 0.0015 0.066)
(0.02675 0.0015 0.066)
(0.027 0.0015 0.066)
(0.02725 0.0015 0.066)
(0.0275 0.0015 0.066)
(0.02775 0.0015 0.066)
(0.028 0.0015 0.066)
(0.02825 0.0015 0.066)
(0.0285 0.0015 0.066)
(0.02875 0.0015 0.066)
(0.029 0.0015 0.066)
(0.02925 0.0015 0.066)
(0.0295 0.0015 0.066)
(0.02975 0.0015 0.066)
(0.03 0.0015 0.066)
(0.03025 0.0015 0.066)
(0.0305 0.0015 0.066)
(0.03075 0.0015 0.066)
(0.031 0.0015 0.066)
(0.03125 0.0015 0.066)
(0.0315 0.0015 0.066)
(0.03175 0.0015 0.066)
(0.032 0.0015 0.066)
(0.03225 0.0015 0.066)
(0.0325 0.0015 0.066)
(0.03275 0.0015 0.066)
(0.033 0.0015 0.066)
(0.03325 0.0015 0.066)
(0.0335 0.0015 0.066)
(0.03375 0.0015 0.066)
(0.034 0.0015 0.066)
(0.03425 0.0015 0.066)
(0.0345 0.0015 0.066)
(0.03475 0.0015 0.066)
(0.035 0.0015 0.066)
(0 0.00175 0.066)
(0.00025 0.00175 0.066)
(0.0005 0.00175 0.066)
(0.00075 0.00175 0.066)
(0.001 0.00175 0.066)
(0.00125 0.00175 0.066)
(0.0015 0.00175 0.066)
(0.00175 0.00175 0.066)
(0.002 0.00175 0.066)
(0.00225 0.00175 0.066)
(0.0025 0.00175 0.066)
(0.00275 0.00175 0.066)
(0.003 0.00175 0.066)
(0.00325 0.00175 0.066)
(0.0035 0.00175 0.066)
(0.00375 0.00175 0.066)
(0.004 0.00175 0.066)
(0.00425 0.00175 0.066)
(0.0045 0.00175 0.066)
(0.00475 0.00175 0.066)
(0.005 0.00175 0.066)
(0.00525 0.00175 0.066)
(0.0055 0.00175 0.066)
(0.00575 0.00175 0.066)
(0.006 0.00175 0.066)
(0.00625 0.00175 0.066)
(0.0065 0.00175 0.066)
(0.00675 0.00175 0.066)
(0.007 0.00175 0.066)
(0.00725 0.00175 0.066)
(0.0075 0.00175 0.066)
(0.00775 0.00175 0.066)
(0.008 0.00175 0.066)
(0.00825 0.00175 0.066)
(0.0085 0.00175 0.066)
(0.00875 0.00175 0.066)
(0.009 0.00175 0.066)
(0.00925 0.00175 0.066)
(0.0095 0.00175 0.066)
(0.00975 0.00175 0.066)
(0.01 0.00175 0.066)
(0.01025 0.00175 0.066)
(0.0105 0.00175 0.066)
(0.01075 0.00175 0.066)
(0.011 0.00175 0.066)
(0.01125 0.00175 0.066)
(0.0115 0.00175 0.066)
(0.01175 0.00175 0.066)
(0.012 0.00175 0.066)
(0.01225 0.00175 0.066)
(0.0125 0.00175 0.066)
(0.01275 0.00175 0.066)
(0.013 0.00175 0.066)
(0.01325 0.00175 0.066)
(0.0135 0.00175 0.066)
(0.01375 0.00175 0.066)
(0.014 0.00175 0.066)
(0.01425 0.00175 0.066)
(0.0145 0.00175 0.066)
(0.01475 0.00175 0.066)
(0.015 0.00175 0.066)
(0.01525 0.00175 0.066)
(0.0155 0.00175 0.066)
(0.01575 0.00175 0.066)
(0.016 0.00175 0.066)
(0.01625 0.00175 0.066)
(0.0165 0.00175 0.066)
(0.01675 0.00175 0.066)
(0.017 0.00175 0.066)
(0.01725 0.00175 0.066)
(0.0175 0.00175 0.066)
(0.01775 0.00175 0.066)
(0.018 0.00175 0.066)
(0.01825 0.00175 0.066)
(0.0185 0.00175 0.066)
(0.01875 0.00175 0.066)
(0.019 0.00175 0.066)
(0.01925 0.00175 0.066)
(0.0195 0.00175 0.066)
(0.01975 0.00175 0.066)
(0.02 0.00175 0.066)
(0.02025 0.00175 0.066)
(0.0205 0.00175 0.066)
(0.02075 0.00175 0.066)
(0.021 0.00175 0.066)
(0.02125 0.00175 0.066)
(0.0215 0.00175 0.066)
(0.02175 0.00175 0.066)
(0.022 0.00175 0.066)
(0.02225 0.00175 0.066)
(0.0225 0.00175 0.066)
(0.02275 0.00175 0.066)
(0.023 0.00175 0.066)
(0.02325 0.00175 0.066)
(0.0235 0.00175 0.066)
(0.02375 0.00175 0.066)
(0.024 0.00175 0.066)
(0.02425 0.00175 0.066)
(0.0245 0.00175 0.066)
(0.02475 0.00175 0.066)
(0.025 0.00175 0.066)
(0.02525 0.00175 0.066)
(0.0255 0.00175 0.066)
(0.02575 0.00175 0.066)
(0.026 0.00175 0.066)
(0.02625 0.00175 0.066)
(0.0265 0.00175 0.066)
(0.02675 0.00175 0.066)
(0.027 0.00175 0.066)
(0.02725 0.00175 0.066)
(0.0275 0.00175 0.066)
(0.02775 0.00175 0.066)
(0.028 0.00175 0.066)
(0.02825 0.00175 0.066)
(0.0285 0.00175 0.066)
(0.02875 0.00175 0.066)
(0.029 0.00175 0.066)
(0.02925 0.00175 0.066)
(0.0295 0.00175 0.066)
(0.02975 0.00175 0.066)
(0.03 0.00175 0.066)
(0.03025 0.00175 0.066)
(0.0305 0.00175 0.066)
(0.03075 0.00175 0.066)
(0.031 0.00175 0.066)
(0.03125 0.00175 0.066)
(0.0315 0.00175 0.066)
(0.03175 0.00175 0.066)
(0.032 0.00175 0.066)
(0.03225 0.00175 0.066)
(0.0325 0.00175 0.066)
(0.03275 0.00175 0.066)
(0.033 0.00175 0.066)
(0.03325 0.00175 0.066)
(0.0335 0.00175 0.066)
(0.03375 0.00175 0.066)
(0.034 0.00175 0.066)
(0.03425 0.00175 0.066)
(0.0345 0.00175 0.066)
(0.03475 0.00175 0.066)
(0.035 0.00175 0.066)
(0 0.002 0.066)
(0.00025 0.002 0.066)
(0.0005 0.002 0.066)
(0.00075 0.002 0.066)
(0.001 0.002 0.066)
(0.00125 0.002 0.066)
(0.0015 0.002 0.066)
(0.00175 0.002 0.066)
(0.002 0.002 0.066)
(0.00225 0.002 0.066)
(0.0025 0.002 0.066)
(0.00275 0.002 0.066)
(0.003 0.002 0.066)
(0.00325 0.002 0.066)
(0.0035 0.002 0.066)
(0.00375 0.002 0.066)
(0.004 0.002 0.066)
(0.00425 0.002 0.066)
(0.0045 0.002 0.066)
(0.00475 0.002 0.066)
(0.005 0.002 0.066)
(0.00525 0.002 0.066)
(0.0055 0.002 0.066)
(0.00575 0.002 0.066)
(0.006 0.002 0.066)
(0.00625 0.002 0.066)
(0.0065 0.002 0.066)
(0.00675 0.002 0.066)
(0.007 0.002 0.066)
(0.00725 0.002 0.066)
(0.0075 0.002 0.066)
(0.00775 0.002 0.066)
(0.008 0.002 0.066)
(0.00825 0.002 0.066)
(0.0085 0.002 0.066)
(0.00875 0.002 0.066)
(0.009 0.002 0.066)
(0.00925 0.002 0.066)
(0.0095 0.002 0.066)
(0.00975 0.002 0.066)
(0.01 0.002 0.066)
(0.01025 0.002 0.066)
(0.0105 0.002 0.066)
(0.01075 0.002 0.066)
(0.011 0.002 0.066)
(0.01125 0.002 0.066)
(0.0115 0.002 0.066)
(0.01175 0.002 0.066)
(0.012 0.002 0.066)
(0.01225 0.002 0.066)
(0.0125 0.002 0.066)
(0.01275 0.002 0.066)
(0.013 0.002 0.066)
(0.01325 0.002 0.066)
(0.0135 0.002 0.066)
(0.01375 0.002 0.066)
(0.014 0.002 0.066)
(0.01425 0.002 0.066)
(0.0145 0.002 0.066)
(0.01475 0.002 0.066)
(0.015 0.002 0.066)
(0.01525 0.002 0.066)
(0.0155 0.002 0.066)
(0.01575 0.002 0.066)
(0.016 0.002 0.066)
(0.01625 0.002 0.066)
(0.0165 0.002 0.066)
(0.01675 0.002 0.066)
(0.017 0.002 0.066)
(0.01725 0.002 0.066)
(0.0175 0.002 0.066)
(0.01775 0.002 0.066)
(0.018 0.002 0.066)
(0.01825 0.002 0.066)
(0.0185 0.002 0.066)
(0.01875 0.002 0.066)
(0.019 0.002 0.066)
(0.01925 0.002 0.066)
(0.0195 0.002 0.066)
(0.01975 0.002 0.066)
(0.02 0.002 0.066)
(0.02025 0.002 0.066)
(0.0205 0.002 0.066)
(0.02075 0.002 0.066)
(0.021 0.002 0.066)
(0.02125 0.002 0.066)
(0.0215 0.002 0.066)
(0.02175 0.002 0.066)
(0.022 0.002 0.066)
(0.02225 0.002 0.066)
(0.0225 0.002 0.066)
(0.02275 0.002 0.066)
(0.023 0.002 0.066)
(0.02325 0.002 0.066)
(0.0235 0.002 0.066)
(0.02375 0.002 0.066)
(0.024 0.002 0.066)
(0.02425 0.002 0.066)
(0.0245 0.002 0.066)
(0.02475 0.002 0.066)
(0.025 0.002 0.066)
(0.02525 0.002 0.066)
(0.0255 0.002 0.066)
(0.02575 0.002 0.066)
(0.026 0.002 0.066)
(0.02625 0.002 0.066)
(0.0265 0.002 0.066)
(0.02675 0.002 0.066)
(0.027 0.002 0.066)
(0.02725 0.002 0.066)
(0.0275 0.002 0.066)
(0.02775 0.002 0.066)
(0.028 0.002 0.066)
(0.02825 0.002 0.066)
(0.0285 0.002 0.066)
(0.02875 0.002 0.066)
(0.029 0.002 0.066)
(0.02925 0.002 0.066)
(0.0295 0.002 0.066)
(0.02975 0.002 0.066)
(0.03 0.002 0.066)
(0.03025 0.002 0.066)
(0.0305 0.002 0.066)
(0.03075 0.002 0.066)
(0.031 0.002 0.066)
(0.03125 0.002 0.066)
(0.0315 0.002 0.066)
(0.03175 0.002 0.066)
(0.032 0.002 0.066)
(0.03225 0.002 0.066)
(0.0325 0.002 0.066)
(0.03275 0.002 0.066)
(0.033 0.002 0.066)
(0.03325 0.002 0.066)
(0.0335 0.002 0.066)
(0.03375 0.002 0.066)
(0.034 0.002 0.066)
(0.03425 0.002 0.066)
(0.0345 0.002 0.066)
(0.03475 0.002 0.066)
(0.035 0.002 0.066)
(0 0.00225 0.066)
(0.00025 0.00225 0.066)
(0.0005 0.00225 0.066)
(0.00075 0.00225 0.066)
(0.001 0.00225 0.066)
(0.00125 0.00225 0.066)
(0.0015 0.00225 0.066)
(0.00175 0.00225 0.066)
(0.002 0.00225 0.066)
(0.00225 0.00225 0.066)
(0.0025 0.00225 0.066)
(0.00275 0.00225 0.066)
(0.003 0.00225 0.066)
(0.00325 0.00225 0.066)
(0.0035 0.00225 0.066)
(0.00375 0.00225 0.066)
(0.004 0.00225 0.066)
(0.00425 0.00225 0.066)
(0.0045 0.00225 0.066)
(0.00475 0.00225 0.066)
(0.005 0.00225 0.066)
(0.00525 0.00225 0.066)
(0.0055 0.00225 0.066)
(0.00575 0.00225 0.066)
(0.006 0.00225 0.066)
(0.00625 0.00225 0.066)
(0.0065 0.00225 0.066)
(0.00675 0.00225 0.066)
(0.007 0.00225 0.066)
(0.00725 0.00225 0.066)
(0.0075 0.00225 0.066)
(0.00775 0.00225 0.066)
(0.008 0.00225 0.066)
(0.00825 0.00225 0.066)
(0.0085 0.00225 0.066)
(0.00875 0.00225 0.066)
(0.009 0.00225 0.066)
(0.00925 0.00225 0.066)
(0.0095 0.00225 0.066)
(0.00975 0.00225 0.066)
(0.01 0.00225 0.066)
(0.01025 0.00225 0.066)
(0.0105 0.00225 0.066)
(0.01075 0.00225 0.066)
(0.011 0.00225 0.066)
(0.01125 0.00225 0.066)
(0.0115 0.00225 0.066)
(0.01175 0.00225 0.066)
(0.012 0.00225 0.066)
(0.01225 0.00225 0.066)
(0.0125 0.00225 0.066)
(0.01275 0.00225 0.066)
(0.013 0.00225 0.066)
(0.01325 0.00225 0.066)
(0.0135 0.00225 0.066)
(0.01375 0.00225 0.066)
(0.014 0.00225 0.066)
(0.01425 0.00225 0.066)
(0.0145 0.00225 0.066)
(0.01475 0.00225 0.066)
(0.015 0.00225 0.066)
(0.01525 0.00225 0.066)
(0.0155 0.00225 0.066)
(0.01575 0.00225 0.066)
(0.016 0.00225 0.066)
(0.01625 0.00225 0.066)
(0.0165 0.00225 0.066)
(0.01675 0.00225 0.066)
(0.017 0.00225 0.066)
(0.01725 0.00225 0.066)
(0.0175 0.00225 0.066)
(0.01775 0.00225 0.066)
(0.018 0.00225 0.066)
(0.01825 0.00225 0.066)
(0.0185 0.00225 0.066)
(0.01875 0.00225 0.066)
(0.019 0.00225 0.066)
(0.01925 0.00225 0.066)
(0.0195 0.00225 0.066)
(0.01975 0.00225 0.066)
(0.02 0.00225 0.066)
(0.02025 0.00225 0.066)
(0.0205 0.00225 0.066)
(0.02075 0.00225 0.066)
(0.021 0.00225 0.066)
(0.02125 0.00225 0.066)
(0.0215 0.00225 0.066)
(0.02175 0.00225 0.066)
(0.022 0.00225 0.066)
(0.02225 0.00225 0.066)
(0.0225 0.00225 0.066)
(0.02275 0.00225 0.066)
(0.023 0.00225 0.066)
(0.02325 0.00225 0.066)
(0.0235 0.00225 0.066)
(0.02375 0.00225 0.066)
(0.024 0.00225 0.066)
(0.02425 0.00225 0.066)
(0.0245 0.00225 0.066)
(0.02475 0.00225 0.066)
(0.025 0.00225 0.066)
(0.02525 0.00225 0.066)
(0.0255 0.00225 0.066)
(0.02575 0.00225 0.066)
(0.026 0.00225 0.066)
(0.02625 0.00225 0.066)
(0.0265 0.00225 0.066)
(0.02675 0.00225 0.066)
(0.027 0.00225 0.066)
(0.02725 0.00225 0.066)
(0.0275 0.00225 0.066)
(0.02775 0.00225 0.066)
(0.028 0.00225 0.066)
(0.02825 0.00225 0.066)
(0.0285 0.00225 0.066)
(0.02875 0.00225 0.066)
(0.029 0.00225 0.066)
(0.02925 0.00225 0.066)
(0.0295 0.00225 0.066)
(0.02975 0.00225 0.066)
(0.03 0.00225 0.066)
(0.03025 0.00225 0.066)
(0.0305 0.00225 0.066)
(0.03075 0.00225 0.066)
(0.031 0.00225 0.066)
(0.03125 0.00225 0.066)
(0.0315 0.00225 0.066)
(0.03175 0.00225 0.066)
(0.032 0.00225 0.066)
(0.03225 0.00225 0.066)
(0.0325 0.00225 0.066)
(0.03275 0.00225 0.066)
(0.033 0.00225 0.066)
(0.03325 0.00225 0.066)
(0.0335 0.00225 0.066)
(0.03375 0.00225 0.066)
(0.034 0.00225 0.066)
(0.03425 0.00225 0.066)
(0.0345 0.00225 0.066)
(0.03475 0.00225 0.066)
(0.035 0.00225 0.066)
(0 0.0025 0.066)
(0.00025 0.0025 0.066)
(0.0005 0.0025 0.066)
(0.00075 0.0025 0.066)
(0.001 0.0025 0.066)
(0.00125 0.0025 0.066)
(0.0015 0.0025 0.066)
(0.00175 0.0025 0.066)
(0.002 0.0025 0.066)
(0.00225 0.0025 0.066)
(0.0025 0.0025 0.066)
(0.00275 0.0025 0.066)
(0.003 0.0025 0.066)
(0.00325 0.0025 0.066)
(0.0035 0.0025 0.066)
(0.00375 0.0025 0.066)
(0.004 0.0025 0.066)
(0.00425 0.0025 0.066)
(0.0045 0.0025 0.066)
(0.00475 0.0025 0.066)
(0.005 0.0025 0.066)
(0.00525 0.0025 0.066)
(0.0055 0.0025 0.066)
(0.00575 0.0025 0.066)
(0.006 0.0025 0.066)
(0.00625 0.0025 0.066)
(0.0065 0.0025 0.066)
(0.00675 0.0025 0.066)
(0.007 0.0025 0.066)
(0.00725 0.0025 0.066)
(0.0075 0.0025 0.066)
(0.00775 0.0025 0.066)
(0.008 0.0025 0.066)
(0.00825 0.0025 0.066)
(0.0085 0.0025 0.066)
(0.00875 0.0025 0.066)
(0.009 0.0025 0.066)
(0.00925 0.0025 0.066)
(0.0095 0.0025 0.066)
(0.00975 0.0025 0.066)
(0.01 0.0025 0.066)
(0.01025 0.0025 0.066)
(0.0105 0.0025 0.066)
(0.01075 0.0025 0.066)
(0.011 0.0025 0.066)
(0.01125 0.0025 0.066)
(0.0115 0.0025 0.066)
(0.01175 0.0025 0.066)
(0.012 0.0025 0.066)
(0.01225 0.0025 0.066)
(0.0125 0.0025 0.066)
(0.01275 0.0025 0.066)
(0.013 0.0025 0.066)
(0.01325 0.0025 0.066)
(0.0135 0.0025 0.066)
(0.01375 0.0025 0.066)
(0.014 0.0025 0.066)
(0.01425 0.0025 0.066)
(0.0145 0.0025 0.066)
(0.01475 0.0025 0.066)
(0.015 0.0025 0.066)
(0.01525 0.0025 0.066)
(0.0155 0.0025 0.066)
(0.01575 0.0025 0.066)
(0.016 0.0025 0.066)
(0.01625 0.0025 0.066)
(0.0165 0.0025 0.066)
(0.01675 0.0025 0.066)
(0.017 0.0025 0.066)
(0.01725 0.0025 0.066)
(0.0175 0.0025 0.066)
(0.01775 0.0025 0.066)
(0.018 0.0025 0.066)
(0.01825 0.0025 0.066)
(0.0185 0.0025 0.066)
(0.01875 0.0025 0.066)
(0.019 0.0025 0.066)
(0.01925 0.0025 0.066)
(0.0195 0.0025 0.066)
(0.01975 0.0025 0.066)
(0.02 0.0025 0.066)
(0.02025 0.0025 0.066)
(0.0205 0.0025 0.066)
(0.02075 0.0025 0.066)
(0.021 0.0025 0.066)
(0.02125 0.0025 0.066)
(0.0215 0.0025 0.066)
(0.02175 0.0025 0.066)
(0.022 0.0025 0.066)
(0.02225 0.0025 0.066)
(0.0225 0.0025 0.066)
(0.02275 0.0025 0.066)
(0.023 0.0025 0.066)
(0.02325 0.0025 0.066)
(0.0235 0.0025 0.066)
(0.02375 0.0025 0.066)
(0.024 0.0025 0.066)
(0.02425 0.0025 0.066)
(0.0245 0.0025 0.066)
(0.02475 0.0025 0.066)
(0.025 0.0025 0.066)
(0.02525 0.0025 0.066)
(0.0255 0.0025 0.066)
(0.02575 0.0025 0.066)
(0.026 0.0025 0.066)
(0.02625 0.0025 0.066)
(0.0265 0.0025 0.066)
(0.02675 0.0025 0.066)
(0.027 0.0025 0.066)
(0.02725 0.0025 0.066)
(0.0275 0.0025 0.066)
(0.02775 0.0025 0.066)
(0.028 0.0025 0.066)
(0.02825 0.0025 0.066)
(0.0285 0.0025 0.066)
(0.02875 0.0025 0.066)
(0.029 0.0025 0.066)
(0.02925 0.0025 0.066)
(0.0295 0.0025 0.066)
(0.02975 0.0025 0.066)
(0.03 0.0025 0.066)
(0.03025 0.0025 0.066)
(0.0305 0.0025 0.066)
(0.03075 0.0025 0.066)
(0.031 0.0025 0.066)
(0.03125 0.0025 0.066)
(0.0315 0.0025 0.066)
(0.03175 0.0025 0.066)
(0.032 0.0025 0.066)
(0.03225 0.0025 0.066)
(0.0325 0.0025 0.066)
(0.03275 0.0025 0.066)
(0.033 0.0025 0.066)
(0.03325 0.0025 0.066)
(0.0335 0.0025 0.066)
(0.03375 0.0025 0.066)
(0.034 0.0025 0.066)
(0.03425 0.0025 0.066)
(0.0345 0.0025 0.066)
(0.03475 0.0025 0.066)
(0.035 0.0025 0.066)
(0 0 0.06625)
(0.00025 0 0.06625)
(0.0005 0 0.06625)
(0.00075 0 0.06625)
(0.001 0 0.06625)
(0.00125 0 0.06625)
(0.0015 0 0.06625)
(0.00175 0 0.06625)
(0.002 0 0.06625)
(0.00225 0 0.06625)
(0.0025 0 0.06625)
(0.00275 0 0.06625)
(0.003 0 0.06625)
(0.00325 0 0.06625)
(0.0035 0 0.06625)
(0.00375 0 0.06625)
(0.004 0 0.06625)
(0.00425 0 0.06625)
(0.0045 0 0.06625)
(0.00475 0 0.06625)
(0.005 0 0.06625)
(0.00525 0 0.06625)
(0.0055 0 0.06625)
(0.00575 0 0.06625)
(0.006 0 0.06625)
(0.00625 0 0.06625)
(0.0065 0 0.06625)
(0.00675 0 0.06625)
(0.007 0 0.06625)
(0.00725 0 0.06625)
(0.0075 0 0.06625)
(0.00775 0 0.06625)
(0.008 0 0.06625)
(0.00825 0 0.06625)
(0.0085 0 0.06625)
(0.00875 0 0.06625)
(0.009 0 0.06625)
(0.00925 0 0.06625)
(0.0095 0 0.06625)
(0.00975 0 0.06625)
(0.01 0 0.06625)
(0.01025 0 0.06625)
(0.0105 0 0.06625)
(0.01075 0 0.06625)
(0.011 0 0.06625)
(0.01125 0 0.06625)
(0.0115 0 0.06625)
(0.01175 0 0.06625)
(0.012 0 0.06625)
(0.01225 0 0.06625)
(0.0125 0 0.06625)
(0.01275 0 0.06625)
(0.013 0 0.06625)
(0.01325 0 0.06625)
(0.0135 0 0.06625)
(0.01375 0 0.06625)
(0.014 0 0.06625)
(0.01425 0 0.06625)
(0.0145 0 0.06625)
(0.01475 0 0.06625)
(0.015 0 0.06625)
(0.01525 0 0.06625)
(0.0155 0 0.06625)
(0.01575 0 0.06625)
(0.016 0 0.06625)
(0.01625 0 0.06625)
(0.0165 0 0.06625)
(0.01675 0 0.06625)
(0.017 0 0.06625)
(0.01725 0 0.06625)
(0.0175 0 0.06625)
(0.01775 0 0.06625)
(0.018 0 0.06625)
(0.01825 0 0.06625)
(0.0185 0 0.06625)
(0.01875 0 0.06625)
(0.019 0 0.06625)
(0.01925 0 0.06625)
(0.0195 0 0.06625)
(0.01975 0 0.06625)
(0.02 0 0.06625)
(0.02025 0 0.06625)
(0.0205 0 0.06625)
(0.02075 0 0.06625)
(0.021 0 0.06625)
(0.02125 0 0.06625)
(0.0215 0 0.06625)
(0.02175 0 0.06625)
(0.022 0 0.06625)
(0.02225 0 0.06625)
(0.0225 0 0.06625)
(0.02275 0 0.06625)
(0.023 0 0.06625)
(0.02325 0 0.06625)
(0.0235 0 0.06625)
(0.02375 0 0.06625)
(0.024 0 0.06625)
(0.02425 0 0.06625)
(0.0245 0 0.06625)
(0.02475 0 0.06625)
(0.025 0 0.06625)
(0.02525 0 0.06625)
(0.0255 0 0.06625)
(0.02575 0 0.06625)
(0.026 0 0.06625)
(0.02625 0 0.06625)
(0.0265 0 0.06625)
(0.02675 0 0.06625)
(0.027 0 0.06625)
(0.02725 0 0.06625)
(0.0275 0 0.06625)
(0.02775 0 0.06625)
(0.028 0 0.06625)
(0.02825 0 0.06625)
(0.0285 0 0.06625)
(0.02875 0 0.06625)
(0.029 0 0.06625)
(0.02925 0 0.06625)
(0.0295 0 0.06625)
(0.02975 0 0.06625)
(0.03 0 0.06625)
(0.03025 0 0.06625)
(0.0305 0 0.06625)
(0.03075 0 0.06625)
(0.031 0 0.06625)
(0.03125 0 0.06625)
(0.0315 0 0.06625)
(0.03175 0 0.06625)
(0.032 0 0.06625)
(0.03225 0 0.06625)
(0.0325 0 0.06625)
(0.03275 0 0.06625)
(0.033 0 0.06625)
(0.03325 0 0.06625)
(0.0335 0 0.06625)
(0.03375 0 0.06625)
(0.034 0 0.06625)
(0.03425 0 0.06625)
(0.0345 0 0.06625)
(0.03475 0 0.06625)
(0.035 0 0.06625)
(0 0.00025 0.06625)
(0.00025 0.00025 0.06625)
(0.0005 0.00025 0.06625)
(0.00075 0.00025 0.06625)
(0.001 0.00025 0.06625)
(0.00125 0.00025 0.06625)
(0.0015 0.00025 0.06625)
(0.00175 0.00025 0.06625)
(0.002 0.00025 0.06625)
(0.00225 0.00025 0.06625)
(0.0025 0.00025 0.06625)
(0.00275 0.00025 0.06625)
(0.003 0.00025 0.06625)
(0.00325 0.00025 0.06625)
(0.0035 0.00025 0.06625)
(0.00375 0.00025 0.06625)
(0.004 0.00025 0.06625)
(0.00425 0.00025 0.06625)
(0.0045 0.00025 0.06625)
(0.00475 0.00025 0.06625)
(0.005 0.00025 0.06625)
(0.00525 0.00025 0.06625)
(0.0055 0.00025 0.06625)
(0.00575 0.00025 0.06625)
(0.006 0.00025 0.06625)
(0.00625 0.00025 0.06625)
(0.0065 0.00025 0.06625)
(0.00675 0.00025 0.06625)
(0.007 0.00025 0.06625)
(0.00725 0.00025 0.06625)
(0.0075 0.00025 0.06625)
(0.00775 0.00025 0.06625)
(0.008 0.00025 0.06625)
(0.00825 0.00025 0.06625)
(0.0085 0.00025 0.06625)
(0.00875 0.00025 0.06625)
(0.009 0.00025 0.06625)
(0.00925 0.00025 0.06625)
(0.0095 0.00025 0.06625)
(0.00975 0.00025 0.06625)
(0.01 0.00025 0.06625)
(0.01025 0.00025 0.06625)
(0.0105 0.00025 0.06625)
(0.01075 0.00025 0.06625)
(0.011 0.00025 0.06625)
(0.01125 0.00025 0.06625)
(0.0115 0.00025 0.06625)
(0.01175 0.00025 0.06625)
(0.012 0.00025 0.06625)
(0.01225 0.00025 0.06625)
(0.0125 0.00025 0.06625)
(0.01275 0.00025 0.06625)
(0.013 0.00025 0.06625)
(0.01325 0.00025 0.06625)
(0.0135 0.00025 0.06625)
(0.01375 0.00025 0.06625)
(0.014 0.00025 0.06625)
(0.01425 0.00025 0.06625)
(0.0145 0.00025 0.06625)
(0.01475 0.00025 0.06625)
(0.015 0.00025 0.06625)
(0.01525 0.00025 0.06625)
(0.0155 0.00025 0.06625)
(0.01575 0.00025 0.06625)
(0.016 0.00025 0.06625)
(0.01625 0.00025 0.06625)
(0.0165 0.00025 0.06625)
(0.01675 0.00025 0.06625)
(0.017 0.00025 0.06625)
(0.01725 0.00025 0.06625)
(0.0175 0.00025 0.06625)
(0.01775 0.00025 0.06625)
(0.018 0.00025 0.06625)
(0.01825 0.00025 0.06625)
(0.0185 0.00025 0.06625)
(0.01875 0.00025 0.06625)
(0.019 0.00025 0.06625)
(0.01925 0.00025 0.06625)
(0.0195 0.00025 0.06625)
(0.01975 0.00025 0.06625)
(0.02 0.00025 0.06625)
(0.02025 0.00025 0.06625)
(0.0205 0.00025 0.06625)
(0.02075 0.00025 0.06625)
(0.021 0.00025 0.06625)
(0.02125 0.00025 0.06625)
(0.0215 0.00025 0.06625)
(0.02175 0.00025 0.06625)
(0.022 0.00025 0.06625)
(0.02225 0.00025 0.06625)
(0.0225 0.00025 0.06625)
(0.02275 0.00025 0.06625)
(0.023 0.00025 0.06625)
(0.02325 0.00025 0.06625)
(0.0235 0.00025 0.06625)
(0.02375 0.00025 0.06625)
(0.024 0.00025 0.06625)
(0.02425 0.00025 0.06625)
(0.0245 0.00025 0.06625)
(0.02475 0.00025 0.06625)
(0.025 0.00025 0.06625)
(0.02525 0.00025 0.06625)
(0.0255 0.00025 0.06625)
(0.02575 0.00025 0.06625)
(0.026 0.00025 0.06625)
(0.02625 0.00025 0.06625)
(0.0265 0.00025 0.06625)
(0.02675 0.00025 0.06625)
(0.027 0.00025 0.06625)
(0.02725 0.00025 0.06625)
(0.0275 0.00025 0.06625)
(0.02775 0.00025 0.06625)
(0.028 0.00025 0.06625)
(0.02825 0.00025 0.06625)
(0.0285 0.00025 0.06625)
(0.02875 0.00025 0.06625)
(0.029 0.00025 0.06625)
(0.02925 0.00025 0.06625)
(0.0295 0.00025 0.06625)
(0.02975 0.00025 0.06625)
(0.03 0.00025 0.06625)
(0.03025 0.00025 0.06625)
(0.0305 0.00025 0.06625)
(0.03075 0.00025 0.06625)
(0.031 0.00025 0.06625)
(0.03125 0.00025 0.06625)
(0.0315 0.00025 0.06625)
(0.03175 0.00025 0.06625)
(0.032 0.00025 0.06625)
(0.03225 0.00025 0.06625)
(0.0325 0.00025 0.06625)
(0.03275 0.00025 0.06625)
(0.033 0.00025 0.06625)
(0.03325 0.00025 0.06625)
(0.0335 0.00025 0.06625)
(0.03375 0.00025 0.06625)
(0.034 0.00025 0.06625)
(0.03425 0.00025 0.06625)
(0.0345 0.00025 0.06625)
(0.03475 0.00025 0.06625)
(0.035 0.00025 0.06625)
(0 0.0005 0.06625)
(0.00025 0.0005 0.06625)
(0.0005 0.0005 0.06625)
(0.00075 0.0005 0.06625)
(0.001 0.0005 0.06625)
(0.00125 0.0005 0.06625)
(0.0015 0.0005 0.06625)
(0.00175 0.0005 0.06625)
(0.002 0.0005 0.06625)
(0.00225 0.0005 0.06625)
(0.0025 0.0005 0.06625)
(0.00275 0.0005 0.06625)
(0.003 0.0005 0.06625)
(0.00325 0.0005 0.06625)
(0.0035 0.0005 0.06625)
(0.00375 0.0005 0.06625)
(0.004 0.0005 0.06625)
(0.00425 0.0005 0.06625)
(0.0045 0.0005 0.06625)
(0.00475 0.0005 0.06625)
(0.005 0.0005 0.06625)
(0.00525 0.0005 0.06625)
(0.0055 0.0005 0.06625)
(0.00575 0.0005 0.06625)
(0.006 0.0005 0.06625)
(0.00625 0.0005 0.06625)
(0.0065 0.0005 0.06625)
(0.00675 0.0005 0.06625)
(0.007 0.0005 0.06625)
(0.00725 0.0005 0.06625)
(0.0075 0.0005 0.06625)
(0.00775 0.0005 0.06625)
(0.008 0.0005 0.06625)
(0.00825 0.0005 0.06625)
(0.0085 0.0005 0.06625)
(0.00875 0.0005 0.06625)
(0.009 0.0005 0.06625)
(0.00925 0.0005 0.06625)
(0.0095 0.0005 0.06625)
(0.00975 0.0005 0.06625)
(0.01 0.0005 0.06625)
(0.01025 0.0005 0.06625)
(0.0105 0.0005 0.06625)
(0.01075 0.0005 0.06625)
(0.011 0.0005 0.06625)
(0.01125 0.0005 0.06625)
(0.0115 0.0005 0.06625)
(0.01175 0.0005 0.06625)
(0.012 0.0005 0.06625)
(0.01225 0.0005 0.06625)
(0.0125 0.0005 0.06625)
(0.01275 0.0005 0.06625)
(0.013 0.0005 0.06625)
(0.01325 0.0005 0.06625)
(0.0135 0.0005 0.06625)
(0.01375 0.0005 0.06625)
(0.014 0.0005 0.06625)
(0.01425 0.0005 0.06625)
(0.0145 0.0005 0.06625)
(0.01475 0.0005 0.06625)
(0.015 0.0005 0.06625)
(0.01525 0.0005 0.06625)
(0.0155 0.0005 0.06625)
(0.01575 0.0005 0.06625)
(0.016 0.0005 0.06625)
(0.01625 0.0005 0.06625)
(0.0165 0.0005 0.06625)
(0.01675 0.0005 0.06625)
(0.017 0.0005 0.06625)
(0.01725 0.0005 0.06625)
(0.0175 0.0005 0.06625)
(0.01775 0.0005 0.06625)
(0.018 0.0005 0.06625)
(0.01825 0.0005 0.06625)
(0.0185 0.0005 0.06625)
(0.01875 0.0005 0.06625)
(0.019 0.0005 0.06625)
(0.01925 0.0005 0.06625)
(0.0195 0.0005 0.06625)
(0.01975 0.0005 0.06625)
(0.02 0.0005 0.06625)
(0.02025 0.0005 0.06625)
(0.0205 0.0005 0.06625)
(0.02075 0.0005 0.06625)
(0.021 0.0005 0.06625)
(0.02125 0.0005 0.06625)
(0.0215 0.0005 0.06625)
(0.02175 0.0005 0.06625)
(0.022 0.0005 0.06625)
(0.02225 0.0005 0.06625)
(0.0225 0.0005 0.06625)
(0.02275 0.0005 0.06625)
(0.023 0.0005 0.06625)
(0.02325 0.0005 0.06625)
(0.0235 0.0005 0.06625)
(0.02375 0.0005 0.06625)
(0.024 0.0005 0.06625)
(0.02425 0.0005 0.06625)
(0.0245 0.0005 0.06625)
(0.02475 0.0005 0.06625)
(0.025 0.0005 0.06625)
(0.02525 0.0005 0.06625)
(0.0255 0.0005 0.06625)
(0.02575 0.0005 0.06625)
(0.026 0.0005 0.06625)
(0.02625 0.0005 0.06625)
(0.0265 0.0005 0.06625)
(0.02675 0.0005 0.06625)
(0.027 0.0005 0.06625)
(0.02725 0.0005 0.06625)
(0.0275 0.0005 0.06625)
(0.02775 0.0005 0.06625)
(0.028 0.0005 0.06625)
(0.02825 0.0005 0.06625)
(0.0285 0.0005 0.06625)
(0.02875 0.0005 0.06625)
(0.029 0.0005 0.06625)
(0.02925 0.0005 0.06625)
(0.0295 0.0005 0.06625)
(0.02975 0.0005 0.06625)
(0.03 0.0005 0.06625)
(0.03025 0.0005 0.06625)
(0.0305 0.0005 0.06625)
(0.03075 0.0005 0.06625)
(0.031 0.0005 0.06625)
(0.03125 0.0005 0.06625)
(0.0315 0.0005 0.06625)
(0.03175 0.0005 0.06625)
(0.032 0.0005 0.06625)
(0.03225 0.0005 0.06625)
(0.0325 0.0005 0.06625)
(0.03275 0.0005 0.06625)
(0.033 0.0005 0.06625)
(0.03325 0.0005 0.06625)
(0.0335 0.0005 0.06625)
(0.03375 0.0005 0.06625)
(0.034 0.0005 0.06625)
(0.03425 0.0005 0.06625)
(0.0345 0.0005 0.06625)
(0.03475 0.0005 0.06625)
(0.035 0.0005 0.06625)
(0 0.00075 0.06625)
(0.00025 0.00075 0.06625)
(0.0005 0.00075 0.06625)
(0.00075 0.00075 0.06625)
(0.001 0.00075 0.06625)
(0.00125 0.00075 0.06625)
(0.0015 0.00075 0.06625)
(0.00175 0.00075 0.06625)
(0.002 0.00075 0.06625)
(0.00225 0.00075 0.06625)
(0.0025 0.00075 0.06625)
(0.00275 0.00075 0.06625)
(0.003 0.00075 0.06625)
(0.00325 0.00075 0.06625)
(0.0035 0.00075 0.06625)
(0.00375 0.00075 0.06625)
(0.004 0.00075 0.06625)
(0.00425 0.00075 0.06625)
(0.0045 0.00075 0.06625)
(0.00475 0.00075 0.06625)
(0.005 0.00075 0.06625)
(0.00525 0.00075 0.06625)
(0.0055 0.00075 0.06625)
(0.00575 0.00075 0.06625)
(0.006 0.00075 0.06625)
(0.00625 0.00075 0.06625)
(0.0065 0.00075 0.06625)
(0.00675 0.00075 0.06625)
(0.007 0.00075 0.06625)
(0.00725 0.00075 0.06625)
(0.0075 0.00075 0.06625)
(0.00775 0.00075 0.06625)
(0.008 0.00075 0.06625)
(0.00825 0.00075 0.06625)
(0.0085 0.00075 0.06625)
(0.00875 0.00075 0.06625)
(0.009 0.00075 0.06625)
(0.00925 0.00075 0.06625)
(0.0095 0.00075 0.06625)
(0.00975 0.00075 0.06625)
(0.01 0.00075 0.06625)
(0.01025 0.00075 0.06625)
(0.0105 0.00075 0.06625)
(0.01075 0.00075 0.06625)
(0.011 0.00075 0.06625)
(0.01125 0.00075 0.06625)
(0.0115 0.00075 0.06625)
(0.01175 0.00075 0.06625)
(0.012 0.00075 0.06625)
(0.01225 0.00075 0.06625)
(0.0125 0.00075 0.06625)
(0.01275 0.00075 0.06625)
(0.013 0.00075 0.06625)
(0.01325 0.00075 0.06625)
(0.0135 0.00075 0.06625)
(0.01375 0.00075 0.06625)
(0.014 0.00075 0.06625)
(0.01425 0.00075 0.06625)
(0.0145 0.00075 0.06625)
(0.01475 0.00075 0.06625)
(0.015 0.00075 0.06625)
(0.01525 0.00075 0.06625)
(0.0155 0.00075 0.06625)
(0.01575 0.00075 0.06625)
(0.016 0.00075 0.06625)
(0.01625 0.00075 0.06625)
(0.0165 0.00075 0.06625)
(0.01675 0.00075 0.06625)
(0.017 0.00075 0.06625)
(0.01725 0.00075 0.06625)
(0.0175 0.00075 0.06625)
(0.01775 0.00075 0.06625)
(0.018 0.00075 0.06625)
(0.01825 0.00075 0.06625)
(0.0185 0.00075 0.06625)
(0.01875 0.00075 0.06625)
(0.019 0.00075 0.06625)
(0.01925 0.00075 0.06625)
(0.0195 0.00075 0.06625)
(0.01975 0.00075 0.06625)
(0.02 0.00075 0.06625)
(0.02025 0.00075 0.06625)
(0.0205 0.00075 0.06625)
(0.02075 0.00075 0.06625)
(0.021 0.00075 0.06625)
(0.02125 0.00075 0.06625)
(0.0215 0.00075 0.06625)
(0.02175 0.00075 0.06625)
(0.022 0.00075 0.06625)
(0.02225 0.00075 0.06625)
(0.0225 0.00075 0.06625)
(0.02275 0.00075 0.06625)
(0.023 0.00075 0.06625)
(0.02325 0.00075 0.06625)
(0.0235 0.00075 0.06625)
(0.02375 0.00075 0.06625)
(0.024 0.00075 0.06625)
(0.02425 0.00075 0.06625)
(0.0245 0.00075 0.06625)
(0.02475 0.00075 0.06625)
(0.025 0.00075 0.06625)
(0.02525 0.00075 0.06625)
(0.0255 0.00075 0.06625)
(0.02575 0.00075 0.06625)
(0.026 0.00075 0.06625)
(0.02625 0.00075 0.06625)
(0.0265 0.00075 0.06625)
(0.02675 0.00075 0.06625)
(0.027 0.00075 0.06625)
(0.02725 0.00075 0.06625)
(0.0275 0.00075 0.06625)
(0.02775 0.00075 0.06625)
(0.028 0.00075 0.06625)
(0.02825 0.00075 0.06625)
(0.0285 0.00075 0.06625)
(0.02875 0.00075 0.06625)
(0.029 0.00075 0.06625)
(0.02925 0.00075 0.06625)
(0.0295 0.00075 0.06625)
(0.02975 0.00075 0.06625)
(0.03 0.00075 0.06625)
(0.03025 0.00075 0.06625)
(0.0305 0.00075 0.06625)
(0.03075 0.00075 0.06625)
(0.031 0.00075 0.06625)
(0.03125 0.00075 0.06625)
(0.0315 0.00075 0.06625)
(0.03175 0.00075 0.06625)
(0.032 0.00075 0.06625)
(0.03225 0.00075 0.06625)
(0.0325 0.00075 0.06625)
(0.03275 0.00075 0.06625)
(0.033 0.00075 0.06625)
(0.03325 0.00075 0.06625)
(0.0335 0.00075 0.06625)
(0.03375 0.00075 0.06625)
(0.034 0.00075 0.06625)
(0.03425 0.00075 0.06625)
(0.0345 0.00075 0.06625)
(0.03475 0.00075 0.06625)
(0.035 0.00075 0.06625)
(0 0.001 0.06625)
(0.00025 0.001 0.06625)
(0.0005 0.001 0.06625)
(0.00075 0.001 0.06625)
(0.001 0.001 0.06625)
(0.00125 0.001 0.06625)
(0.0015 0.001 0.06625)
(0.00175 0.001 0.06625)
(0.002 0.001 0.06625)
(0.00225 0.001 0.06625)
(0.0025 0.001 0.06625)
(0.00275 0.001 0.06625)
(0.003 0.001 0.06625)
(0.00325 0.001 0.06625)
(0.0035 0.001 0.06625)
(0.00375 0.001 0.06625)
(0.004 0.001 0.06625)
(0.00425 0.001 0.06625)
(0.0045 0.001 0.06625)
(0.00475 0.001 0.06625)
(0.005 0.001 0.06625)
(0.00525 0.001 0.06625)
(0.0055 0.001 0.06625)
(0.00575 0.001 0.06625)
(0.006 0.001 0.06625)
(0.00625 0.001 0.06625)
(0.0065 0.001 0.06625)
(0.00675 0.001 0.06625)
(0.007 0.001 0.06625)
(0.00725 0.001 0.06625)
(0.0075 0.001 0.06625)
(0.00775 0.001 0.06625)
(0.008 0.001 0.06625)
(0.00825 0.001 0.06625)
(0.0085 0.001 0.06625)
(0.00875 0.001 0.06625)
(0.009 0.001 0.06625)
(0.00925 0.001 0.06625)
(0.0095 0.001 0.06625)
(0.00975 0.001 0.06625)
(0.01 0.001 0.06625)
(0.01025 0.001 0.06625)
(0.0105 0.001 0.06625)
(0.01075 0.001 0.06625)
(0.011 0.001 0.06625)
(0.01125 0.001 0.06625)
(0.0115 0.001 0.06625)
(0.01175 0.001 0.06625)
(0.012 0.001 0.06625)
(0.01225 0.001 0.06625)
(0.0125 0.001 0.06625)
(0.01275 0.001 0.06625)
(0.013 0.001 0.06625)
(0.01325 0.001 0.06625)
(0.0135 0.001 0.06625)
(0.01375 0.001 0.06625)
(0.014 0.001 0.06625)
(0.01425 0.001 0.06625)
(0.0145 0.001 0.06625)
(0.01475 0.001 0.06625)
(0.015 0.001 0.06625)
(0.01525 0.001 0.06625)
(0.0155 0.001 0.06625)
(0.01575 0.001 0.06625)
(0.016 0.001 0.06625)
(0.01625 0.001 0.06625)
(0.0165 0.001 0.06625)
(0.01675 0.001 0.06625)
(0.017 0.001 0.06625)
(0.01725 0.001 0.06625)
(0.0175 0.001 0.06625)
(0.01775 0.001 0.06625)
(0.018 0.001 0.06625)
(0.01825 0.001 0.06625)
(0.0185 0.001 0.06625)
(0.01875 0.001 0.06625)
(0.019 0.001 0.06625)
(0.01925 0.001 0.06625)
(0.0195 0.001 0.06625)
(0.01975 0.001 0.06625)
(0.02 0.001 0.06625)
(0.02025 0.001 0.06625)
(0.0205 0.001 0.06625)
(0.02075 0.001 0.06625)
(0.021 0.001 0.06625)
(0.02125 0.001 0.06625)
(0.0215 0.001 0.06625)
(0.02175 0.001 0.06625)
(0.022 0.001 0.06625)
(0.02225 0.001 0.06625)
(0.0225 0.001 0.06625)
(0.02275 0.001 0.06625)
(0.023 0.001 0.06625)
(0.02325 0.001 0.06625)
(0.0235 0.001 0.06625)
(0.02375 0.001 0.06625)
(0.024 0.001 0.06625)
(0.02425 0.001 0.06625)
(0.0245 0.001 0.06625)
(0.02475 0.001 0.06625)
(0.025 0.001 0.06625)
(0.02525 0.001 0.06625)
(0.0255 0.001 0.06625)
(0.02575 0.001 0.06625)
(0.026 0.001 0.06625)
(0.02625 0.001 0.06625)
(0.0265 0.001 0.06625)
(0.02675 0.001 0.06625)
(0.027 0.001 0.06625)
(0.02725 0.001 0.06625)
(0.0275 0.001 0.06625)
(0.02775 0.001 0.06625)
(0.028 0.001 0.06625)
(0.02825 0.001 0.06625)
(0.0285 0.001 0.06625)
(0.02875 0.001 0.06625)
(0.029 0.001 0.06625)
(0.02925 0.001 0.06625)
(0.0295 0.001 0.06625)
(0.02975 0.001 0.06625)
(0.03 0.001 0.06625)
(0.03025 0.001 0.06625)
(0.0305 0.001 0.06625)
(0.03075 0.001 0.06625)
(0.031 0.001 0.06625)
(0.03125 0.001 0.06625)
(0.0315 0.001 0.06625)
(0.03175 0.001 0.06625)
(0.032 0.001 0.06625)
(0.03225 0.001 0.06625)
(0.0325 0.001 0.06625)
(0.03275 0.001 0.06625)
(0.033 0.001 0.06625)
(0.03325 0.001 0.06625)
(0.0335 0.001 0.06625)
(0.03375 0.001 0.06625)
(0.034 0.001 0.06625)
(0.03425 0.001 0.06625)
(0.0345 0.001 0.06625)
(0.03475 0.001 0.06625)
(0.035 0.001 0.06625)
(0 0.00125 0.06625)
(0.00025 0.00125 0.06625)
(0.0005 0.00125 0.06625)
(0.00075 0.00125 0.06625)
(0.001 0.00125 0.06625)
(0.00125 0.00125 0.06625)
(0.0015 0.00125 0.06625)
(0.00175 0.00125 0.06625)
(0.002 0.00125 0.06625)
(0.00225 0.00125 0.06625)
(0.0025 0.00125 0.06625)
(0.00275 0.00125 0.06625)
(0.003 0.00125 0.06625)
(0.00325 0.00125 0.06625)
(0.0035 0.00125 0.06625)
(0.00375 0.00125 0.06625)
(0.004 0.00125 0.06625)
(0.00425 0.00125 0.06625)
(0.0045 0.00125 0.06625)
(0.00475 0.00125 0.06625)
(0.005 0.00125 0.06625)
(0.00525 0.00125 0.06625)
(0.0055 0.00125 0.06625)
(0.00575 0.00125 0.06625)
(0.006 0.00125 0.06625)
(0.00625 0.00125 0.06625)
(0.0065 0.00125 0.06625)
(0.00675 0.00125 0.06625)
(0.007 0.00125 0.06625)
(0.00725 0.00125 0.06625)
(0.0075 0.00125 0.06625)
(0.00775 0.00125 0.06625)
(0.008 0.00125 0.06625)
(0.00825 0.00125 0.06625)
(0.0085 0.00125 0.06625)
(0.00875 0.00125 0.06625)
(0.009 0.00125 0.06625)
(0.00925 0.00125 0.06625)
(0.0095 0.00125 0.06625)
(0.00975 0.00125 0.06625)
(0.01 0.00125 0.06625)
(0.01025 0.00125 0.06625)
(0.0105 0.00125 0.06625)
(0.01075 0.00125 0.06625)
(0.011 0.00125 0.06625)
(0.01125 0.00125 0.06625)
(0.0115 0.00125 0.06625)
(0.01175 0.00125 0.06625)
(0.012 0.00125 0.06625)
(0.01225 0.00125 0.06625)
(0.0125 0.00125 0.06625)
(0.01275 0.00125 0.06625)
(0.013 0.00125 0.06625)
(0.01325 0.00125 0.06625)
(0.0135 0.00125 0.06625)
(0.01375 0.00125 0.06625)
(0.014 0.00125 0.06625)
(0.01425 0.00125 0.06625)
(0.0145 0.00125 0.06625)
(0.01475 0.00125 0.06625)
(0.015 0.00125 0.06625)
(0.01525 0.00125 0.06625)
(0.0155 0.00125 0.06625)
(0.01575 0.00125 0.06625)
(0.016 0.00125 0.06625)
(0.01625 0.00125 0.06625)
(0.0165 0.00125 0.06625)
(0.01675 0.00125 0.06625)
(0.017 0.00125 0.06625)
(0.01725 0.00125 0.06625)
(0.0175 0.00125 0.06625)
(0.01775 0.00125 0.06625)
(0.018 0.00125 0.06625)
(0.01825 0.00125 0.06625)
(0.0185 0.00125 0.06625)
(0.01875 0.00125 0.06625)
(0.019 0.00125 0.06625)
(0.01925 0.00125 0.06625)
(0.0195 0.00125 0.06625)
(0.01975 0.00125 0.06625)
(0.02 0.00125 0.06625)
(0.02025 0.00125 0.06625)
(0.0205 0.00125 0.06625)
(0.02075 0.00125 0.06625)
(0.021 0.00125 0.06625)
(0.02125 0.00125 0.06625)
(0.0215 0.00125 0.06625)
(0.02175 0.00125 0.06625)
(0.022 0.00125 0.06625)
(0.02225 0.00125 0.06625)
(0.0225 0.00125 0.06625)
(0.02275 0.00125 0.06625)
(0.023 0.00125 0.06625)
(0.02325 0.00125 0.06625)
(0.0235 0.00125 0.06625)
(0.02375 0.00125 0.06625)
(0.024 0.00125 0.06625)
(0.02425 0.00125 0.06625)
(0.0245 0.00125 0.06625)
(0.02475 0.00125 0.06625)
(0.025 0.00125 0.06625)
(0.02525 0.00125 0.06625)
(0.0255 0.00125 0.06625)
(0.02575 0.00125 0.06625)
(0.026 0.00125 0.06625)
(0.02625 0.00125 0.06625)
(0.0265 0.00125 0.06625)
(0.02675 0.00125 0.06625)
(0.027 0.00125 0.06625)
(0.02725 0.00125 0.06625)
(0.0275 0.00125 0.06625)
(0.02775 0.00125 0.06625)
(0.028 0.00125 0.06625)
(0.02825 0.00125 0.06625)
(0.0285 0.00125 0.06625)
(0.02875 0.00125 0.06625)
(0.029 0.00125 0.06625)
(0.02925 0.00125 0.06625)
(0.0295 0.00125 0.06625)
(0.02975 0.00125 0.06625)
(0.03 0.00125 0.06625)
(0.03025 0.00125 0.06625)
(0.0305 0.00125 0.06625)
(0.03075 0.00125 0.06625)
(0.031 0.00125 0.06625)
(0.03125 0.00125 0.06625)
(0.0315 0.00125 0.06625)
(0.03175 0.00125 0.06625)
(0.032 0.00125 0.06625)
(0.03225 0.00125 0.06625)
(0.0325 0.00125 0.06625)
(0.03275 0.00125 0.06625)
(0.033 0.00125 0.06625)
(0.03325 0.00125 0.06625)
(0.0335 0.00125 0.06625)
(0.03375 0.00125 0.06625)
(0.034 0.00125 0.06625)
(0.03425 0.00125 0.06625)
(0.0345 0.00125 0.06625)
(0.03475 0.00125 0.06625)
(0.035 0.00125 0.06625)
(0 0.0015 0.06625)
(0.00025 0.0015 0.06625)
(0.0005 0.0015 0.06625)
(0.00075 0.0015 0.06625)
(0.001 0.0015 0.06625)
(0.00125 0.0015 0.06625)
(0.0015 0.0015 0.06625)
(0.00175 0.0015 0.06625)
(0.002 0.0015 0.06625)
(0.00225 0.0015 0.06625)
(0.0025 0.0015 0.06625)
(0.00275 0.0015 0.06625)
(0.003 0.0015 0.06625)
(0.00325 0.0015 0.06625)
(0.0035 0.0015 0.06625)
(0.00375 0.0015 0.06625)
(0.004 0.0015 0.06625)
(0.00425 0.0015 0.06625)
(0.0045 0.0015 0.06625)
(0.00475 0.0015 0.06625)
(0.005 0.0015 0.06625)
(0.00525 0.0015 0.06625)
(0.0055 0.0015 0.06625)
(0.00575 0.0015 0.06625)
(0.006 0.0015 0.06625)
(0.00625 0.0015 0.06625)
(0.0065 0.0015 0.06625)
(0.00675 0.0015 0.06625)
(0.007 0.0015 0.06625)
(0.00725 0.0015 0.06625)
(0.0075 0.0015 0.06625)
(0.00775 0.0015 0.06625)
(0.008 0.0015 0.06625)
(0.00825 0.0015 0.06625)
(0.0085 0.0015 0.06625)
(0.00875 0.0015 0.06625)
(0.009 0.0015 0.06625)
(0.00925 0.0015 0.06625)
(0.0095 0.0015 0.06625)
(0.00975 0.0015 0.06625)
(0.01 0.0015 0.06625)
(0.01025 0.0015 0.06625)
(0.0105 0.0015 0.06625)
(0.01075 0.0015 0.06625)
(0.011 0.0015 0.06625)
(0.01125 0.0015 0.06625)
(0.0115 0.0015 0.06625)
(0.01175 0.0015 0.06625)
(0.012 0.0015 0.06625)
(0.01225 0.0015 0.06625)
(0.0125 0.0015 0.06625)
(0.01275 0.0015 0.06625)
(0.013 0.0015 0.06625)
(0.01325 0.0015 0.06625)
(0.0135 0.0015 0.06625)
(0.01375 0.0015 0.06625)
(0.014 0.0015 0.06625)
(0.01425 0.0015 0.06625)
(0.0145 0.0015 0.06625)
(0.01475 0.0015 0.06625)
(0.015 0.0015 0.06625)
(0.01525 0.0015 0.06625)
(0.0155 0.0015 0.06625)
(0.01575 0.0015 0.06625)
(0.016 0.0015 0.06625)
(0.01625 0.0015 0.06625)
(0.0165 0.0015 0.06625)
(0.01675 0.0015 0.06625)
(0.017 0.0015 0.06625)
(0.01725 0.0015 0.06625)
(0.0175 0.0015 0.06625)
(0.01775 0.0015 0.06625)
(0.018 0.0015 0.06625)
(0.01825 0.0015 0.06625)
(0.0185 0.0015 0.06625)
(0.01875 0.0015 0.06625)
(0.019 0.0015 0.06625)
(0.01925 0.0015 0.06625)
(0.0195 0.0015 0.06625)
(0.01975 0.0015 0.06625)
(0.02 0.0015 0.06625)
(0.02025 0.0015 0.06625)
(0.0205 0.0015 0.06625)
(0.02075 0.0015 0.06625)
(0.021 0.0015 0.06625)
(0.02125 0.0015 0.06625)
(0.0215 0.0015 0.06625)
(0.02175 0.0015 0.06625)
(0.022 0.0015 0.06625)
(0.02225 0.0015 0.06625)
(0.0225 0.0015 0.06625)
(0.02275 0.0015 0.06625)
(0.023 0.0015 0.06625)
(0.02325 0.0015 0.06625)
(0.0235 0.0015 0.06625)
(0.02375 0.0015 0.06625)
(0.024 0.0015 0.06625)
(0.02425 0.0015 0.06625)
(0.0245 0.0015 0.06625)
(0.02475 0.0015 0.06625)
(0.025 0.0015 0.06625)
(0.02525 0.0015 0.06625)
(0.0255 0.0015 0.06625)
(0.02575 0.0015 0.06625)
(0.026 0.0015 0.06625)
(0.02625 0.0015 0.06625)
(0.0265 0.0015 0.06625)
(0.02675 0.0015 0.06625)
(0.027 0.0015 0.06625)
(0.02725 0.0015 0.06625)
(0.0275 0.0015 0.06625)
(0.02775 0.0015 0.06625)
(0.028 0.0015 0.06625)
(0.02825 0.0015 0.06625)
(0.0285 0.0015 0.06625)
(0.02875 0.0015 0.06625)
(0.029 0.0015 0.06625)
(0.02925 0.0015 0.06625)
(0.0295 0.0015 0.06625)
(0.02975 0.0015 0.06625)
(0.03 0.0015 0.06625)
(0.03025 0.0015 0.06625)
(0.0305 0.0015 0.06625)
(0.03075 0.0015 0.06625)
(0.031 0.0015 0.06625)
(0.03125 0.0015 0.06625)
(0.0315 0.0015 0.06625)
(0.03175 0.0015 0.06625)
(0.032 0.0015 0.06625)
(0.03225 0.0015 0.06625)
(0.0325 0.0015 0.06625)
(0.03275 0.0015 0.06625)
(0.033 0.0015 0.06625)
(0.03325 0.0015 0.06625)
(0.0335 0.0015 0.06625)
(0.03375 0.0015 0.06625)
(0.034 0.0015 0.06625)
(0.03425 0.0015 0.06625)
(0.0345 0.0015 0.06625)
(0.03475 0.0015 0.06625)
(0.035 0.0015 0.06625)
(0 0.00175 0.06625)
(0.00025 0.00175 0.06625)
(0.0005 0.00175 0.06625)
(0.00075 0.00175 0.06625)
(0.001 0.00175 0.06625)
(0.00125 0.00175 0.06625)
(0.0015 0.00175 0.06625)
(0.00175 0.00175 0.06625)
(0.002 0.00175 0.06625)
(0.00225 0.00175 0.06625)
(0.0025 0.00175 0.06625)
(0.00275 0.00175 0.06625)
(0.003 0.00175 0.06625)
(0.00325 0.00175 0.06625)
(0.0035 0.00175 0.06625)
(0.00375 0.00175 0.06625)
(0.004 0.00175 0.06625)
(0.00425 0.00175 0.06625)
(0.0045 0.00175 0.06625)
(0.00475 0.00175 0.06625)
(0.005 0.00175 0.06625)
(0.00525 0.00175 0.06625)
(0.0055 0.00175 0.06625)
(0.00575 0.00175 0.06625)
(0.006 0.00175 0.06625)
(0.00625 0.00175 0.06625)
(0.0065 0.00175 0.06625)
(0.00675 0.00175 0.06625)
(0.007 0.00175 0.06625)
(0.00725 0.00175 0.06625)
(0.0075 0.00175 0.06625)
(0.00775 0.00175 0.06625)
(0.008 0.00175 0.06625)
(0.00825 0.00175 0.06625)
(0.0085 0.00175 0.06625)
(0.00875 0.00175 0.06625)
(0.009 0.00175 0.06625)
(0.00925 0.00175 0.06625)
(0.0095 0.00175 0.06625)
(0.00975 0.00175 0.06625)
(0.01 0.00175 0.06625)
(0.01025 0.00175 0.06625)
(0.0105 0.00175 0.06625)
(0.01075 0.00175 0.06625)
(0.011 0.00175 0.06625)
(0.01125 0.00175 0.06625)
(0.0115 0.00175 0.06625)
(0.01175 0.00175 0.06625)
(0.012 0.00175 0.06625)
(0.01225 0.00175 0.06625)
(0.0125 0.00175 0.06625)
(0.01275 0.00175 0.06625)
(0.013 0.00175 0.06625)
(0.01325 0.00175 0.06625)
(0.0135 0.00175 0.06625)
(0.01375 0.00175 0.06625)
(0.014 0.00175 0.06625)
(0.01425 0.00175 0.06625)
(0.0145 0.00175 0.06625)
(0.01475 0.00175 0.06625)
(0.015 0.00175 0.06625)
(0.01525 0.00175 0.06625)
(0.0155 0.00175 0.06625)
(0.01575 0.00175 0.06625)
(0.016 0.00175 0.06625)
(0.01625 0.00175 0.06625)
(0.0165 0.00175 0.06625)
(0.01675 0.00175 0.06625)
(0.017 0.00175 0.06625)
(0.01725 0.00175 0.06625)
(0.0175 0.00175 0.06625)
(0.01775 0.00175 0.06625)
(0.018 0.00175 0.06625)
(0.01825 0.00175 0.06625)
(0.0185 0.00175 0.06625)
(0.01875 0.00175 0.06625)
(0.019 0.00175 0.06625)
(0.01925 0.00175 0.06625)
(0.0195 0.00175 0.06625)
(0.01975 0.00175 0.06625)
(0.02 0.00175 0.06625)
(0.02025 0.00175 0.06625)
(0.0205 0.00175 0.06625)
(0.02075 0.00175 0.06625)
(0.021 0.00175 0.06625)
(0.02125 0.00175 0.06625)
(0.0215 0.00175 0.06625)
(0.02175 0.00175 0.06625)
(0.022 0.00175 0.06625)
(0.02225 0.00175 0.06625)
(0.0225 0.00175 0.06625)
(0.02275 0.00175 0.06625)
(0.023 0.00175 0.06625)
(0.02325 0.00175 0.06625)
(0.0235 0.00175 0.06625)
(0.02375 0.00175 0.06625)
(0.024 0.00175 0.06625)
(0.02425 0.00175 0.06625)
(0.0245 0.00175 0.06625)
(0.02475 0.00175 0.06625)
(0.025 0.00175 0.06625)
(0.02525 0.00175 0.06625)
(0.0255 0.00175 0.06625)
(0.02575 0.00175 0.06625)
(0.026 0.00175 0.06625)
(0.02625 0.00175 0.06625)
(0.0265 0.00175 0.06625)
(0.02675 0.00175 0.06625)
(0.027 0.00175 0.06625)
(0.02725 0.00175 0.06625)
(0.0275 0.00175 0.06625)
(0.02775 0.00175 0.06625)
(0.028 0.00175 0.06625)
(0.02825 0.00175 0.06625)
(0.0285 0.00175 0.06625)
(0.02875 0.00175 0.06625)
(0.029 0.00175 0.06625)
(0.02925 0.00175 0.06625)
(0.0295 0.00175 0.06625)
(0.02975 0.00175 0.06625)
(0.03 0.00175 0.06625)
(0.03025 0.00175 0.06625)
(0.0305 0.00175 0.06625)
(0.03075 0.00175 0.06625)
(0.031 0.00175 0.06625)
(0.03125 0.00175 0.06625)
(0.0315 0.00175 0.06625)
(0.03175 0.00175 0.06625)
(0.032 0.00175 0.06625)
(0.03225 0.00175 0.06625)
(0.0325 0.00175 0.06625)
(0.03275 0.00175 0.06625)
(0.033 0.00175 0.06625)
(0.03325 0.00175 0.06625)
(0.0335 0.00175 0.06625)
(0.03375 0.00175 0.06625)
(0.034 0.00175 0.06625)
(0.03425 0.00175 0.06625)
(0.0345 0.00175 0.06625)
(0.03475 0.00175 0.06625)
(0.035 0.00175 0.06625)
(0 0.002 0.06625)
(0.00025 0.002 0.06625)
(0.0005 0.002 0.06625)
(0.00075 0.002 0.06625)
(0.001 0.002 0.06625)
(0.00125 0.002 0.06625)
(0.0015 0.002 0.06625)
(0.00175 0.002 0.06625)
(0.002 0.002 0.06625)
(0.00225 0.002 0.06625)
(0.0025 0.002 0.06625)
(0.00275 0.002 0.06625)
(0.003 0.002 0.06625)
(0.00325 0.002 0.06625)
(0.0035 0.002 0.06625)
(0.00375 0.002 0.06625)
(0.004 0.002 0.06625)
(0.00425 0.002 0.06625)
(0.0045 0.002 0.06625)
(0.00475 0.002 0.06625)
(0.005 0.002 0.06625)
(0.00525 0.002 0.06625)
(0.0055 0.002 0.06625)
(0.00575 0.002 0.06625)
(0.006 0.002 0.06625)
(0.00625 0.002 0.06625)
(0.0065 0.002 0.06625)
(0.00675 0.002 0.06625)
(0.007 0.002 0.06625)
(0.00725 0.002 0.06625)
(0.0075 0.002 0.06625)
(0.00775 0.002 0.06625)
(0.008 0.002 0.06625)
(0.00825 0.002 0.06625)
(0.0085 0.002 0.06625)
(0.00875 0.002 0.06625)
(0.009 0.002 0.06625)
(0.00925 0.002 0.06625)
(0.0095 0.002 0.06625)
(0.00975 0.002 0.06625)
(0.01 0.002 0.06625)
(0.01025 0.002 0.06625)
(0.0105 0.002 0.06625)
(0.01075 0.002 0.06625)
(0.011 0.002 0.06625)
(0.01125 0.002 0.06625)
(0.0115 0.002 0.06625)
(0.01175 0.002 0.06625)
(0.012 0.002 0.06625)
(0.01225 0.002 0.06625)
(0.0125 0.002 0.06625)
(0.01275 0.002 0.06625)
(0.013 0.002 0.06625)
(0.01325 0.002 0.06625)
(0.0135 0.002 0.06625)
(0.01375 0.002 0.06625)
(0.014 0.002 0.06625)
(0.01425 0.002 0.06625)
(0.0145 0.002 0.06625)
(0.01475 0.002 0.06625)
(0.015 0.002 0.06625)
(0.01525 0.002 0.06625)
(0.0155 0.002 0.06625)
(0.01575 0.002 0.06625)
(0.016 0.002 0.06625)
(0.01625 0.002 0.06625)
(0.0165 0.002 0.06625)
(0.01675 0.002 0.06625)
(0.017 0.002 0.06625)
(0.01725 0.002 0.06625)
(0.0175 0.002 0.06625)
(0.01775 0.002 0.06625)
(0.018 0.002 0.06625)
(0.01825 0.002 0.06625)
(0.0185 0.002 0.06625)
(0.01875 0.002 0.06625)
(0.019 0.002 0.06625)
(0.01925 0.002 0.06625)
(0.0195 0.002 0.06625)
(0.01975 0.002 0.06625)
(0.02 0.002 0.06625)
(0.02025 0.002 0.06625)
(0.0205 0.002 0.06625)
(0.02075 0.002 0.06625)
(0.021 0.002 0.06625)
(0.02125 0.002 0.06625)
(0.0215 0.002 0.06625)
(0.02175 0.002 0.06625)
(0.022 0.002 0.06625)
(0.02225 0.002 0.06625)
(0.0225 0.002 0.06625)
(0.02275 0.002 0.06625)
(0.023 0.002 0.06625)
(0.02325 0.002 0.06625)
(0.0235 0.002 0.06625)
(0.02375 0.002 0.06625)
(0.024 0.002 0.06625)
(0.02425 0.002 0.06625)
(0.0245 0.002 0.06625)
(0.02475 0.002 0.06625)
(0.025 0.002 0.06625)
(0.02525 0.002 0.06625)
(0.0255 0.002 0.06625)
(0.02575 0.002 0.06625)
(0.026 0.002 0.06625)
(0.02625 0.002 0.06625)
(0.0265 0.002 0.06625)
(0.02675 0.002 0.06625)
(0.027 0.002 0.06625)
(0.02725 0.002 0.06625)
(0.0275 0.002 0.06625)
(0.02775 0.002 0.06625)
(0.028 0.002 0.06625)
(0.02825 0.002 0.06625)
(0.0285 0.002 0.06625)
(0.02875 0.002 0.06625)
(0.029 0.002 0.06625)
(0.02925 0.002 0.06625)
(0.0295 0.002 0.06625)
(0.02975 0.002 0.06625)
(0.03 0.002 0.06625)
(0.03025 0.002 0.06625)
(0.0305 0.002 0.06625)
(0.03075 0.002 0.06625)
(0.031 0.002 0.06625)
(0.03125 0.002 0.06625)
(0.0315 0.002 0.06625)
(0.03175 0.002 0.06625)
(0.032 0.002 0.06625)
(0.03225 0.002 0.06625)
(0.0325 0.002 0.06625)
(0.03275 0.002 0.06625)
(0.033 0.002 0.06625)
(0.03325 0.002 0.06625)
(0.0335 0.002 0.06625)
(0.03375 0.002 0.06625)
(0.034 0.002 0.06625)
(0.03425 0.002 0.06625)
(0.0345 0.002 0.06625)
(0.03475 0.002 0.06625)
(0.035 0.002 0.06625)
(0 0.00225 0.06625)
(0.00025 0.00225 0.06625)
(0.0005 0.00225 0.06625)
(0.00075 0.00225 0.06625)
(0.001 0.00225 0.06625)
(0.00125 0.00225 0.06625)
(0.0015 0.00225 0.06625)
(0.00175 0.00225 0.06625)
(0.002 0.00225 0.06625)
(0.00225 0.00225 0.06625)
(0.0025 0.00225 0.06625)
(0.00275 0.00225 0.06625)
(0.003 0.00225 0.06625)
(0.00325 0.00225 0.06625)
(0.0035 0.00225 0.06625)
(0.00375 0.00225 0.06625)
(0.004 0.00225 0.06625)
(0.00425 0.00225 0.06625)
(0.0045 0.00225 0.06625)
(0.00475 0.00225 0.06625)
(0.005 0.00225 0.06625)
(0.00525 0.00225 0.06625)
(0.0055 0.00225 0.06625)
(0.00575 0.00225 0.06625)
(0.006 0.00225 0.06625)
(0.00625 0.00225 0.06625)
(0.0065 0.00225 0.06625)
(0.00675 0.00225 0.06625)
(0.007 0.00225 0.06625)
(0.00725 0.00225 0.06625)
(0.0075 0.00225 0.06625)
(0.00775 0.00225 0.06625)
(0.008 0.00225 0.06625)
(0.00825 0.00225 0.06625)
(0.0085 0.00225 0.06625)
(0.00875 0.00225 0.06625)
(0.009 0.00225 0.06625)
(0.00925 0.00225 0.06625)
(0.0095 0.00225 0.06625)
(0.00975 0.00225 0.06625)
(0.01 0.00225 0.06625)
(0.01025 0.00225 0.06625)
(0.0105 0.00225 0.06625)
(0.01075 0.00225 0.06625)
(0.011 0.00225 0.06625)
(0.01125 0.00225 0.06625)
(0.0115 0.00225 0.06625)
(0.01175 0.00225 0.06625)
(0.012 0.00225 0.06625)
(0.01225 0.00225 0.06625)
(0.0125 0.00225 0.06625)
(0.01275 0.00225 0.06625)
(0.013 0.00225 0.06625)
(0.01325 0.00225 0.06625)
(0.0135 0.00225 0.06625)
(0.01375 0.00225 0.06625)
(0.014 0.00225 0.06625)
(0.01425 0.00225 0.06625)
(0.0145 0.00225 0.06625)
(0.01475 0.00225 0.06625)
(0.015 0.00225 0.06625)
(0.01525 0.00225 0.06625)
(0.0155 0.00225 0.06625)
(0.01575 0.00225 0.06625)
(0.016 0.00225 0.06625)
(0.01625 0.00225 0.06625)
(0.0165 0.00225 0.06625)
(0.01675 0.00225 0.06625)
(0.017 0.00225 0.06625)
(0.01725 0.00225 0.06625)
(0.0175 0.00225 0.06625)
(0.01775 0.00225 0.06625)
(0.018 0.00225 0.06625)
(0.01825 0.00225 0.06625)
(0.0185 0.00225 0.06625)
(0.01875 0.00225 0.06625)
(0.019 0.00225 0.06625)
(0.01925 0.00225 0.06625)
(0.0195 0.00225 0.06625)
(0.01975 0.00225 0.06625)
(0.02 0.00225 0.06625)
(0.02025 0.00225 0.06625)
(0.0205 0.00225 0.06625)
(0.02075 0.00225 0.06625)
(0.021 0.00225 0.06625)
(0.02125 0.00225 0.06625)
(0.0215 0.00225 0.06625)
(0.02175 0.00225 0.06625)
(0.022 0.00225 0.06625)
(0.02225 0.00225 0.06625)
(0.0225 0.00225 0.06625)
(0.02275 0.00225 0.06625)
(0.023 0.00225 0.06625)
(0.02325 0.00225 0.06625)
(0.0235 0.00225 0.06625)
(0.02375 0.00225 0.06625)
(0.024 0.00225 0.06625)
(0.02425 0.00225 0.06625)
(0.0245 0.00225 0.06625)
(0.02475 0.00225 0.06625)
(0.025 0.00225 0.06625)
(0.02525 0.00225 0.06625)
(0.0255 0.00225 0.06625)
(0.02575 0.00225 0.06625)
(0.026 0.00225 0.06625)
(0.02625 0.00225 0.06625)
(0.0265 0.00225 0.06625)
(0.02675 0.00225 0.06625)
(0.027 0.00225 0.06625)
(0.02725 0.00225 0.06625)
(0.0275 0.00225 0.06625)
(0.02775 0.00225 0.06625)
(0.028 0.00225 0.06625)
(0.02825 0.00225 0.06625)
(0.0285 0.00225 0.06625)
(0.02875 0.00225 0.06625)
(0.029 0.00225 0.06625)
(0.02925 0.00225 0.06625)
(0.0295 0.00225 0.06625)
(0.02975 0.00225 0.06625)
(0.03 0.00225 0.06625)
(0.03025 0.00225 0.06625)
(0.0305 0.00225 0.06625)
(0.03075 0.00225 0.06625)
(0.031 0.00225 0.06625)
(0.03125 0.00225 0.06625)
(0.0315 0.00225 0.06625)
(0.03175 0.00225 0.06625)
(0.032 0.00225 0.06625)
(0.03225 0.00225 0.06625)
(0.0325 0.00225 0.06625)
(0.03275 0.00225 0.06625)
(0.033 0.00225 0.06625)
(0.03325 0.00225 0.06625)
(0.0335 0.00225 0.06625)
(0.03375 0.00225 0.06625)
(0.034 0.00225 0.06625)
(0.03425 0.00225 0.06625)
(0.0345 0.00225 0.06625)
(0.03475 0.00225 0.06625)
(0.035 0.00225 0.06625)
(0 0.0025 0.06625)
(0.00025 0.0025 0.06625)
(0.0005 0.0025 0.06625)
(0.00075 0.0025 0.06625)
(0.001 0.0025 0.06625)
(0.00125 0.0025 0.06625)
(0.0015 0.0025 0.06625)
(0.00175 0.0025 0.06625)
(0.002 0.0025 0.06625)
(0.00225 0.0025 0.06625)
(0.0025 0.0025 0.06625)
(0.00275 0.0025 0.06625)
(0.003 0.0025 0.06625)
(0.00325 0.0025 0.06625)
(0.0035 0.0025 0.06625)
(0.00375 0.0025 0.06625)
(0.004 0.0025 0.06625)
(0.00425 0.0025 0.06625)
(0.0045 0.0025 0.06625)
(0.00475 0.0025 0.06625)
(0.005 0.0025 0.06625)
(0.00525 0.0025 0.06625)
(0.0055 0.0025 0.06625)
(0.00575 0.0025 0.06625)
(0.006 0.0025 0.06625)
(0.00625 0.0025 0.06625)
(0.0065 0.0025 0.06625)
(0.00675 0.0025 0.06625)
(0.007 0.0025 0.06625)
(0.00725 0.0025 0.06625)
(0.0075 0.0025 0.06625)
(0.00775 0.0025 0.06625)
(0.008 0.0025 0.06625)
(0.00825 0.0025 0.06625)
(0.0085 0.0025 0.06625)
(0.00875 0.0025 0.06625)
(0.009 0.0025 0.06625)
(0.00925 0.0025 0.06625)
(0.0095 0.0025 0.06625)
(0.00975 0.0025 0.06625)
(0.01 0.0025 0.06625)
(0.01025 0.0025 0.06625)
(0.0105 0.0025 0.06625)
(0.01075 0.0025 0.06625)
(0.011 0.0025 0.06625)
(0.01125 0.0025 0.06625)
(0.0115 0.0025 0.06625)
(0.01175 0.0025 0.06625)
(0.012 0.0025 0.06625)
(0.01225 0.0025 0.06625)
(0.0125 0.0025 0.06625)
(0.01275 0.0025 0.06625)
(0.013 0.0025 0.06625)
(0.01325 0.0025 0.06625)
(0.0135 0.0025 0.06625)
(0.01375 0.0025 0.06625)
(0.014 0.0025 0.06625)
(0.01425 0.0025 0.06625)
(0.0145 0.0025 0.06625)
(0.01475 0.0025 0.06625)
(0.015 0.0025 0.06625)
(0.01525 0.0025 0.06625)
(0.0155 0.0025 0.06625)
(0.01575 0.0025 0.06625)
(0.016 0.0025 0.06625)
(0.01625 0.0025 0.06625)
(0.0165 0.0025 0.06625)
(0.01675 0.0025 0.06625)
(0.017 0.0025 0.06625)
(0.01725 0.0025 0.06625)
(0.0175 0.0025 0.06625)
(0.01775 0.0025 0.06625)
(0.018 0.0025 0.06625)
(0.01825 0.0025 0.06625)
(0.0185 0.0025 0.06625)
(0.01875 0.0025 0.06625)
(0.019 0.0025 0.06625)
(0.01925 0.0025 0.06625)
(0.0195 0.0025 0.06625)
(0.01975 0.0025 0.06625)
(0.02 0.0025 0.06625)
(0.02025 0.0025 0.06625)
(0.0205 0.0025 0.06625)
(0.02075 0.0025 0.06625)
(0.021 0.0025 0.06625)
(0.02125 0.0025 0.06625)
(0.0215 0.0025 0.06625)
(0.02175 0.0025 0.06625)
(0.022 0.0025 0.06625)
(0.02225 0.0025 0.06625)
(0.0225 0.0025 0.06625)
(0.02275 0.0025 0.06625)
(0.023 0.0025 0.06625)
(0.02325 0.0025 0.06625)
(0.0235 0.0025 0.06625)
(0.02375 0.0025 0.06625)
(0.024 0.0025 0.06625)
(0.02425 0.0025 0.06625)
(0.0245 0.0025 0.06625)
(0.02475 0.0025 0.06625)
(0.025 0.0025 0.06625)
(0.02525 0.0025 0.06625)
(0.0255 0.0025 0.06625)
(0.02575 0.0025 0.06625)
(0.026 0.0025 0.06625)
(0.02625 0.0025 0.06625)
(0.0265 0.0025 0.06625)
(0.02675 0.0025 0.06625)
(0.027 0.0025 0.06625)
(0.02725 0.0025 0.06625)
(0.0275 0.0025 0.06625)
(0.02775 0.0025 0.06625)
(0.028 0.0025 0.06625)
(0.02825 0.0025 0.06625)
(0.0285 0.0025 0.06625)
(0.02875 0.0025 0.06625)
(0.029 0.0025 0.06625)
(0.02925 0.0025 0.06625)
(0.0295 0.0025 0.06625)
(0.02975 0.0025 0.06625)
(0.03 0.0025 0.06625)
(0.03025 0.0025 0.06625)
(0.0305 0.0025 0.06625)
(0.03075 0.0025 0.06625)
(0.031 0.0025 0.06625)
(0.03125 0.0025 0.06625)
(0.0315 0.0025 0.06625)
(0.03175 0.0025 0.06625)
(0.032 0.0025 0.06625)
(0.03225 0.0025 0.06625)
(0.0325 0.0025 0.06625)
(0.03275 0.0025 0.06625)
(0.033 0.0025 0.06625)
(0.03325 0.0025 0.06625)
(0.0335 0.0025 0.06625)
(0.03375 0.0025 0.06625)
(0.034 0.0025 0.06625)
(0.03425 0.0025 0.06625)
(0.0345 0.0025 0.06625)
(0.03475 0.0025 0.06625)
(0.035 0.0025 0.06625)
(0 0 0.0665)
(0.00025 0 0.0665)
(0.0005 0 0.0665)
(0.00075 0 0.0665)
(0.001 0 0.0665)
(0.00125 0 0.0665)
(0.0015 0 0.0665)
(0.00175 0 0.0665)
(0.002 0 0.0665)
(0.00225 0 0.0665)
(0.0025 0 0.0665)
(0.00275 0 0.0665)
(0.003 0 0.0665)
(0.00325 0 0.0665)
(0.0035 0 0.0665)
(0.00375 0 0.0665)
(0.004 0 0.0665)
(0.00425 0 0.0665)
(0.0045 0 0.0665)
(0.00475 0 0.0665)
(0.005 0 0.0665)
(0.00525 0 0.0665)
(0.0055 0 0.0665)
(0.00575 0 0.0665)
(0.006 0 0.0665)
(0.00625 0 0.0665)
(0.0065 0 0.0665)
(0.00675 0 0.0665)
(0.007 0 0.0665)
(0.00725 0 0.0665)
(0.0075 0 0.0665)
(0.00775 0 0.0665)
(0.008 0 0.0665)
(0.00825 0 0.0665)
(0.0085 0 0.0665)
(0.00875 0 0.0665)
(0.009 0 0.0665)
(0.00925 0 0.0665)
(0.0095 0 0.0665)
(0.00975 0 0.0665)
(0.01 0 0.0665)
(0.01025 0 0.0665)
(0.0105 0 0.0665)
(0.01075 0 0.0665)
(0.011 0 0.0665)
(0.01125 0 0.0665)
(0.0115 0 0.0665)
(0.01175 0 0.0665)
(0.012 0 0.0665)
(0.01225 0 0.0665)
(0.0125 0 0.0665)
(0.01275 0 0.0665)
(0.013 0 0.0665)
(0.01325 0 0.0665)
(0.0135 0 0.0665)
(0.01375 0 0.0665)
(0.014 0 0.0665)
(0.01425 0 0.0665)
(0.0145 0 0.0665)
(0.01475 0 0.0665)
(0.015 0 0.0665)
(0.01525 0 0.0665)
(0.0155 0 0.0665)
(0.01575 0 0.0665)
(0.016 0 0.0665)
(0.01625 0 0.0665)
(0.0165 0 0.0665)
(0.01675 0 0.0665)
(0.017 0 0.0665)
(0.01725 0 0.0665)
(0.0175 0 0.0665)
(0.01775 0 0.0665)
(0.018 0 0.0665)
(0.01825 0 0.0665)
(0.0185 0 0.0665)
(0.01875 0 0.0665)
(0.019 0 0.0665)
(0.01925 0 0.0665)
(0.0195 0 0.0665)
(0.01975 0 0.0665)
(0.02 0 0.0665)
(0.02025 0 0.0665)
(0.0205 0 0.0665)
(0.02075 0 0.0665)
(0.021 0 0.0665)
(0.02125 0 0.0665)
(0.0215 0 0.0665)
(0.02175 0 0.0665)
(0.022 0 0.0665)
(0.02225 0 0.0665)
(0.0225 0 0.0665)
(0.02275 0 0.0665)
(0.023 0 0.0665)
(0.02325 0 0.0665)
(0.0235 0 0.0665)
(0.02375 0 0.0665)
(0.024 0 0.0665)
(0.02425 0 0.0665)
(0.0245 0 0.0665)
(0.02475 0 0.0665)
(0.025 0 0.0665)
(0.02525 0 0.0665)
(0.0255 0 0.0665)
(0.02575 0 0.0665)
(0.026 0 0.0665)
(0.02625 0 0.0665)
(0.0265 0 0.0665)
(0.02675 0 0.0665)
(0.027 0 0.0665)
(0.02725 0 0.0665)
(0.0275 0 0.0665)
(0.02775 0 0.0665)
(0.028 0 0.0665)
(0.02825 0 0.0665)
(0.0285 0 0.0665)
(0.02875 0 0.0665)
(0.029 0 0.0665)
(0.02925 0 0.0665)
(0.0295 0 0.0665)
(0.02975 0 0.0665)
(0.03 0 0.0665)
(0.03025 0 0.0665)
(0.0305 0 0.0665)
(0.03075 0 0.0665)
(0.031 0 0.0665)
(0.03125 0 0.0665)
(0.0315 0 0.0665)
(0.03175 0 0.0665)
(0.032 0 0.0665)
(0.03225 0 0.0665)
(0.0325 0 0.0665)
(0.03275 0 0.0665)
(0.033 0 0.0665)
(0.03325 0 0.0665)
(0.0335 0 0.0665)
(0.03375 0 0.0665)
(0.034 0 0.0665)
(0.03425 0 0.0665)
(0.0345 0 0.0665)
(0.03475 0 0.0665)
(0.035 0 0.0665)
(0 0.00025 0.0665)
(0.00025 0.00025 0.0665)
(0.0005 0.00025 0.0665)
(0.00075 0.00025 0.0665)
(0.001 0.00025 0.0665)
(0.00125 0.00025 0.0665)
(0.0015 0.00025 0.0665)
(0.00175 0.00025 0.0665)
(0.002 0.00025 0.0665)
(0.00225 0.00025 0.0665)
(0.0025 0.00025 0.0665)
(0.00275 0.00025 0.0665)
(0.003 0.00025 0.0665)
(0.00325 0.00025 0.0665)
(0.0035 0.00025 0.0665)
(0.00375 0.00025 0.0665)
(0.004 0.00025 0.0665)
(0.00425 0.00025 0.0665)
(0.0045 0.00025 0.0665)
(0.00475 0.00025 0.0665)
(0.005 0.00025 0.0665)
(0.00525 0.00025 0.0665)
(0.0055 0.00025 0.0665)
(0.00575 0.00025 0.0665)
(0.006 0.00025 0.0665)
(0.00625 0.00025 0.0665)
(0.0065 0.00025 0.0665)
(0.00675 0.00025 0.0665)
(0.007 0.00025 0.0665)
(0.00725 0.00025 0.0665)
(0.0075 0.00025 0.0665)
(0.00775 0.00025 0.0665)
(0.008 0.00025 0.0665)
(0.00825 0.00025 0.0665)
(0.0085 0.00025 0.0665)
(0.00875 0.00025 0.0665)
(0.009 0.00025 0.0665)
(0.00925 0.00025 0.0665)
(0.0095 0.00025 0.0665)
(0.00975 0.00025 0.0665)
(0.01 0.00025 0.0665)
(0.01025 0.00025 0.0665)
(0.0105 0.00025 0.0665)
(0.01075 0.00025 0.0665)
(0.011 0.00025 0.0665)
(0.01125 0.00025 0.0665)
(0.0115 0.00025 0.0665)
(0.01175 0.00025 0.0665)
(0.012 0.00025 0.0665)
(0.01225 0.00025 0.0665)
(0.0125 0.00025 0.0665)
(0.01275 0.00025 0.0665)
(0.013 0.00025 0.0665)
(0.01325 0.00025 0.0665)
(0.0135 0.00025 0.0665)
(0.01375 0.00025 0.0665)
(0.014 0.00025 0.0665)
(0.01425 0.00025 0.0665)
(0.0145 0.00025 0.0665)
(0.01475 0.00025 0.0665)
(0.015 0.00025 0.0665)
(0.01525 0.00025 0.0665)
(0.0155 0.00025 0.0665)
(0.01575 0.00025 0.0665)
(0.016 0.00025 0.0665)
(0.01625 0.00025 0.0665)
(0.0165 0.00025 0.0665)
(0.01675 0.00025 0.0665)
(0.017 0.00025 0.0665)
(0.01725 0.00025 0.0665)
(0.0175 0.00025 0.0665)
(0.01775 0.00025 0.0665)
(0.018 0.00025 0.0665)
(0.01825 0.00025 0.0665)
(0.0185 0.00025 0.0665)
(0.01875 0.00025 0.0665)
(0.019 0.00025 0.0665)
(0.01925 0.00025 0.0665)
(0.0195 0.00025 0.0665)
(0.01975 0.00025 0.0665)
(0.02 0.00025 0.0665)
(0.02025 0.00025 0.0665)
(0.0205 0.00025 0.0665)
(0.02075 0.00025 0.0665)
(0.021 0.00025 0.0665)
(0.02125 0.00025 0.0665)
(0.0215 0.00025 0.0665)
(0.02175 0.00025 0.0665)
(0.022 0.00025 0.0665)
(0.02225 0.00025 0.0665)
(0.0225 0.00025 0.0665)
(0.02275 0.00025 0.0665)
(0.023 0.00025 0.0665)
(0.02325 0.00025 0.0665)
(0.0235 0.00025 0.0665)
(0.02375 0.00025 0.0665)
(0.024 0.00025 0.0665)
(0.02425 0.00025 0.0665)
(0.0245 0.00025 0.0665)
(0.02475 0.00025 0.0665)
(0.025 0.00025 0.0665)
(0.02525 0.00025 0.0665)
(0.0255 0.00025 0.0665)
(0.02575 0.00025 0.0665)
(0.026 0.00025 0.0665)
(0.02625 0.00025 0.0665)
(0.0265 0.00025 0.0665)
(0.02675 0.00025 0.0665)
(0.027 0.00025 0.0665)
(0.02725 0.00025 0.0665)
(0.0275 0.00025 0.0665)
(0.02775 0.00025 0.0665)
(0.028 0.00025 0.0665)
(0.02825 0.00025 0.0665)
(0.0285 0.00025 0.0665)
(0.02875 0.00025 0.0665)
(0.029 0.00025 0.0665)
(0.02925 0.00025 0.0665)
(0.0295 0.00025 0.0665)
(0.02975 0.00025 0.0665)
(0.03 0.00025 0.0665)
(0.03025 0.00025 0.0665)
(0.0305 0.00025 0.0665)
(0.03075 0.00025 0.0665)
(0.031 0.00025 0.0665)
(0.03125 0.00025 0.0665)
(0.0315 0.00025 0.0665)
(0.03175 0.00025 0.0665)
(0.032 0.00025 0.0665)
(0.03225 0.00025 0.0665)
(0.0325 0.00025 0.0665)
(0.03275 0.00025 0.0665)
(0.033 0.00025 0.0665)
(0.03325 0.00025 0.0665)
(0.0335 0.00025 0.0665)
(0.03375 0.00025 0.0665)
(0.034 0.00025 0.0665)
(0.03425 0.00025 0.0665)
(0.0345 0.00025 0.0665)
(0.03475 0.00025 0.0665)
(0.035 0.00025 0.0665)
(0 0.0005 0.0665)
(0.00025 0.0005 0.0665)
(0.0005 0.0005 0.0665)
(0.00075 0.0005 0.0665)
(0.001 0.0005 0.0665)
(0.00125 0.0005 0.0665)
(0.0015 0.0005 0.0665)
(0.00175 0.0005 0.0665)
(0.002 0.0005 0.0665)
(0.00225 0.0005 0.0665)
(0.0025 0.0005 0.0665)
(0.00275 0.0005 0.0665)
(0.003 0.0005 0.0665)
(0.00325 0.0005 0.0665)
(0.0035 0.0005 0.0665)
(0.00375 0.0005 0.0665)
(0.004 0.0005 0.0665)
(0.00425 0.0005 0.0665)
(0.0045 0.0005 0.0665)
(0.00475 0.0005 0.0665)
(0.005 0.0005 0.0665)
(0.00525 0.0005 0.0665)
(0.0055 0.0005 0.0665)
(0.00575 0.0005 0.0665)
(0.006 0.0005 0.0665)
(0.00625 0.0005 0.0665)
(0.0065 0.0005 0.0665)
(0.00675 0.0005 0.0665)
(0.007 0.0005 0.0665)
(0.00725 0.0005 0.0665)
(0.0075 0.0005 0.0665)
(0.00775 0.0005 0.0665)
(0.008 0.0005 0.0665)
(0.00825 0.0005 0.0665)
(0.0085 0.0005 0.0665)
(0.00875 0.0005 0.0665)
(0.009 0.0005 0.0665)
(0.00925 0.0005 0.0665)
(0.0095 0.0005 0.0665)
(0.00975 0.0005 0.0665)
(0.01 0.0005 0.0665)
(0.01025 0.0005 0.0665)
(0.0105 0.0005 0.0665)
(0.01075 0.0005 0.0665)
(0.011 0.0005 0.0665)
(0.01125 0.0005 0.0665)
(0.0115 0.0005 0.0665)
(0.01175 0.0005 0.0665)
(0.012 0.0005 0.0665)
(0.01225 0.0005 0.0665)
(0.0125 0.0005 0.0665)
(0.01275 0.0005 0.0665)
(0.013 0.0005 0.0665)
(0.01325 0.0005 0.0665)
(0.0135 0.0005 0.0665)
(0.01375 0.0005 0.0665)
(0.014 0.0005 0.0665)
(0.01425 0.0005 0.0665)
(0.0145 0.0005 0.0665)
(0.01475 0.0005 0.0665)
(0.015 0.0005 0.0665)
(0.01525 0.0005 0.0665)
(0.0155 0.0005 0.0665)
(0.01575 0.0005 0.0665)
(0.016 0.0005 0.0665)
(0.01625 0.0005 0.0665)
(0.0165 0.0005 0.0665)
(0.01675 0.0005 0.0665)
(0.017 0.0005 0.0665)
(0.01725 0.0005 0.0665)
(0.0175 0.0005 0.0665)
(0.01775 0.0005 0.0665)
(0.018 0.0005 0.0665)
(0.01825 0.0005 0.0665)
(0.0185 0.0005 0.0665)
(0.01875 0.0005 0.0665)
(0.019 0.0005 0.0665)
(0.01925 0.0005 0.0665)
(0.0195 0.0005 0.0665)
(0.01975 0.0005 0.0665)
(0.02 0.0005 0.0665)
(0.02025 0.0005 0.0665)
(0.0205 0.0005 0.0665)
(0.02075 0.0005 0.0665)
(0.021 0.0005 0.0665)
(0.02125 0.0005 0.0665)
(0.0215 0.0005 0.0665)
(0.02175 0.0005 0.0665)
(0.022 0.0005 0.0665)
(0.02225 0.0005 0.0665)
(0.0225 0.0005 0.0665)
(0.02275 0.0005 0.0665)
(0.023 0.0005 0.0665)
(0.02325 0.0005 0.0665)
(0.0235 0.0005 0.0665)
(0.02375 0.0005 0.0665)
(0.024 0.0005 0.0665)
(0.02425 0.0005 0.0665)
(0.0245 0.0005 0.0665)
(0.02475 0.0005 0.0665)
(0.025 0.0005 0.0665)
(0.02525 0.0005 0.0665)
(0.0255 0.0005 0.0665)
(0.02575 0.0005 0.0665)
(0.026 0.0005 0.0665)
(0.02625 0.0005 0.0665)
(0.0265 0.0005 0.0665)
(0.02675 0.0005 0.0665)
(0.027 0.0005 0.0665)
(0.02725 0.0005 0.0665)
(0.0275 0.0005 0.0665)
(0.02775 0.0005 0.0665)
(0.028 0.0005 0.0665)
(0.02825 0.0005 0.0665)
(0.0285 0.0005 0.0665)
(0.02875 0.0005 0.0665)
(0.029 0.0005 0.0665)
(0.02925 0.0005 0.0665)
(0.0295 0.0005 0.0665)
(0.02975 0.0005 0.0665)
(0.03 0.0005 0.0665)
(0.03025 0.0005 0.0665)
(0.0305 0.0005 0.0665)
(0.03075 0.0005 0.0665)
(0.031 0.0005 0.0665)
(0.03125 0.0005 0.0665)
(0.0315 0.0005 0.0665)
(0.03175 0.0005 0.0665)
(0.032 0.0005 0.0665)
(0.03225 0.0005 0.0665)
(0.0325 0.0005 0.0665)
(0.03275 0.0005 0.0665)
(0.033 0.0005 0.0665)
(0.03325 0.0005 0.0665)
(0.0335 0.0005 0.0665)
(0.03375 0.0005 0.0665)
(0.034 0.0005 0.0665)
(0.03425 0.0005 0.0665)
(0.0345 0.0005 0.0665)
(0.03475 0.0005 0.0665)
(0.035 0.0005 0.0665)
(0 0.00075 0.0665)
(0.00025 0.00075 0.0665)
(0.0005 0.00075 0.0665)
(0.00075 0.00075 0.0665)
(0.001 0.00075 0.0665)
(0.00125 0.00075 0.0665)
(0.0015 0.00075 0.0665)
(0.00175 0.00075 0.0665)
(0.002 0.00075 0.0665)
(0.00225 0.00075 0.0665)
(0.0025 0.00075 0.0665)
(0.00275 0.00075 0.0665)
(0.003 0.00075 0.0665)
(0.00325 0.00075 0.0665)
(0.0035 0.00075 0.0665)
(0.00375 0.00075 0.0665)
(0.004 0.00075 0.0665)
(0.00425 0.00075 0.0665)
(0.0045 0.00075 0.0665)
(0.00475 0.00075 0.0665)
(0.005 0.00075 0.0665)
(0.00525 0.00075 0.0665)
(0.0055 0.00075 0.0665)
(0.00575 0.00075 0.0665)
(0.006 0.00075 0.0665)
(0.00625 0.00075 0.0665)
(0.0065 0.00075 0.0665)
(0.00675 0.00075 0.0665)
(0.007 0.00075 0.0665)
(0.00725 0.00075 0.0665)
(0.0075 0.00075 0.0665)
(0.00775 0.00075 0.0665)
(0.008 0.00075 0.0665)
(0.00825 0.00075 0.0665)
(0.0085 0.00075 0.0665)
(0.00875 0.00075 0.0665)
(0.009 0.00075 0.0665)
(0.00925 0.00075 0.0665)
(0.0095 0.00075 0.0665)
(0.00975 0.00075 0.0665)
(0.01 0.00075 0.0665)
(0.01025 0.00075 0.0665)
(0.0105 0.00075 0.0665)
(0.01075 0.00075 0.0665)
(0.011 0.00075 0.0665)
(0.01125 0.00075 0.0665)
(0.0115 0.00075 0.0665)
(0.01175 0.00075 0.0665)
(0.012 0.00075 0.0665)
(0.01225 0.00075 0.0665)
(0.0125 0.00075 0.0665)
(0.01275 0.00075 0.0665)
(0.013 0.00075 0.0665)
(0.01325 0.00075 0.0665)
(0.0135 0.00075 0.0665)
(0.01375 0.00075 0.0665)
(0.014 0.00075 0.0665)
(0.01425 0.00075 0.0665)
(0.0145 0.00075 0.0665)
(0.01475 0.00075 0.0665)
(0.015 0.00075 0.0665)
(0.01525 0.00075 0.0665)
(0.0155 0.00075 0.0665)
(0.01575 0.00075 0.0665)
(0.016 0.00075 0.0665)
(0.01625 0.00075 0.0665)
(0.0165 0.00075 0.0665)
(0.01675 0.00075 0.0665)
(0.017 0.00075 0.0665)
(0.01725 0.00075 0.0665)
(0.0175 0.00075 0.0665)
(0.01775 0.00075 0.0665)
(0.018 0.00075 0.0665)
(0.01825 0.00075 0.0665)
(0.0185 0.00075 0.0665)
(0.01875 0.00075 0.0665)
(0.019 0.00075 0.0665)
(0.01925 0.00075 0.0665)
(0.0195 0.00075 0.0665)
(0.01975 0.00075 0.0665)
(0.02 0.00075 0.0665)
(0.02025 0.00075 0.0665)
(0.0205 0.00075 0.0665)
(0.02075 0.00075 0.0665)
(0.021 0.00075 0.0665)
(0.02125 0.00075 0.0665)
(0.0215 0.00075 0.0665)
(0.02175 0.00075 0.0665)
(0.022 0.00075 0.0665)
(0.02225 0.00075 0.0665)
(0.0225 0.00075 0.0665)
(0.02275 0.00075 0.0665)
(0.023 0.00075 0.0665)
(0.02325 0.00075 0.0665)
(0.0235 0.00075 0.0665)
(0.02375 0.00075 0.0665)
(0.024 0.00075 0.0665)
(0.02425 0.00075 0.0665)
(0.0245 0.00075 0.0665)
(0.02475 0.00075 0.0665)
(0.025 0.00075 0.0665)
(0.02525 0.00075 0.0665)
(0.0255 0.00075 0.0665)
(0.02575 0.00075 0.0665)
(0.026 0.00075 0.0665)
(0.02625 0.00075 0.0665)
(0.0265 0.00075 0.0665)
(0.02675 0.00075 0.0665)
(0.027 0.00075 0.0665)
(0.02725 0.00075 0.0665)
(0.0275 0.00075 0.0665)
(0.02775 0.00075 0.0665)
(0.028 0.00075 0.0665)
(0.02825 0.00075 0.0665)
(0.0285 0.00075 0.0665)
(0.02875 0.00075 0.0665)
(0.029 0.00075 0.0665)
(0.02925 0.00075 0.0665)
(0.0295 0.00075 0.0665)
(0.02975 0.00075 0.0665)
(0.03 0.00075 0.0665)
(0.03025 0.00075 0.0665)
(0.0305 0.00075 0.0665)
(0.03075 0.00075 0.0665)
(0.031 0.00075 0.0665)
(0.03125 0.00075 0.0665)
(0.0315 0.00075 0.0665)
(0.03175 0.00075 0.0665)
(0.032 0.00075 0.0665)
(0.03225 0.00075 0.0665)
(0.0325 0.00075 0.0665)
(0.03275 0.00075 0.0665)
(0.033 0.00075 0.0665)
(0.03325 0.00075 0.0665)
(0.0335 0.00075 0.0665)
(0.03375 0.00075 0.0665)
(0.034 0.00075 0.0665)
(0.03425 0.00075 0.0665)
(0.0345 0.00075 0.0665)
(0.03475 0.00075 0.0665)
(0.035 0.00075 0.0665)
(0 0.001 0.0665)
(0.00025 0.001 0.0665)
(0.0005 0.001 0.0665)
(0.00075 0.001 0.0665)
(0.001 0.001 0.0665)
(0.00125 0.001 0.0665)
(0.0015 0.001 0.0665)
(0.00175 0.001 0.0665)
(0.002 0.001 0.0665)
(0.00225 0.001 0.0665)
(0.0025 0.001 0.0665)
(0.00275 0.001 0.0665)
(0.003 0.001 0.0665)
(0.00325 0.001 0.0665)
(0.0035 0.001 0.0665)
(0.00375 0.001 0.0665)
(0.004 0.001 0.0665)
(0.00425 0.001 0.0665)
(0.0045 0.001 0.0665)
(0.00475 0.001 0.0665)
(0.005 0.001 0.0665)
(0.00525 0.001 0.0665)
(0.0055 0.001 0.0665)
(0.00575 0.001 0.0665)
(0.006 0.001 0.0665)
(0.00625 0.001 0.0665)
(0.0065 0.001 0.0665)
(0.00675 0.001 0.0665)
(0.007 0.001 0.0665)
(0.00725 0.001 0.0665)
(0.0075 0.001 0.0665)
(0.00775 0.001 0.0665)
(0.008 0.001 0.0665)
(0.00825 0.001 0.0665)
(0.0085 0.001 0.0665)
(0.00875 0.001 0.0665)
(0.009 0.001 0.0665)
(0.00925 0.001 0.0665)
(0.0095 0.001 0.0665)
(0.00975 0.001 0.0665)
(0.01 0.001 0.0665)
(0.01025 0.001 0.0665)
(0.0105 0.001 0.0665)
(0.01075 0.001 0.0665)
(0.011 0.001 0.0665)
(0.01125 0.001 0.0665)
(0.0115 0.001 0.0665)
(0.01175 0.001 0.0665)
(0.012 0.001 0.0665)
(0.01225 0.001 0.0665)
(0.0125 0.001 0.0665)
(0.01275 0.001 0.0665)
(0.013 0.001 0.0665)
(0.01325 0.001 0.0665)
(0.0135 0.001 0.0665)
(0.01375 0.001 0.0665)
(0.014 0.001 0.0665)
(0.01425 0.001 0.0665)
(0.0145 0.001 0.0665)
(0.01475 0.001 0.0665)
(0.015 0.001 0.0665)
(0.01525 0.001 0.0665)
(0.0155 0.001 0.0665)
(0.01575 0.001 0.0665)
(0.016 0.001 0.0665)
(0.01625 0.001 0.0665)
(0.0165 0.001 0.0665)
(0.01675 0.001 0.0665)
(0.017 0.001 0.0665)
(0.01725 0.001 0.0665)
(0.0175 0.001 0.0665)
(0.01775 0.001 0.0665)
(0.018 0.001 0.0665)
(0.01825 0.001 0.0665)
(0.0185 0.001 0.0665)
(0.01875 0.001 0.0665)
(0.019 0.001 0.0665)
(0.01925 0.001 0.0665)
(0.0195 0.001 0.0665)
(0.01975 0.001 0.0665)
(0.02 0.001 0.0665)
(0.02025 0.001 0.0665)
(0.0205 0.001 0.0665)
(0.02075 0.001 0.0665)
(0.021 0.001 0.0665)
(0.02125 0.001 0.0665)
(0.0215 0.001 0.0665)
(0.02175 0.001 0.0665)
(0.022 0.001 0.0665)
(0.02225 0.001 0.0665)
(0.0225 0.001 0.0665)
(0.02275 0.001 0.0665)
(0.023 0.001 0.0665)
(0.02325 0.001 0.0665)
(0.0235 0.001 0.0665)
(0.02375 0.001 0.0665)
(0.024 0.001 0.0665)
(0.02425 0.001 0.0665)
(0.0245 0.001 0.0665)
(0.02475 0.001 0.0665)
(0.025 0.001 0.0665)
(0.02525 0.001 0.0665)
(0.0255 0.001 0.0665)
(0.02575 0.001 0.0665)
(0.026 0.001 0.0665)
(0.02625 0.001 0.0665)
(0.0265 0.001 0.0665)
(0.02675 0.001 0.0665)
(0.027 0.001 0.0665)
(0.02725 0.001 0.0665)
(0.0275 0.001 0.0665)
(0.02775 0.001 0.0665)
(0.028 0.001 0.0665)
(0.02825 0.001 0.0665)
(0.0285 0.001 0.0665)
(0.02875 0.001 0.0665)
(0.029 0.001 0.0665)
(0.02925 0.001 0.0665)
(0.0295 0.001 0.0665)
(0.02975 0.001 0.0665)
(0.03 0.001 0.0665)
(0.03025 0.001 0.0665)
(0.0305 0.001 0.0665)
(0.03075 0.001 0.0665)
(0.031 0.001 0.0665)
(0.03125 0.001 0.0665)
(0.0315 0.001 0.0665)
(0.03175 0.001 0.0665)
(0.032 0.001 0.0665)
(0.03225 0.001 0.0665)
(0.0325 0.001 0.0665)
(0.03275 0.001 0.0665)
(0.033 0.001 0.0665)
(0.03325 0.001 0.0665)
(0.0335 0.001 0.0665)
(0.03375 0.001 0.0665)
(0.034 0.001 0.0665)
(0.03425 0.001 0.0665)
(0.0345 0.001 0.0665)
(0.03475 0.001 0.0665)
(0.035 0.001 0.0665)
(0 0.00125 0.0665)
(0.00025 0.00125 0.0665)
(0.0005 0.00125 0.0665)
(0.00075 0.00125 0.0665)
(0.001 0.00125 0.0665)
(0.00125 0.00125 0.0665)
(0.0015 0.00125 0.0665)
(0.00175 0.00125 0.0665)
(0.002 0.00125 0.0665)
(0.00225 0.00125 0.0665)
(0.0025 0.00125 0.0665)
(0.00275 0.00125 0.0665)
(0.003 0.00125 0.0665)
(0.00325 0.00125 0.0665)
(0.0035 0.00125 0.0665)
(0.00375 0.00125 0.0665)
(0.004 0.00125 0.0665)
(0.00425 0.00125 0.0665)
(0.0045 0.00125 0.0665)
(0.00475 0.00125 0.0665)
(0.005 0.00125 0.0665)
(0.00525 0.00125 0.0665)
(0.0055 0.00125 0.0665)
(0.00575 0.00125 0.0665)
(0.006 0.00125 0.0665)
(0.00625 0.00125 0.0665)
(0.0065 0.00125 0.0665)
(0.00675 0.00125 0.0665)
(0.007 0.00125 0.0665)
(0.00725 0.00125 0.0665)
(0.0075 0.00125 0.0665)
(0.00775 0.00125 0.0665)
(0.008 0.00125 0.0665)
(0.00825 0.00125 0.0665)
(0.0085 0.00125 0.0665)
(0.00875 0.00125 0.0665)
(0.009 0.00125 0.0665)
(0.00925 0.00125 0.0665)
(0.0095 0.00125 0.0665)
(0.00975 0.00125 0.0665)
(0.01 0.00125 0.0665)
(0.01025 0.00125 0.0665)
(0.0105 0.00125 0.0665)
(0.01075 0.00125 0.0665)
(0.011 0.00125 0.0665)
(0.01125 0.00125 0.0665)
(0.0115 0.00125 0.0665)
(0.01175 0.00125 0.0665)
(0.012 0.00125 0.0665)
(0.01225 0.00125 0.0665)
(0.0125 0.00125 0.0665)
(0.01275 0.00125 0.0665)
(0.013 0.00125 0.0665)
(0.01325 0.00125 0.0665)
(0.0135 0.00125 0.0665)
(0.01375 0.00125 0.0665)
(0.014 0.00125 0.0665)
(0.01425 0.00125 0.0665)
(0.0145 0.00125 0.0665)
(0.01475 0.00125 0.0665)
(0.015 0.00125 0.0665)
(0.01525 0.00125 0.0665)
(0.0155 0.00125 0.0665)
(0.01575 0.00125 0.0665)
(0.016 0.00125 0.0665)
(0.01625 0.00125 0.0665)
(0.0165 0.00125 0.0665)
(0.01675 0.00125 0.0665)
(0.017 0.00125 0.0665)
(0.01725 0.00125 0.0665)
(0.0175 0.00125 0.0665)
(0.01775 0.00125 0.0665)
(0.018 0.00125 0.0665)
(0.01825 0.00125 0.0665)
(0.0185 0.00125 0.0665)
(0.01875 0.00125 0.0665)
(0.019 0.00125 0.0665)
(0.01925 0.00125 0.0665)
(0.0195 0.00125 0.0665)
(0.01975 0.00125 0.0665)
(0.02 0.00125 0.0665)
(0.02025 0.00125 0.0665)
(0.0205 0.00125 0.0665)
(0.02075 0.00125 0.0665)
(0.021 0.00125 0.0665)
(0.02125 0.00125 0.0665)
(0.0215 0.00125 0.0665)
(0.02175 0.00125 0.0665)
(0.022 0.00125 0.0665)
(0.02225 0.00125 0.0665)
(0.0225 0.00125 0.0665)
(0.02275 0.00125 0.0665)
(0.023 0.00125 0.0665)
(0.02325 0.00125 0.0665)
(0.0235 0.00125 0.0665)
(0.02375 0.00125 0.0665)
(0.024 0.00125 0.0665)
(0.02425 0.00125 0.0665)
(0.0245 0.00125 0.0665)
(0.02475 0.00125 0.0665)
(0.025 0.00125 0.0665)
(0.02525 0.00125 0.0665)
(0.0255 0.00125 0.0665)
(0.02575 0.00125 0.0665)
(0.026 0.00125 0.0665)
(0.02625 0.00125 0.0665)
(0.0265 0.00125 0.0665)
(0.02675 0.00125 0.0665)
(0.027 0.00125 0.0665)
(0.02725 0.00125 0.0665)
(0.0275 0.00125 0.0665)
(0.02775 0.00125 0.0665)
(0.028 0.00125 0.0665)
(0.02825 0.00125 0.0665)
(0.0285 0.00125 0.0665)
(0.02875 0.00125 0.0665)
(0.029 0.00125 0.0665)
(0.02925 0.00125 0.0665)
(0.0295 0.00125 0.0665)
(0.02975 0.00125 0.0665)
(0.03 0.00125 0.0665)
(0.03025 0.00125 0.0665)
(0.0305 0.00125 0.0665)
(0.03075 0.00125 0.0665)
(0.031 0.00125 0.0665)
(0.03125 0.00125 0.0665)
(0.0315 0.00125 0.0665)
(0.03175 0.00125 0.0665)
(0.032 0.00125 0.0665)
(0.03225 0.00125 0.0665)
(0.0325 0.00125 0.0665)
(0.03275 0.00125 0.0665)
(0.033 0.00125 0.0665)
(0.03325 0.00125 0.0665)
(0.0335 0.00125 0.0665)
(0.03375 0.00125 0.0665)
(0.034 0.00125 0.0665)
(0.03425 0.00125 0.0665)
(0.0345 0.00125 0.0665)
(0.03475 0.00125 0.0665)
(0.035 0.00125 0.0665)
(0 0.0015 0.0665)
(0.00025 0.0015 0.0665)
(0.0005 0.0015 0.0665)
(0.00075 0.0015 0.0665)
(0.001 0.0015 0.0665)
(0.00125 0.0015 0.0665)
(0.0015 0.0015 0.0665)
(0.00175 0.0015 0.0665)
(0.002 0.0015 0.0665)
(0.00225 0.0015 0.0665)
(0.0025 0.0015 0.0665)
(0.00275 0.0015 0.0665)
(0.003 0.0015 0.0665)
(0.00325 0.0015 0.0665)
(0.0035 0.0015 0.0665)
(0.00375 0.0015 0.0665)
(0.004 0.0015 0.0665)
(0.00425 0.0015 0.0665)
(0.0045 0.0015 0.0665)
(0.00475 0.0015 0.0665)
(0.005 0.0015 0.0665)
(0.00525 0.0015 0.0665)
(0.0055 0.0015 0.0665)
(0.00575 0.0015 0.0665)
(0.006 0.0015 0.0665)
(0.00625 0.0015 0.0665)
(0.0065 0.0015 0.0665)
(0.00675 0.0015 0.0665)
(0.007 0.0015 0.0665)
(0.00725 0.0015 0.0665)
(0.0075 0.0015 0.0665)
(0.00775 0.0015 0.0665)
(0.008 0.0015 0.0665)
(0.00825 0.0015 0.0665)
(0.0085 0.0015 0.0665)
(0.00875 0.0015 0.0665)
(0.009 0.0015 0.0665)
(0.00925 0.0015 0.0665)
(0.0095 0.0015 0.0665)
(0.00975 0.0015 0.0665)
(0.01 0.0015 0.0665)
(0.01025 0.0015 0.0665)
(0.0105 0.0015 0.0665)
(0.01075 0.0015 0.0665)
(0.011 0.0015 0.0665)
(0.01125 0.0015 0.0665)
(0.0115 0.0015 0.0665)
(0.01175 0.0015 0.0665)
(0.012 0.0015 0.0665)
(0.01225 0.0015 0.0665)
(0.0125 0.0015 0.0665)
(0.01275 0.0015 0.0665)
(0.013 0.0015 0.0665)
(0.01325 0.0015 0.0665)
(0.0135 0.0015 0.0665)
(0.01375 0.0015 0.0665)
(0.014 0.0015 0.0665)
(0.01425 0.0015 0.0665)
(0.0145 0.0015 0.0665)
(0.01475 0.0015 0.0665)
(0.015 0.0015 0.0665)
(0.01525 0.0015 0.0665)
(0.0155 0.0015 0.0665)
(0.01575 0.0015 0.0665)
(0.016 0.0015 0.0665)
(0.01625 0.0015 0.0665)
(0.0165 0.0015 0.0665)
(0.01675 0.0015 0.0665)
(0.017 0.0015 0.0665)
(0.01725 0.0015 0.0665)
(0.0175 0.0015 0.0665)
(0.01775 0.0015 0.0665)
(0.018 0.0015 0.0665)
(0.01825 0.0015 0.0665)
(0.0185 0.0015 0.0665)
(0.01875 0.0015 0.0665)
(0.019 0.0015 0.0665)
(0.01925 0.0015 0.0665)
(0.0195 0.0015 0.0665)
(0.01975 0.0015 0.0665)
(0.02 0.0015 0.0665)
(0.02025 0.0015 0.0665)
(0.0205 0.0015 0.0665)
(0.02075 0.0015 0.0665)
(0.021 0.0015 0.0665)
(0.02125 0.0015 0.0665)
(0.0215 0.0015 0.0665)
(0.02175 0.0015 0.0665)
(0.022 0.0015 0.0665)
(0.02225 0.0015 0.0665)
(0.0225 0.0015 0.0665)
(0.02275 0.0015 0.0665)
(0.023 0.0015 0.0665)
(0.02325 0.0015 0.0665)
(0.0235 0.0015 0.0665)
(0.02375 0.0015 0.0665)
(0.024 0.0015 0.0665)
(0.02425 0.0015 0.0665)
(0.0245 0.0015 0.0665)
(0.02475 0.0015 0.0665)
(0.025 0.0015 0.0665)
(0.02525 0.0015 0.0665)
(0.0255 0.0015 0.0665)
(0.02575 0.0015 0.0665)
(0.026 0.0015 0.0665)
(0.02625 0.0015 0.0665)
(0.0265 0.0015 0.0665)
(0.02675 0.0015 0.0665)
(0.027 0.0015 0.0665)
(0.02725 0.0015 0.0665)
(0.0275 0.0015 0.0665)
(0.02775 0.0015 0.0665)
(0.028 0.0015 0.0665)
(0.02825 0.0015 0.0665)
(0.0285 0.0015 0.0665)
(0.02875 0.0015 0.0665)
(0.029 0.0015 0.0665)
(0.02925 0.0015 0.0665)
(0.0295 0.0015 0.0665)
(0.02975 0.0015 0.0665)
(0.03 0.0015 0.0665)
(0.03025 0.0015 0.0665)
(0.0305 0.0015 0.0665)
(0.03075 0.0015 0.0665)
(0.031 0.0015 0.0665)
(0.03125 0.0015 0.0665)
(0.0315 0.0015 0.0665)
(0.03175 0.0015 0.0665)
(0.032 0.0015 0.0665)
(0.03225 0.0015 0.0665)
(0.0325 0.0015 0.0665)
(0.03275 0.0015 0.0665)
(0.033 0.0015 0.0665)
(0.03325 0.0015 0.0665)
(0.0335 0.0015 0.0665)
(0.03375 0.0015 0.0665)
(0.034 0.0015 0.0665)
(0.03425 0.0015 0.0665)
(0.0345 0.0015 0.0665)
(0.03475 0.0015 0.0665)
(0.035 0.0015 0.0665)
(0 0.00175 0.0665)
(0.00025 0.00175 0.0665)
(0.0005 0.00175 0.0665)
(0.00075 0.00175 0.0665)
(0.001 0.00175 0.0665)
(0.00125 0.00175 0.0665)
(0.0015 0.00175 0.0665)
(0.00175 0.00175 0.0665)
(0.002 0.00175 0.0665)
(0.00225 0.00175 0.0665)
(0.0025 0.00175 0.0665)
(0.00275 0.00175 0.0665)
(0.003 0.00175 0.0665)
(0.00325 0.00175 0.0665)
(0.0035 0.00175 0.0665)
(0.00375 0.00175 0.0665)
(0.004 0.00175 0.0665)
(0.00425 0.00175 0.0665)
(0.0045 0.00175 0.0665)
(0.00475 0.00175 0.0665)
(0.005 0.00175 0.0665)
(0.00525 0.00175 0.0665)
(0.0055 0.00175 0.0665)
(0.00575 0.00175 0.0665)
(0.006 0.00175 0.0665)
(0.00625 0.00175 0.0665)
(0.0065 0.00175 0.0665)
(0.00675 0.00175 0.0665)
(0.007 0.00175 0.0665)
(0.00725 0.00175 0.0665)
(0.0075 0.00175 0.0665)
(0.00775 0.00175 0.0665)
(0.008 0.00175 0.0665)
(0.00825 0.00175 0.0665)
(0.0085 0.00175 0.0665)
(0.00875 0.00175 0.0665)
(0.009 0.00175 0.0665)
(0.00925 0.00175 0.0665)
(0.0095 0.00175 0.0665)
(0.00975 0.00175 0.0665)
(0.01 0.00175 0.0665)
(0.01025 0.00175 0.0665)
(0.0105 0.00175 0.0665)
(0.01075 0.00175 0.0665)
(0.011 0.00175 0.0665)
(0.01125 0.00175 0.0665)
(0.0115 0.00175 0.0665)
(0.01175 0.00175 0.0665)
(0.012 0.00175 0.0665)
(0.01225 0.00175 0.0665)
(0.0125 0.00175 0.0665)
(0.01275 0.00175 0.0665)
(0.013 0.00175 0.0665)
(0.01325 0.00175 0.0665)
(0.0135 0.00175 0.0665)
(0.01375 0.00175 0.0665)
(0.014 0.00175 0.0665)
(0.01425 0.00175 0.0665)
(0.0145 0.00175 0.0665)
(0.01475 0.00175 0.0665)
(0.015 0.00175 0.0665)
(0.01525 0.00175 0.0665)
(0.0155 0.00175 0.0665)
(0.01575 0.00175 0.0665)
(0.016 0.00175 0.0665)
(0.01625 0.00175 0.0665)
(0.0165 0.00175 0.0665)
(0.01675 0.00175 0.0665)
(0.017 0.00175 0.0665)
(0.01725 0.00175 0.0665)
(0.0175 0.00175 0.0665)
(0.01775 0.00175 0.0665)
(0.018 0.00175 0.0665)
(0.01825 0.00175 0.0665)
(0.0185 0.00175 0.0665)
(0.01875 0.00175 0.0665)
(0.019 0.00175 0.0665)
(0.01925 0.00175 0.0665)
(0.0195 0.00175 0.0665)
(0.01975 0.00175 0.0665)
(0.02 0.00175 0.0665)
(0.02025 0.00175 0.0665)
(0.0205 0.00175 0.0665)
(0.02075 0.00175 0.0665)
(0.021 0.00175 0.0665)
(0.02125 0.00175 0.0665)
(0.0215 0.00175 0.0665)
(0.02175 0.00175 0.0665)
(0.022 0.00175 0.0665)
(0.02225 0.00175 0.0665)
(0.0225 0.00175 0.0665)
(0.02275 0.00175 0.0665)
(0.023 0.00175 0.0665)
(0.02325 0.00175 0.0665)
(0.0235 0.00175 0.0665)
(0.02375 0.00175 0.0665)
(0.024 0.00175 0.0665)
(0.02425 0.00175 0.0665)
(0.0245 0.00175 0.0665)
(0.02475 0.00175 0.0665)
(0.025 0.00175 0.0665)
(0.02525 0.00175 0.0665)
(0.0255 0.00175 0.0665)
(0.02575 0.00175 0.0665)
(0.026 0.00175 0.0665)
(0.02625 0.00175 0.0665)
(0.0265 0.00175 0.0665)
(0.02675 0.00175 0.0665)
(0.027 0.00175 0.0665)
(0.02725 0.00175 0.0665)
(0.0275 0.00175 0.0665)
(0.02775 0.00175 0.0665)
(0.028 0.00175 0.0665)
(0.02825 0.00175 0.0665)
(0.0285 0.00175 0.0665)
(0.02875 0.00175 0.0665)
(0.029 0.00175 0.0665)
(0.02925 0.00175 0.0665)
(0.0295 0.00175 0.0665)
(0.02975 0.00175 0.0665)
(0.03 0.00175 0.0665)
(0.03025 0.00175 0.0665)
(0.0305 0.00175 0.0665)
(0.03075 0.00175 0.0665)
(0.031 0.00175 0.0665)
(0.03125 0.00175 0.0665)
(0.0315 0.00175 0.0665)
(0.03175 0.00175 0.0665)
(0.032 0.00175 0.0665)
(0.03225 0.00175 0.0665)
(0.0325 0.00175 0.0665)
(0.03275 0.00175 0.0665)
(0.033 0.00175 0.0665)
(0.03325 0.00175 0.0665)
(0.0335 0.00175 0.0665)
(0.03375 0.00175 0.0665)
(0.034 0.00175 0.0665)
(0.03425 0.00175 0.0665)
(0.0345 0.00175 0.0665)
(0.03475 0.00175 0.0665)
(0.035 0.00175 0.0665)
(0 0.002 0.0665)
(0.00025 0.002 0.0665)
(0.0005 0.002 0.0665)
(0.00075 0.002 0.0665)
(0.001 0.002 0.0665)
(0.00125 0.002 0.0665)
(0.0015 0.002 0.0665)
(0.00175 0.002 0.0665)
(0.002 0.002 0.0665)
(0.00225 0.002 0.0665)
(0.0025 0.002 0.0665)
(0.00275 0.002 0.0665)
(0.003 0.002 0.0665)
(0.00325 0.002 0.0665)
(0.0035 0.002 0.0665)
(0.00375 0.002 0.0665)
(0.004 0.002 0.0665)
(0.00425 0.002 0.0665)
(0.0045 0.002 0.0665)
(0.00475 0.002 0.0665)
(0.005 0.002 0.0665)
(0.00525 0.002 0.0665)
(0.0055 0.002 0.0665)
(0.00575 0.002 0.0665)
(0.006 0.002 0.0665)
(0.00625 0.002 0.0665)
(0.0065 0.002 0.0665)
(0.00675 0.002 0.0665)
(0.007 0.002 0.0665)
(0.00725 0.002 0.0665)
(0.0075 0.002 0.0665)
(0.00775 0.002 0.0665)
(0.008 0.002 0.0665)
(0.00825 0.002 0.0665)
(0.0085 0.002 0.0665)
(0.00875 0.002 0.0665)
(0.009 0.002 0.0665)
(0.00925 0.002 0.0665)
(0.0095 0.002 0.0665)
(0.00975 0.002 0.0665)
(0.01 0.002 0.0665)
(0.01025 0.002 0.0665)
(0.0105 0.002 0.0665)
(0.01075 0.002 0.0665)
(0.011 0.002 0.0665)
(0.01125 0.002 0.0665)
(0.0115 0.002 0.0665)
(0.01175 0.002 0.0665)
(0.012 0.002 0.0665)
(0.01225 0.002 0.0665)
(0.0125 0.002 0.0665)
(0.01275 0.002 0.0665)
(0.013 0.002 0.0665)
(0.01325 0.002 0.0665)
(0.0135 0.002 0.0665)
(0.01375 0.002 0.0665)
(0.014 0.002 0.0665)
(0.01425 0.002 0.0665)
(0.0145 0.002 0.0665)
(0.01475 0.002 0.0665)
(0.015 0.002 0.0665)
(0.01525 0.002 0.0665)
(0.0155 0.002 0.0665)
(0.01575 0.002 0.0665)
(0.016 0.002 0.0665)
(0.01625 0.002 0.0665)
(0.0165 0.002 0.0665)
(0.01675 0.002 0.0665)
(0.017 0.002 0.0665)
(0.01725 0.002 0.0665)
(0.0175 0.002 0.0665)
(0.01775 0.002 0.0665)
(0.018 0.002 0.0665)
(0.01825 0.002 0.0665)
(0.0185 0.002 0.0665)
(0.01875 0.002 0.0665)
(0.019 0.002 0.0665)
(0.01925 0.002 0.0665)
(0.0195 0.002 0.0665)
(0.01975 0.002 0.0665)
(0.02 0.002 0.0665)
(0.02025 0.002 0.0665)
(0.0205 0.002 0.0665)
(0.02075 0.002 0.0665)
(0.021 0.002 0.0665)
(0.02125 0.002 0.0665)
(0.0215 0.002 0.0665)
(0.02175 0.002 0.0665)
(0.022 0.002 0.0665)
(0.02225 0.002 0.0665)
(0.0225 0.002 0.0665)
(0.02275 0.002 0.0665)
(0.023 0.002 0.0665)
(0.02325 0.002 0.0665)
(0.0235 0.002 0.0665)
(0.02375 0.002 0.0665)
(0.024 0.002 0.0665)
(0.02425 0.002 0.0665)
(0.0245 0.002 0.0665)
(0.02475 0.002 0.0665)
(0.025 0.002 0.0665)
(0.02525 0.002 0.0665)
(0.0255 0.002 0.0665)
(0.02575 0.002 0.0665)
(0.026 0.002 0.0665)
(0.02625 0.002 0.0665)
(0.0265 0.002 0.0665)
(0.02675 0.002 0.0665)
(0.027 0.002 0.0665)
(0.02725 0.002 0.0665)
(0.0275 0.002 0.0665)
(0.02775 0.002 0.0665)
(0.028 0.002 0.0665)
(0.02825 0.002 0.0665)
(0.0285 0.002 0.0665)
(0.02875 0.002 0.0665)
(0.029 0.002 0.0665)
(0.02925 0.002 0.0665)
(0.0295 0.002 0.0665)
(0.02975 0.002 0.0665)
(0.03 0.002 0.0665)
(0.03025 0.002 0.0665)
(0.0305 0.002 0.0665)
(0.03075 0.002 0.0665)
(0.031 0.002 0.0665)
(0.03125 0.002 0.0665)
(0.0315 0.002 0.0665)
(0.03175 0.002 0.0665)
(0.032 0.002 0.0665)
(0.03225 0.002 0.0665)
(0.0325 0.002 0.0665)
(0.03275 0.002 0.0665)
(0.033 0.002 0.0665)
(0.03325 0.002 0.0665)
(0.0335 0.002 0.0665)
(0.03375 0.002 0.0665)
(0.034 0.002 0.0665)
(0.03425 0.002 0.0665)
(0.0345 0.002 0.0665)
(0.03475 0.002 0.0665)
(0.035 0.002 0.0665)
(0 0.00225 0.0665)
(0.00025 0.00225 0.0665)
(0.0005 0.00225 0.0665)
(0.00075 0.00225 0.0665)
(0.001 0.00225 0.0665)
(0.00125 0.00225 0.0665)
(0.0015 0.00225 0.0665)
(0.00175 0.00225 0.0665)
(0.002 0.00225 0.0665)
(0.00225 0.00225 0.0665)
(0.0025 0.00225 0.0665)
(0.00275 0.00225 0.0665)
(0.003 0.00225 0.0665)
(0.00325 0.00225 0.0665)
(0.0035 0.00225 0.0665)
(0.00375 0.00225 0.0665)
(0.004 0.00225 0.0665)
(0.00425 0.00225 0.0665)
(0.0045 0.00225 0.0665)
(0.00475 0.00225 0.0665)
(0.005 0.00225 0.0665)
(0.00525 0.00225 0.0665)
(0.0055 0.00225 0.0665)
(0.00575 0.00225 0.0665)
(0.006 0.00225 0.0665)
(0.00625 0.00225 0.0665)
(0.0065 0.00225 0.0665)
(0.00675 0.00225 0.0665)
(0.007 0.00225 0.0665)
(0.00725 0.00225 0.0665)
(0.0075 0.00225 0.0665)
(0.00775 0.00225 0.0665)
(0.008 0.00225 0.0665)
(0.00825 0.00225 0.0665)
(0.0085 0.00225 0.0665)
(0.00875 0.00225 0.0665)
(0.009 0.00225 0.0665)
(0.00925 0.00225 0.0665)
(0.0095 0.00225 0.0665)
(0.00975 0.00225 0.0665)
(0.01 0.00225 0.0665)
(0.01025 0.00225 0.0665)
(0.0105 0.00225 0.0665)
(0.01075 0.00225 0.0665)
(0.011 0.00225 0.0665)
(0.01125 0.00225 0.0665)
(0.0115 0.00225 0.0665)
(0.01175 0.00225 0.0665)
(0.012 0.00225 0.0665)
(0.01225 0.00225 0.0665)
(0.0125 0.00225 0.0665)
(0.01275 0.00225 0.0665)
(0.013 0.00225 0.0665)
(0.01325 0.00225 0.0665)
(0.0135 0.00225 0.0665)
(0.01375 0.00225 0.0665)
(0.014 0.00225 0.0665)
(0.01425 0.00225 0.0665)
(0.0145 0.00225 0.0665)
(0.01475 0.00225 0.0665)
(0.015 0.00225 0.0665)
(0.01525 0.00225 0.0665)
(0.0155 0.00225 0.0665)
(0.01575 0.00225 0.0665)
(0.016 0.00225 0.0665)
(0.01625 0.00225 0.0665)
(0.0165 0.00225 0.0665)
(0.01675 0.00225 0.0665)
(0.017 0.00225 0.0665)
(0.01725 0.00225 0.0665)
(0.0175 0.00225 0.0665)
(0.01775 0.00225 0.0665)
(0.018 0.00225 0.0665)
(0.01825 0.00225 0.0665)
(0.0185 0.00225 0.0665)
(0.01875 0.00225 0.0665)
(0.019 0.00225 0.0665)
(0.01925 0.00225 0.0665)
(0.0195 0.00225 0.0665)
(0.01975 0.00225 0.0665)
(0.02 0.00225 0.0665)
(0.02025 0.00225 0.0665)
(0.0205 0.00225 0.0665)
(0.02075 0.00225 0.0665)
(0.021 0.00225 0.0665)
(0.02125 0.00225 0.0665)
(0.0215 0.00225 0.0665)
(0.02175 0.00225 0.0665)
(0.022 0.00225 0.0665)
(0.02225 0.00225 0.0665)
(0.0225 0.00225 0.0665)
(0.02275 0.00225 0.0665)
(0.023 0.00225 0.0665)
(0.02325 0.00225 0.0665)
(0.0235 0.00225 0.0665)
(0.02375 0.00225 0.0665)
(0.024 0.00225 0.0665)
(0.02425 0.00225 0.0665)
(0.0245 0.00225 0.0665)
(0.02475 0.00225 0.0665)
(0.025 0.00225 0.0665)
(0.02525 0.00225 0.0665)
(0.0255 0.00225 0.0665)
(0.02575 0.00225 0.0665)
(0.026 0.00225 0.0665)
(0.02625 0.00225 0.0665)
(0.0265 0.00225 0.0665)
(0.02675 0.00225 0.0665)
(0.027 0.00225 0.0665)
(0.02725 0.00225 0.0665)
(0.0275 0.00225 0.0665)
(0.02775 0.00225 0.0665)
(0.028 0.00225 0.0665)
(0.02825 0.00225 0.0665)
(0.0285 0.00225 0.0665)
(0.02875 0.00225 0.0665)
(0.029 0.00225 0.0665)
(0.02925 0.00225 0.0665)
(0.0295 0.00225 0.0665)
(0.02975 0.00225 0.0665)
(0.03 0.00225 0.0665)
(0.03025 0.00225 0.0665)
(0.0305 0.00225 0.0665)
(0.03075 0.00225 0.0665)
(0.031 0.00225 0.0665)
(0.03125 0.00225 0.0665)
(0.0315 0.00225 0.0665)
(0.03175 0.00225 0.0665)
(0.032 0.00225 0.0665)
(0.03225 0.00225 0.0665)
(0.0325 0.00225 0.0665)
(0.03275 0.00225 0.0665)
(0.033 0.00225 0.0665)
(0.03325 0.00225 0.0665)
(0.0335 0.00225 0.0665)
(0.03375 0.00225 0.0665)
(0.034 0.00225 0.0665)
(0.03425 0.00225 0.0665)
(0.0345 0.00225 0.0665)
(0.03475 0.00225 0.0665)
(0.035 0.00225 0.0665)
(0 0.0025 0.0665)
(0.00025 0.0025 0.0665)
(0.0005 0.0025 0.0665)
(0.00075 0.0025 0.0665)
(0.001 0.0025 0.0665)
(0.00125 0.0025 0.0665)
(0.0015 0.0025 0.0665)
(0.00175 0.0025 0.0665)
(0.002 0.0025 0.0665)
(0.00225 0.0025 0.0665)
(0.0025 0.0025 0.0665)
(0.00275 0.0025 0.0665)
(0.003 0.0025 0.0665)
(0.00325 0.0025 0.0665)
(0.0035 0.0025 0.0665)
(0.00375 0.0025 0.0665)
(0.004 0.0025 0.0665)
(0.00425 0.0025 0.0665)
(0.0045 0.0025 0.0665)
(0.00475 0.0025 0.0665)
(0.005 0.0025 0.0665)
(0.00525 0.0025 0.0665)
(0.0055 0.0025 0.0665)
(0.00575 0.0025 0.0665)
(0.006 0.0025 0.0665)
(0.00625 0.0025 0.0665)
(0.0065 0.0025 0.0665)
(0.00675 0.0025 0.0665)
(0.007 0.0025 0.0665)
(0.00725 0.0025 0.0665)
(0.0075 0.0025 0.0665)
(0.00775 0.0025 0.0665)
(0.008 0.0025 0.0665)
(0.00825 0.0025 0.0665)
(0.0085 0.0025 0.0665)
(0.00875 0.0025 0.0665)
(0.009 0.0025 0.0665)
(0.00925 0.0025 0.0665)
(0.0095 0.0025 0.0665)
(0.00975 0.0025 0.0665)
(0.01 0.0025 0.0665)
(0.01025 0.0025 0.0665)
(0.0105 0.0025 0.0665)
(0.01075 0.0025 0.0665)
(0.011 0.0025 0.0665)
(0.01125 0.0025 0.0665)
(0.0115 0.0025 0.0665)
(0.01175 0.0025 0.0665)
(0.012 0.0025 0.0665)
(0.01225 0.0025 0.0665)
(0.0125 0.0025 0.0665)
(0.01275 0.0025 0.0665)
(0.013 0.0025 0.0665)
(0.01325 0.0025 0.0665)
(0.0135 0.0025 0.0665)
(0.01375 0.0025 0.0665)
(0.014 0.0025 0.0665)
(0.01425 0.0025 0.0665)
(0.0145 0.0025 0.0665)
(0.01475 0.0025 0.0665)
(0.015 0.0025 0.0665)
(0.01525 0.0025 0.0665)
(0.0155 0.0025 0.0665)
(0.01575 0.0025 0.0665)
(0.016 0.0025 0.0665)
(0.01625 0.0025 0.0665)
(0.0165 0.0025 0.0665)
(0.01675 0.0025 0.0665)
(0.017 0.0025 0.0665)
(0.01725 0.0025 0.0665)
(0.0175 0.0025 0.0665)
(0.01775 0.0025 0.0665)
(0.018 0.0025 0.0665)
(0.01825 0.0025 0.0665)
(0.0185 0.0025 0.0665)
(0.01875 0.0025 0.0665)
(0.019 0.0025 0.0665)
(0.01925 0.0025 0.0665)
(0.0195 0.0025 0.0665)
(0.01975 0.0025 0.0665)
(0.02 0.0025 0.0665)
(0.02025 0.0025 0.0665)
(0.0205 0.0025 0.0665)
(0.02075 0.0025 0.0665)
(0.021 0.0025 0.0665)
(0.02125 0.0025 0.0665)
(0.0215 0.0025 0.0665)
(0.02175 0.0025 0.0665)
(0.022 0.0025 0.0665)
(0.02225 0.0025 0.0665)
(0.0225 0.0025 0.0665)
(0.02275 0.0025 0.0665)
(0.023 0.0025 0.0665)
(0.02325 0.0025 0.0665)
(0.0235 0.0025 0.0665)
(0.02375 0.0025 0.0665)
(0.024 0.0025 0.0665)
(0.02425 0.0025 0.0665)
(0.0245 0.0025 0.0665)
(0.02475 0.0025 0.0665)
(0.025 0.0025 0.0665)
(0.02525 0.0025 0.0665)
(0.0255 0.0025 0.0665)
(0.02575 0.0025 0.0665)
(0.026 0.0025 0.0665)
(0.02625 0.0025 0.0665)
(0.0265 0.0025 0.0665)
(0.02675 0.0025 0.0665)
(0.027 0.0025 0.0665)
(0.02725 0.0025 0.0665)
(0.0275 0.0025 0.0665)
(0.02775 0.0025 0.0665)
(0.028 0.0025 0.0665)
(0.02825 0.0025 0.0665)
(0.0285 0.0025 0.0665)
(0.02875 0.0025 0.0665)
(0.029 0.0025 0.0665)
(0.02925 0.0025 0.0665)
(0.0295 0.0025 0.0665)
(0.02975 0.0025 0.0665)
(0.03 0.0025 0.0665)
(0.03025 0.0025 0.0665)
(0.0305 0.0025 0.0665)
(0.03075 0.0025 0.0665)
(0.031 0.0025 0.0665)
(0.03125 0.0025 0.0665)
(0.0315 0.0025 0.0665)
(0.03175 0.0025 0.0665)
(0.032 0.0025 0.0665)
(0.03225 0.0025 0.0665)
(0.0325 0.0025 0.0665)
(0.03275 0.0025 0.0665)
(0.033 0.0025 0.0665)
(0.03325 0.0025 0.0665)
(0.0335 0.0025 0.0665)
(0.03375 0.0025 0.0665)
(0.034 0.0025 0.0665)
(0.03425 0.0025 0.0665)
(0.0345 0.0025 0.0665)
(0.03475 0.0025 0.0665)
(0.035 0.0025 0.0665)
(0 0 0.06675)
(0.00025 0 0.06675)
(0.0005 0 0.06675)
(0.00075 0 0.06675)
(0.001 0 0.06675)
(0.00125 0 0.06675)
(0.0015 0 0.06675)
(0.00175 0 0.06675)
(0.002 0 0.06675)
(0.00225 0 0.06675)
(0.0025 0 0.06675)
(0.00275 0 0.06675)
(0.003 0 0.06675)
(0.00325 0 0.06675)
(0.0035 0 0.06675)
(0.00375 0 0.06675)
(0.004 0 0.06675)
(0.00425 0 0.06675)
(0.0045 0 0.06675)
(0.00475 0 0.06675)
(0.005 0 0.06675)
(0.00525 0 0.06675)
(0.0055 0 0.06675)
(0.00575 0 0.06675)
(0.006 0 0.06675)
(0.00625 0 0.06675)
(0.0065 0 0.06675)
(0.00675 0 0.06675)
(0.007 0 0.06675)
(0.00725 0 0.06675)
(0.0075 0 0.06675)
(0.00775 0 0.06675)
(0.008 0 0.06675)
(0.00825 0 0.06675)
(0.0085 0 0.06675)
(0.00875 0 0.06675)
(0.009 0 0.06675)
(0.00925 0 0.06675)
(0.0095 0 0.06675)
(0.00975 0 0.06675)
(0.01 0 0.06675)
(0.01025 0 0.06675)
(0.0105 0 0.06675)
(0.01075 0 0.06675)
(0.011 0 0.06675)
(0.01125 0 0.06675)
(0.0115 0 0.06675)
(0.01175 0 0.06675)
(0.012 0 0.06675)
(0.01225 0 0.06675)
(0.0125 0 0.06675)
(0.01275 0 0.06675)
(0.013 0 0.06675)
(0.01325 0 0.06675)
(0.0135 0 0.06675)
(0.01375 0 0.06675)
(0.014 0 0.06675)
(0.01425 0 0.06675)
(0.0145 0 0.06675)
(0.01475 0 0.06675)
(0.015 0 0.06675)
(0.01525 0 0.06675)
(0.0155 0 0.06675)
(0.01575 0 0.06675)
(0.016 0 0.06675)
(0.01625 0 0.06675)
(0.0165 0 0.06675)
(0.01675 0 0.06675)
(0.017 0 0.06675)
(0.01725 0 0.06675)
(0.0175 0 0.06675)
(0.01775 0 0.06675)
(0.018 0 0.06675)
(0.01825 0 0.06675)
(0.0185 0 0.06675)
(0.01875 0 0.06675)
(0.019 0 0.06675)
(0.01925 0 0.06675)
(0.0195 0 0.06675)
(0.01975 0 0.06675)
(0.02 0 0.06675)
(0.02025 0 0.06675)
(0.0205 0 0.06675)
(0.02075 0 0.06675)
(0.021 0 0.06675)
(0.02125 0 0.06675)
(0.0215 0 0.06675)
(0.02175 0 0.06675)
(0.022 0 0.06675)
(0.02225 0 0.06675)
(0.0225 0 0.06675)
(0.02275 0 0.06675)
(0.023 0 0.06675)
(0.02325 0 0.06675)
(0.0235 0 0.06675)
(0.02375 0 0.06675)
(0.024 0 0.06675)
(0.02425 0 0.06675)
(0.0245 0 0.06675)
(0.02475 0 0.06675)
(0.025 0 0.06675)
(0.02525 0 0.06675)
(0.0255 0 0.06675)
(0.02575 0 0.06675)
(0.026 0 0.06675)
(0.02625 0 0.06675)
(0.0265 0 0.06675)
(0.02675 0 0.06675)
(0.027 0 0.06675)
(0.02725 0 0.06675)
(0.0275 0 0.06675)
(0.02775 0 0.06675)
(0.028 0 0.06675)
(0.02825 0 0.06675)
(0.0285 0 0.06675)
(0.02875 0 0.06675)
(0.029 0 0.06675)
(0.02925 0 0.06675)
(0.0295 0 0.06675)
(0.02975 0 0.06675)
(0.03 0 0.06675)
(0.03025 0 0.06675)
(0.0305 0 0.06675)
(0.03075 0 0.06675)
(0.031 0 0.06675)
(0.03125 0 0.06675)
(0.0315 0 0.06675)
(0.03175 0 0.06675)
(0.032 0 0.06675)
(0.03225 0 0.06675)
(0.0325 0 0.06675)
(0.03275 0 0.06675)
(0.033 0 0.06675)
(0.03325 0 0.06675)
(0.0335 0 0.06675)
(0.03375 0 0.06675)
(0.034 0 0.06675)
(0.03425 0 0.06675)
(0.0345 0 0.06675)
(0.03475 0 0.06675)
(0.035 0 0.06675)
(0 0.00025 0.06675)
(0.00025 0.00025 0.06675)
(0.0005 0.00025 0.06675)
(0.00075 0.00025 0.06675)
(0.001 0.00025 0.06675)
(0.00125 0.00025 0.06675)
(0.0015 0.00025 0.06675)
(0.00175 0.00025 0.06675)
(0.002 0.00025 0.06675)
(0.00225 0.00025 0.06675)
(0.0025 0.00025 0.06675)
(0.00275 0.00025 0.06675)
(0.003 0.00025 0.06675)
(0.00325 0.00025 0.06675)
(0.0035 0.00025 0.06675)
(0.00375 0.00025 0.06675)
(0.004 0.00025 0.06675)
(0.00425 0.00025 0.06675)
(0.0045 0.00025 0.06675)
(0.00475 0.00025 0.06675)
(0.005 0.00025 0.06675)
(0.00525 0.00025 0.06675)
(0.0055 0.00025 0.06675)
(0.00575 0.00025 0.06675)
(0.006 0.00025 0.06675)
(0.00625 0.00025 0.06675)
(0.0065 0.00025 0.06675)
(0.00675 0.00025 0.06675)
(0.007 0.00025 0.06675)
(0.00725 0.00025 0.06675)
(0.0075 0.00025 0.06675)
(0.00775 0.00025 0.06675)
(0.008 0.00025 0.06675)
(0.00825 0.00025 0.06675)
(0.0085 0.00025 0.06675)
(0.00875 0.00025 0.06675)
(0.009 0.00025 0.06675)
(0.00925 0.00025 0.06675)
(0.0095 0.00025 0.06675)
(0.00975 0.00025 0.06675)
(0.01 0.00025 0.06675)
(0.01025 0.00025 0.06675)
(0.0105 0.00025 0.06675)
(0.01075 0.00025 0.06675)
(0.011 0.00025 0.06675)
(0.01125 0.00025 0.06675)
(0.0115 0.00025 0.06675)
(0.01175 0.00025 0.06675)
(0.012 0.00025 0.06675)
(0.01225 0.00025 0.06675)
(0.0125 0.00025 0.06675)
(0.01275 0.00025 0.06675)
(0.013 0.00025 0.06675)
(0.01325 0.00025 0.06675)
(0.0135 0.00025 0.06675)
(0.01375 0.00025 0.06675)
(0.014 0.00025 0.06675)
(0.01425 0.00025 0.06675)
(0.0145 0.00025 0.06675)
(0.01475 0.00025 0.06675)
(0.015 0.00025 0.06675)
(0.01525 0.00025 0.06675)
(0.0155 0.00025 0.06675)
(0.01575 0.00025 0.06675)
(0.016 0.00025 0.06675)
(0.01625 0.00025 0.06675)
(0.0165 0.00025 0.06675)
(0.01675 0.00025 0.06675)
(0.017 0.00025 0.06675)
(0.01725 0.00025 0.06675)
(0.0175 0.00025 0.06675)
(0.01775 0.00025 0.06675)
(0.018 0.00025 0.06675)
(0.01825 0.00025 0.06675)
(0.0185 0.00025 0.06675)
(0.01875 0.00025 0.06675)
(0.019 0.00025 0.06675)
(0.01925 0.00025 0.06675)
(0.0195 0.00025 0.06675)
(0.01975 0.00025 0.06675)
(0.02 0.00025 0.06675)
(0.02025 0.00025 0.06675)
(0.0205 0.00025 0.06675)
(0.02075 0.00025 0.06675)
(0.021 0.00025 0.06675)
(0.02125 0.00025 0.06675)
(0.0215 0.00025 0.06675)
(0.02175 0.00025 0.06675)
(0.022 0.00025 0.06675)
(0.02225 0.00025 0.06675)
(0.0225 0.00025 0.06675)
(0.02275 0.00025 0.06675)
(0.023 0.00025 0.06675)
(0.02325 0.00025 0.06675)
(0.0235 0.00025 0.06675)
(0.02375 0.00025 0.06675)
(0.024 0.00025 0.06675)
(0.02425 0.00025 0.06675)
(0.0245 0.00025 0.06675)
(0.02475 0.00025 0.06675)
(0.025 0.00025 0.06675)
(0.02525 0.00025 0.06675)
(0.0255 0.00025 0.06675)
(0.02575 0.00025 0.06675)
(0.026 0.00025 0.06675)
(0.02625 0.00025 0.06675)
(0.0265 0.00025 0.06675)
(0.02675 0.00025 0.06675)
(0.027 0.00025 0.06675)
(0.02725 0.00025 0.06675)
(0.0275 0.00025 0.06675)
(0.02775 0.00025 0.06675)
(0.028 0.00025 0.06675)
(0.02825 0.00025 0.06675)
(0.0285 0.00025 0.06675)
(0.02875 0.00025 0.06675)
(0.029 0.00025 0.06675)
(0.02925 0.00025 0.06675)
(0.0295 0.00025 0.06675)
(0.02975 0.00025 0.06675)
(0.03 0.00025 0.06675)
(0.03025 0.00025 0.06675)
(0.0305 0.00025 0.06675)
(0.03075 0.00025 0.06675)
(0.031 0.00025 0.06675)
(0.03125 0.00025 0.06675)
(0.0315 0.00025 0.06675)
(0.03175 0.00025 0.06675)
(0.032 0.00025 0.06675)
(0.03225 0.00025 0.06675)
(0.0325 0.00025 0.06675)
(0.03275 0.00025 0.06675)
(0.033 0.00025 0.06675)
(0.03325 0.00025 0.06675)
(0.0335 0.00025 0.06675)
(0.03375 0.00025 0.06675)
(0.034 0.00025 0.06675)
(0.03425 0.00025 0.06675)
(0.0345 0.00025 0.06675)
(0.03475 0.00025 0.06675)
(0.035 0.00025 0.06675)
(0 0.0005 0.06675)
(0.00025 0.0005 0.06675)
(0.0005 0.0005 0.06675)
(0.00075 0.0005 0.06675)
(0.001 0.0005 0.06675)
(0.00125 0.0005 0.06675)
(0.0015 0.0005 0.06675)
(0.00175 0.0005 0.06675)
(0.002 0.0005 0.06675)
(0.00225 0.0005 0.06675)
(0.0025 0.0005 0.06675)
(0.00275 0.0005 0.06675)
(0.003 0.0005 0.06675)
(0.00325 0.0005 0.06675)
(0.0035 0.0005 0.06675)
(0.00375 0.0005 0.06675)
(0.004 0.0005 0.06675)
(0.00425 0.0005 0.06675)
(0.0045 0.0005 0.06675)
(0.00475 0.0005 0.06675)
(0.005 0.0005 0.06675)
(0.00525 0.0005 0.06675)
(0.0055 0.0005 0.06675)
(0.00575 0.0005 0.06675)
(0.006 0.0005 0.06675)
(0.00625 0.0005 0.06675)
(0.0065 0.0005 0.06675)
(0.00675 0.0005 0.06675)
(0.007 0.0005 0.06675)
(0.00725 0.0005 0.06675)
(0.0075 0.0005 0.06675)
(0.00775 0.0005 0.06675)
(0.008 0.0005 0.06675)
(0.00825 0.0005 0.06675)
(0.0085 0.0005 0.06675)
(0.00875 0.0005 0.06675)
(0.009 0.0005 0.06675)
(0.00925 0.0005 0.06675)
(0.0095 0.0005 0.06675)
(0.00975 0.0005 0.06675)
(0.01 0.0005 0.06675)
(0.01025 0.0005 0.06675)
(0.0105 0.0005 0.06675)
(0.01075 0.0005 0.06675)
(0.011 0.0005 0.06675)
(0.01125 0.0005 0.06675)
(0.0115 0.0005 0.06675)
(0.01175 0.0005 0.06675)
(0.012 0.0005 0.06675)
(0.01225 0.0005 0.06675)
(0.0125 0.0005 0.06675)
(0.01275 0.0005 0.06675)
(0.013 0.0005 0.06675)
(0.01325 0.0005 0.06675)
(0.0135 0.0005 0.06675)
(0.01375 0.0005 0.06675)
(0.014 0.0005 0.06675)
(0.01425 0.0005 0.06675)
(0.0145 0.0005 0.06675)
(0.01475 0.0005 0.06675)
(0.015 0.0005 0.06675)
(0.01525 0.0005 0.06675)
(0.0155 0.0005 0.06675)
(0.01575 0.0005 0.06675)
(0.016 0.0005 0.06675)
(0.01625 0.0005 0.06675)
(0.0165 0.0005 0.06675)
(0.01675 0.0005 0.06675)
(0.017 0.0005 0.06675)
(0.01725 0.0005 0.06675)
(0.0175 0.0005 0.06675)
(0.01775 0.0005 0.06675)
(0.018 0.0005 0.06675)
(0.01825 0.0005 0.06675)
(0.0185 0.0005 0.06675)
(0.01875 0.0005 0.06675)
(0.019 0.0005 0.06675)
(0.01925 0.0005 0.06675)
(0.0195 0.0005 0.06675)
(0.01975 0.0005 0.06675)
(0.02 0.0005 0.06675)
(0.02025 0.0005 0.06675)
(0.0205 0.0005 0.06675)
(0.02075 0.0005 0.06675)
(0.021 0.0005 0.06675)
(0.02125 0.0005 0.06675)
(0.0215 0.0005 0.06675)
(0.02175 0.0005 0.06675)
(0.022 0.0005 0.06675)
(0.02225 0.0005 0.06675)
(0.0225 0.0005 0.06675)
(0.02275 0.0005 0.06675)
(0.023 0.0005 0.06675)
(0.02325 0.0005 0.06675)
(0.0235 0.0005 0.06675)
(0.02375 0.0005 0.06675)
(0.024 0.0005 0.06675)
(0.02425 0.0005 0.06675)
(0.0245 0.0005 0.06675)
(0.02475 0.0005 0.06675)
(0.025 0.0005 0.06675)
(0.02525 0.0005 0.06675)
(0.0255 0.0005 0.06675)
(0.02575 0.0005 0.06675)
(0.026 0.0005 0.06675)
(0.02625 0.0005 0.06675)
(0.0265 0.0005 0.06675)
(0.02675 0.0005 0.06675)
(0.027 0.0005 0.06675)
(0.02725 0.0005 0.06675)
(0.0275 0.0005 0.06675)
(0.02775 0.0005 0.06675)
(0.028 0.0005 0.06675)
(0.02825 0.0005 0.06675)
(0.0285 0.0005 0.06675)
(0.02875 0.0005 0.06675)
(0.029 0.0005 0.06675)
(0.02925 0.0005 0.06675)
(0.0295 0.0005 0.06675)
(0.02975 0.0005 0.06675)
(0.03 0.0005 0.06675)
(0.03025 0.0005 0.06675)
(0.0305 0.0005 0.06675)
(0.03075 0.0005 0.06675)
(0.031 0.0005 0.06675)
(0.03125 0.0005 0.06675)
(0.0315 0.0005 0.06675)
(0.03175 0.0005 0.06675)
(0.032 0.0005 0.06675)
(0.03225 0.0005 0.06675)
(0.0325 0.0005 0.06675)
(0.03275 0.0005 0.06675)
(0.033 0.0005 0.06675)
(0.03325 0.0005 0.06675)
(0.0335 0.0005 0.06675)
(0.03375 0.0005 0.06675)
(0.034 0.0005 0.06675)
(0.03425 0.0005 0.06675)
(0.0345 0.0005 0.06675)
(0.03475 0.0005 0.06675)
(0.035 0.0005 0.06675)
(0 0.00075 0.06675)
(0.00025 0.00075 0.06675)
(0.0005 0.00075 0.06675)
(0.00075 0.00075 0.06675)
(0.001 0.00075 0.06675)
(0.00125 0.00075 0.06675)
(0.0015 0.00075 0.06675)
(0.00175 0.00075 0.06675)
(0.002 0.00075 0.06675)
(0.00225 0.00075 0.06675)
(0.0025 0.00075 0.06675)
(0.00275 0.00075 0.06675)
(0.003 0.00075 0.06675)
(0.00325 0.00075 0.06675)
(0.0035 0.00075 0.06675)
(0.00375 0.00075 0.06675)
(0.004 0.00075 0.06675)
(0.00425 0.00075 0.06675)
(0.0045 0.00075 0.06675)
(0.00475 0.00075 0.06675)
(0.005 0.00075 0.06675)
(0.00525 0.00075 0.06675)
(0.0055 0.00075 0.06675)
(0.00575 0.00075 0.06675)
(0.006 0.00075 0.06675)
(0.00625 0.00075 0.06675)
(0.0065 0.00075 0.06675)
(0.00675 0.00075 0.06675)
(0.007 0.00075 0.06675)
(0.00725 0.00075 0.06675)
(0.0075 0.00075 0.06675)
(0.00775 0.00075 0.06675)
(0.008 0.00075 0.06675)
(0.00825 0.00075 0.06675)
(0.0085 0.00075 0.06675)
(0.00875 0.00075 0.06675)
(0.009 0.00075 0.06675)
(0.00925 0.00075 0.06675)
(0.0095 0.00075 0.06675)
(0.00975 0.00075 0.06675)
(0.01 0.00075 0.06675)
(0.01025 0.00075 0.06675)
(0.0105 0.00075 0.06675)
(0.01075 0.00075 0.06675)
(0.011 0.00075 0.06675)
(0.01125 0.00075 0.06675)
(0.0115 0.00075 0.06675)
(0.01175 0.00075 0.06675)
(0.012 0.00075 0.06675)
(0.01225 0.00075 0.06675)
(0.0125 0.00075 0.06675)
(0.01275 0.00075 0.06675)
(0.013 0.00075 0.06675)
(0.01325 0.00075 0.06675)
(0.0135 0.00075 0.06675)
(0.01375 0.00075 0.06675)
(0.014 0.00075 0.06675)
(0.01425 0.00075 0.06675)
(0.0145 0.00075 0.06675)
(0.01475 0.00075 0.06675)
(0.015 0.00075 0.06675)
(0.01525 0.00075 0.06675)
(0.0155 0.00075 0.06675)
(0.01575 0.00075 0.06675)
(0.016 0.00075 0.06675)
(0.01625 0.00075 0.06675)
(0.0165 0.00075 0.06675)
(0.01675 0.00075 0.06675)
(0.017 0.00075 0.06675)
(0.01725 0.00075 0.06675)
(0.0175 0.00075 0.06675)
(0.01775 0.00075 0.06675)
(0.018 0.00075 0.06675)
(0.01825 0.00075 0.06675)
(0.0185 0.00075 0.06675)
(0.01875 0.00075 0.06675)
(0.019 0.00075 0.06675)
(0.01925 0.00075 0.06675)
(0.0195 0.00075 0.06675)
(0.01975 0.00075 0.06675)
(0.02 0.00075 0.06675)
(0.02025 0.00075 0.06675)
(0.0205 0.00075 0.06675)
(0.02075 0.00075 0.06675)
(0.021 0.00075 0.06675)
(0.02125 0.00075 0.06675)
(0.0215 0.00075 0.06675)
(0.02175 0.00075 0.06675)
(0.022 0.00075 0.06675)
(0.02225 0.00075 0.06675)
(0.0225 0.00075 0.06675)
(0.02275 0.00075 0.06675)
(0.023 0.00075 0.06675)
(0.02325 0.00075 0.06675)
(0.0235 0.00075 0.06675)
(0.02375 0.00075 0.06675)
(0.024 0.00075 0.06675)
(0.02425 0.00075 0.06675)
(0.0245 0.00075 0.06675)
(0.02475 0.00075 0.06675)
(0.025 0.00075 0.06675)
(0.02525 0.00075 0.06675)
(0.0255 0.00075 0.06675)
(0.02575 0.00075 0.06675)
(0.026 0.00075 0.06675)
(0.02625 0.00075 0.06675)
(0.0265 0.00075 0.06675)
(0.02675 0.00075 0.06675)
(0.027 0.00075 0.06675)
(0.02725 0.00075 0.06675)
(0.0275 0.00075 0.06675)
(0.02775 0.00075 0.06675)
(0.028 0.00075 0.06675)
(0.02825 0.00075 0.06675)
(0.0285 0.00075 0.06675)
(0.02875 0.00075 0.06675)
(0.029 0.00075 0.06675)
(0.02925 0.00075 0.06675)
(0.0295 0.00075 0.06675)
(0.02975 0.00075 0.06675)
(0.03 0.00075 0.06675)
(0.03025 0.00075 0.06675)
(0.0305 0.00075 0.06675)
(0.03075 0.00075 0.06675)
(0.031 0.00075 0.06675)
(0.03125 0.00075 0.06675)
(0.0315 0.00075 0.06675)
(0.03175 0.00075 0.06675)
(0.032 0.00075 0.06675)
(0.03225 0.00075 0.06675)
(0.0325 0.00075 0.06675)
(0.03275 0.00075 0.06675)
(0.033 0.00075 0.06675)
(0.03325 0.00075 0.06675)
(0.0335 0.00075 0.06675)
(0.03375 0.00075 0.06675)
(0.034 0.00075 0.06675)
(0.03425 0.00075 0.06675)
(0.0345 0.00075 0.06675)
(0.03475 0.00075 0.06675)
(0.035 0.00075 0.06675)
(0 0.001 0.06675)
(0.00025 0.001 0.06675)
(0.0005 0.001 0.06675)
(0.00075 0.001 0.06675)
(0.001 0.001 0.06675)
(0.00125 0.001 0.06675)
(0.0015 0.001 0.06675)
(0.00175 0.001 0.06675)
(0.002 0.001 0.06675)
(0.00225 0.001 0.06675)
(0.0025 0.001 0.06675)
(0.00275 0.001 0.06675)
(0.003 0.001 0.06675)
(0.00325 0.001 0.06675)
(0.0035 0.001 0.06675)
(0.00375 0.001 0.06675)
(0.004 0.001 0.06675)
(0.00425 0.001 0.06675)
(0.0045 0.001 0.06675)
(0.00475 0.001 0.06675)
(0.005 0.001 0.06675)
(0.00525 0.001 0.06675)
(0.0055 0.001 0.06675)
(0.00575 0.001 0.06675)
(0.006 0.001 0.06675)
(0.00625 0.001 0.06675)
(0.0065 0.001 0.06675)
(0.00675 0.001 0.06675)
(0.007 0.001 0.06675)
(0.00725 0.001 0.06675)
(0.0075 0.001 0.06675)
(0.00775 0.001 0.06675)
(0.008 0.001 0.06675)
(0.00825 0.001 0.06675)
(0.0085 0.001 0.06675)
(0.00875 0.001 0.06675)
(0.009 0.001 0.06675)
(0.00925 0.001 0.06675)
(0.0095 0.001 0.06675)
(0.00975 0.001 0.06675)
(0.01 0.001 0.06675)
(0.01025 0.001 0.06675)
(0.0105 0.001 0.06675)
(0.01075 0.001 0.06675)
(0.011 0.001 0.06675)
(0.01125 0.001 0.06675)
(0.0115 0.001 0.06675)
(0.01175 0.001 0.06675)
(0.012 0.001 0.06675)
(0.01225 0.001 0.06675)
(0.0125 0.001 0.06675)
(0.01275 0.001 0.06675)
(0.013 0.001 0.06675)
(0.01325 0.001 0.06675)
(0.0135 0.001 0.06675)
(0.01375 0.001 0.06675)
(0.014 0.001 0.06675)
(0.01425 0.001 0.06675)
(0.0145 0.001 0.06675)
(0.01475 0.001 0.06675)
(0.015 0.001 0.06675)
(0.01525 0.001 0.06675)
(0.0155 0.001 0.06675)
(0.01575 0.001 0.06675)
(0.016 0.001 0.06675)
(0.01625 0.001 0.06675)
(0.0165 0.001 0.06675)
(0.01675 0.001 0.06675)
(0.017 0.001 0.06675)
(0.01725 0.001 0.06675)
(0.0175 0.001 0.06675)
(0.01775 0.001 0.06675)
(0.018 0.001 0.06675)
(0.01825 0.001 0.06675)
(0.0185 0.001 0.06675)
(0.01875 0.001 0.06675)
(0.019 0.001 0.06675)
(0.01925 0.001 0.06675)
(0.0195 0.001 0.06675)
(0.01975 0.001 0.06675)
(0.02 0.001 0.06675)
(0.02025 0.001 0.06675)
(0.0205 0.001 0.06675)
(0.02075 0.001 0.06675)
(0.021 0.001 0.06675)
(0.02125 0.001 0.06675)
(0.0215 0.001 0.06675)
(0.02175 0.001 0.06675)
(0.022 0.001 0.06675)
(0.02225 0.001 0.06675)
(0.0225 0.001 0.06675)
(0.02275 0.001 0.06675)
(0.023 0.001 0.06675)
(0.02325 0.001 0.06675)
(0.0235 0.001 0.06675)
(0.02375 0.001 0.06675)
(0.024 0.001 0.06675)
(0.02425 0.001 0.06675)
(0.0245 0.001 0.06675)
(0.02475 0.001 0.06675)
(0.025 0.001 0.06675)
(0.02525 0.001 0.06675)
(0.0255 0.001 0.06675)
(0.02575 0.001 0.06675)
(0.026 0.001 0.06675)
(0.02625 0.001 0.06675)
(0.0265 0.001 0.06675)
(0.02675 0.001 0.06675)
(0.027 0.001 0.06675)
(0.02725 0.001 0.06675)
(0.0275 0.001 0.06675)
(0.02775 0.001 0.06675)
(0.028 0.001 0.06675)
(0.02825 0.001 0.06675)
(0.0285 0.001 0.06675)
(0.02875 0.001 0.06675)
(0.029 0.001 0.06675)
(0.02925 0.001 0.06675)
(0.0295 0.001 0.06675)
(0.02975 0.001 0.06675)
(0.03 0.001 0.06675)
(0.03025 0.001 0.06675)
(0.0305 0.001 0.06675)
(0.03075 0.001 0.06675)
(0.031 0.001 0.06675)
(0.03125 0.001 0.06675)
(0.0315 0.001 0.06675)
(0.03175 0.001 0.06675)
(0.032 0.001 0.06675)
(0.03225 0.001 0.06675)
(0.0325 0.001 0.06675)
(0.03275 0.001 0.06675)
(0.033 0.001 0.06675)
(0.03325 0.001 0.06675)
(0.0335 0.001 0.06675)
(0.03375 0.001 0.06675)
(0.034 0.001 0.06675)
(0.03425 0.001 0.06675)
(0.0345 0.001 0.06675)
(0.03475 0.001 0.06675)
(0.035 0.001 0.06675)
(0 0.00125 0.06675)
(0.00025 0.00125 0.06675)
(0.0005 0.00125 0.06675)
(0.00075 0.00125 0.06675)
(0.001 0.00125 0.06675)
(0.00125 0.00125 0.06675)
(0.0015 0.00125 0.06675)
(0.00175 0.00125 0.06675)
(0.002 0.00125 0.06675)
(0.00225 0.00125 0.06675)
(0.0025 0.00125 0.06675)
(0.00275 0.00125 0.06675)
(0.003 0.00125 0.06675)
(0.00325 0.00125 0.06675)
(0.0035 0.00125 0.06675)
(0.00375 0.00125 0.06675)
(0.004 0.00125 0.06675)
(0.00425 0.00125 0.06675)
(0.0045 0.00125 0.06675)
(0.00475 0.00125 0.06675)
(0.005 0.00125 0.06675)
(0.00525 0.00125 0.06675)
(0.0055 0.00125 0.06675)
(0.00575 0.00125 0.06675)
(0.006 0.00125 0.06675)
(0.00625 0.00125 0.06675)
(0.0065 0.00125 0.06675)
(0.00675 0.00125 0.06675)
(0.007 0.00125 0.06675)
(0.00725 0.00125 0.06675)
(0.0075 0.00125 0.06675)
(0.00775 0.00125 0.06675)
(0.008 0.00125 0.06675)
(0.00825 0.00125 0.06675)
(0.0085 0.00125 0.06675)
(0.00875 0.00125 0.06675)
(0.009 0.00125 0.06675)
(0.00925 0.00125 0.06675)
(0.0095 0.00125 0.06675)
(0.00975 0.00125 0.06675)
(0.01 0.00125 0.06675)
(0.01025 0.00125 0.06675)
(0.0105 0.00125 0.06675)
(0.01075 0.00125 0.06675)
(0.011 0.00125 0.06675)
(0.01125 0.00125 0.06675)
(0.0115 0.00125 0.06675)
(0.01175 0.00125 0.06675)
(0.012 0.00125 0.06675)
(0.01225 0.00125 0.06675)
(0.0125 0.00125 0.06675)
(0.01275 0.00125 0.06675)
(0.013 0.00125 0.06675)
(0.01325 0.00125 0.06675)
(0.0135 0.00125 0.06675)
(0.01375 0.00125 0.06675)
(0.014 0.00125 0.06675)
(0.01425 0.00125 0.06675)
(0.0145 0.00125 0.06675)
(0.01475 0.00125 0.06675)
(0.015 0.00125 0.06675)
(0.01525 0.00125 0.06675)
(0.0155 0.00125 0.06675)
(0.01575 0.00125 0.06675)
(0.016 0.00125 0.06675)
(0.01625 0.00125 0.06675)
(0.0165 0.00125 0.06675)
(0.01675 0.00125 0.06675)
(0.017 0.00125 0.06675)
(0.01725 0.00125 0.06675)
(0.0175 0.00125 0.06675)
(0.01775 0.00125 0.06675)
(0.018 0.00125 0.06675)
(0.01825 0.00125 0.06675)
(0.0185 0.00125 0.06675)
(0.01875 0.00125 0.06675)
(0.019 0.00125 0.06675)
(0.01925 0.00125 0.06675)
(0.0195 0.00125 0.06675)
(0.01975 0.00125 0.06675)
(0.02 0.00125 0.06675)
(0.02025 0.00125 0.06675)
(0.0205 0.00125 0.06675)
(0.02075 0.00125 0.06675)
(0.021 0.00125 0.06675)
(0.02125 0.00125 0.06675)
(0.0215 0.00125 0.06675)
(0.02175 0.00125 0.06675)
(0.022 0.00125 0.06675)
(0.02225 0.00125 0.06675)
(0.0225 0.00125 0.06675)
(0.02275 0.00125 0.06675)
(0.023 0.00125 0.06675)
(0.02325 0.00125 0.06675)
(0.0235 0.00125 0.06675)
(0.02375 0.00125 0.06675)
(0.024 0.00125 0.06675)
(0.02425 0.00125 0.06675)
(0.0245 0.00125 0.06675)
(0.02475 0.00125 0.06675)
(0.025 0.00125 0.06675)
(0.02525 0.00125 0.06675)
(0.0255 0.00125 0.06675)
(0.02575 0.00125 0.06675)
(0.026 0.00125 0.06675)
(0.02625 0.00125 0.06675)
(0.0265 0.00125 0.06675)
(0.02675 0.00125 0.06675)
(0.027 0.00125 0.06675)
(0.02725 0.00125 0.06675)
(0.0275 0.00125 0.06675)
(0.02775 0.00125 0.06675)
(0.028 0.00125 0.06675)
(0.02825 0.00125 0.06675)
(0.0285 0.00125 0.06675)
(0.02875 0.00125 0.06675)
(0.029 0.00125 0.06675)
(0.02925 0.00125 0.06675)
(0.0295 0.00125 0.06675)
(0.02975 0.00125 0.06675)
(0.03 0.00125 0.06675)
(0.03025 0.00125 0.06675)
(0.0305 0.00125 0.06675)
(0.03075 0.00125 0.06675)
(0.031 0.00125 0.06675)
(0.03125 0.00125 0.06675)
(0.0315 0.00125 0.06675)
(0.03175 0.00125 0.06675)
(0.032 0.00125 0.06675)
(0.03225 0.00125 0.06675)
(0.0325 0.00125 0.06675)
(0.03275 0.00125 0.06675)
(0.033 0.00125 0.06675)
(0.03325 0.00125 0.06675)
(0.0335 0.00125 0.06675)
(0.03375 0.00125 0.06675)
(0.034 0.00125 0.06675)
(0.03425 0.00125 0.06675)
(0.0345 0.00125 0.06675)
(0.03475 0.00125 0.06675)
(0.035 0.00125 0.06675)
(0 0.0015 0.06675)
(0.00025 0.0015 0.06675)
(0.0005 0.0015 0.06675)
(0.00075 0.0015 0.06675)
(0.001 0.0015 0.06675)
(0.00125 0.0015 0.06675)
(0.0015 0.0015 0.06675)
(0.00175 0.0015 0.06675)
(0.002 0.0015 0.06675)
(0.00225 0.0015 0.06675)
(0.0025 0.0015 0.06675)
(0.00275 0.0015 0.06675)
(0.003 0.0015 0.06675)
(0.00325 0.0015 0.06675)
(0.0035 0.0015 0.06675)
(0.00375 0.0015 0.06675)
(0.004 0.0015 0.06675)
(0.00425 0.0015 0.06675)
(0.0045 0.0015 0.06675)
(0.00475 0.0015 0.06675)
(0.005 0.0015 0.06675)
(0.00525 0.0015 0.06675)
(0.0055 0.0015 0.06675)
(0.00575 0.0015 0.06675)
(0.006 0.0015 0.06675)
(0.00625 0.0015 0.06675)
(0.0065 0.0015 0.06675)
(0.00675 0.0015 0.06675)
(0.007 0.0015 0.06675)
(0.00725 0.0015 0.06675)
(0.0075 0.0015 0.06675)
(0.00775 0.0015 0.06675)
(0.008 0.0015 0.06675)
(0.00825 0.0015 0.06675)
(0.0085 0.0015 0.06675)
(0.00875 0.0015 0.06675)
(0.009 0.0015 0.06675)
(0.00925 0.0015 0.06675)
(0.0095 0.0015 0.06675)
(0.00975 0.0015 0.06675)
(0.01 0.0015 0.06675)
(0.01025 0.0015 0.06675)
(0.0105 0.0015 0.06675)
(0.01075 0.0015 0.06675)
(0.011 0.0015 0.06675)
(0.01125 0.0015 0.06675)
(0.0115 0.0015 0.06675)
(0.01175 0.0015 0.06675)
(0.012 0.0015 0.06675)
(0.01225 0.0015 0.06675)
(0.0125 0.0015 0.06675)
(0.01275 0.0015 0.06675)
(0.013 0.0015 0.06675)
(0.01325 0.0015 0.06675)
(0.0135 0.0015 0.06675)
(0.01375 0.0015 0.06675)
(0.014 0.0015 0.06675)
(0.01425 0.0015 0.06675)
(0.0145 0.0015 0.06675)
(0.01475 0.0015 0.06675)
(0.015 0.0015 0.06675)
(0.01525 0.0015 0.06675)
(0.0155 0.0015 0.06675)
(0.01575 0.0015 0.06675)
(0.016 0.0015 0.06675)
(0.01625 0.0015 0.06675)
(0.0165 0.0015 0.06675)
(0.01675 0.0015 0.06675)
(0.017 0.0015 0.06675)
(0.01725 0.0015 0.06675)
(0.0175 0.0015 0.06675)
(0.01775 0.0015 0.06675)
(0.018 0.0015 0.06675)
(0.01825 0.0015 0.06675)
(0.0185 0.0015 0.06675)
(0.01875 0.0015 0.06675)
(0.019 0.0015 0.06675)
(0.01925 0.0015 0.06675)
(0.0195 0.0015 0.06675)
(0.01975 0.0015 0.06675)
(0.02 0.0015 0.06675)
(0.02025 0.0015 0.06675)
(0.0205 0.0015 0.06675)
(0.02075 0.0015 0.06675)
(0.021 0.0015 0.06675)
(0.02125 0.0015 0.06675)
(0.0215 0.0015 0.06675)
(0.02175 0.0015 0.06675)
(0.022 0.0015 0.06675)
(0.02225 0.0015 0.06675)
(0.0225 0.0015 0.06675)
(0.02275 0.0015 0.06675)
(0.023 0.0015 0.06675)
(0.02325 0.0015 0.06675)
(0.0235 0.0015 0.06675)
(0.02375 0.0015 0.06675)
(0.024 0.0015 0.06675)
(0.02425 0.0015 0.06675)
(0.0245 0.0015 0.06675)
(0.02475 0.0015 0.06675)
(0.025 0.0015 0.06675)
(0.02525 0.0015 0.06675)
(0.0255 0.0015 0.06675)
(0.02575 0.0015 0.06675)
(0.026 0.0015 0.06675)
(0.02625 0.0015 0.06675)
(0.0265 0.0015 0.06675)
(0.02675 0.0015 0.06675)
(0.027 0.0015 0.06675)
(0.02725 0.0015 0.06675)
(0.0275 0.0015 0.06675)
(0.02775 0.0015 0.06675)
(0.028 0.0015 0.06675)
(0.02825 0.0015 0.06675)
(0.0285 0.0015 0.06675)
(0.02875 0.0015 0.06675)
(0.029 0.0015 0.06675)
(0.02925 0.0015 0.06675)
(0.0295 0.0015 0.06675)
(0.02975 0.0015 0.06675)
(0.03 0.0015 0.06675)
(0.03025 0.0015 0.06675)
(0.0305 0.0015 0.06675)
(0.03075 0.0015 0.06675)
(0.031 0.0015 0.06675)
(0.03125 0.0015 0.06675)
(0.0315 0.0015 0.06675)
(0.03175 0.0015 0.06675)
(0.032 0.0015 0.06675)
(0.03225 0.0015 0.06675)
(0.0325 0.0015 0.06675)
(0.03275 0.0015 0.06675)
(0.033 0.0015 0.06675)
(0.03325 0.0015 0.06675)
(0.0335 0.0015 0.06675)
(0.03375 0.0015 0.06675)
(0.034 0.0015 0.06675)
(0.03425 0.0015 0.06675)
(0.0345 0.0015 0.06675)
(0.03475 0.0015 0.06675)
(0.035 0.0015 0.06675)
(0 0.00175 0.06675)
(0.00025 0.00175 0.06675)
(0.0005 0.00175 0.06675)
(0.00075 0.00175 0.06675)
(0.001 0.00175 0.06675)
(0.00125 0.00175 0.06675)
(0.0015 0.00175 0.06675)
(0.00175 0.00175 0.06675)
(0.002 0.00175 0.06675)
(0.00225 0.00175 0.06675)
(0.0025 0.00175 0.06675)
(0.00275 0.00175 0.06675)
(0.003 0.00175 0.06675)
(0.00325 0.00175 0.06675)
(0.0035 0.00175 0.06675)
(0.00375 0.00175 0.06675)
(0.004 0.00175 0.06675)
(0.00425 0.00175 0.06675)
(0.0045 0.00175 0.06675)
(0.00475 0.00175 0.06675)
(0.005 0.00175 0.06675)
(0.00525 0.00175 0.06675)
(0.0055 0.00175 0.06675)
(0.00575 0.00175 0.06675)
(0.006 0.00175 0.06675)
(0.00625 0.00175 0.06675)
(0.0065 0.00175 0.06675)
(0.00675 0.00175 0.06675)
(0.007 0.00175 0.06675)
(0.00725 0.00175 0.06675)
(0.0075 0.00175 0.06675)
(0.00775 0.00175 0.06675)
(0.008 0.00175 0.06675)
(0.00825 0.00175 0.06675)
(0.0085 0.00175 0.06675)
(0.00875 0.00175 0.06675)
(0.009 0.00175 0.06675)
(0.00925 0.00175 0.06675)
(0.0095 0.00175 0.06675)
(0.00975 0.00175 0.06675)
(0.01 0.00175 0.06675)
(0.01025 0.00175 0.06675)
(0.0105 0.00175 0.06675)
(0.01075 0.00175 0.06675)
(0.011 0.00175 0.06675)
(0.01125 0.00175 0.06675)
(0.0115 0.00175 0.06675)
(0.01175 0.00175 0.06675)
(0.012 0.00175 0.06675)
(0.01225 0.00175 0.06675)
(0.0125 0.00175 0.06675)
(0.01275 0.00175 0.06675)
(0.013 0.00175 0.06675)
(0.01325 0.00175 0.06675)
(0.0135 0.00175 0.06675)
(0.01375 0.00175 0.06675)
(0.014 0.00175 0.06675)
(0.01425 0.00175 0.06675)
(0.0145 0.00175 0.06675)
(0.01475 0.00175 0.06675)
(0.015 0.00175 0.06675)
(0.01525 0.00175 0.06675)
(0.0155 0.00175 0.06675)
(0.01575 0.00175 0.06675)
(0.016 0.00175 0.06675)
(0.01625 0.00175 0.06675)
(0.0165 0.00175 0.06675)
(0.01675 0.00175 0.06675)
(0.017 0.00175 0.06675)
(0.01725 0.00175 0.06675)
(0.0175 0.00175 0.06675)
(0.01775 0.00175 0.06675)
(0.018 0.00175 0.06675)
(0.01825 0.00175 0.06675)
(0.0185 0.00175 0.06675)
(0.01875 0.00175 0.06675)
(0.019 0.00175 0.06675)
(0.01925 0.00175 0.06675)
(0.0195 0.00175 0.06675)
(0.01975 0.00175 0.06675)
(0.02 0.00175 0.06675)
(0.02025 0.00175 0.06675)
(0.0205 0.00175 0.06675)
(0.02075 0.00175 0.06675)
(0.021 0.00175 0.06675)
(0.02125 0.00175 0.06675)
(0.0215 0.00175 0.06675)
(0.02175 0.00175 0.06675)
(0.022 0.00175 0.06675)
(0.02225 0.00175 0.06675)
(0.0225 0.00175 0.06675)
(0.02275 0.00175 0.06675)
(0.023 0.00175 0.06675)
(0.02325 0.00175 0.06675)
(0.0235 0.00175 0.06675)
(0.02375 0.00175 0.06675)
(0.024 0.00175 0.06675)
(0.02425 0.00175 0.06675)
(0.0245 0.00175 0.06675)
(0.02475 0.00175 0.06675)
(0.025 0.00175 0.06675)
(0.02525 0.00175 0.06675)
(0.0255 0.00175 0.06675)
(0.02575 0.00175 0.06675)
(0.026 0.00175 0.06675)
(0.02625 0.00175 0.06675)
(0.0265 0.00175 0.06675)
(0.02675 0.00175 0.06675)
(0.027 0.00175 0.06675)
(0.02725 0.00175 0.06675)
(0.0275 0.00175 0.06675)
(0.02775 0.00175 0.06675)
(0.028 0.00175 0.06675)
(0.02825 0.00175 0.06675)
(0.0285 0.00175 0.06675)
(0.02875 0.00175 0.06675)
(0.029 0.00175 0.06675)
(0.02925 0.00175 0.06675)
(0.0295 0.00175 0.06675)
(0.02975 0.00175 0.06675)
(0.03 0.00175 0.06675)
(0.03025 0.00175 0.06675)
(0.0305 0.00175 0.06675)
(0.03075 0.00175 0.06675)
(0.031 0.00175 0.06675)
(0.03125 0.00175 0.06675)
(0.0315 0.00175 0.06675)
(0.03175 0.00175 0.06675)
(0.032 0.00175 0.06675)
(0.03225 0.00175 0.06675)
(0.0325 0.00175 0.06675)
(0.03275 0.00175 0.06675)
(0.033 0.00175 0.06675)
(0.03325 0.00175 0.06675)
(0.0335 0.00175 0.06675)
(0.03375 0.00175 0.06675)
(0.034 0.00175 0.06675)
(0.03425 0.00175 0.06675)
(0.0345 0.00175 0.06675)
(0.03475 0.00175 0.06675)
(0.035 0.00175 0.06675)
(0 0.002 0.06675)
(0.00025 0.002 0.06675)
(0.0005 0.002 0.06675)
(0.00075 0.002 0.06675)
(0.001 0.002 0.06675)
(0.00125 0.002 0.06675)
(0.0015 0.002 0.06675)
(0.00175 0.002 0.06675)
(0.002 0.002 0.06675)
(0.00225 0.002 0.06675)
(0.0025 0.002 0.06675)
(0.00275 0.002 0.06675)
(0.003 0.002 0.06675)
(0.00325 0.002 0.06675)
(0.0035 0.002 0.06675)
(0.00375 0.002 0.06675)
(0.004 0.002 0.06675)
(0.00425 0.002 0.06675)
(0.0045 0.002 0.06675)
(0.00475 0.002 0.06675)
(0.005 0.002 0.06675)
(0.00525 0.002 0.06675)
(0.0055 0.002 0.06675)
(0.00575 0.002 0.06675)
(0.006 0.002 0.06675)
(0.00625 0.002 0.06675)
(0.0065 0.002 0.06675)
(0.00675 0.002 0.06675)
(0.007 0.002 0.06675)
(0.00725 0.002 0.06675)
(0.0075 0.002 0.06675)
(0.00775 0.002 0.06675)
(0.008 0.002 0.06675)
(0.00825 0.002 0.06675)
(0.0085 0.002 0.06675)
(0.00875 0.002 0.06675)
(0.009 0.002 0.06675)
(0.00925 0.002 0.06675)
(0.0095 0.002 0.06675)
(0.00975 0.002 0.06675)
(0.01 0.002 0.06675)
(0.01025 0.002 0.06675)
(0.0105 0.002 0.06675)
(0.01075 0.002 0.06675)
(0.011 0.002 0.06675)
(0.01125 0.002 0.06675)
(0.0115 0.002 0.06675)
(0.01175 0.002 0.06675)
(0.012 0.002 0.06675)
(0.01225 0.002 0.06675)
(0.0125 0.002 0.06675)
(0.01275 0.002 0.06675)
(0.013 0.002 0.06675)
(0.01325 0.002 0.06675)
(0.0135 0.002 0.06675)
(0.01375 0.002 0.06675)
(0.014 0.002 0.06675)
(0.01425 0.002 0.06675)
(0.0145 0.002 0.06675)
(0.01475 0.002 0.06675)
(0.015 0.002 0.06675)
(0.01525 0.002 0.06675)
(0.0155 0.002 0.06675)
(0.01575 0.002 0.06675)
(0.016 0.002 0.06675)
(0.01625 0.002 0.06675)
(0.0165 0.002 0.06675)
(0.01675 0.002 0.06675)
(0.017 0.002 0.06675)
(0.01725 0.002 0.06675)
(0.0175 0.002 0.06675)
(0.01775 0.002 0.06675)
(0.018 0.002 0.06675)
(0.01825 0.002 0.06675)
(0.0185 0.002 0.06675)
(0.01875 0.002 0.06675)
(0.019 0.002 0.06675)
(0.01925 0.002 0.06675)
(0.0195 0.002 0.06675)
(0.01975 0.002 0.06675)
(0.02 0.002 0.06675)
(0.02025 0.002 0.06675)
(0.0205 0.002 0.06675)
(0.02075 0.002 0.06675)
(0.021 0.002 0.06675)
(0.02125 0.002 0.06675)
(0.0215 0.002 0.06675)
(0.02175 0.002 0.06675)
(0.022 0.002 0.06675)
(0.02225 0.002 0.06675)
(0.0225 0.002 0.06675)
(0.02275 0.002 0.06675)
(0.023 0.002 0.06675)
(0.02325 0.002 0.06675)
(0.0235 0.002 0.06675)
(0.02375 0.002 0.06675)
(0.024 0.002 0.06675)
(0.02425 0.002 0.06675)
(0.0245 0.002 0.06675)
(0.02475 0.002 0.06675)
(0.025 0.002 0.06675)
(0.02525 0.002 0.06675)
(0.0255 0.002 0.06675)
(0.02575 0.002 0.06675)
(0.026 0.002 0.06675)
(0.02625 0.002 0.06675)
(0.0265 0.002 0.06675)
(0.02675 0.002 0.06675)
(0.027 0.002 0.06675)
(0.02725 0.002 0.06675)
(0.0275 0.002 0.06675)
(0.02775 0.002 0.06675)
(0.028 0.002 0.06675)
(0.02825 0.002 0.06675)
(0.0285 0.002 0.06675)
(0.02875 0.002 0.06675)
(0.029 0.002 0.06675)
(0.02925 0.002 0.06675)
(0.0295 0.002 0.06675)
(0.02975 0.002 0.06675)
(0.03 0.002 0.06675)
(0.03025 0.002 0.06675)
(0.0305 0.002 0.06675)
(0.03075 0.002 0.06675)
(0.031 0.002 0.06675)
(0.03125 0.002 0.06675)
(0.0315 0.002 0.06675)
(0.03175 0.002 0.06675)
(0.032 0.002 0.06675)
(0.03225 0.002 0.06675)
(0.0325 0.002 0.06675)
(0.03275 0.002 0.06675)
(0.033 0.002 0.06675)
(0.03325 0.002 0.06675)
(0.0335 0.002 0.06675)
(0.03375 0.002 0.06675)
(0.034 0.002 0.06675)
(0.03425 0.002 0.06675)
(0.0345 0.002 0.06675)
(0.03475 0.002 0.06675)
(0.035 0.002 0.06675)
(0 0.00225 0.06675)
(0.00025 0.00225 0.06675)
(0.0005 0.00225 0.06675)
(0.00075 0.00225 0.06675)
(0.001 0.00225 0.06675)
(0.00125 0.00225 0.06675)
(0.0015 0.00225 0.06675)
(0.00175 0.00225 0.06675)
(0.002 0.00225 0.06675)
(0.00225 0.00225 0.06675)
(0.0025 0.00225 0.06675)
(0.00275 0.00225 0.06675)
(0.003 0.00225 0.06675)
(0.00325 0.00225 0.06675)
(0.0035 0.00225 0.06675)
(0.00375 0.00225 0.06675)
(0.004 0.00225 0.06675)
(0.00425 0.00225 0.06675)
(0.0045 0.00225 0.06675)
(0.00475 0.00225 0.06675)
(0.005 0.00225 0.06675)
(0.00525 0.00225 0.06675)
(0.0055 0.00225 0.06675)
(0.00575 0.00225 0.06675)
(0.006 0.00225 0.06675)
(0.00625 0.00225 0.06675)
(0.0065 0.00225 0.06675)
(0.00675 0.00225 0.06675)
(0.007 0.00225 0.06675)
(0.00725 0.00225 0.06675)
(0.0075 0.00225 0.06675)
(0.00775 0.00225 0.06675)
(0.008 0.00225 0.06675)
(0.00825 0.00225 0.06675)
(0.0085 0.00225 0.06675)
(0.00875 0.00225 0.06675)
(0.009 0.00225 0.06675)
(0.00925 0.00225 0.06675)
(0.0095 0.00225 0.06675)
(0.00975 0.00225 0.06675)
(0.01 0.00225 0.06675)
(0.01025 0.00225 0.06675)
(0.0105 0.00225 0.06675)
(0.01075 0.00225 0.06675)
(0.011 0.00225 0.06675)
(0.01125 0.00225 0.06675)
(0.0115 0.00225 0.06675)
(0.01175 0.00225 0.06675)
(0.012 0.00225 0.06675)
(0.01225 0.00225 0.06675)
(0.0125 0.00225 0.06675)
(0.01275 0.00225 0.06675)
(0.013 0.00225 0.06675)
(0.01325 0.00225 0.06675)
(0.0135 0.00225 0.06675)
(0.01375 0.00225 0.06675)
(0.014 0.00225 0.06675)
(0.01425 0.00225 0.06675)
(0.0145 0.00225 0.06675)
(0.01475 0.00225 0.06675)
(0.015 0.00225 0.06675)
(0.01525 0.00225 0.06675)
(0.0155 0.00225 0.06675)
(0.01575 0.00225 0.06675)
(0.016 0.00225 0.06675)
(0.01625 0.00225 0.06675)
(0.0165 0.00225 0.06675)
(0.01675 0.00225 0.06675)
(0.017 0.00225 0.06675)
(0.01725 0.00225 0.06675)
(0.0175 0.00225 0.06675)
(0.01775 0.00225 0.06675)
(0.018 0.00225 0.06675)
(0.01825 0.00225 0.06675)
(0.0185 0.00225 0.06675)
(0.01875 0.00225 0.06675)
(0.019 0.00225 0.06675)
(0.01925 0.00225 0.06675)
(0.0195 0.00225 0.06675)
(0.01975 0.00225 0.06675)
(0.02 0.00225 0.06675)
(0.02025 0.00225 0.06675)
(0.0205 0.00225 0.06675)
(0.02075 0.00225 0.06675)
(0.021 0.00225 0.06675)
(0.02125 0.00225 0.06675)
(0.0215 0.00225 0.06675)
(0.02175 0.00225 0.06675)
(0.022 0.00225 0.06675)
(0.02225 0.00225 0.06675)
(0.0225 0.00225 0.06675)
(0.02275 0.00225 0.06675)
(0.023 0.00225 0.06675)
(0.02325 0.00225 0.06675)
(0.0235 0.00225 0.06675)
(0.02375 0.00225 0.06675)
(0.024 0.00225 0.06675)
(0.02425 0.00225 0.06675)
(0.0245 0.00225 0.06675)
(0.02475 0.00225 0.06675)
(0.025 0.00225 0.06675)
(0.02525 0.00225 0.06675)
(0.0255 0.00225 0.06675)
(0.02575 0.00225 0.06675)
(0.026 0.00225 0.06675)
(0.02625 0.00225 0.06675)
(0.0265 0.00225 0.06675)
(0.02675 0.00225 0.06675)
(0.027 0.00225 0.06675)
(0.02725 0.00225 0.06675)
(0.0275 0.00225 0.06675)
(0.02775 0.00225 0.06675)
(0.028 0.00225 0.06675)
(0.02825 0.00225 0.06675)
(0.0285 0.00225 0.06675)
(0.02875 0.00225 0.06675)
(0.029 0.00225 0.06675)
(0.02925 0.00225 0.06675)
(0.0295 0.00225 0.06675)
(0.02975 0.00225 0.06675)
(0.03 0.00225 0.06675)
(0.03025 0.00225 0.06675)
(0.0305 0.00225 0.06675)
(0.03075 0.00225 0.06675)
(0.031 0.00225 0.06675)
(0.03125 0.00225 0.06675)
(0.0315 0.00225 0.06675)
(0.03175 0.00225 0.06675)
(0.032 0.00225 0.06675)
(0.03225 0.00225 0.06675)
(0.0325 0.00225 0.06675)
(0.03275 0.00225 0.06675)
(0.033 0.00225 0.06675)
(0.03325 0.00225 0.06675)
(0.0335 0.00225 0.06675)
(0.03375 0.00225 0.06675)
(0.034 0.00225 0.06675)
(0.03425 0.00225 0.06675)
(0.0345 0.00225 0.06675)
(0.03475 0.00225 0.06675)
(0.035 0.00225 0.06675)
(0 0.0025 0.06675)
(0.00025 0.0025 0.06675)
(0.0005 0.0025 0.06675)
(0.00075 0.0025 0.06675)
(0.001 0.0025 0.06675)
(0.00125 0.0025 0.06675)
(0.0015 0.0025 0.06675)
(0.00175 0.0025 0.06675)
(0.002 0.0025 0.06675)
(0.00225 0.0025 0.06675)
(0.0025 0.0025 0.06675)
(0.00275 0.0025 0.06675)
(0.003 0.0025 0.06675)
(0.00325 0.0025 0.06675)
(0.0035 0.0025 0.06675)
(0.00375 0.0025 0.06675)
(0.004 0.0025 0.06675)
(0.00425 0.0025 0.06675)
(0.0045 0.0025 0.06675)
(0.00475 0.0025 0.06675)
(0.005 0.0025 0.06675)
(0.00525 0.0025 0.06675)
(0.0055 0.0025 0.06675)
(0.00575 0.0025 0.06675)
(0.006 0.0025 0.06675)
(0.00625 0.0025 0.06675)
(0.0065 0.0025 0.06675)
(0.00675 0.0025 0.06675)
(0.007 0.0025 0.06675)
(0.00725 0.0025 0.06675)
(0.0075 0.0025 0.06675)
(0.00775 0.0025 0.06675)
(0.008 0.0025 0.06675)
(0.00825 0.0025 0.06675)
(0.0085 0.0025 0.06675)
(0.00875 0.0025 0.06675)
(0.009 0.0025 0.06675)
(0.00925 0.0025 0.06675)
(0.0095 0.0025 0.06675)
(0.00975 0.0025 0.06675)
(0.01 0.0025 0.06675)
(0.01025 0.0025 0.06675)
(0.0105 0.0025 0.06675)
(0.01075 0.0025 0.06675)
(0.011 0.0025 0.06675)
(0.01125 0.0025 0.06675)
(0.0115 0.0025 0.06675)
(0.01175 0.0025 0.06675)
(0.012 0.0025 0.06675)
(0.01225 0.0025 0.06675)
(0.0125 0.0025 0.06675)
(0.01275 0.0025 0.06675)
(0.013 0.0025 0.06675)
(0.01325 0.0025 0.06675)
(0.0135 0.0025 0.06675)
(0.01375 0.0025 0.06675)
(0.014 0.0025 0.06675)
(0.01425 0.0025 0.06675)
(0.0145 0.0025 0.06675)
(0.01475 0.0025 0.06675)
(0.015 0.0025 0.06675)
(0.01525 0.0025 0.06675)
(0.0155 0.0025 0.06675)
(0.01575 0.0025 0.06675)
(0.016 0.0025 0.06675)
(0.01625 0.0025 0.06675)
(0.0165 0.0025 0.06675)
(0.01675 0.0025 0.06675)
(0.017 0.0025 0.06675)
(0.01725 0.0025 0.06675)
(0.0175 0.0025 0.06675)
(0.01775 0.0025 0.06675)
(0.018 0.0025 0.06675)
(0.01825 0.0025 0.06675)
(0.0185 0.0025 0.06675)
(0.01875 0.0025 0.06675)
(0.019 0.0025 0.06675)
(0.01925 0.0025 0.06675)
(0.0195 0.0025 0.06675)
(0.01975 0.0025 0.06675)
(0.02 0.0025 0.06675)
(0.02025 0.0025 0.06675)
(0.0205 0.0025 0.06675)
(0.02075 0.0025 0.06675)
(0.021 0.0025 0.06675)
(0.02125 0.0025 0.06675)
(0.0215 0.0025 0.06675)
(0.02175 0.0025 0.06675)
(0.022 0.0025 0.06675)
(0.02225 0.0025 0.06675)
(0.0225 0.0025 0.06675)
(0.02275 0.0025 0.06675)
(0.023 0.0025 0.06675)
(0.02325 0.0025 0.06675)
(0.0235 0.0025 0.06675)
(0.02375 0.0025 0.06675)
(0.024 0.0025 0.06675)
(0.02425 0.0025 0.06675)
(0.0245 0.0025 0.06675)
(0.02475 0.0025 0.06675)
(0.025 0.0025 0.06675)
(0.02525 0.0025 0.06675)
(0.0255 0.0025 0.06675)
(0.02575 0.0025 0.06675)
(0.026 0.0025 0.06675)
(0.02625 0.0025 0.06675)
(0.0265 0.0025 0.06675)
(0.02675 0.0025 0.06675)
(0.027 0.0025 0.06675)
(0.02725 0.0025 0.06675)
(0.0275 0.0025 0.06675)
(0.02775 0.0025 0.06675)
(0.028 0.0025 0.06675)
(0.02825 0.0025 0.06675)
(0.0285 0.0025 0.06675)
(0.02875 0.0025 0.06675)
(0.029 0.0025 0.06675)
(0.02925 0.0025 0.06675)
(0.0295 0.0025 0.06675)
(0.02975 0.0025 0.06675)
(0.03 0.0025 0.06675)
(0.03025 0.0025 0.06675)
(0.0305 0.0025 0.06675)
(0.03075 0.0025 0.06675)
(0.031 0.0025 0.06675)
(0.03125 0.0025 0.06675)
(0.0315 0.0025 0.06675)
(0.03175 0.0025 0.06675)
(0.032 0.0025 0.06675)
(0.03225 0.0025 0.06675)
(0.0325 0.0025 0.06675)
(0.03275 0.0025 0.06675)
(0.033 0.0025 0.06675)
(0.03325 0.0025 0.06675)
(0.0335 0.0025 0.06675)
(0.03375 0.0025 0.06675)
(0.034 0.0025 0.06675)
(0.03425 0.0025 0.06675)
(0.0345 0.0025 0.06675)
(0.03475 0.0025 0.06675)
(0.035 0.0025 0.06675)
(0 0 0.067)
(0.00025 0 0.067)
(0.0005 0 0.067)
(0.00075 0 0.067)
(0.001 0 0.067)
(0.00125 0 0.067)
(0.0015 0 0.067)
(0.00175 0 0.067)
(0.002 0 0.067)
(0.00225 0 0.067)
(0.0025 0 0.067)
(0.00275 0 0.067)
(0.003 0 0.067)
(0.00325 0 0.067)
(0.0035 0 0.067)
(0.00375 0 0.067)
(0.004 0 0.067)
(0.00425 0 0.067)
(0.0045 0 0.067)
(0.00475 0 0.067)
(0.005 0 0.067)
(0.00525 0 0.067)
(0.0055 0 0.067)
(0.00575 0 0.067)
(0.006 0 0.067)
(0.00625 0 0.067)
(0.0065 0 0.067)
(0.00675 0 0.067)
(0.007 0 0.067)
(0.00725 0 0.067)
(0.0075 0 0.067)
(0.00775 0 0.067)
(0.008 0 0.067)
(0.00825 0 0.067)
(0.0085 0 0.067)
(0.00875 0 0.067)
(0.009 0 0.067)
(0.00925 0 0.067)
(0.0095 0 0.067)
(0.00975 0 0.067)
(0.01 0 0.067)
(0.01025 0 0.067)
(0.0105 0 0.067)
(0.01075 0 0.067)
(0.011 0 0.067)
(0.01125 0 0.067)
(0.0115 0 0.067)
(0.01175 0 0.067)
(0.012 0 0.067)
(0.01225 0 0.067)
(0.0125 0 0.067)
(0.01275 0 0.067)
(0.013 0 0.067)
(0.01325 0 0.067)
(0.0135 0 0.067)
(0.01375 0 0.067)
(0.014 0 0.067)
(0.01425 0 0.067)
(0.0145 0 0.067)
(0.01475 0 0.067)
(0.015 0 0.067)
(0.01525 0 0.067)
(0.0155 0 0.067)
(0.01575 0 0.067)
(0.016 0 0.067)
(0.01625 0 0.067)
(0.0165 0 0.067)
(0.01675 0 0.067)
(0.017 0 0.067)
(0.01725 0 0.067)
(0.0175 0 0.067)
(0.01775 0 0.067)
(0.018 0 0.067)
(0.01825 0 0.067)
(0.0185 0 0.067)
(0.01875 0 0.067)
(0.019 0 0.067)
(0.01925 0 0.067)
(0.0195 0 0.067)
(0.01975 0 0.067)
(0.02 0 0.067)
(0.02025 0 0.067)
(0.0205 0 0.067)
(0.02075 0 0.067)
(0.021 0 0.067)
(0.02125 0 0.067)
(0.0215 0 0.067)
(0.02175 0 0.067)
(0.022 0 0.067)
(0.02225 0 0.067)
(0.0225 0 0.067)
(0.02275 0 0.067)
(0.023 0 0.067)
(0.02325 0 0.067)
(0.0235 0 0.067)
(0.02375 0 0.067)
(0.024 0 0.067)
(0.02425 0 0.067)
(0.0245 0 0.067)
(0.02475 0 0.067)
(0.025 0 0.067)
(0.02525 0 0.067)
(0.0255 0 0.067)
(0.02575 0 0.067)
(0.026 0 0.067)
(0.02625 0 0.067)
(0.0265 0 0.067)
(0.02675 0 0.067)
(0.027 0 0.067)
(0.02725 0 0.067)
(0.0275 0 0.067)
(0.02775 0 0.067)
(0.028 0 0.067)
(0.02825 0 0.067)
(0.0285 0 0.067)
(0.02875 0 0.067)
(0.029 0 0.067)
(0.02925 0 0.067)
(0.0295 0 0.067)
(0.02975 0 0.067)
(0.03 0 0.067)
(0.03025 0 0.067)
(0.0305 0 0.067)
(0.03075 0 0.067)
(0.031 0 0.067)
(0.03125 0 0.067)
(0.0315 0 0.067)
(0.03175 0 0.067)
(0.032 0 0.067)
(0.03225 0 0.067)
(0.0325 0 0.067)
(0.03275 0 0.067)
(0.033 0 0.067)
(0.03325 0 0.067)
(0.0335 0 0.067)
(0.03375 0 0.067)
(0.034 0 0.067)
(0.03425 0 0.067)
(0.0345 0 0.067)
(0.03475 0 0.067)
(0.035 0 0.067)
(0 0.00025 0.067)
(0.00025 0.00025 0.067)
(0.0005 0.00025 0.067)
(0.00075 0.00025 0.067)
(0.001 0.00025 0.067)
(0.00125 0.00025 0.067)
(0.0015 0.00025 0.067)
(0.00175 0.00025 0.067)
(0.002 0.00025 0.067)
(0.00225 0.00025 0.067)
(0.0025 0.00025 0.067)
(0.00275 0.00025 0.067)
(0.003 0.00025 0.067)
(0.00325 0.00025 0.067)
(0.0035 0.00025 0.067)
(0.00375 0.00025 0.067)
(0.004 0.00025 0.067)
(0.00425 0.00025 0.067)
(0.0045 0.00025 0.067)
(0.00475 0.00025 0.067)
(0.005 0.00025 0.067)
(0.00525 0.00025 0.067)
(0.0055 0.00025 0.067)
(0.00575 0.00025 0.067)
(0.006 0.00025 0.067)
(0.00625 0.00025 0.067)
(0.0065 0.00025 0.067)
(0.00675 0.00025 0.067)
(0.007 0.00025 0.067)
(0.00725 0.00025 0.067)
(0.0075 0.00025 0.067)
(0.00775 0.00025 0.067)
(0.008 0.00025 0.067)
(0.00825 0.00025 0.067)
(0.0085 0.00025 0.067)
(0.00875 0.00025 0.067)
(0.009 0.00025 0.067)
(0.00925 0.00025 0.067)
(0.0095 0.00025 0.067)
(0.00975 0.00025 0.067)
(0.01 0.00025 0.067)
(0.01025 0.00025 0.067)
(0.0105 0.00025 0.067)
(0.01075 0.00025 0.067)
(0.011 0.00025 0.067)
(0.01125 0.00025 0.067)
(0.0115 0.00025 0.067)
(0.01175 0.00025 0.067)
(0.012 0.00025 0.067)
(0.01225 0.00025 0.067)
(0.0125 0.00025 0.067)
(0.01275 0.00025 0.067)
(0.013 0.00025 0.067)
(0.01325 0.00025 0.067)
(0.0135 0.00025 0.067)
(0.01375 0.00025 0.067)
(0.014 0.00025 0.067)
(0.01425 0.00025 0.067)
(0.0145 0.00025 0.067)
(0.01475 0.00025 0.067)
(0.015 0.00025 0.067)
(0.01525 0.00025 0.067)
(0.0155 0.00025 0.067)
(0.01575 0.00025 0.067)
(0.016 0.00025 0.067)
(0.01625 0.00025 0.067)
(0.0165 0.00025 0.067)
(0.01675 0.00025 0.067)
(0.017 0.00025 0.067)
(0.01725 0.00025 0.067)
(0.0175 0.00025 0.067)
(0.01775 0.00025 0.067)
(0.018 0.00025 0.067)
(0.01825 0.00025 0.067)
(0.0185 0.00025 0.067)
(0.01875 0.00025 0.067)
(0.019 0.00025 0.067)
(0.01925 0.00025 0.067)
(0.0195 0.00025 0.067)
(0.01975 0.00025 0.067)
(0.02 0.00025 0.067)
(0.02025 0.00025 0.067)
(0.0205 0.00025 0.067)
(0.02075 0.00025 0.067)
(0.021 0.00025 0.067)
(0.02125 0.00025 0.067)
(0.0215 0.00025 0.067)
(0.02175 0.00025 0.067)
(0.022 0.00025 0.067)
(0.02225 0.00025 0.067)
(0.0225 0.00025 0.067)
(0.02275 0.00025 0.067)
(0.023 0.00025 0.067)
(0.02325 0.00025 0.067)
(0.0235 0.00025 0.067)
(0.02375 0.00025 0.067)
(0.024 0.00025 0.067)
(0.02425 0.00025 0.067)
(0.0245 0.00025 0.067)
(0.02475 0.00025 0.067)
(0.025 0.00025 0.067)
(0.02525 0.00025 0.067)
(0.0255 0.00025 0.067)
(0.02575 0.00025 0.067)
(0.026 0.00025 0.067)
(0.02625 0.00025 0.067)
(0.0265 0.00025 0.067)
(0.02675 0.00025 0.067)
(0.027 0.00025 0.067)
(0.02725 0.00025 0.067)
(0.0275 0.00025 0.067)
(0.02775 0.00025 0.067)
(0.028 0.00025 0.067)
(0.02825 0.00025 0.067)
(0.0285 0.00025 0.067)
(0.02875 0.00025 0.067)
(0.029 0.00025 0.067)
(0.02925 0.00025 0.067)
(0.0295 0.00025 0.067)
(0.02975 0.00025 0.067)
(0.03 0.00025 0.067)
(0.03025 0.00025 0.067)
(0.0305 0.00025 0.067)
(0.03075 0.00025 0.067)
(0.031 0.00025 0.067)
(0.03125 0.00025 0.067)
(0.0315 0.00025 0.067)
(0.03175 0.00025 0.067)
(0.032 0.00025 0.067)
(0.03225 0.00025 0.067)
(0.0325 0.00025 0.067)
(0.03275 0.00025 0.067)
(0.033 0.00025 0.067)
(0.03325 0.00025 0.067)
(0.0335 0.00025 0.067)
(0.03375 0.00025 0.067)
(0.034 0.00025 0.067)
(0.03425 0.00025 0.067)
(0.0345 0.00025 0.067)
(0.03475 0.00025 0.067)
(0.035 0.00025 0.067)
(0 0.0005 0.067)
(0.00025 0.0005 0.067)
(0.0005 0.0005 0.067)
(0.00075 0.0005 0.067)
(0.001 0.0005 0.067)
(0.00125 0.0005 0.067)
(0.0015 0.0005 0.067)
(0.00175 0.0005 0.067)
(0.002 0.0005 0.067)
(0.00225 0.0005 0.067)
(0.0025 0.0005 0.067)
(0.00275 0.0005 0.067)
(0.003 0.0005 0.067)
(0.00325 0.0005 0.067)
(0.0035 0.0005 0.067)
(0.00375 0.0005 0.067)
(0.004 0.0005 0.067)
(0.00425 0.0005 0.067)
(0.0045 0.0005 0.067)
(0.00475 0.0005 0.067)
(0.005 0.0005 0.067)
(0.00525 0.0005 0.067)
(0.0055 0.0005 0.067)
(0.00575 0.0005 0.067)
(0.006 0.0005 0.067)
(0.00625 0.0005 0.067)
(0.0065 0.0005 0.067)
(0.00675 0.0005 0.067)
(0.007 0.0005 0.067)
(0.00725 0.0005 0.067)
(0.0075 0.0005 0.067)
(0.00775 0.0005 0.067)
(0.008 0.0005 0.067)
(0.00825 0.0005 0.067)
(0.0085 0.0005 0.067)
(0.00875 0.0005 0.067)
(0.009 0.0005 0.067)
(0.00925 0.0005 0.067)
(0.0095 0.0005 0.067)
(0.00975 0.0005 0.067)
(0.01 0.0005 0.067)
(0.01025 0.0005 0.067)
(0.0105 0.0005 0.067)
(0.01075 0.0005 0.067)
(0.011 0.0005 0.067)
(0.01125 0.0005 0.067)
(0.0115 0.0005 0.067)
(0.01175 0.0005 0.067)
(0.012 0.0005 0.067)
(0.01225 0.0005 0.067)
(0.0125 0.0005 0.067)
(0.01275 0.0005 0.067)
(0.013 0.0005 0.067)
(0.01325 0.0005 0.067)
(0.0135 0.0005 0.067)
(0.01375 0.0005 0.067)
(0.014 0.0005 0.067)
(0.01425 0.0005 0.067)
(0.0145 0.0005 0.067)
(0.01475 0.0005 0.067)
(0.015 0.0005 0.067)
(0.01525 0.0005 0.067)
(0.0155 0.0005 0.067)
(0.01575 0.0005 0.067)
(0.016 0.0005 0.067)
(0.01625 0.0005 0.067)
(0.0165 0.0005 0.067)
(0.01675 0.0005 0.067)
(0.017 0.0005 0.067)
(0.01725 0.0005 0.067)
(0.0175 0.0005 0.067)
(0.01775 0.0005 0.067)
(0.018 0.0005 0.067)
(0.01825 0.0005 0.067)
(0.0185 0.0005 0.067)
(0.01875 0.0005 0.067)
(0.019 0.0005 0.067)
(0.01925 0.0005 0.067)
(0.0195 0.0005 0.067)
(0.01975 0.0005 0.067)
(0.02 0.0005 0.067)
(0.02025 0.0005 0.067)
(0.0205 0.0005 0.067)
(0.02075 0.0005 0.067)
(0.021 0.0005 0.067)
(0.02125 0.0005 0.067)
(0.0215 0.0005 0.067)
(0.02175 0.0005 0.067)
(0.022 0.0005 0.067)
(0.02225 0.0005 0.067)
(0.0225 0.0005 0.067)
(0.02275 0.0005 0.067)
(0.023 0.0005 0.067)
(0.02325 0.0005 0.067)
(0.0235 0.0005 0.067)
(0.02375 0.0005 0.067)
(0.024 0.0005 0.067)
(0.02425 0.0005 0.067)
(0.0245 0.0005 0.067)
(0.02475 0.0005 0.067)
(0.025 0.0005 0.067)
(0.02525 0.0005 0.067)
(0.0255 0.0005 0.067)
(0.02575 0.0005 0.067)
(0.026 0.0005 0.067)
(0.02625 0.0005 0.067)
(0.0265 0.0005 0.067)
(0.02675 0.0005 0.067)
(0.027 0.0005 0.067)
(0.02725 0.0005 0.067)
(0.0275 0.0005 0.067)
(0.02775 0.0005 0.067)
(0.028 0.0005 0.067)
(0.02825 0.0005 0.067)
(0.0285 0.0005 0.067)
(0.02875 0.0005 0.067)
(0.029 0.0005 0.067)
(0.02925 0.0005 0.067)
(0.0295 0.0005 0.067)
(0.02975 0.0005 0.067)
(0.03 0.0005 0.067)
(0.03025 0.0005 0.067)
(0.0305 0.0005 0.067)
(0.03075 0.0005 0.067)
(0.031 0.0005 0.067)
(0.03125 0.0005 0.067)
(0.0315 0.0005 0.067)
(0.03175 0.0005 0.067)
(0.032 0.0005 0.067)
(0.03225 0.0005 0.067)
(0.0325 0.0005 0.067)
(0.03275 0.0005 0.067)
(0.033 0.0005 0.067)
(0.03325 0.0005 0.067)
(0.0335 0.0005 0.067)
(0.03375 0.0005 0.067)
(0.034 0.0005 0.067)
(0.03425 0.0005 0.067)
(0.0345 0.0005 0.067)
(0.03475 0.0005 0.067)
(0.035 0.0005 0.067)
(0 0.00075 0.067)
(0.00025 0.00075 0.067)
(0.0005 0.00075 0.067)
(0.00075 0.00075 0.067)
(0.001 0.00075 0.067)
(0.00125 0.00075 0.067)
(0.0015 0.00075 0.067)
(0.00175 0.00075 0.067)
(0.002 0.00075 0.067)
(0.00225 0.00075 0.067)
(0.0025 0.00075 0.067)
(0.00275 0.00075 0.067)
(0.003 0.00075 0.067)
(0.00325 0.00075 0.067)
(0.0035 0.00075 0.067)
(0.00375 0.00075 0.067)
(0.004 0.00075 0.067)
(0.00425 0.00075 0.067)
(0.0045 0.00075 0.067)
(0.00475 0.00075 0.067)
(0.005 0.00075 0.067)
(0.00525 0.00075 0.067)
(0.0055 0.00075 0.067)
(0.00575 0.00075 0.067)
(0.006 0.00075 0.067)
(0.00625 0.00075 0.067)
(0.0065 0.00075 0.067)
(0.00675 0.00075 0.067)
(0.007 0.00075 0.067)
(0.00725 0.00075 0.067)
(0.0075 0.00075 0.067)
(0.00775 0.00075 0.067)
(0.008 0.00075 0.067)
(0.00825 0.00075 0.067)
(0.0085 0.00075 0.067)
(0.00875 0.00075 0.067)
(0.009 0.00075 0.067)
(0.00925 0.00075 0.067)
(0.0095 0.00075 0.067)
(0.00975 0.00075 0.067)
(0.01 0.00075 0.067)
(0.01025 0.00075 0.067)
(0.0105 0.00075 0.067)
(0.01075 0.00075 0.067)
(0.011 0.00075 0.067)
(0.01125 0.00075 0.067)
(0.0115 0.00075 0.067)
(0.01175 0.00075 0.067)
(0.012 0.00075 0.067)
(0.01225 0.00075 0.067)
(0.0125 0.00075 0.067)
(0.01275 0.00075 0.067)
(0.013 0.00075 0.067)
(0.01325 0.00075 0.067)
(0.0135 0.00075 0.067)
(0.01375 0.00075 0.067)
(0.014 0.00075 0.067)
(0.01425 0.00075 0.067)
(0.0145 0.00075 0.067)
(0.01475 0.00075 0.067)
(0.015 0.00075 0.067)
(0.01525 0.00075 0.067)
(0.0155 0.00075 0.067)
(0.01575 0.00075 0.067)
(0.016 0.00075 0.067)
(0.01625 0.00075 0.067)
(0.0165 0.00075 0.067)
(0.01675 0.00075 0.067)
(0.017 0.00075 0.067)
(0.01725 0.00075 0.067)
(0.0175 0.00075 0.067)
(0.01775 0.00075 0.067)
(0.018 0.00075 0.067)
(0.01825 0.00075 0.067)
(0.0185 0.00075 0.067)
(0.01875 0.00075 0.067)
(0.019 0.00075 0.067)
(0.01925 0.00075 0.067)
(0.0195 0.00075 0.067)
(0.01975 0.00075 0.067)
(0.02 0.00075 0.067)
(0.02025 0.00075 0.067)
(0.0205 0.00075 0.067)
(0.02075 0.00075 0.067)
(0.021 0.00075 0.067)
(0.02125 0.00075 0.067)
(0.0215 0.00075 0.067)
(0.02175 0.00075 0.067)
(0.022 0.00075 0.067)
(0.02225 0.00075 0.067)
(0.0225 0.00075 0.067)
(0.02275 0.00075 0.067)
(0.023 0.00075 0.067)
(0.02325 0.00075 0.067)
(0.0235 0.00075 0.067)
(0.02375 0.00075 0.067)
(0.024 0.00075 0.067)
(0.02425 0.00075 0.067)
(0.0245 0.00075 0.067)
(0.02475 0.00075 0.067)
(0.025 0.00075 0.067)
(0.02525 0.00075 0.067)
(0.0255 0.00075 0.067)
(0.02575 0.00075 0.067)
(0.026 0.00075 0.067)
(0.02625 0.00075 0.067)
(0.0265 0.00075 0.067)
(0.02675 0.00075 0.067)
(0.027 0.00075 0.067)
(0.02725 0.00075 0.067)
(0.0275 0.00075 0.067)
(0.02775 0.00075 0.067)
(0.028 0.00075 0.067)
(0.02825 0.00075 0.067)
(0.0285 0.00075 0.067)
(0.02875 0.00075 0.067)
(0.029 0.00075 0.067)
(0.02925 0.00075 0.067)
(0.0295 0.00075 0.067)
(0.02975 0.00075 0.067)
(0.03 0.00075 0.067)
(0.03025 0.00075 0.067)
(0.0305 0.00075 0.067)
(0.03075 0.00075 0.067)
(0.031 0.00075 0.067)
(0.03125 0.00075 0.067)
(0.0315 0.00075 0.067)
(0.03175 0.00075 0.067)
(0.032 0.00075 0.067)
(0.03225 0.00075 0.067)
(0.0325 0.00075 0.067)
(0.03275 0.00075 0.067)
(0.033 0.00075 0.067)
(0.03325 0.00075 0.067)
(0.0335 0.00075 0.067)
(0.03375 0.00075 0.067)
(0.034 0.00075 0.067)
(0.03425 0.00075 0.067)
(0.0345 0.00075 0.067)
(0.03475 0.00075 0.067)
(0.035 0.00075 0.067)
(0 0.001 0.067)
(0.00025 0.001 0.067)
(0.0005 0.001 0.067)
(0.00075 0.001 0.067)
(0.001 0.001 0.067)
(0.00125 0.001 0.067)
(0.0015 0.001 0.067)
(0.00175 0.001 0.067)
(0.002 0.001 0.067)
(0.00225 0.001 0.067)
(0.0025 0.001 0.067)
(0.00275 0.001 0.067)
(0.003 0.001 0.067)
(0.00325 0.001 0.067)
(0.0035 0.001 0.067)
(0.00375 0.001 0.067)
(0.004 0.001 0.067)
(0.00425 0.001 0.067)
(0.0045 0.001 0.067)
(0.00475 0.001 0.067)
(0.005 0.001 0.067)
(0.00525 0.001 0.067)
(0.0055 0.001 0.067)
(0.00575 0.001 0.067)
(0.006 0.001 0.067)
(0.00625 0.001 0.067)
(0.0065 0.001 0.067)
(0.00675 0.001 0.067)
(0.007 0.001 0.067)
(0.00725 0.001 0.067)
(0.0075 0.001 0.067)
(0.00775 0.001 0.067)
(0.008 0.001 0.067)
(0.00825 0.001 0.067)
(0.0085 0.001 0.067)
(0.00875 0.001 0.067)
(0.009 0.001 0.067)
(0.00925 0.001 0.067)
(0.0095 0.001 0.067)
(0.00975 0.001 0.067)
(0.01 0.001 0.067)
(0.01025 0.001 0.067)
(0.0105 0.001 0.067)
(0.01075 0.001 0.067)
(0.011 0.001 0.067)
(0.01125 0.001 0.067)
(0.0115 0.001 0.067)
(0.01175 0.001 0.067)
(0.012 0.001 0.067)
(0.01225 0.001 0.067)
(0.0125 0.001 0.067)
(0.01275 0.001 0.067)
(0.013 0.001 0.067)
(0.01325 0.001 0.067)
(0.0135 0.001 0.067)
(0.01375 0.001 0.067)
(0.014 0.001 0.067)
(0.01425 0.001 0.067)
(0.0145 0.001 0.067)
(0.01475 0.001 0.067)
(0.015 0.001 0.067)
(0.01525 0.001 0.067)
(0.0155 0.001 0.067)
(0.01575 0.001 0.067)
(0.016 0.001 0.067)
(0.01625 0.001 0.067)
(0.0165 0.001 0.067)
(0.01675 0.001 0.067)
(0.017 0.001 0.067)
(0.01725 0.001 0.067)
(0.0175 0.001 0.067)
(0.01775 0.001 0.067)
(0.018 0.001 0.067)
(0.01825 0.001 0.067)
(0.0185 0.001 0.067)
(0.01875 0.001 0.067)
(0.019 0.001 0.067)
(0.01925 0.001 0.067)
(0.0195 0.001 0.067)
(0.01975 0.001 0.067)
(0.02 0.001 0.067)
(0.02025 0.001 0.067)
(0.0205 0.001 0.067)
(0.02075 0.001 0.067)
(0.021 0.001 0.067)
(0.02125 0.001 0.067)
(0.0215 0.001 0.067)
(0.02175 0.001 0.067)
(0.022 0.001 0.067)
(0.02225 0.001 0.067)
(0.0225 0.001 0.067)
(0.02275 0.001 0.067)
(0.023 0.001 0.067)
(0.02325 0.001 0.067)
(0.0235 0.001 0.067)
(0.02375 0.001 0.067)
(0.024 0.001 0.067)
(0.02425 0.001 0.067)
(0.0245 0.001 0.067)
(0.02475 0.001 0.067)
(0.025 0.001 0.067)
(0.02525 0.001 0.067)
(0.0255 0.001 0.067)
(0.02575 0.001 0.067)
(0.026 0.001 0.067)
(0.02625 0.001 0.067)
(0.0265 0.001 0.067)
(0.02675 0.001 0.067)
(0.027 0.001 0.067)
(0.02725 0.001 0.067)
(0.0275 0.001 0.067)
(0.02775 0.001 0.067)
(0.028 0.001 0.067)
(0.02825 0.001 0.067)
(0.0285 0.001 0.067)
(0.02875 0.001 0.067)
(0.029 0.001 0.067)
(0.02925 0.001 0.067)
(0.0295 0.001 0.067)
(0.02975 0.001 0.067)
(0.03 0.001 0.067)
(0.03025 0.001 0.067)
(0.0305 0.001 0.067)
(0.03075 0.001 0.067)
(0.031 0.001 0.067)
(0.03125 0.001 0.067)
(0.0315 0.001 0.067)
(0.03175 0.001 0.067)
(0.032 0.001 0.067)
(0.03225 0.001 0.067)
(0.0325 0.001 0.067)
(0.03275 0.001 0.067)
(0.033 0.001 0.067)
(0.03325 0.001 0.067)
(0.0335 0.001 0.067)
(0.03375 0.001 0.067)
(0.034 0.001 0.067)
(0.03425 0.001 0.067)
(0.0345 0.001 0.067)
(0.03475 0.001 0.067)
(0.035 0.001 0.067)
(0 0.00125 0.067)
(0.00025 0.00125 0.067)
(0.0005 0.00125 0.067)
(0.00075 0.00125 0.067)
(0.001 0.00125 0.067)
(0.00125 0.00125 0.067)
(0.0015 0.00125 0.067)
(0.00175 0.00125 0.067)
(0.002 0.00125 0.067)
(0.00225 0.00125 0.067)
(0.0025 0.00125 0.067)
(0.00275 0.00125 0.067)
(0.003 0.00125 0.067)
(0.00325 0.00125 0.067)
(0.0035 0.00125 0.067)
(0.00375 0.00125 0.067)
(0.004 0.00125 0.067)
(0.00425 0.00125 0.067)
(0.0045 0.00125 0.067)
(0.00475 0.00125 0.067)
(0.005 0.00125 0.067)
(0.00525 0.00125 0.067)
(0.0055 0.00125 0.067)
(0.00575 0.00125 0.067)
(0.006 0.00125 0.067)
(0.00625 0.00125 0.067)
(0.0065 0.00125 0.067)
(0.00675 0.00125 0.067)
(0.007 0.00125 0.067)
(0.00725 0.00125 0.067)
(0.0075 0.00125 0.067)
(0.00775 0.00125 0.067)
(0.008 0.00125 0.067)
(0.00825 0.00125 0.067)
(0.0085 0.00125 0.067)
(0.00875 0.00125 0.067)
(0.009 0.00125 0.067)
(0.00925 0.00125 0.067)
(0.0095 0.00125 0.067)
(0.00975 0.00125 0.067)
(0.01 0.00125 0.067)
(0.01025 0.00125 0.067)
(0.0105 0.00125 0.067)
(0.01075 0.00125 0.067)
(0.011 0.00125 0.067)
(0.01125 0.00125 0.067)
(0.0115 0.00125 0.067)
(0.01175 0.00125 0.067)
(0.012 0.00125 0.067)
(0.01225 0.00125 0.067)
(0.0125 0.00125 0.067)
(0.01275 0.00125 0.067)
(0.013 0.00125 0.067)
(0.01325 0.00125 0.067)
(0.0135 0.00125 0.067)
(0.01375 0.00125 0.067)
(0.014 0.00125 0.067)
(0.01425 0.00125 0.067)
(0.0145 0.00125 0.067)
(0.01475 0.00125 0.067)
(0.015 0.00125 0.067)
(0.01525 0.00125 0.067)
(0.0155 0.00125 0.067)
(0.01575 0.00125 0.067)
(0.016 0.00125 0.067)
(0.01625 0.00125 0.067)
(0.0165 0.00125 0.067)
(0.01675 0.00125 0.067)
(0.017 0.00125 0.067)
(0.01725 0.00125 0.067)
(0.0175 0.00125 0.067)
(0.01775 0.00125 0.067)
(0.018 0.00125 0.067)
(0.01825 0.00125 0.067)
(0.0185 0.00125 0.067)
(0.01875 0.00125 0.067)
(0.019 0.00125 0.067)
(0.01925 0.00125 0.067)
(0.0195 0.00125 0.067)
(0.01975 0.00125 0.067)
(0.02 0.00125 0.067)
(0.02025 0.00125 0.067)
(0.0205 0.00125 0.067)
(0.02075 0.00125 0.067)
(0.021 0.00125 0.067)
(0.02125 0.00125 0.067)
(0.0215 0.00125 0.067)
(0.02175 0.00125 0.067)
(0.022 0.00125 0.067)
(0.02225 0.00125 0.067)
(0.0225 0.00125 0.067)
(0.02275 0.00125 0.067)
(0.023 0.00125 0.067)
(0.02325 0.00125 0.067)
(0.0235 0.00125 0.067)
(0.02375 0.00125 0.067)
(0.024 0.00125 0.067)
(0.02425 0.00125 0.067)
(0.0245 0.00125 0.067)
(0.02475 0.00125 0.067)
(0.025 0.00125 0.067)
(0.02525 0.00125 0.067)
(0.0255 0.00125 0.067)
(0.02575 0.00125 0.067)
(0.026 0.00125 0.067)
(0.02625 0.00125 0.067)
(0.0265 0.00125 0.067)
(0.02675 0.00125 0.067)
(0.027 0.00125 0.067)
(0.02725 0.00125 0.067)
(0.0275 0.00125 0.067)
(0.02775 0.00125 0.067)
(0.028 0.00125 0.067)
(0.02825 0.00125 0.067)
(0.0285 0.00125 0.067)
(0.02875 0.00125 0.067)
(0.029 0.00125 0.067)
(0.02925 0.00125 0.067)
(0.0295 0.00125 0.067)
(0.02975 0.00125 0.067)
(0.03 0.00125 0.067)
(0.03025 0.00125 0.067)
(0.0305 0.00125 0.067)
(0.03075 0.00125 0.067)
(0.031 0.00125 0.067)
(0.03125 0.00125 0.067)
(0.0315 0.00125 0.067)
(0.03175 0.00125 0.067)
(0.032 0.00125 0.067)
(0.03225 0.00125 0.067)
(0.0325 0.00125 0.067)
(0.03275 0.00125 0.067)
(0.033 0.00125 0.067)
(0.03325 0.00125 0.067)
(0.0335 0.00125 0.067)
(0.03375 0.00125 0.067)
(0.034 0.00125 0.067)
(0.03425 0.00125 0.067)
(0.0345 0.00125 0.067)
(0.03475 0.00125 0.067)
(0.035 0.00125 0.067)
(0 0.0015 0.067)
(0.00025 0.0015 0.067)
(0.0005 0.0015 0.067)
(0.00075 0.0015 0.067)
(0.001 0.0015 0.067)
(0.00125 0.0015 0.067)
(0.0015 0.0015 0.067)
(0.00175 0.0015 0.067)
(0.002 0.0015 0.067)
(0.00225 0.0015 0.067)
(0.0025 0.0015 0.067)
(0.00275 0.0015 0.067)
(0.003 0.0015 0.067)
(0.00325 0.0015 0.067)
(0.0035 0.0015 0.067)
(0.00375 0.0015 0.067)
(0.004 0.0015 0.067)
(0.00425 0.0015 0.067)
(0.0045 0.0015 0.067)
(0.00475 0.0015 0.067)
(0.005 0.0015 0.067)
(0.00525 0.0015 0.067)
(0.0055 0.0015 0.067)
(0.00575 0.0015 0.067)
(0.006 0.0015 0.067)
(0.00625 0.0015 0.067)
(0.0065 0.0015 0.067)
(0.00675 0.0015 0.067)
(0.007 0.0015 0.067)
(0.00725 0.0015 0.067)
(0.0075 0.0015 0.067)
(0.00775 0.0015 0.067)
(0.008 0.0015 0.067)
(0.00825 0.0015 0.067)
(0.0085 0.0015 0.067)
(0.00875 0.0015 0.067)
(0.009 0.0015 0.067)
(0.00925 0.0015 0.067)
(0.0095 0.0015 0.067)
(0.00975 0.0015 0.067)
(0.01 0.0015 0.067)
(0.01025 0.0015 0.067)
(0.0105 0.0015 0.067)
(0.01075 0.0015 0.067)
(0.011 0.0015 0.067)
(0.01125 0.0015 0.067)
(0.0115 0.0015 0.067)
(0.01175 0.0015 0.067)
(0.012 0.0015 0.067)
(0.01225 0.0015 0.067)
(0.0125 0.0015 0.067)
(0.01275 0.0015 0.067)
(0.013 0.0015 0.067)
(0.01325 0.0015 0.067)
(0.0135 0.0015 0.067)
(0.01375 0.0015 0.067)
(0.014 0.0015 0.067)
(0.01425 0.0015 0.067)
(0.0145 0.0015 0.067)
(0.01475 0.0015 0.067)
(0.015 0.0015 0.067)
(0.01525 0.0015 0.067)
(0.0155 0.0015 0.067)
(0.01575 0.0015 0.067)
(0.016 0.0015 0.067)
(0.01625 0.0015 0.067)
(0.0165 0.0015 0.067)
(0.01675 0.0015 0.067)
(0.017 0.0015 0.067)
(0.01725 0.0015 0.067)
(0.0175 0.0015 0.067)
(0.01775 0.0015 0.067)
(0.018 0.0015 0.067)
(0.01825 0.0015 0.067)
(0.0185 0.0015 0.067)
(0.01875 0.0015 0.067)
(0.019 0.0015 0.067)
(0.01925 0.0015 0.067)
(0.0195 0.0015 0.067)
(0.01975 0.0015 0.067)
(0.02 0.0015 0.067)
(0.02025 0.0015 0.067)
(0.0205 0.0015 0.067)
(0.02075 0.0015 0.067)
(0.021 0.0015 0.067)
(0.02125 0.0015 0.067)
(0.0215 0.0015 0.067)
(0.02175 0.0015 0.067)
(0.022 0.0015 0.067)
(0.02225 0.0015 0.067)
(0.0225 0.0015 0.067)
(0.02275 0.0015 0.067)
(0.023 0.0015 0.067)
(0.02325 0.0015 0.067)
(0.0235 0.0015 0.067)
(0.02375 0.0015 0.067)
(0.024 0.0015 0.067)
(0.02425 0.0015 0.067)
(0.0245 0.0015 0.067)
(0.02475 0.0015 0.067)
(0.025 0.0015 0.067)
(0.02525 0.0015 0.067)
(0.0255 0.0015 0.067)
(0.02575 0.0015 0.067)
(0.026 0.0015 0.067)
(0.02625 0.0015 0.067)
(0.0265 0.0015 0.067)
(0.02675 0.0015 0.067)
(0.027 0.0015 0.067)
(0.02725 0.0015 0.067)
(0.0275 0.0015 0.067)
(0.02775 0.0015 0.067)
(0.028 0.0015 0.067)
(0.02825 0.0015 0.067)
(0.0285 0.0015 0.067)
(0.02875 0.0015 0.067)
(0.029 0.0015 0.067)
(0.02925 0.0015 0.067)
(0.0295 0.0015 0.067)
(0.02975 0.0015 0.067)
(0.03 0.0015 0.067)
(0.03025 0.0015 0.067)
(0.0305 0.0015 0.067)
(0.03075 0.0015 0.067)
(0.031 0.0015 0.067)
(0.03125 0.0015 0.067)
(0.0315 0.0015 0.067)
(0.03175 0.0015 0.067)
(0.032 0.0015 0.067)
(0.03225 0.0015 0.067)
(0.0325 0.0015 0.067)
(0.03275 0.0015 0.067)
(0.033 0.0015 0.067)
(0.03325 0.0015 0.067)
(0.0335 0.0015 0.067)
(0.03375 0.0015 0.067)
(0.034 0.0015 0.067)
(0.03425 0.0015 0.067)
(0.0345 0.0015 0.067)
(0.03475 0.0015 0.067)
(0.035 0.0015 0.067)
(0 0.00175 0.067)
(0.00025 0.00175 0.067)
(0.0005 0.00175 0.067)
(0.00075 0.00175 0.067)
(0.001 0.00175 0.067)
(0.00125 0.00175 0.067)
(0.0015 0.00175 0.067)
(0.00175 0.00175 0.067)
(0.002 0.00175 0.067)
(0.00225 0.00175 0.067)
(0.0025 0.00175 0.067)
(0.00275 0.00175 0.067)
(0.003 0.00175 0.067)
(0.00325 0.00175 0.067)
(0.0035 0.00175 0.067)
(0.00375 0.00175 0.067)
(0.004 0.00175 0.067)
(0.00425 0.00175 0.067)
(0.0045 0.00175 0.067)
(0.00475 0.00175 0.067)
(0.005 0.00175 0.067)
(0.00525 0.00175 0.067)
(0.0055 0.00175 0.067)
(0.00575 0.00175 0.067)
(0.006 0.00175 0.067)
(0.00625 0.00175 0.067)
(0.0065 0.00175 0.067)
(0.00675 0.00175 0.067)
(0.007 0.00175 0.067)
(0.00725 0.00175 0.067)
(0.0075 0.00175 0.067)
(0.00775 0.00175 0.067)
(0.008 0.00175 0.067)
(0.00825 0.00175 0.067)
(0.0085 0.00175 0.067)
(0.00875 0.00175 0.067)
(0.009 0.00175 0.067)
(0.00925 0.00175 0.067)
(0.0095 0.00175 0.067)
(0.00975 0.00175 0.067)
(0.01 0.00175 0.067)
(0.01025 0.00175 0.067)
(0.0105 0.00175 0.067)
(0.01075 0.00175 0.067)
(0.011 0.00175 0.067)
(0.01125 0.00175 0.067)
(0.0115 0.00175 0.067)
(0.01175 0.00175 0.067)
(0.012 0.00175 0.067)
(0.01225 0.00175 0.067)
(0.0125 0.00175 0.067)
(0.01275 0.00175 0.067)
(0.013 0.00175 0.067)
(0.01325 0.00175 0.067)
(0.0135 0.00175 0.067)
(0.01375 0.00175 0.067)
(0.014 0.00175 0.067)
(0.01425 0.00175 0.067)
(0.0145 0.00175 0.067)
(0.01475 0.00175 0.067)
(0.015 0.00175 0.067)
(0.01525 0.00175 0.067)
(0.0155 0.00175 0.067)
(0.01575 0.00175 0.067)
(0.016 0.00175 0.067)
(0.01625 0.00175 0.067)
(0.0165 0.00175 0.067)
(0.01675 0.00175 0.067)
(0.017 0.00175 0.067)
(0.01725 0.00175 0.067)
(0.0175 0.00175 0.067)
(0.01775 0.00175 0.067)
(0.018 0.00175 0.067)
(0.01825 0.00175 0.067)
(0.0185 0.00175 0.067)
(0.01875 0.00175 0.067)
(0.019 0.00175 0.067)
(0.01925 0.00175 0.067)
(0.0195 0.00175 0.067)
(0.01975 0.00175 0.067)
(0.02 0.00175 0.067)
(0.02025 0.00175 0.067)
(0.0205 0.00175 0.067)
(0.02075 0.00175 0.067)
(0.021 0.00175 0.067)
(0.02125 0.00175 0.067)
(0.0215 0.00175 0.067)
(0.02175 0.00175 0.067)
(0.022 0.00175 0.067)
(0.02225 0.00175 0.067)
(0.0225 0.00175 0.067)
(0.02275 0.00175 0.067)
(0.023 0.00175 0.067)
(0.02325 0.00175 0.067)
(0.0235 0.00175 0.067)
(0.02375 0.00175 0.067)
(0.024 0.00175 0.067)
(0.02425 0.00175 0.067)
(0.0245 0.00175 0.067)
(0.02475 0.00175 0.067)
(0.025 0.00175 0.067)
(0.02525 0.00175 0.067)
(0.0255 0.00175 0.067)
(0.02575 0.00175 0.067)
(0.026 0.00175 0.067)
(0.02625 0.00175 0.067)
(0.0265 0.00175 0.067)
(0.02675 0.00175 0.067)
(0.027 0.00175 0.067)
(0.02725 0.00175 0.067)
(0.0275 0.00175 0.067)
(0.02775 0.00175 0.067)
(0.028 0.00175 0.067)
(0.02825 0.00175 0.067)
(0.0285 0.00175 0.067)
(0.02875 0.00175 0.067)
(0.029 0.00175 0.067)
(0.02925 0.00175 0.067)
(0.0295 0.00175 0.067)
(0.02975 0.00175 0.067)
(0.03 0.00175 0.067)
(0.03025 0.00175 0.067)
(0.0305 0.00175 0.067)
(0.03075 0.00175 0.067)
(0.031 0.00175 0.067)
(0.03125 0.00175 0.067)
(0.0315 0.00175 0.067)
(0.03175 0.00175 0.067)
(0.032 0.00175 0.067)
(0.03225 0.00175 0.067)
(0.0325 0.00175 0.067)
(0.03275 0.00175 0.067)
(0.033 0.00175 0.067)
(0.03325 0.00175 0.067)
(0.0335 0.00175 0.067)
(0.03375 0.00175 0.067)
(0.034 0.00175 0.067)
(0.03425 0.00175 0.067)
(0.0345 0.00175 0.067)
(0.03475 0.00175 0.067)
(0.035 0.00175 0.067)
(0 0.002 0.067)
(0.00025 0.002 0.067)
(0.0005 0.002 0.067)
(0.00075 0.002 0.067)
(0.001 0.002 0.067)
(0.00125 0.002 0.067)
(0.0015 0.002 0.067)
(0.00175 0.002 0.067)
(0.002 0.002 0.067)
(0.00225 0.002 0.067)
(0.0025 0.002 0.067)
(0.00275 0.002 0.067)
(0.003 0.002 0.067)
(0.00325 0.002 0.067)
(0.0035 0.002 0.067)
(0.00375 0.002 0.067)
(0.004 0.002 0.067)
(0.00425 0.002 0.067)
(0.0045 0.002 0.067)
(0.00475 0.002 0.067)
(0.005 0.002 0.067)
(0.00525 0.002 0.067)
(0.0055 0.002 0.067)
(0.00575 0.002 0.067)
(0.006 0.002 0.067)
(0.00625 0.002 0.067)
(0.0065 0.002 0.067)
(0.00675 0.002 0.067)
(0.007 0.002 0.067)
(0.00725 0.002 0.067)
(0.0075 0.002 0.067)
(0.00775 0.002 0.067)
(0.008 0.002 0.067)
(0.00825 0.002 0.067)
(0.0085 0.002 0.067)
(0.00875 0.002 0.067)
(0.009 0.002 0.067)
(0.00925 0.002 0.067)
(0.0095 0.002 0.067)
(0.00975 0.002 0.067)
(0.01 0.002 0.067)
(0.01025 0.002 0.067)
(0.0105 0.002 0.067)
(0.01075 0.002 0.067)
(0.011 0.002 0.067)
(0.01125 0.002 0.067)
(0.0115 0.002 0.067)
(0.01175 0.002 0.067)
(0.012 0.002 0.067)
(0.01225 0.002 0.067)
(0.0125 0.002 0.067)
(0.01275 0.002 0.067)
(0.013 0.002 0.067)
(0.01325 0.002 0.067)
(0.0135 0.002 0.067)
(0.01375 0.002 0.067)
(0.014 0.002 0.067)
(0.01425 0.002 0.067)
(0.0145 0.002 0.067)
(0.01475 0.002 0.067)
(0.015 0.002 0.067)
(0.01525 0.002 0.067)
(0.0155 0.002 0.067)
(0.01575 0.002 0.067)
(0.016 0.002 0.067)
(0.01625 0.002 0.067)
(0.0165 0.002 0.067)
(0.01675 0.002 0.067)
(0.017 0.002 0.067)
(0.01725 0.002 0.067)
(0.0175 0.002 0.067)
(0.01775 0.002 0.067)
(0.018 0.002 0.067)
(0.01825 0.002 0.067)
(0.0185 0.002 0.067)
(0.01875 0.002 0.067)
(0.019 0.002 0.067)
(0.01925 0.002 0.067)
(0.0195 0.002 0.067)
(0.01975 0.002 0.067)
(0.02 0.002 0.067)
(0.02025 0.002 0.067)
(0.0205 0.002 0.067)
(0.02075 0.002 0.067)
(0.021 0.002 0.067)
(0.02125 0.002 0.067)
(0.0215 0.002 0.067)
(0.02175 0.002 0.067)
(0.022 0.002 0.067)
(0.02225 0.002 0.067)
(0.0225 0.002 0.067)
(0.02275 0.002 0.067)
(0.023 0.002 0.067)
(0.02325 0.002 0.067)
(0.0235 0.002 0.067)
(0.02375 0.002 0.067)
(0.024 0.002 0.067)
(0.02425 0.002 0.067)
(0.0245 0.002 0.067)
(0.02475 0.002 0.067)
(0.025 0.002 0.067)
(0.02525 0.002 0.067)
(0.0255 0.002 0.067)
(0.02575 0.002 0.067)
(0.026 0.002 0.067)
(0.02625 0.002 0.067)
(0.0265 0.002 0.067)
(0.02675 0.002 0.067)
(0.027 0.002 0.067)
(0.02725 0.002 0.067)
(0.0275 0.002 0.067)
(0.02775 0.002 0.067)
(0.028 0.002 0.067)
(0.02825 0.002 0.067)
(0.0285 0.002 0.067)
(0.02875 0.002 0.067)
(0.029 0.002 0.067)
(0.02925 0.002 0.067)
(0.0295 0.002 0.067)
(0.02975 0.002 0.067)
(0.03 0.002 0.067)
(0.03025 0.002 0.067)
(0.0305 0.002 0.067)
(0.03075 0.002 0.067)
(0.031 0.002 0.067)
(0.03125 0.002 0.067)
(0.0315 0.002 0.067)
(0.03175 0.002 0.067)
(0.032 0.002 0.067)
(0.03225 0.002 0.067)
(0.0325 0.002 0.067)
(0.03275 0.002 0.067)
(0.033 0.002 0.067)
(0.03325 0.002 0.067)
(0.0335 0.002 0.067)
(0.03375 0.002 0.067)
(0.034 0.002 0.067)
(0.03425 0.002 0.067)
(0.0345 0.002 0.067)
(0.03475 0.002 0.067)
(0.035 0.002 0.067)
(0 0.00225 0.067)
(0.00025 0.00225 0.067)
(0.0005 0.00225 0.067)
(0.00075 0.00225 0.067)
(0.001 0.00225 0.067)
(0.00125 0.00225 0.067)
(0.0015 0.00225 0.067)
(0.00175 0.00225 0.067)
(0.002 0.00225 0.067)
(0.00225 0.00225 0.067)
(0.0025 0.00225 0.067)
(0.00275 0.00225 0.067)
(0.003 0.00225 0.067)
(0.00325 0.00225 0.067)
(0.0035 0.00225 0.067)
(0.00375 0.00225 0.067)
(0.004 0.00225 0.067)
(0.00425 0.00225 0.067)
(0.0045 0.00225 0.067)
(0.00475 0.00225 0.067)
(0.005 0.00225 0.067)
(0.00525 0.00225 0.067)
(0.0055 0.00225 0.067)
(0.00575 0.00225 0.067)
(0.006 0.00225 0.067)
(0.00625 0.00225 0.067)
(0.0065 0.00225 0.067)
(0.00675 0.00225 0.067)
(0.007 0.00225 0.067)
(0.00725 0.00225 0.067)
(0.0075 0.00225 0.067)
(0.00775 0.00225 0.067)
(0.008 0.00225 0.067)
(0.00825 0.00225 0.067)
(0.0085 0.00225 0.067)
(0.00875 0.00225 0.067)
(0.009 0.00225 0.067)
(0.00925 0.00225 0.067)
(0.0095 0.00225 0.067)
(0.00975 0.00225 0.067)
(0.01 0.00225 0.067)
(0.01025 0.00225 0.067)
(0.0105 0.00225 0.067)
(0.01075 0.00225 0.067)
(0.011 0.00225 0.067)
(0.01125 0.00225 0.067)
(0.0115 0.00225 0.067)
(0.01175 0.00225 0.067)
(0.012 0.00225 0.067)
(0.01225 0.00225 0.067)
(0.0125 0.00225 0.067)
(0.01275 0.00225 0.067)
(0.013 0.00225 0.067)
(0.01325 0.00225 0.067)
(0.0135 0.00225 0.067)
(0.01375 0.00225 0.067)
(0.014 0.00225 0.067)
(0.01425 0.00225 0.067)
(0.0145 0.00225 0.067)
(0.01475 0.00225 0.067)
(0.015 0.00225 0.067)
(0.01525 0.00225 0.067)
(0.0155 0.00225 0.067)
(0.01575 0.00225 0.067)
(0.016 0.00225 0.067)
(0.01625 0.00225 0.067)
(0.0165 0.00225 0.067)
(0.01675 0.00225 0.067)
(0.017 0.00225 0.067)
(0.01725 0.00225 0.067)
(0.0175 0.00225 0.067)
(0.01775 0.00225 0.067)
(0.018 0.00225 0.067)
(0.01825 0.00225 0.067)
(0.0185 0.00225 0.067)
(0.01875 0.00225 0.067)
(0.019 0.00225 0.067)
(0.01925 0.00225 0.067)
(0.0195 0.00225 0.067)
(0.01975 0.00225 0.067)
(0.02 0.00225 0.067)
(0.02025 0.00225 0.067)
(0.0205 0.00225 0.067)
(0.02075 0.00225 0.067)
(0.021 0.00225 0.067)
(0.02125 0.00225 0.067)
(0.0215 0.00225 0.067)
(0.02175 0.00225 0.067)
(0.022 0.00225 0.067)
(0.02225 0.00225 0.067)
(0.0225 0.00225 0.067)
(0.02275 0.00225 0.067)
(0.023 0.00225 0.067)
(0.02325 0.00225 0.067)
(0.0235 0.00225 0.067)
(0.02375 0.00225 0.067)
(0.024 0.00225 0.067)
(0.02425 0.00225 0.067)
(0.0245 0.00225 0.067)
(0.02475 0.00225 0.067)
(0.025 0.00225 0.067)
(0.02525 0.00225 0.067)
(0.0255 0.00225 0.067)
(0.02575 0.00225 0.067)
(0.026 0.00225 0.067)
(0.02625 0.00225 0.067)
(0.0265 0.00225 0.067)
(0.02675 0.00225 0.067)
(0.027 0.00225 0.067)
(0.02725 0.00225 0.067)
(0.0275 0.00225 0.067)
(0.02775 0.00225 0.067)
(0.028 0.00225 0.067)
(0.02825 0.00225 0.067)
(0.0285 0.00225 0.067)
(0.02875 0.00225 0.067)
(0.029 0.00225 0.067)
(0.02925 0.00225 0.067)
(0.0295 0.00225 0.067)
(0.02975 0.00225 0.067)
(0.03 0.00225 0.067)
(0.03025 0.00225 0.067)
(0.0305 0.00225 0.067)
(0.03075 0.00225 0.067)
(0.031 0.00225 0.067)
(0.03125 0.00225 0.067)
(0.0315 0.00225 0.067)
(0.03175 0.00225 0.067)
(0.032 0.00225 0.067)
(0.03225 0.00225 0.067)
(0.0325 0.00225 0.067)
(0.03275 0.00225 0.067)
(0.033 0.00225 0.067)
(0.03325 0.00225 0.067)
(0.0335 0.00225 0.067)
(0.03375 0.00225 0.067)
(0.034 0.00225 0.067)
(0.03425 0.00225 0.067)
(0.0345 0.00225 0.067)
(0.03475 0.00225 0.067)
(0.035 0.00225 0.067)
(0 0.0025 0.067)
(0.00025 0.0025 0.067)
(0.0005 0.0025 0.067)
(0.00075 0.0025 0.067)
(0.001 0.0025 0.067)
(0.00125 0.0025 0.067)
(0.0015 0.0025 0.067)
(0.00175 0.0025 0.067)
(0.002 0.0025 0.067)
(0.00225 0.0025 0.067)
(0.0025 0.0025 0.067)
(0.00275 0.0025 0.067)
(0.003 0.0025 0.067)
(0.00325 0.0025 0.067)
(0.0035 0.0025 0.067)
(0.00375 0.0025 0.067)
(0.004 0.0025 0.067)
(0.00425 0.0025 0.067)
(0.0045 0.0025 0.067)
(0.00475 0.0025 0.067)
(0.005 0.0025 0.067)
(0.00525 0.0025 0.067)
(0.0055 0.0025 0.067)
(0.00575 0.0025 0.067)
(0.006 0.0025 0.067)
(0.00625 0.0025 0.067)
(0.0065 0.0025 0.067)
(0.00675 0.0025 0.067)
(0.007 0.0025 0.067)
(0.00725 0.0025 0.067)
(0.0075 0.0025 0.067)
(0.00775 0.0025 0.067)
(0.008 0.0025 0.067)
(0.00825 0.0025 0.067)
(0.0085 0.0025 0.067)
(0.00875 0.0025 0.067)
(0.009 0.0025 0.067)
(0.00925 0.0025 0.067)
(0.0095 0.0025 0.067)
(0.00975 0.0025 0.067)
(0.01 0.0025 0.067)
(0.01025 0.0025 0.067)
(0.0105 0.0025 0.067)
(0.01075 0.0025 0.067)
(0.011 0.0025 0.067)
(0.01125 0.0025 0.067)
(0.0115 0.0025 0.067)
(0.01175 0.0025 0.067)
(0.012 0.0025 0.067)
(0.01225 0.0025 0.067)
(0.0125 0.0025 0.067)
(0.01275 0.0025 0.067)
(0.013 0.0025 0.067)
(0.01325 0.0025 0.067)
(0.0135 0.0025 0.067)
(0.01375 0.0025 0.067)
(0.014 0.0025 0.067)
(0.01425 0.0025 0.067)
(0.0145 0.0025 0.067)
(0.01475 0.0025 0.067)
(0.015 0.0025 0.067)
(0.01525 0.0025 0.067)
(0.0155 0.0025 0.067)
(0.01575 0.0025 0.067)
(0.016 0.0025 0.067)
(0.01625 0.0025 0.067)
(0.0165 0.0025 0.067)
(0.01675 0.0025 0.067)
(0.017 0.0025 0.067)
(0.01725 0.0025 0.067)
(0.0175 0.0025 0.067)
(0.01775 0.0025 0.067)
(0.018 0.0025 0.067)
(0.01825 0.0025 0.067)
(0.0185 0.0025 0.067)
(0.01875 0.0025 0.067)
(0.019 0.0025 0.067)
(0.01925 0.0025 0.067)
(0.0195 0.0025 0.067)
(0.01975 0.0025 0.067)
(0.02 0.0025 0.067)
(0.02025 0.0025 0.067)
(0.0205 0.0025 0.067)
(0.02075 0.0025 0.067)
(0.021 0.0025 0.067)
(0.02125 0.0025 0.067)
(0.0215 0.0025 0.067)
(0.02175 0.0025 0.067)
(0.022 0.0025 0.067)
(0.02225 0.0025 0.067)
(0.0225 0.0025 0.067)
(0.02275 0.0025 0.067)
(0.023 0.0025 0.067)
(0.02325 0.0025 0.067)
(0.0235 0.0025 0.067)
(0.02375 0.0025 0.067)
(0.024 0.0025 0.067)
(0.02425 0.0025 0.067)
(0.0245 0.0025 0.067)
(0.02475 0.0025 0.067)
(0.025 0.0025 0.067)
(0.02525 0.0025 0.067)
(0.0255 0.0025 0.067)
(0.02575 0.0025 0.067)
(0.026 0.0025 0.067)
(0.02625 0.0025 0.067)
(0.0265 0.0025 0.067)
(0.02675 0.0025 0.067)
(0.027 0.0025 0.067)
(0.02725 0.0025 0.067)
(0.0275 0.0025 0.067)
(0.02775 0.0025 0.067)
(0.028 0.0025 0.067)
(0.02825 0.0025 0.067)
(0.0285 0.0025 0.067)
(0.02875 0.0025 0.067)
(0.029 0.0025 0.067)
(0.02925 0.0025 0.067)
(0.0295 0.0025 0.067)
(0.02975 0.0025 0.067)
(0.03 0.0025 0.067)
(0.03025 0.0025 0.067)
(0.0305 0.0025 0.067)
(0.03075 0.0025 0.067)
(0.031 0.0025 0.067)
(0.03125 0.0025 0.067)
(0.0315 0.0025 0.067)
(0.03175 0.0025 0.067)
(0.032 0.0025 0.067)
(0.03225 0.0025 0.067)
(0.0325 0.0025 0.067)
(0.03275 0.0025 0.067)
(0.033 0.0025 0.067)
(0.03325 0.0025 0.067)
(0.0335 0.0025 0.067)
(0.03375 0.0025 0.067)
(0.034 0.0025 0.067)
(0.03425 0.0025 0.067)
(0.0345 0.0025 0.067)
(0.03475 0.0025 0.067)
(0.035 0.0025 0.067)
)


// ************************************************************************* //
