/*--------------------------------*- C++ -*----------------------------------*\
| =========                 |                                                 |
| \\      /  F ield         | foam-extend: Open Source CFD                    |
|  \\    /   O peration     | Version:     4.1                                |
|   \\  /    A nd           | Web:         http://www.foam-extend.org         |
|    \\/     M anipulation  |                                                 |
\*---------------------------------------------------------------------------*/
FoamFile
{
    version     2.0;
    format      ascii;
    class       faceList;
    location    "constant/polyMesh";
    object      faces;
}
// * * * * * * * * * * * * * * * * * * * * * * * * * * * * * * * * * * * * * //


6804
(
4(1 6 16 11)
4(10 11 16 15)
4(2 7 17 12)
4(11 12 17 16)
4(3 8 18 13)
4(12 13 18 17)
4(13 14 19 18)
4(11 16 26 21)
4(20 21 26 25)
4(12 17 27 22)
4(21 22 27 26)
4(13 18 28 23)
4(22 23 28 27)
4(23 24 29 28)
4(21 26 36 31)
4(30 31 36 35)
4(22 27 37 32)
4(31 32 37 36)
4(23 28 38 33)
4(32 33 38 37)
4(33 34 39 38)
4(31 36 46 41)
4(40 41 46 45)
4(32 37 47 42)
4(41 42 47 46)
4(33 38 48 43)
4(42 43 48 47)
4(43 44 49 48)
4(41 46 56 51)
4(50 51 56 55)
4(42 47 57 52)
4(51 52 57 56)
4(43 48 58 53)
4(52 53 58 57)
4(53 54 59 58)
4(51 56 66 61)
4(60 61 66 65)
4(52 57 67 62)
4(61 62 67 66)
4(53 58 68 63)
4(62 63 68 67)
4(63 64 69 68)
4(61 66 76 71)
4(70 71 76 75)
4(62 67 77 72)
4(71 72 77 76)
4(63 68 78 73)
4(72 73 78 77)
4(73 74 79 78)
4(71 76 86 81)
4(80 81 86 85)
4(72 77 87 82)
4(81 82 87 86)
4(73 78 88 83)
4(82 83 88 87)
4(83 84 89 88)
4(81 86 96 91)
4(90 91 96 95)
4(82 87 97 92)
4(91 92 97 96)
4(83 88 98 93)
4(92 93 98 97)
4(93 94 99 98)
4(91 96 106 101)
4(100 101 106 105)
4(92 97 107 102)
4(101 102 107 106)
4(93 98 108 103)
4(102 103 108 107)
4(103 104 109 108)
4(101 106 116 111)
4(110 111 116 115)
4(102 107 117 112)
4(111 112 117 116)
4(103 108 118 113)
4(112 113 118 117)
4(113 114 119 118)
4(111 116 126 121)
4(120 121 126 125)
4(112 117 127 122)
4(121 122 127 126)
4(113 118 128 123)
4(122 123 128 127)
4(123 124 129 128)
4(121 126 136 131)
4(130 131 136 135)
4(122 127 137 132)
4(131 132 137 136)
4(123 128 138 133)
4(132 133 138 137)
4(133 134 139 138)
4(131 136 146 141)
4(140 141 146 145)
4(132 137 147 142)
4(141 142 147 146)
4(133 138 148 143)
4(142 143 148 147)
4(143 144 149 148)
4(141 146 156 151)
4(150 151 156 155)
4(142 147 157 152)
4(151 152 157 156)
4(143 148 158 153)
4(152 153 158 157)
4(153 154 159 158)
4(151 156 166 161)
4(160 161 166 165)
4(152 157 167 162)
4(161 162 167 166)
4(153 158 168 163)
4(162 163 168 167)
4(163 164 169 168)
4(161 166 176 171)
4(170 171 176 175)
4(162 167 177 172)
4(171 172 177 176)
4(163 168 178 173)
4(172 173 178 177)
4(173 174 179 178)
4(171 176 186 181)
4(180 181 186 185)
4(172 177 187 182)
4(181 182 187 186)
4(173 178 188 183)
4(182 183 188 187)
4(183 184 189 188)
4(181 186 196 191)
4(190 191 196 195)
4(182 187 197 192)
4(191 192 197 196)
4(183 188 198 193)
4(192 193 198 197)
4(193 194 199 198)
4(191 196 206 201)
4(200 201 206 205)
4(192 197 207 202)
4(201 202 207 206)
4(193 198 208 203)
4(202 203 208 207)
4(203 204 209 208)
4(201 206 216 211)
4(210 211 216 215)
4(202 207 217 212)
4(211 212 217 216)
4(203 208 218 213)
4(212 213 218 217)
4(213 214 219 218)
4(211 216 226 221)
4(220 221 226 225)
4(212 217 227 222)
4(221 222 227 226)
4(213 218 228 223)
4(222 223 228 227)
4(223 224 229 228)
4(221 226 236 231)
4(230 231 236 235)
4(222 227 237 232)
4(231 232 237 236)
4(223 228 238 233)
4(232 233 238 237)
4(233 234 239 238)
4(231 236 246 241)
4(240 241 246 245)
4(232 237 247 242)
4(241 242 247 246)
4(233 238 248 243)
4(242 243 248 247)
4(243 244 249 248)
4(241 246 256 251)
4(250 251 256 255)
4(242 247 257 252)
4(251 252 257 256)
4(243 248 258 253)
4(252 253 258 257)
4(253 254 259 258)
4(251 256 266 261)
4(260 261 266 265)
4(252 257 267 262)
4(261 262 267 266)
4(253 258 268 263)
4(262 263 268 267)
4(263 264 269 268)
4(261 266 276 271)
4(270 271 276 275)
4(262 267 277 272)
4(271 272 277 276)
4(263 268 278 273)
4(272 273 278 277)
4(273 274 279 278)
4(271 276 286 281)
4(280 281 286 285)
4(272 277 287 282)
4(281 282 287 286)
4(273 278 288 283)
4(282 283 288 287)
4(283 284 289 288)
4(281 286 296 291)
4(290 291 296 295)
4(282 287 297 292)
4(291 292 297 296)
4(283 288 298 293)
4(292 293 298 297)
4(293 294 299 298)
4(291 296 306 301)
4(300 301 306 305)
4(292 297 307 302)
4(301 302 307 306)
4(293 298 308 303)
4(302 303 308 307)
4(303 304 309 308)
4(301 306 316 311)
4(310 311 316 315)
4(302 307 317 312)
4(311 312 317 316)
4(303 308 318 313)
4(312 313 318 317)
4(313 314 319 318)
4(311 316 326 321)
4(320 321 326 325)
4(312 317 327 322)
4(321 322 327 326)
4(313 318 328 323)
4(322 323 328 327)
4(323 324 329 328)
4(321 326 336 331)
4(330 331 336 335)
4(322 327 337 332)
4(331 332 337 336)
4(323 328 338 333)
4(332 333 338 337)
4(333 334 339 338)
4(331 336 346 341)
4(340 341 346 345)
4(332 337 347 342)
4(341 342 347 346)
4(333 338 348 343)
4(342 343 348 347)
4(343 344 349 348)
4(341 346 356 351)
4(350 351 356 355)
4(342 347 357 352)
4(351 352 357 356)
4(343 348 358 353)
4(352 353 358 357)
4(353 354 359 358)
4(351 356 366 361)
4(360 361 366 365)
4(352 357 367 362)
4(361 362 367 366)
4(353 358 368 363)
4(362 363 368 367)
4(363 364 369 368)
4(361 366 376 371)
4(370 371 376 375)
4(362 367 377 372)
4(371 372 377 376)
4(363 368 378 373)
4(372 373 378 377)
4(373 374 379 378)
4(371 376 386 381)
4(380 381 386 385)
4(372 377 387 382)
4(381 382 387 386)
4(373 378 388 383)
4(382 383 388 387)
4(383 384 389 388)
4(381 386 396 391)
4(390 391 396 395)
4(382 387 397 392)
4(391 392 397 396)
4(383 388 398 393)
4(392 393 398 397)
4(393 394 399 398)
4(391 396 406 401)
4(400 401 406 405)
4(392 397 407 402)
4(401 402 407 406)
4(393 398 408 403)
4(402 403 408 407)
4(403 404 409 408)
4(401 406 416 411)
4(410 411 416 415)
4(402 407 417 412)
4(411 412 417 416)
4(403 408 418 413)
4(412 413 418 417)
4(413 414 419 418)
4(411 416 426 421)
4(420 421 426 425)
4(412 417 427 422)
4(421 422 427 426)
4(413 418 428 423)
4(422 423 428 427)
4(423 424 429 428)
4(421 426 436 431)
4(430 431 436 435)
4(422 427 437 432)
4(431 432 437 436)
4(423 428 438 433)
4(432 433 438 437)
4(433 434 439 438)
4(431 436 446 441)
4(440 441 446 445)
4(432 437 447 442)
4(441 442 447 446)
4(433 438 448 443)
4(442 443 448 447)
4(443 444 449 448)
4(441 446 456 451)
4(450 451 456 455)
4(442 447 457 452)
4(451 452 457 456)
4(443 448 458 453)
4(452 453 458 457)
4(453 454 459 458)
4(451 456 466 461)
4(460 461 466 465)
4(452 457 467 462)
4(461 462 467 466)
4(453 458 468 463)
4(462 463 468 467)
4(463 464 469 468)
4(461 466 476 471)
4(470 471 476 475)
4(462 467 477 472)
4(471 472 477 476)
4(463 468 478 473)
4(472 473 478 477)
4(473 474 479 478)
4(471 476 486 481)
4(480 481 486 485)
4(472 477 487 482)
4(481 482 487 486)
4(473 478 488 483)
4(482 483 488 487)
4(483 484 489 488)
4(481 486 496 491)
4(490 491 496 495)
4(482 487 497 492)
4(491 492 497 496)
4(483 488 498 493)
4(492 493 498 497)
4(493 494 499 498)
4(491 496 506 501)
4(500 501 506 505)
4(492 497 507 502)
4(501 502 507 506)
4(493 498 508 503)
4(502 503 508 507)
4(503 504 509 508)
4(501 506 516 511)
4(510 511 516 515)
4(502 507 517 512)
4(511 512 517 516)
4(503 508 518 513)
4(512 513 518 517)
4(513 514 519 518)
4(511 516 526 521)
4(520 521 526 525)
4(512 517 527 522)
4(521 522 527 526)
4(513 518 528 523)
4(522 523 528 527)
4(523 524 529 528)
4(521 526 536 531)
4(530 531 536 535)
4(522 527 537 532)
4(531 532 537 536)
4(523 528 538 533)
4(532 533 538 537)
4(533 534 539 538)
4(531 536 546 541)
4(540 541 546 545)
4(532 537 547 542)
4(541 542 547 546)
4(533 538 548 543)
4(542 543 548 547)
4(543 544 549 548)
4(541 546 556 551)
4(550 551 556 555)
4(542 547 557 552)
4(551 552 557 556)
4(543 548 558 553)
4(552 553 558 557)
4(553 554 559 558)
4(551 556 566 561)
4(560 561 566 565)
4(552 557 567 562)
4(561 562 567 566)
4(553 558 568 563)
4(562 563 568 567)
4(563 564 569 568)
4(561 566 576 571)
4(570 571 576 575)
4(562 567 577 572)
4(571 572 577 576)
4(563 568 578 573)
4(572 573 578 577)
4(573 574 579 578)
4(571 576 586 581)
4(580 581 586 585)
4(572 577 587 582)
4(581 582 587 586)
4(573 578 588 583)
4(582 583 588 587)
4(583 584 589 588)
4(581 586 596 591)
4(590 591 596 595)
4(582 587 597 592)
4(591 592 597 596)
4(583 588 598 593)
4(592 593 598 597)
4(593 594 599 598)
4(591 596 606 601)
4(600 601 606 605)
4(592 597 607 602)
4(601 602 607 606)
4(593 598 608 603)
4(602 603 608 607)
4(603 604 609 608)
4(601 606 616 611)
4(610 611 616 615)
4(602 607 617 612)
4(611 612 617 616)
4(603 608 618 613)
4(612 613 618 617)
4(613 614 619 618)
4(611 616 626 621)
4(620 621 626 625)
4(612 617 627 622)
4(621 622 627 626)
4(613 618 628 623)
4(622 623 628 627)
4(623 624 629 628)
4(621 626 636 631)
4(630 631 636 635)
4(622 627 637 632)
4(631 632 637 636)
4(623 628 638 633)
4(632 633 638 637)
4(633 634 639 638)
4(631 636 646 641)
4(640 641 646 645)
4(632 637 647 642)
4(641 642 647 646)
4(633 638 648 643)
4(642 643 648 647)
4(643 644 649 648)
4(641 646 656 651)
4(650 651 656 655)
4(642 647 657 652)
4(651 652 657 656)
4(643 648 658 653)
4(652 653 658 657)
4(653 654 659 658)
4(651 656 666 661)
4(660 661 666 665)
4(652 657 667 662)
4(661 662 667 666)
4(653 658 668 663)
4(662 663 668 667)
4(663 664 669 668)
4(661 666 676 671)
4(670 671 676 675)
4(662 667 677 672)
4(671 672 677 676)
4(663 668 678 673)
4(672 673 678 677)
4(673 674 679 678)
4(671 676 686 681)
4(680 681 686 685)
4(672 677 687 682)
4(681 682 687 686)
4(673 678 688 683)
4(682 683 688 687)
4(683 684 689 688)
4(681 686 696 691)
4(690 691 696 695)
4(682 687 697 692)
4(691 692 697 696)
4(683 688 698 693)
4(692 693 698 697)
4(693 694 699 698)
4(691 696 706 701)
4(700 701 706 705)
4(692 697 707 702)
4(701 702 707 706)
4(693 698 708 703)
4(702 703 708 707)
4(703 704 709 708)
4(701 706 716 711)
4(710 711 716 715)
4(702 707 717 712)
4(711 712 717 716)
4(703 708 718 713)
4(712 713 718 717)
4(713 714 719 718)
4(711 716 726 721)
4(720 721 726 725)
4(712 717 727 722)
4(721 722 727 726)
4(713 718 728 723)
4(722 723 728 727)
4(723 724 729 728)
4(721 726 736 731)
4(730 731 736 735)
4(722 727 737 732)
4(731 732 737 736)
4(723 728 738 733)
4(732 733 738 737)
4(733 734 739 738)
4(731 736 746 741)
4(740 741 746 745)
4(732 737 747 742)
4(741 742 747 746)
4(733 738 748 743)
4(742 743 748 747)
4(743 744 749 748)
4(741 746 756 751)
4(750 751 756 755)
4(742 747 757 752)
4(751 752 757 756)
4(743 748 758 753)
4(752 753 758 757)
4(753 754 759 758)
4(751 756 766 761)
4(760 761 766 765)
4(752 757 767 762)
4(761 762 767 766)
4(753 758 768 763)
4(762 763 768 767)
4(763 764 769 768)
4(761 766 776 771)
4(770 771 776 775)
4(762 767 777 772)
4(771 772 777 776)
4(763 768 778 773)
4(772 773 778 777)
4(773 774 779 778)
4(771 776 786 781)
4(780 781 786 785)
4(772 777 787 782)
4(781 782 787 786)
4(773 778 788 783)
4(782 783 788 787)
4(783 784 789 788)
4(781 786 796 791)
4(790 791 796 795)
4(782 787 797 792)
4(791 792 797 796)
4(783 788 798 793)
4(792 793 798 797)
4(793 794 799 798)
4(791 796 806 801)
4(800 801 806 805)
4(792 797 807 802)
4(801 802 807 806)
4(793 798 808 803)
4(802 803 808 807)
4(803 804 809 808)
4(801 806 816 811)
4(810 811 816 815)
4(802 807 817 812)
4(811 812 817 816)
4(803 808 818 813)
4(812 813 818 817)
4(813 814 819 818)
4(811 816 826 821)
4(820 821 826 825)
4(812 817 827 822)
4(821 822 827 826)
4(813 818 828 823)
4(822 823 828 827)
4(823 824 829 828)
4(821 826 836 831)
4(830 831 836 835)
4(822 827 837 832)
4(831 832 837 836)
4(823 828 838 833)
4(832 833 838 837)
4(833 834 839 838)
4(831 836 846 841)
4(840 841 846 845)
4(832 837 847 842)
4(841 842 847 846)
4(833 838 848 843)
4(842 843 848 847)
4(843 844 849 848)
4(841 846 856 851)
4(850 851 856 855)
4(842 847 857 852)
4(851 852 857 856)
4(843 848 858 853)
4(852 853 858 857)
4(853 854 859 858)
4(851 856 866 861)
4(860 861 866 865)
4(852 857 867 862)
4(861 862 867 866)
4(853 858 868 863)
4(862 863 868 867)
4(863 864 869 868)
4(861 866 876 871)
4(870 871 876 875)
4(862 867 877 872)
4(871 872 877 876)
4(863 868 878 873)
4(872 873 878 877)
4(873 874 879 878)
4(871 876 886 881)
4(880 881 886 885)
4(872 877 887 882)
4(881 882 887 886)
4(873 878 888 883)
4(882 883 888 887)
4(883 884 889 888)
4(881 886 896 891)
4(890 891 896 895)
4(882 887 897 892)
4(891 892 897 896)
4(883 888 898 893)
4(892 893 898 897)
4(893 894 899 898)
4(891 896 906 901)
4(900 901 906 905)
4(892 897 907 902)
4(901 902 907 906)
4(893 898 908 903)
4(902 903 908 907)
4(903 904 909 908)
4(901 906 916 911)
4(910 911 916 915)
4(902 907 917 912)
4(911 912 917 916)
4(903 908 918 913)
4(912 913 918 917)
4(913 914 919 918)
4(911 916 926 921)
4(920 921 926 925)
4(912 917 927 922)
4(921 922 927 926)
4(913 918 928 923)
4(922 923 928 927)
4(923 924 929 928)
4(921 926 936 931)
4(930 931 936 935)
4(922 927 937 932)
4(931 932 937 936)
4(923 928 938 933)
4(932 933 938 937)
4(933 934 939 938)
4(931 936 946 941)
4(940 941 946 945)
4(932 937 947 942)
4(941 942 947 946)
4(933 938 948 943)
4(942 943 948 947)
4(943 944 949 948)
4(941 946 956 951)
4(950 951 956 955)
4(942 947 957 952)
4(951 952 957 956)
4(943 948 958 953)
4(952 953 958 957)
4(953 954 959 958)
4(951 956 966 961)
4(960 961 966 965)
4(952 957 967 962)
4(961 962 967 966)
4(953 958 968 963)
4(962 963 968 967)
4(963 964 969 968)
4(961 966 976 971)
4(970 971 976 975)
4(962 967 977 972)
4(971 972 977 976)
4(963 968 978 973)
4(972 973 978 977)
4(973 974 979 978)
4(971 976 986 981)
4(980 981 986 985)
4(972 977 987 982)
4(981 982 987 986)
4(973 978 988 983)
4(982 983 988 987)
4(983 984 989 988)
4(981 986 996 991)
4(990 991 996 995)
4(982 987 997 992)
4(991 992 997 996)
4(983 988 998 993)
4(992 993 998 997)
4(993 994 999 998)
4(991 996 1006 1001)
4(1000 1001 1006 1005)
4(992 997 1007 1002)
4(1001 1002 1007 1006)
4(993 998 1008 1003)
4(1002 1003 1008 1007)
4(1003 1004 1009 1008)
4(1001 1006 1016 1011)
4(1010 1011 1016 1015)
4(1002 1007 1017 1012)
4(1011 1012 1017 1016)
4(1003 1008 1018 1013)
4(1012 1013 1018 1017)
4(1013 1014 1019 1018)
4(1011 1016 1026 1021)
4(1020 1021 1026 1025)
4(1012 1017 1027 1022)
4(1021 1022 1027 1026)
4(1013 1018 1028 1023)
4(1022 1023 1028 1027)
4(1023 1024 1029 1028)
4(1021 1026 1036 1031)
4(1030 1031 1036 1035)
4(1022 1027 1037 1032)
4(1031 1032 1037 1036)
4(1023 1028 1038 1033)
4(1032 1033 1038 1037)
4(1033 1034 1039 1038)
4(1031 1036 1046 1041)
4(1040 1041 1046 1045)
4(1032 1037 1047 1042)
4(1041 1042 1047 1046)
4(1033 1038 1048 1043)
4(1042 1043 1048 1047)
4(1043 1044 1049 1048)
4(1041 1046 1056 1051)
4(1050 1051 1056 1055)
4(1042 1047 1057 1052)
4(1051 1052 1057 1056)
4(1043 1048 1058 1053)
4(1052 1053 1058 1057)
4(1053 1054 1059 1058)
4(1051 1056 1066 1061)
4(1060 1061 1066 1065)
4(1052 1057 1067 1062)
4(1061 1062 1067 1066)
4(1053 1058 1068 1063)
4(1062 1063 1068 1067)
4(1063 1064 1069 1068)
4(1061 1066 1076 1071)
4(1070 1071 1076 1075)
4(1062 1067 1077 1072)
4(1071 1072 1077 1076)
4(1063 1068 1078 1073)
4(1072 1073 1078 1077)
4(1073 1074 1079 1078)
4(1071 1076 1086 1081)
4(1080 1081 1086 1085)
4(1072 1077 1087 1082)
4(1081 1082 1087 1086)
4(1073 1078 1088 1083)
4(1082 1083 1088 1087)
4(1083 1084 1089 1088)
4(1081 1086 1096 1091)
4(1090 1091 1096 1095)
4(1082 1087 1097 1092)
4(1091 1092 1097 1096)
4(1083 1088 1098 1093)
4(1092 1093 1098 1097)
4(1093 1094 1099 1098)
4(1091 1096 1106 1101)
4(1100 1101 1106 1105)
4(1092 1097 1107 1102)
4(1101 1102 1107 1106)
4(1093 1098 1108 1103)
4(1102 1103 1108 1107)
4(1103 1104 1109 1108)
4(1101 1106 1116 1111)
4(1110 1111 1116 1115)
4(1102 1107 1117 1112)
4(1111 1112 1117 1116)
4(1103 1108 1118 1113)
4(1112 1113 1118 1117)
4(1113 1114 1119 1118)
4(1111 1116 1126 1121)
4(1120 1121 1126 1125)
4(1112 1117 1127 1122)
4(1121 1122 1127 1126)
4(1113 1118 1128 1123)
4(1122 1123 1128 1127)
4(1123 1124 1129 1128)
4(1121 1126 1136 1131)
4(1130 1131 1136 1135)
4(1122 1127 1137 1132)
4(1131 1132 1137 1136)
4(1123 1128 1138 1133)
4(1132 1133 1138 1137)
4(1133 1134 1139 1138)
4(1131 1136 1146 1141)
4(1140 1141 1146 1145)
4(1132 1137 1147 1142)
4(1141 1142 1147 1146)
4(1133 1138 1148 1143)
4(1142 1143 1148 1147)
4(1143 1144 1149 1148)
4(1141 1146 1156 1151)
4(1150 1151 1156 1155)
4(1142 1147 1157 1152)
4(1151 1152 1157 1156)
4(1143 1148 1158 1153)
4(1152 1153 1158 1157)
4(1153 1154 1159 1158)
4(1151 1156 1166 1161)
4(1160 1161 1166 1165)
4(1152 1157 1167 1162)
4(1161 1162 1167 1166)
4(1153 1158 1168 1163)
4(1162 1163 1168 1167)
4(1163 1164 1169 1168)
4(1161 1166 1176 1171)
4(1170 1171 1176 1175)
4(1162 1167 1177 1172)
4(1171 1172 1177 1176)
4(1163 1168 1178 1173)
4(1172 1173 1178 1177)
4(1173 1174 1179 1178)
4(1171 1176 1186 1181)
4(1180 1181 1186 1185)
4(1172 1177 1187 1182)
4(1181 1182 1187 1186)
4(1173 1178 1188 1183)
4(1182 1183 1188 1187)
4(1183 1184 1189 1188)
4(1181 1186 1196 1191)
4(1190 1191 1196 1195)
4(1182 1187 1197 1192)
4(1191 1192 1197 1196)
4(1183 1188 1198 1193)
4(1192 1193 1198 1197)
4(1193 1194 1199 1198)
4(1191 1196 1206 1201)
4(1200 1201 1206 1205)
4(1192 1197 1207 1202)
4(1201 1202 1207 1206)
4(1193 1198 1208 1203)
4(1202 1203 1208 1207)
4(1203 1204 1209 1208)
4(1201 1206 1216 1211)
4(1210 1211 1216 1215)
4(1202 1207 1217 1212)
4(1211 1212 1217 1216)
4(1203 1208 1218 1213)
4(1212 1213 1218 1217)
4(1213 1214 1219 1218)
4(1211 1216 1226 1221)
4(1220 1221 1226 1225)
4(1212 1217 1227 1222)
4(1221 1222 1227 1226)
4(1213 1218 1228 1223)
4(1222 1223 1228 1227)
4(1223 1224 1229 1228)
4(1221 1226 1236 1231)
4(1230 1231 1236 1235)
4(1222 1227 1237 1232)
4(1231 1232 1237 1236)
4(1223 1228 1238 1233)
4(1232 1233 1238 1237)
4(1233 1234 1239 1238)
4(1231 1236 1246 1241)
4(1240 1241 1246 1245)
4(1232 1237 1247 1242)
4(1241 1242 1247 1246)
4(1233 1238 1248 1243)
4(1242 1243 1248 1247)
4(1243 1244 1249 1248)
4(1241 1246 1256 1251)
4(1250 1251 1256 1255)
4(1242 1247 1257 1252)
4(1251 1252 1257 1256)
4(1243 1248 1258 1253)
4(1252 1253 1258 1257)
4(1253 1254 1259 1258)
4(1251 1256 1266 1261)
4(1260 1261 1266 1265)
4(1252 1257 1267 1262)
4(1261 1262 1267 1266)
4(1253 1258 1268 1263)
4(1262 1263 1268 1267)
4(1263 1264 1269 1268)
4(1261 1266 1276 1271)
4(1270 1271 1276 1275)
4(1262 1267 1277 1272)
4(1271 1272 1277 1276)
4(1263 1268 1278 1273)
4(1272 1273 1278 1277)
4(1273 1274 1279 1278)
4(1271 1276 1286 1281)
4(1280 1281 1286 1285)
4(1272 1277 1287 1282)
4(1281 1282 1287 1286)
4(1273 1278 1288 1283)
4(1282 1283 1288 1287)
4(1283 1284 1289 1288)
4(1281 1286 1296 1291)
4(1290 1291 1296 1295)
4(1282 1287 1297 1292)
4(1291 1292 1297 1296)
4(1283 1288 1298 1293)
4(1292 1293 1298 1297)
4(1293 1294 1299 1298)
4(1291 1296 1306 1301)
4(1300 1301 1306 1305)
4(1292 1297 1307 1302)
4(1301 1302 1307 1306)
4(1293 1298 1308 1303)
4(1302 1303 1308 1307)
4(1303 1304 1309 1308)
4(1301 1306 1316 1311)
4(1310 1311 1316 1315)
4(1302 1307 1317 1312)
4(1311 1312 1317 1316)
4(1303 1308 1318 1313)
4(1312 1313 1318 1317)
4(1313 1314 1319 1318)
4(1311 1316 1326 1321)
4(1320 1321 1326 1325)
4(1312 1317 1327 1322)
4(1321 1322 1327 1326)
4(1313 1318 1328 1323)
4(1322 1323 1328 1327)
4(1323 1324 1329 1328)
4(1321 1326 1336 1331)
4(1330 1331 1336 1335)
4(1322 1327 1337 1332)
4(1331 1332 1337 1336)
4(1323 1328 1338 1333)
4(1332 1333 1338 1337)
4(1333 1334 1339 1338)
4(1331 1336 1346 1341)
4(1340 1341 1346 1345)
4(1332 1337 1347 1342)
4(1341 1342 1347 1346)
4(1333 1338 1348 1343)
4(1342 1343 1348 1347)
4(1343 1344 1349 1348)
4(1341 1346 1356 1351)
4(1350 1351 1356 1355)
4(1342 1347 1357 1352)
4(1351 1352 1357 1356)
4(1343 1348 1358 1353)
4(1352 1353 1358 1357)
4(1353 1354 1359 1358)
4(1351 1356 1366 1361)
4(1360 1361 1366 1365)
4(1352 1357 1367 1362)
4(1361 1362 1367 1366)
4(1353 1358 1368 1363)
4(1362 1363 1368 1367)
4(1363 1364 1369 1368)
4(1361 1366 1376 1371)
4(1370 1371 1376 1375)
4(1362 1367 1377 1372)
4(1371 1372 1377 1376)
4(1363 1368 1378 1373)
4(1372 1373 1378 1377)
4(1373 1374 1379 1378)
4(1371 1376 1386 1381)
4(1380 1381 1386 1385)
4(1372 1377 1387 1382)
4(1381 1382 1387 1386)
4(1373 1378 1388 1383)
4(1382 1383 1388 1387)
4(1383 1384 1389 1388)
4(1381 1386 1396 1391)
4(1390 1391 1396 1395)
4(1382 1387 1397 1392)
4(1391 1392 1397 1396)
4(1383 1388 1398 1393)
4(1392 1393 1398 1397)
4(1393 1394 1399 1398)
4(1391 1396 1406 1401)
4(1400 1401 1406 1405)
4(1392 1397 1407 1402)
4(1401 1402 1407 1406)
4(1393 1398 1408 1403)
4(1402 1403 1408 1407)
4(1403 1404 1409 1408)
4(1401 1406 1416 1411)
4(1410 1411 1416 1415)
4(1402 1407 1417 1412)
4(1411 1412 1417 1416)
4(1403 1408 1418 1413)
4(1412 1413 1418 1417)
4(1413 1414 1419 1418)
4(1411 1416 1426 1421)
4(1420 1421 1426 1425)
4(1412 1417 1427 1422)
4(1421 1422 1427 1426)
4(1413 1418 1428 1423)
4(1422 1423 1428 1427)
4(1423 1424 1429 1428)
4(1421 1426 1436 1431)
4(1430 1431 1436 1435)
4(1422 1427 1437 1432)
4(1431 1432 1437 1436)
4(1423 1428 1438 1433)
4(1432 1433 1438 1437)
4(1433 1434 1439 1438)
4(1431 1436 1446 1441)
4(1440 1441 1446 1445)
4(1432 1437 1447 1442)
4(1441 1442 1447 1446)
4(1433 1438 1448 1443)
4(1442 1443 1448 1447)
4(1443 1444 1449 1448)
4(1441 1446 1456 1451)
4(1450 1451 1456 1455)
4(1442 1447 1457 1452)
4(1451 1452 1457 1456)
4(1443 1448 1458 1453)
4(1452 1453 1458 1457)
4(1453 1454 1459 1458)
4(1451 1456 1466 1461)
4(1460 1461 1466 1465)
4(1452 1457 1467 1462)
4(1461 1462 1467 1466)
4(1453 1458 1468 1463)
4(1462 1463 1468 1467)
4(1463 1464 1469 1468)
4(1461 1466 1476 1471)
4(1470 1471 1476 1475)
4(1462 1467 1477 1472)
4(1471 1472 1477 1476)
4(1463 1468 1478 1473)
4(1472 1473 1478 1477)
4(1473 1474 1479 1478)
4(1471 1476 1486 1481)
4(1480 1481 1486 1485)
4(1472 1477 1487 1482)
4(1481 1482 1487 1486)
4(1473 1478 1488 1483)
4(1482 1483 1488 1487)
4(1483 1484 1489 1488)
4(1481 1486 1496 1491)
4(1490 1491 1496 1495)
4(1482 1487 1497 1492)
4(1491 1492 1497 1496)
4(1483 1488 1498 1493)
4(1492 1493 1498 1497)
4(1493 1494 1499 1498)
4(1491 1496 1506 1501)
4(1500 1501 1506 1505)
4(1492 1497 1507 1502)
4(1501 1502 1507 1506)
4(1493 1498 1508 1503)
4(1502 1503 1508 1507)
4(1503 1504 1509 1508)
4(1501 1506 1516 1511)
4(1510 1511 1516 1515)
4(1502 1507 1517 1512)
4(1511 1512 1517 1516)
4(1503 1508 1518 1513)
4(1512 1513 1518 1517)
4(1513 1514 1519 1518)
4(1511 1516 1526 1521)
4(1520 1521 1526 1525)
4(1512 1517 1527 1522)
4(1521 1522 1527 1526)
4(1513 1518 1528 1523)
4(1522 1523 1528 1527)
4(1523 1524 1529 1528)
4(1521 1526 1536 1531)
4(1530 1531 1536 1535)
4(1522 1527 1537 1532)
4(1531 1532 1537 1536)
4(1523 1528 1538 1533)
4(1532 1533 1538 1537)
4(1533 1534 1539 1538)
4(1531 1536 1546 1541)
4(1540 1541 1546 1545)
4(1532 1537 1547 1542)
4(1541 1542 1547 1546)
4(1533 1538 1548 1543)
4(1542 1543 1548 1547)
4(1543 1544 1549 1548)
4(1541 1546 1556 1551)
4(1550 1551 1556 1555)
4(1542 1547 1557 1552)
4(1551 1552 1557 1556)
4(1543 1548 1558 1553)
4(1552 1553 1558 1557)
4(1553 1554 1559 1558)
4(1551 1556 1566 1561)
4(1560 1561 1566 1565)
4(1552 1557 1567 1562)
4(1561 1562 1567 1566)
4(1553 1558 1568 1563)
4(1562 1563 1568 1567)
4(1563 1564 1569 1568)
4(1561 1566 1576 1571)
4(1570 1571 1576 1575)
4(1562 1567 1577 1572)
4(1571 1572 1577 1576)
4(1563 1568 1578 1573)
4(1572 1573 1578 1577)
4(1573 1574 1579 1578)
4(1571 1576 1586 1581)
4(1580 1581 1586 1585)
4(1572 1577 1587 1582)
4(1581 1582 1587 1586)
4(1573 1578 1588 1583)
4(1582 1583 1588 1587)
4(1583 1584 1589 1588)
4(1581 1586 1596 1591)
4(1590 1591 1596 1595)
4(1582 1587 1597 1592)
4(1591 1592 1597 1596)
4(1583 1588 1598 1593)
4(1592 1593 1598 1597)
4(1593 1594 1599 1598)
4(1591 1596 1606 1601)
4(1600 1601 1606 1605)
4(1592 1597 1607 1602)
4(1601 1602 1607 1606)
4(1593 1598 1608 1603)
4(1602 1603 1608 1607)
4(1603 1604 1609 1608)
4(1601 1606 1616 1611)
4(1610 1611 1616 1615)
4(1602 1607 1617 1612)
4(1611 1612 1617 1616)
4(1603 1608 1618 1613)
4(1612 1613 1618 1617)
4(1613 1614 1619 1618)
4(1611 1616 1626 1621)
4(1620 1621 1626 1625)
4(1612 1617 1627 1622)
4(1621 1622 1627 1626)
4(1613 1618 1628 1623)
4(1622 1623 1628 1627)
4(1623 1624 1629 1628)
4(1621 1626 1636 1631)
4(1630 1631 1636 1635)
4(1622 1627 1637 1632)
4(1631 1632 1637 1636)
4(1623 1628 1638 1633)
4(1632 1633 1638 1637)
4(1633 1634 1639 1638)
4(1631 1636 1646 1641)
4(1640 1641 1646 1645)
4(1632 1637 1647 1642)
4(1641 1642 1647 1646)
4(1633 1638 1648 1643)
4(1642 1643 1648 1647)
4(1643 1644 1649 1648)
4(1641 1646 1656 1651)
4(1650 1651 1656 1655)
4(1642 1647 1657 1652)
4(1651 1652 1657 1656)
4(1643 1648 1658 1653)
4(1652 1653 1658 1657)
4(1653 1654 1659 1658)
4(1651 1656 1666 1661)
4(1660 1661 1666 1665)
4(1652 1657 1667 1662)
4(1661 1662 1667 1666)
4(1653 1658 1668 1663)
4(1662 1663 1668 1667)
4(1663 1664 1669 1668)
4(1661 1666 1676 1671)
4(1670 1671 1676 1675)
4(1662 1667 1677 1672)
4(1671 1672 1677 1676)
4(1663 1668 1678 1673)
4(1672 1673 1678 1677)
4(1673 1674 1679 1678)
4(1671 1676 1686 1681)
4(1680 1681 1686 1685)
4(1672 1677 1687 1682)
4(1681 1682 1687 1686)
4(1673 1678 1688 1683)
4(1682 1683 1688 1687)
4(1683 1684 1689 1688)
4(1681 1686 1696 1691)
4(1690 1691 1696 1695)
4(1682 1687 1697 1692)
4(1691 1692 1697 1696)
4(1683 1688 1698 1693)
4(1692 1693 1698 1697)
4(1693 1694 1699 1698)
4(1691 1696 1706 1701)
4(1700 1701 1706 1705)
4(1692 1697 1707 1702)
4(1701 1702 1707 1706)
4(1693 1698 1708 1703)
4(1702 1703 1708 1707)
4(1703 1704 1709 1708)
4(1701 1706 1716 1711)
4(1710 1711 1716 1715)
4(1702 1707 1717 1712)
4(1711 1712 1717 1716)
4(1703 1708 1718 1713)
4(1712 1713 1718 1717)
4(1713 1714 1719 1718)
4(1711 1716 1726 1721)
4(1720 1721 1726 1725)
4(1712 1717 1727 1722)
4(1721 1722 1727 1726)
4(1713 1718 1728 1723)
4(1722 1723 1728 1727)
4(1723 1724 1729 1728)
4(1721 1726 1736 1731)
4(1730 1731 1736 1735)
4(1722 1727 1737 1732)
4(1731 1732 1737 1736)
4(1723 1728 1738 1733)
4(1732 1733 1738 1737)
4(1733 1734 1739 1738)
4(1731 1736 1746 1741)
4(1740 1741 1746 1745)
4(1732 1737 1747 1742)
4(1741 1742 1747 1746)
4(1733 1738 1748 1743)
4(1742 1743 1748 1747)
4(1743 1744 1749 1748)
4(1741 1746 1756 1751)
4(1750 1751 1756 1755)
4(1742 1747 1757 1752)
4(1751 1752 1757 1756)
4(1743 1748 1758 1753)
4(1752 1753 1758 1757)
4(1753 1754 1759 1758)
4(1751 1756 1766 1761)
4(1760 1761 1766 1765)
4(1752 1757 1767 1762)
4(1761 1762 1767 1766)
4(1753 1758 1768 1763)
4(1762 1763 1768 1767)
4(1763 1764 1769 1768)
4(1761 1766 1776 1771)
4(1770 1771 1776 1775)
4(1762 1767 1777 1772)
4(1771 1772 1777 1776)
4(1763 1768 1778 1773)
4(1772 1773 1778 1777)
4(1773 1774 1779 1778)
4(1771 1776 1786 1781)
4(1780 1781 1786 1785)
4(1772 1777 1787 1782)
4(1781 1782 1787 1786)
4(1773 1778 1788 1783)
4(1782 1783 1788 1787)
4(1783 1784 1789 1788)
4(1781 1786 1796 1791)
4(1790 1791 1796 1795)
4(1782 1787 1797 1792)
4(1791 1792 1797 1796)
4(1783 1788 1798 1793)
4(1792 1793 1798 1797)
4(1793 1794 1799 1798)
4(1791 1796 1806 1801)
4(1800 1801 1806 1805)
4(1792 1797 1807 1802)
4(1801 1802 1807 1806)
4(1793 1798 1808 1803)
4(1802 1803 1808 1807)
4(1803 1804 1809 1808)
4(1801 1806 1816 1811)
4(1810 1811 1816 1815)
4(1802 1807 1817 1812)
4(1811 1812 1817 1816)
4(1803 1808 1818 1813)
4(1812 1813 1818 1817)
4(1813 1814 1819 1818)
4(1811 1816 1826 1821)
4(1820 1821 1826 1825)
4(1812 1817 1827 1822)
4(1821 1822 1827 1826)
4(1813 1818 1828 1823)
4(1822 1823 1828 1827)
4(1823 1824 1829 1828)
4(1821 1826 1836 1831)
4(1830 1831 1836 1835)
4(1822 1827 1837 1832)
4(1831 1832 1837 1836)
4(1823 1828 1838 1833)
4(1832 1833 1838 1837)
4(1833 1834 1839 1838)
4(1831 1836 1846 1841)
4(1840 1841 1846 1845)
4(1832 1837 1847 1842)
4(1841 1842 1847 1846)
4(1833 1838 1848 1843)
4(1842 1843 1848 1847)
4(1843 1844 1849 1848)
4(1841 1846 1856 1851)
4(1850 1851 1856 1855)
4(1842 1847 1857 1852)
4(1851 1852 1857 1856)
4(1843 1848 1858 1853)
4(1852 1853 1858 1857)
4(1853 1854 1859 1858)
4(1851 1856 1866 1861)
4(1860 1861 1866 1865)
4(1852 1857 1867 1862)
4(1861 1862 1867 1866)
4(1853 1858 1868 1863)
4(1862 1863 1868 1867)
4(1863 1864 1869 1868)
4(1861 1866 1876 1871)
4(1870 1871 1876 1875)
4(1862 1867 1877 1872)
4(1871 1872 1877 1876)
4(1863 1868 1878 1873)
4(1872 1873 1878 1877)
4(1873 1874 1879 1878)
4(1871 1876 1886 1881)
4(1880 1881 1886 1885)
4(1872 1877 1887 1882)
4(1881 1882 1887 1886)
4(1873 1878 1888 1883)
4(1882 1883 1888 1887)
4(1883 1884 1889 1888)
4(1881 1886 1896 1891)
4(1890 1891 1896 1895)
4(1882 1887 1897 1892)
4(1891 1892 1897 1896)
4(1883 1888 1898 1893)
4(1892 1893 1898 1897)
4(1893 1894 1899 1898)
4(1891 1896 1906 1901)
4(1900 1901 1906 1905)
4(1892 1897 1907 1902)
4(1901 1902 1907 1906)
4(1893 1898 1908 1903)
4(1902 1903 1908 1907)
4(1903 1904 1909 1908)
4(1901 1906 1916 1911)
4(1910 1911 1916 1915)
4(1902 1907 1917 1912)
4(1911 1912 1917 1916)
4(1903 1908 1918 1913)
4(1912 1913 1918 1917)
4(1913 1914 1919 1918)
4(1911 1916 1926 1921)
4(1920 1921 1926 1925)
4(1912 1917 1927 1922)
4(1921 1922 1927 1926)
4(1913 1918 1928 1923)
4(1922 1923 1928 1927)
4(1923 1924 1929 1928)
4(1921 1926 1936 1931)
4(1930 1931 1936 1935)
4(1922 1927 1937 1932)
4(1931 1932 1937 1936)
4(1923 1928 1938 1933)
4(1932 1933 1938 1937)
4(1933 1934 1939 1938)
4(1931 1936 1946 1941)
4(1940 1941 1946 1945)
4(1932 1937 1947 1942)
4(1941 1942 1947 1946)
4(1933 1938 1948 1943)
4(1942 1943 1948 1947)
4(1943 1944 1949 1948)
4(1941 1946 1956 1951)
4(1950 1951 1956 1955)
4(1942 1947 1957 1952)
4(1951 1952 1957 1956)
4(1943 1948 1958 1953)
4(1952 1953 1958 1957)
4(1953 1954 1959 1958)
4(1951 1956 1966 1961)
4(1960 1961 1966 1965)
4(1952 1957 1967 1962)
4(1961 1962 1967 1966)
4(1953 1958 1968 1963)
4(1962 1963 1968 1967)
4(1963 1964 1969 1968)
4(1961 1966 1976 1971)
4(1970 1971 1976 1975)
4(1962 1967 1977 1972)
4(1971 1972 1977 1976)
4(1963 1968 1978 1973)
4(1972 1973 1978 1977)
4(1973 1974 1979 1978)
4(1971 1976 1986 1981)
4(1980 1981 1986 1985)
4(1972 1977 1987 1982)
4(1981 1982 1987 1986)
4(1973 1978 1988 1983)
4(1982 1983 1988 1987)
4(1983 1984 1989 1988)
4(1981 1986 1996 1991)
4(1990 1991 1996 1995)
4(1982 1987 1997 1992)
4(1991 1992 1997 1996)
4(1983 1988 1998 1993)
4(1992 1993 1998 1997)
4(1993 1994 1999 1998)
4(1991 1996 2006 2001)
4(2000 2001 2006 2005)
4(1992 1997 2007 2002)
4(2001 2002 2007 2006)
4(1993 1998 2008 2003)
4(2002 2003 2008 2007)
4(2003 2004 2009 2008)
4(2001 2006 2016 2011)
4(2010 2011 2016 2015)
4(2002 2007 2017 2012)
4(2011 2012 2017 2016)
4(2003 2008 2018 2013)
4(2012 2013 2018 2017)
4(2013 2014 2019 2018)
4(2011 2016 2026 2021)
4(2020 2021 2026 2025)
4(2012 2017 2027 2022)
4(2021 2022 2027 2026)
4(2013 2018 2028 2023)
4(2022 2023 2028 2027)
4(2023 2024 2029 2028)
4(2021 2026 2036 2031)
4(2030 2031 2036 2035)
4(2022 2027 2037 2032)
4(2031 2032 2037 2036)
4(2023 2028 2038 2033)
4(2032 2033 2038 2037)
4(2033 2034 2039 2038)
4(2031 2036 2046 2041)
4(2040 2041 2046 2045)
4(2032 2037 2047 2042)
4(2041 2042 2047 2046)
4(2033 2038 2048 2043)
4(2042 2043 2048 2047)
4(2043 2044 2049 2048)
4(2041 2046 2056 2051)
4(2050 2051 2056 2055)
4(2042 2047 2057 2052)
4(2051 2052 2057 2056)
4(2043 2048 2058 2053)
4(2052 2053 2058 2057)
4(2053 2054 2059 2058)
4(2051 2056 2066 2061)
4(2060 2061 2066 2065)
4(2052 2057 2067 2062)
4(2061 2062 2067 2066)
4(2053 2058 2068 2063)
4(2062 2063 2068 2067)
4(2063 2064 2069 2068)
4(2061 2066 2076 2071)
4(2070 2071 2076 2075)
4(2062 2067 2077 2072)
4(2071 2072 2077 2076)
4(2063 2068 2078 2073)
4(2072 2073 2078 2077)
4(2073 2074 2079 2078)
4(2071 2076 2086 2081)
4(2080 2081 2086 2085)
4(2072 2077 2087 2082)
4(2081 2082 2087 2086)
4(2073 2078 2088 2083)
4(2082 2083 2088 2087)
4(2083 2084 2089 2088)
4(2081 2086 2096 2091)
4(2090 2091 2096 2095)
4(2082 2087 2097 2092)
4(2091 2092 2097 2096)
4(2083 2088 2098 2093)
4(2092 2093 2098 2097)
4(2093 2094 2099 2098)
4(2091 2096 2106 2101)
4(2100 2101 2106 2105)
4(2092 2097 2107 2102)
4(2101 2102 2107 2106)
4(2093 2098 2108 2103)
4(2102 2103 2108 2107)
4(2103 2104 2109 2108)
4(2101 2106 2116 2111)
4(2110 2111 2116 2115)
4(2102 2107 2117 2112)
4(2111 2112 2117 2116)
4(2103 2108 2118 2113)
4(2112 2113 2118 2117)
4(2113 2114 2119 2118)
4(2111 2116 2126 2121)
4(2120 2121 2126 2125)
4(2112 2117 2127 2122)
4(2121 2122 2127 2126)
4(2113 2118 2128 2123)
4(2122 2123 2128 2127)
4(2123 2124 2129 2128)
4(2121 2126 2136 2131)
4(2130 2131 2136 2135)
4(2122 2127 2137 2132)
4(2131 2132 2137 2136)
4(2123 2128 2138 2133)
4(2132 2133 2138 2137)
4(2133 2134 2139 2138)
4(2131 2136 2146 2141)
4(2140 2141 2146 2145)
4(2132 2137 2147 2142)
4(2141 2142 2147 2146)
4(2133 2138 2148 2143)
4(2142 2143 2148 2147)
4(2143 2144 2149 2148)
4(2141 2146 2156 2151)
4(2150 2151 2156 2155)
4(2142 2147 2157 2152)
4(2151 2152 2157 2156)
4(2143 2148 2158 2153)
4(2152 2153 2158 2157)
4(2153 2154 2159 2158)
4(2151 2156 2166 2161)
4(2160 2161 2166 2165)
4(2152 2157 2167 2162)
4(2161 2162 2167 2166)
4(2153 2158 2168 2163)
4(2162 2163 2168 2167)
4(2163 2164 2169 2168)
4(2161 2166 2176 2171)
4(2170 2171 2176 2175)
4(2162 2167 2177 2172)
4(2171 2172 2177 2176)
4(2163 2168 2178 2173)
4(2172 2173 2178 2177)
4(2173 2174 2179 2178)
4(2171 2176 2186 2181)
4(2180 2181 2186 2185)
4(2172 2177 2187 2182)
4(2181 2182 2187 2186)
4(2173 2178 2188 2183)
4(2182 2183 2188 2187)
4(2183 2184 2189 2188)
4(2181 2186 2196 2191)
4(2190 2191 2196 2195)
4(2182 2187 2197 2192)
4(2191 2192 2197 2196)
4(2183 2188 2198 2193)
4(2192 2193 2198 2197)
4(2193 2194 2199 2198)
4(2191 2196 2206 2201)
4(2200 2201 2206 2205)
4(2192 2197 2207 2202)
4(2201 2202 2207 2206)
4(2193 2198 2208 2203)
4(2202 2203 2208 2207)
4(2203 2204 2209 2208)
4(2201 2206 2216 2211)
4(2210 2211 2216 2215)
4(2202 2207 2217 2212)
4(2211 2212 2217 2216)
4(2203 2208 2218 2213)
4(2212 2213 2218 2217)
4(2213 2214 2219 2218)
4(2211 2216 2226 2221)
4(2220 2221 2226 2225)
4(2212 2217 2227 2222)
4(2221 2222 2227 2226)
4(2213 2218 2228 2223)
4(2222 2223 2228 2227)
4(2223 2224 2229 2228)
4(2221 2226 2236 2231)
4(2230 2231 2236 2235)
4(2222 2227 2237 2232)
4(2231 2232 2237 2236)
4(2223 2228 2238 2233)
4(2232 2233 2238 2237)
4(2233 2234 2239 2238)
4(2231 2236 2246 2241)
4(2240 2241 2246 2245)
4(2232 2237 2247 2242)
4(2241 2242 2247 2246)
4(2233 2238 2248 2243)
4(2242 2243 2248 2247)
4(2243 2244 2249 2248)
4(2241 2246 2256 2251)
4(2250 2251 2256 2255)
4(2242 2247 2257 2252)
4(2251 2252 2257 2256)
4(2243 2248 2258 2253)
4(2252 2253 2258 2257)
4(2253 2254 2259 2258)
4(2251 2256 2266 2261)
4(2260 2261 2266 2265)
4(2252 2257 2267 2262)
4(2261 2262 2267 2266)
4(2253 2258 2268 2263)
4(2262 2263 2268 2267)
4(2263 2264 2269 2268)
4(2261 2266 2276 2271)
4(2270 2271 2276 2275)
4(2262 2267 2277 2272)
4(2271 2272 2277 2276)
4(2263 2268 2278 2273)
4(2272 2273 2278 2277)
4(2273 2274 2279 2278)
4(2271 2276 2286 2281)
4(2280 2281 2286 2285)
4(2272 2277 2287 2282)
4(2281 2282 2287 2286)
4(2273 2278 2288 2283)
4(2282 2283 2288 2287)
4(2283 2284 2289 2288)
4(2281 2286 2296 2291)
4(2290 2291 2296 2295)
4(2282 2287 2297 2292)
4(2291 2292 2297 2296)
4(2283 2288 2298 2293)
4(2292 2293 2298 2297)
4(2293 2294 2299 2298)
4(2291 2296 2306 2301)
4(2300 2301 2306 2305)
4(2292 2297 2307 2302)
4(2301 2302 2307 2306)
4(2293 2298 2308 2303)
4(2302 2303 2308 2307)
4(2303 2304 2309 2308)
4(2301 2306 2316 2311)
4(2310 2311 2316 2315)
4(2302 2307 2317 2312)
4(2311 2312 2317 2316)
4(2303 2308 2318 2313)
4(2312 2313 2318 2317)
4(2313 2314 2319 2318)
4(2311 2316 2326 2321)
4(2320 2321 2326 2325)
4(2312 2317 2327 2322)
4(2321 2322 2327 2326)
4(2313 2318 2328 2323)
4(2322 2323 2328 2327)
4(2323 2324 2329 2328)
4(2321 2326 2336 2331)
4(2330 2331 2336 2335)
4(2322 2327 2337 2332)
4(2331 2332 2337 2336)
4(2323 2328 2338 2333)
4(2332 2333 2338 2337)
4(2333 2334 2339 2338)
4(2331 2336 2346 2341)
4(2340 2341 2346 2345)
4(2332 2337 2347 2342)
4(2341 2342 2347 2346)
4(2333 2338 2348 2343)
4(2342 2343 2348 2347)
4(2343 2344 2349 2348)
4(2341 2346 2356 2351)
4(2350 2351 2356 2355)
4(2342 2347 2357 2352)
4(2351 2352 2357 2356)
4(2343 2348 2358 2353)
4(2352 2353 2358 2357)
4(2353 2354 2359 2358)
4(2351 2356 2366 2361)
4(2360 2361 2366 2365)
4(2352 2357 2367 2362)
4(2361 2362 2367 2366)
4(2353 2358 2368 2363)
4(2362 2363 2368 2367)
4(2363 2364 2369 2368)
4(2361 2366 2376 2371)
4(2370 2371 2376 2375)
4(2362 2367 2377 2372)
4(2371 2372 2377 2376)
4(2363 2368 2378 2373)
4(2372 2373 2378 2377)
4(2373 2374 2379 2378)
4(2371 2376 2386 2381)
4(2380 2381 2386 2385)
4(2372 2377 2387 2382)
4(2381 2382 2387 2386)
4(2373 2378 2388 2383)
4(2382 2383 2388 2387)
4(2383 2384 2389 2388)
4(2381 2386 2396 2391)
4(2390 2391 2396 2395)
4(2382 2387 2397 2392)
4(2391 2392 2397 2396)
4(2383 2388 2398 2393)
4(2392 2393 2398 2397)
4(2393 2394 2399 2398)
4(2391 2396 2406 2401)
4(2400 2401 2406 2405)
4(2392 2397 2407 2402)
4(2401 2402 2407 2406)
4(2393 2398 2408 2403)
4(2402 2403 2408 2407)
4(2403 2404 2409 2408)
4(2401 2406 2416 2411)
4(2410 2411 2416 2415)
4(2402 2407 2417 2412)
4(2411 2412 2417 2416)
4(2403 2408 2418 2413)
4(2412 2413 2418 2417)
4(2413 2414 2419 2418)
4(2411 2416 2426 2421)
4(2420 2421 2426 2425)
4(2412 2417 2427 2422)
4(2421 2422 2427 2426)
4(2413 2418 2428 2423)
4(2422 2423 2428 2427)
4(2423 2424 2429 2428)
4(2421 2426 2436 2431)
4(2430 2431 2436 2435)
4(2422 2427 2437 2432)
4(2431 2432 2437 2436)
4(2423 2428 2438 2433)
4(2432 2433 2438 2437)
4(2433 2434 2439 2438)
4(2431 2436 2446 2441)
4(2440 2441 2446 2445)
4(2432 2437 2447 2442)
4(2441 2442 2447 2446)
4(2433 2438 2448 2443)
4(2442 2443 2448 2447)
4(2443 2444 2449 2448)
4(2441 2446 2456 2451)
4(2450 2451 2456 2455)
4(2442 2447 2457 2452)
4(2451 2452 2457 2456)
4(2443 2448 2458 2453)
4(2452 2453 2458 2457)
4(2453 2454 2459 2458)
4(2451 2456 2466 2461)
4(2460 2461 2466 2465)
4(2452 2457 2467 2462)
4(2461 2462 2467 2466)
4(2453 2458 2468 2463)
4(2462 2463 2468 2467)
4(2463 2464 2469 2468)
4(2461 2466 2476 2471)
4(2470 2471 2476 2475)
4(2462 2467 2477 2472)
4(2471 2472 2477 2476)
4(2463 2468 2478 2473)
4(2472 2473 2478 2477)
4(2473 2474 2479 2478)
4(2471 2476 2486 2481)
4(2480 2481 2486 2485)
4(2472 2477 2487 2482)
4(2481 2482 2487 2486)
4(2473 2478 2488 2483)
4(2482 2483 2488 2487)
4(2483 2484 2489 2488)
4(2481 2486 2496 2491)
4(2490 2491 2496 2495)
4(2482 2487 2497 2492)
4(2491 2492 2497 2496)
4(2483 2488 2498 2493)
4(2492 2493 2498 2497)
4(2493 2494 2499 2498)
4(2491 2496 2506 2501)
4(2500 2501 2506 2505)
4(2492 2497 2507 2502)
4(2501 2502 2507 2506)
4(2493 2498 2508 2503)
4(2502 2503 2508 2507)
4(2503 2504 2509 2508)
4(2501 2506 2516 2511)
4(2510 2511 2516 2515)
4(2502 2507 2517 2512)
4(2511 2512 2517 2516)
4(2503 2508 2518 2513)
4(2512 2513 2518 2517)
4(2513 2514 2519 2518)
4(2511 2516 2526 2521)
4(2520 2521 2526 2525)
4(2512 2517 2527 2522)
4(2521 2522 2527 2526)
4(2513 2518 2528 2523)
4(2522 2523 2528 2527)
4(2523 2524 2529 2528)
4(2521 2526 2536 2531)
4(2530 2531 2536 2535)
4(2522 2527 2537 2532)
4(2531 2532 2537 2536)
4(2523 2528 2538 2533)
4(2532 2533 2538 2537)
4(2533 2534 2539 2538)
4(2531 2536 2546 2541)
4(2540 2541 2546 2545)
4(2532 2537 2547 2542)
4(2541 2542 2547 2546)
4(2533 2538 2548 2543)
4(2542 2543 2548 2547)
4(2543 2544 2549 2548)
4(2541 2546 2556 2551)
4(2550 2551 2556 2555)
4(2542 2547 2557 2552)
4(2551 2552 2557 2556)
4(2543 2548 2558 2553)
4(2552 2553 2558 2557)
4(2553 2554 2559 2558)
4(2551 2556 2566 2561)
4(2560 2561 2566 2565)
4(2552 2557 2567 2562)
4(2561 2562 2567 2566)
4(2553 2558 2568 2563)
4(2562 2563 2568 2567)
4(2563 2564 2569 2568)
4(2561 2566 2576 2571)
4(2570 2571 2576 2575)
4(2562 2567 2577 2572)
4(2571 2572 2577 2576)
4(2563 2568 2578 2573)
4(2572 2573 2578 2577)
4(2573 2574 2579 2578)
4(2571 2576 2586 2581)
4(2580 2581 2586 2585)
4(2572 2577 2587 2582)
4(2581 2582 2587 2586)
4(2573 2578 2588 2583)
4(2582 2583 2588 2587)
4(2583 2584 2589 2588)
4(2581 2586 2596 2591)
4(2590 2591 2596 2595)
4(2582 2587 2597 2592)
4(2591 2592 2597 2596)
4(2583 2588 2598 2593)
4(2592 2593 2598 2597)
4(2593 2594 2599 2598)
4(2591 2596 2606 2601)
4(2600 2601 2606 2605)
4(2592 2597 2607 2602)
4(2601 2602 2607 2606)
4(2593 2598 2608 2603)
4(2602 2603 2608 2607)
4(2603 2604 2609 2608)
4(2601 2606 2616 2611)
4(2610 2611 2616 2615)
4(2602 2607 2617 2612)
4(2611 2612 2617 2616)
4(2603 2608 2618 2613)
4(2612 2613 2618 2617)
4(2613 2614 2619 2618)
4(2611 2616 2626 2621)
4(2620 2621 2626 2625)
4(2612 2617 2627 2622)
4(2621 2622 2627 2626)
4(2613 2618 2628 2623)
4(2622 2623 2628 2627)
4(2623 2624 2629 2628)
4(2621 2626 2636 2631)
4(2630 2631 2636 2635)
4(2622 2627 2637 2632)
4(2631 2632 2637 2636)
4(2623 2628 2638 2633)
4(2632 2633 2638 2637)
4(2633 2634 2639 2638)
4(2631 2636 2646 2641)
4(2640 2641 2646 2645)
4(2632 2637 2647 2642)
4(2641 2642 2647 2646)
4(2633 2638 2648 2643)
4(2642 2643 2648 2647)
4(2643 2644 2649 2648)
4(2641 2646 2656 2651)
4(2650 2651 2656 2655)
4(2642 2647 2657 2652)
4(2651 2652 2657 2656)
4(2643 2648 2658 2653)
4(2652 2653 2658 2657)
4(2653 2654 2659 2658)
4(2651 2656 2666 2661)
4(2660 2661 2666 2665)
4(2652 2657 2667 2662)
4(2661 2662 2667 2666)
4(2653 2658 2668 2663)
4(2662 2663 2668 2667)
4(2663 2664 2669 2668)
4(2661 2666 2676 2671)
4(2670 2671 2676 2675)
4(2662 2667 2677 2672)
4(2671 2672 2677 2676)
4(2663 2668 2678 2673)
4(2672 2673 2678 2677)
4(2673 2674 2679 2678)
4(2671 2676 2686 2681)
4(2680 2681 2686 2685)
4(2672 2677 2687 2682)
4(2681 2682 2687 2686)
4(2673 2678 2688 2683)
4(2682 2683 2688 2687)
4(2683 2684 2689 2688)
4(2681 2686 2696 2691)
4(2690 2691 2696 2695)
4(2682 2687 2697 2692)
4(2691 2692 2697 2696)
4(2683 2688 2698 2693)
4(2692 2693 2698 2697)
4(2693 2694 2699 2698)
4(2691 2696 2706 2701)
4(2700 2701 2706 2705)
4(2692 2697 2707 2702)
4(2701 2702 2707 2706)
4(2693 2698 2708 2703)
4(2702 2703 2708 2707)
4(2703 2704 2709 2708)
4(2701 2706 2716 2711)
4(2710 2711 2716 2715)
4(2702 2707 2717 2712)
4(2711 2712 2717 2716)
4(2703 2708 2718 2713)
4(2712 2713 2718 2717)
4(2713 2714 2719 2718)
4(2711 2716 2726 2721)
4(2720 2721 2726 2725)
4(2712 2717 2727 2722)
4(2721 2722 2727 2726)
4(2713 2718 2728 2723)
4(2722 2723 2728 2727)
4(2723 2724 2729 2728)
4(2721 2726 2736 2731)
4(2730 2731 2736 2735)
4(2722 2727 2737 2732)
4(2731 2732 2737 2736)
4(2723 2728 2738 2733)
4(2732 2733 2738 2737)
4(2733 2734 2739 2738)
4(2731 2736 2746 2741)
4(2740 2741 2746 2745)
4(2732 2737 2747 2742)
4(2741 2742 2747 2746)
4(2733 2738 2748 2743)
4(2742 2743 2748 2747)
4(2743 2744 2749 2748)
4(2741 2746 2756 2751)
4(2750 2751 2756 2755)
4(2742 2747 2757 2752)
4(2751 2752 2757 2756)
4(2743 2748 2758 2753)
4(2752 2753 2758 2757)
4(2753 2754 2759 2758)
4(2751 2756 2766 2761)
4(2760 2761 2766 2765)
4(2752 2757 2767 2762)
4(2761 2762 2767 2766)
4(2753 2758 2768 2763)
4(2762 2763 2768 2767)
4(2763 2764 2769 2768)
4(2761 2766 2776 2771)
4(2770 2771 2776 2775)
4(2762 2767 2777 2772)
4(2771 2772 2777 2776)
4(2763 2768 2778 2773)
4(2772 2773 2778 2777)
4(2773 2774 2779 2778)
4(2771 2776 2786 2781)
4(2780 2781 2786 2785)
4(2772 2777 2787 2782)
4(2781 2782 2787 2786)
4(2773 2778 2788 2783)
4(2782 2783 2788 2787)
4(2783 2784 2789 2788)
4(2781 2786 2796 2791)
4(2790 2791 2796 2795)
4(2782 2787 2797 2792)
4(2791 2792 2797 2796)
4(2783 2788 2798 2793)
4(2792 2793 2798 2797)
4(2793 2794 2799 2798)
4(2791 2796 2806 2801)
4(2800 2801 2806 2805)
4(2792 2797 2807 2802)
4(2801 2802 2807 2806)
4(2793 2798 2808 2803)
4(2802 2803 2808 2807)
4(2803 2804 2809 2808)
4(2801 2806 2816 2811)
4(2810 2811 2816 2815)
4(2802 2807 2817 2812)
4(2811 2812 2817 2816)
4(2803 2808 2818 2813)
4(2812 2813 2818 2817)
4(2813 2814 2819 2818)
4(2811 2816 2826 2821)
4(2820 2821 2826 2825)
4(2812 2817 2827 2822)
4(2821 2822 2827 2826)
4(2813 2818 2828 2823)
4(2822 2823 2828 2827)
4(2823 2824 2829 2828)
4(2821 2826 2836 2831)
4(2830 2831 2836 2835)
4(2822 2827 2837 2832)
4(2831 2832 2837 2836)
4(2823 2828 2838 2833)
4(2832 2833 2838 2837)
4(2833 2834 2839 2838)
4(2831 2836 2846 2841)
4(2840 2841 2846 2845)
4(2832 2837 2847 2842)
4(2841 2842 2847 2846)
4(2833 2838 2848 2843)
4(2842 2843 2848 2847)
4(2843 2844 2849 2848)
4(2841 2846 2856 2851)
4(2850 2851 2856 2855)
4(2842 2847 2857 2852)
4(2851 2852 2857 2856)
4(2843 2848 2858 2853)
4(2852 2853 2858 2857)
4(2853 2854 2859 2858)
4(2851 2856 2866 2861)
4(2860 2861 2866 2865)
4(2852 2857 2867 2862)
4(2861 2862 2867 2866)
4(2853 2858 2868 2863)
4(2862 2863 2868 2867)
4(2863 2864 2869 2868)
4(2861 2866 2876 2871)
4(2870 2871 2876 2875)
4(2862 2867 2877 2872)
4(2871 2872 2877 2876)
4(2863 2868 2878 2873)
4(2872 2873 2878 2877)
4(2873 2874 2879 2878)
4(2871 2876 2886 2881)
4(2880 2881 2886 2885)
4(2872 2877 2887 2882)
4(2881 2882 2887 2886)
4(2873 2878 2888 2883)
4(2882 2883 2888 2887)
4(2883 2884 2889 2888)
4(2881 2886 2896 2891)
4(2890 2891 2896 2895)
4(2882 2887 2897 2892)
4(2891 2892 2897 2896)
4(2883 2888 2898 2893)
4(2892 2893 2898 2897)
4(2893 2894 2899 2898)
4(2891 2896 2906 2901)
4(2900 2901 2906 2905)
4(2892 2897 2907 2902)
4(2901 2902 2907 2906)
4(2893 2898 2908 2903)
4(2902 2903 2908 2907)
4(2903 2904 2909 2908)
4(2901 2906 2916 2911)
4(2910 2911 2916 2915)
4(2902 2907 2917 2912)
4(2911 2912 2917 2916)
4(2903 2908 2918 2913)
4(2912 2913 2918 2917)
4(2913 2914 2919 2918)
4(2911 2916 2926 2921)
4(2920 2921 2926 2925)
4(2912 2917 2927 2922)
4(2921 2922 2927 2926)
4(2913 2918 2928 2923)
4(2922 2923 2928 2927)
4(2923 2924 2929 2928)
4(2921 2926 2936 2931)
4(2930 2931 2936 2935)
4(2922 2927 2937 2932)
4(2931 2932 2937 2936)
4(2923 2928 2938 2933)
4(2932 2933 2938 2937)
4(2933 2934 2939 2938)
4(2931 2936 2946 2941)
4(2940 2941 2946 2945)
4(2932 2937 2947 2942)
4(2941 2942 2947 2946)
4(2933 2938 2948 2943)
4(2942 2943 2948 2947)
4(2943 2944 2949 2948)
4(2941 2946 2956 2951)
4(2950 2951 2956 2955)
4(2942 2947 2957 2952)
4(2951 2952 2957 2956)
4(2943 2948 2958 2953)
4(2952 2953 2958 2957)
4(2953 2954 2959 2958)
4(2951 2956 2966 2961)
4(2960 2961 2966 2965)
4(2952 2957 2967 2962)
4(2961 2962 2967 2966)
4(2953 2958 2968 2963)
4(2962 2963 2968 2967)
4(2963 2964 2969 2968)
4(2961 2966 2976 2971)
4(2970 2971 2976 2975)
4(2962 2967 2977 2972)
4(2971 2972 2977 2976)
4(2963 2968 2978 2973)
4(2972 2973 2978 2977)
4(2973 2974 2979 2978)
4(2971 2976 2986 2981)
4(2980 2981 2986 2985)
4(2972 2977 2987 2982)
4(2981 2982 2987 2986)
4(2973 2978 2988 2983)
4(2982 2983 2988 2987)
4(2983 2984 2989 2988)
4(2981 2986 2996 2991)
4(2990 2991 2996 2995)
4(2982 2987 2997 2992)
4(2991 2992 2997 2996)
4(2983 2988 2998 2993)
4(2992 2993 2998 2997)
4(2993 2994 2999 2998)
4(2991 2996 3006 3001)
4(3000 3001 3006 3005)
4(2992 2997 3007 3002)
4(3001 3002 3007 3006)
4(2993 2998 3008 3003)
4(3002 3003 3008 3007)
4(3003 3004 3009 3008)
4(3001 3006 3016 3011)
4(3010 3011 3016 3015)
4(3002 3007 3017 3012)
4(3011 3012 3017 3016)
4(3003 3008 3018 3013)
4(3012 3013 3018 3017)
4(3013 3014 3019 3018)
4(3011 3016 3026 3021)
4(3020 3021 3026 3025)
4(3012 3017 3027 3022)
4(3021 3022 3027 3026)
4(3013 3018 3028 3023)
4(3022 3023 3028 3027)
4(3023 3024 3029 3028)
4(3021 3026 3036 3031)
4(3030 3031 3036 3035)
4(3022 3027 3037 3032)
4(3031 3032 3037 3036)
4(3023 3028 3038 3033)
4(3032 3033 3038 3037)
4(3033 3034 3039 3038)
4(3031 3036 3046 3041)
4(3040 3041 3046 3045)
4(3032 3037 3047 3042)
4(3041 3042 3047 3046)
4(3033 3038 3048 3043)
4(3042 3043 3048 3047)
4(3043 3044 3049 3048)
4(3041 3046 3056 3051)
4(3050 3051 3056 3055)
4(3042 3047 3057 3052)
4(3051 3052 3057 3056)
4(3043 3048 3058 3053)
4(3052 3053 3058 3057)
4(3053 3054 3059 3058)
4(3051 3056 3066 3061)
4(3060 3061 3066 3065)
4(3052 3057 3067 3062)
4(3061 3062 3067 3066)
4(3053 3058 3068 3063)
4(3062 3063 3068 3067)
4(3063 3064 3069 3068)
4(3061 3066 3076 3071)
4(3070 3071 3076 3075)
4(3062 3067 3077 3072)
4(3071 3072 3077 3076)
4(3063 3068 3078 3073)
4(3072 3073 3078 3077)
4(3073 3074 3079 3078)
4(3071 3076 3086 3081)
4(3080 3081 3086 3085)
4(3072 3077 3087 3082)
4(3081 3082 3087 3086)
4(3073 3078 3088 3083)
4(3082 3083 3088 3087)
4(3083 3084 3089 3088)
4(3081 3086 3096 3091)
4(3090 3091 3096 3095)
4(3082 3087 3097 3092)
4(3091 3092 3097 3096)
4(3083 3088 3098 3093)
4(3092 3093 3098 3097)
4(3093 3094 3099 3098)
4(3091 3096 3106 3101)
4(3100 3101 3106 3105)
4(3092 3097 3107 3102)
4(3101 3102 3107 3106)
4(3093 3098 3108 3103)
4(3102 3103 3108 3107)
4(3103 3104 3109 3108)
4(3101 3106 3116 3111)
4(3110 3111 3116 3115)
4(3102 3107 3117 3112)
4(3111 3112 3117 3116)
4(3103 3108 3118 3113)
4(3112 3113 3118 3117)
4(3113 3114 3119 3118)
4(3111 3116 3126 3121)
4(3120 3121 3126 3125)
4(3112 3117 3127 3122)
4(3121 3122 3127 3126)
4(3113 3118 3128 3123)
4(3122 3123 3128 3127)
4(3123 3124 3129 3128)
4(3121 3126 3136 3131)
4(3130 3131 3136 3135)
4(3122 3127 3137 3132)
4(3131 3132 3137 3136)
4(3123 3128 3138 3133)
4(3132 3133 3138 3137)
4(3133 3134 3139 3138)
4(3131 3136 3146 3141)
4(3140 3141 3146 3145)
4(3132 3137 3147 3142)
4(3141 3142 3147 3146)
4(3133 3138 3148 3143)
4(3142 3143 3148 3147)
4(3143 3144 3149 3148)
4(3141 3146 3156 3151)
4(3150 3151 3156 3155)
4(3142 3147 3157 3152)
4(3151 3152 3157 3156)
4(3143 3148 3158 3153)
4(3152 3153 3158 3157)
4(3153 3154 3159 3158)
4(3151 3156 3166 3161)
4(3160 3161 3166 3165)
4(3152 3157 3167 3162)
4(3161 3162 3167 3166)
4(3153 3158 3168 3163)
4(3162 3163 3168 3167)
4(3163 3164 3169 3168)
4(3161 3166 3176 3171)
4(3170 3171 3176 3175)
4(3162 3167 3177 3172)
4(3171 3172 3177 3176)
4(3163 3168 3178 3173)
4(3172 3173 3178 3177)
4(3173 3174 3179 3178)
4(3171 3176 3186 3181)
4(3180 3181 3186 3185)
4(3172 3177 3187 3182)
4(3181 3182 3187 3186)
4(3173 3178 3188 3183)
4(3182 3183 3188 3187)
4(3183 3184 3189 3188)
4(3181 3186 3196 3191)
4(3190 3191 3196 3195)
4(3182 3187 3197 3192)
4(3191 3192 3197 3196)
4(3183 3188 3198 3193)
4(3192 3193 3198 3197)
4(3193 3194 3199 3198)
4(3191 3196 3206 3201)
4(3200 3201 3206 3205)
4(3192 3197 3207 3202)
4(3201 3202 3207 3206)
4(3193 3198 3208 3203)
4(3202 3203 3208 3207)
4(3203 3204 3209 3208)
4(3201 3206 3216 3211)
4(3210 3211 3216 3215)
4(3202 3207 3217 3212)
4(3211 3212 3217 3216)
4(3203 3208 3218 3213)
4(3212 3213 3218 3217)
4(3213 3214 3219 3218)
4(3211 3216 3226 3221)
4(3220 3221 3226 3225)
4(3212 3217 3227 3222)
4(3221 3222 3227 3226)
4(3213 3218 3228 3223)
4(3222 3223 3228 3227)
4(3223 3224 3229 3228)
4(3221 3226 3236 3231)
4(3230 3231 3236 3235)
4(3222 3227 3237 3232)
4(3231 3232 3237 3236)
4(3223 3228 3238 3233)
4(3232 3233 3238 3237)
4(3233 3234 3239 3238)
4(3231 3236 3246 3241)
4(3240 3241 3246 3245)
4(3232 3237 3247 3242)
4(3241 3242 3247 3246)
4(3233 3238 3248 3243)
4(3242 3243 3248 3247)
4(3243 3244 3249 3248)
4(3241 3246 3256 3251)
4(3250 3251 3256 3255)
4(3242 3247 3257 3252)
4(3251 3252 3257 3256)
4(3243 3248 3258 3253)
4(3252 3253 3258 3257)
4(3253 3254 3259 3258)
4(3251 3256 3266 3261)
4(3260 3261 3266 3265)
4(3252 3257 3267 3262)
4(3261 3262 3267 3266)
4(3253 3258 3268 3263)
4(3262 3263 3268 3267)
4(3263 3264 3269 3268)
4(3261 3266 3276 3271)
4(3270 3271 3276 3275)
4(3262 3267 3277 3272)
4(3271 3272 3277 3276)
4(3263 3268 3278 3273)
4(3272 3273 3278 3277)
4(3273 3274 3279 3278)
4(3271 3276 3286 3281)
4(3280 3281 3286 3285)
4(3272 3277 3287 3282)
4(3281 3282 3287 3286)
4(3273 3278 3288 3283)
4(3282 3283 3288 3287)
4(3283 3284 3289 3288)
4(3281 3286 3296 3291)
4(3290 3291 3296 3295)
4(3282 3287 3297 3292)
4(3291 3292 3297 3296)
4(3283 3288 3298 3293)
4(3292 3293 3298 3297)
4(3293 3294 3299 3298)
4(3291 3296 3306 3301)
4(3300 3301 3306 3305)
4(3292 3297 3307 3302)
4(3301 3302 3307 3306)
4(3293 3298 3308 3303)
4(3302 3303 3308 3307)
4(3303 3304 3309 3308)
4(3301 3306 3316 3311)
4(3310 3311 3316 3315)
4(3302 3307 3317 3312)
4(3311 3312 3317 3316)
4(3303 3308 3318 3313)
4(3312 3313 3318 3317)
4(3313 3314 3319 3318)
4(3311 3316 3326 3321)
4(3320 3321 3326 3325)
4(3312 3317 3327 3322)
4(3321 3322 3327 3326)
4(3313 3318 3328 3323)
4(3322 3323 3328 3327)
4(3323 3324 3329 3328)
4(3321 3326 3336 3331)
4(3330 3331 3336 3335)
4(3322 3327 3337 3332)
4(3331 3332 3337 3336)
4(3323 3328 3338 3333)
4(3332 3333 3338 3337)
4(3333 3334 3339 3338)
4(3331 3336 3346 3341)
4(3340 3341 3346 3345)
4(3332 3337 3347 3342)
4(3341 3342 3347 3346)
4(3333 3338 3348 3343)
4(3342 3343 3348 3347)
4(3343 3344 3349 3348)
4(3341 3346 3356 3351)
4(3350 3351 3356 3355)
4(3342 3347 3357 3352)
4(3351 3352 3357 3356)
4(3343 3348 3358 3353)
4(3352 3353 3358 3357)
4(3353 3354 3359 3358)
4(3351 3356 3366 3361)
4(3360 3361 3366 3365)
4(3352 3357 3367 3362)
4(3361 3362 3367 3366)
4(3353 3358 3368 3363)
4(3362 3363 3368 3367)
4(3363 3364 3369 3368)
4(3361 3366 3376 3371)
4(3370 3371 3376 3375)
4(3362 3367 3377 3372)
4(3371 3372 3377 3376)
4(3363 3368 3378 3373)
4(3372 3373 3378 3377)
4(3373 3374 3379 3378)
4(3371 3376 3386 3381)
4(3380 3381 3386 3385)
4(3372 3377 3387 3382)
4(3381 3382 3387 3386)
4(3373 3378 3388 3383)
4(3382 3383 3388 3387)
4(3383 3384 3389 3388)
4(3381 3386 3396 3391)
4(3390 3391 3396 3395)
4(3382 3387 3397 3392)
4(3391 3392 3397 3396)
4(3383 3388 3398 3393)
4(3392 3393 3398 3397)
4(3393 3394 3399 3398)
4(3391 3396 3406 3401)
4(3400 3401 3406 3405)
4(3392 3397 3407 3402)
4(3401 3402 3407 3406)
4(3393 3398 3408 3403)
4(3402 3403 3408 3407)
4(3403 3404 3409 3408)
4(3401 3406 3416 3411)
4(3410 3411 3416 3415)
4(3402 3407 3417 3412)
4(3411 3412 3417 3416)
4(3403 3408 3418 3413)
4(3412 3413 3418 3417)
4(3413 3414 3419 3418)
4(3411 3416 3426 3421)
4(3420 3421 3426 3425)
4(3412 3417 3427 3422)
4(3421 3422 3427 3426)
4(3413 3418 3428 3423)
4(3422 3423 3428 3427)
4(3423 3424 3429 3428)
4(3421 3426 3436 3431)
4(3430 3431 3436 3435)
4(3422 3427 3437 3432)
4(3431 3432 3437 3436)
4(3423 3428 3438 3433)
4(3432 3433 3438 3437)
4(3433 3434 3439 3438)
4(3431 3436 3446 3441)
4(3440 3441 3446 3445)
4(3432 3437 3447 3442)
4(3441 3442 3447 3446)
4(3433 3438 3448 3443)
4(3442 3443 3448 3447)
4(3443 3444 3449 3448)
4(3441 3446 3456 3451)
4(3450 3451 3456 3455)
4(3442 3447 3457 3452)
4(3451 3452 3457 3456)
4(3443 3448 3458 3453)
4(3452 3453 3458 3457)
4(3453 3454 3459 3458)
4(3451 3456 3466 3461)
4(3460 3461 3466 3465)
4(3452 3457 3467 3462)
4(3461 3462 3467 3466)
4(3453 3458 3468 3463)
4(3462 3463 3468 3467)
4(3463 3464 3469 3468)
4(3461 3466 3476 3471)
4(3470 3471 3476 3475)
4(3462 3467 3477 3472)
4(3471 3472 3477 3476)
4(3463 3468 3478 3473)
4(3472 3473 3478 3477)
4(3473 3474 3479 3478)
4(3471 3476 3486 3481)
4(3480 3481 3486 3485)
4(3472 3477 3487 3482)
4(3481 3482 3487 3486)
4(3473 3478 3488 3483)
4(3482 3483 3488 3487)
4(3483 3484 3489 3488)
4(3481 3486 3496 3491)
4(3490 3491 3496 3495)
4(3482 3487 3497 3492)
4(3491 3492 3497 3496)
4(3483 3488 3498 3493)
4(3492 3493 3498 3497)
4(3493 3494 3499 3498)
4(3491 3496 3506 3501)
4(3500 3501 3506 3505)
4(3492 3497 3507 3502)
4(3501 3502 3507 3506)
4(3493 3498 3508 3503)
4(3502 3503 3508 3507)
4(3503 3504 3509 3508)
4(3501 3506 3516 3511)
4(3510 3511 3516 3515)
4(3502 3507 3517 3512)
4(3511 3512 3517 3516)
4(3503 3508 3518 3513)
4(3512 3513 3518 3517)
4(3513 3514 3519 3518)
4(3511 3516 3526 3521)
4(3520 3521 3526 3525)
4(3512 3517 3527 3522)
4(3521 3522 3527 3526)
4(3513 3518 3528 3523)
4(3522 3523 3528 3527)
4(3523 3524 3529 3528)
4(3521 3526 3536 3531)
4(3530 3531 3536 3535)
4(3522 3527 3537 3532)
4(3531 3532 3537 3536)
4(3523 3528 3538 3533)
4(3532 3533 3538 3537)
4(3533 3534 3539 3538)
4(3531 3536 3546 3541)
4(3540 3541 3546 3545)
4(3532 3537 3547 3542)
4(3541 3542 3547 3546)
4(3533 3538 3548 3543)
4(3542 3543 3548 3547)
4(3543 3544 3549 3548)
4(3541 3546 3556 3551)
4(3550 3551 3556 3555)
4(3542 3547 3557 3552)
4(3551 3552 3557 3556)
4(3543 3548 3558 3553)
4(3552 3553 3558 3557)
4(3553 3554 3559 3558)
4(3551 3556 3566 3561)
4(3560 3561 3566 3565)
4(3552 3557 3567 3562)
4(3561 3562 3567 3566)
4(3553 3558 3568 3563)
4(3562 3563 3568 3567)
4(3563 3564 3569 3568)
4(3561 3566 3576 3571)
4(3570 3571 3576 3575)
4(3562 3567 3577 3572)
4(3571 3572 3577 3576)
4(3563 3568 3578 3573)
4(3572 3573 3578 3577)
4(3573 3574 3579 3578)
4(3571 3576 3586 3581)
4(3580 3581 3586 3585)
4(3572 3577 3587 3582)
4(3581 3582 3587 3586)
4(3573 3578 3588 3583)
4(3582 3583 3588 3587)
4(3583 3584 3589 3588)
4(3581 3586 3596 3591)
4(3590 3591 3596 3595)
4(3582 3587 3597 3592)
4(3591 3592 3597 3596)
4(3583 3588 3598 3593)
4(3592 3593 3598 3597)
4(3593 3594 3599 3598)
4(3591 3596 3606 3601)
4(3600 3601 3606 3605)
4(3592 3597 3607 3602)
4(3601 3602 3607 3606)
4(3593 3598 3608 3603)
4(3602 3603 3608 3607)
4(3603 3604 3609 3608)
4(3601 3606 3616 3611)
4(3610 3611 3616 3615)
4(3602 3607 3617 3612)
4(3611 3612 3617 3616)
4(3603 3608 3618 3613)
4(3612 3613 3618 3617)
4(3613 3614 3619 3618)
4(3611 3616 3626 3621)
4(3620 3621 3626 3625)
4(3612 3617 3627 3622)
4(3621 3622 3627 3626)
4(3613 3618 3628 3623)
4(3622 3623 3628 3627)
4(3623 3624 3629 3628)
4(3621 3626 3636 3631)
4(3630 3631 3636 3635)
4(3622 3627 3637 3632)
4(3631 3632 3637 3636)
4(3623 3628 3638 3633)
4(3632 3633 3638 3637)
4(3633 3634 3639 3638)
4(3631 3636 3646 3641)
4(3640 3641 3646 3645)
4(3632 3637 3647 3642)
4(3641 3642 3647 3646)
4(3633 3638 3648 3643)
4(3642 3643 3648 3647)
4(3643 3644 3649 3648)
4(3641 3646 3656 3651)
4(3650 3651 3656 3655)
4(3642 3647 3657 3652)
4(3651 3652 3657 3656)
4(3643 3648 3658 3653)
4(3652 3653 3658 3657)
4(3653 3654 3659 3658)
4(3651 3656 3666 3661)
4(3660 3661 3666 3665)
4(3652 3657 3667 3662)
4(3661 3662 3667 3666)
4(3653 3658 3668 3663)
4(3662 3663 3668 3667)
4(3663 3664 3669 3668)
4(3661 3666 3676 3671)
4(3670 3671 3676 3675)
4(3662 3667 3677 3672)
4(3671 3672 3677 3676)
4(3663 3668 3678 3673)
4(3672 3673 3678 3677)
4(3673 3674 3679 3678)
4(3671 3676 3686 3681)
4(3680 3681 3686 3685)
4(3672 3677 3687 3682)
4(3681 3682 3687 3686)
4(3673 3678 3688 3683)
4(3682 3683 3688 3687)
4(3683 3684 3689 3688)
4(3681 3686 3696 3691)
4(3690 3691 3696 3695)
4(3682 3687 3697 3692)
4(3691 3692 3697 3696)
4(3683 3688 3698 3693)
4(3692 3693 3698 3697)
4(3693 3694 3699 3698)
4(3691 3696 3706 3701)
4(3700 3701 3706 3705)
4(3692 3697 3707 3702)
4(3701 3702 3707 3706)
4(3693 3698 3708 3703)
4(3702 3703 3708 3707)
4(3703 3704 3709 3708)
4(3701 3706 3716 3711)
4(3710 3711 3716 3715)
4(3702 3707 3717 3712)
4(3711 3712 3717 3716)
4(3703 3708 3718 3713)
4(3712 3713 3718 3717)
4(3713 3714 3719 3718)
4(3711 3716 3726 3721)
4(3720 3721 3726 3725)
4(3712 3717 3727 3722)
4(3721 3722 3727 3726)
4(3713 3718 3728 3723)
4(3722 3723 3728 3727)
4(3723 3724 3729 3728)
4(3721 3726 3736 3731)
4(3730 3731 3736 3735)
4(3722 3727 3737 3732)
4(3731 3732 3737 3736)
4(3723 3728 3738 3733)
4(3732 3733 3738 3737)
4(3733 3734 3739 3738)
4(3731 3736 3746 3741)
4(3740 3741 3746 3745)
4(3732 3737 3747 3742)
4(3741 3742 3747 3746)
4(3733 3738 3748 3743)
4(3742 3743 3748 3747)
4(3743 3744 3749 3748)
4(3741 3746 3756 3751)
4(3750 3751 3756 3755)
4(3742 3747 3757 3752)
4(3751 3752 3757 3756)
4(3743 3748 3758 3753)
4(3752 3753 3758 3757)
4(3753 3754 3759 3758)
4(3751 3756 3766 3761)
4(3760 3761 3766 3765)
4(3752 3757 3767 3762)
4(3761 3762 3767 3766)
4(3753 3758 3768 3763)
4(3762 3763 3768 3767)
4(3763 3764 3769 3768)
4(3761 3766 3776 3771)
4(3770 3771 3776 3775)
4(3762 3767 3777 3772)
4(3771 3772 3777 3776)
4(3763 3768 3778 3773)
4(3772 3773 3778 3777)
4(3773 3774 3779 3778)
4(3771 3776 3786 3781)
4(3780 3781 3786 3785)
4(3772 3777 3787 3782)
4(3781 3782 3787 3786)
4(3773 3778 3788 3783)
4(3782 3783 3788 3787)
4(3783 3784 3789 3788)
4(3781 3786 3796 3791)
4(3790 3791 3796 3795)
4(3782 3787 3797 3792)
4(3791 3792 3797 3796)
4(3783 3788 3798 3793)
4(3792 3793 3798 3797)
4(3793 3794 3799 3798)
4(3791 3796 3806 3801)
4(3800 3801 3806 3805)
4(3792 3797 3807 3802)
4(3801 3802 3807 3806)
4(3793 3798 3808 3803)
4(3802 3803 3808 3807)
4(3803 3804 3809 3808)
4(3801 3806 3816 3811)
4(3810 3811 3816 3815)
4(3802 3807 3817 3812)
4(3811 3812 3817 3816)
4(3803 3808 3818 3813)
4(3812 3813 3818 3817)
4(3813 3814 3819 3818)
4(3811 3816 3826 3821)
4(3820 3821 3826 3825)
4(3812 3817 3827 3822)
4(3821 3822 3827 3826)
4(3813 3818 3828 3823)
4(3822 3823 3828 3827)
4(3823 3824 3829 3828)
4(3821 3826 3836 3831)
4(3830 3831 3836 3835)
4(3822 3827 3837 3832)
4(3831 3832 3837 3836)
4(3823 3828 3838 3833)
4(3832 3833 3838 3837)
4(3833 3834 3839 3838)
4(3831 3836 3846 3841)
4(3840 3841 3846 3845)
4(3832 3837 3847 3842)
4(3841 3842 3847 3846)
4(3833 3838 3848 3843)
4(3842 3843 3848 3847)
4(3843 3844 3849 3848)
4(3841 3846 3856 3851)
4(3850 3851 3856 3855)
4(3842 3847 3857 3852)
4(3851 3852 3857 3856)
4(3843 3848 3858 3853)
4(3852 3853 3858 3857)
4(3853 3854 3859 3858)
4(3851 3856 3866 3861)
4(3860 3861 3866 3865)
4(3852 3857 3867 3862)
4(3861 3862 3867 3866)
4(3853 3858 3868 3863)
4(3862 3863 3868 3867)
4(3863 3864 3869 3868)
4(3861 3866 3876 3871)
4(3870 3871 3876 3875)
4(3862 3867 3877 3872)
4(3871 3872 3877 3876)
4(3863 3868 3878 3873)
4(3872 3873 3878 3877)
4(3873 3874 3879 3878)
4(3871 3876 3886 3881)
4(3880 3881 3886 3885)
4(3872 3877 3887 3882)
4(3881 3882 3887 3886)
4(3873 3878 3888 3883)
4(3882 3883 3888 3887)
4(3883 3884 3889 3888)
4(3881 3886 3896 3891)
4(3890 3891 3896 3895)
4(3882 3887 3897 3892)
4(3891 3892 3897 3896)
4(3883 3888 3898 3893)
4(3892 3893 3898 3897)
4(3893 3894 3899 3898)
4(3891 3896 3906 3901)
4(3900 3901 3906 3905)
4(3892 3897 3907 3902)
4(3901 3902 3907 3906)
4(3893 3898 3908 3903)
4(3902 3903 3908 3907)
4(3903 3904 3909 3908)
4(3901 3906 3916 3911)
4(3910 3911 3916 3915)
4(3902 3907 3917 3912)
4(3911 3912 3917 3916)
4(3903 3908 3918 3913)
4(3912 3913 3918 3917)
4(3913 3914 3919 3918)
4(3911 3916 3926 3921)
4(3920 3921 3926 3925)
4(3912 3917 3927 3922)
4(3921 3922 3927 3926)
4(3913 3918 3928 3923)
4(3922 3923 3928 3927)
4(3923 3924 3929 3928)
4(3921 3926 3936 3931)
4(3930 3931 3936 3935)
4(3922 3927 3937 3932)
4(3931 3932 3937 3936)
4(3923 3928 3938 3933)
4(3932 3933 3938 3937)
4(3933 3934 3939 3938)
4(3931 3936 3946 3941)
4(3940 3941 3946 3945)
4(3932 3937 3947 3942)
4(3941 3942 3947 3946)
4(3933 3938 3948 3943)
4(3942 3943 3948 3947)
4(3943 3944 3949 3948)
4(3941 3946 3956 3951)
4(3950 3951 3956 3955)
4(3942 3947 3957 3952)
4(3951 3952 3957 3956)
4(3943 3948 3958 3953)
4(3952 3953 3958 3957)
4(3953 3954 3959 3958)
4(3951 3956 3966 3961)
4(3960 3961 3966 3965)
4(3952 3957 3967 3962)
4(3961 3962 3967 3966)
4(3953 3958 3968 3963)
4(3962 3963 3968 3967)
4(3963 3964 3969 3968)
4(3961 3966 3976 3971)
4(3970 3971 3976 3975)
4(3962 3967 3977 3972)
4(3971 3972 3977 3976)
4(3963 3968 3978 3973)
4(3972 3973 3978 3977)
4(3973 3974 3979 3978)
4(3971 3976 3986 3981)
4(3980 3981 3986 3985)
4(3972 3977 3987 3982)
4(3981 3982 3987 3986)
4(3973 3978 3988 3983)
4(3982 3983 3988 3987)
4(3983 3984 3989 3988)
4(3981 3986 3996 3991)
4(3990 3991 3996 3995)
4(3982 3987 3997 3992)
4(3991 3992 3997 3996)
4(3983 3988 3998 3993)
4(3992 3993 3998 3997)
4(3993 3994 3999 3998)
4(3991 3996 4006 4001)
4(3992 3997 4007 4002)
4(3993 3998 4008 4003)
4(0 5 6 1)
4(1 6 7 2)
4(2 7 8 3)
4(3 8 9 4)
4(4 9 19 14)
4(14 19 29 24)
4(24 29 39 34)
4(34 39 49 44)
4(44 49 59 54)
4(54 59 69 64)
4(64 69 79 74)
4(74 79 89 84)
4(84 89 99 94)
4(94 99 109 104)
4(104 109 119 114)
4(114 119 129 124)
4(124 129 139 134)
4(134 139 149 144)
4(144 149 159 154)
4(154 159 169 164)
4(164 169 179 174)
4(174 179 189 184)
4(184 189 199 194)
4(194 199 209 204)
4(204 209 219 214)
4(214 219 229 224)
4(224 229 239 234)
4(234 239 249 244)
4(244 249 259 254)
4(254 259 269 264)
4(264 269 279 274)
4(274 279 289 284)
4(284 289 299 294)
4(294 299 309 304)
4(304 309 319 314)
4(314 319 329 324)
4(324 329 339 334)
4(334 339 349 344)
4(344 349 359 354)
4(354 359 369 364)
4(364 369 379 374)
4(374 379 389 384)
4(384 389 399 394)
4(394 399 409 404)
4(404 409 419 414)
4(414 419 429 424)
4(424 429 439 434)
4(434 439 449 444)
4(444 449 459 454)
4(454 459 469 464)
4(464 469 479 474)
4(474 479 489 484)
4(484 489 499 494)
4(494 499 509 504)
4(504 509 519 514)
4(514 519 529 524)
4(524 529 539 534)
4(534 539 549 544)
4(544 549 559 554)
4(554 559 569 564)
4(564 569 579 574)
4(574 579 589 584)
4(584 589 599 594)
4(594 599 609 604)
4(604 609 619 614)
4(614 619 629 624)
4(624 629 639 634)
4(634 639 649 644)
4(644 649 659 654)
4(654 659 669 664)
4(664 669 679 674)
4(674 679 689 684)
4(684 689 699 694)
4(694 699 709 704)
4(704 709 719 714)
4(714 719 729 724)
4(724 729 739 734)
4(734 739 749 744)
4(744 749 759 754)
4(754 759 769 764)
4(764 769 779 774)
4(774 779 789 784)
4(784 789 799 794)
4(794 799 809 804)
4(804 809 819 814)
4(814 819 829 824)
4(824 829 839 834)
4(834 839 849 844)
4(844 849 859 854)
4(854 859 869 864)
4(864 869 879 874)
4(874 879 889 884)
4(884 889 899 894)
4(894 899 909 904)
4(904 909 919 914)
4(914 919 929 924)
4(924 929 939 934)
4(934 939 949 944)
4(944 949 959 954)
4(954 959 969 964)
4(964 969 979 974)
4(974 979 989 984)
4(984 989 999 994)
4(994 999 1009 1004)
4(1004 1009 1019 1014)
4(1014 1019 1029 1024)
4(1024 1029 1039 1034)
4(1034 1039 1049 1044)
4(1044 1049 1059 1054)
4(1054 1059 1069 1064)
4(1064 1069 1079 1074)
4(1074 1079 1089 1084)
4(1084 1089 1099 1094)
4(1094 1099 1109 1104)
4(1104 1109 1119 1114)
4(1114 1119 1129 1124)
4(1124 1129 1139 1134)
4(1134 1139 1149 1144)
4(1144 1149 1159 1154)
4(1154 1159 1169 1164)
4(1164 1169 1179 1174)
4(1174 1179 1189 1184)
4(1184 1189 1199 1194)
4(1194 1199 1209 1204)
4(1204 1209 1219 1214)
4(1214 1219 1229 1224)
4(1224 1229 1239 1234)
4(1234 1239 1249 1244)
4(1244 1249 1259 1254)
4(1254 1259 1269 1264)
4(1264 1269 1279 1274)
4(1274 1279 1289 1284)
4(1284 1289 1299 1294)
4(1294 1299 1309 1304)
4(1304 1309 1319 1314)
4(1314 1319 1329 1324)
4(1324 1329 1339 1334)
4(1334 1339 1349 1344)
4(1344 1349 1359 1354)
4(1354 1359 1369 1364)
4(1364 1369 1379 1374)
4(1374 1379 1389 1384)
4(1384 1389 1399 1394)
4(1394 1399 1409 1404)
4(1404 1409 1419 1414)
4(1414 1419 1429 1424)
4(1424 1429 1439 1434)
4(1434 1439 1449 1444)
4(1444 1449 1459 1454)
4(1454 1459 1469 1464)
4(1464 1469 1479 1474)
4(1474 1479 1489 1484)
4(1484 1489 1499 1494)
4(1494 1499 1509 1504)
4(1504 1509 1519 1514)
4(1514 1519 1529 1524)
4(1524 1529 1539 1534)
4(1534 1539 1549 1544)
4(1544 1549 1559 1554)
4(1554 1559 1569 1564)
4(1564 1569 1579 1574)
4(1574 1579 1589 1584)
4(1584 1589 1599 1594)
4(1594 1599 1609 1604)
4(1604 1609 1619 1614)
4(1614 1619 1629 1624)
4(1624 1629 1639 1634)
4(1634 1639 1649 1644)
4(1644 1649 1659 1654)
4(1654 1659 1669 1664)
4(1664 1669 1679 1674)
4(1674 1679 1689 1684)
4(1684 1689 1699 1694)
4(1694 1699 1709 1704)
4(1704 1709 1719 1714)
4(1714 1719 1729 1724)
4(1724 1729 1739 1734)
4(1734 1739 1749 1744)
4(1744 1749 1759 1754)
4(1754 1759 1769 1764)
4(1764 1769 1779 1774)
4(1774 1779 1789 1784)
4(1784 1789 1799 1794)
4(1794 1799 1809 1804)
4(1804 1809 1819 1814)
4(1814 1819 1829 1824)
4(1824 1829 1839 1834)
4(1834 1839 1849 1844)
4(1844 1849 1859 1854)
4(1854 1859 1869 1864)
4(1864 1869 1879 1874)
4(1874 1879 1889 1884)
4(1884 1889 1899 1894)
4(1894 1899 1909 1904)
4(1904 1909 1919 1914)
4(1914 1919 1929 1924)
4(1924 1929 1939 1934)
4(1934 1939 1949 1944)
4(1944 1949 1959 1954)
4(1954 1959 1969 1964)
4(1964 1969 1979 1974)
4(1974 1979 1989 1984)
4(1984 1989 1999 1994)
4(1994 1999 2009 2004)
4(2004 2009 2019 2014)
4(2014 2019 2029 2024)
4(2024 2029 2039 2034)
4(2034 2039 2049 2044)
4(2044 2049 2059 2054)
4(2054 2059 2069 2064)
4(2064 2069 2079 2074)
4(2074 2079 2089 2084)
4(2084 2089 2099 2094)
4(2094 2099 2109 2104)
4(2104 2109 2119 2114)
4(2114 2119 2129 2124)
4(2124 2129 2139 2134)
4(2134 2139 2149 2144)
4(2144 2149 2159 2154)
4(2154 2159 2169 2164)
4(2164 2169 2179 2174)
4(2174 2179 2189 2184)
4(2184 2189 2199 2194)
4(2194 2199 2209 2204)
4(2204 2209 2219 2214)
4(2214 2219 2229 2224)
4(2224 2229 2239 2234)
4(2234 2239 2249 2244)
4(2244 2249 2259 2254)
4(2254 2259 2269 2264)
4(2264 2269 2279 2274)
4(2274 2279 2289 2284)
4(2284 2289 2299 2294)
4(2294 2299 2309 2304)
4(2304 2309 2319 2314)
4(2314 2319 2329 2324)
4(2324 2329 2339 2334)
4(2334 2339 2349 2344)
4(2344 2349 2359 2354)
4(2354 2359 2369 2364)
4(2364 2369 2379 2374)
4(2374 2379 2389 2384)
4(2384 2389 2399 2394)
4(2394 2399 2409 2404)
4(2404 2409 2419 2414)
4(2414 2419 2429 2424)
4(2424 2429 2439 2434)
4(2434 2439 2449 2444)
4(2444 2449 2459 2454)
4(2454 2459 2469 2464)
4(2464 2469 2479 2474)
4(2474 2479 2489 2484)
4(2484 2489 2499 2494)
4(2494 2499 2509 2504)
4(2504 2509 2519 2514)
4(2514 2519 2529 2524)
4(2524 2529 2539 2534)
4(2534 2539 2549 2544)
4(2544 2549 2559 2554)
4(2554 2559 2569 2564)
4(2564 2569 2579 2574)
4(2574 2579 2589 2584)
4(2584 2589 2599 2594)
4(2594 2599 2609 2604)
4(2604 2609 2619 2614)
4(2614 2619 2629 2624)
4(2624 2629 2639 2634)
4(2634 2639 2649 2644)
4(2644 2649 2659 2654)
4(2654 2659 2669 2664)
4(2664 2669 2679 2674)
4(2674 2679 2689 2684)
4(2684 2689 2699 2694)
4(2694 2699 2709 2704)
4(2704 2709 2719 2714)
4(2714 2719 2729 2724)
4(2724 2729 2739 2734)
4(2734 2739 2749 2744)
4(2744 2749 2759 2754)
4(2754 2759 2769 2764)
4(2764 2769 2779 2774)
4(2774 2779 2789 2784)
4(2784 2789 2799 2794)
4(2794 2799 2809 2804)
4(2804 2809 2819 2814)
4(2814 2819 2829 2824)
4(2824 2829 2839 2834)
4(2834 2839 2849 2844)
4(2844 2849 2859 2854)
4(2854 2859 2869 2864)
4(2864 2869 2879 2874)
4(2874 2879 2889 2884)
4(2884 2889 2899 2894)
4(2894 2899 2909 2904)
4(2904 2909 2919 2914)
4(2914 2919 2929 2924)
4(2924 2929 2939 2934)
4(2934 2939 2949 2944)
4(2944 2949 2959 2954)
4(2954 2959 2969 2964)
4(2964 2969 2979 2974)
4(2974 2979 2989 2984)
4(2984 2989 2999 2994)
4(2994 2999 3009 3004)
4(3004 3009 3019 3014)
4(3014 3019 3029 3024)
4(3024 3029 3039 3034)
4(3034 3039 3049 3044)
4(3044 3049 3059 3054)
4(3054 3059 3069 3064)
4(3064 3069 3079 3074)
4(3074 3079 3089 3084)
4(3084 3089 3099 3094)
4(3094 3099 3109 3104)
4(3104 3109 3119 3114)
4(3114 3119 3129 3124)
4(3124 3129 3139 3134)
4(3134 3139 3149 3144)
4(3144 3149 3159 3154)
4(3154 3159 3169 3164)
4(3164 3169 3179 3174)
4(3174 3179 3189 3184)
4(3184 3189 3199 3194)
4(3194 3199 3209 3204)
4(3204 3209 3219 3214)
4(3214 3219 3229 3224)
4(3224 3229 3239 3234)
4(3234 3239 3249 3244)
4(3244 3249 3259 3254)
4(3254 3259 3269 3264)
4(3264 3269 3279 3274)
4(3274 3279 3289 3284)
4(3284 3289 3299 3294)
4(3294 3299 3309 3304)
4(3304 3309 3319 3314)
4(3314 3319 3329 3324)
4(3324 3329 3339 3334)
4(3334 3339 3349 3344)
4(3344 3349 3359 3354)
4(3354 3359 3369 3364)
4(3364 3369 3379 3374)
4(3374 3379 3389 3384)
4(3384 3389 3399 3394)
4(3394 3399 3409 3404)
4(3404 3409 3419 3414)
4(3414 3419 3429 3424)
4(3424 3429 3439 3434)
4(3434 3439 3449 3444)
4(3444 3449 3459 3454)
4(3454 3459 3469 3464)
4(3464 3469 3479 3474)
4(3474 3479 3489 3484)
4(3484 3489 3499 3494)
4(3494 3499 3509 3504)
4(3504 3509 3519 3514)
4(3514 3519 3529 3524)
4(3524 3529 3539 3534)
4(3534 3539 3549 3544)
4(3544 3549 3559 3554)
4(3554 3559 3569 3564)
4(3564 3569 3579 3574)
4(3574 3579 3589 3584)
4(3584 3589 3599 3594)
4(3594 3599 3609 3604)
4(3604 3609 3619 3614)
4(3614 3619 3629 3624)
4(3624 3629 3639 3634)
4(3634 3639 3649 3644)
4(3644 3649 3659 3654)
4(3654 3659 3669 3664)
4(3664 3669 3679 3674)
4(3674 3679 3689 3684)
4(3684 3689 3699 3694)
4(3694 3699 3709 3704)
4(3704 3709 3719 3714)
4(3714 3719 3729 3724)
4(3724 3729 3739 3734)
4(3734 3739 3749 3744)
4(3744 3749 3759 3754)
4(3754 3759 3769 3764)
4(3764 3769 3779 3774)
4(3774 3779 3789 3784)
4(3784 3789 3799 3794)
4(3794 3799 3809 3804)
4(3804 3809 3819 3814)
4(3814 3819 3829 3824)
4(3824 3829 3839 3834)
4(3834 3839 3849 3844)
4(3844 3849 3859 3854)
4(3854 3859 3869 3864)
4(3864 3869 3879 3874)
4(3874 3879 3889 3884)
4(3884 3889 3899 3894)
4(3894 3899 3909 3904)
4(3904 3909 3919 3914)
4(3914 3919 3929 3924)
4(3924 3929 3939 3934)
4(3934 3939 3949 3944)
4(3944 3949 3959 3954)
4(3954 3959 3969 3964)
4(3964 3969 3979 3974)
4(3974 3979 3989 3984)
4(3984 3989 3999 3994)
4(3994 3999 4009 4004)
4(0 10 15 5)
4(10 20 25 15)
4(20 30 35 25)
4(30 40 45 35)
4(40 50 55 45)
4(50 60 65 55)
4(60 70 75 65)
4(70 80 85 75)
4(80 90 95 85)
4(90 100 105 95)
4(100 110 115 105)
4(110 120 125 115)
4(120 130 135 125)
4(130 140 145 135)
4(140 150 155 145)
4(150 160 165 155)
4(160 170 175 165)
4(170 180 185 175)
4(180 190 195 185)
4(190 200 205 195)
4(200 210 215 205)
4(210 220 225 215)
4(220 230 235 225)
4(230 240 245 235)
4(240 250 255 245)
4(250 260 265 255)
4(260 270 275 265)
4(270 280 285 275)
4(280 290 295 285)
4(290 300 305 295)
4(300 310 315 305)
4(310 320 325 315)
4(320 330 335 325)
4(330 340 345 335)
4(340 350 355 345)
4(350 360 365 355)
4(360 370 375 365)
4(370 380 385 375)
4(380 390 395 385)
4(390 400 405 395)
4(400 410 415 405)
4(410 420 425 415)
4(420 430 435 425)
4(430 440 445 435)
4(440 450 455 445)
4(450 460 465 455)
4(460 470 475 465)
4(470 480 485 475)
4(480 490 495 485)
4(490 500 505 495)
4(500 510 515 505)
4(510 520 525 515)
4(520 530 535 525)
4(530 540 545 535)
4(540 550 555 545)
4(550 560 565 555)
4(560 570 575 565)
4(570 580 585 575)
4(580 590 595 585)
4(590 600 605 595)
4(600 610 615 605)
4(610 620 625 615)
4(620 630 635 625)
4(630 640 645 635)
4(640 650 655 645)
4(650 660 665 655)
4(660 670 675 665)
4(670 680 685 675)
4(680 690 695 685)
4(690 700 705 695)
4(700 710 715 705)
4(710 720 725 715)
4(720 730 735 725)
4(730 740 745 735)
4(740 750 755 745)
4(750 760 765 755)
4(760 770 775 765)
4(770 780 785 775)
4(780 790 795 785)
4(790 800 805 795)
4(800 810 815 805)
4(810 820 825 815)
4(820 830 835 825)
4(830 840 845 835)
4(840 850 855 845)
4(850 860 865 855)
4(860 870 875 865)
4(870 880 885 875)
4(880 890 895 885)
4(890 900 905 895)
4(900 910 915 905)
4(910 920 925 915)
4(920 930 935 925)
4(930 940 945 935)
4(940 950 955 945)
4(950 960 965 955)
4(960 970 975 965)
4(970 980 985 975)
4(980 990 995 985)
4(990 1000 1005 995)
4(1000 1010 1015 1005)
4(1010 1020 1025 1015)
4(1020 1030 1035 1025)
4(1030 1040 1045 1035)
4(1040 1050 1055 1045)
4(1050 1060 1065 1055)
4(1060 1070 1075 1065)
4(1070 1080 1085 1075)
4(1080 1090 1095 1085)
4(1090 1100 1105 1095)
4(1100 1110 1115 1105)
4(1110 1120 1125 1115)
4(1120 1130 1135 1125)
4(1130 1140 1145 1135)
4(1140 1150 1155 1145)
4(1150 1160 1165 1155)
4(1160 1170 1175 1165)
4(1170 1180 1185 1175)
4(1180 1190 1195 1185)
4(1190 1200 1205 1195)
4(1200 1210 1215 1205)
4(1210 1220 1225 1215)
4(1220 1230 1235 1225)
4(1230 1240 1245 1235)
4(1240 1250 1255 1245)
4(1250 1260 1265 1255)
4(1260 1270 1275 1265)
4(1270 1280 1285 1275)
4(1280 1290 1295 1285)
4(1290 1300 1305 1295)
4(1300 1310 1315 1305)
4(1310 1320 1325 1315)
4(1320 1330 1335 1325)
4(1330 1340 1345 1335)
4(1340 1350 1355 1345)
4(1350 1360 1365 1355)
4(1360 1370 1375 1365)
4(1370 1380 1385 1375)
4(1380 1390 1395 1385)
4(1390 1400 1405 1395)
4(1400 1410 1415 1405)
4(1410 1420 1425 1415)
4(1420 1430 1435 1425)
4(1430 1440 1445 1435)
4(1440 1450 1455 1445)
4(1450 1460 1465 1455)
4(1460 1470 1475 1465)
4(1470 1480 1485 1475)
4(1480 1490 1495 1485)
4(1490 1500 1505 1495)
4(1500 1510 1515 1505)
4(1510 1520 1525 1515)
4(1520 1530 1535 1525)
4(1530 1540 1545 1535)
4(1540 1550 1555 1545)
4(1550 1560 1565 1555)
4(1560 1570 1575 1565)
4(1570 1580 1585 1575)
4(1580 1590 1595 1585)
4(1590 1600 1605 1595)
4(1600 1610 1615 1605)
4(1610 1620 1625 1615)
4(1620 1630 1635 1625)
4(1630 1640 1645 1635)
4(1640 1650 1655 1645)
4(1650 1660 1665 1655)
4(1660 1670 1675 1665)
4(1670 1680 1685 1675)
4(1680 1690 1695 1685)
4(1690 1700 1705 1695)
4(1700 1710 1715 1705)
4(1710 1720 1725 1715)
4(1720 1730 1735 1725)
4(1730 1740 1745 1735)
4(1740 1750 1755 1745)
4(1750 1760 1765 1755)
4(1760 1770 1775 1765)
4(1770 1780 1785 1775)
4(1780 1790 1795 1785)
4(1790 1800 1805 1795)
4(1800 1810 1815 1805)
4(1810 1820 1825 1815)
4(1820 1830 1835 1825)
4(1830 1840 1845 1835)
4(1840 1850 1855 1845)
4(1850 1860 1865 1855)
4(1860 1870 1875 1865)
4(1870 1880 1885 1875)
4(1880 1890 1895 1885)
4(1890 1900 1905 1895)
4(1900 1910 1915 1905)
4(1910 1920 1925 1915)
4(1920 1930 1935 1925)
4(1930 1940 1945 1935)
4(1940 1950 1955 1945)
4(1950 1960 1965 1955)
4(1960 1970 1975 1965)
4(1970 1980 1985 1975)
4(1980 1990 1995 1985)
4(1990 2000 2005 1995)
4(2000 2010 2015 2005)
4(2010 2020 2025 2015)
4(2020 2030 2035 2025)
4(2030 2040 2045 2035)
4(2040 2050 2055 2045)
4(2050 2060 2065 2055)
4(2060 2070 2075 2065)
4(2070 2080 2085 2075)
4(2080 2090 2095 2085)
4(2090 2100 2105 2095)
4(2100 2110 2115 2105)
4(2110 2120 2125 2115)
4(2120 2130 2135 2125)
4(2130 2140 2145 2135)
4(2140 2150 2155 2145)
4(2150 2160 2165 2155)
4(2160 2170 2175 2165)
4(2170 2180 2185 2175)
4(2180 2190 2195 2185)
4(2190 2200 2205 2195)
4(2200 2210 2215 2205)
4(2210 2220 2225 2215)
4(2220 2230 2235 2225)
4(2230 2240 2245 2235)
4(2240 2250 2255 2245)
4(2250 2260 2265 2255)
4(2260 2270 2275 2265)
4(2270 2280 2285 2275)
4(2280 2290 2295 2285)
4(2290 2300 2305 2295)
4(2300 2310 2315 2305)
4(2310 2320 2325 2315)
4(2320 2330 2335 2325)
4(2330 2340 2345 2335)
4(2340 2350 2355 2345)
4(2350 2360 2365 2355)
4(2360 2370 2375 2365)
4(2370 2380 2385 2375)
4(2380 2390 2395 2385)
4(2390 2400 2405 2395)
4(2400 2410 2415 2405)
4(2410 2420 2425 2415)
4(2420 2430 2435 2425)
4(2430 2440 2445 2435)
4(2440 2450 2455 2445)
4(2450 2460 2465 2455)
4(2460 2470 2475 2465)
4(2470 2480 2485 2475)
4(2480 2490 2495 2485)
4(2490 2500 2505 2495)
4(2500 2510 2515 2505)
4(2510 2520 2525 2515)
4(2520 2530 2535 2525)
4(2530 2540 2545 2535)
4(2540 2550 2555 2545)
4(2550 2560 2565 2555)
4(2560 2570 2575 2565)
4(2570 2580 2585 2575)
4(2580 2590 2595 2585)
4(2590 2600 2605 2595)
4(2600 2610 2615 2605)
4(2610 2620 2625 2615)
4(2620 2630 2635 2625)
4(2630 2640 2645 2635)
4(2640 2650 2655 2645)
4(2650 2660 2665 2655)
4(2660 2670 2675 2665)
4(2670 2680 2685 2675)
4(2680 2690 2695 2685)
4(2690 2700 2705 2695)
4(2700 2710 2715 2705)
4(2710 2720 2725 2715)
4(2720 2730 2735 2725)
4(2730 2740 2745 2735)
4(2740 2750 2755 2745)
4(2750 2760 2765 2755)
4(2760 2770 2775 2765)
4(2770 2780 2785 2775)
4(2780 2790 2795 2785)
4(2790 2800 2805 2795)
4(2800 2810 2815 2805)
4(2810 2820 2825 2815)
4(2820 2830 2835 2825)
4(2830 2840 2845 2835)
4(2840 2850 2855 2845)
4(2850 2860 2865 2855)
4(2860 2870 2875 2865)
4(2870 2880 2885 2875)
4(2880 2890 2895 2885)
4(2890 2900 2905 2895)
4(2900 2910 2915 2905)
4(2910 2920 2925 2915)
4(2920 2930 2935 2925)
4(2930 2940 2945 2935)
4(2940 2950 2955 2945)
4(2950 2960 2965 2955)
4(2960 2970 2975 2965)
4(2970 2980 2985 2975)
4(2980 2990 2995 2985)
4(2990 3000 3005 2995)
4(3000 3010 3015 3005)
4(3010 3020 3025 3015)
4(3020 3030 3035 3025)
4(3030 3040 3045 3035)
4(3040 3050 3055 3045)
4(3050 3060 3065 3055)
4(3060 3070 3075 3065)
4(3070 3080 3085 3075)
4(3080 3090 3095 3085)
4(3090 3100 3105 3095)
4(3100 3110 3115 3105)
4(3110 3120 3125 3115)
4(3120 3130 3135 3125)
4(3130 3140 3145 3135)
4(3140 3150 3155 3145)
4(3150 3160 3165 3155)
4(3160 3170 3175 3165)
4(3170 3180 3185 3175)
4(3180 3190 3195 3185)
4(3190 3200 3205 3195)
4(3200 3210 3215 3205)
4(3210 3220 3225 3215)
4(3220 3230 3235 3225)
4(3230 3240 3245 3235)
4(3240 3250 3255 3245)
4(3250 3260 3265 3255)
4(3260 3270 3275 3265)
4(3270 3280 3285 3275)
4(3280 3290 3295 3285)
4(3290 3300 3305 3295)
4(3300 3310 3315 3305)
4(3310 3320 3325 3315)
4(3320 3330 3335 3325)
4(3330 3340 3345 3335)
4(3340 3350 3355 3345)
4(3350 3360 3365 3355)
4(3360 3370 3375 3365)
4(3370 3380 3385 3375)
4(3380 3390 3395 3385)
4(3390 3400 3405 3395)
4(3400 3410 3415 3405)
4(3410 3420 3425 3415)
4(3420 3430 3435 3425)
4(3430 3440 3445 3435)
4(3440 3450 3455 3445)
4(3450 3460 3465 3455)
4(3460 3470 3475 3465)
4(3470 3480 3485 3475)
4(3480 3490 3495 3485)
4(3490 3500 3505 3495)
4(3500 3510 3515 3505)
4(3510 3520 3525 3515)
4(3520 3530 3535 3525)
4(3530 3540 3545 3535)
4(3540 3550 3555 3545)
4(3550 3560 3565 3555)
4(3560 3570 3575 3565)
4(3570 3580 3585 3575)
4(3580 3590 3595 3585)
4(3590 3600 3605 3595)
4(3600 3610 3615 3605)
4(3610 3620 3625 3615)
4(3620 3630 3635 3625)
4(3630 3640 3645 3635)
4(3640 3650 3655 3645)
4(3650 3660 3665 3655)
4(3660 3670 3675 3665)
4(3670 3680 3685 3675)
4(3680 3690 3695 3685)
4(3690 3700 3705 3695)
4(3700 3710 3715 3705)
4(3710 3720 3725 3715)
4(3720 3730 3735 3725)
4(3730 3740 3745 3735)
4(3740 3750 3755 3745)
4(3750 3760 3765 3755)
4(3760 3770 3775 3765)
4(3770 3780 3785 3775)
4(3780 3790 3795 3785)
4(3790 3800 3805 3795)
4(3800 3810 3815 3805)
4(3810 3820 3825 3815)
4(3820 3830 3835 3825)
4(3830 3840 3845 3835)
4(3840 3850 3855 3845)
4(3850 3860 3865 3855)
4(3860 3870 3875 3865)
4(3870 3880 3885 3875)
4(3880 3890 3895 3885)
4(3890 3900 3905 3895)
4(3900 3910 3915 3905)
4(3910 3920 3925 3915)
4(3920 3930 3935 3925)
4(3930 3940 3945 3935)
4(3940 3950 3955 3945)
4(3950 3960 3965 3955)
4(3960 3970 3975 3965)
4(3970 3980 3985 3975)
4(3980 3990 3995 3985)
4(3990 4000 4005 3995)
4(4000 4001 4006 4005)
4(4001 4002 4007 4006)
4(4002 4003 4008 4007)
4(4003 4004 4009 4008)
4(5 15 16 6)
4(15 25 26 16)
4(25 35 36 26)
4(35 45 46 36)
4(45 55 56 46)
4(55 65 66 56)
4(65 75 76 66)
4(75 85 86 76)
4(85 95 96 86)
4(95 105 106 96)
4(105 115 116 106)
4(115 125 126 116)
4(125 135 136 126)
4(135 145 146 136)
4(145 155 156 146)
4(155 165 166 156)
4(165 175 176 166)
4(175 185 186 176)
4(185 195 196 186)
4(195 205 206 196)
4(205 215 216 206)
4(215 225 226 216)
4(225 235 236 226)
4(235 245 246 236)
4(245 255 256 246)
4(255 265 266 256)
4(265 275 276 266)
4(275 285 286 276)
4(285 295 296 286)
4(295 305 306 296)
4(305 315 316 306)
4(315 325 326 316)
4(325 335 336 326)
4(335 345 346 336)
4(345 355 356 346)
4(355 365 366 356)
4(365 375 376 366)
4(375 385 386 376)
4(385 395 396 386)
4(395 405 406 396)
4(405 415 416 406)
4(415 425 426 416)
4(425 435 436 426)
4(435 445 446 436)
4(445 455 456 446)
4(455 465 466 456)
4(465 475 476 466)
4(475 485 486 476)
4(485 495 496 486)
4(495 505 506 496)
4(505 515 516 506)
4(515 525 526 516)
4(525 535 536 526)
4(535 545 546 536)
4(545 555 556 546)
4(555 565 566 556)
4(565 575 576 566)
4(575 585 586 576)
4(585 595 596 586)
4(595 605 606 596)
4(605 615 616 606)
4(615 625 626 616)
4(625 635 636 626)
4(635 645 646 636)
4(645 655 656 646)
4(655 665 666 656)
4(665 675 676 666)
4(675 685 686 676)
4(685 695 696 686)
4(695 705 706 696)
4(705 715 716 706)
4(715 725 726 716)
4(725 735 736 726)
4(735 745 746 736)
4(745 755 756 746)
4(755 765 766 756)
4(765 775 776 766)
4(775 785 786 776)
4(785 795 796 786)
4(795 805 806 796)
4(805 815 816 806)
4(815 825 826 816)
4(825 835 836 826)
4(835 845 846 836)
4(845 855 856 846)
4(855 865 866 856)
4(865 875 876 866)
4(875 885 886 876)
4(885 895 896 886)
4(895 905 906 896)
4(905 915 916 906)
4(915 925 926 916)
4(925 935 936 926)
4(935 945 946 936)
4(945 955 956 946)
4(955 965 966 956)
4(965 975 976 966)
4(975 985 986 976)
4(985 995 996 986)
4(995 1005 1006 996)
4(1005 1015 1016 1006)
4(1015 1025 1026 1016)
4(1025 1035 1036 1026)
4(1035 1045 1046 1036)
4(1045 1055 1056 1046)
4(1055 1065 1066 1056)
4(1065 1075 1076 1066)
4(1075 1085 1086 1076)
4(1085 1095 1096 1086)
4(1095 1105 1106 1096)
4(1105 1115 1116 1106)
4(1115 1125 1126 1116)
4(1125 1135 1136 1126)
4(1135 1145 1146 1136)
4(1145 1155 1156 1146)
4(1155 1165 1166 1156)
4(1165 1175 1176 1166)
4(1175 1185 1186 1176)
4(1185 1195 1196 1186)
4(1195 1205 1206 1196)
4(1205 1215 1216 1206)
4(1215 1225 1226 1216)
4(1225 1235 1236 1226)
4(1235 1245 1246 1236)
4(1245 1255 1256 1246)
4(1255 1265 1266 1256)
4(1265 1275 1276 1266)
4(1275 1285 1286 1276)
4(1285 1295 1296 1286)
4(1295 1305 1306 1296)
4(1305 1315 1316 1306)
4(1315 1325 1326 1316)
4(1325 1335 1336 1326)
4(1335 1345 1346 1336)
4(1345 1355 1356 1346)
4(1355 1365 1366 1356)
4(1365 1375 1376 1366)
4(1375 1385 1386 1376)
4(1385 1395 1396 1386)
4(1395 1405 1406 1396)
4(1405 1415 1416 1406)
4(1415 1425 1426 1416)
4(1425 1435 1436 1426)
4(1435 1445 1446 1436)
4(1445 1455 1456 1446)
4(1455 1465 1466 1456)
4(1465 1475 1476 1466)
4(1475 1485 1486 1476)
4(1485 1495 1496 1486)
4(1495 1505 1506 1496)
4(1505 1515 1516 1506)
4(1515 1525 1526 1516)
4(1525 1535 1536 1526)
4(1535 1545 1546 1536)
4(1545 1555 1556 1546)
4(1555 1565 1566 1556)
4(1565 1575 1576 1566)
4(1575 1585 1586 1576)
4(1585 1595 1596 1586)
4(1595 1605 1606 1596)
4(1605 1615 1616 1606)
4(1615 1625 1626 1616)
4(1625 1635 1636 1626)
4(1635 1645 1646 1636)
4(1645 1655 1656 1646)
4(1655 1665 1666 1656)
4(1665 1675 1676 1666)
4(1675 1685 1686 1676)
4(1685 1695 1696 1686)
4(1695 1705 1706 1696)
4(1705 1715 1716 1706)
4(1715 1725 1726 1716)
4(1725 1735 1736 1726)
4(1735 1745 1746 1736)
4(1745 1755 1756 1746)
4(1755 1765 1766 1756)
4(1765 1775 1776 1766)
4(1775 1785 1786 1776)
4(1785 1795 1796 1786)
4(1795 1805 1806 1796)
4(1805 1815 1816 1806)
4(1815 1825 1826 1816)
4(1825 1835 1836 1826)
4(1835 1845 1846 1836)
4(1845 1855 1856 1846)
4(1855 1865 1866 1856)
4(1865 1875 1876 1866)
4(1875 1885 1886 1876)
4(1885 1895 1896 1886)
4(1895 1905 1906 1896)
4(1905 1915 1916 1906)
4(1915 1925 1926 1916)
4(1925 1935 1936 1926)
4(1935 1945 1946 1936)
4(1945 1955 1956 1946)
4(1955 1965 1966 1956)
4(1965 1975 1976 1966)
4(1975 1985 1986 1976)
4(1985 1995 1996 1986)
4(1995 2005 2006 1996)
4(2005 2015 2016 2006)
4(2015 2025 2026 2016)
4(2025 2035 2036 2026)
4(2035 2045 2046 2036)
4(2045 2055 2056 2046)
4(2055 2065 2066 2056)
4(2065 2075 2076 2066)
4(2075 2085 2086 2076)
4(2085 2095 2096 2086)
4(2095 2105 2106 2096)
4(2105 2115 2116 2106)
4(2115 2125 2126 2116)
4(2125 2135 2136 2126)
4(2135 2145 2146 2136)
4(2145 2155 2156 2146)
4(2155 2165 2166 2156)
4(2165 2175 2176 2166)
4(2175 2185 2186 2176)
4(2185 2195 2196 2186)
4(2195 2205 2206 2196)
4(2205 2215 2216 2206)
4(2215 2225 2226 2216)
4(2225 2235 2236 2226)
4(2235 2245 2246 2236)
4(2245 2255 2256 2246)
4(2255 2265 2266 2256)
4(2265 2275 2276 2266)
4(2275 2285 2286 2276)
4(2285 2295 2296 2286)
4(2295 2305 2306 2296)
4(2305 2315 2316 2306)
4(2315 2325 2326 2316)
4(2325 2335 2336 2326)
4(2335 2345 2346 2336)
4(2345 2355 2356 2346)
4(2355 2365 2366 2356)
4(2365 2375 2376 2366)
4(2375 2385 2386 2376)
4(2385 2395 2396 2386)
4(2395 2405 2406 2396)
4(2405 2415 2416 2406)
4(2415 2425 2426 2416)
4(2425 2435 2436 2426)
4(2435 2445 2446 2436)
4(2445 2455 2456 2446)
4(2455 2465 2466 2456)
4(2465 2475 2476 2466)
4(2475 2485 2486 2476)
4(2485 2495 2496 2486)
4(2495 2505 2506 2496)
4(2505 2515 2516 2506)
4(2515 2525 2526 2516)
4(2525 2535 2536 2526)
4(2535 2545 2546 2536)
4(2545 2555 2556 2546)
4(2555 2565 2566 2556)
4(2565 2575 2576 2566)
4(2575 2585 2586 2576)
4(2585 2595 2596 2586)
4(2595 2605 2606 2596)
4(2605 2615 2616 2606)
4(2615 2625 2626 2616)
4(2625 2635 2636 2626)
4(2635 2645 2646 2636)
4(2645 2655 2656 2646)
4(2655 2665 2666 2656)
4(2665 2675 2676 2666)
4(2675 2685 2686 2676)
4(2685 2695 2696 2686)
4(2695 2705 2706 2696)
4(2705 2715 2716 2706)
4(2715 2725 2726 2716)
4(2725 2735 2736 2726)
4(2735 2745 2746 2736)
4(2745 2755 2756 2746)
4(2755 2765 2766 2756)
4(2765 2775 2776 2766)
4(2775 2785 2786 2776)
4(2785 2795 2796 2786)
4(2795 2805 2806 2796)
4(2805 2815 2816 2806)
4(2815 2825 2826 2816)
4(2825 2835 2836 2826)
4(2835 2845 2846 2836)
4(2845 2855 2856 2846)
4(2855 2865 2866 2856)
4(2865 2875 2876 2866)
4(2875 2885 2886 2876)
4(2885 2895 2896 2886)
4(2895 2905 2906 2896)
4(2905 2915 2916 2906)
4(2915 2925 2926 2916)
4(2925 2935 2936 2926)
4(2935 2945 2946 2936)
4(2945 2955 2956 2946)
4(2955 2965 2966 2956)
4(2965 2975 2976 2966)
4(2975 2985 2986 2976)
4(2985 2995 2996 2986)
4(2995 3005 3006 2996)
4(3005 3015 3016 3006)
4(3015 3025 3026 3016)
4(3025 3035 3036 3026)
4(3035 3045 3046 3036)
4(3045 3055 3056 3046)
4(3055 3065 3066 3056)
4(3065 3075 3076 3066)
4(3075 3085 3086 3076)
4(3085 3095 3096 3086)
4(3095 3105 3106 3096)
4(3105 3115 3116 3106)
4(3115 3125 3126 3116)
4(3125 3135 3136 3126)
4(3135 3145 3146 3136)
4(3145 3155 3156 3146)
4(3155 3165 3166 3156)
4(3165 3175 3176 3166)
4(3175 3185 3186 3176)
4(3185 3195 3196 3186)
4(3195 3205 3206 3196)
4(3205 3215 3216 3206)
4(3215 3225 3226 3216)
4(3225 3235 3236 3226)
4(3235 3245 3246 3236)
4(3245 3255 3256 3246)
4(3255 3265 3266 3256)
4(3265 3275 3276 3266)
4(3275 3285 3286 3276)
4(3285 3295 3296 3286)
4(3295 3305 3306 3296)
4(3305 3315 3316 3306)
4(3315 3325 3326 3316)
4(3325 3335 3336 3326)
4(3335 3345 3346 3336)
4(3345 3355 3356 3346)
4(3355 3365 3366 3356)
4(3365 3375 3376 3366)
4(3375 3385 3386 3376)
4(3385 3395 3396 3386)
4(3395 3405 3406 3396)
4(3405 3415 3416 3406)
4(3415 3425 3426 3416)
4(3425 3435 3436 3426)
4(3435 3445 3446 3436)
4(3445 3455 3456 3446)
4(3455 3465 3466 3456)
4(3465 3475 3476 3466)
4(3475 3485 3486 3476)
4(3485 3495 3496 3486)
4(3495 3505 3506 3496)
4(3505 3515 3516 3506)
4(3515 3525 3526 3516)
4(3525 3535 3536 3526)
4(3535 3545 3546 3536)
4(3545 3555 3556 3546)
4(3555 3565 3566 3556)
4(3565 3575 3576 3566)
4(3575 3585 3586 3576)
4(3585 3595 3596 3586)
4(3595 3605 3606 3596)
4(3605 3615 3616 3606)
4(3615 3625 3626 3616)
4(3625 3635 3636 3626)
4(3635 3645 3646 3636)
4(3645 3655 3656 3646)
4(3655 3665 3666 3656)
4(3665 3675 3676 3666)
4(3675 3685 3686 3676)
4(3685 3695 3696 3686)
4(3695 3705 3706 3696)
4(3705 3715 3716 3706)
4(3715 3725 3726 3716)
4(3725 3735 3736 3726)
4(3735 3745 3746 3736)
4(3745 3755 3756 3746)
4(3755 3765 3766 3756)
4(3765 3775 3776 3766)
4(3775 3785 3786 3776)
4(3785 3795 3796 3786)
4(3795 3805 3806 3796)
4(3805 3815 3816 3806)
4(3815 3825 3826 3816)
4(3825 3835 3836 3826)
4(3835 3845 3846 3836)
4(3845 3855 3856 3846)
4(3855 3865 3866 3856)
4(3865 3875 3876 3866)
4(3875 3885 3886 3876)
4(3885 3895 3896 3886)
4(3895 3905 3906 3896)
4(3905 3915 3916 3906)
4(3915 3925 3926 3916)
4(3925 3935 3936 3926)
4(3935 3945 3946 3936)
4(3945 3955 3956 3946)
4(3955 3965 3966 3956)
4(3965 3975 3976 3966)
4(3975 3985 3986 3976)
4(3985 3995 3996 3986)
4(3995 4005 4006 3996)
4(6 16 17 7)
4(16 26 27 17)
4(26 36 37 27)
4(36 46 47 37)
4(46 56 57 47)
4(56 66 67 57)
4(66 76 77 67)
4(76 86 87 77)
4(86 96 97 87)
4(96 106 107 97)
4(106 116 117 107)
4(116 126 127 117)
4(126 136 137 127)
4(136 146 147 137)
4(146 156 157 147)
4(156 166 167 157)
4(166 176 177 167)
4(176 186 187 177)
4(186 196 197 187)
4(196 206 207 197)
4(206 216 217 207)
4(216 226 227 217)
4(226 236 237 227)
4(236 246 247 237)
4(246 256 257 247)
4(256 266 267 257)
4(266 276 277 267)
4(276 286 287 277)
4(286 296 297 287)
4(296 306 307 297)
4(306 316 317 307)
4(316 326 327 317)
4(326 336 337 327)
4(336 346 347 337)
4(346 356 357 347)
4(356 366 367 357)
4(366 376 377 367)
4(376 386 387 377)
4(386 396 397 387)
4(396 406 407 397)
4(406 416 417 407)
4(416 426 427 417)
4(426 436 437 427)
4(436 446 447 437)
4(446 456 457 447)
4(456 466 467 457)
4(466 476 477 467)
4(476 486 487 477)
4(486 496 497 487)
4(496 506 507 497)
4(506 516 517 507)
4(516 526 527 517)
4(526 536 537 527)
4(536 546 547 537)
4(546 556 557 547)
4(556 566 567 557)
4(566 576 577 567)
4(576 586 587 577)
4(586 596 597 587)
4(596 606 607 597)
4(606 616 617 607)
4(616 626 627 617)
4(626 636 637 627)
4(636 646 647 637)
4(646 656 657 647)
4(656 666 667 657)
4(666 676 677 667)
4(676 686 687 677)
4(686 696 697 687)
4(696 706 707 697)
4(706 716 717 707)
4(716 726 727 717)
4(726 736 737 727)
4(736 746 747 737)
4(746 756 757 747)
4(756 766 767 757)
4(766 776 777 767)
4(776 786 787 777)
4(786 796 797 787)
4(796 806 807 797)
4(806 816 817 807)
4(816 826 827 817)
4(826 836 837 827)
4(836 846 847 837)
4(846 856 857 847)
4(856 866 867 857)
4(866 876 877 867)
4(876 886 887 877)
4(886 896 897 887)
4(896 906 907 897)
4(906 916 917 907)
4(916 926 927 917)
4(926 936 937 927)
4(936 946 947 937)
4(946 956 957 947)
4(956 966 967 957)
4(966 976 977 967)
4(976 986 987 977)
4(986 996 997 987)
4(996 1006 1007 997)
4(1006 1016 1017 1007)
4(1016 1026 1027 1017)
4(1026 1036 1037 1027)
4(1036 1046 1047 1037)
4(1046 1056 1057 1047)
4(1056 1066 1067 1057)
4(1066 1076 1077 1067)
4(1076 1086 1087 1077)
4(1086 1096 1097 1087)
4(1096 1106 1107 1097)
4(1106 1116 1117 1107)
4(1116 1126 1127 1117)
4(1126 1136 1137 1127)
4(1136 1146 1147 1137)
4(1146 1156 1157 1147)
4(1156 1166 1167 1157)
4(1166 1176 1177 1167)
4(1176 1186 1187 1177)
4(1186 1196 1197 1187)
4(1196 1206 1207 1197)
4(1206 1216 1217 1207)
4(1216 1226 1227 1217)
4(1226 1236 1237 1227)
4(1236 1246 1247 1237)
4(1246 1256 1257 1247)
4(1256 1266 1267 1257)
4(1266 1276 1277 1267)
4(1276 1286 1287 1277)
4(1286 1296 1297 1287)
4(1296 1306 1307 1297)
4(1306 1316 1317 1307)
4(1316 1326 1327 1317)
4(1326 1336 1337 1327)
4(1336 1346 1347 1337)
4(1346 1356 1357 1347)
4(1356 1366 1367 1357)
4(1366 1376 1377 1367)
4(1376 1386 1387 1377)
4(1386 1396 1397 1387)
4(1396 1406 1407 1397)
4(1406 1416 1417 1407)
4(1416 1426 1427 1417)
4(1426 1436 1437 1427)
4(1436 1446 1447 1437)
4(1446 1456 1457 1447)
4(1456 1466 1467 1457)
4(1466 1476 1477 1467)
4(1476 1486 1487 1477)
4(1486 1496 1497 1487)
4(1496 1506 1507 1497)
4(1506 1516 1517 1507)
4(1516 1526 1527 1517)
4(1526 1536 1537 1527)
4(1536 1546 1547 1537)
4(1546 1556 1557 1547)
4(1556 1566 1567 1557)
4(1566 1576 1577 1567)
4(1576 1586 1587 1577)
4(1586 1596 1597 1587)
4(1596 1606 1607 1597)
4(1606 1616 1617 1607)
4(1616 1626 1627 1617)
4(1626 1636 1637 1627)
4(1636 1646 1647 1637)
4(1646 1656 1657 1647)
4(1656 1666 1667 1657)
4(1666 1676 1677 1667)
4(1676 1686 1687 1677)
4(1686 1696 1697 1687)
4(1696 1706 1707 1697)
4(1706 1716 1717 1707)
4(1716 1726 1727 1717)
4(1726 1736 1737 1727)
4(1736 1746 1747 1737)
4(1746 1756 1757 1747)
4(1756 1766 1767 1757)
4(1766 1776 1777 1767)
4(1776 1786 1787 1777)
4(1786 1796 1797 1787)
4(1796 1806 1807 1797)
4(1806 1816 1817 1807)
4(1816 1826 1827 1817)
4(1826 1836 1837 1827)
4(1836 1846 1847 1837)
4(1846 1856 1857 1847)
4(1856 1866 1867 1857)
4(1866 1876 1877 1867)
4(1876 1886 1887 1877)
4(1886 1896 1897 1887)
4(1896 1906 1907 1897)
4(1906 1916 1917 1907)
4(1916 1926 1927 1917)
4(1926 1936 1937 1927)
4(1936 1946 1947 1937)
4(1946 1956 1957 1947)
4(1956 1966 1967 1957)
4(1966 1976 1977 1967)
4(1976 1986 1987 1977)
4(1986 1996 1997 1987)
4(1996 2006 2007 1997)
4(2006 2016 2017 2007)
4(2016 2026 2027 2017)
4(2026 2036 2037 2027)
4(2036 2046 2047 2037)
4(2046 2056 2057 2047)
4(2056 2066 2067 2057)
4(2066 2076 2077 2067)
4(2076 2086 2087 2077)
4(2086 2096 2097 2087)
4(2096 2106 2107 2097)
4(2106 2116 2117 2107)
4(2116 2126 2127 2117)
4(2126 2136 2137 2127)
4(2136 2146 2147 2137)
4(2146 2156 2157 2147)
4(2156 2166 2167 2157)
4(2166 2176 2177 2167)
4(2176 2186 2187 2177)
4(2186 2196 2197 2187)
4(2196 2206 2207 2197)
4(2206 2216 2217 2207)
4(2216 2226 2227 2217)
4(2226 2236 2237 2227)
4(2236 2246 2247 2237)
4(2246 2256 2257 2247)
4(2256 2266 2267 2257)
4(2266 2276 2277 2267)
4(2276 2286 2287 2277)
4(2286 2296 2297 2287)
4(2296 2306 2307 2297)
4(2306 2316 2317 2307)
4(2316 2326 2327 2317)
4(2326 2336 2337 2327)
4(2336 2346 2347 2337)
4(2346 2356 2357 2347)
4(2356 2366 2367 2357)
4(2366 2376 2377 2367)
4(2376 2386 2387 2377)
4(2386 2396 2397 2387)
4(2396 2406 2407 2397)
4(2406 2416 2417 2407)
4(2416 2426 2427 2417)
4(2426 2436 2437 2427)
4(2436 2446 2447 2437)
4(2446 2456 2457 2447)
4(2456 2466 2467 2457)
4(2466 2476 2477 2467)
4(2476 2486 2487 2477)
4(2486 2496 2497 2487)
4(2496 2506 2507 2497)
4(2506 2516 2517 2507)
4(2516 2526 2527 2517)
4(2526 2536 2537 2527)
4(2536 2546 2547 2537)
4(2546 2556 2557 2547)
4(2556 2566 2567 2557)
4(2566 2576 2577 2567)
4(2576 2586 2587 2577)
4(2586 2596 2597 2587)
4(2596 2606 2607 2597)
4(2606 2616 2617 2607)
4(2616 2626 2627 2617)
4(2626 2636 2637 2627)
4(2636 2646 2647 2637)
4(2646 2656 2657 2647)
4(2656 2666 2667 2657)
4(2666 2676 2677 2667)
4(2676 2686 2687 2677)
4(2686 2696 2697 2687)
4(2696 2706 2707 2697)
4(2706 2716 2717 2707)
4(2716 2726 2727 2717)
4(2726 2736 2737 2727)
4(2736 2746 2747 2737)
4(2746 2756 2757 2747)
4(2756 2766 2767 2757)
4(2766 2776 2777 2767)
4(2776 2786 2787 2777)
4(2786 2796 2797 2787)
4(2796 2806 2807 2797)
4(2806 2816 2817 2807)
4(2816 2826 2827 2817)
4(2826 2836 2837 2827)
4(2836 2846 2847 2837)
4(2846 2856 2857 2847)
4(2856 2866 2867 2857)
4(2866 2876 2877 2867)
4(2876 2886 2887 2877)
4(2886 2896 2897 2887)
4(2896 2906 2907 2897)
4(2906 2916 2917 2907)
4(2916 2926 2927 2917)
4(2926 2936 2937 2927)
4(2936 2946 2947 2937)
4(2946 2956 2957 2947)
4(2956 2966 2967 2957)
4(2966 2976 2977 2967)
4(2976 2986 2987 2977)
4(2986 2996 2997 2987)
4(2996 3006 3007 2997)
4(3006 3016 3017 3007)
4(3016 3026 3027 3017)
4(3026 3036 3037 3027)
4(3036 3046 3047 3037)
4(3046 3056 3057 3047)
4(3056 3066 3067 3057)
4(3066 3076 3077 3067)
4(3076 3086 3087 3077)
4(3086 3096 3097 3087)
4(3096 3106 3107 3097)
4(3106 3116 3117 3107)
4(3116 3126 3127 3117)
4(3126 3136 3137 3127)
4(3136 3146 3147 3137)
4(3146 3156 3157 3147)
4(3156 3166 3167 3157)
4(3166 3176 3177 3167)
4(3176 3186 3187 3177)
4(3186 3196 3197 3187)
4(3196 3206 3207 3197)
4(3206 3216 3217 3207)
4(3216 3226 3227 3217)
4(3226 3236 3237 3227)
4(3236 3246 3247 3237)
4(3246 3256 3257 3247)
4(3256 3266 3267 3257)
4(3266 3276 3277 3267)
4(3276 3286 3287 3277)
4(3286 3296 3297 3287)
4(3296 3306 3307 3297)
4(3306 3316 3317 3307)
4(3316 3326 3327 3317)
4(3326 3336 3337 3327)
4(3336 3346 3347 3337)
4(3346 3356 3357 3347)
4(3356 3366 3367 3357)
4(3366 3376 3377 3367)
4(3376 3386 3387 3377)
4(3386 3396 3397 3387)
4(3396 3406 3407 3397)
4(3406 3416 3417 3407)
4(3416 3426 3427 3417)
4(3426 3436 3437 3427)
4(3436 3446 3447 3437)
4(3446 3456 3457 3447)
4(3456 3466 3467 3457)
4(3466 3476 3477 3467)
4(3476 3486 3487 3477)
4(3486 3496 3497 3487)
4(3496 3506 3507 3497)
4(3506 3516 3517 3507)
4(3516 3526 3527 3517)
4(3526 3536 3537 3527)
4(3536 3546 3547 3537)
4(3546 3556 3557 3547)
4(3556 3566 3567 3557)
4(3566 3576 3577 3567)
4(3576 3586 3587 3577)
4(3586 3596 3597 3587)
4(3596 3606 3607 3597)
4(3606 3616 3617 3607)
4(3616 3626 3627 3617)
4(3626 3636 3637 3627)
4(3636 3646 3647 3637)
4(3646 3656 3657 3647)
4(3656 3666 3667 3657)
4(3666 3676 3677 3667)
4(3676 3686 3687 3677)
4(3686 3696 3697 3687)
4(3696 3706 3707 3697)
4(3706 3716 3717 3707)
4(3716 3726 3727 3717)
4(3726 3736 3737 3727)
4(3736 3746 3747 3737)
4(3746 3756 3757 3747)
4(3756 3766 3767 3757)
4(3766 3776 3777 3767)
4(3776 3786 3787 3777)
4(3786 3796 3797 3787)
4(3796 3806 3807 3797)
4(3806 3816 3817 3807)
4(3816 3826 3827 3817)
4(3826 3836 3837 3827)
4(3836 3846 3847 3837)
4(3846 3856 3857 3847)
4(3856 3866 3867 3857)
4(3866 3876 3877 3867)
4(3876 3886 3887 3877)
4(3886 3896 3897 3887)
4(3896 3906 3907 3897)
4(3906 3916 3917 3907)
4(3916 3926 3927 3917)
4(3926 3936 3937 3927)
4(3936 3946 3947 3937)
4(3946 3956 3957 3947)
4(3956 3966 3967 3957)
4(3966 3976 3977 3967)
4(3976 3986 3987 3977)
4(3986 3996 3997 3987)
4(3996 4006 4007 3997)
4(7 17 18 8)
4(17 27 28 18)
4(27 37 38 28)
4(37 47 48 38)
4(47 57 58 48)
4(57 67 68 58)
4(67 77 78 68)
4(77 87 88 78)
4(87 97 98 88)
4(97 107 108 98)
4(107 117 118 108)
4(117 127 128 118)
4(127 137 138 128)
4(137 147 148 138)
4(147 157 158 148)
4(157 167 168 158)
4(167 177 178 168)
4(177 187 188 178)
4(187 197 198 188)
4(197 207 208 198)
4(207 217 218 208)
4(217 227 228 218)
4(227 237 238 228)
4(237 247 248 238)
4(247 257 258 248)
4(257 267 268 258)
4(267 277 278 268)
4(277 287 288 278)
4(287 297 298 288)
4(297 307 308 298)
4(307 317 318 308)
4(317 327 328 318)
4(327 337 338 328)
4(337 347 348 338)
4(347 357 358 348)
4(357 367 368 358)
4(367 377 378 368)
4(377 387 388 378)
4(387 397 398 388)
4(397 407 408 398)
4(407 417 418 408)
4(417 427 428 418)
4(427 437 438 428)
4(437 447 448 438)
4(447 457 458 448)
4(457 467 468 458)
4(467 477 478 468)
4(477 487 488 478)
4(487 497 498 488)
4(497 507 508 498)
4(507 517 518 508)
4(517 527 528 518)
4(527 537 538 528)
4(537 547 548 538)
4(547 557 558 548)
4(557 567 568 558)
4(567 577 578 568)
4(577 587 588 578)
4(587 597 598 588)
4(597 607 608 598)
4(607 617 618 608)
4(617 627 628 618)
4(627 637 638 628)
4(637 647 648 638)
4(647 657 658 648)
4(657 667 668 658)
4(667 677 678 668)
4(677 687 688 678)
4(687 697 698 688)
4(697 707 708 698)
4(707 717 718 708)
4(717 727 728 718)
4(727 737 738 728)
4(737 747 748 738)
4(747 757 758 748)
4(757 767 768 758)
4(767 777 778 768)
4(777 787 788 778)
4(787 797 798 788)
4(797 807 808 798)
4(807 817 818 808)
4(817 827 828 818)
4(827 837 838 828)
4(837 847 848 838)
4(847 857 858 848)
4(857 867 868 858)
4(867 877 878 868)
4(877 887 888 878)
4(887 897 898 888)
4(897 907 908 898)
4(907 917 918 908)
4(917 927 928 918)
4(927 937 938 928)
4(937 947 948 938)
4(947 957 958 948)
4(957 967 968 958)
4(967 977 978 968)
4(977 987 988 978)
4(987 997 998 988)
4(997 1007 1008 998)
4(1007 1017 1018 1008)
4(1017 1027 1028 1018)
4(1027 1037 1038 1028)
4(1037 1047 1048 1038)
4(1047 1057 1058 1048)
4(1057 1067 1068 1058)
4(1067 1077 1078 1068)
4(1077 1087 1088 1078)
4(1087 1097 1098 1088)
4(1097 1107 1108 1098)
4(1107 1117 1118 1108)
4(1117 1127 1128 1118)
4(1127 1137 1138 1128)
4(1137 1147 1148 1138)
4(1147 1157 1158 1148)
4(1157 1167 1168 1158)
4(1167 1177 1178 1168)
4(1177 1187 1188 1178)
4(1187 1197 1198 1188)
4(1197 1207 1208 1198)
4(1207 1217 1218 1208)
4(1217 1227 1228 1218)
4(1227 1237 1238 1228)
4(1237 1247 1248 1238)
4(1247 1257 1258 1248)
4(1257 1267 1268 1258)
4(1267 1277 1278 1268)
4(1277 1287 1288 1278)
4(1287 1297 1298 1288)
4(1297 1307 1308 1298)
4(1307 1317 1318 1308)
4(1317 1327 1328 1318)
4(1327 1337 1338 1328)
4(1337 1347 1348 1338)
4(1347 1357 1358 1348)
4(1357 1367 1368 1358)
4(1367 1377 1378 1368)
4(1377 1387 1388 1378)
4(1387 1397 1398 1388)
4(1397 1407 1408 1398)
4(1407 1417 1418 1408)
4(1417 1427 1428 1418)
4(1427 1437 1438 1428)
4(1437 1447 1448 1438)
4(1447 1457 1458 1448)
4(1457 1467 1468 1458)
4(1467 1477 1478 1468)
4(1477 1487 1488 1478)
4(1487 1497 1498 1488)
4(1497 1507 1508 1498)
4(1507 1517 1518 1508)
4(1517 1527 1528 1518)
4(1527 1537 1538 1528)
4(1537 1547 1548 1538)
4(1547 1557 1558 1548)
4(1557 1567 1568 1558)
4(1567 1577 1578 1568)
4(1577 1587 1588 1578)
4(1587 1597 1598 1588)
4(1597 1607 1608 1598)
4(1607 1617 1618 1608)
4(1617 1627 1628 1618)
4(1627 1637 1638 1628)
4(1637 1647 1648 1638)
4(1647 1657 1658 1648)
4(1657 1667 1668 1658)
4(1667 1677 1678 1668)
4(1677 1687 1688 1678)
4(1687 1697 1698 1688)
4(1697 1707 1708 1698)
4(1707 1717 1718 1708)
4(1717 1727 1728 1718)
4(1727 1737 1738 1728)
4(1737 1747 1748 1738)
4(1747 1757 1758 1748)
4(1757 1767 1768 1758)
4(1767 1777 1778 1768)
4(1777 1787 1788 1778)
4(1787 1797 1798 1788)
4(1797 1807 1808 1798)
4(1807 1817 1818 1808)
4(1817 1827 1828 1818)
4(1827 1837 1838 1828)
4(1837 1847 1848 1838)
4(1847 1857 1858 1848)
4(1857 1867 1868 1858)
4(1867 1877 1878 1868)
4(1877 1887 1888 1878)
4(1887 1897 1898 1888)
4(1897 1907 1908 1898)
4(1907 1917 1918 1908)
4(1917 1927 1928 1918)
4(1927 1937 1938 1928)
4(1937 1947 1948 1938)
4(1947 1957 1958 1948)
4(1957 1967 1968 1958)
4(1967 1977 1978 1968)
4(1977 1987 1988 1978)
4(1987 1997 1998 1988)
4(1997 2007 2008 1998)
4(2007 2017 2018 2008)
4(2017 2027 2028 2018)
4(2027 2037 2038 2028)
4(2037 2047 2048 2038)
4(2047 2057 2058 2048)
4(2057 2067 2068 2058)
4(2067 2077 2078 2068)
4(2077 2087 2088 2078)
4(2087 2097 2098 2088)
4(2097 2107 2108 2098)
4(2107 2117 2118 2108)
4(2117 2127 2128 2118)
4(2127 2137 2138 2128)
4(2137 2147 2148 2138)
4(2147 2157 2158 2148)
4(2157 2167 2168 2158)
4(2167 2177 2178 2168)
4(2177 2187 2188 2178)
4(2187 2197 2198 2188)
4(2197 2207 2208 2198)
4(2207 2217 2218 2208)
4(2217 2227 2228 2218)
4(2227 2237 2238 2228)
4(2237 2247 2248 2238)
4(2247 2257 2258 2248)
4(2257 2267 2268 2258)
4(2267 2277 2278 2268)
4(2277 2287 2288 2278)
4(2287 2297 2298 2288)
4(2297 2307 2308 2298)
4(2307 2317 2318 2308)
4(2317 2327 2328 2318)
4(2327 2337 2338 2328)
4(2337 2347 2348 2338)
4(2347 2357 2358 2348)
4(2357 2367 2368 2358)
4(2367 2377 2378 2368)
4(2377 2387 2388 2378)
4(2387 2397 2398 2388)
4(2397 2407 2408 2398)
4(2407 2417 2418 2408)
4(2417 2427 2428 2418)
4(2427 2437 2438 2428)
4(2437 2447 2448 2438)
4(2447 2457 2458 2448)
4(2457 2467 2468 2458)
4(2467 2477 2478 2468)
4(2477 2487 2488 2478)
4(2487 2497 2498 2488)
4(2497 2507 2508 2498)
4(2507 2517 2518 2508)
4(2517 2527 2528 2518)
4(2527 2537 2538 2528)
4(2537 2547 2548 2538)
4(2547 2557 2558 2548)
4(2557 2567 2568 2558)
4(2567 2577 2578 2568)
4(2577 2587 2588 2578)
4(2587 2597 2598 2588)
4(2597 2607 2608 2598)
4(2607 2617 2618 2608)
4(2617 2627 2628 2618)
4(2627 2637 2638 2628)
4(2637 2647 2648 2638)
4(2647 2657 2658 2648)
4(2657 2667 2668 2658)
4(2667 2677 2678 2668)
4(2677 2687 2688 2678)
4(2687 2697 2698 2688)
4(2697 2707 2708 2698)
4(2707 2717 2718 2708)
4(2717 2727 2728 2718)
4(2727 2737 2738 2728)
4(2737 2747 2748 2738)
4(2747 2757 2758 2748)
4(2757 2767 2768 2758)
4(2767 2777 2778 2768)
4(2777 2787 2788 2778)
4(2787 2797 2798 2788)
4(2797 2807 2808 2798)
4(2807 2817 2818 2808)
4(2817 2827 2828 2818)
4(2827 2837 2838 2828)
4(2837 2847 2848 2838)
4(2847 2857 2858 2848)
4(2857 2867 2868 2858)
4(2867 2877 2878 2868)
4(2877 2887 2888 2878)
4(2887 2897 2898 2888)
4(2897 2907 2908 2898)
4(2907 2917 2918 2908)
4(2917 2927 2928 2918)
4(2927 2937 2938 2928)
4(2937 2947 2948 2938)
4(2947 2957 2958 2948)
4(2957 2967 2968 2958)
4(2967 2977 2978 2968)
4(2977 2987 2988 2978)
4(2987 2997 2998 2988)
4(2997 3007 3008 2998)
4(3007 3017 3018 3008)
4(3017 3027 3028 3018)
4(3027 3037 3038 3028)
4(3037 3047 3048 3038)
4(3047 3057 3058 3048)
4(3057 3067 3068 3058)
4(3067 3077 3078 3068)
4(3077 3087 3088 3078)
4(3087 3097 3098 3088)
4(3097 3107 3108 3098)
4(3107 3117 3118 3108)
4(3117 3127 3128 3118)
4(3127 3137 3138 3128)
4(3137 3147 3148 3138)
4(3147 3157 3158 3148)
4(3157 3167 3168 3158)
4(3167 3177 3178 3168)
4(3177 3187 3188 3178)
4(3187 3197 3198 3188)
4(3197 3207 3208 3198)
4(3207 3217 3218 3208)
4(3217 3227 3228 3218)
4(3227 3237 3238 3228)
4(3237 3247 3248 3238)
4(3247 3257 3258 3248)
4(3257 3267 3268 3258)
4(3267 3277 3278 3268)
4(3277 3287 3288 3278)
4(3287 3297 3298 3288)
4(3297 3307 3308 3298)
4(3307 3317 3318 3308)
4(3317 3327 3328 3318)
4(3327 3337 3338 3328)
4(3337 3347 3348 3338)
4(3347 3357 3358 3348)
4(3357 3367 3368 3358)
4(3367 3377 3378 3368)
4(3377 3387 3388 3378)
4(3387 3397 3398 3388)
4(3397 3407 3408 3398)
4(3407 3417 3418 3408)
4(3417 3427 3428 3418)
4(3427 3437 3438 3428)
4(3437 3447 3448 3438)
4(3447 3457 3458 3448)
4(3457 3467 3468 3458)
4(3467 3477 3478 3468)
4(3477 3487 3488 3478)
4(3487 3497 3498 3488)
4(3497 3507 3508 3498)
4(3507 3517 3518 3508)
4(3517 3527 3528 3518)
4(3527 3537 3538 3528)
4(3537 3547 3548 3538)
4(3547 3557 3558 3548)
4(3557 3567 3568 3558)
4(3567 3577 3578 3568)
4(3577 3587 3588 3578)
4(3587 3597 3598 3588)
4(3597 3607 3608 3598)
4(3607 3617 3618 3608)
4(3617 3627 3628 3618)
4(3627 3637 3638 3628)
4(3637 3647 3648 3638)
4(3647 3657 3658 3648)
4(3657 3667 3668 3658)
4(3667 3677 3678 3668)
4(3677 3687 3688 3678)
4(3687 3697 3698 3688)
4(3697 3707 3708 3698)
4(3707 3717 3718 3708)
4(3717 3727 3728 3718)
4(3727 3737 3738 3728)
4(3737 3747 3748 3738)
4(3747 3757 3758 3748)
4(3757 3767 3768 3758)
4(3767 3777 3778 3768)
4(3777 3787 3788 3778)
4(3787 3797 3798 3788)
4(3797 3807 3808 3798)
4(3807 3817 3818 3808)
4(3817 3827 3828 3818)
4(3827 3837 3838 3828)
4(3837 3847 3848 3838)
4(3847 3857 3858 3848)
4(3857 3867 3868 3858)
4(3867 3877 3878 3868)
4(3877 3887 3888 3878)
4(3887 3897 3898 3888)
4(3897 3907 3908 3898)
4(3907 3917 3918 3908)
4(3917 3927 3928 3918)
4(3927 3937 3938 3928)
4(3937 3947 3948 3938)
4(3947 3957 3958 3948)
4(3957 3967 3968 3958)
4(3967 3977 3978 3968)
4(3977 3987 3988 3978)
4(3987 3997 3998 3988)
4(3997 4007 4008 3998)
4(8 18 19 9)
4(18 28 29 19)
4(28 38 39 29)
4(38 48 49 39)
4(48 58 59 49)
4(58 68 69 59)
4(68 78 79 69)
4(78 88 89 79)
4(88 98 99 89)
4(98 108 109 99)
4(108 118 119 109)
4(118 128 129 119)
4(128 138 139 129)
4(138 148 149 139)
4(148 158 159 149)
4(158 168 169 159)
4(168 178 179 169)
4(178 188 189 179)
4(188 198 199 189)
4(198 208 209 199)
4(208 218 219 209)
4(218 228 229 219)
4(228 238 239 229)
4(238 248 249 239)
4(248 258 259 249)
4(258 268 269 259)
4(268 278 279 269)
4(278 288 289 279)
4(288 298 299 289)
4(298 308 309 299)
4(308 318 319 309)
4(318 328 329 319)
4(328 338 339 329)
4(338 348 349 339)
4(348 358 359 349)
4(358 368 369 359)
4(368 378 379 369)
4(378 388 389 379)
4(388 398 399 389)
4(398 408 409 399)
4(408 418 419 409)
4(418 428 429 419)
4(428 438 439 429)
4(438 448 449 439)
4(448 458 459 449)
4(458 468 469 459)
4(468 478 479 469)
4(478 488 489 479)
4(488 498 499 489)
4(498 508 509 499)
4(508 518 519 509)
4(518 528 529 519)
4(528 538 539 529)
4(538 548 549 539)
4(548 558 559 549)
4(558 568 569 559)
4(568 578 579 569)
4(578 588 589 579)
4(588 598 599 589)
4(598 608 609 599)
4(608 618 619 609)
4(618 628 629 619)
4(628 638 639 629)
4(638 648 649 639)
4(648 658 659 649)
4(658 668 669 659)
4(668 678 679 669)
4(678 688 689 679)
4(688 698 699 689)
4(698 708 709 699)
4(708 718 719 709)
4(718 728 729 719)
4(728 738 739 729)
4(738 748 749 739)
4(748 758 759 749)
4(758 768 769 759)
4(768 778 779 769)
4(778 788 789 779)
4(788 798 799 789)
4(798 808 809 799)
4(808 818 819 809)
4(818 828 829 819)
4(828 838 839 829)
4(838 848 849 839)
4(848 858 859 849)
4(858 868 869 859)
4(868 878 879 869)
4(878 888 889 879)
4(888 898 899 889)
4(898 908 909 899)
4(908 918 919 909)
4(918 928 929 919)
4(928 938 939 929)
4(938 948 949 939)
4(948 958 959 949)
4(958 968 969 959)
4(968 978 979 969)
4(978 988 989 979)
4(988 998 999 989)
4(998 1008 1009 999)
4(1008 1018 1019 1009)
4(1018 1028 1029 1019)
4(1028 1038 1039 1029)
4(1038 1048 1049 1039)
4(1048 1058 1059 1049)
4(1058 1068 1069 1059)
4(1068 1078 1079 1069)
4(1078 1088 1089 1079)
4(1088 1098 1099 1089)
4(1098 1108 1109 1099)
4(1108 1118 1119 1109)
4(1118 1128 1129 1119)
4(1128 1138 1139 1129)
4(1138 1148 1149 1139)
4(1148 1158 1159 1149)
4(1158 1168 1169 1159)
4(1168 1178 1179 1169)
4(1178 1188 1189 1179)
4(1188 1198 1199 1189)
4(1198 1208 1209 1199)
4(1208 1218 1219 1209)
4(1218 1228 1229 1219)
4(1228 1238 1239 1229)
4(1238 1248 1249 1239)
4(1248 1258 1259 1249)
4(1258 1268 1269 1259)
4(1268 1278 1279 1269)
4(1278 1288 1289 1279)
4(1288 1298 1299 1289)
4(1298 1308 1309 1299)
4(1308 1318 1319 1309)
4(1318 1328 1329 1319)
4(1328 1338 1339 1329)
4(1338 1348 1349 1339)
4(1348 1358 1359 1349)
4(1358 1368 1369 1359)
4(1368 1378 1379 1369)
4(1378 1388 1389 1379)
4(1388 1398 1399 1389)
4(1398 1408 1409 1399)
4(1408 1418 1419 1409)
4(1418 1428 1429 1419)
4(1428 1438 1439 1429)
4(1438 1448 1449 1439)
4(1448 1458 1459 1449)
4(1458 1468 1469 1459)
4(1468 1478 1479 1469)
4(1478 1488 1489 1479)
4(1488 1498 1499 1489)
4(1498 1508 1509 1499)
4(1508 1518 1519 1509)
4(1518 1528 1529 1519)
4(1528 1538 1539 1529)
4(1538 1548 1549 1539)
4(1548 1558 1559 1549)
4(1558 1568 1569 1559)
4(1568 1578 1579 1569)
4(1578 1588 1589 1579)
4(1588 1598 1599 1589)
4(1598 1608 1609 1599)
4(1608 1618 1619 1609)
4(1618 1628 1629 1619)
4(1628 1638 1639 1629)
4(1638 1648 1649 1639)
4(1648 1658 1659 1649)
4(1658 1668 1669 1659)
4(1668 1678 1679 1669)
4(1678 1688 1689 1679)
4(1688 1698 1699 1689)
4(1698 1708 1709 1699)
4(1708 1718 1719 1709)
4(1718 1728 1729 1719)
4(1728 1738 1739 1729)
4(1738 1748 1749 1739)
4(1748 1758 1759 1749)
4(1758 1768 1769 1759)
4(1768 1778 1779 1769)
4(1778 1788 1789 1779)
4(1788 1798 1799 1789)
4(1798 1808 1809 1799)
4(1808 1818 1819 1809)
4(1818 1828 1829 1819)
4(1828 1838 1839 1829)
4(1838 1848 1849 1839)
4(1848 1858 1859 1849)
4(1858 1868 1869 1859)
4(1868 1878 1879 1869)
4(1878 1888 1889 1879)
4(1888 1898 1899 1889)
4(1898 1908 1909 1899)
4(1908 1918 1919 1909)
4(1918 1928 1929 1919)
4(1928 1938 1939 1929)
4(1938 1948 1949 1939)
4(1948 1958 1959 1949)
4(1958 1968 1969 1959)
4(1968 1978 1979 1969)
4(1978 1988 1989 1979)
4(1988 1998 1999 1989)
4(1998 2008 2009 1999)
4(2008 2018 2019 2009)
4(2018 2028 2029 2019)
4(2028 2038 2039 2029)
4(2038 2048 2049 2039)
4(2048 2058 2059 2049)
4(2058 2068 2069 2059)
4(2068 2078 2079 2069)
4(2078 2088 2089 2079)
4(2088 2098 2099 2089)
4(2098 2108 2109 2099)
4(2108 2118 2119 2109)
4(2118 2128 2129 2119)
4(2128 2138 2139 2129)
4(2138 2148 2149 2139)
4(2148 2158 2159 2149)
4(2158 2168 2169 2159)
4(2168 2178 2179 2169)
4(2178 2188 2189 2179)
4(2188 2198 2199 2189)
4(2198 2208 2209 2199)
4(2208 2218 2219 2209)
4(2218 2228 2229 2219)
4(2228 2238 2239 2229)
4(2238 2248 2249 2239)
4(2248 2258 2259 2249)
4(2258 2268 2269 2259)
4(2268 2278 2279 2269)
4(2278 2288 2289 2279)
4(2288 2298 2299 2289)
4(2298 2308 2309 2299)
4(2308 2318 2319 2309)
4(2318 2328 2329 2319)
4(2328 2338 2339 2329)
4(2338 2348 2349 2339)
4(2348 2358 2359 2349)
4(2358 2368 2369 2359)
4(2368 2378 2379 2369)
4(2378 2388 2389 2379)
4(2388 2398 2399 2389)
4(2398 2408 2409 2399)
4(2408 2418 2419 2409)
4(2418 2428 2429 2419)
4(2428 2438 2439 2429)
4(2438 2448 2449 2439)
4(2448 2458 2459 2449)
4(2458 2468 2469 2459)
4(2468 2478 2479 2469)
4(2478 2488 2489 2479)
4(2488 2498 2499 2489)
4(2498 2508 2509 2499)
4(2508 2518 2519 2509)
4(2518 2528 2529 2519)
4(2528 2538 2539 2529)
4(2538 2548 2549 2539)
4(2548 2558 2559 2549)
4(2558 2568 2569 2559)
4(2568 2578 2579 2569)
4(2578 2588 2589 2579)
4(2588 2598 2599 2589)
4(2598 2608 2609 2599)
4(2608 2618 2619 2609)
4(2618 2628 2629 2619)
4(2628 2638 2639 2629)
4(2638 2648 2649 2639)
4(2648 2658 2659 2649)
4(2658 2668 2669 2659)
4(2668 2678 2679 2669)
4(2678 2688 2689 2679)
4(2688 2698 2699 2689)
4(2698 2708 2709 2699)
4(2708 2718 2719 2709)
4(2718 2728 2729 2719)
4(2728 2738 2739 2729)
4(2738 2748 2749 2739)
4(2748 2758 2759 2749)
4(2758 2768 2769 2759)
4(2768 2778 2779 2769)
4(2778 2788 2789 2779)
4(2788 2798 2799 2789)
4(2798 2808 2809 2799)
4(2808 2818 2819 2809)
4(2818 2828 2829 2819)
4(2828 2838 2839 2829)
4(2838 2848 2849 2839)
4(2848 2858 2859 2849)
4(2858 2868 2869 2859)
4(2868 2878 2879 2869)
4(2878 2888 2889 2879)
4(2888 2898 2899 2889)
4(2898 2908 2909 2899)
4(2908 2918 2919 2909)
4(2918 2928 2929 2919)
4(2928 2938 2939 2929)
4(2938 2948 2949 2939)
4(2948 2958 2959 2949)
4(2958 2968 2969 2959)
4(2968 2978 2979 2969)
4(2978 2988 2989 2979)
4(2988 2998 2999 2989)
4(2998 3008 3009 2999)
4(3008 3018 3019 3009)
4(3018 3028 3029 3019)
4(3028 3038 3039 3029)
4(3038 3048 3049 3039)
4(3048 3058 3059 3049)
4(3058 3068 3069 3059)
4(3068 3078 3079 3069)
4(3078 3088 3089 3079)
4(3088 3098 3099 3089)
4(3098 3108 3109 3099)
4(3108 3118 3119 3109)
4(3118 3128 3129 3119)
4(3128 3138 3139 3129)
4(3138 3148 3149 3139)
4(3148 3158 3159 3149)
4(3158 3168 3169 3159)
4(3168 3178 3179 3169)
4(3178 3188 3189 3179)
4(3188 3198 3199 3189)
4(3198 3208 3209 3199)
4(3208 3218 3219 3209)
4(3218 3228 3229 3219)
4(3228 3238 3239 3229)
4(3238 3248 3249 3239)
4(3248 3258 3259 3249)
4(3258 3268 3269 3259)
4(3268 3278 3279 3269)
4(3278 3288 3289 3279)
4(3288 3298 3299 3289)
4(3298 3308 3309 3299)
4(3308 3318 3319 3309)
4(3318 3328 3329 3319)
4(3328 3338 3339 3329)
4(3338 3348 3349 3339)
4(3348 3358 3359 3349)
4(3358 3368 3369 3359)
4(3368 3378 3379 3369)
4(3378 3388 3389 3379)
4(3388 3398 3399 3389)
4(3398 3408 3409 3399)
4(3408 3418 3419 3409)
4(3418 3428 3429 3419)
4(3428 3438 3439 3429)
4(3438 3448 3449 3439)
4(3448 3458 3459 3449)
4(3458 3468 3469 3459)
4(3468 3478 3479 3469)
4(3478 3488 3489 3479)
4(3488 3498 3499 3489)
4(3498 3508 3509 3499)
4(3508 3518 3519 3509)
4(3518 3528 3529 3519)
4(3528 3538 3539 3529)
4(3538 3548 3549 3539)
4(3548 3558 3559 3549)
4(3558 3568 3569 3559)
4(3568 3578 3579 3569)
4(3578 3588 3589 3579)
4(3588 3598 3599 3589)
4(3598 3608 3609 3599)
4(3608 3618 3619 3609)
4(3618 3628 3629 3619)
4(3628 3638 3639 3629)
4(3638 3648 3649 3639)
4(3648 3658 3659 3649)
4(3658 3668 3669 3659)
4(3668 3678 3679 3669)
4(3678 3688 3689 3679)
4(3688 3698 3699 3689)
4(3698 3708 3709 3699)
4(3708 3718 3719 3709)
4(3718 3728 3729 3719)
4(3728 3738 3739 3729)
4(3738 3748 3749 3739)
4(3748 3758 3759 3749)
4(3758 3768 3769 3759)
4(3768 3778 3779 3769)
4(3778 3788 3789 3779)
4(3788 3798 3799 3789)
4(3798 3808 3809 3799)
4(3808 3818 3819 3809)
4(3818 3828 3829 3819)
4(3828 3838 3839 3829)
4(3838 3848 3849 3839)
4(3848 3858 3859 3849)
4(3858 3868 3869 3859)
4(3868 3878 3879 3869)
4(3878 3888 3889 3879)
4(3888 3898 3899 3889)
4(3898 3908 3909 3899)
4(3908 3918 3919 3909)
4(3918 3928 3929 3919)
4(3928 3938 3939 3929)
4(3938 3948 3949 3939)
4(3948 3958 3959 3949)
4(3958 3968 3969 3959)
4(3968 3978 3979 3969)
4(3978 3988 3989 3979)
4(3988 3998 3999 3989)
4(3998 4008 4009 3999)
4(0 1 11 10)
4(10 11 21 20)
4(20 21 31 30)
4(30 31 41 40)
4(40 41 51 50)
4(50 51 61 60)
4(60 61 71 70)
4(70 71 81 80)
4(80 81 91 90)
4(90 91 101 100)
4(100 101 111 110)
4(110 111 121 120)
4(120 121 131 130)
4(130 131 141 140)
4(140 141 151 150)
4(150 151 161 160)
4(160 161 171 170)
4(170 171 181 180)
4(180 181 191 190)
4(190 191 201 200)
4(200 201 211 210)
4(210 211 221 220)
4(220 221 231 230)
4(230 231 241 240)
4(240 241 251 250)
4(250 251 261 260)
4(260 261 271 270)
4(270 271 281 280)
4(280 281 291 290)
4(290 291 301 300)
4(300 301 311 310)
4(310 311 321 320)
4(320 321 331 330)
4(330 331 341 340)
4(340 341 351 350)
4(350 351 361 360)
4(360 361 371 370)
4(370 371 381 380)
4(380 381 391 390)
4(390 391 401 400)
4(400 401 411 410)
4(410 411 421 420)
4(420 421 431 430)
4(430 431 441 440)
4(440 441 451 450)
4(450 451 461 460)
4(460 461 471 470)
4(470 471 481 480)
4(480 481 491 490)
4(490 491 501 500)
4(500 501 511 510)
4(510 511 521 520)
4(520 521 531 530)
4(530 531 541 540)
4(540 541 551 550)
4(550 551 561 560)
4(560 561 571 570)
4(570 571 581 580)
4(580 581 591 590)
4(590 591 601 600)
4(600 601 611 610)
4(610 611 621 620)
4(620 621 631 630)
4(630 631 641 640)
4(640 641 651 650)
4(650 651 661 660)
4(660 661 671 670)
4(670 671 681 680)
4(680 681 691 690)
4(690 691 701 700)
4(700 701 711 710)
4(710 711 721 720)
4(720 721 731 730)
4(730 731 741 740)
4(740 741 751 750)
4(750 751 761 760)
4(760 761 771 770)
4(770 771 781 780)
4(780 781 791 790)
4(790 791 801 800)
4(800 801 811 810)
4(810 811 821 820)
4(820 821 831 830)
4(830 831 841 840)
4(840 841 851 850)
4(850 851 861 860)
4(860 861 871 870)
4(870 871 881 880)
4(880 881 891 890)
4(890 891 901 900)
4(900 901 911 910)
4(910 911 921 920)
4(920 921 931 930)
4(930 931 941 940)
4(940 941 951 950)
4(950 951 961 960)
4(960 961 971 970)
4(970 971 981 980)
4(980 981 991 990)
4(990 991 1001 1000)
4(1000 1001 1011 1010)
4(1010 1011 1021 1020)
4(1020 1021 1031 1030)
4(1030 1031 1041 1040)
4(1040 1041 1051 1050)
4(1050 1051 1061 1060)
4(1060 1061 1071 1070)
4(1070 1071 1081 1080)
4(1080 1081 1091 1090)
4(1090 1091 1101 1100)
4(1100 1101 1111 1110)
4(1110 1111 1121 1120)
4(1120 1121 1131 1130)
4(1130 1131 1141 1140)
4(1140 1141 1151 1150)
4(1150 1151 1161 1160)
4(1160 1161 1171 1170)
4(1170 1171 1181 1180)
4(1180 1181 1191 1190)
4(1190 1191 1201 1200)
4(1200 1201 1211 1210)
4(1210 1211 1221 1220)
4(1220 1221 1231 1230)
4(1230 1231 1241 1240)
4(1240 1241 1251 1250)
4(1250 1251 1261 1260)
4(1260 1261 1271 1270)
4(1270 1271 1281 1280)
4(1280 1281 1291 1290)
4(1290 1291 1301 1300)
4(1300 1301 1311 1310)
4(1310 1311 1321 1320)
4(1320 1321 1331 1330)
4(1330 1331 1341 1340)
4(1340 1341 1351 1350)
4(1350 1351 1361 1360)
4(1360 1361 1371 1370)
4(1370 1371 1381 1380)
4(1380 1381 1391 1390)
4(1390 1391 1401 1400)
4(1400 1401 1411 1410)
4(1410 1411 1421 1420)
4(1420 1421 1431 1430)
4(1430 1431 1441 1440)
4(1440 1441 1451 1450)
4(1450 1451 1461 1460)
4(1460 1461 1471 1470)
4(1470 1471 1481 1480)
4(1480 1481 1491 1490)
4(1490 1491 1501 1500)
4(1500 1501 1511 1510)
4(1510 1511 1521 1520)
4(1520 1521 1531 1530)
4(1530 1531 1541 1540)
4(1540 1541 1551 1550)
4(1550 1551 1561 1560)
4(1560 1561 1571 1570)
4(1570 1571 1581 1580)
4(1580 1581 1591 1590)
4(1590 1591 1601 1600)
4(1600 1601 1611 1610)
4(1610 1611 1621 1620)
4(1620 1621 1631 1630)
4(1630 1631 1641 1640)
4(1640 1641 1651 1650)
4(1650 1651 1661 1660)
4(1660 1661 1671 1670)
4(1670 1671 1681 1680)
4(1680 1681 1691 1690)
4(1690 1691 1701 1700)
4(1700 1701 1711 1710)
4(1710 1711 1721 1720)
4(1720 1721 1731 1730)
4(1730 1731 1741 1740)
4(1740 1741 1751 1750)
4(1750 1751 1761 1760)
4(1760 1761 1771 1770)
4(1770 1771 1781 1780)
4(1780 1781 1791 1790)
4(1790 1791 1801 1800)
4(1800 1801 1811 1810)
4(1810 1811 1821 1820)
4(1820 1821 1831 1830)
4(1830 1831 1841 1840)
4(1840 1841 1851 1850)
4(1850 1851 1861 1860)
4(1860 1861 1871 1870)
4(1870 1871 1881 1880)
4(1880 1881 1891 1890)
4(1890 1891 1901 1900)
4(1900 1901 1911 1910)
4(1910 1911 1921 1920)
4(1920 1921 1931 1930)
4(1930 1931 1941 1940)
4(1940 1941 1951 1950)
4(1950 1951 1961 1960)
4(1960 1961 1971 1970)
4(1970 1971 1981 1980)
4(1980 1981 1991 1990)
4(1990 1991 2001 2000)
4(2000 2001 2011 2010)
4(2010 2011 2021 2020)
4(2020 2021 2031 2030)
4(2030 2031 2041 2040)
4(2040 2041 2051 2050)
4(2050 2051 2061 2060)
4(2060 2061 2071 2070)
4(2070 2071 2081 2080)
4(2080 2081 2091 2090)
4(2090 2091 2101 2100)
4(2100 2101 2111 2110)
4(2110 2111 2121 2120)
4(2120 2121 2131 2130)
4(2130 2131 2141 2140)
4(2140 2141 2151 2150)
4(2150 2151 2161 2160)
4(2160 2161 2171 2170)
4(2170 2171 2181 2180)
4(2180 2181 2191 2190)
4(2190 2191 2201 2200)
4(2200 2201 2211 2210)
4(2210 2211 2221 2220)
4(2220 2221 2231 2230)
4(2230 2231 2241 2240)
4(2240 2241 2251 2250)
4(2250 2251 2261 2260)
4(2260 2261 2271 2270)
4(2270 2271 2281 2280)
4(2280 2281 2291 2290)
4(2290 2291 2301 2300)
4(2300 2301 2311 2310)
4(2310 2311 2321 2320)
4(2320 2321 2331 2330)
4(2330 2331 2341 2340)
4(2340 2341 2351 2350)
4(2350 2351 2361 2360)
4(2360 2361 2371 2370)
4(2370 2371 2381 2380)
4(2380 2381 2391 2390)
4(2390 2391 2401 2400)
4(2400 2401 2411 2410)
4(2410 2411 2421 2420)
4(2420 2421 2431 2430)
4(2430 2431 2441 2440)
4(2440 2441 2451 2450)
4(2450 2451 2461 2460)
4(2460 2461 2471 2470)
4(2470 2471 2481 2480)
4(2480 2481 2491 2490)
4(2490 2491 2501 2500)
4(2500 2501 2511 2510)
4(2510 2511 2521 2520)
4(2520 2521 2531 2530)
4(2530 2531 2541 2540)
4(2540 2541 2551 2550)
4(2550 2551 2561 2560)
4(2560 2561 2571 2570)
4(2570 2571 2581 2580)
4(2580 2581 2591 2590)
4(2590 2591 2601 2600)
4(2600 2601 2611 2610)
4(2610 2611 2621 2620)
4(2620 2621 2631 2630)
4(2630 2631 2641 2640)
4(2640 2641 2651 2650)
4(2650 2651 2661 2660)
4(2660 2661 2671 2670)
4(2670 2671 2681 2680)
4(2680 2681 2691 2690)
4(2690 2691 2701 2700)
4(2700 2701 2711 2710)
4(2710 2711 2721 2720)
4(2720 2721 2731 2730)
4(2730 2731 2741 2740)
4(2740 2741 2751 2750)
4(2750 2751 2761 2760)
4(2760 2761 2771 2770)
4(2770 2771 2781 2780)
4(2780 2781 2791 2790)
4(2790 2791 2801 2800)
4(2800 2801 2811 2810)
4(2810 2811 2821 2820)
4(2820 2821 2831 2830)
4(2830 2831 2841 2840)
4(2840 2841 2851 2850)
4(2850 2851 2861 2860)
4(2860 2861 2871 2870)
4(2870 2871 2881 2880)
4(2880 2881 2891 2890)
4(2890 2891 2901 2900)
4(2900 2901 2911 2910)
4(2910 2911 2921 2920)
4(2920 2921 2931 2930)
4(2930 2931 2941 2940)
4(2940 2941 2951 2950)
4(2950 2951 2961 2960)
4(2960 2961 2971 2970)
4(2970 2971 2981 2980)
4(2980 2981 2991 2990)
4(2990 2991 3001 3000)
4(3000 3001 3011 3010)
4(3010 3011 3021 3020)
4(3020 3021 3031 3030)
4(3030 3031 3041 3040)
4(3040 3041 3051 3050)
4(3050 3051 3061 3060)
4(3060 3061 3071 3070)
4(3070 3071 3081 3080)
4(3080 3081 3091 3090)
4(3090 3091 3101 3100)
4(3100 3101 3111 3110)
4(3110 3111 3121 3120)
4(3120 3121 3131 3130)
4(3130 3131 3141 3140)
4(3140 3141 3151 3150)
4(3150 3151 3161 3160)
4(3160 3161 3171 3170)
4(3170 3171 3181 3180)
4(3180 3181 3191 3190)
4(3190 3191 3201 3200)
4(3200 3201 3211 3210)
4(3210 3211 3221 3220)
4(3220 3221 3231 3230)
4(3230 3231 3241 3240)
4(3240 3241 3251 3250)
4(3250 3251 3261 3260)
4(3260 3261 3271 3270)
4(3270 3271 3281 3280)
4(3280 3281 3291 3290)
4(3290 3291 3301 3300)
4(3300 3301 3311 3310)
4(3310 3311 3321 3320)
4(3320 3321 3331 3330)
4(3330 3331 3341 3340)
4(3340 3341 3351 3350)
4(3350 3351 3361 3360)
4(3360 3361 3371 3370)
4(3370 3371 3381 3380)
4(3380 3381 3391 3390)
4(3390 3391 3401 3400)
4(3400 3401 3411 3410)
4(3410 3411 3421 3420)
4(3420 3421 3431 3430)
4(3430 3431 3441 3440)
4(3440 3441 3451 3450)
4(3450 3451 3461 3460)
4(3460 3461 3471 3470)
4(3470 3471 3481 3480)
4(3480 3481 3491 3490)
4(3490 3491 3501 3500)
4(3500 3501 3511 3510)
4(3510 3511 3521 3520)
4(3520 3521 3531 3530)
4(3530 3531 3541 3540)
4(3540 3541 3551 3550)
4(3550 3551 3561 3560)
4(3560 3561 3571 3570)
4(3570 3571 3581 3580)
4(3580 3581 3591 3590)
4(3590 3591 3601 3600)
4(3600 3601 3611 3610)
4(3610 3611 3621 3620)
4(3620 3621 3631 3630)
4(3630 3631 3641 3640)
4(3640 3641 3651 3650)
4(3650 3651 3661 3660)
4(3660 3661 3671 3670)
4(3670 3671 3681 3680)
4(3680 3681 3691 3690)
4(3690 3691 3701 3700)
4(3700 3701 3711 3710)
4(3710 3711 3721 3720)
4(3720 3721 3731 3730)
4(3730 3731 3741 3740)
4(3740 3741 3751 3750)
4(3750 3751 3761 3760)
4(3760 3761 3771 3770)
4(3770 3771 3781 3780)
4(3780 3781 3791 3790)
4(3790 3791 3801 3800)
4(3800 3801 3811 3810)
4(3810 3811 3821 3820)
4(3820 3821 3831 3830)
4(3830 3831 3841 3840)
4(3840 3841 3851 3850)
4(3850 3851 3861 3860)
4(3860 3861 3871 3870)
4(3870 3871 3881 3880)
4(3880 3881 3891 3890)
4(3890 3891 3901 3900)
4(3900 3901 3911 3910)
4(3910 3911 3921 3920)
4(3920 3921 3931 3930)
4(3930 3931 3941 3940)
4(3940 3941 3951 3950)
4(3950 3951 3961 3960)
4(3960 3961 3971 3970)
4(3970 3971 3981 3980)
4(3980 3981 3991 3990)
4(3990 3991 4001 4000)
4(1 2 12 11)
4(11 12 22 21)
4(21 22 32 31)
4(31 32 42 41)
4(41 42 52 51)
4(51 52 62 61)
4(61 62 72 71)
4(71 72 82 81)
4(81 82 92 91)
4(91 92 102 101)
4(101 102 112 111)
4(111 112 122 121)
4(121 122 132 131)
4(131 132 142 141)
4(141 142 152 151)
4(151 152 162 161)
4(161 162 172 171)
4(171 172 182 181)
4(181 182 192 191)
4(191 192 202 201)
4(201 202 212 211)
4(211 212 222 221)
4(221 222 232 231)
4(231 232 242 241)
4(241 242 252 251)
4(251 252 262 261)
4(261 262 272 271)
4(271 272 282 281)
4(281 282 292 291)
4(291 292 302 301)
4(301 302 312 311)
4(311 312 322 321)
4(321 322 332 331)
4(331 332 342 341)
4(341 342 352 351)
4(351 352 362 361)
4(361 362 372 371)
4(371 372 382 381)
4(381 382 392 391)
4(391 392 402 401)
4(401 402 412 411)
4(411 412 422 421)
4(421 422 432 431)
4(431 432 442 441)
4(441 442 452 451)
4(451 452 462 461)
4(461 462 472 471)
4(471 472 482 481)
4(481 482 492 491)
4(491 492 502 501)
4(501 502 512 511)
4(511 512 522 521)
4(521 522 532 531)
4(531 532 542 541)
4(541 542 552 551)
4(551 552 562 561)
4(561 562 572 571)
4(571 572 582 581)
4(581 582 592 591)
4(591 592 602 601)
4(601 602 612 611)
4(611 612 622 621)
4(621 622 632 631)
4(631 632 642 641)
4(641 642 652 651)
4(651 652 662 661)
4(661 662 672 671)
4(671 672 682 681)
4(681 682 692 691)
4(691 692 702 701)
4(701 702 712 711)
4(711 712 722 721)
4(721 722 732 731)
4(731 732 742 741)
4(741 742 752 751)
4(751 752 762 761)
4(761 762 772 771)
4(771 772 782 781)
4(781 782 792 791)
4(791 792 802 801)
4(801 802 812 811)
4(811 812 822 821)
4(821 822 832 831)
4(831 832 842 841)
4(841 842 852 851)
4(851 852 862 861)
4(861 862 872 871)
4(871 872 882 881)
4(881 882 892 891)
4(891 892 902 901)
4(901 902 912 911)
4(911 912 922 921)
4(921 922 932 931)
4(931 932 942 941)
4(941 942 952 951)
4(951 952 962 961)
4(961 962 972 971)
4(971 972 982 981)
4(981 982 992 991)
4(991 992 1002 1001)
4(1001 1002 1012 1011)
4(1011 1012 1022 1021)
4(1021 1022 1032 1031)
4(1031 1032 1042 1041)
4(1041 1042 1052 1051)
4(1051 1052 1062 1061)
4(1061 1062 1072 1071)
4(1071 1072 1082 1081)
4(1081 1082 1092 1091)
4(1091 1092 1102 1101)
4(1101 1102 1112 1111)
4(1111 1112 1122 1121)
4(1121 1122 1132 1131)
4(1131 1132 1142 1141)
4(1141 1142 1152 1151)
4(1151 1152 1162 1161)
4(1161 1162 1172 1171)
4(1171 1172 1182 1181)
4(1181 1182 1192 1191)
4(1191 1192 1202 1201)
4(1201 1202 1212 1211)
4(1211 1212 1222 1221)
4(1221 1222 1232 1231)
4(1231 1232 1242 1241)
4(1241 1242 1252 1251)
4(1251 1252 1262 1261)
4(1261 1262 1272 1271)
4(1271 1272 1282 1281)
4(1281 1282 1292 1291)
4(1291 1292 1302 1301)
4(1301 1302 1312 1311)
4(1311 1312 1322 1321)
4(1321 1322 1332 1331)
4(1331 1332 1342 1341)
4(1341 1342 1352 1351)
4(1351 1352 1362 1361)
4(1361 1362 1372 1371)
4(1371 1372 1382 1381)
4(1381 1382 1392 1391)
4(1391 1392 1402 1401)
4(1401 1402 1412 1411)
4(1411 1412 1422 1421)
4(1421 1422 1432 1431)
4(1431 1432 1442 1441)
4(1441 1442 1452 1451)
4(1451 1452 1462 1461)
4(1461 1462 1472 1471)
4(1471 1472 1482 1481)
4(1481 1482 1492 1491)
4(1491 1492 1502 1501)
4(1501 1502 1512 1511)
4(1511 1512 1522 1521)
4(1521 1522 1532 1531)
4(1531 1532 1542 1541)
4(1541 1542 1552 1551)
4(1551 1552 1562 1561)
4(1561 1562 1572 1571)
4(1571 1572 1582 1581)
4(1581 1582 1592 1591)
4(1591 1592 1602 1601)
4(1601 1602 1612 1611)
4(1611 1612 1622 1621)
4(1621 1622 1632 1631)
4(1631 1632 1642 1641)
4(1641 1642 1652 1651)
4(1651 1652 1662 1661)
4(1661 1662 1672 1671)
4(1671 1672 1682 1681)
4(1681 1682 1692 1691)
4(1691 1692 1702 1701)
4(1701 1702 1712 1711)
4(1711 1712 1722 1721)
4(1721 1722 1732 1731)
4(1731 1732 1742 1741)
4(1741 1742 1752 1751)
4(1751 1752 1762 1761)
4(1761 1762 1772 1771)
4(1771 1772 1782 1781)
4(1781 1782 1792 1791)
4(1791 1792 1802 1801)
4(1801 1802 1812 1811)
4(1811 1812 1822 1821)
4(1821 1822 1832 1831)
4(1831 1832 1842 1841)
4(1841 1842 1852 1851)
4(1851 1852 1862 1861)
4(1861 1862 1872 1871)
4(1871 1872 1882 1881)
4(1881 1882 1892 1891)
4(1891 1892 1902 1901)
4(1901 1902 1912 1911)
4(1911 1912 1922 1921)
4(1921 1922 1932 1931)
4(1931 1932 1942 1941)
4(1941 1942 1952 1951)
4(1951 1952 1962 1961)
4(1961 1962 1972 1971)
4(1971 1972 1982 1981)
4(1981 1982 1992 1991)
4(1991 1992 2002 2001)
4(2001 2002 2012 2011)
4(2011 2012 2022 2021)
4(2021 2022 2032 2031)
4(2031 2032 2042 2041)
4(2041 2042 2052 2051)
4(2051 2052 2062 2061)
4(2061 2062 2072 2071)
4(2071 2072 2082 2081)
4(2081 2082 2092 2091)
4(2091 2092 2102 2101)
4(2101 2102 2112 2111)
4(2111 2112 2122 2121)
4(2121 2122 2132 2131)
4(2131 2132 2142 2141)
4(2141 2142 2152 2151)
4(2151 2152 2162 2161)
4(2161 2162 2172 2171)
4(2171 2172 2182 2181)
4(2181 2182 2192 2191)
4(2191 2192 2202 2201)
4(2201 2202 2212 2211)
4(2211 2212 2222 2221)
4(2221 2222 2232 2231)
4(2231 2232 2242 2241)
4(2241 2242 2252 2251)
4(2251 2252 2262 2261)
4(2261 2262 2272 2271)
4(2271 2272 2282 2281)
4(2281 2282 2292 2291)
4(2291 2292 2302 2301)
4(2301 2302 2312 2311)
4(2311 2312 2322 2321)
4(2321 2322 2332 2331)
4(2331 2332 2342 2341)
4(2341 2342 2352 2351)
4(2351 2352 2362 2361)
4(2361 2362 2372 2371)
4(2371 2372 2382 2381)
4(2381 2382 2392 2391)
4(2391 2392 2402 2401)
4(2401 2402 2412 2411)
4(2411 2412 2422 2421)
4(2421 2422 2432 2431)
4(2431 2432 2442 2441)
4(2441 2442 2452 2451)
4(2451 2452 2462 2461)
4(2461 2462 2472 2471)
4(2471 2472 2482 2481)
4(2481 2482 2492 2491)
4(2491 2492 2502 2501)
4(2501 2502 2512 2511)
4(2511 2512 2522 2521)
4(2521 2522 2532 2531)
4(2531 2532 2542 2541)
4(2541 2542 2552 2551)
4(2551 2552 2562 2561)
4(2561 2562 2572 2571)
4(2571 2572 2582 2581)
4(2581 2582 2592 2591)
4(2591 2592 2602 2601)
4(2601 2602 2612 2611)
4(2611 2612 2622 2621)
4(2621 2622 2632 2631)
4(2631 2632 2642 2641)
4(2641 2642 2652 2651)
4(2651 2652 2662 2661)
4(2661 2662 2672 2671)
4(2671 2672 2682 2681)
4(2681 2682 2692 2691)
4(2691 2692 2702 2701)
4(2701 2702 2712 2711)
4(2711 2712 2722 2721)
4(2721 2722 2732 2731)
4(2731 2732 2742 2741)
4(2741 2742 2752 2751)
4(2751 2752 2762 2761)
4(2761 2762 2772 2771)
4(2771 2772 2782 2781)
4(2781 2782 2792 2791)
4(2791 2792 2802 2801)
4(2801 2802 2812 2811)
4(2811 2812 2822 2821)
4(2821 2822 2832 2831)
4(2831 2832 2842 2841)
4(2841 2842 2852 2851)
4(2851 2852 2862 2861)
4(2861 2862 2872 2871)
4(2871 2872 2882 2881)
4(2881 2882 2892 2891)
4(2891 2892 2902 2901)
4(2901 2902 2912 2911)
4(2911 2912 2922 2921)
4(2921 2922 2932 2931)
4(2931 2932 2942 2941)
4(2941 2942 2952 2951)
4(2951 2952 2962 2961)
4(2961 2962 2972 2971)
4(2971 2972 2982 2981)
4(2981 2982 2992 2991)
4(2991 2992 3002 3001)
4(3001 3002 3012 3011)
4(3011 3012 3022 3021)
4(3021 3022 3032 3031)
4(3031 3032 3042 3041)
4(3041 3042 3052 3051)
4(3051 3052 3062 3061)
4(3061 3062 3072 3071)
4(3071 3072 3082 3081)
4(3081 3082 3092 3091)
4(3091 3092 3102 3101)
4(3101 3102 3112 3111)
4(3111 3112 3122 3121)
4(3121 3122 3132 3131)
4(3131 3132 3142 3141)
4(3141 3142 3152 3151)
4(3151 3152 3162 3161)
4(3161 3162 3172 3171)
4(3171 3172 3182 3181)
4(3181 3182 3192 3191)
4(3191 3192 3202 3201)
4(3201 3202 3212 3211)
4(3211 3212 3222 3221)
4(3221 3222 3232 3231)
4(3231 3232 3242 3241)
4(3241 3242 3252 3251)
4(3251 3252 3262 3261)
4(3261 3262 3272 3271)
4(3271 3272 3282 3281)
4(3281 3282 3292 3291)
4(3291 3292 3302 3301)
4(3301 3302 3312 3311)
4(3311 3312 3322 3321)
4(3321 3322 3332 3331)
4(3331 3332 3342 3341)
4(3341 3342 3352 3351)
4(3351 3352 3362 3361)
4(3361 3362 3372 3371)
4(3371 3372 3382 3381)
4(3381 3382 3392 3391)
4(3391 3392 3402 3401)
4(3401 3402 3412 3411)
4(3411 3412 3422 3421)
4(3421 3422 3432 3431)
4(3431 3432 3442 3441)
4(3441 3442 3452 3451)
4(3451 3452 3462 3461)
4(3461 3462 3472 3471)
4(3471 3472 3482 3481)
4(3481 3482 3492 3491)
4(3491 3492 3502 3501)
4(3501 3502 3512 3511)
4(3511 3512 3522 3521)
4(3521 3522 3532 3531)
4(3531 3532 3542 3541)
4(3541 3542 3552 3551)
4(3551 3552 3562 3561)
4(3561 3562 3572 3571)
4(3571 3572 3582 3581)
4(3581 3582 3592 3591)
4(3591 3592 3602 3601)
4(3601 3602 3612 3611)
4(3611 3612 3622 3621)
4(3621 3622 3632 3631)
4(3631 3632 3642 3641)
4(3641 3642 3652 3651)
4(3651 3652 3662 3661)
4(3661 3662 3672 3671)
4(3671 3672 3682 3681)
4(3681 3682 3692 3691)
4(3691 3692 3702 3701)
4(3701 3702 3712 3711)
4(3711 3712 3722 3721)
4(3721 3722 3732 3731)
4(3731 3732 3742 3741)
4(3741 3742 3752 3751)
4(3751 3752 3762 3761)
4(3761 3762 3772 3771)
4(3771 3772 3782 3781)
4(3781 3782 3792 3791)
4(3791 3792 3802 3801)
4(3801 3802 3812 3811)
4(3811 3812 3822 3821)
4(3821 3822 3832 3831)
4(3831 3832 3842 3841)
4(3841 3842 3852 3851)
4(3851 3852 3862 3861)
4(3861 3862 3872 3871)
4(3871 3872 3882 3881)
4(3881 3882 3892 3891)
4(3891 3892 3902 3901)
4(3901 3902 3912 3911)
4(3911 3912 3922 3921)
4(3921 3922 3932 3931)
4(3931 3932 3942 3941)
4(3941 3942 3952 3951)
4(3951 3952 3962 3961)
4(3961 3962 3972 3971)
4(3971 3972 3982 3981)
4(3981 3982 3992 3991)
4(3991 3992 4002 4001)
4(2 3 13 12)
4(12 13 23 22)
4(22 23 33 32)
4(32 33 43 42)
4(42 43 53 52)
4(52 53 63 62)
4(62 63 73 72)
4(72 73 83 82)
4(82 83 93 92)
4(92 93 103 102)
4(102 103 113 112)
4(112 113 123 122)
4(122 123 133 132)
4(132 133 143 142)
4(142 143 153 152)
4(152 153 163 162)
4(162 163 173 172)
4(172 173 183 182)
4(182 183 193 192)
4(192 193 203 202)
4(202 203 213 212)
4(212 213 223 222)
4(222 223 233 232)
4(232 233 243 242)
4(242 243 253 252)
4(252 253 263 262)
4(262 263 273 272)
4(272 273 283 282)
4(282 283 293 292)
4(292 293 303 302)
4(302 303 313 312)
4(312 313 323 322)
4(322 323 333 332)
4(332 333 343 342)
4(342 343 353 352)
4(352 353 363 362)
4(362 363 373 372)
4(372 373 383 382)
4(382 383 393 392)
4(392 393 403 402)
4(402 403 413 412)
4(412 413 423 422)
4(422 423 433 432)
4(432 433 443 442)
4(442 443 453 452)
4(452 453 463 462)
4(462 463 473 472)
4(472 473 483 482)
4(482 483 493 492)
4(492 493 503 502)
4(502 503 513 512)
4(512 513 523 522)
4(522 523 533 532)
4(532 533 543 542)
4(542 543 553 552)
4(552 553 563 562)
4(562 563 573 572)
4(572 573 583 582)
4(582 583 593 592)
4(592 593 603 602)
4(602 603 613 612)
4(612 613 623 622)
4(622 623 633 632)
4(632 633 643 642)
4(642 643 653 652)
4(652 653 663 662)
4(662 663 673 672)
4(672 673 683 682)
4(682 683 693 692)
4(692 693 703 702)
4(702 703 713 712)
4(712 713 723 722)
4(722 723 733 732)
4(732 733 743 742)
4(742 743 753 752)
4(752 753 763 762)
4(762 763 773 772)
4(772 773 783 782)
4(782 783 793 792)
4(792 793 803 802)
4(802 803 813 812)
4(812 813 823 822)
4(822 823 833 832)
4(832 833 843 842)
4(842 843 853 852)
4(852 853 863 862)
4(862 863 873 872)
4(872 873 883 882)
4(882 883 893 892)
4(892 893 903 902)
4(902 903 913 912)
4(912 913 923 922)
4(922 923 933 932)
4(932 933 943 942)
4(942 943 953 952)
4(952 953 963 962)
4(962 963 973 972)
4(972 973 983 982)
4(982 983 993 992)
4(992 993 1003 1002)
4(1002 1003 1013 1012)
4(1012 1013 1023 1022)
4(1022 1023 1033 1032)
4(1032 1033 1043 1042)
4(1042 1043 1053 1052)
4(1052 1053 1063 1062)
4(1062 1063 1073 1072)
4(1072 1073 1083 1082)
4(1082 1083 1093 1092)
4(1092 1093 1103 1102)
4(1102 1103 1113 1112)
4(1112 1113 1123 1122)
4(1122 1123 1133 1132)
4(1132 1133 1143 1142)
4(1142 1143 1153 1152)
4(1152 1153 1163 1162)
4(1162 1163 1173 1172)
4(1172 1173 1183 1182)
4(1182 1183 1193 1192)
4(1192 1193 1203 1202)
4(1202 1203 1213 1212)
4(1212 1213 1223 1222)
4(1222 1223 1233 1232)
4(1232 1233 1243 1242)
4(1242 1243 1253 1252)
4(1252 1253 1263 1262)
4(1262 1263 1273 1272)
4(1272 1273 1283 1282)
4(1282 1283 1293 1292)
4(1292 1293 1303 1302)
4(1302 1303 1313 1312)
4(1312 1313 1323 1322)
4(1322 1323 1333 1332)
4(1332 1333 1343 1342)
4(1342 1343 1353 1352)
4(1352 1353 1363 1362)
4(1362 1363 1373 1372)
4(1372 1373 1383 1382)
4(1382 1383 1393 1392)
4(1392 1393 1403 1402)
4(1402 1403 1413 1412)
4(1412 1413 1423 1422)
4(1422 1423 1433 1432)
4(1432 1433 1443 1442)
4(1442 1443 1453 1452)
4(1452 1453 1463 1462)
4(1462 1463 1473 1472)
4(1472 1473 1483 1482)
4(1482 1483 1493 1492)
4(1492 1493 1503 1502)
4(1502 1503 1513 1512)
4(1512 1513 1523 1522)
4(1522 1523 1533 1532)
4(1532 1533 1543 1542)
4(1542 1543 1553 1552)
4(1552 1553 1563 1562)
4(1562 1563 1573 1572)
4(1572 1573 1583 1582)
4(1582 1583 1593 1592)
4(1592 1593 1603 1602)
4(1602 1603 1613 1612)
4(1612 1613 1623 1622)
4(1622 1623 1633 1632)
4(1632 1633 1643 1642)
4(1642 1643 1653 1652)
4(1652 1653 1663 1662)
4(1662 1663 1673 1672)
4(1672 1673 1683 1682)
4(1682 1683 1693 1692)
4(1692 1693 1703 1702)
4(1702 1703 1713 1712)
4(1712 1713 1723 1722)
4(1722 1723 1733 1732)
4(1732 1733 1743 1742)
4(1742 1743 1753 1752)
4(1752 1753 1763 1762)
4(1762 1763 1773 1772)
4(1772 1773 1783 1782)
4(1782 1783 1793 1792)
4(1792 1793 1803 1802)
4(1802 1803 1813 1812)
4(1812 1813 1823 1822)
4(1822 1823 1833 1832)
4(1832 1833 1843 1842)
4(1842 1843 1853 1852)
4(1852 1853 1863 1862)
4(1862 1863 1873 1872)
4(1872 1873 1883 1882)
4(1882 1883 1893 1892)
4(1892 1893 1903 1902)
4(1902 1903 1913 1912)
4(1912 1913 1923 1922)
4(1922 1923 1933 1932)
4(1932 1933 1943 1942)
4(1942 1943 1953 1952)
4(1952 1953 1963 1962)
4(1962 1963 1973 1972)
4(1972 1973 1983 1982)
4(1982 1983 1993 1992)
4(1992 1993 2003 2002)
4(2002 2003 2013 2012)
4(2012 2013 2023 2022)
4(2022 2023 2033 2032)
4(2032 2033 2043 2042)
4(2042 2043 2053 2052)
4(2052 2053 2063 2062)
4(2062 2063 2073 2072)
4(2072 2073 2083 2082)
4(2082 2083 2093 2092)
4(2092 2093 2103 2102)
4(2102 2103 2113 2112)
4(2112 2113 2123 2122)
4(2122 2123 2133 2132)
4(2132 2133 2143 2142)
4(2142 2143 2153 2152)
4(2152 2153 2163 2162)
4(2162 2163 2173 2172)
4(2172 2173 2183 2182)
4(2182 2183 2193 2192)
4(2192 2193 2203 2202)
4(2202 2203 2213 2212)
4(2212 2213 2223 2222)
4(2222 2223 2233 2232)
4(2232 2233 2243 2242)
4(2242 2243 2253 2252)
4(2252 2253 2263 2262)
4(2262 2263 2273 2272)
4(2272 2273 2283 2282)
4(2282 2283 2293 2292)
4(2292 2293 2303 2302)
4(2302 2303 2313 2312)
4(2312 2313 2323 2322)
4(2322 2323 2333 2332)
4(2332 2333 2343 2342)
4(2342 2343 2353 2352)
4(2352 2353 2363 2362)
4(2362 2363 2373 2372)
4(2372 2373 2383 2382)
4(2382 2383 2393 2392)
4(2392 2393 2403 2402)
4(2402 2403 2413 2412)
4(2412 2413 2423 2422)
4(2422 2423 2433 2432)
4(2432 2433 2443 2442)
4(2442 2443 2453 2452)
4(2452 2453 2463 2462)
4(2462 2463 2473 2472)
4(2472 2473 2483 2482)
4(2482 2483 2493 2492)
4(2492 2493 2503 2502)
4(2502 2503 2513 2512)
4(2512 2513 2523 2522)
4(2522 2523 2533 2532)
4(2532 2533 2543 2542)
4(2542 2543 2553 2552)
4(2552 2553 2563 2562)
4(2562 2563 2573 2572)
4(2572 2573 2583 2582)
4(2582 2583 2593 2592)
4(2592 2593 2603 2602)
4(2602 2603 2613 2612)
4(2612 2613 2623 2622)
4(2622 2623 2633 2632)
4(2632 2633 2643 2642)
4(2642 2643 2653 2652)
4(2652 2653 2663 2662)
4(2662 2663 2673 2672)
4(2672 2673 2683 2682)
4(2682 2683 2693 2692)
4(2692 2693 2703 2702)
4(2702 2703 2713 2712)
4(2712 2713 2723 2722)
4(2722 2723 2733 2732)
4(2732 2733 2743 2742)
4(2742 2743 2753 2752)
4(2752 2753 2763 2762)
4(2762 2763 2773 2772)
4(2772 2773 2783 2782)
4(2782 2783 2793 2792)
4(2792 2793 2803 2802)
4(2802 2803 2813 2812)
4(2812 2813 2823 2822)
4(2822 2823 2833 2832)
4(2832 2833 2843 2842)
4(2842 2843 2853 2852)
4(2852 2853 2863 2862)
4(2862 2863 2873 2872)
4(2872 2873 2883 2882)
4(2882 2883 2893 2892)
4(2892 2893 2903 2902)
4(2902 2903 2913 2912)
4(2912 2913 2923 2922)
4(2922 2923 2933 2932)
4(2932 2933 2943 2942)
4(2942 2943 2953 2952)
4(2952 2953 2963 2962)
4(2962 2963 2973 2972)
4(2972 2973 2983 2982)
4(2982 2983 2993 2992)
4(2992 2993 3003 3002)
4(3002 3003 3013 3012)
4(3012 3013 3023 3022)
4(3022 3023 3033 3032)
4(3032 3033 3043 3042)
4(3042 3043 3053 3052)
4(3052 3053 3063 3062)
4(3062 3063 3073 3072)
4(3072 3073 3083 3082)
4(3082 3083 3093 3092)
4(3092 3093 3103 3102)
4(3102 3103 3113 3112)
4(3112 3113 3123 3122)
4(3122 3123 3133 3132)
4(3132 3133 3143 3142)
4(3142 3143 3153 3152)
4(3152 3153 3163 3162)
4(3162 3163 3173 3172)
4(3172 3173 3183 3182)
4(3182 3183 3193 3192)
4(3192 3193 3203 3202)
4(3202 3203 3213 3212)
4(3212 3213 3223 3222)
4(3222 3223 3233 3232)
4(3232 3233 3243 3242)
4(3242 3243 3253 3252)
4(3252 3253 3263 3262)
4(3262 3263 3273 3272)
4(3272 3273 3283 3282)
4(3282 3283 3293 3292)
4(3292 3293 3303 3302)
4(3302 3303 3313 3312)
4(3312 3313 3323 3322)
4(3322 3323 3333 3332)
4(3332 3333 3343 3342)
4(3342 3343 3353 3352)
4(3352 3353 3363 3362)
4(3362 3363 3373 3372)
4(3372 3373 3383 3382)
4(3382 3383 3393 3392)
4(3392 3393 3403 3402)
4(3402 3403 3413 3412)
4(3412 3413 3423 3422)
4(3422 3423 3433 3432)
4(3432 3433 3443 3442)
4(3442 3443 3453 3452)
4(3452 3453 3463 3462)
4(3462 3463 3473 3472)
4(3472 3473 3483 3482)
4(3482 3483 3493 3492)
4(3492 3493 3503 3502)
4(3502 3503 3513 3512)
4(3512 3513 3523 3522)
4(3522 3523 3533 3532)
4(3532 3533 3543 3542)
4(3542 3543 3553 3552)
4(3552 3553 3563 3562)
4(3562 3563 3573 3572)
4(3572 3573 3583 3582)
4(3582 3583 3593 3592)
4(3592 3593 3603 3602)
4(3602 3603 3613 3612)
4(3612 3613 3623 3622)
4(3622 3623 3633 3632)
4(3632 3633 3643 3642)
4(3642 3643 3653 3652)
4(3652 3653 3663 3662)
4(3662 3663 3673 3672)
4(3672 3673 3683 3682)
4(3682 3683 3693 3692)
4(3692 3693 3703 3702)
4(3702 3703 3713 3712)
4(3712 3713 3723 3722)
4(3722 3723 3733 3732)
4(3732 3733 3743 3742)
4(3742 3743 3753 3752)
4(3752 3753 3763 3762)
4(3762 3763 3773 3772)
4(3772 3773 3783 3782)
4(3782 3783 3793 3792)
4(3792 3793 3803 3802)
4(3802 3803 3813 3812)
4(3812 3813 3823 3822)
4(3822 3823 3833 3832)
4(3832 3833 3843 3842)
4(3842 3843 3853 3852)
4(3852 3853 3863 3862)
4(3862 3863 3873 3872)
4(3872 3873 3883 3882)
4(3882 3883 3893 3892)
4(3892 3893 3903 3902)
4(3902 3903 3913 3912)
4(3912 3913 3923 3922)
4(3922 3923 3933 3932)
4(3932 3933 3943 3942)
4(3942 3943 3953 3952)
4(3952 3953 3963 3962)
4(3962 3963 3973 3972)
4(3972 3973 3983 3982)
4(3982 3983 3993 3992)
4(3992 3993 4003 4002)
4(3 4 14 13)
4(13 14 24 23)
4(23 24 34 33)
4(33 34 44 43)
4(43 44 54 53)
4(53 54 64 63)
4(63 64 74 73)
4(73 74 84 83)
4(83 84 94 93)
4(93 94 104 103)
4(103 104 114 113)
4(113 114 124 123)
4(123 124 134 133)
4(133 134 144 143)
4(143 144 154 153)
4(153 154 164 163)
4(163 164 174 173)
4(173 174 184 183)
4(183 184 194 193)
4(193 194 204 203)
4(203 204 214 213)
4(213 214 224 223)
4(223 224 234 233)
4(233 234 244 243)
4(243 244 254 253)
4(253 254 264 263)
4(263 264 274 273)
4(273 274 284 283)
4(283 284 294 293)
4(293 294 304 303)
4(303 304 314 313)
4(313 314 324 323)
4(323 324 334 333)
4(333 334 344 343)
4(343 344 354 353)
4(353 354 364 363)
4(363 364 374 373)
4(373 374 384 383)
4(383 384 394 393)
4(393 394 404 403)
4(403 404 414 413)
4(413 414 424 423)
4(423 424 434 433)
4(433 434 444 443)
4(443 444 454 453)
4(453 454 464 463)
4(463 464 474 473)
4(473 474 484 483)
4(483 484 494 493)
4(493 494 504 503)
4(503 504 514 513)
4(513 514 524 523)
4(523 524 534 533)
4(533 534 544 543)
4(543 544 554 553)
4(553 554 564 563)
4(563 564 574 573)
4(573 574 584 583)
4(583 584 594 593)
4(593 594 604 603)
4(603 604 614 613)
4(613 614 624 623)
4(623 624 634 633)
4(633 634 644 643)
4(643 644 654 653)
4(653 654 664 663)
4(663 664 674 673)
4(673 674 684 683)
4(683 684 694 693)
4(693 694 704 703)
4(703 704 714 713)
4(713 714 724 723)
4(723 724 734 733)
4(733 734 744 743)
4(743 744 754 753)
4(753 754 764 763)
4(763 764 774 773)
4(773 774 784 783)
4(783 784 794 793)
4(793 794 804 803)
4(803 804 814 813)
4(813 814 824 823)
4(823 824 834 833)
4(833 834 844 843)
4(843 844 854 853)
4(853 854 864 863)
4(863 864 874 873)
4(873 874 884 883)
4(883 884 894 893)
4(893 894 904 903)
4(903 904 914 913)
4(913 914 924 923)
4(923 924 934 933)
4(933 934 944 943)
4(943 944 954 953)
4(953 954 964 963)
4(963 964 974 973)
4(973 974 984 983)
4(983 984 994 993)
4(993 994 1004 1003)
4(1003 1004 1014 1013)
4(1013 1014 1024 1023)
4(1023 1024 1034 1033)
4(1033 1034 1044 1043)
4(1043 1044 1054 1053)
4(1053 1054 1064 1063)
4(1063 1064 1074 1073)
4(1073 1074 1084 1083)
4(1083 1084 1094 1093)
4(1093 1094 1104 1103)
4(1103 1104 1114 1113)
4(1113 1114 1124 1123)
4(1123 1124 1134 1133)
4(1133 1134 1144 1143)
4(1143 1144 1154 1153)
4(1153 1154 1164 1163)
4(1163 1164 1174 1173)
4(1173 1174 1184 1183)
4(1183 1184 1194 1193)
4(1193 1194 1204 1203)
4(1203 1204 1214 1213)
4(1213 1214 1224 1223)
4(1223 1224 1234 1233)
4(1233 1234 1244 1243)
4(1243 1244 1254 1253)
4(1253 1254 1264 1263)
4(1263 1264 1274 1273)
4(1273 1274 1284 1283)
4(1283 1284 1294 1293)
4(1293 1294 1304 1303)
4(1303 1304 1314 1313)
4(1313 1314 1324 1323)
4(1323 1324 1334 1333)
4(1333 1334 1344 1343)
4(1343 1344 1354 1353)
4(1353 1354 1364 1363)
4(1363 1364 1374 1373)
4(1373 1374 1384 1383)
4(1383 1384 1394 1393)
4(1393 1394 1404 1403)
4(1403 1404 1414 1413)
4(1413 1414 1424 1423)
4(1423 1424 1434 1433)
4(1433 1434 1444 1443)
4(1443 1444 1454 1453)
4(1453 1454 1464 1463)
4(1463 1464 1474 1473)
4(1473 1474 1484 1483)
4(1483 1484 1494 1493)
4(1493 1494 1504 1503)
4(1503 1504 1514 1513)
4(1513 1514 1524 1523)
4(1523 1524 1534 1533)
4(1533 1534 1544 1543)
4(1543 1544 1554 1553)
4(1553 1554 1564 1563)
4(1563 1564 1574 1573)
4(1573 1574 1584 1583)
4(1583 1584 1594 1593)
4(1593 1594 1604 1603)
4(1603 1604 1614 1613)
4(1613 1614 1624 1623)
4(1623 1624 1634 1633)
4(1633 1634 1644 1643)
4(1643 1644 1654 1653)
4(1653 1654 1664 1663)
4(1663 1664 1674 1673)
4(1673 1674 1684 1683)
4(1683 1684 1694 1693)
4(1693 1694 1704 1703)
4(1703 1704 1714 1713)
4(1713 1714 1724 1723)
4(1723 1724 1734 1733)
4(1733 1734 1744 1743)
4(1743 1744 1754 1753)
4(1753 1754 1764 1763)
4(1763 1764 1774 1773)
4(1773 1774 1784 1783)
4(1783 1784 1794 1793)
4(1793 1794 1804 1803)
4(1803 1804 1814 1813)
4(1813 1814 1824 1823)
4(1823 1824 1834 1833)
4(1833 1834 1844 1843)
4(1843 1844 1854 1853)
4(1853 1854 1864 1863)
4(1863 1864 1874 1873)
4(1873 1874 1884 1883)
4(1883 1884 1894 1893)
4(1893 1894 1904 1903)
4(1903 1904 1914 1913)
4(1913 1914 1924 1923)
4(1923 1924 1934 1933)
4(1933 1934 1944 1943)
4(1943 1944 1954 1953)
4(1953 1954 1964 1963)
4(1963 1964 1974 1973)
4(1973 1974 1984 1983)
4(1983 1984 1994 1993)
4(1993 1994 2004 2003)
4(2003 2004 2014 2013)
4(2013 2014 2024 2023)
4(2023 2024 2034 2033)
4(2033 2034 2044 2043)
4(2043 2044 2054 2053)
4(2053 2054 2064 2063)
4(2063 2064 2074 2073)
4(2073 2074 2084 2083)
4(2083 2084 2094 2093)
4(2093 2094 2104 2103)
4(2103 2104 2114 2113)
4(2113 2114 2124 2123)
4(2123 2124 2134 2133)
4(2133 2134 2144 2143)
4(2143 2144 2154 2153)
4(2153 2154 2164 2163)
4(2163 2164 2174 2173)
4(2173 2174 2184 2183)
4(2183 2184 2194 2193)
4(2193 2194 2204 2203)
4(2203 2204 2214 2213)
4(2213 2214 2224 2223)
4(2223 2224 2234 2233)
4(2233 2234 2244 2243)
4(2243 2244 2254 2253)
4(2253 2254 2264 2263)
4(2263 2264 2274 2273)
4(2273 2274 2284 2283)
4(2283 2284 2294 2293)
4(2293 2294 2304 2303)
4(2303 2304 2314 2313)
4(2313 2314 2324 2323)
4(2323 2324 2334 2333)
4(2333 2334 2344 2343)
4(2343 2344 2354 2353)
4(2353 2354 2364 2363)
4(2363 2364 2374 2373)
4(2373 2374 2384 2383)
4(2383 2384 2394 2393)
4(2393 2394 2404 2403)
4(2403 2404 2414 2413)
4(2413 2414 2424 2423)
4(2423 2424 2434 2433)
4(2433 2434 2444 2443)
4(2443 2444 2454 2453)
4(2453 2454 2464 2463)
4(2463 2464 2474 2473)
4(2473 2474 2484 2483)
4(2483 2484 2494 2493)
4(2493 2494 2504 2503)
4(2503 2504 2514 2513)
4(2513 2514 2524 2523)
4(2523 2524 2534 2533)
4(2533 2534 2544 2543)
4(2543 2544 2554 2553)
4(2553 2554 2564 2563)
4(2563 2564 2574 2573)
4(2573 2574 2584 2583)
4(2583 2584 2594 2593)
4(2593 2594 2604 2603)
4(2603 2604 2614 2613)
4(2613 2614 2624 2623)
4(2623 2624 2634 2633)
4(2633 2634 2644 2643)
4(2643 2644 2654 2653)
4(2653 2654 2664 2663)
4(2663 2664 2674 2673)
4(2673 2674 2684 2683)
4(2683 2684 2694 2693)
4(2693 2694 2704 2703)
4(2703 2704 2714 2713)
4(2713 2714 2724 2723)
4(2723 2724 2734 2733)
4(2733 2734 2744 2743)
4(2743 2744 2754 2753)
4(2753 2754 2764 2763)
4(2763 2764 2774 2773)
4(2773 2774 2784 2783)
4(2783 2784 2794 2793)
4(2793 2794 2804 2803)
4(2803 2804 2814 2813)
4(2813 2814 2824 2823)
4(2823 2824 2834 2833)
4(2833 2834 2844 2843)
4(2843 2844 2854 2853)
4(2853 2854 2864 2863)
4(2863 2864 2874 2873)
4(2873 2874 2884 2883)
4(2883 2884 2894 2893)
4(2893 2894 2904 2903)
4(2903 2904 2914 2913)
4(2913 2914 2924 2923)
4(2923 2924 2934 2933)
4(2933 2934 2944 2943)
4(2943 2944 2954 2953)
4(2953 2954 2964 2963)
4(2963 2964 2974 2973)
4(2973 2974 2984 2983)
4(2983 2984 2994 2993)
4(2993 2994 3004 3003)
4(3003 3004 3014 3013)
4(3013 3014 3024 3023)
4(3023 3024 3034 3033)
4(3033 3034 3044 3043)
4(3043 3044 3054 3053)
4(3053 3054 3064 3063)
4(3063 3064 3074 3073)
4(3073 3074 3084 3083)
4(3083 3084 3094 3093)
4(3093 3094 3104 3103)
4(3103 3104 3114 3113)
4(3113 3114 3124 3123)
4(3123 3124 3134 3133)
4(3133 3134 3144 3143)
4(3143 3144 3154 3153)
4(3153 3154 3164 3163)
4(3163 3164 3174 3173)
4(3173 3174 3184 3183)
4(3183 3184 3194 3193)
4(3193 3194 3204 3203)
4(3203 3204 3214 3213)
4(3213 3214 3224 3223)
4(3223 3224 3234 3233)
4(3233 3234 3244 3243)
4(3243 3244 3254 3253)
4(3253 3254 3264 3263)
4(3263 3264 3274 3273)
4(3273 3274 3284 3283)
4(3283 3284 3294 3293)
4(3293 3294 3304 3303)
4(3303 3304 3314 3313)
4(3313 3314 3324 3323)
4(3323 3324 3334 3333)
4(3333 3334 3344 3343)
4(3343 3344 3354 3353)
4(3353 3354 3364 3363)
4(3363 3364 3374 3373)
4(3373 3374 3384 3383)
4(3383 3384 3394 3393)
4(3393 3394 3404 3403)
4(3403 3404 3414 3413)
4(3413 3414 3424 3423)
4(3423 3424 3434 3433)
4(3433 3434 3444 3443)
4(3443 3444 3454 3453)
4(3453 3454 3464 3463)
4(3463 3464 3474 3473)
4(3473 3474 3484 3483)
4(3483 3484 3494 3493)
4(3493 3494 3504 3503)
4(3503 3504 3514 3513)
4(3513 3514 3524 3523)
4(3523 3524 3534 3533)
4(3533 3534 3544 3543)
4(3543 3544 3554 3553)
4(3553 3554 3564 3563)
4(3563 3564 3574 3573)
4(3573 3574 3584 3583)
4(3583 3584 3594 3593)
4(3593 3594 3604 3603)
4(3603 3604 3614 3613)
4(3613 3614 3624 3623)
4(3623 3624 3634 3633)
4(3633 3634 3644 3643)
4(3643 3644 3654 3653)
4(3653 3654 3664 3663)
4(3663 3664 3674 3673)
4(3673 3674 3684 3683)
4(3683 3684 3694 3693)
4(3693 3694 3704 3703)
4(3703 3704 3714 3713)
4(3713 3714 3724 3723)
4(3723 3724 3734 3733)
4(3733 3734 3744 3743)
4(3743 3744 3754 3753)
4(3753 3754 3764 3763)
4(3763 3764 3774 3773)
4(3773 3774 3784 3783)
4(3783 3784 3794 3793)
4(3793 3794 3804 3803)
4(3803 3804 3814 3813)
4(3813 3814 3824 3823)
4(3823 3824 3834 3833)
4(3833 3834 3844 3843)
4(3843 3844 3854 3853)
4(3853 3854 3864 3863)
4(3863 3864 3874 3873)
4(3873 3874 3884 3883)
4(3883 3884 3894 3893)
4(3893 3894 3904 3903)
4(3903 3904 3914 3913)
4(3913 3914 3924 3923)
4(3923 3924 3934 3933)
4(3933 3934 3944 3943)
4(3943 3944 3954 3953)
4(3953 3954 3964 3963)
4(3963 3964 3974 3973)
4(3973 3974 3984 3983)
4(3983 3984 3994 3993)
4(3993 3994 4004 4003)
)


// ************************************************************************* //
