/*--------------------------------*- C++ -*----------------------------------*\
| =========                 |                                                 |
| \\      /  F ield         | foam-extend: Open Source CFD                    |
|  \\    /   O peration     | Version:     4.1                                |
|   \\  /    A nd           | Web:         http://www.foam-extend.org         |
|    \\/     M anipulation  |                                                 |
\*---------------------------------------------------------------------------*/
FoamFile
{
    version     2.0;
    format      ascii;
    class       vectorField;
    location    "constant/polyMesh";
    object      points;
}
// * * * * * * * * * * * * * * * * * * * * * * * * * * * * * * * * * * * * * //


4010
(
(0 0 1e-05)
(0.0025 0 1e-05)
(0.005 0 1e-05)
(0.0075 0 1e-05)
(0.01 0 1e-05)
(0 0.005 1e-05)
(0.0025 0.005 1e-05)
(0.005 0.005 1e-05)
(0.0075 0.005 1e-05)
(0.01 0.005 1e-05)
(0 0 6.640328002319707e-05)
(0.0025 0 6.640328002319707e-05)
(0.005 0 6.640328002319707e-05)
(0.0075 0 6.640328002319707e-05)
(0.01 0 6.640328002319707e-05)
(0 0.005 6.640328002319707e-05)
(0.0025 0.005 6.640328002319707e-05)
(0.005 0.005 6.640328002319707e-05)
(0.0075 0.005 6.640328002319707e-05)
(0.01 0.005 6.640328002319707e-05)
(0 0 0.000123158926537862)
(0.0025 0 0.000123158926537862)
(0.005 0 0.000123158926537862)
(0.0075 0 0.000123158926537862)
(0.01 0 0.000123158926537862)
(0 0.005 0.000123158926537862)
(0.0025 0.005 0.000123158926537862)
(0.005 0.005 0.000123158926537862)
(0.0075 0.005 0.000123158926537862)
(0.01 0.005 0.000123158926537862)
(0 0 0.000180269140872431)
(0.0025 0 0.0001802691408724311)
(0.005 0 0.000180269140872431)
(0.0075 0 0.0001802691408724311)
(0.01 0 0.000180269140872431)
(0 0.005 0.000180269140872431)
(0.0025 0.005 0.0001802691408724311)
(0.005 0.005 0.000180269140872431)
(0.0075 0.005 0.0001802691408724311)
(0.01 0.005 0.000180269140872431)
(0 0 0.0002377361381076352)
(0.0025 0 0.0002377361381076352)
(0.005 0 0.0002377361381076352)
(0.0075 0 0.0002377361381076352)
(0.01 0 0.0002377361381076352)
(0 0.005 0.0002377361381076352)
(0.0025 0.005 0.0002377361381076352)
(0.005 0.005 0.0002377361381076352)
(0.0075 0.005 0.0002377361381076352)
(0.01 0.005 0.0002377361381076352)
(0 0 0.0002955621471624104)
(0.0025 0 0.0002955621471624104)
(0.005 0 0.0002955621471624104)
(0.007500000000000001 0 0.0002955621471624105)
(0.01 0 0.0002955621471624104)
(0 0.005 0.0002955621471624104)
(0.0025 0.005 0.0002955621471624105)
(0.005 0.005 0.0002955621471624104)
(0.007500000000000001 0.005 0.0002955621471624104)
(0.01 0.005 0.0002955621471624104)
(0 0 0.0003537494108803514)
(0.0025 0 0.0003537494108803514)
(0.005 0 0.0003537494108803513)
(0.0075 0 0.0003537494108803514)
(0.01 0 0.0003537494108803514)
(0 0.005 0.0003537494108803514)
(0.0025 0.005 0.0003537494108803514)
(0.005 0.005 0.0003537494108803513)
(0.0075 0.005000000000000001 0.0003537494108803514)
(0.01 0.005 0.0003537494108803514)
(0 0 0.0004123001861166981)
(0.0025 0 0.0004123001861166981)
(0.005 0 0.0004123001861166981)
(0.0075 0 0.0004123001861166981)
(0.01 0 0.0004123001861166981)
(0 0.005 0.0004123001861166981)
(0.0025 0.005 0.0004123001861166981)
(0.005 0.005 0.0004123001861166981)
(0.0075 0.005000000000000001 0.0004123001861166981)
(0.01 0.005 0.0004123001861166981)
(0 0 0.0004712167438258769)
(0.0025 0 0.0004712167438258769)
(0.005 0 0.0004712167438258769)
(0.0075 0 0.0004712167438258769)
(0.01 0 0.0004712167438258769)
(0 0.005 0.0004712167438258769)
(0.0025 0.005 0.0004712167438258769)
(0.005 0.005 0.0004712167438258769)
(0.0075 0.005 0.0004712167438258769)
(0.01 0.005 0.0004712167438258769)
(0 0 0.0005305013691495772)
(0.0025 0 0.0005305013691495772)
(0.005 0 0.000530501369149577)
(0.007500000000000001 0 0.0005305013691495772)
(0.01 0 0.0005305013691495772)
(0 0.005 0.0005305013691495772)
(0.0025 0.005 0.0005305013691495772)
(0.005 0.005 0.000530501369149577)
(0.007500000000000001 0.005 0.0005305013691495772)
(0.01 0.005 0.0005305013691495772)
(0 0 0.0005901563615053842)
(0.0025 0 0.0005901563615053842)
(0.005 0 0.0005901563615053842)
(0.0075 0 0.0005901563615053842)
(0.01 0 0.0005901563615053842)
(0 0.005 0.0005901563615053842)
(0.0025 0.005 0.0005901563615053842)
(0.005 0.005 0.0005901563615053842)
(0.0075 0.005 0.0005901563615053842)
(0.01 0.005 0.0005901563615053842)
(0 0 0.000650184034675962)
(0.0025 0 0.0006501840346759621)
(0.005 0 0.000650184034675962)
(0.0075 0 0.000650184034675962)
(0.01 0 0.000650184034675962)
(0 0.005 0.000650184034675962)
(0.0025 0.005 0.0006501840346759621)
(0.005 0.005 0.000650184034675962)
(0.0075 0.005 0.000650184034675962)
(0.01 0.005 0.000650184034675962)
(0 0 0.0007105867168988062)
(0.0025 0 0.0007105867168988063)
(0.005 0 0.0007105867168988062)
(0.0075 0 0.0007105867168988063)
(0.01 0 0.0007105867168988062)
(0 0.005 0.0007105867168988062)
(0.0025 0.005000000000000001 0.0007105867168988063)
(0.005 0.004999999999999999 0.0007105867168988062)
(0.0075 0.005 0.0007105867168988063)
(0.01 0.005 0.0007105867168988062)
(0 0 0.0007713667509565306)
(0.0025 0 0.0007713667509565306)
(0.005 0 0.0007713667509565305)
(0.0075 0 0.0007713667509565306)
(0.01 0 0.0007713667509565306)
(0 0.005 0.0007713667509565306)
(0.0025 0.005 0.0007713667509565306)
(0.005 0.005 0.0007713667509565305)
(0.0075 0.005 0.0007713667509565306)
(0.01 0.005 0.0007713667509565306)
(0 0 0.0008325264942677474)
(0.0025 0 0.0008325264942677475)
(0.005 0 0.0008325264942677474)
(0.0075 0 0.0008325264942677475)
(0.01 0 0.0008325264942677474)
(0 0.005 0.0008325264942677474)
(0.0025 0.005 0.0008325264942677475)
(0.005 0.005000000000000001 0.0008325264942677474)
(0.0075 0.005 0.0008325264942677475)
(0.01 0.005 0.0008325264942677474)
(0 0 0.0008940683189784972)
(0.0025 0 0.0008940683189784972)
(0.005 0 0.0008940683189784972)
(0.0075 0 0.0008940683189784972)
(0.01 0 0.0008940683189784972)
(0 0.005 0.0008940683189784972)
(0.0025 0.005 0.0008940683189784972)
(0.005 0.005 0.0008940683189784972)
(0.0075 0.005000000000000001 0.0008940683189784972)
(0.01 0.005 0.0008940683189784972)
(0 0 0.0009559946120542611)
(0.0025 0 0.0009559946120542607)
(0.005 0 0.0009559946120542607)
(0.007500000000000001 0 0.0009559946120542611)
(0.01 0 0.0009559946120542611)
(0 0.005 0.0009559946120542611)
(0.0025 0.005 0.0009559946120542611)
(0.005 0.005 0.0009559946120542607)
(0.007500000000000001 0.005 0.0009559946120542607)
(0.01 0.005 0.0009559946120542611)
(0 0 0.00101830777537253)
(0.0025 0 0.00101830777537253)
(0.005 0 0.00101830777537253)
(0.0075 0 0.00101830777537253)
(0.01 0 0.00101830777537253)
(0 0.005 0.00101830777537253)
(0.0025 0.005 0.00101830777537253)
(0.005 0.005000000000000001 0.00101830777537253)
(0.0075 0.005 0.00101830777537253)
(0.01 0.005 0.00101830777537253)
(0 0 0.001081010225815973)
(0.0025 0 0.001081010225815973)
(0.005 0 0.001081010225815973)
(0.0075 0 0.001081010225815973)
(0.01 0 0.001081010225815973)
(0 0.005 0.001081010225815973)
(0.0025 0.005 0.001081010225815973)
(0.005 0.005 0.001081010225815973)
(0.0075 0.005 0.001081010225815973)
(0.01 0.005 0.001081010225815973)
(0 0 0.001144104395366178)
(0.0025 0 0.001144104395366178)
(0.005 0 0.001144104395366178)
(0.0075 0 0.001144104395366178)
(0.01 0 0.001144104395366178)
(0 0.005 0.001144104395366178)
(0.0025 0.005 0.001144104395366178)
(0.005 0.005 0.001144104395366178)
(0.0075 0.005 0.001144104395366178)
(0.01 0.005 0.001144104395366178)
(0 0 0.001207592731197978)
(0.0025 0 0.001207592731197978)
(0.005 0 0.001207592731197978)
(0.0075 0 0.001207592731197979)
(0.01 0 0.001207592731197978)
(0 0.005 0.001207592731197978)
(0.0025 0.005 0.001207592731197978)
(0.005 0.005 0.001207592731197978)
(0.0075 0.005 0.001207592731197979)
(0.01 0.005 0.001207592731197978)
(0 0 0.001271477695774365)
(0.0025 0 0.001271477695774365)
(0.005 0 0.001271477695774365)
(0.0075 0 0.001271477695774365)
(0.01 0 0.001271477695774365)
(0 0.005 0.001271477695774365)
(0.0025 0.005 0.001271477695774365)
(0.005 0.005 0.001271477695774365)
(0.0075 0.005000000000000001 0.001271477695774365)
(0.01 0.005 0.001271477695774365)
(0 0 0.001335761766941998)
(0.0025 0 0.001335761766941998)
(0.005 0 0.001335761766941998)
(0.0075 0 0.001335761766941999)
(0.01 0 0.001335761766941998)
(0 0.005 0.001335761766941998)
(0.0025 0.005 0.001335761766941998)
(0.005 0.005 0.001335761766941998)
(0.0075 0.005 0.001335761766941999)
(0.01 0.005 0.001335761766941998)
(0 0 0.001400447438027317)
(0.0025 0 0.001400447438027317)
(0.005 0 0.001400447438027317)
(0.0075 0 0.001400447438027317)
(0.01 0 0.001400447438027317)
(0 0.005 0.001400447438027317)
(0.0025 0.005 0.001400447438027317)
(0.005 0.005000000000000001 0.001400447438027317)
(0.0075 0.005 0.001400447438027317)
(0.01 0.005 0.001400447438027317)
(0 0 0.001465537217933244)
(0.0025 0 0.001465537217933244)
(0.005 0 0.001465537217933244)
(0.0075 0 0.001465537217933244)
(0.01 0 0.001465537217933244)
(0 0.005 0.001465537217933244)
(0.0025 0.005 0.001465537217933244)
(0.005 0.005 0.001465537217933244)
(0.0075 0.005 0.001465537217933244)
(0.01 0.005 0.001465537217933244)
(0 0 0.001531033631236492)
(0.0025 0 0.001531033631236492)
(0.005 0 0.001531033631236492)
(0.0075 0 0.001531033631236492)
(0.01 0 0.001531033631236492)
(0 0.005 0.001531033631236492)
(0.0025 0.005 0.001531033631236492)
(0.005 0.005 0.001531033631236492)
(0.0075 0.005 0.001531033631236492)
(0.01 0.005 0.001531033631236492)
(0 0 0.001596939218285483)
(0.0025 0 0.001596939218285483)
(0.005 0 0.001596939218285483)
(0.0075 0 0.001596939218285483)
(0.01 0 0.001596939218285483)
(0 0.005 0.001596939218285483)
(0.0025 0.005 0.001596939218285483)
(0.005 0.004999999999999999 0.001596939218285483)
(0.0075 0.005 0.001596939218285483)
(0.01 0.005 0.001596939218285483)
(0 0 0.001663256535298882)
(0.0025 0 0.001663256535298882)
(0.005 0 0.001663256535298883)
(0.0075 0 0.001663256535298882)
(0.01 0 0.001663256535298882)
(0 0.005 0.001663256535298882)
(0.0025 0.005 0.001663256535298882)
(0.005 0.005 0.001663256535298883)
(0.0075 0.005 0.001663256535298882)
(0.01 0.005 0.001663256535298882)
(0 0 0.001729988154464745)
(0.0025 0 0.001729988154464745)
(0.005 0 0.001729988154464745)
(0.007500000000000001 0 0.001729988154464745)
(0.01 0 0.001729988154464745)
(0 0.005 0.001729988154464745)
(0.0025 0.005 0.001729988154464745)
(0.005 0.005 0.001729988154464745)
(0.007500000000000001 0.005 0.001729988154464745)
(0.01 0.005 0.001729988154464745)
(0 0 0.001797136664040275)
(0.0025 0 0.001797136664040275)
(0.005 0 0.001797136664040275)
(0.0075 0 0.001797136664040275)
(0.01 0 0.001797136664040275)
(0 0.005 0.001797136664040275)
(0.0025 0.005 0.001797136664040275)
(0.005 0.005 0.001797136664040275)
(0.0075 0.005000000000000001 0.001797136664040275)
(0.01 0.005 0.001797136664040275)
(0 0 0.001864704668452213)
(0.0025 0 0.001864704668452212)
(0.005 0 0.001864704668452213)
(0.0075 0 0.001864704668452213)
(0.01 0 0.001864704668452213)
(0 0.005 0.001864704668452213)
(0.0025 0.005 0.001864704668452213)
(0.005 0.005 0.001864704668452213)
(0.0075 0.005 0.001864704668452212)
(0.01 0.005 0.001864704668452213)
(0 0 0.001932694788397864)
(0.0025 0 0.001932694788397864)
(0.005 0 0.001932694788397864)
(0.0075 0 0.001932694788397864)
(0.01 0 0.001932694788397864)
(0 0.005 0.001932694788397864)
(0.0025 0.005 0.001932694788397864)
(0.005 0.005 0.001932694788397864)
(0.0075 0.005 0.001932694788397864)
(0.01 0.005 0.001932694788397864)
(0 0 0.002001109660946729)
(0.0025 0 0.002001109660946729)
(0.005 0 0.002001109660946729)
(0.007500000000000001 0 0.002001109660946729)
(0.01 0 0.002001109660946729)
(0 0.005 0.002001109660946729)
(0.0025 0.005 0.002001109660946729)
(0.005 0.005 0.002001109660946729)
(0.007500000000000001 0.005 0.002001109660946729)
(0.01 0.005 0.002001109660946729)
(0 0 0.002069951939642795)
(0.0025 0 0.002069951939642795)
(0.005 0 0.002069951939642795)
(0.0075 0 0.002069951939642795)
(0.01 0 0.002069951939642795)
(0 0.005 0.002069951939642795)
(0.0025 0.005 0.002069951939642795)
(0.005 0.005 0.002069951939642795)
(0.0075 0.005 0.002069951939642795)
(0.01 0.005 0.002069951939642795)
(0 0 0.002139224294607453)
(0.0025 0 0.002139224294607453)
(0.005 0 0.002139224294607453)
(0.0075 0 0.002139224294607453)
(0.01 0 0.002139224294607453)
(0 0.005 0.002139224294607453)
(0.0025 0.005 0.002139224294607453)
(0.005 0.005 0.002139224294607453)
(0.0075 0.005 0.002139224294607453)
(0.01 0.005 0.002139224294607453)
(0 0 0.002208929412643063)
(0.0025 0 0.002208929412643063)
(0.005 0 0.002208929412643064)
(0.0075 0 0.002208929412643063)
(0.01 0 0.002208929412643063)
(0 0.005 0.002208929412643063)
(0.0025 0.005 0.002208929412643063)
(0.005 0.005000000000000001 0.002208929412643064)
(0.0075 0.005 0.002208929412643063)
(0.01 0.005 0.002208929412643063)
(0 0 0.002279069997337162)
(0.0025 0 0.002279069997337162)
(0.005 0 0.002279069997337162)
(0.007500000000000001 0 0.002279069997337162)
(0.01 0 0.002279069997337162)
(0 0.005 0.002279069997337162)
(0.0025 0.005 0.002279069997337162)
(0.005 0.005 0.002279069997337162)
(0.007500000000000001 0.005 0.002279069997337162)
(0.01 0.005 0.002279069997337162)
(0 0 0.002349648769167326)
(0.0025 0 0.002349648769167326)
(0.005 0 0.002349648769167326)
(0.0075 0 0.002349648769167326)
(0.01 0 0.002349648769167326)
(0 0.005 0.002349648769167326)
(0.0025 0.005 0.002349648769167326)
(0.005 0.005 0.002349648769167326)
(0.0075 0.005 0.002349648769167326)
(0.01 0.005 0.002349648769167326)
(0 0 0.00242066846560669)
(0.0025 0 0.00242066846560669)
(0.005 0 0.00242066846560669)
(0.0075 0 0.00242066846560669)
(0.01 0 0.00242066846560669)
(0 0.005 0.00242066846560669)
(0.0025 0.005 0.00242066846560669)
(0.005 0.005 0.00242066846560669)
(0.0075 0.005 0.00242066846560669)
(0.01 0.005 0.00242066846560669)
(0 0 0.002492131841230122)
(0.0025 0 0.002492131841230122)
(0.005 0 0.002492131841230122)
(0.0075 0 0.002492131841230122)
(0.01 0 0.002492131841230122)
(0 0.005 0.002492131841230122)
(0.0025 0.005 0.002492131841230122)
(0.005 0.005 0.002492131841230122)
(0.0075 0.005 0.002492131841230122)
(0.01 0.005 0.002492131841230122)
(0 0 0.002564041667821059)
(0.0025 0 0.002564041667821059)
(0.005 0 0.002564041667821059)
(0.0075 0 0.002564041667821059)
(0.01 0 0.002564041667821059)
(0 0.005 0.002564041667821059)
(0.0025 0.005 0.002564041667821059)
(0.005 0.005000000000000001 0.002564041667821059)
(0.0075 0.005 0.002564041667821059)
(0.01 0.005 0.002564041667821059)
(0 0 0.002636400734479019)
(0.0025 0 0.002636400734479018)
(0.005 0 0.002636400734479019)
(0.0075 0 0.002636400734479018)
(0.01 0 0.002636400734479019)
(0 0.005 0.002636400734479019)
(0.0025 0.005 0.002636400734479018)
(0.005 0.005 0.002636400734479019)
(0.0075 0.005 0.002636400734479018)
(0.01 0.005 0.002636400734479019)
(0 0 0.002709211847727772)
(0.0025 0 0.002709211847727772)
(0.005 0 0.002709211847727773)
(0.0075 0 0.002709211847727773)
(0.01 0 0.002709211847727772)
(0 0.005 0.002709211847727772)
(0.0025 0.005 0.002709211847727773)
(0.005 0.005 0.002709211847727773)
(0.0075 0.005 0.002709211847727772)
(0.01 0.005 0.002709211847727772)
(0 0 0.002782477831624203)
(0.0025 0 0.002782477831624203)
(0.005 0 0.002782477831624202)
(0.0075 0 0.002782477831624203)
(0.01 0 0.002782477831624203)
(0 0.005 0.002782477831624203)
(0.0025 0.005 0.002782477831624203)
(0.005 0.005 0.002782477831624202)
(0.0075 0.005 0.002782477831624203)
(0.01 0.005 0.002782477831624203)
(0 0 0.002856201527867838)
(0.0025 0 0.002856201527867838)
(0.005 0 0.002856201527867837)
(0.0075 0 0.002856201527867837)
(0.01 0 0.002856201527867838)
(0 0.005 0.002856201527867838)
(0.0025 0.005 0.002856201527867838)
(0.005 0.005000000000000001 0.002856201527867837)
(0.0075 0.005 0.002856201527867837)
(0.01 0.005 0.002856201527867838)
(0 0 0.002930385795911066)
(0.0025 0 0.002930385795911067)
(0.005 0 0.002930385795911067)
(0.0075 0 0.002930385795911067)
(0.01 0 0.002930385795911066)
(0 0.005 0.002930385795911066)
(0.0025 0.005 0.002930385795911067)
(0.005 0.005 0.002930385795911067)
(0.0075 0.005 0.002930385795911067)
(0.01 0.005 0.002930385795911066)
(0 0 0.003005033513070052)
(0.0025 0 0.003005033513070053)
(0.005 0 0.003005033513070052)
(0.0075 0 0.003005033513070052)
(0.01 0 0.003005033513070052)
(0 0.005 0.003005033513070052)
(0.0025 0.005 0.003005033513070052)
(0.005 0.005 0.003005033513070052)
(0.0075 0.005 0.003005033513070052)
(0.01 0.005 0.003005033513070052)
(0 0 0.003080147574636322)
(0.0025 0 0.003080147574636322)
(0.005 0 0.003080147574636322)
(0.0075 0 0.003080147574636322)
(0.01 0 0.003080147574636322)
(0 0.005 0.003080147574636322)
(0.0025 0.005 0.003080147574636322)
(0.005 0.005 0.003080147574636322)
(0.0075 0.005 0.003080147574636322)
(0.01 0.005 0.003080147574636322)
(0 0 0.003155730893989074)
(0.0025 0 0.003155730893989074)
(0.005 0 0.003155730893989074)
(0.0075 0 0.003155730893989074)
(0.01 0 0.003155730893989074)
(0 0.005 0.003155730893989074)
(0.0025 0.005 0.003155730893989074)
(0.005 0.005000000000000001 0.003155730893989074)
(0.0075 0.005 0.003155730893989074)
(0.01 0.005 0.003155730893989074)
(0 0 0.003231786402708168)
(0.0025 0 0.003231786402708168)
(0.005 0 0.003231786402708168)
(0.0075 0 0.003231786402708168)
(0.01 0 0.003231786402708168)
(0 0.005 0.003231786402708168)
(0.0025 0.005 0.003231786402708168)
(0.005 0.005 0.003231786402708168)
(0.0075 0.005 0.003231786402708168)
(0.01 0.005 0.003231786402708168)
(0 0 0.003308317050687834)
(0.0025 0 0.003308317050687834)
(0.005 0 0.003308317050687833)
(0.0075 0 0.003308317050687834)
(0.01 0 0.003308317050687834)
(0 0.005 0.003308317050687834)
(0.0025 0.005 0.003308317050687834)
(0.005 0.005 0.003308317050687833)
(0.0075 0.005 0.003308317050687834)
(0.01 0.005 0.003308317050687834)
(0 0 0.003385325806251086)
(0.0025 0 0.003385325806251086)
(0.005 0 0.003385325806251087)
(0.0075 0 0.003385325806251086)
(0.01 0 0.003385325806251086)
(0 0.005 0.003385325806251086)
(0.0025 0.005 0.003385325806251086)
(0.005 0.005 0.003385325806251087)
(0.0075 0.005 0.003385325806251086)
(0.01 0.005 0.003385325806251086)
(0 0 0.003462815656264855)
(0.0025 0 0.003462815656264855)
(0.005 0 0.003462815656264855)
(0.0075 0 0.003462815656264855)
(0.01 0 0.003462815656264855)
(0 0.005 0.003462815656264855)
(0.0025 0.005 0.003462815656264855)
(0.005 0.005 0.003462815656264855)
(0.0075 0.005 0.003462815656264855)
(0.01 0.005 0.003462815656264855)
(0 0 0.003540789606255833)
(0.0025 0 0.003540789606255832)
(0.005 0 0.003540789606255833)
(0.0075 0 0.003540789606255833)
(0.01 0 0.003540789606255833)
(0 0.005 0.003540789606255833)
(0.0025 0.005 0.003540789606255833)
(0.005 0.005 0.003540789606255833)
(0.0075 0.005 0.003540789606255833)
(0.01 0.005 0.003540789606255833)
(0 0 0.003619250680527044)
(0.0025 0 0.003619250680527044)
(0.005 0 0.003619250680527044)
(0.0075 0 0.003619250680527044)
(0.01 0 0.003619250680527044)
(0 0.005 0.003619250680527044)
(0.0025 0.005 0.003619250680527044)
(0.005 0.005 0.003619250680527044)
(0.0075 0.005 0.003619250680527044)
(0.01 0.005 0.003619250680527044)
(0 0 0.003698201922275152)
(0.0025 0 0.003698201922275153)
(0.005 0 0.003698201922275153)
(0.0075 0 0.003698201922275152)
(0.01 0 0.003698201922275152)
(0 0.005 0.003698201922275152)
(0.0025 0.005 0.003698201922275152)
(0.005 0.005 0.003698201922275153)
(0.0075 0.005 0.003698201922275153)
(0.01 0.005 0.003698201922275152)
(0 0 0.003777646393708491)
(0.0025 0 0.00377764639370849)
(0.005 0 0.003777646393708491)
(0.0075 0 0.003777646393708491)
(0.01 0 0.003777646393708491)
(0 0.005 0.003777646393708491)
(0.0025 0.005 0.003777646393708491)
(0.005 0.005 0.003777646393708491)
(0.0075 0.005 0.00377764639370849)
(0.01 0.005 0.003777646393708491)
(0 0 0.003857587176165831)
(0.0025 0 0.003857587176165831)
(0.005 0 0.003857587176165831)
(0.0075 0 0.003857587176165831)
(0.01 0 0.003857587176165831)
(0 0.005 0.003857587176165831)
(0.0025 0.005 0.003857587176165831)
(0.005 0.005 0.003857587176165831)
(0.0075 0.005000000000000001 0.003857587176165831)
(0.01 0.005 0.003857587176165831)
(0 0 0.003938027370235901)
(0.0025 0 0.003938027370235901)
(0.005 0 0.003938027370235901)
(0.007500000000000001 0 0.003938027370235901)
(0.01 0 0.003938027370235901)
(0 0.005 0.003938027370235901)
(0.0025 0.005 0.003938027370235901)
(0.005 0.005 0.003938027370235901)
(0.007500000000000001 0.005 0.003938027370235901)
(0.01 0.005 0.003938027370235901)
(0 0 0.004018970095877641)
(0.0025 0 0.004018970095877641)
(0.005 0 0.004018970095877643)
(0.0075 0 0.004018970095877641)
(0.01 0 0.004018970095877641)
(0 0.005 0.004018970095877641)
(0.0025 0.005 0.004018970095877641)
(0.005 0.005 0.004018970095877643)
(0.0075 0.005 0.004018970095877641)
(0.01 0.005 0.004018970095877641)
(0 0 0.004100418492541215)
(0.0025 0 0.004100418492541216)
(0.005 0 0.004100418492541215)
(0.0075 0 0.004100418492541215)
(0.01 0 0.004100418492541215)
(0 0.005 0.004100418492541215)
(0.0025 0.005 0.004100418492541215)
(0.005 0.005 0.004100418492541215)
(0.0075 0.005 0.004100418492541216)
(0.01 0.005 0.004100418492541215)
(0 0 0.004182375719289782)
(0.0025 0 0.004182375719289782)
(0.005 0 0.004182375719289782)
(0.0075 0 0.004182375719289782)
(0.01 0 0.004182375719289782)
(0 0.005 0.004182375719289782)
(0.0025 0.005 0.004182375719289782)
(0.005 0.005000000000000001 0.004182375719289782)
(0.0075 0.005 0.004182375719289782)
(0.01 0.005 0.004182375719289782)
(0 0 0.004264844954922013)
(0.0025 0 0.004264844954922013)
(0.005 0 0.004264844954922013)
(0.0075 0 0.004264844954922013)
(0.01 0 0.004264844954922013)
(0 0.005 0.004264844954922013)
(0.0025 0.005 0.004264844954922013)
(0.005 0.005000000000000001 0.004264844954922013)
(0.0075 0.005 0.004264844954922013)
(0.01 0.005 0.004264844954922013)
(0 0 0.004347829398095397)
(0.0025 0 0.004347829398095397)
(0.005 0 0.004347829398095397)
(0.0075 0 0.004347829398095397)
(0.01 0 0.004347829398095397)
(0 0.005 0.004347829398095397)
(0.0025 0.005 0.004347829398095397)
(0.005 0.005000000000000001 0.004347829398095397)
(0.0075 0.005 0.004347829398095397)
(0.01 0.005 0.004347829398095397)
(0 0 0.004431332267450297)
(0.0025 0 0.004431332267450297)
(0.005 0 0.004431332267450297)
(0.0075 0 0.004431332267450297)
(0.01 0 0.004431332267450297)
(0 0.005 0.004431332267450297)
(0.0025 0.005 0.004431332267450297)
(0.005 0.005000000000000001 0.004431332267450297)
(0.0075 0.005 0.004431332267450297)
(0.01 0.005 0.004431332267450297)
(0 0 0.004515356801734787)
(0.0025 0 0.004515356801734787)
(0.005 0 0.004515356801734787)
(0.0075 0 0.004515356801734787)
(0.01 0 0.004515356801734787)
(0 0.005 0.004515356801734787)
(0.0025 0.005 0.004515356801734787)
(0.005 0.005 0.004515356801734787)
(0.0075 0.005 0.004515356801734787)
(0.01 0.005 0.004515356801734787)
(0 0 0.004599906259930279)
(0.0025 0 0.004599906259930279)
(0.005 0 0.004599906259930279)
(0.0075 0 0.004599906259930278)
(0.01 0 0.004599906259930279)
(0 0.005 0.004599906259930279)
(0.0025 0.005 0.004599906259930279)
(0.005 0.005 0.004599906259930279)
(0.0075 0.005 0.004599906259930278)
(0.01 0.005 0.004599906259930279)
(0 0 0.004684983921377911)
(0.0025 0 0.004684983921377911)
(0.005 0 0.00468498392137791)
(0.0075 0 0.004684983921377911)
(0.01 0 0.004684983921377911)
(0 0.005 0.004684983921377911)
(0.0025 0.005 0.004684983921377911)
(0.005 0.005 0.00468498392137791)
(0.0075 0.005 0.004684983921377911)
(0.01 0.005 0.004684983921377911)
(0 0 0.004770593085905757)
(0.0025 0 0.004770593085905757)
(0.005 0 0.004770593085905757)
(0.0075 0 0.004770593085905757)
(0.01 0 0.004770593085905757)
(0 0.005 0.004770593085905757)
(0.0025 0.005 0.004770593085905757)
(0.005 0.005 0.004770593085905757)
(0.0075 0.005 0.004770593085905757)
(0.01 0.005 0.004770593085905757)
(0 0 0.004856737073956807)
(0.0025 0 0.004856737073956808)
(0.005 0 0.004856737073956808)
(0.0075 0 0.004856737073956808)
(0.01 0 0.004856737073956807)
(0 0.005 0.004856737073956807)
(0.0025 0.005 0.004856737073956808)
(0.005 0.005000000000000001 0.004856737073956808)
(0.0075 0.005 0.004856737073956808)
(0.01 0.005 0.004856737073956807)
(0 0 0.004943419226717746)
(0.0025 0 0.004943419226717746)
(0.005 0 0.004943419226717746)
(0.0075 0 0.004943419226717746)
(0.01 0 0.004943419226717746)
(0 0.005 0.004943419226717746)
(0.0025 0.005 0.004943419226717746)
(0.005 0.005 0.004943419226717746)
(0.0075 0.005 0.004943419226717747)
(0.01 0.005 0.004943419226717746)
(0 0 0.005030642906248557)
(0.0025 0 0.005030642906248557)
(0.005 0 0.005030642906248558)
(0.0075 0 0.005030642906248557)
(0.01 0 0.005030642906248557)
(0 0.005 0.005030642906248557)
(0.0025 0.005 0.005030642906248557)
(0.005 0.005 0.005030642906248558)
(0.0075 0.005 0.005030642906248557)
(0.01 0.005 0.005030642906248557)
(0 0 0.005118411495612919)
(0.0025 0 0.005118411495612919)
(0.005 0 0.005118411495612919)
(0.0075 0 0.005118411495612919)
(0.01 0 0.005118411495612919)
(0 0.005 0.005118411495612919)
(0.0025 0.005 0.005118411495612919)
(0.005 0.005000000000000001 0.005118411495612919)
(0.0075 0.005 0.005118411495612919)
(0.01 0.005 0.005118411495612919)
(0 0 0.005206728399009418)
(0.0025 0 0.005206728399009418)
(0.005 0 0.005206728399009419)
(0.0075 0 0.005206728399009418)
(0.01 0 0.005206728399009418)
(0 0.005 0.005206728399009418)
(0.0025 0.005 0.005206728399009418)
(0.005 0.005 0.005206728399009419)
(0.0075 0.005 0.005206728399009418)
(0.01 0.005 0.005206728399009418)
(0 0 0.005295597041903592)
(0.0025 0 0.005295597041903592)
(0.005 0 0.005295597041903592)
(0.0075 0 0.005295597041903592)
(0.01 0 0.005295597041903592)
(0 0.005 0.005295597041903592)
(0.0025 0.005 0.005295597041903592)
(0.005 0.005 0.005295597041903592)
(0.0075 0.005 0.005295597041903592)
(0.01 0.005 0.005295597041903592)
(0 0 0.005385020871160775)
(0.0025 0 0.005385020871160775)
(0.005 0 0.005385020871160774)
(0.0075 0 0.005385020871160775)
(0.01 0 0.005385020871160775)
(0 0.005 0.005385020871160775)
(0.0025 0.005 0.005385020871160775)
(0.005 0.005 0.005385020871160774)
(0.0075 0.005 0.005385020871160775)
(0.01 0.005 0.005385020871160775)
(0 0 0.005475003355179811)
(0.0025 0 0.005475003355179809)
(0.005 0 0.005475003355179809)
(0.0075 0 0.005475003355179811)
(0.01 0 0.005475003355179811)
(0 0.005 0.005475003355179811)
(0.0025 0.005 0.005475003355179809)
(0.005 0.005 0.005475003355179809)
(0.0075 0.005 0.005475003355179811)
(0.01 0.005 0.005475003355179811)
(0 0 0.005565547984027554)
(0.0025 0 0.005565547984027554)
(0.005 0 0.005565547984027553)
(0.0075 0 0.005565547984027554)
(0.01 0 0.005565547984027554)
(0 0.005 0.005565547984027554)
(0.0025 0.005 0.005565547984027554)
(0.005 0.005 0.005565547984027553)
(0.0075 0.005 0.005565547984027554)
(0.01 0.005 0.005565547984027554)
(0 0 0.005656658269574254)
(0.0025 0 0.005656658269574255)
(0.005 0 0.005656658269574254)
(0.0075 0 0.005656658269574254)
(0.01 0 0.005656658269574254)
(0 0.005 0.005656658269574254)
(0.0025 0.005 0.005656658269574254)
(0.005 0.005000000000000001 0.005656658269574254)
(0.0075 0.005 0.005656658269574254)
(0.01 0.005 0.005656658269574254)
(0 0 0.005748337745629758)
(0.0025 0 0.005748337745629758)
(0.005 0 0.005748337745629758)
(0.007500000000000001 0 0.005748337745629758)
(0.01 0 0.005748337745629758)
(0 0.005 0.005748337745629758)
(0.0025 0.005 0.005748337745629758)
(0.005 0.005 0.005748337745629758)
(0.007500000000000001 0.005 0.005748337745629758)
(0.01 0.005 0.005748337745629758)
(0 0 0.005840589968080579)
(0.0025 0 0.005840589968080579)
(0.005 0 0.005840589968080579)
(0.0075 0 0.005840589968080579)
(0.01 0 0.005840589968080579)
(0 0.005 0.005840589968080579)
(0.0025 0.005 0.005840589968080579)
(0.005 0.005 0.005840589968080579)
(0.0075 0.005000000000000001 0.005840589968080579)
(0.01 0.005 0.005840589968080579)
(0 0 0.005933418515027805)
(0.0025 0 0.005933418515027804)
(0.005 0 0.005933418515027805)
(0.0075 0 0.005933418515027804)
(0.01 0 0.005933418515027805)
(0 0.005 0.005933418515027805)
(0.0025 0.005 0.005933418515027804)
(0.005 0.005 0.005933418515027805)
(0.0075 0.005 0.005933418515027804)
(0.01 0.005 0.005933418515027805)
(0 0 0.006026826986925891)
(0.0025 0 0.006026826986925891)
(0.005 0 0.00602682698692589)
(0.0075 0 0.006026826986925891)
(0.01 0 0.006026826986925891)
(0 0.005 0.006026826986925891)
(0.0025 0.005 0.006026826986925891)
(0.005 0.005 0.00602682698692589)
(0.0075 0.005 0.006026826986925891)
(0.01 0.005 0.006026826986925891)
(0 0 0.0061208190067223)
(0.0025 0 0.0061208190067223)
(0.005 0 0.0061208190067223)
(0.0075 0 0.0061208190067223)
(0.01 0 0.0061208190067223)
(0 0.005 0.0061208190067223)
(0.0025 0.005 0.0061208190067223)
(0.005 0.005 0.0061208190067223)
(0.0075 0.005 0.0061208190067223)
(0.01 0.005 0.0061208190067223)
(0 0 0.006215398219998022)
(0.0025 0 0.006215398219998022)
(0.005 0 0.006215398219998022)
(0.0075 0 0.006215398219998022)
(0.01 0 0.006215398219998022)
(0 0.005 0.006215398219998022)
(0.0025 0.005 0.006215398219998022)
(0.005 0.005 0.006215398219998022)
(0.0075 0.005 0.006215398219998022)
(0.01 0.005 0.006215398219998022)
(0 0 0.006310568295108981)
(0.0025 0 0.00631056829510898)
(0.005 0 0.006310568295108981)
(0.0075 0 0.00631056829510898)
(0.01 0 0.006310568295108981)
(0 0.005 0.006310568295108981)
(0.0025 0.005 0.00631056829510898)
(0.005 0.005000000000000001 0.006310568295108981)
(0.0075 0.005 0.00631056829510898)
(0.01 0.005 0.006310568295108981)
(0 0 0.006406332923328296)
(0.0025 0 0.006406332923328296)
(0.005 0 0.006406332923328297)
(0.0075 0 0.006406332923328296)
(0.01 0 0.006406332923328296)
(0 0.005 0.006406332923328296)
(0.0025 0.005 0.006406332923328296)
(0.005 0.005 0.006406332923328297)
(0.0075 0.005 0.006406332923328296)
(0.01 0.005 0.006406332923328296)
(0 0 0.006502695818989478)
(0.0025 0 0.006502695818989479)
(0.005 0 0.006502695818989478)
(0.0075 0 0.006502695818989478)
(0.01 0 0.006502695818989478)
(0 0.005 0.006502695818989478)
(0.0025 0.005 0.006502695818989478)
(0.005 0.005 0.006502695818989478)
(0.0075 0.005 0.006502695818989479)
(0.01 0.005 0.006502695818989478)
(0 0 0.006599660719630472)
(0.0025 0 0.006599660719630472)
(0.005 0 0.006599660719630473)
(0.0075 0 0.006599660719630472)
(0.01 0 0.006599660719630472)
(0 0.005 0.006599660719630472)
(0.0025 0.005 0.006599660719630472)
(0.005 0.005 0.006599660719630473)
(0.0075 0.005 0.006599660719630472)
(0.01 0.005 0.006599660719630472)
(0 0 0.006697231386138633)
(0.0025 0 0.006697231386138634)
(0.005 0 0.006697231386138633)
(0.0075 0 0.006697231386138634)
(0.01 0 0.006697231386138633)
(0 0.005 0.006697231386138633)
(0.0025 0.005 0.006697231386138634)
(0.005 0.005 0.006697231386138633)
(0.0075 0.005 0.006697231386138633)
(0.01 0.005 0.006697231386138633)
(0 0 0.006795411602896593)
(0.0025 0 0.006795411602896593)
(0.005 0 0.006795411602896593)
(0.0075 0 0.006795411602896593)
(0.01 0 0.006795411602896593)
(0 0.005 0.006795411602896593)
(0.0025 0.005 0.006795411602896593)
(0.005 0.005 0.006795411602896593)
(0.0075 0.005 0.006795411602896593)
(0.01 0.005 0.006795411602896593)
(0 0 0.006894205177929043)
(0.0025 0 0.006894205177929043)
(0.005 0 0.006894205177929042)
(0.0075 0 0.006894205177929043)
(0.01 0 0.006894205177929043)
(0 0.005 0.006894205177929043)
(0.0025 0.005 0.006894205177929043)
(0.005 0.005 0.006894205177929042)
(0.0075 0.005 0.006894205177929043)
(0.01 0.005 0.006894205177929043)
(0 0 0.006993615943050423)
(0.0025 0 0.006993615943050425)
(0.005 0 0.006993615943050423)
(0.0075 0 0.006993615943050425)
(0.01 0 0.006993615943050423)
(0 0.005 0.006993615943050423)
(0.0025 0.005 0.006993615943050425)
(0.005 0.005 0.006993615943050423)
(0.0075 0.005 0.006993615943050425)
(0.01 0.005 0.006993615943050423)
(0 0 0.007093647754013563)
(0.0025 0 0.007093647754013563)
(0.005 0 0.007093647754013563)
(0.0075 0 0.007093647754013563)
(0.01 0 0.007093647754013563)
(0 0.005 0.007093647754013563)
(0.0025 0.005 0.007093647754013563)
(0.005 0.005000000000000001 0.007093647754013563)
(0.0075 0.005 0.007093647754013563)
(0.01 0.005 0.007093647754013563)
(0 0 0.007194304490659211)
(0.0025 0 0.007194304490659211)
(0.005 0 0.007194304490659211)
(0.0075 0 0.007194304490659211)
(0.01 0 0.007194304490659211)
(0 0.005 0.007194304490659211)
(0.0025 0.005 0.007194304490659211)
(0.005 0.005 0.007194304490659211)
(0.0075 0.005 0.007194304490659211)
(0.01 0.005 0.007194304490659211)
(0 0 0.007295590057066524)
(0.0025 0 0.007295590057066525)
(0.005 0 0.007295590057066525)
(0.0075 0 0.007295590057066525)
(0.01 0 0.007295590057066524)
(0 0.005 0.007295590057066524)
(0.0025 0.005 0.007295590057066525)
(0.005 0.005 0.007295590057066525)
(0.0075 0.005 0.007295590057066525)
(0.01 0.005 0.007295590057066524)
(0 0 0.007397508381704509)
(0.0025 0 0.007397508381704509)
(0.005 0 0.007397508381704509)
(0.0075 0 0.007397508381704509)
(0.01 0 0.007397508381704509)
(0 0.005 0.007397508381704509)
(0.0025 0.005 0.007397508381704509)
(0.005 0.005 0.007397508381704509)
(0.0075 0.005 0.007397508381704509)
(0.01 0.005 0.007397508381704509)
(0 0 0.007500063417584357)
(0.0025 0 0.007500063417584357)
(0.005 0 0.007500063417584357)
(0.0075 0 0.007500063417584357)
(0.01 0 0.007500063417584357)
(0 0.005 0.007500063417584357)
(0.0025 0.005 0.007500063417584357)
(0.005 0.005000000000000001 0.007500063417584357)
(0.0075 0.005 0.007500063417584357)
(0.01 0.005 0.007500063417584357)
(0 0 0.007603259142412796)
(0.0025 0 0.007603259142412796)
(0.005 0 0.007603259142412796)
(0.0075 0 0.007603259142412796)
(0.01 0 0.007603259142412796)
(0 0.005 0.007603259142412796)
(0.0025 0.005 0.007603259142412796)
(0.005 0.005 0.007603259142412796)
(0.0075 0.005 0.007603259142412795)
(0.01 0.005 0.007603259142412796)
(0 0 0.007707099558746361)
(0.0025 0 0.007707099558746361)
(0.005 0 0.007707099558746364)
(0.0075 0 0.007707099558746361)
(0.01 0 0.007707099558746361)
(0 0.005 0.007707099558746361)
(0.0025 0.005 0.007707099558746361)
(0.005 0.005 0.007707099558746364)
(0.0075 0.005 0.007707099558746361)
(0.01 0.005 0.007707099558746361)
(0 0 0.007811588694146638)
(0.0025 0 0.007811588694146638)
(0.005 0 0.007811588694146638)
(0.0075 0 0.007811588694146638)
(0.01 0 0.007811588694146638)
(0 0.005 0.007811588694146638)
(0.0025 0.005 0.007811588694146638)
(0.005 0.005000000000000001 0.007811588694146638)
(0.0075 0.005 0.007811588694146638)
(0.01 0.005 0.007811588694146638)
(0 0 0.007916730601336467)
(0.0025 0 0.007916730601336467)
(0.005 0 0.007916730601336467)
(0.0075 0 0.007916730601336469)
(0.01 0 0.007916730601336467)
(0 0.005 0.007916730601336467)
(0.0025 0.005 0.007916730601336467)
(0.005 0.005 0.007916730601336467)
(0.0075 0.005 0.007916730601336469)
(0.01 0.005 0.007916730601336467)
(0 0 0.008022529358357147)
(0.0025 0 0.008022529358357147)
(0.005 0 0.008022529358357147)
(0.0075 0 0.008022529358357147)
(0.01 0 0.008022529358357147)
(0 0.005 0.008022529358357147)
(0.0025 0.005 0.008022529358357147)
(0.005 0.005 0.008022529358357147)
(0.0075 0.005 0.008022529358357147)
(0.01 0.005 0.008022529358357147)
(0 0 0.008128989068726594)
(0.0025 0 0.008128989068726594)
(0.005 0 0.008128989068726594)
(0.0075 0 0.008128989068726594)
(0.01 0 0.008128989068726594)
(0 0.005 0.008128989068726594)
(0.0025 0.005 0.008128989068726597)
(0.005 0.005 0.008128989068726594)
(0.0075 0.005 0.008128989068726594)
(0.01 0.005 0.008128989068726594)
(0 0 0.008236113861598516)
(0.0025 0 0.008236113861598516)
(0.005 0 0.008236113861598515)
(0.0075 0 0.008236113861598516)
(0.01 0 0.008236113861598516)
(0 0.005 0.008236113861598516)
(0.0025 0.005 0.008236113861598516)
(0.005 0.005 0.008236113861598515)
(0.0075 0.005 0.008236113861598516)
(0.01 0.005 0.008236113861598516)
(0 0 0.008343907891922547)
(0.0025 0 0.008343907891922549)
(0.005 0 0.008343907891922547)
(0.0075 0 0.008343907891922549)
(0.01 0 0.008343907891922547)
(0 0.005 0.008343907891922547)
(0.0025 0.005 0.008343907891922549)
(0.005 0.005 0.008343907891922547)
(0.0075 0.005 0.008343907891922549)
(0.01 0.005 0.008343907891922547)
(0 0 0.00845237534060542)
(0.0025 0 0.00845237534060542)
(0.005 0 0.008452375340605422)
(0.0075 0 0.00845237534060542)
(0.01 0 0.00845237534060542)
(0 0.005 0.00845237534060542)
(0.0025 0.005 0.00845237534060542)
(0.005 0.005 0.008452375340605422)
(0.0075 0.005 0.00845237534060542)
(0.01 0.005 0.00845237534060542)
(0 0 0.008561520414673111)
(0.0025 0 0.008561520414673111)
(0.005 0 0.008561520414673111)
(0.0075 0 0.008561520414673111)
(0.01 0 0.008561520414673111)
(0 0.005 0.008561520414673111)
(0.0025 0.005 0.008561520414673111)
(0.005 0.005 0.008561520414673111)
(0.0075 0.005 0.008561520414673111)
(0.01 0.005 0.008561520414673111)
(0 0 0.008671347347434025)
(0.0025 0 0.008671347347434025)
(0.005 0 0.008671347347434024)
(0.0075 0 0.008671347347434025)
(0.01 0 0.008671347347434025)
(0 0.005 0.008671347347434025)
(0.0025 0.005 0.008671347347434025)
(0.005 0.005 0.008671347347434024)
(0.0075 0.005 0.008671347347434025)
(0.01 0.005 0.008671347347434025)
(0 0 0.008781860398643185)
(0.0025 0 0.008781860398643189)
(0.005 0 0.008781860398643185)
(0.0075 0 0.008781860398643189)
(0.01 0 0.008781860398643185)
(0 0.005 0.008781860398643185)
(0.0025 0.005 0.008781860398643189)
(0.005 0.005 0.008781860398643185)
(0.0075 0.005 0.008781860398643189)
(0.01 0.005 0.008781860398643185)
(0 0 0.008893063854667456)
(0.0025 0 0.008893063854667456)
(0.005 0 0.008893063854667456)
(0.0075 0 0.008893063854667456)
(0.01 0 0.008893063854667456)
(0 0.005 0.008893063854667456)
(0.0025 0.005 0.008893063854667456)
(0.005 0.005 0.008893063854667456)
(0.0075 0.005000000000000001 0.008893063854667456)
(0.01 0.005 0.008893063854667456)
(0 0 0.009004962028651781)
(0.0025 0 0.009004962028651781)
(0.005 0 0.009004962028651781)
(0.0075 0 0.009004962028651781)
(0.01 0 0.009004962028651781)
(0 0.005 0.009004962028651781)
(0.0025 0.005 0.009004962028651781)
(0.005 0.005 0.009004962028651781)
(0.0075 0.005 0.009004962028651781)
(0.01 0.005 0.009004962028651781)
(0 0 0.009117559260686494)
(0.0025 0 0.009117559260686494)
(0.005 0 0.009117559260686494)
(0.0075 0 0.009117559260686494)
(0.01 0 0.009117559260686494)
(0 0.005 0.009117559260686494)
(0.0025 0.005000000000000001 0.009117559260686494)
(0.005 0.004999999999999999 0.009117559260686494)
(0.0075 0.005 0.009117559260686494)
(0.01 0.005 0.009117559260686494)
(0 0 0.009230859917975639)
(0.0025 0 0.009230859917975639)
(0.005 0 0.009230859917975639)
(0.0075 0 0.009230859917975639)
(0.01 0 0.009230859917975639)
(0 0.005 0.009230859917975639)
(0.0025 0.005 0.009230859917975639)
(0.005 0.005 0.009230859917975639)
(0.0075 0.005 0.009230859917975639)
(0.01 0.005 0.009230859917975639)
(0 0 0.009344868395006353)
(0.0025 0 0.009344868395006353)
(0.005 0 0.009344868395006353)
(0.0075 0 0.009344868395006353)
(0.01 0 0.009344868395006353)
(0 0.005 0.009344868395006353)
(0.0025 0.005 0.009344868395006353)
(0.005 0.005000000000000001 0.009344868395006353)
(0.0075 0.005 0.009344868395006353)
(0.01 0.005 0.009344868395006353)
(0 0 0.009459589113719332)
(0.0025 0 0.009459589113719332)
(0.005 0 0.009459589113719332)
(0.0075 0 0.009459589113719332)
(0.01 0 0.009459589113719332)
(0 0.005 0.009459589113719332)
(0.0025 0.005 0.009459589113719332)
(0.005 0.005 0.009459589113719332)
(0.0075 0.005 0.009459589113719332)
(0.01 0.005 0.009459589113719332)
(0 0 0.009575026523680318)
(0.0025 0 0.009575026523680318)
(0.005 0 0.009575026523680316)
(0.0075 0 0.009575026523680318)
(0.01 0 0.009575026523680318)
(0 0.005 0.009575026523680318)
(0.0025 0.005 0.009575026523680318)
(0.005 0.005 0.009575026523680316)
(0.0075 0.005 0.009575026523680318)
(0.01 0.005 0.009575026523680318)
(0 0 0.009691185102252687)
(0.0025 0 0.009691185102252687)
(0.005 0 0.009691185102252687)
(0.0075 0 0.009691185102252687)
(0.01 0 0.009691185102252687)
(0 0.005 0.009691185102252687)
(0.0025 0.005 0.009691185102252687)
(0.005 0.005000000000000001 0.009691185102252687)
(0.0075 0.005 0.009691185102252687)
(0.01 0.005 0.009691185102252687)
(0 0 0.009808069354771121)
(0.0025 0 0.009808069354771121)
(0.005 0 0.009808069354771121)
(0.0075 0 0.009808069354771125)
(0.01 0 0.009808069354771121)
(0 0.005 0.009808069354771121)
(0.0025 0.005 0.009808069354771125)
(0.005 0.005 0.009808069354771121)
(0.0075 0.005 0.009808069354771121)
(0.01 0.005 0.009808069354771121)
(0 0 0.009925683814716337)
(0.0025 0 0.009925683814716337)
(0.005 0 0.009925683814716339)
(0.0075 0 0.009925683814716339)
(0.01 0 0.009925683814716337)
(0 0.005 0.009925683814716337)
(0.0025 0.005 0.009925683814716339)
(0.005 0.005 0.009925683814716339)
(0.0075 0.005 0.009925683814716337)
(0.01 0.005 0.009925683814716337)
(0 0 0.01004403304389092)
(0.0025 0 0.01004403304389092)
(0.005 0 0.01004403304389092)
(0.0075 0 0.01004403304389092)
(0.01 0 0.01004403304389092)
(0 0.005 0.01004403304389092)
(0.0025 0.005 0.01004403304389092)
(0.005 0.005 0.01004403304389092)
(0.0075 0.005 0.01004403304389092)
(0.01 0.005 0.01004403304389092)
(0 0 0.01016312163259629)
(0.0025 0 0.01016312163259629)
(0.005 0 0.01016312163259629)
(0.0075 0 0.01016312163259629)
(0.01 0 0.01016312163259629)
(0 0.005 0.01016312163259629)
(0.0025 0.005 0.01016312163259629)
(0.005 0.005 0.01016312163259629)
(0.0075 0.005 0.01016312163259629)
(0.01 0.005 0.01016312163259629)
(0 0 0.01028295419981067)
(0.0025 0 0.01028295419981067)
(0.005 0 0.01028295419981067)
(0.0075 0 0.01028295419981067)
(0.01 0 0.01028295419981067)
(0 0.005 0.01028295419981067)
(0.0025 0.005 0.01028295419981067)
(0.005 0.005 0.01028295419981067)
(0.0075 0.005 0.01028295419981067)
(0.01 0.005 0.01028295419981067)
(0 0 0.01040353539336834)
(0.0025 0 0.01040353539336834)
(0.005 0 0.01040353539336834)
(0.0075 0 0.01040353539336834)
(0.01 0 0.01040353539336834)
(0 0.005 0.01040353539336834)
(0.0025 0.005 0.01040353539336834)
(0.005 0.005 0.01040353539336834)
(0.0075 0.005 0.01040353539336834)
(0.01 0.005 0.01040353539336834)
(0 0 0.01052486989013982)
(0.0025 0 0.01052486989013982)
(0.005 0 0.01052486989013982)
(0.0075 0 0.01052486989013982)
(0.01 0 0.01052486989013982)
(0 0.005 0.01052486989013982)
(0.0025 0.005 0.01052486989013982)
(0.005 0.005 0.01052486989013982)
(0.0075 0.005 0.01052486989013982)
(0.01 0.005 0.01052486989013982)
(0 0 0.0106469623962133)
(0.0025 0 0.0106469623962133)
(0.005 0 0.0106469623962133)
(0.0075 0 0.0106469623962133)
(0.01 0 0.0106469623962133)
(0 0.005 0.0106469623962133)
(0.0025 0.005 0.0106469623962133)
(0.005 0.005 0.0106469623962133)
(0.0075 0.005 0.0106469623962133)
(0.01 0.005 0.0106469623962133)
(0 0 0.01076981764707719)
(0.0025 0 0.01076981764707719)
(0.005 0 0.01076981764707719)
(0.0075 0 0.01076981764707719)
(0.01 0 0.01076981764707719)
(0 0.005 0.01076981764707719)
(0.0025 0.005000000000000001 0.01076981764707719)
(0.005 0.004999999999999999 0.01076981764707719)
(0.0075 0.005 0.01076981764707719)
(0.01 0.005 0.01076981764707719)
(0 0 0.01089344040780376)
(0.0025 0 0.01089344040780376)
(0.005 0 0.01089344040780376)
(0.0075 0 0.01089344040780376)
(0.01 0 0.01089344040780376)
(0 0.005 0.01089344040780376)
(0.0025 0.005 0.01089344040780376)
(0.005 0.005000000000000001 0.01089344040780376)
(0.0075 0.005 0.01089344040780376)
(0.01 0.005 0.01089344040780376)
(0 0 0.01101783547323397)
(0.0025 0 0.01101783547323397)
(0.005 0 0.01101783547323397)
(0.0075 0 0.01101783547323397)
(0.01 0 0.01101783547323397)
(0 0.005 0.01101783547323397)
(0.0025 0.005 0.01101783547323397)
(0.005 0.005 0.01101783547323397)
(0.0075 0.005 0.01101783547323397)
(0.01 0.005 0.01101783547323397)
(0 0 0.01114300766816345)
(0.0025 0 0.01114300766816345)
(0.005 0 0.01114300766816345)
(0.0075 0 0.01114300766816345)
(0.01 0 0.01114300766816345)
(0 0.005 0.01114300766816345)
(0.0025 0.005 0.01114300766816345)
(0.005 0.005 0.01114300766816345)
(0.0075 0.005 0.01114300766816345)
(0.01 0.005 0.01114300766816345)
(0 0 0.01126896184752962)
(0.0025 0 0.01126896184752962)
(0.005 0 0.01126896184752962)
(0.0075 0 0.01126896184752962)
(0.01 0 0.01126896184752962)
(0 0.005 0.01126896184752962)
(0.0025 0.005 0.01126896184752962)
(0.005 0.005 0.01126896184752962)
(0.0075 0.005 0.01126896184752962)
(0.01 0.005 0.01126896184752962)
(0 0 0.01139570289660001)
(0.0025 0 0.01139570289660001)
(0.005 0 0.01139570289660001)
(0.0075 0 0.01139570289660001)
(0.01 0 0.01139570289660001)
(0 0.005 0.01139570289660001)
(0.0025 0.005 0.01139570289660001)
(0.005 0.005 0.01139570289660001)
(0.0075 0.005 0.01139570289660001)
(0.01 0.005 0.01139570289660001)
(0 0 0.01152323573116173)
(0.0025 0 0.01152323573116173)
(0.005 0 0.01152323573116173)
(0.0075 0 0.01152323573116173)
(0.01 0 0.01152323573116173)
(0 0.005 0.01152323573116173)
(0.0025 0.005 0.01152323573116173)
(0.005 0.005 0.01152323573116173)
(0.0075 0.005 0.01152323573116173)
(0.01 0.005 0.01152323573116173)
(0 0 0.01165156529771214)
(0.0025 0 0.01165156529771214)
(0.005 0 0.01165156529771213)
(0.0075 0 0.01165156529771214)
(0.01 0 0.01165156529771214)
(0 0.005 0.01165156529771214)
(0.0025 0.005 0.01165156529771214)
(0.005 0.005 0.01165156529771213)
(0.0075 0.005000000000000001 0.01165156529771214)
(0.01 0.005 0.01165156529771214)
(0 0 0.01178069657365069)
(0.0025 0 0.01178069657365069)
(0.005 0 0.01178069657365069)
(0.0075 0 0.01178069657365069)
(0.01 0 0.01178069657365069)
(0 0.005 0.01178069657365069)
(0.0025 0.005 0.01178069657365069)
(0.005 0.005 0.01178069657365069)
(0.0075 0.005 0.01178069657365069)
(0.01 0.005 0.01178069657365069)
(0 0 0.01191063456747201)
(0.0025 0 0.011910634567472)
(0.005 0 0.01191063456747201)
(0.0075 0 0.011910634567472)
(0.01 0 0.01191063456747201)
(0 0.005 0.01191063456747201)
(0.0025 0.005 0.011910634567472)
(0.005 0.005 0.01191063456747201)
(0.0075 0.005 0.011910634567472)
(0.01 0.005 0.01191063456747201)
(0 0 0.01204138431896011)
(0.0025 0 0.01204138431896011)
(0.005 0 0.01204138431896011)
(0.0075 0 0.01204138431896011)
(0.01 0 0.01204138431896011)
(0 0.005 0.01204138431896011)
(0.0025 0.005 0.01204138431896011)
(0.005 0.005 0.01204138431896011)
(0.0075 0.005 0.01204138431896011)
(0.01 0.005 0.01204138431896011)
(0 0 0.01217295089938393)
(0.0025 0 0.01217295089938393)
(0.005 0 0.01217295089938394)
(0.0075 0 0.01217295089938393)
(0.01 0 0.01217295089938393)
(0 0.005 0.01217295089938393)
(0.0025 0.005 0.01217295089938393)
(0.005 0.005 0.01217295089938394)
(0.0075 0.005 0.01217295089938393)
(0.01 0.005 0.01217295089938393)
(0 0 0.01230533941169397)
(0.0025 0 0.01230533941169397)
(0.005 0 0.01230533941169397)
(0.0075 0 0.01230533941169397)
(0.01 0 0.01230533941169397)
(0 0.005 0.01230533941169397)
(0.0025 0.005 0.01230533941169397)
(0.005 0.005 0.01230533941169397)
(0.0075 0.005 0.01230533941169397)
(0.01 0.005 0.01230533941169397)
(0 0 0.01243855499072023)
(0.0025 0 0.01243855499072023)
(0.005 0 0.01243855499072024)
(0.0075 0 0.01243855499072023)
(0.01 0 0.01243855499072023)
(0 0.005 0.01243855499072023)
(0.0025 0.005 0.01243855499072023)
(0.005 0.005 0.01243855499072024)
(0.0075 0.005 0.01243855499072023)
(0.01 0.005 0.01243855499072023)
(0 0 0.0125726028033714)
(0.0025 0 0.0125726028033714)
(0.005 0 0.0125726028033714)
(0.0075 0 0.0125726028033714)
(0.01 0 0.0125726028033714)
(0 0.005 0.0125726028033714)
(0.0025 0.005 0.0125726028033714)
(0.005 0.005000000000000001 0.0125726028033714)
(0.0075 0.005 0.0125726028033714)
(0.01 0.005 0.0125726028033714)
(0 0 0.01270748804883523)
(0.0025 0 0.01270748804883523)
(0.005 0 0.01270748804883523)
(0.0075 0 0.01270748804883523)
(0.01 0 0.01270748804883523)
(0 0.005 0.01270748804883523)
(0.0025 0.005 0.01270748804883523)
(0.005 0.005 0.01270748804883523)
(0.0075 0.005 0.01270748804883523)
(0.01 0.005 0.01270748804883523)
(0 0 0.01284321595878018)
(0.0025 0 0.01284321595878018)
(0.005 0 0.01284321595878018)
(0.0075 0 0.01284321595878018)
(0.01 0 0.01284321595878018)
(0 0.005 0.01284321595878018)
(0.0025 0.005 0.01284321595878018)
(0.005 0.005 0.01284321595878018)
(0.0075 0.005 0.01284321595878018)
(0.01 0.005 0.01284321595878018)
(0 0 0.01297979179755838)
(0.0025 0 0.01297979179755838)
(0.005 0 0.01297979179755838)
(0.0075 0 0.01297979179755838)
(0.01 0 0.01297979179755838)
(0 0.005 0.01297979179755838)
(0.0025 0.005 0.01297979179755838)
(0.005 0.005 0.01297979179755838)
(0.0075 0.005 0.01297979179755838)
(0.01 0.005 0.01297979179755838)
(0 0 0.01311722086240978)
(0.0025 0 0.01311722086240978)
(0.005 0 0.01311722086240978)
(0.0075 0 0.01311722086240978)
(0.01 0 0.01311722086240978)
(0 0.005 0.01311722086240978)
(0.0025 0.005 0.01311722086240978)
(0.005 0.005 0.01311722086240978)
(0.0075 0.005 0.01311722086240978)
(0.01 0.005 0.01311722086240978)
(0 0 0.0132555084836676)
(0.0025 0 0.0132555084836676)
(0.005 0 0.0132555084836676)
(0.0075 0 0.0132555084836676)
(0.01 0 0.0132555084836676)
(0 0.005 0.0132555084836676)
(0.0025 0.005 0.0132555084836676)
(0.005 0.005 0.0132555084836676)
(0.0075 0.005 0.0132555084836676)
(0.01 0.005 0.0132555084836676)
(0 0 0.0133946600249651)
(0.0025 0 0.0133946600249651)
(0.005 0 0.0133946600249651)
(0.0075 0 0.0133946600249651)
(0.01 0 0.0133946600249651)
(0 0.005 0.0133946600249651)
(0.0025 0.005 0.0133946600249651)
(0.005 0.004999999999999999 0.0133946600249651)
(0.0075 0.005 0.0133946600249651)
(0.01 0.005 0.0133946600249651)
(0 0 0.01353468088344361)
(0.0025 0 0.01353468088344362)
(0.005 0 0.01353468088344362)
(0.0075 0 0.01353468088344362)
(0.01 0 0.01353468088344361)
(0 0.005 0.01353468088344361)
(0.0025 0.005 0.01353468088344362)
(0.005 0.005 0.01353468088344362)
(0.0075 0.005 0.01353468088344361)
(0.01 0.005 0.01353468088344361)
(0 0 0.01367557648996185)
(0.0025 0 0.01367557648996185)
(0.005 0 0.01367557648996185)
(0.0075 0 0.01367557648996185)
(0.01 0 0.01367557648996185)
(0 0.005 0.01367557648996185)
(0.0025 0.005 0.01367557648996185)
(0.005 0.005 0.01367557648996185)
(0.0075 0.005 0.01367557648996185)
(0.01 0.005 0.01367557648996185)
(0 0 0.01381735230930656)
(0.0025 0 0.01381735230930656)
(0.005 0 0.01381735230930656)
(0.0075 0 0.01381735230930656)
(0.01 0 0.01381735230930656)
(0 0.005 0.01381735230930656)
(0.0025 0.005 0.01381735230930656)
(0.005 0.005 0.01381735230930656)
(0.0075 0.005 0.01381735230930656)
(0.01 0.005 0.01381735230930656)
(0 0 0.01396001384040451)
(0.0025 0 0.01396001384040451)
(0.005 0 0.01396001384040451)
(0.0075 0 0.01396001384040451)
(0.01 0 0.01396001384040451)
(0 0.005 0.01396001384040451)
(0.0025 0.005 0.01396001384040451)
(0.005 0.005 0.01396001384040451)
(0.0075 0.005 0.01396001384040451)
(0.01 0.005 0.01396001384040451)
(0 0 0.01410356661653571)
(0.0025 0 0.01410356661653571)
(0.005 0 0.01410356661653571)
(0.0075 0 0.01410356661653571)
(0.01 0 0.01410356661653571)
(0 0.005 0.01410356661653571)
(0.0025 0.005 0.01410356661653571)
(0.005 0.005 0.01410356661653571)
(0.0075 0.005 0.01410356661653571)
(0.01 0.005 0.01410356661653571)
(0 0 0.01424801620554811)
(0.0025 0 0.01424801620554811)
(0.005 0 0.01424801620554811)
(0.0075 0 0.01424801620554811)
(0.01 0 0.01424801620554811)
(0 0.005 0.01424801620554811)
(0.0025 0.005000000000000001 0.01424801620554811)
(0.005 0.004999999999999999 0.01424801620554811)
(0.0075 0.005 0.01424801620554811)
(0.01 0.005 0.01424801620554811)
(0 0 0.01439336821007344)
(0.0025 0 0.01439336821007344)
(0.005 0 0.01439336821007344)
(0.0075 0 0.01439336821007344)
(0.01 0 0.01439336821007344)
(0 0.005 0.01439336821007344)
(0.0025 0.005 0.01439336821007344)
(0.005 0.005 0.01439336821007344)
(0.0075 0.005 0.01439336821007344)
(0.01 0.005 0.01439336821007344)
(0 0 0.01453962826774465)
(0.0025 0 0.01453962826774465)
(0.005 0 0.01453962826774465)
(0.0075 0 0.01453962826774465)
(0.01 0 0.01453962826774465)
(0 0.005 0.01453962826774465)
(0.0025 0.005 0.01453962826774465)
(0.005 0.005 0.01453962826774465)
(0.0075 0.005 0.01453962826774465)
(0.01 0.005 0.01453962826774465)
(0 0 0.01468680205141445)
(0.0025 0 0.01468680205141445)
(0.005 0 0.01468680205141445)
(0.0075 0 0.01468680205141445)
(0.01 0 0.01468680205141445)
(0 0.005 0.01468680205141445)
(0.0025 0.005 0.01468680205141445)
(0.005 0.005000000000000001 0.01468680205141445)
(0.0075 0.005 0.01468680205141445)
(0.01 0.005 0.01468680205141445)
(0 0 0.01483489526937542)
(0.0025 0 0.01483489526937542)
(0.005 0 0.01483489526937542)
(0.0075 0 0.01483489526937542)
(0.01 0 0.01483489526937542)
(0 0.005 0.01483489526937542)
(0.0025 0.005 0.01483489526937542)
(0.005 0.005 0.01483489526937542)
(0.0075 0.005 0.01483489526937542)
(0.01 0.005 0.01483489526937542)
(0 0 0.01498391366558137)
(0.0025 0 0.01498391366558137)
(0.005 0 0.01498391366558137)
(0.0075 0 0.01498391366558137)
(0.01 0 0.01498391366558137)
(0 0.005 0.01498391366558137)
(0.0025 0.005 0.01498391366558137)
(0.005 0.005 0.01498391366558137)
(0.0075 0.005 0.01498391366558137)
(0.01 0.005 0.01498391366558137)
(0 0 0.01513386301987014)
(0.0025 0 0.01513386301987014)
(0.005 0 0.01513386301987014)
(0.0075 0 0.01513386301987014)
(0.01 0 0.01513386301987014)
(0 0.005 0.01513386301987014)
(0.0025 0.005 0.01513386301987014)
(0.005 0.005 0.01513386301987014)
(0.0075 0.005 0.01513386301987014)
(0.01 0.005 0.01513386301987014)
(0 0 0.01528474914818777)
(0.0025 0 0.01528474914818777)
(0.005 0 0.01528474914818777)
(0.0075 0 0.01528474914818777)
(0.01 0 0.01528474914818777)
(0 0.005 0.01528474914818777)
(0.0025 0.005 0.01528474914818777)
(0.005 0.005 0.01528474914818777)
(0.0075 0.005 0.01528474914818777)
(0.01 0.005 0.01528474914818777)
(0 0 0.0154365779028141)
(0.0025 0 0.0154365779028141)
(0.005 0 0.0154365779028141)
(0.0075 0 0.0154365779028141)
(0.01 0 0.0154365779028141)
(0 0.005 0.0154365779028141)
(0.0025 0.005 0.0154365779028141)
(0.005 0.005 0.0154365779028141)
(0.0075 0.005 0.0154365779028141)
(0.01 0.005 0.0154365779028141)
(0 0 0.01558935517258971)
(0.0025 0 0.01558935517258971)
(0.005 0 0.01558935517258971)
(0.0075 0 0.01558935517258971)
(0.01 0 0.01558935517258971)
(0 0.005 0.01558935517258971)
(0.0025 0.005 0.01558935517258971)
(0.005 0.005 0.01558935517258971)
(0.0075 0.005 0.01558935517258971)
(0.01 0.005 0.01558935517258971)
(0 0 0.01574308688314438)
(0.0025 0 0.01574308688314438)
(0.005 0 0.01574308688314438)
(0.0075 0 0.01574308688314438)
(0.01 0 0.01574308688314438)
(0 0.005 0.01574308688314438)
(0.0025 0.005 0.01574308688314438)
(0.005 0.005 0.01574308688314438)
(0.0075 0.005 0.01574308688314438)
(0.01 0.005 0.01574308688314438)
(0 0 0.01589777899712689)
(0.0025 0 0.01589777899712689)
(0.005 0 0.01589777899712689)
(0.0075 0 0.01589777899712689)
(0.01 0 0.01589777899712689)
(0 0.005 0.01589777899712689)
(0.0025 0.005 0.01589777899712689)
(0.005 0.005 0.01589777899712689)
(0.0075 0.005000000000000001 0.01589777899712689)
(0.01 0.005 0.01589777899712689)
(0 0 0.01605343751443628)
(0.0025 0 0.01605343751443628)
(0.005 0 0.01605343751443628)
(0.0075 0 0.01605343751443628)
(0.01 0 0.01605343751443628)
(0 0.005 0.01605343751443628)
(0.0025 0.005 0.01605343751443628)
(0.005 0.004999999999999999 0.01605343751443628)
(0.0075 0.005 0.01605343751443628)
(0.01 0.005 0.01605343751443628)
(0 0 0.01621006847245459)
(0.0025 0 0.01621006847245459)
(0.005 0 0.01621006847245459)
(0.0075 0 0.01621006847245459)
(0.01 0 0.01621006847245459)
(0 0.005 0.01621006847245459)
(0.0025 0.005 0.01621006847245459)
(0.005 0.005 0.01621006847245459)
(0.0075 0.005 0.01621006847245459)
(0.01 0.005 0.01621006847245459)
(0 0 0.01636767794628102)
(0.0025 0 0.01636767794628102)
(0.005 0 0.01636767794628102)
(0.0075 0 0.01636767794628102)
(0.01 0 0.01636767794628102)
(0 0.005 0.01636767794628102)
(0.0025 0.005 0.01636767794628102)
(0.005 0.005000000000000001 0.01636767794628102)
(0.0075 0.005 0.01636767794628102)
(0.01 0.005 0.01636767794628102)
(0 0 0.01652627204896752)
(0.0025 0 0.01652627204896752)
(0.005 0 0.01652627204896752)
(0.0075 0 0.01652627204896752)
(0.01 0 0.01652627204896752)
(0 0.005 0.01652627204896752)
(0.0025 0.005 0.01652627204896752)
(0.005 0.005 0.01652627204896752)
(0.0075 0.005 0.01652627204896752)
(0.01 0.005 0.01652627204896752)
(0 0 0.01668585693175597)
(0.0025 0 0.01668585693175597)
(0.005 0 0.01668585693175597)
(0.0075 0 0.01668585693175597)
(0.01 0 0.01668585693175597)
(0 0.005 0.01668585693175597)
(0.0025 0.005 0.01668585693175597)
(0.005 0.005 0.01668585693175597)
(0.0075 0.005 0.01668585693175597)
(0.01 0.005 0.01668585693175597)
(0 0 0.01684643878431667)
(0.0025 0 0.01684643878431667)
(0.005 0 0.01684643878431667)
(0.0075 0 0.01684643878431667)
(0.01 0 0.01684643878431667)
(0 0.005 0.01684643878431667)
(0.0025 0.005000000000000001 0.01684643878431667)
(0.005 0.004999999999999999 0.01684643878431667)
(0.0075 0.005 0.01684643878431667)
(0.01 0.005 0.01684643878431667)
(0 0 0.01700802383498849)
(0.0025 0 0.01700802383498849)
(0.005 0 0.01700802383498849)
(0.0075 0 0.01700802383498849)
(0.01 0 0.01700802383498849)
(0 0.005 0.01700802383498849)
(0.0025 0.005 0.01700802383498849)
(0.005 0.005 0.01700802383498849)
(0.0075 0.005 0.01700802383498849)
(0.01 0.005 0.01700802383498849)
(0 0 0.0171706183510204)
(0.0025 0 0.0171706183510204)
(0.005 0 0.0171706183510204)
(0.0075 0 0.0171706183510204)
(0.01 0 0.0171706183510204)
(0 0.005 0.0171706183510204)
(0.0025 0.005 0.0171706183510204)
(0.005 0.005 0.0171706183510204)
(0.0075 0.005 0.0171706183510204)
(0.01 0.005 0.0171706183510204)
(0 0 0.01733422863881456)
(0.0025 0 0.01733422863881456)
(0.005 0 0.01733422863881456)
(0.0075 0 0.01733422863881456)
(0.01 0 0.01733422863881456)
(0 0.005 0.01733422863881456)
(0.0025 0.005 0.01733422863881456)
(0.005 0.005 0.01733422863881456)
(0.0075 0.005 0.01733422863881455)
(0.01 0.005 0.01733422863881456)
(0 0 0.01749886104417093)
(0.0025 0 0.01749886104417093)
(0.005 0 0.01749886104417092)
(0.0075 0 0.01749886104417092)
(0.01 0 0.01749886104417093)
(0 0.005 0.01749886104417093)
(0.0025 0.005 0.01749886104417092)
(0.005 0.005 0.01749886104417092)
(0.0075 0.005 0.01749886104417093)
(0.01 0.005 0.01749886104417093)
(0 0 0.01766452195253339)
(0.0025 0 0.01766452195253339)
(0.005 0 0.01766452195253339)
(0.0075 0 0.01766452195253339)
(0.01 0 0.01766452195253339)
(0 0.005 0.01766452195253339)
(0.0025 0.005 0.01766452195253339)
(0.005 0.005 0.01766452195253339)
(0.0075 0.005 0.01766452195253339)
(0.01 0.005 0.01766452195253339)
(0 0 0.01783121778923741)
(0.0025 0 0.01783121778923741)
(0.005 0 0.01783121778923741)
(0.0075 0 0.01783121778923741)
(0.01 0 0.01783121778923741)
(0 0.005 0.01783121778923741)
(0.0025 0.005 0.01783121778923741)
(0.005 0.005 0.01783121778923741)
(0.0075 0.005 0.01783121778923741)
(0.01 0.005 0.01783121778923741)
(0 0 0.01799895501975926)
(0.0025 0 0.01799895501975926)
(0.005 0 0.01799895501975926)
(0.0075 0 0.01799895501975926)
(0.01 0 0.01799895501975926)
(0 0.005 0.01799895501975926)
(0.0025 0.005 0.01799895501975926)
(0.005 0.005 0.01799895501975926)
(0.0075 0.005 0.01799895501975926)
(0.01 0.005 0.01799895501975926)
(0 0 0.01816774014996679)
(0.0025 0 0.01816774014996678)
(0.005 0 0.01816774014996679)
(0.0075 0 0.01816774014996679)
(0.01 0 0.01816774014996679)
(0 0.005 0.01816774014996679)
(0.0025 0.005 0.01816774014996679)
(0.005 0.005 0.01816774014996679)
(0.0075 0.005 0.01816774014996679)
(0.01 0.005 0.01816774014996679)
(0 0 0.01833757972637174)
(0.0025 0 0.01833757972637174)
(0.005 0 0.01833757972637174)
(0.0075 0 0.01833757972637174)
(0.01 0 0.01833757972637174)
(0 0.005 0.01833757972637174)
(0.0025 0.005 0.01833757972637174)
(0.005 0.005 0.01833757972637174)
(0.0075 0.005 0.01833757972637174)
(0.01 0.005 0.01833757972637174)
(0 0 0.01850848033638371)
(0.0025 0 0.01850848033638371)
(0.005 0 0.01850848033638371)
(0.0075 0 0.01850848033638371)
(0.01 0 0.01850848033638371)
(0 0.005 0.01850848033638371)
(0.0025 0.005 0.01850848033638371)
(0.005 0.005 0.01850848033638371)
(0.0075 0.005 0.01850848033638371)
(0.01 0.005 0.01850848033638371)
(0 0 0.01868044860856558)
(0.0025 0 0.01868044860856558)
(0.005 0 0.01868044860856558)
(0.0075 0 0.01868044860856558)
(0.01 0 0.01868044860856558)
(0 0.005 0.01868044860856558)
(0.0025 0.005 0.01868044860856558)
(0.005 0.005 0.01868044860856558)
(0.0075 0.005 0.01868044860856558)
(0.01 0.005 0.01868044860856558)
(0 0 0.01885349121289068)
(0.0025 0 0.01885349121289068)
(0.005 0 0.01885349121289068)
(0.0075 0 0.01885349121289068)
(0.01 0 0.01885349121289068)
(0 0.005 0.01885349121289068)
(0.0025 0.005 0.01885349121289068)
(0.005 0.005 0.01885349121289068)
(0.0075 0.005 0.01885349121289068)
(0.01 0.005 0.01885349121289068)
(0 0 0.01902761486100145)
(0.0025 0 0.01902761486100145)
(0.005 0 0.01902761486100145)
(0.0075 0 0.01902761486100145)
(0.01 0 0.01902761486100145)
(0 0.005 0.01902761486100145)
(0.0025 0.005 0.01902761486100145)
(0.005 0.005 0.01902761486100145)
(0.0075 0.005 0.01902761486100145)
(0.01 0.005 0.01902761486100145)
(0 0 0.01920282630646977)
(0.0025 0 0.01920282630646977)
(0.005 0 0.01920282630646977)
(0.0075 0 0.01920282630646977)
(0.01 0 0.01920282630646977)
(0 0.005 0.01920282630646977)
(0.0025 0.005 0.01920282630646977)
(0.005 0.005 0.01920282630646977)
(0.0075 0.005 0.01920282630646977)
(0.01 0.005 0.01920282630646977)
(0 0 0.01937913234505889)
(0.0025 0 0.01937913234505889)
(0.005 0 0.01937913234505889)
(0.0075 0 0.01937913234505889)
(0.01 0 0.01937913234505889)
(0 0.005 0.01937913234505889)
(0.0025 0.005 0.01937913234505889)
(0.005 0.005 0.01937913234505889)
(0.0075 0.005 0.01937913234505889)
(0.01 0.005 0.01937913234505889)
(0 0 0.01955653981498705)
(0.0025 0 0.01955653981498705)
(0.005 0 0.01955653981498705)
(0.0075 0 0.01955653981498705)
(0.01 0 0.01955653981498705)
(0 0.005 0.01955653981498705)
(0.0025 0.005 0.01955653981498705)
(0.005 0.005000000000000001 0.01955653981498705)
(0.0075 0.005 0.01955653981498705)
(0.01 0.005 0.01955653981498705)
(0 0 0.01973505559719268)
(0.0025 0 0.01973505559719268)
(0.005 0 0.01973505559719268)
(0.0075 0 0.01973505559719268)
(0.01 0 0.01973505559719268)
(0 0.005 0.01973505559719268)
(0.0025 0.005 0.01973505559719268)
(0.005 0.005 0.01973505559719268)
(0.0075 0.005 0.01973505559719268)
(0.01 0.005 0.01973505559719268)
(0 0 0.01991468661560126)
(0.0025 0 0.01991468661560126)
(0.005 0 0.01991468661560125)
(0.0075 0 0.01991468661560126)
(0.01 0 0.01991468661560126)
(0 0.005 0.01991468661560126)
(0.0025 0.005 0.01991468661560126)
(0.005 0.005 0.01991468661560125)
(0.0075 0.005 0.01991468661560126)
(0.01 0.005 0.01991468661560126)
(0 0 0.02009543983739392)
(0.0025 0 0.02009543983739392)
(0.005 0 0.02009543983739392)
(0.0075 0 0.02009543983739392)
(0.01 0 0.02009543983739392)
(0 0.005 0.02009543983739392)
(0.0025 0.005 0.02009543983739392)
(0.005 0.005 0.02009543983739392)
(0.0075 0.005 0.02009543983739392)
(0.01 0.005 0.02009543983739392)
(0 0 0.02027732227327764)
(0.0025 0 0.02027732227327764)
(0.005 0 0.02027732227327764)
(0.0075 0 0.02027732227327764)
(0.01 0 0.02027732227327764)
(0 0.005 0.02027732227327764)
(0.0025 0.005 0.02027732227327764)
(0.005 0.005 0.02027732227327764)
(0.0075 0.005 0.02027732227327764)
(0.01 0.005 0.02027732227327764)
(0 0 0.02046034097775719)
(0.0025 0 0.02046034097775719)
(0.005 0 0.02046034097775719)
(0.0075 0 0.02046034097775719)
(0.01 0 0.02046034097775719)
(0 0.005 0.02046034097775719)
(0.0025 0.005 0.02046034097775719)
(0.005 0.005 0.02046034097775719)
(0.0075 0.005 0.02046034097775719)
(0.01 0.005 0.02046034097775719)
(0 0 0.02064450304940871)
(0.0025 0 0.02064450304940871)
(0.005 0 0.02064450304940871)
(0.0075 0 0.02064450304940871)
(0.01 0 0.02064450304940871)
(0 0.005 0.02064450304940871)
(0.0025 0.005 0.02064450304940871)
(0.005 0.005 0.02064450304940871)
(0.0075 0.005 0.02064450304940871)
(0.01 0.005 0.02064450304940871)
(0 0 0.02082981563115509)
(0.0025 0 0.02082981563115509)
(0.005 0 0.02082981563115509)
(0.0075 0 0.02082981563115508)
(0.01 0 0.02082981563115509)
(0 0.005 0.02082981563115509)
(0.0025 0.005 0.02082981563115508)
(0.005 0.005 0.02082981563115509)
(0.0075 0.005 0.02082981563115509)
(0.01 0.005 0.02082981563115509)
(0 0 0.02101628591054294)
(0.0025 0 0.02101628591054294)
(0.005 0 0.02101628591054294)
(0.0075 0 0.02101628591054294)
(0.01 0 0.02101628591054294)
(0 0.005 0.02101628591054294)
(0.0025 0.005 0.02101628591054294)
(0.005 0.005 0.02101628591054294)
(0.0075 0.005 0.02101628591054294)
(0.01 0.005 0.02101628591054294)
(0 0 0.02120392112002144)
(0.0025 0 0.02120392112002144)
(0.005 0 0.02120392112002145)
(0.0075 0 0.02120392112002144)
(0.01 0 0.02120392112002144)
(0 0.005 0.02120392112002144)
(0.0025 0.005 0.02120392112002144)
(0.005 0.005000000000000001 0.02120392112002145)
(0.0075 0.005 0.02120392112002144)
(0.01 0.005 0.02120392112002144)
(0 0 0.02139272853722285)
(0.0025 0 0.02139272853722285)
(0.005 0 0.02139272853722285)
(0.0075 0 0.02139272853722285)
(0.01 0 0.02139272853722285)
(0 0.005 0.02139272853722285)
(0.0025 0.005 0.02139272853722285)
(0.005 0.005000000000000001 0.02139272853722285)
(0.0075 0.005 0.02139272853722285)
(0.01 0.005 0.02139272853722285)
(0 0 0.02158271548524471)
(0.0025 0 0.02158271548524471)
(0.005 0 0.02158271548524471)
(0.0075 0 0.02158271548524471)
(0.01 0 0.02158271548524471)
(0 0.005 0.02158271548524471)
(0.0025 0.005 0.02158271548524471)
(0.005 0.005 0.02158271548524471)
(0.0075 0.005 0.02158271548524471)
(0.01 0.005 0.02158271548524471)
(0 0 0.02177388933293395)
(0.0025 0 0.02177388933293395)
(0.005 0 0.02177388933293395)
(0.0075 0 0.02177388933293395)
(0.01 0 0.02177388933293395)
(0 0.005 0.02177388933293395)
(0.0025 0.005 0.02177388933293395)
(0.005 0.005 0.02177388933293395)
(0.0075 0.005 0.02177388933293395)
(0.01 0.005 0.02177388933293395)
(0 0 0.02196625749517268)
(0.0025 0 0.02196625749517268)
(0.005 0 0.02196625749517268)
(0.0075 0 0.02196625749517268)
(0.01 0 0.02196625749517268)
(0 0.005 0.02196625749517268)
(0.0025 0.005 0.02196625749517268)
(0.005 0.005000000000000001 0.02196625749517268)
(0.0075 0.005 0.02196625749517268)
(0.01 0.005 0.02196625749517268)
(0 0 0.02215982743316577)
(0.0025 0 0.02215982743316577)
(0.005 0 0.02215982743316577)
(0.0075 0 0.02215982743316577)
(0.01 0 0.02215982743316577)
(0 0.005 0.02215982743316577)
(0.0025 0.005 0.02215982743316577)
(0.005 0.005 0.02215982743316577)
(0.0075 0.005000000000000001 0.02215982743316577)
(0.01 0.005 0.02215982743316577)
(0 0 0.02235460665473024)
(0.0025 0 0.02235460665473024)
(0.005 0 0.02235460665473024)
(0.0075 0 0.02235460665473024)
(0.01 0 0.02235460665473024)
(0 0.005 0.02235460665473024)
(0.0025 0.005 0.02235460665473024)
(0.005 0.005 0.02235460665473024)
(0.0075 0.005 0.02235460665473024)
(0.01 0.005 0.02235460665473024)
(0 0 0.02255060271458647)
(0.0025 0 0.02255060271458647)
(0.005 0 0.02255060271458647)
(0.0075 0 0.02255060271458647)
(0.01 0 0.02255060271458647)
(0 0.005 0.02255060271458647)
(0.0025 0.005 0.02255060271458647)
(0.005 0.005 0.02255060271458647)
(0.0075 0.005 0.02255060271458647)
(0.01 0.005 0.02255060271458647)
(0 0 0.02274782321465123)
(0.0025 0 0.02274782321465123)
(0.005 0 0.02274782321465123)
(0.0075 0 0.02274782321465123)
(0.01 0 0.02274782321465123)
(0 0.005 0.02274782321465123)
(0.0025 0.005 0.02274782321465123)
(0.005 0.005 0.02274782321465123)
(0.0075 0.005000000000000001 0.02274782321465123)
(0.01 0.005 0.02274782321465123)
(0 0 0.02294627580433249)
(0.0025 0 0.02294627580433249)
(0.005 0 0.02294627580433249)
(0.0075 0 0.02294627580433249)
(0.01 0 0.02294627580433249)
(0 0.005 0.02294627580433249)
(0.0025 0.005 0.02294627580433249)
(0.005 0.005 0.02294627580433249)
(0.0075 0.005 0.02294627580433249)
(0.01 0.005 0.02294627580433249)
(0 0 0.02314596818082614)
(0.0025 0 0.02314596818082614)
(0.005 0 0.02314596818082613)
(0.0075 0 0.02314596818082614)
(0.01 0 0.02314596818082614)
(0 0.005 0.02314596818082614)
(0.0025 0.005 0.02314596818082614)
(0.005 0.005 0.02314596818082613)
(0.0075 0.005 0.02314596818082614)
(0.01 0.005 0.02314596818082614)
(0 0 0.02334690808941454)
(0.0025 0 0.02334690808941453)
(0.005 0 0.02334690808941454)
(0.0075 0 0.02334690808941453)
(0.01 0 0.02334690808941454)
(0 0.005 0.02334690808941454)
(0.0025 0.005 0.02334690808941453)
(0.005 0.005 0.02334690808941454)
(0.0075 0.005 0.02334690808941453)
(0.01 0.005 0.02334690808941454)
(0 0 0.0235491033237669)
(0.0025 0 0.0235491033237669)
(0.005 0 0.0235491033237669)
(0.0075 0 0.0235491033237669)
(0.01 0 0.0235491033237669)
(0 0.005 0.0235491033237669)
(0.0025 0.005 0.0235491033237669)
(0.005 0.005000000000000001 0.0235491033237669)
(0.0075 0.005 0.0235491033237669)
(0.01 0.005 0.0235491033237669)
(0 0 0.02375256172624158)
(0.0025 0 0.02375256172624158)
(0.005 0 0.02375256172624158)
(0.0075 0 0.02375256172624158)
(0.01 0 0.02375256172624158)
(0 0.005 0.02375256172624158)
(0.0025 0.005 0.02375256172624158)
(0.005 0.005 0.02375256172624158)
(0.0075 0.005 0.02375256172624158)
(0.01 0.005 0.02375256172624158)
(0 0 0.02395729118819029)
(0.0025 0 0.02395729118819029)
(0.005 0 0.02395729118819029)
(0.0075 0 0.02395729118819029)
(0.01 0 0.02395729118819029)
(0 0.005 0.02395729118819029)
(0.0025 0.005 0.02395729118819029)
(0.005 0.005 0.02395729118819029)
(0.0075 0.005 0.02395729118819029)
(0.01 0.005 0.02395729118819029)
(0 0 0.02416329965026412)
(0.0025 0 0.02416329965026412)
(0.005 0 0.02416329965026412)
(0.0075 0 0.02416329965026412)
(0.01 0 0.02416329965026412)
(0 0.005 0.02416329965026412)
(0.0025 0.005 0.02416329965026412)
(0.005 0.005 0.02416329965026412)
(0.0075 0.005 0.02416329965026412)
(0.01 0.005 0.02416329965026412)
(0 0 0.02437059510272155)
(0.0025 0 0.02437059510272155)
(0.005 0 0.02437059510272155)
(0.0075 0 0.02437059510272155)
(0.01 0 0.02437059510272155)
(0 0.005 0.02437059510272155)
(0.0025 0.005 0.02437059510272155)
(0.005 0.005 0.02437059510272155)
(0.0075 0.005 0.02437059510272155)
(0.01 0.005 0.02437059510272155)
(0 0 0.02457918558573837)
(0.0025 0 0.02457918558573837)
(0.005 0 0.02457918558573837)
(0.0075 0 0.02457918558573837)
(0.01 0 0.02457918558573837)
(0 0.005 0.02457918558573837)
(0.0025 0.005 0.02457918558573837)
(0.005 0.005 0.02457918558573837)
(0.0075 0.005 0.02457918558573837)
(0.01 0.005 0.02457918558573837)
(0 0 0.0247890791897195)
(0.0025 0 0.0247890791897195)
(0.005 0 0.02478907918971949)
(0.0075 0 0.0247890791897195)
(0.01 0 0.0247890791897195)
(0 0.005 0.0247890791897195)
(0.0025 0.005 0.0247890791897195)
(0.005 0.005 0.02478907918971949)
(0.0075 0.005 0.0247890791897195)
(0.01 0.005 0.0247890791897195)
(0 0 0.0250002840556128)
(0.0025 0 0.0250002840556128)
(0.005 0 0.0250002840556128)
(0.0075 0 0.0250002840556128)
(0.01 0 0.0250002840556128)
(0 0.005 0.0250002840556128)
(0.0025 0.005 0.0250002840556128)
(0.005 0.005 0.0250002840556128)
(0.0075 0.005 0.0250002840556128)
(0.01 0.005 0.0250002840556128)
(0 0 0.02521280837522484)
(0.0025 0 0.02521280837522483)
(0.005 0 0.02521280837522484)
(0.0075 0 0.02521280837522484)
(0.01 0 0.02521280837522484)
(0 0.005 0.02521280837522484)
(0.0025 0.005 0.02521280837522483)
(0.005 0.005 0.02521280837522484)
(0.0075 0.005 0.02521280837522484)
(0.01 0.005 0.02521280837522484)
(0 0 0.0254266603915386)
(0.0025 0 0.0254266603915386)
(0.005 0 0.02542666039153859)
(0.0075 0 0.0254266603915386)
(0.01 0 0.0254266603915386)
(0 0.005 0.0254266603915386)
(0.0025 0.005 0.0254266603915386)
(0.005 0.005 0.02542666039153859)
(0.0075 0.005 0.0254266603915386)
(0.01 0.005 0.0254266603915386)
(0 0 0.0256418483990332)
(0.0025 0 0.0256418483990332)
(0.005 0 0.0256418483990332)
(0.0075 0 0.02564184839903321)
(0.01 0 0.0256418483990332)
(0 0.005 0.0256418483990332)
(0.0025 0.005 0.0256418483990332)
(0.005 0.005000000000000001 0.0256418483990332)
(0.0075 0.005 0.02564184839903321)
(0.01 0.005 0.0256418483990332)
(0 0 0.02585838074400562)
(0.0025 0 0.02585838074400562)
(0.005 0 0.02585838074400562)
(0.0075 0 0.02585838074400562)
(0.01 0 0.02585838074400562)
(0 0.005 0.02585838074400562)
(0.0025 0.005000000000000001 0.02585838074400562)
(0.005 0.004999999999999999 0.02585838074400562)
(0.0075 0.005 0.02585838074400562)
(0.01 0.005 0.02585838074400562)
(0 0 0.02607626582489438)
(0.0025 0 0.02607626582489438)
(0.005 0 0.02607626582489438)
(0.0075 0 0.02607626582489438)
(0.01 0 0.02607626582489438)
(0 0.005 0.02607626582489438)
(0.0025 0.005 0.02607626582489438)
(0.005 0.004999999999999999 0.02607626582489438)
(0.0075 0.005 0.02607626582489438)
(0.01 0.005 0.02607626582489438)
(0 0 0.02629551209260533)
(0.0025 0 0.02629551209260533)
(0.005 0 0.02629551209260533)
(0.0075 0 0.02629551209260533)
(0.01 0 0.02629551209260533)
(0 0.005 0.02629551209260533)
(0.0025 0.005 0.02629551209260533)
(0.005 0.005 0.02629551209260533)
(0.0075 0.005 0.02629551209260533)
(0.01 0.005 0.02629551209260533)
(0 0 0.0265161280508394)
(0.0025 0 0.0265161280508394)
(0.005 0 0.0265161280508394)
(0.0075 0 0.02651612805083939)
(0.01 0 0.0265161280508394)
(0 0.005 0.0265161280508394)
(0.0025 0.005 0.02651612805083939)
(0.005 0.005 0.0265161280508394)
(0.0075 0.005 0.0265161280508394)
(0.01 0.005 0.0265161280508394)
(0 0 0.02673812225642242)
(0.0025 0 0.02673812225642242)
(0.005 0 0.02673812225642242)
(0.0075 0 0.02673812225642242)
(0.01 0 0.02673812225642242)
(0 0.005 0.02673812225642242)
(0.0025 0.005 0.02673812225642242)
(0.005 0.005000000000000001 0.02673812225642242)
(0.0075 0.005 0.02673812225642242)
(0.01 0.005 0.02673812225642242)
(0 0 0.02696150331963705)
(0.0025 0 0.02696150331963705)
(0.005 0 0.02696150331963704)
(0.0075 0 0.02696150331963704)
(0.01 0 0.02696150331963705)
(0 0.005 0.02696150331963705)
(0.0025 0.005 0.02696150331963705)
(0.005 0.005 0.02696150331963704)
(0.0075 0.005 0.02696150331963704)
(0.01 0.005 0.02696150331963705)
(0 0 0.02718627990455667)
(0.0025 0 0.02718627990455667)
(0.005 0 0.02718627990455666)
(0.0075 0 0.02718627990455667)
(0.01 0 0.02718627990455667)
(0 0.005 0.02718627990455667)
(0.0025 0.005 0.02718627990455667)
(0.005 0.005 0.02718627990455666)
(0.0075 0.005000000000000001 0.02718627990455667)
(0.01 0.005 0.02718627990455667)
(0 0 0.02741246072938148)
(0.0025 0 0.02741246072938148)
(0.005 0 0.02741246072938148)
(0.0075 0 0.02741246072938148)
(0.01 0 0.02741246072938148)
(0 0.005 0.02741246072938148)
(0.0025 0.005 0.02741246072938148)
(0.005 0.005 0.02741246072938148)
(0.0075 0.005 0.02741246072938148)
(0.01 0.005 0.02741246072938148)
(0 0 0.02764005456677661)
(0.0025 0 0.02764005456677661)
(0.005 0 0.02764005456677661)
(0.0075 0 0.02764005456677661)
(0.01 0 0.02764005456677661)
(0 0.005 0.02764005456677661)
(0.0025 0.005 0.02764005456677661)
(0.005 0.005 0.02764005456677661)
(0.0075 0.005 0.02764005456677661)
(0.01 0.005 0.02764005456677661)
(0 0 0.02786907024421243)
(0.0025 0 0.02786907024421243)
(0.005 0 0.02786907024421243)
(0.0075 0 0.02786907024421243)
(0.01 0 0.02786907024421243)
(0 0.005 0.02786907024421243)
(0.0025 0.005000000000000001 0.02786907024421243)
(0.005 0.004999999999999999 0.02786907024421243)
(0.0075 0.005 0.02786907024421243)
(0.01 0.005 0.02786907024421243)
(0 0 0.02809951664430684)
(0.0025 0 0.02809951664430684)
(0.005 0 0.02809951664430685)
(0.0075 0 0.02809951664430684)
(0.01 0 0.02809951664430684)
(0 0.005 0.02809951664430684)
(0.0025 0.005 0.02809951664430684)
(0.005 0.005 0.02809951664430685)
(0.0075 0.005 0.02809951664430684)
(0.01 0.005 0.02809951664430684)
(0 0 0.02833140270516991)
(0.0025 0 0.02833140270516991)
(0.005 0 0.02833140270516992)
(0.0075 0 0.02833140270516991)
(0.01 0 0.02833140270516991)
(0 0.005 0.02833140270516991)
(0.0025 0.005 0.02833140270516991)
(0.005 0.005 0.02833140270516992)
(0.0075 0.005000000000000001 0.02833140270516991)
(0.01 0.005 0.02833140270516991)
(0 0 0.02856473742075045)
(0.0025 0 0.02856473742075045)
(0.005 0 0.02856473742075046)
(0.0075 0 0.02856473742075045)
(0.01 0 0.02856473742075045)
(0 0.005 0.02856473742075045)
(0.0025 0.005 0.02856473742075045)
(0.005 0.005000000000000001 0.02856473742075046)
(0.0075 0.005 0.02856473742075045)
(0.01 0.005 0.02856473742075045)
(0 0 0.02879952984118491)
(0.0025 0 0.02879952984118491)
(0.005 0 0.02879952984118491)
(0.0075 0 0.02879952984118491)
(0.01 0 0.02879952984118491)
(0 0.005 0.02879952984118491)
(0.0025 0.005 0.02879952984118491)
(0.005 0.005 0.02879952984118491)
(0.0075 0.005 0.02879952984118491)
(0.01 0.005 0.02879952984118491)
(0 0 0.02903578907314836)
(0.0025 0 0.02903578907314836)
(0.005 0 0.02903578907314836)
(0.0075 0 0.02903578907314836)
(0.01 0 0.02903578907314836)
(0 0.005 0.02903578907314836)
(0.0025 0.005 0.02903578907314836)
(0.005 0.005 0.02903578907314836)
(0.0075 0.005 0.02903578907314836)
(0.01 0.005 0.02903578907314836)
(0 0 0.02927352428020777)
(0.0025 0 0.02927352428020777)
(0.005 0 0.02927352428020777)
(0.0075 0 0.02927352428020777)
(0.01 0 0.02927352428020777)
(0 0.005 0.02927352428020777)
(0.0025 0.005 0.02927352428020777)
(0.005 0.005000000000000001 0.02927352428020777)
(0.0075 0.005 0.02927352428020777)
(0.01 0.005 0.02927352428020777)
(0 0 0.02951274468317732)
(0.0025 0 0.02951274468317732)
(0.005 0 0.02951274468317731)
(0.0075 0 0.02951274468317732)
(0.01 0 0.02951274468317732)
(0 0.005 0.02951274468317732)
(0.0025 0.005 0.02951274468317732)
(0.005 0.005 0.02951274468317731)
(0.0075 0.005 0.02951274468317732)
(0.01 0.005 0.02951274468317732)
(0 0 0.02975345956047615)
(0.0025 0 0.02975345956047616)
(0.005 0 0.02975345956047615)
(0.0075 0 0.02975345956047615)
(0.01 0 0.02975345956047615)
(0 0.005 0.02975345956047615)
(0.0025 0.005 0.02975345956047615)
(0.005 0.005 0.02975345956047615)
(0.0075 0.005 0.02975345956047616)
(0.01 0.005 0.02975345956047615)
(0 0 0.02999567824848817)
(0.0025 0 0.02999567824848817)
(0.005 0 0.02999567824848817)
(0.0075 0 0.02999567824848817)
(0.01 0 0.02999567824848817)
(0 0.005 0.02999567824848817)
(0.0025 0.005 0.02999567824848817)
(0.005 0.005 0.02999567824848817)
(0.0075 0.005 0.02999567824848817)
(0.01 0.005 0.02999567824848817)
(0 0 0.03023941014192419)
(0.0025 0 0.03023941014192419)
(0.005 0 0.03023941014192419)
(0.0075 0 0.03023941014192419)
(0.01 0 0.03023941014192419)
(0 0.005 0.03023941014192419)
(0.0025 0.005 0.03023941014192419)
(0.005 0.005 0.03023941014192419)
(0.0075 0.005 0.03023941014192419)
(0.01 0.005 0.03023941014192419)
(0 0 0.03048466469418632)
(0.0025 0 0.03048466469418632)
(0.005 0 0.03048466469418632)
(0.0075 0 0.03048466469418631)
(0.01 0 0.03048466469418632)
(0 0.005 0.03048466469418632)
(0.0025 0.005 0.03048466469418632)
(0.005 0.005 0.03048466469418632)
(0.0075 0.005 0.03048466469418632)
(0.01 0.005 0.03048466469418632)
(0 0 0.0307314514177346)
(0.0025 0 0.03073145141773459)
(0.005 0 0.03073145141773459)
(0.0075 0 0.0307314514177346)
(0.01 0 0.0307314514177346)
(0 0.005 0.0307314514177346)
(0.0025 0.005 0.0307314514177346)
(0.005 0.005 0.03073145141773459)
(0.0075 0.005 0.03073145141773459)
(0.01 0.005 0.0307314514177346)
(0 0 0.03097977988445601)
(0.0025 0 0.03097977988445601)
(0.005 0 0.03097977988445601)
(0.0075 0 0.03097977988445601)
(0.01 0 0.03097977988445601)
(0 0.005 0.03097977988445601)
(0.0025 0.005 0.03097977988445601)
(0.005 0.004999999999999999 0.03097977988445601)
(0.0075 0.005 0.03097977988445601)
(0.01 0.005 0.03097977988445601)
(0 0 0.03122965972603565)
(0.0025 0 0.03122965972603565)
(0.005 0 0.03122965972603566)
(0.0075 0 0.03122965972603565)
(0.01 0 0.03122965972603565)
(0 0.005 0.03122965972603565)
(0.0025 0.005 0.03122965972603565)
(0.005 0.005 0.03122965972603566)
(0.0075 0.005 0.03122965972603565)
(0.01 0.005 0.03122965972603565)
(0 0 0.03148110063433039)
(0.0025 0 0.03148110063433039)
(0.005 0 0.03148110063433038)
(0.0075 0 0.03148110063433039)
(0.01 0 0.03148110063433039)
(0 0.005 0.03148110063433039)
(0.0025 0.005 0.03148110063433039)
(0.005 0.005 0.03148110063433038)
(0.0075 0.005 0.03148110063433039)
(0.01 0.005 0.03148110063433039)
(0 0 0.03173411236174468)
(0.0025 0 0.03173411236174468)
(0.005 0 0.03173411236174468)
(0.0075 0 0.03173411236174468)
(0.01 0 0.03173411236174468)
(0 0.005 0.03173411236174468)
(0.0025 0.005 0.03173411236174468)
(0.005 0.005 0.03173411236174468)
(0.0075 0.005000000000000001 0.03173411236174468)
(0.01 0.005 0.03173411236174468)
(0 0 0.03198870472160895)
(0.0025 0 0.03198870472160895)
(0.005 0 0.03198870472160895)
(0.0075 0 0.03198870472160895)
(0.01 0 0.03198870472160895)
(0 0.005 0.03198870472160895)
(0.0025 0.005 0.03198870472160895)
(0.005 0.005 0.03198870472160895)
(0.0075 0.005 0.03198870472160895)
(0.01 0.005 0.03198870472160895)
(0 0 0.03224488758856008)
(0.0025 0 0.03224488758856008)
(0.005 0 0.03224488758856008)
(0.0075 0 0.03224488758856008)
(0.01 0 0.03224488758856008)
(0 0.005 0.03224488758856008)
(0.0025 0.005 0.03224488758856008)
(0.005 0.005 0.03224488758856008)
(0.0075 0.005 0.03224488758856008)
(0.01 0.005 0.03224488758856008)
(0 0 0.03250267089892452)
(0.0025 0 0.03250267089892452)
(0.005 0 0.03250267089892452)
(0.0075 0 0.03250267089892452)
(0.01 0 0.03250267089892452)
(0 0.005 0.03250267089892452)
(0.0025 0.005 0.03250267089892452)
(0.005 0.005 0.03250267089892452)
(0.0075 0.005 0.03250267089892452)
(0.01 0.005 0.03250267089892452)
(0 0 0.03276206465110359)
(0.0025 0 0.03276206465110359)
(0.005 0 0.03276206465110359)
(0.0075 0 0.0327620646511036)
(0.01 0 0.03276206465110359)
(0 0.005 0.03276206465110359)
(0.0025 0.005 0.0327620646511036)
(0.005 0.005000000000000001 0.03276206465110359)
(0.0075 0.005 0.03276206465110359)
(0.01 0.005 0.03276206465110359)
(0 0 0.03302307890596133)
(0.0025 0 0.03302307890596133)
(0.005 0 0.03302307890596133)
(0.0075 0 0.03302307890596133)
(0.01 0 0.03302307890596133)
(0 0.005 0.03302307890596133)
(0.0025 0.005 0.03302307890596133)
(0.005 0.005 0.03302307890596133)
(0.0075 0.005 0.03302307890596133)
(0.01 0.005 0.03302307890596133)
(0 0 0.03328572378721473)
(0.0025 0 0.03328572378721473)
(0.005 0 0.03328572378721473)
(0.0075 0 0.03328572378721473)
(0.01 0 0.03328572378721473)
(0 0.005 0.03328572378721473)
(0.0025 0.005 0.03328572378721473)
(0.005 0.005 0.03328572378721473)
(0.0075 0.005 0.03328572378721473)
(0.01 0.005 0.03328572378721473)
(0 0 0.03355000948182635)
(0.0025 0 0.03355000948182635)
(0.005 0 0.03355000948182635)
(0.0075 0 0.03355000948182635)
(0.01 0 0.03355000948182635)
(0 0.005 0.03355000948182635)
(0.0025 0.005 0.03355000948182635)
(0.005 0.005 0.03355000948182635)
(0.0075 0.005000000000000001 0.03355000948182635)
(0.01 0.005 0.03355000948182635)
(0 0 0.03381594624039943)
(0.0025 0 0.03381594624039943)
(0.005 0 0.03381594624039942)
(0.0075 0 0.03381594624039943)
(0.01 0 0.03381594624039943)
(0 0.005 0.03381594624039943)
(0.0025 0.005 0.03381594624039943)
(0.005 0.005000000000000001 0.03381594624039942)
(0.0075 0.005 0.03381594624039943)
(0.01 0.005 0.03381594624039943)
(0 0 0.03408354437757553)
(0.0025 0 0.03408354437757553)
(0.005 0 0.03408354437757552)
(0.0075 0 0.03408354437757553)
(0.01 0 0.03408354437757553)
(0 0.005 0.03408354437757553)
(0.0025 0.005 0.03408354437757553)
(0.005 0.005 0.03408354437757552)
(0.0075 0.005000000000000001 0.03408354437757553)
(0.01 0.005 0.03408354437757553)
(0 0 0.03435281427243454)
(0.0025 0 0.03435281427243454)
(0.005 0 0.03435281427243454)
(0.0075 0 0.03435281427243454)
(0.01 0 0.03435281427243454)
(0 0.005 0.03435281427243454)
(0.0025 0.005 0.03435281427243454)
(0.005 0.005 0.03435281427243454)
(0.0075 0.005 0.03435281427243454)
(0.01 0.005 0.03435281427243454)
(0 0 0.03462376636889725)
(0.0025 0 0.03462376636889725)
(0.005 0 0.03462376636889725)
(0.0075 0 0.03462376636889725)
(0.01 0 0.03462376636889725)
(0 0.005 0.03462376636889725)
(0.0025 0.005 0.03462376636889725)
(0.005 0.005 0.03462376636889725)
(0.0075 0.005 0.03462376636889725)
(0.01 0.005 0.03462376636889725)
(0 0 0.03489641117613045)
(0.0025 0 0.03489641117613045)
(0.005 0 0.03489641117613044)
(0.0075 0 0.03489641117613045)
(0.01 0 0.03489641117613045)
(0 0.005 0.03489641117613045)
(0.0025 0.005 0.03489641117613045)
(0.005 0.005 0.03489641117613044)
(0.0075 0.005 0.03489641117613045)
(0.01 0.005 0.03489641117613045)
(0 0 0.03517075926895453)
(0.0025 0 0.03517075926895453)
(0.005 0 0.03517075926895453)
(0.0075 0 0.03517075926895453)
(0.01 0 0.03517075926895453)
(0 0.005 0.03517075926895453)
(0.0025 0.005 0.03517075926895453)
(0.005 0.005 0.03517075926895453)
(0.0075 0.005000000000000001 0.03517075926895453)
(0.01 0.005 0.03517075926895453)
(0 0 0.0354468212882536)
(0.0025 0 0.0354468212882536)
(0.005 0 0.0354468212882536)
(0.0075 0 0.0354468212882536)
(0.01 0 0.0354468212882536)
(0 0.005 0.0354468212882536)
(0.0025 0.005 0.0354468212882536)
(0.005 0.005 0.0354468212882536)
(0.0075 0.005 0.0354468212882536)
(0.01 0.005 0.0354468212882536)
(0 0 0.03572460794138831)
(0.0025 0 0.03572460794138831)
(0.005 0 0.03572460794138831)
(0.0075 0 0.03572460794138831)
(0.01 0 0.03572460794138831)
(0 0.005 0.03572460794138831)
(0.0025 0.005 0.03572460794138831)
(0.005 0.005 0.03572460794138831)
(0.0075 0.005 0.03572460794138831)
(0.01 0.005 0.03572460794138831)
(0 0 0.036004130002611)
(0.0025 0 0.036004130002611)
(0.005 0 0.036004130002611)
(0.0075 0 0.036004130002611)
(0.01 0 0.036004130002611)
(0 0.005 0.036004130002611)
(0.0025 0.005 0.036004130002611)
(0.005 0.005 0.036004130002611)
(0.0075 0.005 0.036004130002611)
(0.01 0.005 0.036004130002611)
(0 0 0.03628539831348371)
(0.0025 0 0.0362853983134837)
(0.005 0 0.0362853983134837)
(0.0075 0 0.03628539831348371)
(0.01 0 0.03628539831348371)
(0 0.005 0.03628539831348371)
(0.0025 0.005 0.03628539831348371)
(0.005 0.005 0.0362853983134837)
(0.0075 0.005 0.0362853983134837)
(0.01 0.005 0.03628539831348371)
(0 0 0.03656842378329864)
(0.0025 0 0.03656842378329863)
(0.005 0 0.03656842378329864)
(0.0075 0 0.03656842378329864)
(0.01 0 0.03656842378329864)
(0 0.005 0.03656842378329864)
(0.0025 0.005 0.03656842378329864)
(0.005 0.005 0.03656842378329864)
(0.0075 0.005 0.03656842378329863)
(0.01 0.005 0.03656842378329864)
(0 0 0.03685321738950126)
(0.0025 0 0.03685321738950126)
(0.005 0 0.03685321738950126)
(0.0075 0 0.03685321738950126)
(0.01 0 0.03685321738950126)
(0 0.005 0.03685321738950126)
(0.0025 0.005 0.03685321738950126)
(0.005 0.005 0.03685321738950126)
(0.0075 0.005000000000000001 0.03685321738950126)
(0.01 0.005 0.03685321738950126)
(0 0 0.03713979017811614)
(0.0025 0 0.03713979017811612)
(0.005 0 0.03713979017811613)
(0.0075 0 0.03713979017811614)
(0.01 0 0.03713979017811614)
(0 0.005 0.03713979017811614)
(0.0025 0.005 0.03713979017811614)
(0.005 0.005 0.03713979017811613)
(0.0075 0.005 0.03713979017811614)
(0.01 0.005 0.03713979017811614)
(0 0 0.03742815326417528)
(0.0025 0 0.03742815326417528)
(0.005 0 0.03742815326417528)
(0.0075 0 0.03742815326417528)
(0.01 0 0.03742815326417528)
(0 0.005 0.03742815326417528)
(0.0025 0.005 0.03742815326417528)
(0.005 0.005 0.03742815326417528)
(0.0075 0.005 0.03742815326417528)
(0.01 0.005 0.03742815326417528)
(0 0 0.03771831783214932)
(0.0025 0 0.03771831783214932)
(0.005 0 0.03771831783214932)
(0.0075 0 0.03771831783214932)
(0.01 0 0.03771831783214932)
(0 0.005 0.03771831783214932)
(0.0025 0.005 0.03771831783214932)
(0.005 0.005 0.03771831783214932)
(0.0075 0.005 0.03771831783214932)
(0.01 0.005 0.03771831783214932)
(0 0 0.03801029513638131)
(0.0025 0 0.03801029513638131)
(0.005 0 0.03801029513638131)
(0.0075 0 0.03801029513638131)
(0.01 0 0.03801029513638131)
(0 0.005 0.03801029513638131)
(0.0025 0.005 0.03801029513638131)
(0.005 0.005 0.03801029513638131)
(0.0075 0.005 0.03801029513638131)
(0.01 0.005 0.03801029513638131)
(0 0 0.03830409650152319)
(0.0025 0 0.03830409650152319)
(0.005 0 0.03830409650152319)
(0.0075 0 0.03830409650152321)
(0.01 0 0.03830409650152319)
(0 0.005 0.03830409650152319)
(0.0025 0.005 0.03830409650152321)
(0.005 0.005 0.03830409650152319)
(0.0075 0.005 0.03830409650152319)
(0.01 0.005 0.03830409650152319)
(0 0 0.0385997333229751)
(0.0025 0 0.0385997333229751)
(0.005 0 0.0385997333229751)
(0.0075 0 0.0385997333229751)
(0.01 0 0.0385997333229751)
(0 0.005 0.0385997333229751)
(0.0025 0.005 0.0385997333229751)
(0.005 0.005 0.0385997333229751)
(0.0075 0.005 0.03859973332297509)
(0.01 0.005 0.0385997333229751)
(0 0 0.03889721706732722)
(0.0025 0 0.03889721706732722)
(0.005 0 0.03889721706732722)
(0.0075 0 0.03889721706732722)
(0.01 0 0.03889721706732722)
(0 0.005 0.03889721706732722)
(0.0025 0.005 0.03889721706732722)
(0.005 0.005 0.03889721706732722)
(0.0075 0.005 0.03889721706732722)
(0.01 0.005 0.03889721706732722)
(0 0 0.0391965592728047)
(0.0025 0 0.03919655927280472)
(0.005 0 0.0391965592728047)
(0.0075 0 0.0391965592728047)
(0.01 0 0.0391965592728047)
(0 0.005 0.0391965592728047)
(0.0025 0.005 0.0391965592728047)
(0.005 0.005 0.0391965592728047)
(0.0075 0.005 0.03919655927280472)
(0.01 0.005 0.0391965592728047)
(0 0 0.03949777154971507)
(0.0025 0 0.03949777154971507)
(0.005 0 0.03949777154971507)
(0.0075 0 0.03949777154971507)
(0.01 0 0.03949777154971507)
(0 0.005 0.03949777154971507)
(0.0025 0.005 0.03949777154971507)
(0.005 0.005 0.03949777154971507)
(0.0075 0.005 0.03949777154971507)
(0.01 0.005 0.03949777154971507)
(0 0 0.03980086558089856)
(0.0025 0 0.03980086558089856)
(0.005 0 0.03980086558089856)
(0.0075 0 0.03980086558089856)
(0.01 0 0.03980086558089856)
(0 0.005 0.03980086558089856)
(0.0025 0.005 0.03980086558089856)
(0.005 0.005 0.03980086558089856)
(0.0075 0.004999999999999999 0.03980086558089856)
(0.01 0.005 0.03980086558089856)
(0 0 0.04010585312218126)
(0.0025 0 0.04010585312218126)
(0.005 0 0.04010585312218126)
(0.0075 0 0.04010585312218127)
(0.01 0 0.04010585312218126)
(0 0.005 0.04010585312218126)
(0.0025 0.005 0.04010585312218126)
(0.005 0.005 0.04010585312218126)
(0.0075 0.005 0.04010585312218127)
(0.01 0.005 0.04010585312218126)
(0 0 0.0404127460028311)
(0.0025 0 0.0404127460028311)
(0.005 0 0.0404127460028311)
(0.0075 0 0.04041274600283109)
(0.01 0 0.0404127460028311)
(0 0.005 0.0404127460028311)
(0.0025 0.005 0.0404127460028311)
(0.005 0.005 0.0404127460028311)
(0.0075 0.005 0.04041274600283109)
(0.01 0.005 0.0404127460028311)
(0 0 0.04072155612601656)
(0.0025 0 0.04072155612601656)
(0.005 0 0.04072155612601656)
(0.0075 0 0.04072155612601656)
(0.01 0 0.04072155612601656)
(0 0.005 0.04072155612601656)
(0.0025 0.005 0.04072155612601656)
(0.005 0.005 0.04072155612601656)
(0.0075 0.005 0.04072155612601656)
(0.01 0.005 0.04072155612601656)
(0 0 0.04103229546926854)
(0.0025 0 0.04103229546926854)
(0.005 0 0.04103229546926854)
(0.0075 0 0.04103229546926854)
(0.01 0 0.04103229546926854)
(0 0.005 0.04103229546926854)
(0.0025 0.005 0.04103229546926854)
(0.005 0.005 0.04103229546926854)
(0.0075 0.005 0.04103229546926854)
(0.01 0.005 0.04103229546926854)
(0 0 0.04134497608494468)
(0.0025 0 0.04134497608494468)
(0.005 0 0.04134497608494468)
(0.0075 0 0.04134497608494469)
(0.01 0 0.04134497608494468)
(0 0.005 0.04134497608494468)
(0.0025 0.005 0.04134497608494468)
(0.005 0.005 0.04134497608494468)
(0.0075 0.005 0.04134497608494469)
(0.01 0.005 0.04134497608494468)
(0 0 0.04165961010069703)
(0.0025 0 0.04165961010069703)
(0.005 0 0.04165961010069703)
(0.0075 0 0.04165961010069703)
(0.01 0 0.04165961010069703)
(0 0.005 0.04165961010069703)
(0.0025 0.005 0.04165961010069703)
(0.005 0.005 0.04165961010069703)
(0.0075 0.004999999999999999 0.04165961010069703)
(0.01 0.005 0.04165961010069703)
(0 0 0.04197620971994232)
(0.0025 0 0.04197620971994232)
(0.005 0 0.04197620971994234)
(0.0075 0 0.04197620971994232)
(0.01 0 0.04197620971994232)
(0 0.005 0.04197620971994232)
(0.0025 0.005 0.04197620971994232)
(0.005 0.005 0.04197620971994234)
(0.0075 0.005 0.04197620971994232)
(0.01 0.005 0.04197620971994232)
(0 0 0.04229478722233533)
(0.0025 0 0.04229478722233532)
(0.005 0 0.04229478722233533)
(0.0075 0 0.04229478722233532)
(0.01 0 0.04229478722233533)
(0 0.005 0.04229478722233533)
(0.0025 0.005 0.04229478722233532)
(0.005 0.005 0.04229478722233533)
(0.0075 0.005 0.04229478722233532)
(0.01 0.005 0.04229478722233533)
(0 0 0.04261535496424511)
(0.0025 0 0.04261535496424512)
(0.005 0 0.04261535496424511)
(0.0075 0 0.04261535496424512)
(0.01 0 0.04261535496424511)
(0 0.005 0.04261535496424511)
(0.0025 0.005 0.04261535496424512)
(0.005 0.005 0.04261535496424511)
(0.0075 0.005 0.04261535496424512)
(0.01 0.005 0.04261535496424511)
(0 0 0.04293792537923433)
(0.0025 0 0.04293792537923433)
(0.005 0 0.04293792537923433)
(0.0075 0 0.04293792537923432)
(0.01 0 0.04293792537923433)
(0 0.005 0.04293792537923433)
(0.0025 0.005 0.04293792537923433)
(0.005 0.005 0.04293792537923433)
(0.0075 0.005 0.04293792537923432)
(0.01 0.005 0.04293792537923433)
(0 0 0.04326251097854145)
(0.0025 0 0.04326251097854145)
(0.005 0 0.04326251097854145)
(0.0075 0 0.04326251097854145)
(0.01 0 0.04326251097854145)
(0 0.005 0.04326251097854145)
(0.0025 0.005 0.04326251097854145)
(0.005 0.005 0.04326251097854145)
(0.0075 0.005 0.04326251097854145)
(0.01 0.005 0.04326251097854145)
(0 0 0.04358912435156601)
(0.0025 0 0.04358912435156602)
(0.005 0 0.04358912435156601)
(0.0075 0 0.04358912435156602)
(0.01 0 0.04358912435156601)
(0 0.005 0.04358912435156601)
(0.0025 0.005 0.04358912435156602)
(0.005 0.005 0.04358912435156601)
(0.0075 0.005 0.04358912435156602)
(0.01 0.005 0.04358912435156601)
(0 0 0.04391777816635694)
(0.0025 0 0.04391777816635694)
(0.005 0 0.04391777816635695)
(0.0075 0 0.04391777816635694)
(0.01 0 0.04391777816635694)
(0 0.005 0.04391777816635694)
(0.0025 0.005 0.04391777816635694)
(0.005 0.005 0.04391777816635695)
(0.0075 0.005 0.04391777816635694)
(0.01 0.005 0.04391777816635694)
(0 0 0.04424848517010384)
(0.0025 0 0.04424848517010386)
(0.005 0 0.04424848517010384)
(0.0075 0 0.04424848517010384)
(0.01 0 0.04424848517010384)
(0 0.005 0.04424848517010384)
(0.0025 0.005 0.04424848517010384)
(0.005 0.005 0.04424848517010384)
(0.0075 0.005 0.04424848517010386)
(0.01 0.005 0.04424848517010384)
(0 0 0.0445812581896315)
(0.0025 0 0.0445812581896315)
(0.005 0 0.0445812581896315)
(0.0075 0 0.0445812581896315)
(0.01 0 0.0445812581896315)
(0 0.005 0.0445812581896315)
(0.0025 0.005 0.0445812581896315)
(0.005 0.005 0.0445812581896315)
(0.0075 0.005000000000000001 0.0445812581896315)
(0.01 0.005 0.0445812581896315)
(0 0 0.04491611013189729)
(0.0025 0 0.0449161101318973)
(0.005 0 0.04491611013189729)
(0.0075 0 0.0449161101318973)
(0.01 0 0.04491611013189729)
(0 0.005 0.04491611013189729)
(0.0025 0.005 0.0449161101318973)
(0.005 0.005 0.04491611013189729)
(0.0075 0.005 0.0449161101318973)
(0.01 0.005 0.04491611013189729)
(0 0 0.04525305398449187)
(0.0025 0 0.04525305398449186)
(0.005 0 0.04525305398449187)
(0.0075 0 0.04525305398449186)
(0.01 0 0.04525305398449187)
(0 0.005 0.04525305398449187)
(0.0025 0.005 0.04525305398449186)
(0.005 0.005 0.04525305398449187)
(0.0075 0.005 0.04525305398449186)
(0.01 0.005 0.04525305398449187)
(0 0 0.04559210281614282)
(0.0025 0 0.04559210281614282)
(0.005 0 0.04559210281614281)
(0.0075 0 0.04559210281614282)
(0.01 0 0.04559210281614282)
(0 0.005 0.04559210281614282)
(0.0025 0.005 0.04559210281614282)
(0.005 0.005 0.04559210281614281)
(0.0075 0.005000000000000001 0.04559210281614282)
(0.01 0.005 0.04559210281614282)
(0 0 0.04593326977722162)
(0.0025 0 0.04593326977722162)
(0.005 0 0.04593326977722163)
(0.0075 0 0.04593326977722162)
(0.01 0 0.04593326977722162)
(0 0.005 0.04593326977722162)
(0.0025 0.005 0.04593326977722162)
(0.005 0.005 0.04593326977722163)
(0.0075 0.005 0.04593326977722162)
(0.01 0.005 0.04593326977722162)
(0 0 0.04627656810025368)
(0.0025 0 0.04627656810025368)
(0.005 0 0.04627656810025368)
(0.0075 0 0.04627656810025368)
(0.01 0 0.04627656810025368)
(0 0.005 0.04627656810025368)
(0.0025 0.005 0.04627656810025368)
(0.005 0.005 0.04627656810025368)
(0.0075 0.005 0.04627656810025368)
(0.01 0.005 0.04627656810025368)
(0 0 0.04662201110043153)
(0.0025 0 0.04662201110043154)
(0.005 0 0.04662201110043153)
(0.0075 0 0.04662201110043154)
(0.01 0 0.04662201110043153)
(0 0.005 0.04662201110043153)
(0.0025 0.005 0.04662201110043154)
(0.005 0.005 0.04662201110043153)
(0.0075 0.005 0.04662201110043154)
(0.01 0.005 0.04662201110043153)
(0 0 0.0469696121761313)
(0.0025 0 0.0469696121761313)
(0.005 0 0.0469696121761313)
(0.0075 0 0.0469696121761313)
(0.01 0 0.0469696121761313)
(0 0.005 0.0469696121761313)
(0.0025 0.005 0.0469696121761313)
(0.005 0.005 0.0469696121761313)
(0.0075 0.005000000000000001 0.0469696121761313)
(0.01 0.005 0.0469696121761313)
(0 0 0.04731938480943242)
(0.0025 0 0.04731938480943242)
(0.005 0 0.04731938480943242)
(0.0075 0 0.04731938480943242)
(0.01 0 0.04731938480943242)
(0 0.005 0.04731938480943242)
(0.0025 0.005 0.04731938480943242)
(0.005 0.004999999999999999 0.04731938480943242)
(0.0075 0.005 0.04731938480943242)
(0.01 0.005 0.04731938480943242)
(0 0 0.04767134256664044)
(0.0025 0 0.04767134256664044)
(0.005 0 0.04767134256664043)
(0.0075 0 0.04767134256664044)
(0.01 0 0.04767134256664044)
(0 0.005 0.04767134256664044)
(0.0025 0.005 0.04767134256664044)
(0.005 0.005 0.04767134256664043)
(0.0075 0.005 0.04767134256664044)
(0.01 0.005 0.04767134256664044)
(0 0 0.04802549909881335)
(0.0025 0 0.04802549909881336)
(0.005 0 0.04802549909881335)
(0.0075 0 0.04802549909881336)
(0.01 0 0.04802549909881335)
(0 0.005 0.04802549909881335)
(0.0025 0.005 0.04802549909881336)
(0.005 0.005 0.04802549909881335)
(0.0075 0.005 0.04802549909881336)
(0.01 0.005 0.04802549909881335)
(0 0 0.04838186814229094)
(0.0025 0 0.04838186814229094)
(0.005 0 0.04838186814229094)
(0.0075 0 0.04838186814229094)
(0.01 0 0.04838186814229094)
(0 0.005 0.04838186814229094)
(0.0025 0.005 0.04838186814229094)
(0.005 0.005 0.04838186814229094)
(0.0075 0.005 0.04838186814229094)
(0.01 0.005 0.04838186814229094)
(0 0 0.0487404635192276)
(0.0025 0 0.0487404635192276)
(0.005 0 0.0487404635192276)
(0.0075 0 0.0487404635192276)
(0.01 0 0.0487404635192276)
(0 0.005 0.0487404635192276)
(0.0025 0.005 0.0487404635192276)
(0.005 0.005 0.0487404635192276)
(0.0075 0.005 0.0487404635192276)
(0.01 0.005 0.0487404635192276)
(0 0 0.04910129913812849)
(0.0025 0 0.04910129913812849)
(0.005 0 0.04910129913812849)
(0.0075 0 0.04910129913812848)
(0.01 0 0.04910129913812849)
(0 0.005 0.04910129913812849)
(0.0025 0.005 0.04910129913812849)
(0.005 0.005 0.04910129913812849)
(0.0075 0.004999999999999999 0.04910129913812849)
(0.01 0.005 0.04910129913812849)
(0 0 0.0494643889943889)
(0.0025 0 0.0494643889943889)
(0.005 0 0.0494643889943889)
(0.0075 0 0.0494643889943889)
(0.01 0 0.0494643889943889)
(0 0.005 0.0494643889943889)
(0.0025 0.005 0.0494643889943889)
(0.005 0.005000000000000001 0.0494643889943889)
(0.0075 0.005 0.0494643889943889)
(0.01 0.005 0.0494643889943889)
(0 0 0.04982974717083716)
(0.0025 0 0.04982974717083717)
(0.005 0 0.04982974717083716)
(0.0075 0 0.04982974717083716)
(0.01 0 0.04982974717083716)
(0 0.005 0.04982974717083716)
(0.0025 0.005 0.04982974717083716)
(0.005 0.005 0.04982974717083716)
(0.0075 0.005 0.04982974717083717)
(0.01 0.005 0.04982974717083716)
(0 0 0.05019738783828084)
(0.0025 0 0.05019738783828084)
(0.005 0 0.05019738783828083)
(0.0075 0 0.05019738783828084)
(0.01 0 0.05019738783828084)
(0 0.005 0.05019738783828084)
(0.0025 0.005 0.05019738783828084)
(0.005 0.005 0.05019738783828083)
(0.0075 0.005 0.05019738783828084)
(0.01 0.005 0.05019738783828084)
(0 0 0.0505673252560563)
(0.0025 0 0.0505673252560563)
(0.005 0 0.05056732525605631)
(0.0075 0 0.0505673252560563)
(0.01 0 0.0505673252560563)
(0 0.005 0.0505673252560563)
(0.0025 0.005 0.0505673252560563)
(0.005 0.005 0.05056732525605631)
(0.0075 0.005 0.0505673252560563)
(0.01 0.005 0.0505673252560563)
(0 0 0.05093957377258187)
(0.0025 0 0.05093957377258187)
(0.005 0 0.05093957377258186)
(0.0075 0 0.05093957377258188)
(0.01 0 0.05093957377258187)
(0 0.005 0.05093957377258187)
(0.0025 0.005 0.05093957377258187)
(0.005 0.005 0.05093957377258186)
(0.0075 0.005 0.05093957377258188)
(0.01 0.005 0.05093957377258187)
(0 0 0.05131414782591432)
(0.0025 0 0.05131414782591432)
(0.005 0 0.05131414782591432)
(0.0075 0 0.05131414782591433)
(0.01 0 0.05131414782591432)
(0 0.005 0.05131414782591432)
(0.0025 0.005 0.05131414782591432)
(0.005 0.005 0.05131414782591432)
(0.0075 0.005 0.05131414782591433)
(0.01 0.005 0.05131414782591432)
(0 0 0.05169106194430881)
(0.0025 0 0.05169106194430882)
(0.005 0 0.05169106194430881)
(0.0075 0 0.05169106194430882)
(0.01 0 0.05169106194430881)
(0 0.005 0.05169106194430881)
(0.0025 0.005 0.05169106194430882)
(0.005 0.005 0.05169106194430881)
(0.0075 0.005 0.05169106194430882)
(0.01 0.005 0.05169106194430881)
(0 0 0.05207033074678247)
(0.0025 0 0.05207033074678247)
(0.005 0 0.05207033074678247)
(0.0075 0 0.05207033074678247)
(0.01 0 0.05207033074678247)
(0 0.005 0.05207033074678247)
(0.0025 0.005 0.05207033074678247)
(0.005 0.005 0.05207033074678247)
(0.0075 0.005 0.05207033074678247)
(0.01 0.005 0.05207033074678247)
(0 0 0.05245196894368134)
(0.0025 0 0.05245196894368134)
(0.005 0 0.05245196894368134)
(0.0075 0 0.05245196894368134)
(0.01 0 0.05245196894368134)
(0 0.005 0.05245196894368134)
(0.0025 0.005 0.05245196894368134)
(0.005 0.005 0.05245196894368134)
(0.0075 0.005 0.05245196894368134)
(0.01 0.005 0.05245196894368134)
(0 0 0.05283599133725097)
(0.0025 0 0.05283599133725096)
(0.005 0 0.05283599133725097)
(0.0075 0 0.05283599133725097)
(0.01 0 0.05283599133725097)
(0 0.005 0.05283599133725097)
(0.0025 0.005 0.05283599133725097)
(0.005 0.005 0.05283599133725097)
(0.0075 0.005 0.05283599133725097)
(0.01 0.005 0.05283599133725097)
(0 0 0.0532224128222105)
(0.0025 0 0.05322241282221051)
(0.005 0 0.0532224128222105)
(0.0075 0 0.05322241282221051)
(0.01 0 0.0532224128222105)
(0 0.005 0.0532224128222105)
(0.0025 0.005 0.05322241282221051)
(0.005 0.005 0.0532224128222105)
(0.0075 0.005 0.05322241282221051)
(0.01 0.005 0.0532224128222105)
(0 0 0.05361124838633046)
(0.0025 0 0.05361124838633047)
(0.005 0 0.05361124838633046)
(0.0075 0 0.05361124838633046)
(0.01 0 0.05361124838633046)
(0 0.005 0.05361124838633046)
(0.0025 0.005 0.05361124838633047)
(0.005 0.005 0.05361124838633046)
(0.0075 0.005 0.05361124838633046)
(0.01 0.005 0.05361124838633046)
(0 0 0.05400251311101395)
(0.0025 0 0.05400251311101395)
(0.005 0 0.05400251311101395)
(0.0075 0 0.05400251311101395)
(0.01 0 0.05400251311101395)
(0 0.005 0.05400251311101395)
(0.0025 0.005 0.05400251311101395)
(0.005 0.005 0.05400251311101395)
(0.0075 0.005 0.05400251311101395)
(0.01 0.005 0.05400251311101395)
(0 0 0.0543962221718817)
(0.0025 0 0.0543962221718817)
(0.005 0 0.0543962221718817)
(0.0075 0 0.0543962221718817)
(0.01 0 0.0543962221718817)
(0 0.005 0.0543962221718817)
(0.0025 0.005 0.0543962221718817)
(0.005 0.005 0.0543962221718817)
(0.0075 0.005 0.0543962221718817)
(0.01 0.005 0.0543962221718817)
(0 0 0.05479239083936063)
(0.0025 0 0.05479239083936063)
(0.005 0 0.05479239083936064)
(0.0075 0 0.05479239083936063)
(0.01 0 0.05479239083936063)
(0 0.005 0.05479239083936063)
(0.0025 0.005 0.05479239083936063)
(0.005 0.005 0.05479239083936064)
(0.0075 0.005 0.05479239083936063)
(0.01 0.005 0.05479239083936063)
(0 0 0.0551910344792761)
(0.0025 0 0.0551910344792761)
(0.005 0 0.05519103447927609)
(0.0075 0 0.0551910344792761)
(0.01 0 0.0551910344792761)
(0 0.005 0.0551910344792761)
(0.0025 0.005 0.0551910344792761)
(0.005 0.005 0.05519103447927609)
(0.0075 0.005 0.0551910344792761)
(0.01 0.005 0.0551910344792761)
(0 0 0.05559216855344797)
(0.0025 0 0.05559216855344797)
(0.005 0 0.05559216855344798)
(0.0075 0 0.05559216855344798)
(0.01 0 0.05559216855344797)
(0 0.005 0.05559216855344797)
(0.0025 0.005 0.05559216855344798)
(0.005 0.005 0.05559216855344798)
(0.0075 0.005000000000000001 0.05559216855344798)
(0.01 0.005 0.05559216855344797)
(0 0 0.05599580862029023)
(0.0025 0 0.05599580862029024)
(0.005 0 0.05599580862029023)
(0.0075 0 0.05599580862029024)
(0.01 0 0.05599580862029023)
(0 0.005 0.05599580862029023)
(0.0025 0.005 0.05599580862029024)
(0.005 0.005 0.05599580862029023)
(0.0075 0.005 0.05599580862029024)
(0.01 0.005 0.05599580862029023)
(0 0 0.05640197033541448)
(0.0025 0 0.05640197033541448)
(0.005 0 0.05640197033541448)
(0.0075 0 0.05640197033541448)
(0.01 0 0.05640197033541448)
(0 0.005 0.05640197033541448)
(0.0025 0.005 0.05640197033541448)
(0.005 0.005 0.05640197033541448)
(0.0075 0.005 0.05640197033541448)
(0.01 0.005 0.05640197033541448)
(0 0 0.05681066945223712)
(0.0025 0 0.05681066945223712)
(0.005 0 0.05681066945223712)
(0.0075 0 0.05681066945223712)
(0.01 0 0.05681066945223712)
(0 0.005 0.05681066945223712)
(0.0025 0.005 0.05681066945223712)
(0.005 0.005 0.05681066945223712)
(0.0075 0.005 0.05681066945223712)
(0.01 0.005 0.05681066945223712)
(0 0 0.05722192182259044)
(0.0025 0 0.05722192182259044)
(0.005 0 0.05722192182259044)
(0.0075 0 0.05722192182259044)
(0.01 0 0.05722192182259044)
(0 0.005 0.05722192182259044)
(0.0025 0.005 0.05722192182259044)
(0.005 0.005 0.05722192182259044)
(0.0075 0.005 0.05722192182259044)
(0.01 0.005 0.05722192182259044)
(0 0 0.05763574339733733)
(0.0025 0 0.05763574339733733)
(0.005 0 0.05763574339733733)
(0.0075 0 0.05763574339733734)
(0.01 0 0.05763574339733733)
(0 0.005 0.05763574339733733)
(0.0025 0.005 0.05763574339733734)
(0.005 0.005 0.05763574339733733)
(0.0075 0.005 0.05763574339733733)
(0.01 0.005 0.05763574339733733)
(0 0 0.05805215022699012)
(0.0025 0 0.05805215022699012)
(0.005 0 0.05805215022699012)
(0.0075 0 0.05805215022699012)
(0.01 0 0.05805215022699012)
(0 0.005 0.05805215022699012)
(0.0025 0.005 0.05805215022699012)
(0.005 0.005 0.05805215022699012)
(0.0075 0.005 0.05805215022699012)
(0.01 0.005 0.05805215022699012)
(0 0 0.0584711584623329)
(0.0025 0 0.0584711584623329)
(0.005 0 0.0584711584623329)
(0.0075 0 0.0584711584623329)
(0.01 0 0.0584711584623329)
(0 0.005 0.0584711584623329)
(0.0025 0.005 0.0584711584623329)
(0.005 0.005 0.0584711584623329)
(0.0075 0.005000000000000001 0.0584711584623329)
(0.01 0.005 0.0584711584623329)
(0 0 0.05889278435504816)
(0.0025 0 0.05889278435504816)
(0.005 0 0.05889278435504816)
(0.0075 0 0.05889278435504816)
(0.01 0 0.05889278435504816)
(0 0.005 0.05889278435504816)
(0.0025 0.005 0.05889278435504816)
(0.005 0.005 0.05889278435504816)
(0.0075 0.005 0.05889278435504816)
(0.01 0.005 0.05889278435504816)
(0 0 0.05931704425834695)
(0.0025 0 0.05931704425834695)
(0.005 0 0.05931704425834695)
(0.0075 0 0.05931704425834695)
(0.01 0 0.05931704425834695)
(0 0.005 0.05931704425834695)
(0.0025 0.005 0.05931704425834695)
(0.005 0.005 0.05931704425834695)
(0.0075 0.005 0.05931704425834695)
(0.01 0.005 0.05931704425834695)
(0 0 0.05974395462760328)
(0.0025 0 0.05974395462760328)
(0.005 0 0.05974395462760328)
(0.0075 0 0.05974395462760328)
(0.01 0 0.05974395462760328)
(0 0.005 0.05974395462760328)
(0.0025 0.005 0.05974395462760328)
(0.005 0.005 0.05974395462760328)
(0.0075 0.005 0.05974395462760328)
(0.01 0.005 0.05974395462760328)
(0 0 0.06017353202099234)
(0.0025 0 0.06017353202099234)
(0.005 0 0.06017353202099236)
(0.0075 0 0.06017353202099234)
(0.01 0 0.06017353202099234)
(0 0.005 0.06017353202099234)
(0.0025 0.005 0.06017353202099234)
(0.005 0.005 0.06017353202099236)
(0.0075 0.005 0.06017353202099234)
(0.01 0.005 0.06017353202099234)
(0 0 0.06060579310013264)
(0.0025 0 0.06060579310013264)
(0.005 0 0.06060579310013264)
(0.0075 0 0.06060579310013265)
(0.01 0 0.06060579310013264)
(0 0.005 0.06060579310013264)
(0.0025 0.005 0.06060579310013265)
(0.005 0.005 0.06060579310013264)
(0.0075 0.005000000000000001 0.06060579310013265)
(0.01 0.005 0.06060579310013264)
(0 0 0.06104075463073236)
(0.0025 0 0.06104075463073236)
(0.005 0 0.06104075463073236)
(0.0075 0 0.06104075463073236)
(0.01 0 0.06104075463073236)
(0 0.005 0.06104075463073236)
(0.0025 0.005 0.06104075463073236)
(0.005 0.005 0.06104075463073236)
(0.0075 0.005 0.06104075463073236)
(0.01 0.005 0.06104075463073236)
(0 0 0.06147843348323956)
(0.0025 0 0.06147843348323956)
(0.005 0 0.06147843348323956)
(0.0075 0 0.06147843348323956)
(0.01 0 0.06147843348323956)
(0 0.005 0.06147843348323956)
(0.0025 0.005 0.06147843348323956)
(0.005 0.005 0.06147843348323956)
(0.0075 0.005 0.06147843348323956)
(0.01 0.005 0.06147843348323956)
(0 0 0.06191884663349651)
(0.0025 0 0.06191884663349651)
(0.005 0 0.06191884663349652)
(0.0075 0 0.06191884663349652)
(0.01 0 0.06191884663349651)
(0 0.005 0.06191884663349651)
(0.0025 0.005 0.06191884663349652)
(0.005 0.005 0.06191884663349652)
(0.0075 0.005000000000000001 0.06191884663349652)
(0.01 0.005 0.06191884663349651)
(0 0 0.06236201116339822)
(0.0025 0 0.06236201116339822)
(0.005 0 0.06236201116339821)
(0.0075 0 0.06236201116339822)
(0.01 0 0.06236201116339822)
(0 0.005 0.06236201116339822)
(0.0025 0.005 0.06236201116339821)
(0.005 0.005 0.06236201116339821)
(0.0075 0.005 0.06236201116339822)
(0.01 0.005 0.06236201116339822)
(0 0 0.06280794426155481)
(0.0025 0 0.0628079442615548)
(0.005 0 0.06280794426155481)
(0.0075 0 0.06280794426155481)
(0.01 0 0.06280794426155481)
(0 0.005 0.06280794426155481)
(0.0025 0.005 0.06280794426155481)
(0.005 0.005 0.06280794426155481)
(0.0075 0.005 0.0628079442615548)
(0.01 0.005 0.06280794426155481)
(0 0 0.06325666322395836)
(0.0025 0 0.06325666322395834)
(0.005 0 0.06325666322395836)
(0.0075 0 0.06325666322395836)
(0.01 0 0.06325666322395836)
(0 0.005 0.06325666322395836)
(0.0025 0.005 0.06325666322395836)
(0.005 0.005 0.06325666322395836)
(0.0075 0.005 0.06325666322395834)
(0.01 0.005 0.06325666322395836)
(0 0 0.06370818545465358)
(0.0025 0 0.06370818545465355)
(0.005 0 0.06370818545465358)
(0.0075 0 0.06370818545465358)
(0.01 0 0.06370818545465358)
(0 0.005 0.06370818545465358)
(0.0025 0.005 0.06370818545465358)
(0.005 0.005 0.06370818545465358)
(0.0075 0.005000000000000001 0.06370818545465358)
(0.01 0.005 0.06370818545465358)
(0 0 0.06416252846641302)
(0.0025 0 0.06416252846641302)
(0.005 0 0.064162528466413)
(0.0075 0 0.06416252846641302)
(0.01 0 0.06416252846641302)
(0 0.005 0.06416252846641302)
(0.0025 0.005 0.06416252846641302)
(0.005 0.005 0.064162528466413)
(0.0075 0.005 0.06416252846641302)
(0.01 0.005 0.06416252846641302)
(0 0 0.06461970988141624)
(0.0025 0 0.06461970988141624)
(0.005 0 0.06461970988141623)
(0.0075 0 0.06461970988141623)
(0.01 0 0.06461970988141624)
(0 0.005 0.06461970988141624)
(0.0025 0.005 0.06461970988141623)
(0.005 0.005 0.06461970988141623)
(0.0075 0.005 0.06461970988141624)
(0.01 0.005 0.06461970988141624)
(0 0 0.06507974743193323)
(0.0025 0 0.06507974743193323)
(0.005 0 0.06507974743193323)
(0.0075 0 0.06507974743193323)
(0.01 0 0.06507974743193323)
(0 0.005 0.06507974743193323)
(0.0025 0.005 0.06507974743193323)
(0.005 0.005 0.06507974743193323)
(0.0075 0.005 0.06507974743193323)
(0.01 0.005 0.06507974743193323)
(0 0 0.06554265896101232)
(0.0025 0 0.06554265896101232)
(0.005 0 0.06554265896101233)
(0.0075 0 0.06554265896101233)
(0.01 0 0.06554265896101232)
(0 0.005 0.06554265896101232)
(0.0025 0.005 0.06554265896101233)
(0.005 0.005 0.06554265896101233)
(0.0075 0.005 0.06554265896101232)
(0.01 0.005 0.06554265896101232)
(0 0 0.06600846242317217)
(0.0025 0 0.06600846242317217)
(0.005 0 0.06600846242317217)
(0.0075 0 0.06600846242317217)
(0.01 0 0.06600846242317217)
(0 0.005 0.06600846242317217)
(0.0025 0.005 0.06600846242317217)
(0.005 0.005 0.06600846242317217)
(0.0075 0.005 0.06600846242317217)
(0.01 0.005 0.06600846242317217)
(0 0 0.06647717588509809)
(0.0025 0 0.06647717588509809)
(0.005 0 0.06647717588509808)
(0.0075 0 0.06647717588509809)
(0.01 0 0.06647717588509809)
(0 0.005 0.06647717588509809)
(0.0025 0.005 0.06647717588509809)
(0.005 0.005 0.06647717588509808)
(0.0075 0.005 0.06647717588509809)
(0.01 0.005 0.06647717588509809)
(0 0 0.06694881752634292)
(0.0025 0 0.06694881752634292)
(0.005 0 0.06694881752634295)
(0.0075 0 0.06694881752634292)
(0.01 0 0.06694881752634292)
(0 0.005 0.06694881752634292)
(0.0025 0.005 0.06694881752634292)
(0.005 0.005 0.06694881752634295)
(0.0075 0.005 0.06694881752634292)
(0.01 0.005 0.06694881752634292)
(0 0 0.06742340564003203)
(0.0025 0 0.06742340564003203)
(0.005 0 0.06742340564003203)
(0.0075 0 0.06742340564003203)
(0.01 0 0.06742340564003203)
(0 0.005 0.06742340564003203)
(0.0025 0.005 0.06742340564003203)
(0.005 0.005 0.06742340564003203)
(0.0075 0.005 0.06742340564003203)
(0.01 0.005 0.06742340564003203)
(0 0 0.0679009586335729)
(0.0025 0 0.0679009586335729)
(0.005 0 0.06790095863357289)
(0.0075 0 0.0679009586335729)
(0.01 0 0.0679009586335729)
(0 0.005 0.0679009586335729)
(0.0025 0.005 0.0679009586335729)
(0.005 0.005 0.06790095863357289)
(0.0075 0.005 0.0679009586335729)
(0.01 0.005 0.0679009586335729)
(0 0 0.06838149502936897)
(0.0025 0 0.06838149502936897)
(0.005 0 0.06838149502936898)
(0.0075 0 0.06838149502936897)
(0.01 0 0.06838149502936897)
(0 0.005 0.06838149502936897)
(0.0025 0.005 0.06838149502936897)
(0.005 0.005 0.06838149502936898)
(0.0075 0.005 0.06838149502936897)
(0.01 0.005 0.06838149502936897)
(0 0 0.06886503346553824)
(0.0025 0 0.06886503346553824)
(0.005 0 0.06886503346553824)
(0.0075 0 0.06886503346553824)
(0.01 0 0.06886503346553824)
(0 0.005 0.06886503346553824)
(0.0025 0.005 0.06886503346553824)
(0.005 0.005 0.06886503346553824)
(0.0075 0.005 0.06886503346553824)
(0.01 0.005 0.06886503346553824)
(0 0 0.06935159269663592)
(0.0025 0 0.06935159269663591)
(0.005 0 0.06935159269663592)
(0.0075 0 0.06935159269663592)
(0.01 0 0.06935159269663592)
(0 0.005 0.06935159269663592)
(0.0025 0.005 0.06935159269663592)
(0.005 0.005 0.06935159269663592)
(0.0075 0.005000000000000001 0.06935159269663591)
(0.01 0.005 0.06935159269663592)
(0 0 0.06984119159438215)
(0.0025 0 0.06984119159438212)
(0.005 0 0.06984119159438215)
(0.0075 0 0.06984119159438215)
(0.01 0 0.06984119159438215)
(0 0.005 0.06984119159438215)
(0.0025 0.005 0.06984119159438215)
(0.005 0.005 0.06984119159438215)
(0.0075 0.005000000000000001 0.06984119159438212)
(0.01 0.005 0.06984119159438215)
(0 0 0.07033384914839362)
(0.0025 0 0.07033384914839362)
(0.005 0 0.07033384914839362)
(0.0075 0 0.07033384914839363)
(0.01 0 0.07033384914839362)
(0 0.005 0.07033384914839362)
(0.0025 0.005 0.07033384914839363)
(0.005 0.005 0.07033384914839362)
(0.0075 0.005 0.07033384914839362)
(0.01 0.005 0.07033384914839362)
(0 0 0.07082958446692042)
(0.0025 0 0.07082958446692042)
(0.005 0 0.07082958446692041)
(0.0075 0 0.07082958446692042)
(0.01 0 0.07082958446692042)
(0 0.005 0.07082958446692042)
(0.0025 0.005 0.07082958446692042)
(0.005 0.005 0.07082958446692041)
(0.0075 0.005 0.07082958446692042)
(0.01 0.005 0.07082958446692042)
(0 0 0.07132841677758692)
(0.0025 0 0.07132841677758692)
(0.005 0 0.0713284167775869)
(0.0075 0 0.07132841677758692)
(0.01 0 0.07132841677758692)
(0 0.005 0.07132841677758692)
(0.0025 0.005 0.07132841677758692)
(0.005 0.005 0.0713284167775869)
(0.0075 0.005 0.07132841677758692)
(0.01 0.005 0.07132841677758692)
(0 0 0.07183036542813767)
(0.0025 0 0.07183036542813769)
(0.005 0 0.07183036542813767)
(0.0075 0 0.07183036542813769)
(0.01 0 0.07183036542813767)
(0 0.005 0.07183036542813767)
(0.0025 0.005 0.07183036542813769)
(0.005 0.005 0.07183036542813767)
(0.0075 0.005 0.07183036542813769)
(0.01 0.005 0.07183036542813767)
(0 0 0.07233544988718783)
(0.0025 0 0.07233544988718785)
(0.005 0 0.07233544988718783)
(0.0075 0 0.07233544988718785)
(0.01 0 0.07233544988718783)
(0 0.005 0.07233544988718783)
(0.0025 0.005 0.07233544988718785)
(0.005 0.005 0.07233544988718783)
(0.0075 0.005 0.07233544988718785)
(0.01 0.005 0.07233544988718783)
(0 0 0.07284368974497824)
(0.0025 0 0.07284368974497824)
(0.005 0 0.07284368974497824)
(0.0075 0 0.07284368974497824)
(0.01 0 0.07284368974497824)
(0 0.005 0.07284368974497824)
(0.0025 0.005 0.07284368974497824)
(0.005 0.005 0.07284368974497824)
(0.0075 0.005 0.07284368974497824)
(0.01 0.005 0.07284368974497824)
(0 0 0.07335510471413521)
(0.0025 0 0.07335510471413521)
(0.005 0 0.07335510471413521)
(0.0075 0 0.07335510471413521)
(0.01 0 0.07335510471413521)
(0 0.005 0.07335510471413521)
(0.0025 0.005 0.07335510471413521)
(0.005 0.005 0.07335510471413521)
(0.0075 0.005 0.07335510471413521)
(0.01 0.005 0.07335510471413521)
(0 0 0.07386971463043519)
(0.0025 0 0.07386971463043519)
(0.005 0 0.07386971463043521)
(0.0075 0 0.07386971463043519)
(0.01 0 0.07386971463043519)
(0 0.005 0.07386971463043519)
(0.0025 0.005 0.07386971463043518)
(0.005 0.005 0.07386971463043521)
(0.0075 0.005 0.07386971463043519)
(0.01 0.005 0.07386971463043519)
(0 0 0.074387539453574)
(0.0025 0 0.07438753945357401)
(0.005 0 0.074387539453574)
(0.0075 0 0.07438753945357401)
(0.01 0 0.074387539453574)
(0 0.005 0.074387539453574)
(0.0025 0.005 0.07438753945357401)
(0.005 0.005 0.074387539453574)
(0.0075 0.005 0.07438753945357401)
(0.01 0.005 0.074387539453574)
(0 0 0.07490859926794116)
(0.0025 0 0.07490859926794116)
(0.005 0 0.07490859926794116)
(0.0075 0 0.07490859926794116)
(0.01 0 0.07490859926794116)
(0 0.005 0.07490859926794116)
(0.0025 0.005 0.07490859926794116)
(0.005 0.005 0.07490859926794116)
(0.0075 0.005 0.07490859926794116)
(0.01 0.005 0.07490859926794116)
(0 0 0.0754329142833987)
(0.0025 0 0.0754329142833987)
(0.005 0 0.0754329142833987)
(0.0075 0 0.0754329142833987)
(0.01 0 0.0754329142833987)
(0 0.005 0.0754329142833987)
(0.0025 0.005 0.0754329142833987)
(0.005 0.005 0.0754329142833987)
(0.0075 0.005 0.0754329142833987)
(0.01 0.005 0.0754329142833987)
(0 0 0.07596050483606515)
(0.0025 0 0.07596050483606515)
(0.005 0 0.07596050483606515)
(0.0075 0 0.07596050483606515)
(0.01 0 0.07596050483606515)
(0 0.005 0.07596050483606515)
(0.0025 0.005 0.07596050483606515)
(0.005 0.005 0.07596050483606515)
(0.0075 0.005 0.07596050483606515)
(0.01 0.005 0.07596050483606515)
(0 0 0.07649139138910421)
(0.0025 0 0.07649139138910421)
(0.005 0 0.07649139138910421)
(0.0075 0 0.07649139138910424)
(0.01 0 0.07649139138910421)
(0 0.005 0.07649139138910421)
(0.0025 0.005 0.07649139138910421)
(0.005 0.005 0.07649139138910421)
(0.0075 0.005 0.07649139138910424)
(0.01 0.005 0.07649139138910421)
(0 0 0.07702559453351858)
(0.0025 0 0.07702559453351858)
(0.005 0 0.07702559453351858)
(0.0075 0 0.07702559453351858)
(0.01 0 0.07702559453351858)
(0 0.005 0.07702559453351858)
(0.0025 0.005 0.07702559453351858)
(0.005 0.005 0.07702559453351858)
(0.0075 0.005 0.07702559453351858)
(0.01 0.005 0.07702559453351858)
(0 0 0.07756313498894833)
(0.0025 0 0.07756313498894835)
(0.005 0 0.07756313498894833)
(0.0075 0 0.07756313498894835)
(0.01 0 0.07756313498894833)
(0 0.005 0.07756313498894833)
(0.0025 0.005 0.07756313498894835)
(0.005 0.005 0.07756313498894833)
(0.0075 0.005 0.07756313498894835)
(0.01 0.005 0.07756313498894833)
(0 0 0.07810403360447492)
(0.0025 0 0.07810403360447492)
(0.005 0 0.07810403360447492)
(0.0075 0 0.07810403360447492)
(0.01 0 0.07810403360447492)
(0 0.005 0.07810403360447492)
(0.0025 0.005 0.07810403360447492)
(0.005 0.005 0.07810403360447492)
(0.0075 0.005 0.07810403360447492)
(0.01 0.005 0.07810403360447492)
(0 0 0.07864831135942942)
(0.0025 0 0.0786483113594294)
(0.005 0 0.07864831135942942)
(0.0075 0 0.0786483113594294)
(0.01 0 0.07864831135942942)
(0 0.005 0.07864831135942942)
(0.0025 0.005 0.0786483113594294)
(0.005 0.005 0.07864831135942942)
(0.0075 0.005 0.0786483113594294)
(0.01 0.005 0.07864831135942942)
(0 0 0.0791959893642066)
(0.0025 0 0.07919598936420659)
(0.005 0 0.0791959893642066)
(0.0075 0 0.0791959893642066)
(0.01 0 0.0791959893642066)
(0 0.005 0.0791959893642066)
(0.0025 0.005 0.0791959893642066)
(0.005 0.005 0.0791959893642066)
(0.0075 0.005 0.0791959893642066)
(0.01 0.005 0.0791959893642066)
(0 0 0.07974708886108349)
(0.0025 0 0.07974708886108349)
(0.005 0 0.0797470888610835)
(0.0075 0 0.07974708886108349)
(0.01 0 0.07974708886108349)
(0 0.005 0.07974708886108349)
(0.0025 0.005 0.07974708886108349)
(0.005 0.005 0.0797470888610835)
(0.0075 0.005 0.07974708886108349)
(0.01 0.005 0.07974708886108349)
(0 0 0.08030163122504336)
(0.0025 0 0.08030163122504336)
(0.005 0 0.08030163122504336)
(0.0075 0 0.08030163122504336)
(0.01 0 0.08030163122504336)
(0 0.005 0.08030163122504336)
(0.0025 0.005 0.08030163122504336)
(0.005 0.005 0.08030163122504336)
(0.0075 0.005 0.08030163122504336)
(0.01 0.005 0.08030163122504336)
(0 0 0.08085963796460476)
(0.0025 0 0.08085963796460476)
(0.005 0 0.08085963796460476)
(0.0075 0 0.08085963796460476)
(0.01 0 0.08085963796460476)
(0 0.005 0.08085963796460476)
(0.0025 0.005 0.08085963796460476)
(0.005 0.005 0.08085963796460476)
(0.0075 0.005 0.08085963796460476)
(0.01 0.005 0.08085963796460476)
(0 0 0.08142113072265575)
(0.0025 0 0.08142113072265575)
(0.005 0 0.08142113072265574)
(0.0075 0 0.08142113072265575)
(0.01 0 0.08142113072265575)
(0 0.005 0.08142113072265575)
(0.0025 0.005 0.08142113072265575)
(0.005 0.005 0.08142113072265574)
(0.0075 0.005 0.08142113072265575)
(0.01 0.005 0.08142113072265575)
(0 0 0.08198613127729333)
(0.0025 0 0.08198613127729333)
(0.005 0 0.08198613127729333)
(0.0075 0 0.08198613127729333)
(0.01 0 0.08198613127729333)
(0 0.005 0.08198613127729333)
(0.0025 0.005 0.08198613127729333)
(0.005 0.005 0.08198613127729333)
(0.0075 0.005 0.08198613127729333)
(0.01 0.005 0.08198613127729333)
(0 0 0.08255466154266819)
(0.0025 0 0.08255466154266819)
(0.005 0 0.08255466154266819)
(0.0075 0 0.08255466154266819)
(0.01 0 0.08255466154266819)
(0 0.005 0.08255466154266819)
(0.0025 0.005 0.08255466154266819)
(0.005 0.005 0.08255466154266819)
(0.0075 0.005 0.08255466154266819)
(0.01 0.005 0.08255466154266819)
(0 0 0.08312674356983456)
(0.0025 0 0.08312674356983456)
(0.005 0 0.08312674356983457)
(0.0075 0 0.08312674356983456)
(0.01 0 0.08312674356983456)
(0 0.005 0.08312674356983456)
(0.0025 0.005 0.08312674356983456)
(0.005 0.005 0.08312674356983457)
(0.0075 0.005 0.08312674356983456)
(0.01 0.005 0.08312674356983456)
(0 0 0.08370239954760558)
(0.0025 0 0.08370239954760558)
(0.005 0 0.08370239954760557)
(0.0075 0 0.08370239954760558)
(0.01 0 0.08370239954760558)
(0 0.005 0.08370239954760558)
(0.0025 0.005 0.08370239954760558)
(0.005 0.005 0.08370239954760557)
(0.0075 0.005 0.08370239954760558)
(0.01 0.005 0.08370239954760558)
(0 0 0.08428165180341393)
(0.0025 0 0.08428165180341393)
(0.005 0 0.08428165180341393)
(0.0075 0 0.08428165180341393)
(0.01 0 0.08428165180341393)
(0 0.005 0.08428165180341393)
(0.0025 0.005 0.08428165180341393)
(0.005 0.005 0.08428165180341393)
(0.0075 0.005 0.08428165180341393)
(0.01 0.005 0.08428165180341393)
(0 0 0.08486452280417769)
(0.0025 0 0.08486452280417769)
(0.005 0 0.08486452280417767)
(0.0075 0 0.08486452280417769)
(0.01 0 0.08486452280417769)
(0 0.005 0.08486452280417769)
(0.0025 0.005 0.08486452280417769)
(0.005 0.005 0.08486452280417767)
(0.0075 0.005 0.08486452280417769)
(0.01 0.005 0.08486452280417769)
(0 0 0.08545103515717191)
(0.0025 0 0.08545103515717191)
(0.005 0 0.0854510351571719)
(0.0075 0 0.08545103515717191)
(0.01 0 0.08545103515717191)
(0 0.005 0.08545103515717191)
(0.0025 0.005 0.08545103515717191)
(0.005 0.005 0.0854510351571719)
(0.0075 0.005 0.08545103515717191)
(0.01 0.005 0.08545103515717191)
(0 0 0.08604121161090532)
(0.0025 0 0.08604121161090532)
(0.005 0 0.08604121161090532)
(0.0075 0 0.08604121161090532)
(0.01 0 0.08604121161090532)
(0 0.005 0.08604121161090532)
(0.0025 0.005 0.08604121161090532)
(0.005 0.005 0.08604121161090532)
(0.0075 0.005 0.08604121161090532)
(0.01 0.005 0.08604121161090532)
(0 0 0.08663507505600278)
(0.0025 0 0.08663507505600279)
(0.005 0 0.08663507505600279)
(0.0075 0 0.08663507505600279)
(0.01 0 0.08663507505600278)
(0 0.005 0.08663507505600278)
(0.0025 0.005 0.08663507505600279)
(0.005 0.005 0.08663507505600279)
(0.0075 0.005 0.08663507505600279)
(0.01 0.005 0.08663507505600278)
(0 0 0.087232648526093)
(0.0025 0 0.08723264852609301)
(0.005 0 0.087232648526093)
(0.0075 0 0.087232648526093)
(0.01 0 0.087232648526093)
(0 0.005 0.087232648526093)
(0.0025 0.005 0.08723264852609301)
(0.005 0.005 0.087232648526093)
(0.0075 0.005 0.087232648526093)
(0.01 0.005 0.087232648526093)
(0 0 0.08783395519870195)
(0.0025 0 0.08783395519870195)
(0.005 0 0.08783395519870198)
(0.0075 0 0.08783395519870195)
(0.01 0 0.08783395519870195)
(0 0.005 0.08783395519870195)
(0.0025 0.005 0.08783395519870195)
(0.005 0.005 0.08783395519870198)
(0.0075 0.005 0.08783395519870195)
(0.01 0.005 0.08783395519870195)
(0 0 0.08843901839615198)
(0.0025 0 0.08843901839615198)
(0.005 0 0.08843901839615198)
(0.0075 0 0.08843901839615199)
(0.01 0 0.08843901839615198)
(0 0.005 0.08843901839615198)
(0.0025 0.005 0.08843901839615198)
(0.005 0.005 0.08843901839615198)
(0.0075 0.005 0.08843901839615199)
(0.01 0.005 0.08843901839615198)
(0 0 0.08904786158646612)
(0.0025 0 0.08904786158646612)
(0.005 0 0.08904786158646615)
(0.0075 0 0.08904786158646612)
(0.01 0 0.08904786158646612)
(0 0.005 0.08904786158646612)
(0.0025 0.005 0.08904786158646612)
(0.005 0.005 0.08904786158646615)
(0.0075 0.005 0.08904786158646612)
(0.01 0.005 0.08904786158646612)
(0 0 0.08966050838427854)
(0.0025 0 0.08966050838427854)
(0.005 0 0.08966050838427857)
(0.0075 0 0.08966050838427854)
(0.01 0 0.08966050838427854)
(0 0.005 0.08966050838427854)
(0.0025 0.005 0.08966050838427854)
(0.005 0.005 0.08966050838427857)
(0.0075 0.005 0.08966050838427854)
(0.01 0.005 0.08966050838427854)
(0 0 0.09027698255175043)
(0.0025 0 0.09027698255175043)
(0.005 0 0.09027698255175041)
(0.0075 0 0.09027698255175043)
(0.01 0 0.09027698255175043)
(0 0.005 0.09027698255175043)
(0.0025 0.005 0.09027698255175043)
(0.005 0.005 0.09027698255175041)
(0.0075 0.005 0.09027698255175043)
(0.01 0.005 0.09027698255175043)
(0 0 0.09089730799949151)
(0.0025 0 0.09089730799949154)
(0.005 0 0.09089730799949154)
(0.0075 0 0.09089730799949151)
(0.01 0 0.09089730799949151)
(0 0.005 0.09089730799949151)
(0.0025 0.005 0.09089730799949151)
(0.005 0.005 0.09089730799949154)
(0.0075 0.005 0.09089730799949154)
(0.01 0.005 0.09089730799949151)
(0 0 0.09152150878748762)
(0.0025 0 0.09152150878748762)
(0.005 0 0.09152150878748763)
(0.0075 0 0.0915215087874876)
(0.01 0 0.09152150878748762)
(0 0.005 0.09152150878748762)
(0.0025 0.005 0.09152150878748762)
(0.005 0.005 0.09152150878748763)
(0.0075 0.005 0.0915215087874876)
(0.01 0.005 0.09152150878748762)
(0 0 0.09214960912603376)
(0.0025 0 0.09214960912603376)
(0.005 0 0.09214960912603376)
(0.0075 0 0.09214960912603376)
(0.01 0 0.09214960912603376)
(0 0.005 0.09214960912603376)
(0.0025 0.005 0.09214960912603376)
(0.005 0.005 0.09214960912603376)
(0.0075 0.005 0.09214960912603376)
(0.01 0.005 0.09214960912603376)
(0 0 0.09278163337667313)
(0.0025 0 0.09278163337667313)
(0.005 0 0.0927816333766731)
(0.0075 0 0.0927816333766731)
(0.01 0 0.09278163337667313)
(0 0.005 0.09278163337667313)
(0.0025 0.005 0.09278163337667313)
(0.005 0.005 0.0927816333766731)
(0.0075 0.005 0.0927816333766731)
(0.01 0.005 0.09278163337667313)
(0 0 0.09341760605314214)
(0.0025 0 0.09341760605314214)
(0.005 0 0.09341760605314212)
(0.0075 0 0.09341760605314214)
(0.01 0 0.09341760605314214)
(0 0.005 0.09341760605314214)
(0.0025 0.005 0.09341760605314214)
(0.005 0.005 0.09341760605314212)
(0.0075 0.005 0.09341760605314214)
(0.01 0.005 0.09341760605314214)
(0 0 0.09405755182232108)
(0.0025 0 0.0940575518223211)
(0.005 0 0.09405755182232108)
(0.0075 0 0.0940575518223211)
(0.01 0 0.09405755182232108)
(0 0.005 0.09405755182232108)
(0.0025 0.005 0.0940575518223211)
(0.005 0.005 0.09405755182232108)
(0.0075 0.005000000000000001 0.0940575518223211)
(0.01 0.005 0.09405755182232108)
(0 0 0.09470149550519091)
(0.0025 0 0.09470149550519091)
(0.005 0 0.0947014955051909)
(0.0075 0 0.0947014955051909)
(0.01 0 0.09470149550519091)
(0 0.005 0.09470149550519091)
(0.0025 0.005 0.0947014955051909)
(0.005 0.005 0.0947014955051909)
(0.0075 0.005 0.09470149550519091)
(0.01 0.005 0.09470149550519091)
(0 0 0.09534946207779589)
(0.0025 0 0.09534946207779589)
(0.005 0 0.09534946207779589)
(0.0075 0 0.09534946207779589)
(0.01 0 0.09534946207779589)
(0 0.005 0.09534946207779589)
(0.0025 0.005 0.09534946207779589)
(0.005 0.005 0.09534946207779589)
(0.0075 0.005 0.09534946207779589)
(0.01 0.005 0.09534946207779589)
(0 0 0.09600147667221244)
(0.0025 0 0.09600147667221244)
(0.005 0 0.09600147667221244)
(0.0075 0 0.09600147667221244)
(0.01 0 0.09600147667221244)
(0 0.005 0.09600147667221244)
(0.0025 0.005 0.09600147667221244)
(0.005 0.005 0.09600147667221244)
(0.0075 0.005 0.09600147667221244)
(0.01 0.005 0.09600147667221244)
(0 0 0.09665756457752375)
(0.0025 0 0.09665756457752377)
(0.005 0 0.09665756457752375)
(0.0075 0 0.09665756457752375)
(0.01 0 0.09665756457752375)
(0 0.005 0.09665756457752375)
(0.0025 0.005 0.09665756457752377)
(0.005 0.005 0.09665756457752375)
(0.0075 0.005 0.09665756457752375)
(0.01 0.005 0.09665756457752375)
(0 0 0.09731775124080079)
(0.0025 0 0.09731775124080079)
(0.005 0 0.0973177512408008)
(0.0075 0 0.09731775124080079)
(0.01 0 0.09731775124080079)
(0 0.005 0.09731775124080079)
(0.0025 0.005 0.09731775124080079)
(0.005 0.005 0.0973177512408008)
(0.0075 0.005 0.09731775124080079)
(0.01 0.005 0.09731775124080079)
(0 0 0.09798206226808924)
(0.0025 0 0.09798206226808924)
(0.005 0 0.09798206226808924)
(0.0075 0 0.09798206226808925)
(0.01 0 0.09798206226808924)
(0 0.005 0.09798206226808924)
(0.0025 0.005 0.09798206226808924)
(0.005 0.005 0.09798206226808924)
(0.0075 0.005 0.09798206226808925)
(0.01 0.005 0.09798206226808924)
(0 0 0.09865052342540259)
(0.0025 0 0.09865052342540259)
(0.005 0 0.09865052342540259)
(0.0075 0 0.09865052342540259)
(0.01 0 0.09865052342540259)
(0 0.005 0.09865052342540259)
(0.0025 0.005 0.09865052342540259)
(0.005 0.005 0.09865052342540259)
(0.0075 0.005 0.09865052342540259)
(0.01 0.005 0.09865052342540259)
(0 0 0.09932316063972167)
(0.0025 0 0.09932316063972167)
(0.005 0 0.09932316063972167)
(0.0075 0 0.09932316063972167)
(0.01 0 0.09932316063972167)
(0 0.005 0.09932316063972167)
(0.0025 0.005 0.09932316063972167)
(0.005 0.005 0.09932316063972167)
(0.0075 0.005 0.09932316063972167)
(0.01 0.005 0.09932316063972167)
(0 0 0.1)
(0.0025 0 0.1)
(0.005 0 0.1)
(0.0075 0 0.1)
(0.01 0 0.1)
(0 0.005 0.1)
(0.0025 0.005 0.1)
(0.005 0.005 0.1)
(0.0075 0.005 0.1)
(0.01 0.005 0.1)
)


// ************************************************************************* //
