/*--------------------------------*- C++ -*----------------------------------*\
| =========                 |                                                 |
| \\      /  F ield         | foam-extend: Open Source CFD                    |
|  \\    /   O peration     | Version:     4.1                                |
|   \\  /    A nd           | Web:         http://www.foam-extend.org         |
|    \\/     M anipulation  |                                                 |
\*---------------------------------------------------------------------------*/
FoamFile
{
    version     2.0;
    format      ascii;
    class       labelList;
    note        "nPoints: 32571 nCells: 28000 nFaces: 88400 nInternalFaces: 79600";
    location    "constant/polyMesh";
    object      neighbour;
}
// * * * * * * * * * * * * * * * * * * * * * * * * * * * * * * * * * * * * * //


79600
(
1
140
1400
2
141
1401
3
142
1402
4
143
1403
5
144
1404
6
145
1405
7
146
1406
8
147
1407
9
148
1408
10
149
1409
11
150
1410
12
151
1411
13
152
1412
14
153
1413
15
154
1414
16
155
1415
17
156
1416
18
157
1417
19
158
1418
20
159
1419
21
160
1420
22
161
1421
23
162
1422
24
163
1423
25
164
1424
26
165
1425
27
166
1426
28
167
1427
29
168
1428
30
169
1429
31
170
1430
32
171
1431
33
172
1432
34
173
1433
35
174
1434
36
175
1435
37
176
1436
38
177
1437
39
178
1438
40
179
1439
41
180
1440
42
181
1441
43
182
1442
44
183
1443
45
184
1444
46
185
1445
47
186
1446
48
187
1447
49
188
1448
50
189
1449
51
190
1450
52
191
1451
53
192
1452
54
193
1453
55
194
1454
56
195
1455
57
196
1456
58
197
1457
59
198
1458
60
199
1459
61
200
1460
62
201
1461
63
202
1462
64
203
1463
65
204
1464
66
205
1465
67
206
1466
68
207
1467
69
208
1468
70
209
1469
71
210
1470
72
211
1471
73
212
1472
74
213
1473
75
214
1474
76
215
1475
77
216
1476
78
217
1477
79
218
1478
80
219
1479
81
220
1480
82
221
1481
83
222
1482
84
223
1483
85
224
1484
86
225
1485
87
226
1486
88
227
1487
89
228
1488
90
229
1489
91
230
1490
92
231
1491
93
232
1492
94
233
1493
95
234
1494
96
235
1495
97
236
1496
98
237
1497
99
238
1498
100
239
1499
101
240
1500
102
241
1501
103
242
1502
104
243
1503
105
244
1504
106
245
1505
107
246
1506
108
247
1507
109
248
1508
110
249
1509
111
250
1510
112
251
1511
113
252
1512
114
253
1513
115
254
1514
116
255
1515
117
256
1516
118
257
1517
119
258
1518
120
259
1519
121
260
1520
122
261
1521
123
262
1522
124
263
1523
125
264
1524
126
265
1525
127
266
1526
128
267
1527
129
268
1528
130
269
1529
131
270
1530
132
271
1531
133
272
1532
134
273
1533
135
274
1534
136
275
1535
137
276
1536
138
277
1537
139
278
1538
279
1539
141
280
1540
142
281
1541
143
282
1542
144
283
1543
145
284
1544
146
285
1545
147
286
1546
148
287
1547
149
288
1548
150
289
1549
151
290
1550
152
291
1551
153
292
1552
154
293
1553
155
294
1554
156
295
1555
157
296
1556
158
297
1557
159
298
1558
160
299
1559
161
300
1560
162
301
1561
163
302
1562
164
303
1563
165
304
1564
166
305
1565
167
306
1566
168
307
1567
169
308
1568
170
309
1569
171
310
1570
172
311
1571
173
312
1572
174
313
1573
175
314
1574
176
315
1575
177
316
1576
178
317
1577
179
318
1578
180
319
1579
181
320
1580
182
321
1581
183
322
1582
184
323
1583
185
324
1584
186
325
1585
187
326
1586
188
327
1587
189
328
1588
190
329
1589
191
330
1590
192
331
1591
193
332
1592
194
333
1593
195
334
1594
196
335
1595
197
336
1596
198
337
1597
199
338
1598
200
339
1599
201
340
1600
202
341
1601
203
342
1602
204
343
1603
205
344
1604
206
345
1605
207
346
1606
208
347
1607
209
348
1608
210
349
1609
211
350
1610
212
351
1611
213
352
1612
214
353
1613
215
354
1614
216
355
1615
217
356
1616
218
357
1617
219
358
1618
220
359
1619
221
360
1620
222
361
1621
223
362
1622
224
363
1623
225
364
1624
226
365
1625
227
366
1626
228
367
1627
229
368
1628
230
369
1629
231
370
1630
232
371
1631
233
372
1632
234
373
1633
235
374
1634
236
375
1635
237
376
1636
238
377
1637
239
378
1638
240
379
1639
241
380
1640
242
381
1641
243
382
1642
244
383
1643
245
384
1644
246
385
1645
247
386
1646
248
387
1647
249
388
1648
250
389
1649
251
390
1650
252
391
1651
253
392
1652
254
393
1653
255
394
1654
256
395
1655
257
396
1656
258
397
1657
259
398
1658
260
399
1659
261
400
1660
262
401
1661
263
402
1662
264
403
1663
265
404
1664
266
405
1665
267
406
1666
268
407
1667
269
408
1668
270
409
1669
271
410
1670
272
411
1671
273
412
1672
274
413
1673
275
414
1674
276
415
1675
277
416
1676
278
417
1677
279
418
1678
419
1679
281
420
1680
282
421
1681
283
422
1682
284
423
1683
285
424
1684
286
425
1685
287
426
1686
288
427
1687
289
428
1688
290
429
1689
291
430
1690
292
431
1691
293
432
1692
294
433
1693
295
434
1694
296
435
1695
297
436
1696
298
437
1697
299
438
1698
300
439
1699
301
440
1700
302
441
1701
303
442
1702
304
443
1703
305
444
1704
306
445
1705
307
446
1706
308
447
1707
309
448
1708
310
449
1709
311
450
1710
312
451
1711
313
452
1712
314
453
1713
315
454
1714
316
455
1715
317
456
1716
318
457
1717
319
458
1718
320
459
1719
321
460
1720
322
461
1721
323
462
1722
324
463
1723
325
464
1724
326
465
1725
327
466
1726
328
467
1727
329
468
1728
330
469
1729
331
470
1730
332
471
1731
333
472
1732
334
473
1733
335
474
1734
336
475
1735
337
476
1736
338
477
1737
339
478
1738
340
479
1739
341
480
1740
342
481
1741
343
482
1742
344
483
1743
345
484
1744
346
485
1745
347
486
1746
348
487
1747
349
488
1748
350
489
1749
351
490
1750
352
491
1751
353
492
1752
354
493
1753
355
494
1754
356
495
1755
357
496
1756
358
497
1757
359
498
1758
360
499
1759
361
500
1760
362
501
1761
363
502
1762
364
503
1763
365
504
1764
366
505
1765
367
506
1766
368
507
1767
369
508
1768
370
509
1769
371
510
1770
372
511
1771
373
512
1772
374
513
1773
375
514
1774
376
515
1775
377
516
1776
378
517
1777
379
518
1778
380
519
1779
381
520
1780
382
521
1781
383
522
1782
384
523
1783
385
524
1784
386
525
1785
387
526
1786
388
527
1787
389
528
1788
390
529
1789
391
530
1790
392
531
1791
393
532
1792
394
533
1793
395
534
1794
396
535
1795
397
536
1796
398
537
1797
399
538
1798
400
539
1799
401
540
1800
402
541
1801
403
542
1802
404
543
1803
405
544
1804
406
545
1805
407
546
1806
408
547
1807
409
548
1808
410
549
1809
411
550
1810
412
551
1811
413
552
1812
414
553
1813
415
554
1814
416
555
1815
417
556
1816
418
557
1817
419
558
1818
559
1819
421
560
1820
422
561
1821
423
562
1822
424
563
1823
425
564
1824
426
565
1825
427
566
1826
428
567
1827
429
568
1828
430
569
1829
431
570
1830
432
571
1831
433
572
1832
434
573
1833
435
574
1834
436
575
1835
437
576
1836
438
577
1837
439
578
1838
440
579
1839
441
580
1840
442
581
1841
443
582
1842
444
583
1843
445
584
1844
446
585
1845
447
586
1846
448
587
1847
449
588
1848
450
589
1849
451
590
1850
452
591
1851
453
592
1852
454
593
1853
455
594
1854
456
595
1855
457
596
1856
458
597
1857
459
598
1858
460
599
1859
461
600
1860
462
601
1861
463
602
1862
464
603
1863
465
604
1864
466
605
1865
467
606
1866
468
607
1867
469
608
1868
470
609
1869
471
610
1870
472
611
1871
473
612
1872
474
613
1873
475
614
1874
476
615
1875
477
616
1876
478
617
1877
479
618
1878
480
619
1879
481
620
1880
482
621
1881
483
622
1882
484
623
1883
485
624
1884
486
625
1885
487
626
1886
488
627
1887
489
628
1888
490
629
1889
491
630
1890
492
631
1891
493
632
1892
494
633
1893
495
634
1894
496
635
1895
497
636
1896
498
637
1897
499
638
1898
500
639
1899
501
640
1900
502
641
1901
503
642
1902
504
643
1903
505
644
1904
506
645
1905
507
646
1906
508
647
1907
509
648
1908
510
649
1909
511
650
1910
512
651
1911
513
652
1912
514
653
1913
515
654
1914
516
655
1915
517
656
1916
518
657
1917
519
658
1918
520
659
1919
521
660
1920
522
661
1921
523
662
1922
524
663
1923
525
664
1924
526
665
1925
527
666
1926
528
667
1927
529
668
1928
530
669
1929
531
670
1930
532
671
1931
533
672
1932
534
673
1933
535
674
1934
536
675
1935
537
676
1936
538
677
1937
539
678
1938
540
679
1939
541
680
1940
542
681
1941
543
682
1942
544
683
1943
545
684
1944
546
685
1945
547
686
1946
548
687
1947
549
688
1948
550
689
1949
551
690
1950
552
691
1951
553
692
1952
554
693
1953
555
694
1954
556
695
1955
557
696
1956
558
697
1957
559
698
1958
699
1959
561
700
1960
562
701
1961
563
702
1962
564
703
1963
565
704
1964
566
705
1965
567
706
1966
568
707
1967
569
708
1968
570
709
1969
571
710
1970
572
711
1971
573
712
1972
574
713
1973
575
714
1974
576
715
1975
577
716
1976
578
717
1977
579
718
1978
580
719
1979
581
720
1980
582
721
1981
583
722
1982
584
723
1983
585
724
1984
586
725
1985
587
726
1986
588
727
1987
589
728
1988
590
729
1989
591
730
1990
592
731
1991
593
732
1992
594
733
1993
595
734
1994
596
735
1995
597
736
1996
598
737
1997
599
738
1998
600
739
1999
601
740
2000
602
741
2001
603
742
2002
604
743
2003
605
744
2004
606
745
2005
607
746
2006
608
747
2007
609
748
2008
610
749
2009
611
750
2010
612
751
2011
613
752
2012
614
753
2013
615
754
2014
616
755
2015
617
756
2016
618
757
2017
619
758
2018
620
759
2019
621
760
2020
622
761
2021
623
762
2022
624
763
2023
625
764
2024
626
765
2025
627
766
2026
628
767
2027
629
768
2028
630
769
2029
631
770
2030
632
771
2031
633
772
2032
634
773
2033
635
774
2034
636
775
2035
637
776
2036
638
777
2037
639
778
2038
640
779
2039
641
780
2040
642
781
2041
643
782
2042
644
783
2043
645
784
2044
646
785
2045
647
786
2046
648
787
2047
649
788
2048
650
789
2049
651
790
2050
652
791
2051
653
792
2052
654
793
2053
655
794
2054
656
795
2055
657
796
2056
658
797
2057
659
798
2058
660
799
2059
661
800
2060
662
801
2061
663
802
2062
664
803
2063
665
804
2064
666
805
2065
667
806
2066
668
807
2067
669
808
2068
670
809
2069
671
810
2070
672
811
2071
673
812
2072
674
813
2073
675
814
2074
676
815
2075
677
816
2076
678
817
2077
679
818
2078
680
819
2079
681
820
2080
682
821
2081
683
822
2082
684
823
2083
685
824
2084
686
825
2085
687
826
2086
688
827
2087
689
828
2088
690
829
2089
691
830
2090
692
831
2091
693
832
2092
694
833
2093
695
834
2094
696
835
2095
697
836
2096
698
837
2097
699
838
2098
839
2099
701
840
2100
702
841
2101
703
842
2102
704
843
2103
705
844
2104
706
845
2105
707
846
2106
708
847
2107
709
848
2108
710
849
2109
711
850
2110
712
851
2111
713
852
2112
714
853
2113
715
854
2114
716
855
2115
717
856
2116
718
857
2117
719
858
2118
720
859
2119
721
860
2120
722
861
2121
723
862
2122
724
863
2123
725
864
2124
726
865
2125
727
866
2126
728
867
2127
729
868
2128
730
869
2129
731
870
2130
732
871
2131
733
872
2132
734
873
2133
735
874
2134
736
875
2135
737
876
2136
738
877
2137
739
878
2138
740
879
2139
741
880
2140
742
881
2141
743
882
2142
744
883
2143
745
884
2144
746
885
2145
747
886
2146
748
887
2147
749
888
2148
750
889
2149
751
890
2150
752
891
2151
753
892
2152
754
893
2153
755
894
2154
756
895
2155
757
896
2156
758
897
2157
759
898
2158
760
899
2159
761
900
2160
762
901
2161
763
902
2162
764
903
2163
765
904
2164
766
905
2165
767
906
2166
768
907
2167
769
908
2168
770
909
2169
771
910
2170
772
911
2171
773
912
2172
774
913
2173
775
914
2174
776
915
2175
777
916
2176
778
917
2177
779
918
2178
780
919
2179
781
920
2180
782
921
2181
783
922
2182
784
923
2183
785
924
2184
786
925
2185
787
926
2186
788
927
2187
789
928
2188
790
929
2189
791
930
2190
792
931
2191
793
932
2192
794
933
2193
795
934
2194
796
935
2195
797
936
2196
798
937
2197
799
938
2198
800
939
2199
801
940
2200
802
941
2201
803
942
2202
804
943
2203
805
944
2204
806
945
2205
807
946
2206
808
947
2207
809
948
2208
810
949
2209
811
950
2210
812
951
2211
813
952
2212
814
953
2213
815
954
2214
816
955
2215
817
956
2216
818
957
2217
819
958
2218
820
959
2219
821
960
2220
822
961
2221
823
962
2222
824
963
2223
825
964
2224
826
965
2225
827
966
2226
828
967
2227
829
968
2228
830
969
2229
831
970
2230
832
971
2231
833
972
2232
834
973
2233
835
974
2234
836
975
2235
837
976
2236
838
977
2237
839
978
2238
979
2239
841
980
2240
842
981
2241
843
982
2242
844
983
2243
845
984
2244
846
985
2245
847
986
2246
848
987
2247
849
988
2248
850
989
2249
851
990
2250
852
991
2251
853
992
2252
854
993
2253
855
994
2254
856
995
2255
857
996
2256
858
997
2257
859
998
2258
860
999
2259
861
1000
2260
862
1001
2261
863
1002
2262
864
1003
2263
865
1004
2264
866
1005
2265
867
1006
2266
868
1007
2267
869
1008
2268
870
1009
2269
871
1010
2270
872
1011
2271
873
1012
2272
874
1013
2273
875
1014
2274
876
1015
2275
877
1016
2276
878
1017
2277
879
1018
2278
880
1019
2279
881
1020
2280
882
1021
2281
883
1022
2282
884
1023
2283
885
1024
2284
886
1025
2285
887
1026
2286
888
1027
2287
889
1028
2288
890
1029
2289
891
1030
2290
892
1031
2291
893
1032
2292
894
1033
2293
895
1034
2294
896
1035
2295
897
1036
2296
898
1037
2297
899
1038
2298
900
1039
2299
901
1040
2300
902
1041
2301
903
1042
2302
904
1043
2303
905
1044
2304
906
1045
2305
907
1046
2306
908
1047
2307
909
1048
2308
910
1049
2309
911
1050
2310
912
1051
2311
913
1052
2312
914
1053
2313
915
1054
2314
916
1055
2315
917
1056
2316
918
1057
2317
919
1058
2318
920
1059
2319
921
1060
2320
922
1061
2321
923
1062
2322
924
1063
2323
925
1064
2324
926
1065
2325
927
1066
2326
928
1067
2327
929
1068
2328
930
1069
2329
931
1070
2330
932
1071
2331
933
1072
2332
934
1073
2333
935
1074
2334
936
1075
2335
937
1076
2336
938
1077
2337
939
1078
2338
940
1079
2339
941
1080
2340
942
1081
2341
943
1082
2342
944
1083
2343
945
1084
2344
946
1085
2345
947
1086
2346
948
1087
2347
949
1088
2348
950
1089
2349
951
1090
2350
952
1091
2351
953
1092
2352
954
1093
2353
955
1094
2354
956
1095
2355
957
1096
2356
958
1097
2357
959
1098
2358
960
1099
2359
961
1100
2360
962
1101
2361
963
1102
2362
964
1103
2363
965
1104
2364
966
1105
2365
967
1106
2366
968
1107
2367
969
1108
2368
970
1109
2369
971
1110
2370
972
1111
2371
973
1112
2372
974
1113
2373
975
1114
2374
976
1115
2375
977
1116
2376
978
1117
2377
979
1118
2378
1119
2379
981
1120
2380
982
1121
2381
983
1122
2382
984
1123
2383
985
1124
2384
986
1125
2385
987
1126
2386
988
1127
2387
989
1128
2388
990
1129
2389
991
1130
2390
992
1131
2391
993
1132
2392
994
1133
2393
995
1134
2394
996
1135
2395
997
1136
2396
998
1137
2397
999
1138
2398
1000
1139
2399
1001
1140
2400
1002
1141
2401
1003
1142
2402
1004
1143
2403
1005
1144
2404
1006
1145
2405
1007
1146
2406
1008
1147
2407
1009
1148
2408
1010
1149
2409
1011
1150
2410
1012
1151
2411
1013
1152
2412
1014
1153
2413
1015
1154
2414
1016
1155
2415
1017
1156
2416
1018
1157
2417
1019
1158
2418
1020
1159
2419
1021
1160
2420
1022
1161
2421
1023
1162
2422
1024
1163
2423
1025
1164
2424
1026
1165
2425
1027
1166
2426
1028
1167
2427
1029
1168
2428
1030
1169
2429
1031
1170
2430
1032
1171
2431
1033
1172
2432
1034
1173
2433
1035
1174
2434
1036
1175
2435
1037
1176
2436
1038
1177
2437
1039
1178
2438
1040
1179
2439
1041
1180
2440
1042
1181
2441
1043
1182
2442
1044
1183
2443
1045
1184
2444
1046
1185
2445
1047
1186
2446
1048
1187
2447
1049
1188
2448
1050
1189
2449
1051
1190
2450
1052
1191
2451
1053
1192
2452
1054
1193
2453
1055
1194
2454
1056
1195
2455
1057
1196
2456
1058
1197
2457
1059
1198
2458
1060
1199
2459
1061
1200
2460
1062
1201
2461
1063
1202
2462
1064
1203
2463
1065
1204
2464
1066
1205
2465
1067
1206
2466
1068
1207
2467
1069
1208
2468
1070
1209
2469
1071
1210
2470
1072
1211
2471
1073
1212
2472
1074
1213
2473
1075
1214
2474
1076
1215
2475
1077
1216
2476
1078
1217
2477
1079
1218
2478
1080
1219
2479
1081
1220
2480
1082
1221
2481
1083
1222
2482
1084
1223
2483
1085
1224
2484
1086
1225
2485
1087
1226
2486
1088
1227
2487
1089
1228
2488
1090
1229
2489
1091
1230
2490
1092
1231
2491
1093
1232
2492
1094
1233
2493
1095
1234
2494
1096
1235
2495
1097
1236
2496
1098
1237
2497
1099
1238
2498
1100
1239
2499
1101
1240
2500
1102
1241
2501
1103
1242
2502
1104
1243
2503
1105
1244
2504
1106
1245
2505
1107
1246
2506
1108
1247
2507
1109
1248
2508
1110
1249
2509
1111
1250
2510
1112
1251
2511
1113
1252
2512
1114
1253
2513
1115
1254
2514
1116
1255
2515
1117
1256
2516
1118
1257
2517
1119
1258
2518
1259
2519
1121
1260
2520
1122
1261
2521
1123
1262
2522
1124
1263
2523
1125
1264
2524
1126
1265
2525
1127
1266
2526
1128
1267
2527
1129
1268
2528
1130
1269
2529
1131
1270
2530
1132
1271
2531
1133
1272
2532
1134
1273
2533
1135
1274
2534
1136
1275
2535
1137
1276
2536
1138
1277
2537
1139
1278
2538
1140
1279
2539
1141
1280
2540
1142
1281
2541
1143
1282
2542
1144
1283
2543
1145
1284
2544
1146
1285
2545
1147
1286
2546
1148
1287
2547
1149
1288
2548
1150
1289
2549
1151
1290
2550
1152
1291
2551
1153
1292
2552
1154
1293
2553
1155
1294
2554
1156
1295
2555
1157
1296
2556
1158
1297
2557
1159
1298
2558
1160
1299
2559
1161
1300
2560
1162
1301
2561
1163
1302
2562
1164
1303
2563
1165
1304
2564
1166
1305
2565
1167
1306
2566
1168
1307
2567
1169
1308
2568
1170
1309
2569
1171
1310
2570
1172
1311
2571
1173
1312
2572
1174
1313
2573
1175
1314
2574
1176
1315
2575
1177
1316
2576
1178
1317
2577
1179
1318
2578
1180
1319
2579
1181
1320
2580
1182
1321
2581
1183
1322
2582
1184
1323
2583
1185
1324
2584
1186
1325
2585
1187
1326
2586
1188
1327
2587
1189
1328
2588
1190
1329
2589
1191
1330
2590
1192
1331
2591
1193
1332
2592
1194
1333
2593
1195
1334
2594
1196
1335
2595
1197
1336
2596
1198
1337
2597
1199
1338
2598
1200
1339
2599
1201
1340
2600
1202
1341
2601
1203
1342
2602
1204
1343
2603
1205
1344
2604
1206
1345
2605
1207
1346
2606
1208
1347
2607
1209
1348
2608
1210
1349
2609
1211
1350
2610
1212
1351
2611
1213
1352
2612
1214
1353
2613
1215
1354
2614
1216
1355
2615
1217
1356
2616
1218
1357
2617
1219
1358
2618
1220
1359
2619
1221
1360
2620
1222
1361
2621
1223
1362
2622
1224
1363
2623
1225
1364
2624
1226
1365
2625
1227
1366
2626
1228
1367
2627
1229
1368
2628
1230
1369
2629
1231
1370
2630
1232
1371
2631
1233
1372
2632
1234
1373
2633
1235
1374
2634
1236
1375
2635
1237
1376
2636
1238
1377
2637
1239
1378
2638
1240
1379
2639
1241
1380
2640
1242
1381
2641
1243
1382
2642
1244
1383
2643
1245
1384
2644
1246
1385
2645
1247
1386
2646
1248
1387
2647
1249
1388
2648
1250
1389
2649
1251
1390
2650
1252
1391
2651
1253
1392
2652
1254
1393
2653
1255
1394
2654
1256
1395
2655
1257
1396
2656
1258
1397
2657
1259
1398
2658
1399
2659
1261
2660
1262
2661
1263
2662
1264
2663
1265
2664
1266
2665
1267
2666
1268
2667
1269
2668
1270
2669
1271
2670
1272
2671
1273
2672
1274
2673
1275
2674
1276
2675
1277
2676
1278
2677
1279
2678
1280
2679
1281
2680
1282
2681
1283
2682
1284
2683
1285
2684
1286
2685
1287
2686
1288
2687
1289
2688
1290
2689
1291
2690
1292
2691
1293
2692
1294
2693
1295
2694
1296
2695
1297
2696
1298
2697
1299
2698
1300
2699
1301
2700
1302
2701
1303
2702
1304
2703
1305
2704
1306
2705
1307
2706
1308
2707
1309
2708
1310
2709
1311
2710
1312
2711
1313
2712
1314
2713
1315
2714
1316
2715
1317
2716
1318
2717
1319
2718
1320
2719
1321
2720
1322
2721
1323
2722
1324
2723
1325
2724
1326
2725
1327
2726
1328
2727
1329
2728
1330
2729
1331
2730
1332
2731
1333
2732
1334
2733
1335
2734
1336
2735
1337
2736
1338
2737
1339
2738
1340
2739
1341
2740
1342
2741
1343
2742
1344
2743
1345
2744
1346
2745
1347
2746
1348
2747
1349
2748
1350
2749
1351
2750
1352
2751
1353
2752
1354
2753
1355
2754
1356
2755
1357
2756
1358
2757
1359
2758
1360
2759
1361
2760
1362
2761
1363
2762
1364
2763
1365
2764
1366
2765
1367
2766
1368
2767
1369
2768
1370
2769
1371
2770
1372
2771
1373
2772
1374
2773
1375
2774
1376
2775
1377
2776
1378
2777
1379
2778
1380
2779
1381
2780
1382
2781
1383
2782
1384
2783
1385
2784
1386
2785
1387
2786
1388
2787
1389
2788
1390
2789
1391
2790
1392
2791
1393
2792
1394
2793
1395
2794
1396
2795
1397
2796
1398
2797
1399
2798
2799
1401
1540
2800
1402
1541
2801
1403
1542
2802
1404
1543
2803
1405
1544
2804
1406
1545
2805
1407
1546
2806
1408
1547
2807
1409
1548
2808
1410
1549
2809
1411
1550
2810
1412
1551
2811
1413
1552
2812
1414
1553
2813
1415
1554
2814
1416
1555
2815
1417
1556
2816
1418
1557
2817
1419
1558
2818
1420
1559
2819
1421
1560
2820
1422
1561
2821
1423
1562
2822
1424
1563
2823
1425
1564
2824
1426
1565
2825
1427
1566
2826
1428
1567
2827
1429
1568
2828
1430
1569
2829
1431
1570
2830
1432
1571
2831
1433
1572
2832
1434
1573
2833
1435
1574
2834
1436
1575
2835
1437
1576
2836
1438
1577
2837
1439
1578
2838
1440
1579
2839
1441
1580
2840
1442
1581
2841
1443
1582
2842
1444
1583
2843
1445
1584
2844
1446
1585
2845
1447
1586
2846
1448
1587
2847
1449
1588
2848
1450
1589
2849
1451
1590
2850
1452
1591
2851
1453
1592
2852
1454
1593
2853
1455
1594
2854
1456
1595
2855
1457
1596
2856
1458
1597
2857
1459
1598
2858
1460
1599
2859
1461
1600
2860
1462
1601
2861
1463
1602
2862
1464
1603
2863
1465
1604
2864
1466
1605
2865
1467
1606
2866
1468
1607
2867
1469
1608
2868
1470
1609
2869
1471
1610
2870
1472
1611
2871
1473
1612
2872
1474
1613
2873
1475
1614
2874
1476
1615
2875
1477
1616
2876
1478
1617
2877
1479
1618
2878
1480
1619
2879
1481
1620
2880
1482
1621
2881
1483
1622
2882
1484
1623
2883
1485
1624
2884
1486
1625
2885
1487
1626
2886
1488
1627
2887
1489
1628
2888
1490
1629
2889
1491
1630
2890
1492
1631
2891
1493
1632
2892
1494
1633
2893
1495
1634
2894
1496
1635
2895
1497
1636
2896
1498
1637
2897
1499
1638
2898
1500
1639
2899
1501
1640
2900
1502
1641
2901
1503
1642
2902
1504
1643
2903
1505
1644
2904
1506
1645
2905
1507
1646
2906
1508
1647
2907
1509
1648
2908
1510
1649
2909
1511
1650
2910
1512
1651
2911
1513
1652
2912
1514
1653
2913
1515
1654
2914
1516
1655
2915
1517
1656
2916
1518
1657
2917
1519
1658
2918
1520
1659
2919
1521
1660
2920
1522
1661
2921
1523
1662
2922
1524
1663
2923
1525
1664
2924
1526
1665
2925
1527
1666
2926
1528
1667
2927
1529
1668
2928
1530
1669
2929
1531
1670
2930
1532
1671
2931
1533
1672
2932
1534
1673
2933
1535
1674
2934
1536
1675
2935
1537
1676
2936
1538
1677
2937
1539
1678
2938
1679
2939
1541
1680
2940
1542
1681
2941
1543
1682
2942
1544
1683
2943
1545
1684
2944
1546
1685
2945
1547
1686
2946
1548
1687
2947
1549
1688
2948
1550
1689
2949
1551
1690
2950
1552
1691
2951
1553
1692
2952
1554
1693
2953
1555
1694
2954
1556
1695
2955
1557
1696
2956
1558
1697
2957
1559
1698
2958
1560
1699
2959
1561
1700
2960
1562
1701
2961
1563
1702
2962
1564
1703
2963
1565
1704
2964
1566
1705
2965
1567
1706
2966
1568
1707
2967
1569
1708
2968
1570
1709
2969
1571
1710
2970
1572
1711
2971
1573
1712
2972
1574
1713
2973
1575
1714
2974
1576
1715
2975
1577
1716
2976
1578
1717
2977
1579
1718
2978
1580
1719
2979
1581
1720
2980
1582
1721
2981
1583
1722
2982
1584
1723
2983
1585
1724
2984
1586
1725
2985
1587
1726
2986
1588
1727
2987
1589
1728
2988
1590
1729
2989
1591
1730
2990
1592
1731
2991
1593
1732
2992
1594
1733
2993
1595
1734
2994
1596
1735
2995
1597
1736
2996
1598
1737
2997
1599
1738
2998
1600
1739
2999
1601
1740
3000
1602
1741
3001
1603
1742
3002
1604
1743
3003
1605
1744
3004
1606
1745
3005
1607
1746
3006
1608
1747
3007
1609
1748
3008
1610
1749
3009
1611
1750
3010
1612
1751
3011
1613
1752
3012
1614
1753
3013
1615
1754
3014
1616
1755
3015
1617
1756
3016
1618
1757
3017
1619
1758
3018
1620
1759
3019
1621
1760
3020
1622
1761
3021
1623
1762
3022
1624
1763
3023
1625
1764
3024
1626
1765
3025
1627
1766
3026
1628
1767
3027
1629
1768
3028
1630
1769
3029
1631
1770
3030
1632
1771
3031
1633
1772
3032
1634
1773
3033
1635
1774
3034
1636
1775
3035
1637
1776
3036
1638
1777
3037
1639
1778
3038
1640
1779
3039
1641
1780
3040
1642
1781
3041
1643
1782
3042
1644
1783
3043
1645
1784
3044
1646
1785
3045
1647
1786
3046
1648
1787
3047
1649
1788
3048
1650
1789
3049
1651
1790
3050
1652
1791
3051
1653
1792
3052
1654
1793
3053
1655
1794
3054
1656
1795
3055
1657
1796
3056
1658
1797
3057
1659
1798
3058
1660
1799
3059
1661
1800
3060
1662
1801
3061
1663
1802
3062
1664
1803
3063
1665
1804
3064
1666
1805
3065
1667
1806
3066
1668
1807
3067
1669
1808
3068
1670
1809
3069
1671
1810
3070
1672
1811
3071
1673
1812
3072
1674
1813
3073
1675
1814
3074
1676
1815
3075
1677
1816
3076
1678
1817
3077
1679
1818
3078
1819
3079
1681
1820
3080
1682
1821
3081
1683
1822
3082
1684
1823
3083
1685
1824
3084
1686
1825
3085
1687
1826
3086
1688
1827
3087
1689
1828
3088
1690
1829
3089
1691
1830
3090
1692
1831
3091
1693
1832
3092
1694
1833
3093
1695
1834
3094
1696
1835
3095
1697
1836
3096
1698
1837
3097
1699
1838
3098
1700
1839
3099
1701
1840
3100
1702
1841
3101
1703
1842
3102
1704
1843
3103
1705
1844
3104
1706
1845
3105
1707
1846
3106
1708
1847
3107
1709
1848
3108
1710
1849
3109
1711
1850
3110
1712
1851
3111
1713
1852
3112
1714
1853
3113
1715
1854
3114
1716
1855
3115
1717
1856
3116
1718
1857
3117
1719
1858
3118
1720
1859
3119
1721
1860
3120
1722
1861
3121
1723
1862
3122
1724
1863
3123
1725
1864
3124
1726
1865
3125
1727
1866
3126
1728
1867
3127
1729
1868
3128
1730
1869
3129
1731
1870
3130
1732
1871
3131
1733
1872
3132
1734
1873
3133
1735
1874
3134
1736
1875
3135
1737
1876
3136
1738
1877
3137
1739
1878
3138
1740
1879
3139
1741
1880
3140
1742
1881
3141
1743
1882
3142
1744
1883
3143
1745
1884
3144
1746
1885
3145
1747
1886
3146
1748
1887
3147
1749
1888
3148
1750
1889
3149
1751
1890
3150
1752
1891
3151
1753
1892
3152
1754
1893
3153
1755
1894
3154
1756
1895
3155
1757
1896
3156
1758
1897
3157
1759
1898
3158
1760
1899
3159
1761
1900
3160
1762
1901
3161
1763
1902
3162
1764
1903
3163
1765
1904
3164
1766
1905
3165
1767
1906
3166
1768
1907
3167
1769
1908
3168
1770
1909
3169
1771
1910
3170
1772
1911
3171
1773
1912
3172
1774
1913
3173
1775
1914
3174
1776
1915
3175
1777
1916
3176
1778
1917
3177
1779
1918
3178
1780
1919
3179
1781
1920
3180
1782
1921
3181
1783
1922
3182
1784
1923
3183
1785
1924
3184
1786
1925
3185
1787
1926
3186
1788
1927
3187
1789
1928
3188
1790
1929
3189
1791
1930
3190
1792
1931
3191
1793
1932
3192
1794
1933
3193
1795
1934
3194
1796
1935
3195
1797
1936
3196
1798
1937
3197
1799
1938
3198
1800
1939
3199
1801
1940
3200
1802
1941
3201
1803
1942
3202
1804
1943
3203
1805
1944
3204
1806
1945
3205
1807
1946
3206
1808
1947
3207
1809
1948
3208
1810
1949
3209
1811
1950
3210
1812
1951
3211
1813
1952
3212
1814
1953
3213
1815
1954
3214
1816
1955
3215
1817
1956
3216
1818
1957
3217
1819
1958
3218
1959
3219
1821
1960
3220
1822
1961
3221
1823
1962
3222
1824
1963
3223
1825
1964
3224
1826
1965
3225
1827
1966
3226
1828
1967
3227
1829
1968
3228
1830
1969
3229
1831
1970
3230
1832
1971
3231
1833
1972
3232
1834
1973
3233
1835
1974
3234
1836
1975
3235
1837
1976
3236
1838
1977
3237
1839
1978
3238
1840
1979
3239
1841
1980
3240
1842
1981
3241
1843
1982
3242
1844
1983
3243
1845
1984
3244
1846
1985
3245
1847
1986
3246
1848
1987
3247
1849
1988
3248
1850
1989
3249
1851
1990
3250
1852
1991
3251
1853
1992
3252
1854
1993
3253
1855
1994
3254
1856
1995
3255
1857
1996
3256
1858
1997
3257
1859
1998
3258
1860
1999
3259
1861
2000
3260
1862
2001
3261
1863
2002
3262
1864
2003
3263
1865
2004
3264
1866
2005
3265
1867
2006
3266
1868
2007
3267
1869
2008
3268
1870
2009
3269
1871
2010
3270
1872
2011
3271
1873
2012
3272
1874
2013
3273
1875
2014
3274
1876
2015
3275
1877
2016
3276
1878
2017
3277
1879
2018
3278
1880
2019
3279
1881
2020
3280
1882
2021
3281
1883
2022
3282
1884
2023
3283
1885
2024
3284
1886
2025
3285
1887
2026
3286
1888
2027
3287
1889
2028
3288
1890
2029
3289
1891
2030
3290
1892
2031
3291
1893
2032
3292
1894
2033
3293
1895
2034
3294
1896
2035
3295
1897
2036
3296
1898
2037
3297
1899
2038
3298
1900
2039
3299
1901
2040
3300
1902
2041
3301
1903
2042
3302
1904
2043
3303
1905
2044
3304
1906
2045
3305
1907
2046
3306
1908
2047
3307
1909
2048
3308
1910
2049
3309
1911
2050
3310
1912
2051
3311
1913
2052
3312
1914
2053
3313
1915
2054
3314
1916
2055
3315
1917
2056
3316
1918
2057
3317
1919
2058
3318
1920
2059
3319
1921
2060
3320
1922
2061
3321
1923
2062
3322
1924
2063
3323
1925
2064
3324
1926
2065
3325
1927
2066
3326
1928
2067
3327
1929
2068
3328
1930
2069
3329
1931
2070
3330
1932
2071
3331
1933
2072
3332
1934
2073
3333
1935
2074
3334
1936
2075
3335
1937
2076
3336
1938
2077
3337
1939
2078
3338
1940
2079
3339
1941
2080
3340
1942
2081
3341
1943
2082
3342
1944
2083
3343
1945
2084
3344
1946
2085
3345
1947
2086
3346
1948
2087
3347
1949
2088
3348
1950
2089
3349
1951
2090
3350
1952
2091
3351
1953
2092
3352
1954
2093
3353
1955
2094
3354
1956
2095
3355
1957
2096
3356
1958
2097
3357
1959
2098
3358
2099
3359
1961
2100
3360
1962
2101
3361
1963
2102
3362
1964
2103
3363
1965
2104
3364
1966
2105
3365
1967
2106
3366
1968
2107
3367
1969
2108
3368
1970
2109
3369
1971
2110
3370
1972
2111
3371
1973
2112
3372
1974
2113
3373
1975
2114
3374
1976
2115
3375
1977
2116
3376
1978
2117
3377
1979
2118
3378
1980
2119
3379
1981
2120
3380
1982
2121
3381
1983
2122
3382
1984
2123
3383
1985
2124
3384
1986
2125
3385
1987
2126
3386
1988
2127
3387
1989
2128
3388
1990
2129
3389
1991
2130
3390
1992
2131
3391
1993
2132
3392
1994
2133
3393
1995
2134
3394
1996
2135
3395
1997
2136
3396
1998
2137
3397
1999
2138
3398
2000
2139
3399
2001
2140
3400
2002
2141
3401
2003
2142
3402
2004
2143
3403
2005
2144
3404
2006
2145
3405
2007
2146
3406
2008
2147
3407
2009
2148
3408
2010
2149
3409
2011
2150
3410
2012
2151
3411
2013
2152
3412
2014
2153
3413
2015
2154
3414
2016
2155
3415
2017
2156
3416
2018
2157
3417
2019
2158
3418
2020
2159
3419
2021
2160
3420
2022
2161
3421
2023
2162
3422
2024
2163
3423
2025
2164
3424
2026
2165
3425
2027
2166
3426
2028
2167
3427
2029
2168
3428
2030
2169
3429
2031
2170
3430
2032
2171
3431
2033
2172
3432
2034
2173
3433
2035
2174
3434
2036
2175
3435
2037
2176
3436
2038
2177
3437
2039
2178
3438
2040
2179
3439
2041
2180
3440
2042
2181
3441
2043
2182
3442
2044
2183
3443
2045
2184
3444
2046
2185
3445
2047
2186
3446
2048
2187
3447
2049
2188
3448
2050
2189
3449
2051
2190
3450
2052
2191
3451
2053
2192
3452
2054
2193
3453
2055
2194
3454
2056
2195
3455
2057
2196
3456
2058
2197
3457
2059
2198
3458
2060
2199
3459
2061
2200
3460
2062
2201
3461
2063
2202
3462
2064
2203
3463
2065
2204
3464
2066
2205
3465
2067
2206
3466
2068
2207
3467
2069
2208
3468
2070
2209
3469
2071
2210
3470
2072
2211
3471
2073
2212
3472
2074
2213
3473
2075
2214
3474
2076
2215
3475
2077
2216
3476
2078
2217
3477
2079
2218
3478
2080
2219
3479
2081
2220
3480
2082
2221
3481
2083
2222
3482
2084
2223
3483
2085
2224
3484
2086
2225
3485
2087
2226
3486
2088
2227
3487
2089
2228
3488
2090
2229
3489
2091
2230
3490
2092
2231
3491
2093
2232
3492
2094
2233
3493
2095
2234
3494
2096
2235
3495
2097
2236
3496
2098
2237
3497
2099
2238
3498
2239
3499
2101
2240
3500
2102
2241
3501
2103
2242
3502
2104
2243
3503
2105
2244
3504
2106
2245
3505
2107
2246
3506
2108
2247
3507
2109
2248
3508
2110
2249
3509
2111
2250
3510
2112
2251
3511
2113
2252
3512
2114
2253
3513
2115
2254
3514
2116
2255
3515
2117
2256
3516
2118
2257
3517
2119
2258
3518
2120
2259
3519
2121
2260
3520
2122
2261
3521
2123
2262
3522
2124
2263
3523
2125
2264
3524
2126
2265
3525
2127
2266
3526
2128
2267
3527
2129
2268
3528
2130
2269
3529
2131
2270
3530
2132
2271
3531
2133
2272
3532
2134
2273
3533
2135
2274
3534
2136
2275
3535
2137
2276
3536
2138
2277
3537
2139
2278
3538
2140
2279
3539
2141
2280
3540
2142
2281
3541
2143
2282
3542
2144
2283
3543
2145
2284
3544
2146
2285
3545
2147
2286
3546
2148
2287
3547
2149
2288
3548
2150
2289
3549
2151
2290
3550
2152
2291
3551
2153
2292
3552
2154
2293
3553
2155
2294
3554
2156
2295
3555
2157
2296
3556
2158
2297
3557
2159
2298
3558
2160
2299
3559
2161
2300
3560
2162
2301
3561
2163
2302
3562
2164
2303
3563
2165
2304
3564
2166
2305
3565
2167
2306
3566
2168
2307
3567
2169
2308
3568
2170
2309
3569
2171
2310
3570
2172
2311
3571
2173
2312
3572
2174
2313
3573
2175
2314
3574
2176
2315
3575
2177
2316
3576
2178
2317
3577
2179
2318
3578
2180
2319
3579
2181
2320
3580
2182
2321
3581
2183
2322
3582
2184
2323
3583
2185
2324
3584
2186
2325
3585
2187
2326
3586
2188
2327
3587
2189
2328
3588
2190
2329
3589
2191
2330
3590
2192
2331
3591
2193
2332
3592
2194
2333
3593
2195
2334
3594
2196
2335
3595
2197
2336
3596
2198
2337
3597
2199
2338
3598
2200
2339
3599
2201
2340
3600
2202
2341
3601
2203
2342
3602
2204
2343
3603
2205
2344
3604
2206
2345
3605
2207
2346
3606
2208
2347
3607
2209
2348
3608
2210
2349
3609
2211
2350
3610
2212
2351
3611
2213
2352
3612
2214
2353
3613
2215
2354
3614
2216
2355
3615
2217
2356
3616
2218
2357
3617
2219
2358
3618
2220
2359
3619
2221
2360
3620
2222
2361
3621
2223
2362
3622
2224
2363
3623
2225
2364
3624
2226
2365
3625
2227
2366
3626
2228
2367
3627
2229
2368
3628
2230
2369
3629
2231
2370
3630
2232
2371
3631
2233
2372
3632
2234
2373
3633
2235
2374
3634
2236
2375
3635
2237
2376
3636
2238
2377
3637
2239
2378
3638
2379
3639
2241
2380
3640
2242
2381
3641
2243
2382
3642
2244
2383
3643
2245
2384
3644
2246
2385
3645
2247
2386
3646
2248
2387
3647
2249
2388
3648
2250
2389
3649
2251
2390
3650
2252
2391
3651
2253
2392
3652
2254
2393
3653
2255
2394
3654
2256
2395
3655
2257
2396
3656
2258
2397
3657
2259
2398
3658
2260
2399
3659
2261
2400
3660
2262
2401
3661
2263
2402
3662
2264
2403
3663
2265
2404
3664
2266
2405
3665
2267
2406
3666
2268
2407
3667
2269
2408
3668
2270
2409
3669
2271
2410
3670
2272
2411
3671
2273
2412
3672
2274
2413
3673
2275
2414
3674
2276
2415
3675
2277
2416
3676
2278
2417
3677
2279
2418
3678
2280
2419
3679
2281
2420
3680
2282
2421
3681
2283
2422
3682
2284
2423
3683
2285
2424
3684
2286
2425
3685
2287
2426
3686
2288
2427
3687
2289
2428
3688
2290
2429
3689
2291
2430
3690
2292
2431
3691
2293
2432
3692
2294
2433
3693
2295
2434
3694
2296
2435
3695
2297
2436
3696
2298
2437
3697
2299
2438
3698
2300
2439
3699
2301
2440
3700
2302
2441
3701
2303
2442
3702
2304
2443
3703
2305
2444
3704
2306
2445
3705
2307
2446
3706
2308
2447
3707
2309
2448
3708
2310
2449
3709
2311
2450
3710
2312
2451
3711
2313
2452
3712
2314
2453
3713
2315
2454
3714
2316
2455
3715
2317
2456
3716
2318
2457
3717
2319
2458
3718
2320
2459
3719
2321
2460
3720
2322
2461
3721
2323
2462
3722
2324
2463
3723
2325
2464
3724
2326
2465
3725
2327
2466
3726
2328
2467
3727
2329
2468
3728
2330
2469
3729
2331
2470
3730
2332
2471
3731
2333
2472
3732
2334
2473
3733
2335
2474
3734
2336
2475
3735
2337
2476
3736
2338
2477
3737
2339
2478
3738
2340
2479
3739
2341
2480
3740
2342
2481
3741
2343
2482
3742
2344
2483
3743
2345
2484
3744
2346
2485
3745
2347
2486
3746
2348
2487
3747
2349
2488
3748
2350
2489
3749
2351
2490
3750
2352
2491
3751
2353
2492
3752
2354
2493
3753
2355
2494
3754
2356
2495
3755
2357
2496
3756
2358
2497
3757
2359
2498
3758
2360
2499
3759
2361
2500
3760
2362
2501
3761
2363
2502
3762
2364
2503
3763
2365
2504
3764
2366
2505
3765
2367
2506
3766
2368
2507
3767
2369
2508
3768
2370
2509
3769
2371
2510
3770
2372
2511
3771
2373
2512
3772
2374
2513
3773
2375
2514
3774
2376
2515
3775
2377
2516
3776
2378
2517
3777
2379
2518
3778
2519
3779
2381
2520
3780
2382
2521
3781
2383
2522
3782
2384
2523
3783
2385
2524
3784
2386
2525
3785
2387
2526
3786
2388
2527
3787
2389
2528
3788
2390
2529
3789
2391
2530
3790
2392
2531
3791
2393
2532
3792
2394
2533
3793
2395
2534
3794
2396
2535
3795
2397
2536
3796
2398
2537
3797
2399
2538
3798
2400
2539
3799
2401
2540
3800
2402
2541
3801
2403
2542
3802
2404
2543
3803
2405
2544
3804
2406
2545
3805
2407
2546
3806
2408
2547
3807
2409
2548
3808
2410
2549
3809
2411
2550
3810
2412
2551
3811
2413
2552
3812
2414
2553
3813
2415
2554
3814
2416
2555
3815
2417
2556
3816
2418
2557
3817
2419
2558
3818
2420
2559
3819
2421
2560
3820
2422
2561
3821
2423
2562
3822
2424
2563
3823
2425
2564
3824
2426
2565
3825
2427
2566
3826
2428
2567
3827
2429
2568
3828
2430
2569
3829
2431
2570
3830
2432
2571
3831
2433
2572
3832
2434
2573
3833
2435
2574
3834
2436
2575
3835
2437
2576
3836
2438
2577
3837
2439
2578
3838
2440
2579
3839
2441
2580
3840
2442
2581
3841
2443
2582
3842
2444
2583
3843
2445
2584
3844
2446
2585
3845
2447
2586
3846
2448
2587
3847
2449
2588
3848
2450
2589
3849
2451
2590
3850
2452
2591
3851
2453
2592
3852
2454
2593
3853
2455
2594
3854
2456
2595
3855
2457
2596
3856
2458
2597
3857
2459
2598
3858
2460
2599
3859
2461
2600
3860
2462
2601
3861
2463
2602
3862
2464
2603
3863
2465
2604
3864
2466
2605
3865
2467
2606
3866
2468
2607
3867
2469
2608
3868
2470
2609
3869
2471
2610
3870
2472
2611
3871
2473
2612
3872
2474
2613
3873
2475
2614
3874
2476
2615
3875
2477
2616
3876
2478
2617
3877
2479
2618
3878
2480
2619
3879
2481
2620
3880
2482
2621
3881
2483
2622
3882
2484
2623
3883
2485
2624
3884
2486
2625
3885
2487
2626
3886
2488
2627
3887
2489
2628
3888
2490
2629
3889
2491
2630
3890
2492
2631
3891
2493
2632
3892
2494
2633
3893
2495
2634
3894
2496
2635
3895
2497
2636
3896
2498
2637
3897
2499
2638
3898
2500
2639
3899
2501
2640
3900
2502
2641
3901
2503
2642
3902
2504
2643
3903
2505
2644
3904
2506
2645
3905
2507
2646
3906
2508
2647
3907
2509
2648
3908
2510
2649
3909
2511
2650
3910
2512
2651
3911
2513
2652
3912
2514
2653
3913
2515
2654
3914
2516
2655
3915
2517
2656
3916
2518
2657
3917
2519
2658
3918
2659
3919
2521
2660
3920
2522
2661
3921
2523
2662
3922
2524
2663
3923
2525
2664
3924
2526
2665
3925
2527
2666
3926
2528
2667
3927
2529
2668
3928
2530
2669
3929
2531
2670
3930
2532
2671
3931
2533
2672
3932
2534
2673
3933
2535
2674
3934
2536
2675
3935
2537
2676
3936
2538
2677
3937
2539
2678
3938
2540
2679
3939
2541
2680
3940
2542
2681
3941
2543
2682
3942
2544
2683
3943
2545
2684
3944
2546
2685
3945
2547
2686
3946
2548
2687
3947
2549
2688
3948
2550
2689
3949
2551
2690
3950
2552
2691
3951
2553
2692
3952
2554
2693
3953
2555
2694
3954
2556
2695
3955
2557
2696
3956
2558
2697
3957
2559
2698
3958
2560
2699
3959
2561
2700
3960
2562
2701
3961
2563
2702
3962
2564
2703
3963
2565
2704
3964
2566
2705
3965
2567
2706
3966
2568
2707
3967
2569
2708
3968
2570
2709
3969
2571
2710
3970
2572
2711
3971
2573
2712
3972
2574
2713
3973
2575
2714
3974
2576
2715
3975
2577
2716
3976
2578
2717
3977
2579
2718
3978
2580
2719
3979
2581
2720
3980
2582
2721
3981
2583
2722
3982
2584
2723
3983
2585
2724
3984
2586
2725
3985
2587
2726
3986
2588
2727
3987
2589
2728
3988
2590
2729
3989
2591
2730
3990
2592
2731
3991
2593
2732
3992
2594
2733
3993
2595
2734
3994
2596
2735
3995
2597
2736
3996
2598
2737
3997
2599
2738
3998
2600
2739
3999
2601
2740
4000
2602
2741
4001
2603
2742
4002
2604
2743
4003
2605
2744
4004
2606
2745
4005
2607
2746
4006
2608
2747
4007
2609
2748
4008
2610
2749
4009
2611
2750
4010
2612
2751
4011
2613
2752
4012
2614
2753
4013
2615
2754
4014
2616
2755
4015
2617
2756
4016
2618
2757
4017
2619
2758
4018
2620
2759
4019
2621
2760
4020
2622
2761
4021
2623
2762
4022
2624
2763
4023
2625
2764
4024
2626
2765
4025
2627
2766
4026
2628
2767
4027
2629
2768
4028
2630
2769
4029
2631
2770
4030
2632
2771
4031
2633
2772
4032
2634
2773
4033
2635
2774
4034
2636
2775
4035
2637
2776
4036
2638
2777
4037
2639
2778
4038
2640
2779
4039
2641
2780
4040
2642
2781
4041
2643
2782
4042
2644
2783
4043
2645
2784
4044
2646
2785
4045
2647
2786
4046
2648
2787
4047
2649
2788
4048
2650
2789
4049
2651
2790
4050
2652
2791
4051
2653
2792
4052
2654
2793
4053
2655
2794
4054
2656
2795
4055
2657
2796
4056
2658
2797
4057
2659
2798
4058
2799
4059
2661
4060
2662
4061
2663
4062
2664
4063
2665
4064
2666
4065
2667
4066
2668
4067
2669
4068
2670
4069
2671
4070
2672
4071
2673
4072
2674
4073
2675
4074
2676
4075
2677
4076
2678
4077
2679
4078
2680
4079
2681
4080
2682
4081
2683
4082
2684
4083
2685
4084
2686
4085
2687
4086
2688
4087
2689
4088
2690
4089
2691
4090
2692
4091
2693
4092
2694
4093
2695
4094
2696
4095
2697
4096
2698
4097
2699
4098
2700
4099
2701
4100
2702
4101
2703
4102
2704
4103
2705
4104
2706
4105
2707
4106
2708
4107
2709
4108
2710
4109
2711
4110
2712
4111
2713
4112
2714
4113
2715
4114
2716
4115
2717
4116
2718
4117
2719
4118
2720
4119
2721
4120
2722
4121
2723
4122
2724
4123
2725
4124
2726
4125
2727
4126
2728
4127
2729
4128
2730
4129
2731
4130
2732
4131
2733
4132
2734
4133
2735
4134
2736
4135
2737
4136
2738
4137
2739
4138
2740
4139
2741
4140
2742
4141
2743
4142
2744
4143
2745
4144
2746
4145
2747
4146
2748
4147
2749
4148
2750
4149
2751
4150
2752
4151
2753
4152
2754
4153
2755
4154
2756
4155
2757
4156
2758
4157
2759
4158
2760
4159
2761
4160
2762
4161
2763
4162
2764
4163
2765
4164
2766
4165
2767
4166
2768
4167
2769
4168
2770
4169
2771
4170
2772
4171
2773
4172
2774
4173
2775
4174
2776
4175
2777
4176
2778
4177
2779
4178
2780
4179
2781
4180
2782
4181
2783
4182
2784
4183
2785
4184
2786
4185
2787
4186
2788
4187
2789
4188
2790
4189
2791
4190
2792
4191
2793
4192
2794
4193
2795
4194
2796
4195
2797
4196
2798
4197
2799
4198
4199
2801
2940
4200
2802
2941
4201
2803
2942
4202
2804
2943
4203
2805
2944
4204
2806
2945
4205
2807
2946
4206
2808
2947
4207
2809
2948
4208
2810
2949
4209
2811
2950
4210
2812
2951
4211
2813
2952
4212
2814
2953
4213
2815
2954
4214
2816
2955
4215
2817
2956
4216
2818
2957
4217
2819
2958
4218
2820
2959
4219
2821
2960
4220
2822
2961
4221
2823
2962
4222
2824
2963
4223
2825
2964
4224
2826
2965
4225
2827
2966
4226
2828
2967
4227
2829
2968
4228
2830
2969
4229
2831
2970
4230
2832
2971
4231
2833
2972
4232
2834
2973
4233
2835
2974
4234
2836
2975
4235
2837
2976
4236
2838
2977
4237
2839
2978
4238
2840
2979
4239
2841
2980
4240
2842
2981
4241
2843
2982
4242
2844
2983
4243
2845
2984
4244
2846
2985
4245
2847
2986
4246
2848
2987
4247
2849
2988
4248
2850
2989
4249
2851
2990
4250
2852
2991
4251
2853
2992
4252
2854
2993
4253
2855
2994
4254
2856
2995
4255
2857
2996
4256
2858
2997
4257
2859
2998
4258
2860
2999
4259
2861
3000
4260
2862
3001
4261
2863
3002
4262
2864
3003
4263
2865
3004
4264
2866
3005
4265
2867
3006
4266
2868
3007
4267
2869
3008
4268
2870
3009
4269
2871
3010
4270
2872
3011
4271
2873
3012
4272
2874
3013
4273
2875
3014
4274
2876
3015
4275
2877
3016
4276
2878
3017
4277
2879
3018
4278
2880
3019
4279
2881
3020
4280
2882
3021
4281
2883
3022
4282
2884
3023
4283
2885
3024
4284
2886
3025
4285
2887
3026
4286
2888
3027
4287
2889
3028
4288
2890
3029
4289
2891
3030
4290
2892
3031
4291
2893
3032
4292
2894
3033
4293
2895
3034
4294
2896
3035
4295
2897
3036
4296
2898
3037
4297
2899
3038
4298
2900
3039
4299
2901
3040
4300
2902
3041
4301
2903
3042
4302
2904
3043
4303
2905
3044
4304
2906
3045
4305
2907
3046
4306
2908
3047
4307
2909
3048
4308
2910
3049
4309
2911
3050
4310
2912
3051
4311
2913
3052
4312
2914
3053
4313
2915
3054
4314
2916
3055
4315
2917
3056
4316
2918
3057
4317
2919
3058
4318
2920
3059
4319
2921
3060
4320
2922
3061
4321
2923
3062
4322
2924
3063
4323
2925
3064
4324
2926
3065
4325
2927
3066
4326
2928
3067
4327
2929
3068
4328
2930
3069
4329
2931
3070
4330
2932
3071
4331
2933
3072
4332
2934
3073
4333
2935
3074
4334
2936
3075
4335
2937
3076
4336
2938
3077
4337
2939
3078
4338
3079
4339
2941
3080
4340
2942
3081
4341
2943
3082
4342
2944
3083
4343
2945
3084
4344
2946
3085
4345
2947
3086
4346
2948
3087
4347
2949
3088
4348
2950
3089
4349
2951
3090
4350
2952
3091
4351
2953
3092
4352
2954
3093
4353
2955
3094
4354
2956
3095
4355
2957
3096
4356
2958
3097
4357
2959
3098
4358
2960
3099
4359
2961
3100
4360
2962
3101
4361
2963
3102
4362
2964
3103
4363
2965
3104
4364
2966
3105
4365
2967
3106
4366
2968
3107
4367
2969
3108
4368
2970
3109
4369
2971
3110
4370
2972
3111
4371
2973
3112
4372
2974
3113
4373
2975
3114
4374
2976
3115
4375
2977
3116
4376
2978
3117
4377
2979
3118
4378
2980
3119
4379
2981
3120
4380
2982
3121
4381
2983
3122
4382
2984
3123
4383
2985
3124
4384
2986
3125
4385
2987
3126
4386
2988
3127
4387
2989
3128
4388
2990
3129
4389
2991
3130
4390
2992
3131
4391
2993
3132
4392
2994
3133
4393
2995
3134
4394
2996
3135
4395
2997
3136
4396
2998
3137
4397
2999
3138
4398
3000
3139
4399
3001
3140
4400
3002
3141
4401
3003
3142
4402
3004
3143
4403
3005
3144
4404
3006
3145
4405
3007
3146
4406
3008
3147
4407
3009
3148
4408
3010
3149
4409
3011
3150
4410
3012
3151
4411
3013
3152
4412
3014
3153
4413
3015
3154
4414
3016
3155
4415
3017
3156
4416
3018
3157
4417
3019
3158
4418
3020
3159
4419
3021
3160
4420
3022
3161
4421
3023
3162
4422
3024
3163
4423
3025
3164
4424
3026
3165
4425
3027
3166
4426
3028
3167
4427
3029
3168
4428
3030
3169
4429
3031
3170
4430
3032
3171
4431
3033
3172
4432
3034
3173
4433
3035
3174
4434
3036
3175
4435
3037
3176
4436
3038
3177
4437
3039
3178
4438
3040
3179
4439
3041
3180
4440
3042
3181
4441
3043
3182
4442
3044
3183
4443
3045
3184
4444
3046
3185
4445
3047
3186
4446
3048
3187
4447
3049
3188
4448
3050
3189
4449
3051
3190
4450
3052
3191
4451
3053
3192
4452
3054
3193
4453
3055
3194
4454
3056
3195
4455
3057
3196
4456
3058
3197
4457
3059
3198
4458
3060
3199
4459
3061
3200
4460
3062
3201
4461
3063
3202
4462
3064
3203
4463
3065
3204
4464
3066
3205
4465
3067
3206
4466
3068
3207
4467
3069
3208
4468
3070
3209
4469
3071
3210
4470
3072
3211
4471
3073
3212
4472
3074
3213
4473
3075
3214
4474
3076
3215
4475
3077
3216
4476
3078
3217
4477
3079
3218
4478
3219
4479
3081
3220
4480
3082
3221
4481
3083
3222
4482
3084
3223
4483
3085
3224
4484
3086
3225
4485
3087
3226
4486
3088
3227
4487
3089
3228
4488
3090
3229
4489
3091
3230
4490
3092
3231
4491
3093
3232
4492
3094
3233
4493
3095
3234
4494
3096
3235
4495
3097
3236
4496
3098
3237
4497
3099
3238
4498
3100
3239
4499
3101
3240
4500
3102
3241
4501
3103
3242
4502
3104
3243
4503
3105
3244
4504
3106
3245
4505
3107
3246
4506
3108
3247
4507
3109
3248
4508
3110
3249
4509
3111
3250
4510
3112
3251
4511
3113
3252
4512
3114
3253
4513
3115
3254
4514
3116
3255
4515
3117
3256
4516
3118
3257
4517
3119
3258
4518
3120
3259
4519
3121
3260
4520
3122
3261
4521
3123
3262
4522
3124
3263
4523
3125
3264
4524
3126
3265
4525
3127
3266
4526
3128
3267
4527
3129
3268
4528
3130
3269
4529
3131
3270
4530
3132
3271
4531
3133
3272
4532
3134
3273
4533
3135
3274
4534
3136
3275
4535
3137
3276
4536
3138
3277
4537
3139
3278
4538
3140
3279
4539
3141
3280
4540
3142
3281
4541
3143
3282
4542
3144
3283
4543
3145
3284
4544
3146
3285
4545
3147
3286
4546
3148
3287
4547
3149
3288
4548
3150
3289
4549
3151
3290
4550
3152
3291
4551
3153
3292
4552
3154
3293
4553
3155
3294
4554
3156
3295
4555
3157
3296
4556
3158
3297
4557
3159
3298
4558
3160
3299
4559
3161
3300
4560
3162
3301
4561
3163
3302
4562
3164
3303
4563
3165
3304
4564
3166
3305
4565
3167
3306
4566
3168
3307
4567
3169
3308
4568
3170
3309
4569
3171
3310
4570
3172
3311
4571
3173
3312
4572
3174
3313
4573
3175
3314
4574
3176
3315
4575
3177
3316
4576
3178
3317
4577
3179
3318
4578
3180
3319
4579
3181
3320
4580
3182
3321
4581
3183
3322
4582
3184
3323
4583
3185
3324
4584
3186
3325
4585
3187
3326
4586
3188
3327
4587
3189
3328
4588
3190
3329
4589
3191
3330
4590
3192
3331
4591
3193
3332
4592
3194
3333
4593
3195
3334
4594
3196
3335
4595
3197
3336
4596
3198
3337
4597
3199
3338
4598
3200
3339
4599
3201
3340
4600
3202
3341
4601
3203
3342
4602
3204
3343
4603
3205
3344
4604
3206
3345
4605
3207
3346
4606
3208
3347
4607
3209
3348
4608
3210
3349
4609
3211
3350
4610
3212
3351
4611
3213
3352
4612
3214
3353
4613
3215
3354
4614
3216
3355
4615
3217
3356
4616
3218
3357
4617
3219
3358
4618
3359
4619
3221
3360
4620
3222
3361
4621
3223
3362
4622
3224
3363
4623
3225
3364
4624
3226
3365
4625
3227
3366
4626
3228
3367
4627
3229
3368
4628
3230
3369
4629
3231
3370
4630
3232
3371
4631
3233
3372
4632
3234
3373
4633
3235
3374
4634
3236
3375
4635
3237
3376
4636
3238
3377
4637
3239
3378
4638
3240
3379
4639
3241
3380
4640
3242
3381
4641
3243
3382
4642
3244
3383
4643
3245
3384
4644
3246
3385
4645
3247
3386
4646
3248
3387
4647
3249
3388
4648
3250
3389
4649
3251
3390
4650
3252
3391
4651
3253
3392
4652
3254
3393
4653
3255
3394
4654
3256
3395
4655
3257
3396
4656
3258
3397
4657
3259
3398
4658
3260
3399
4659
3261
3400
4660
3262
3401
4661
3263
3402
4662
3264
3403
4663
3265
3404
4664
3266
3405
4665
3267
3406
4666
3268
3407
4667
3269
3408
4668
3270
3409
4669
3271
3410
4670
3272
3411
4671
3273
3412
4672
3274
3413
4673
3275
3414
4674
3276
3415
4675
3277
3416
4676
3278
3417
4677
3279
3418
4678
3280
3419
4679
3281
3420
4680
3282
3421
4681
3283
3422
4682
3284
3423
4683
3285
3424
4684
3286
3425
4685
3287
3426
4686
3288
3427
4687
3289
3428
4688
3290
3429
4689
3291
3430
4690
3292
3431
4691
3293
3432
4692
3294
3433
4693
3295
3434
4694
3296
3435
4695
3297
3436
4696
3298
3437
4697
3299
3438
4698
3300
3439
4699
3301
3440
4700
3302
3441
4701
3303
3442
4702
3304
3443
4703
3305
3444
4704
3306
3445
4705
3307
3446
4706
3308
3447
4707
3309
3448
4708
3310
3449
4709
3311
3450
4710
3312
3451
4711
3313
3452
4712
3314
3453
4713
3315
3454
4714
3316
3455
4715
3317
3456
4716
3318
3457
4717
3319
3458
4718
3320
3459
4719
3321
3460
4720
3322
3461
4721
3323
3462
4722
3324
3463
4723
3325
3464
4724
3326
3465
4725
3327
3466
4726
3328
3467
4727
3329
3468
4728
3330
3469
4729
3331
3470
4730
3332
3471
4731
3333
3472
4732
3334
3473
4733
3335
3474
4734
3336
3475
4735
3337
3476
4736
3338
3477
4737
3339
3478
4738
3340
3479
4739
3341
3480
4740
3342
3481
4741
3343
3482
4742
3344
3483
4743
3345
3484
4744
3346
3485
4745
3347
3486
4746
3348
3487
4747
3349
3488
4748
3350
3489
4749
3351
3490
4750
3352
3491
4751
3353
3492
4752
3354
3493
4753
3355
3494
4754
3356
3495
4755
3357
3496
4756
3358
3497
4757
3359
3498
4758
3499
4759
3361
3500
4760
3362
3501
4761
3363
3502
4762
3364
3503
4763
3365
3504
4764
3366
3505
4765
3367
3506
4766
3368
3507
4767
3369
3508
4768
3370
3509
4769
3371
3510
4770
3372
3511
4771
3373
3512
4772
3374
3513
4773
3375
3514
4774
3376
3515
4775
3377
3516
4776
3378
3517
4777
3379
3518
4778
3380
3519
4779
3381
3520
4780
3382
3521
4781
3383
3522
4782
3384
3523
4783
3385
3524
4784
3386
3525
4785
3387
3526
4786
3388
3527
4787
3389
3528
4788
3390
3529
4789
3391
3530
4790
3392
3531
4791
3393
3532
4792
3394
3533
4793
3395
3534
4794
3396
3535
4795
3397
3536
4796
3398
3537
4797
3399
3538
4798
3400
3539
4799
3401
3540
4800
3402
3541
4801
3403
3542
4802
3404
3543
4803
3405
3544
4804
3406
3545
4805
3407
3546
4806
3408
3547
4807
3409
3548
4808
3410
3549
4809
3411
3550
4810
3412
3551
4811
3413
3552
4812
3414
3553
4813
3415
3554
4814
3416
3555
4815
3417
3556
4816
3418
3557
4817
3419
3558
4818
3420
3559
4819
3421
3560
4820
3422
3561
4821
3423
3562
4822
3424
3563
4823
3425
3564
4824
3426
3565
4825
3427
3566
4826
3428
3567
4827
3429
3568
4828
3430
3569
4829
3431
3570
4830
3432
3571
4831
3433
3572
4832
3434
3573
4833
3435
3574
4834
3436
3575
4835
3437
3576
4836
3438
3577
4837
3439
3578
4838
3440
3579
4839
3441
3580
4840
3442
3581
4841
3443
3582
4842
3444
3583
4843
3445
3584
4844
3446
3585
4845
3447
3586
4846
3448
3587
4847
3449
3588
4848
3450
3589
4849
3451
3590
4850
3452
3591
4851
3453
3592
4852
3454
3593
4853
3455
3594
4854
3456
3595
4855
3457
3596
4856
3458
3597
4857
3459
3598
4858
3460
3599
4859
3461
3600
4860
3462
3601
4861
3463
3602
4862
3464
3603
4863
3465
3604
4864
3466
3605
4865
3467
3606
4866
3468
3607
4867
3469
3608
4868
3470
3609
4869
3471
3610
4870
3472
3611
4871
3473
3612
4872
3474
3613
4873
3475
3614
4874
3476
3615
4875
3477
3616
4876
3478
3617
4877
3479
3618
4878
3480
3619
4879
3481
3620
4880
3482
3621
4881
3483
3622
4882
3484
3623
4883
3485
3624
4884
3486
3625
4885
3487
3626
4886
3488
3627
4887
3489
3628
4888
3490
3629
4889
3491
3630
4890
3492
3631
4891
3493
3632
4892
3494
3633
4893
3495
3634
4894
3496
3635
4895
3497
3636
4896
3498
3637
4897
3499
3638
4898
3639
4899
3501
3640
4900
3502
3641
4901
3503
3642
4902
3504
3643
4903
3505
3644
4904
3506
3645
4905
3507
3646
4906
3508
3647
4907
3509
3648
4908
3510
3649
4909
3511
3650
4910
3512
3651
4911
3513
3652
4912
3514
3653
4913
3515
3654
4914
3516
3655
4915
3517
3656
4916
3518
3657
4917
3519
3658
4918
3520
3659
4919
3521
3660
4920
3522
3661
4921
3523
3662
4922
3524
3663
4923
3525
3664
4924
3526
3665
4925
3527
3666
4926
3528
3667
4927
3529
3668
4928
3530
3669
4929
3531
3670
4930
3532
3671
4931
3533
3672
4932
3534
3673
4933
3535
3674
4934
3536
3675
4935
3537
3676
4936
3538
3677
4937
3539
3678
4938
3540
3679
4939
3541
3680
4940
3542
3681
4941
3543
3682
4942
3544
3683
4943
3545
3684
4944
3546
3685
4945
3547
3686
4946
3548
3687
4947
3549
3688
4948
3550
3689
4949
3551
3690
4950
3552
3691
4951
3553
3692
4952
3554
3693
4953
3555
3694
4954
3556
3695
4955
3557
3696
4956
3558
3697
4957
3559
3698
4958
3560
3699
4959
3561
3700
4960
3562
3701
4961
3563
3702
4962
3564
3703
4963
3565
3704
4964
3566
3705
4965
3567
3706
4966
3568
3707
4967
3569
3708
4968
3570
3709
4969
3571
3710
4970
3572
3711
4971
3573
3712
4972
3574
3713
4973
3575
3714
4974
3576
3715
4975
3577
3716
4976
3578
3717
4977
3579
3718
4978
3580
3719
4979
3581
3720
4980
3582
3721
4981
3583
3722
4982
3584
3723
4983
3585
3724
4984
3586
3725
4985
3587
3726
4986
3588
3727
4987
3589
3728
4988
3590
3729
4989
3591
3730
4990
3592
3731
4991
3593
3732
4992
3594
3733
4993
3595
3734
4994
3596
3735
4995
3597
3736
4996
3598
3737
4997
3599
3738
4998
3600
3739
4999
3601
3740
5000
3602
3741
5001
3603
3742
5002
3604
3743
5003
3605
3744
5004
3606
3745
5005
3607
3746
5006
3608
3747
5007
3609
3748
5008
3610
3749
5009
3611
3750
5010
3612
3751
5011
3613
3752
5012
3614
3753
5013
3615
3754
5014
3616
3755
5015
3617
3756
5016
3618
3757
5017
3619
3758
5018
3620
3759
5019
3621
3760
5020
3622
3761
5021
3623
3762
5022
3624
3763
5023
3625
3764
5024
3626
3765
5025
3627
3766
5026
3628
3767
5027
3629
3768
5028
3630
3769
5029
3631
3770
5030
3632
3771
5031
3633
3772
5032
3634
3773
5033
3635
3774
5034
3636
3775
5035
3637
3776
5036
3638
3777
5037
3639
3778
5038
3779
5039
3641
3780
5040
3642
3781
5041
3643
3782
5042
3644
3783
5043
3645
3784
5044
3646
3785
5045
3647
3786
5046
3648
3787
5047
3649
3788
5048
3650
3789
5049
3651
3790
5050
3652
3791
5051
3653
3792
5052
3654
3793
5053
3655
3794
5054
3656
3795
5055
3657
3796
5056
3658
3797
5057
3659
3798
5058
3660
3799
5059
3661
3800
5060
3662
3801
5061
3663
3802
5062
3664
3803
5063
3665
3804
5064
3666
3805
5065
3667
3806
5066
3668
3807
5067
3669
3808
5068
3670
3809
5069
3671
3810
5070
3672
3811
5071
3673
3812
5072
3674
3813
5073
3675
3814
5074
3676
3815
5075
3677
3816
5076
3678
3817
5077
3679
3818
5078
3680
3819
5079
3681
3820
5080
3682
3821
5081
3683
3822
5082
3684
3823
5083
3685
3824
5084
3686
3825
5085
3687
3826
5086
3688
3827
5087
3689
3828
5088
3690
3829
5089
3691
3830
5090
3692
3831
5091
3693
3832
5092
3694
3833
5093
3695
3834
5094
3696
3835
5095
3697
3836
5096
3698
3837
5097
3699
3838
5098
3700
3839
5099
3701
3840
5100
3702
3841
5101
3703
3842
5102
3704
3843
5103
3705
3844
5104
3706
3845
5105
3707
3846
5106
3708
3847
5107
3709
3848
5108
3710
3849
5109
3711
3850
5110
3712
3851
5111
3713
3852
5112
3714
3853
5113
3715
3854
5114
3716
3855
5115
3717
3856
5116
3718
3857
5117
3719
3858
5118
3720
3859
5119
3721
3860
5120
3722
3861
5121
3723
3862
5122
3724
3863
5123
3725
3864
5124
3726
3865
5125
3727
3866
5126
3728
3867
5127
3729
3868
5128
3730
3869
5129
3731
3870
5130
3732
3871
5131
3733
3872
5132
3734
3873
5133
3735
3874
5134
3736
3875
5135
3737
3876
5136
3738
3877
5137
3739
3878
5138
3740
3879
5139
3741
3880
5140
3742
3881
5141
3743
3882
5142
3744
3883
5143
3745
3884
5144
3746
3885
5145
3747
3886
5146
3748
3887
5147
3749
3888
5148
3750
3889
5149
3751
3890
5150
3752
3891
5151
3753
3892
5152
3754
3893
5153
3755
3894
5154
3756
3895
5155
3757
3896
5156
3758
3897
5157
3759
3898
5158
3760
3899
5159
3761
3900
5160
3762
3901
5161
3763
3902
5162
3764
3903
5163
3765
3904
5164
3766
3905
5165
3767
3906
5166
3768
3907
5167
3769
3908
5168
3770
3909
5169
3771
3910
5170
3772
3911
5171
3773
3912
5172
3774
3913
5173
3775
3914
5174
3776
3915
5175
3777
3916
5176
3778
3917
5177
3779
3918
5178
3919
5179
3781
3920
5180
3782
3921
5181
3783
3922
5182
3784
3923
5183
3785
3924
5184
3786
3925
5185
3787
3926
5186
3788
3927
5187
3789
3928
5188
3790
3929
5189
3791
3930
5190
3792
3931
5191
3793
3932
5192
3794
3933
5193
3795
3934
5194
3796
3935
5195
3797
3936
5196
3798
3937
5197
3799
3938
5198
3800
3939
5199
3801
3940
5200
3802
3941
5201
3803
3942
5202
3804
3943
5203
3805
3944
5204
3806
3945
5205
3807
3946
5206
3808
3947
5207
3809
3948
5208
3810
3949
5209
3811
3950
5210
3812
3951
5211
3813
3952
5212
3814
3953
5213
3815
3954
5214
3816
3955
5215
3817
3956
5216
3818
3957
5217
3819
3958
5218
3820
3959
5219
3821
3960
5220
3822
3961
5221
3823
3962
5222
3824
3963
5223
3825
3964
5224
3826
3965
5225
3827
3966
5226
3828
3967
5227
3829
3968
5228
3830
3969
5229
3831
3970
5230
3832
3971
5231
3833
3972
5232
3834
3973
5233
3835
3974
5234
3836
3975
5235
3837
3976
5236
3838
3977
5237
3839
3978
5238
3840
3979
5239
3841
3980
5240
3842
3981
5241
3843
3982
5242
3844
3983
5243
3845
3984
5244
3846
3985
5245
3847
3986
5246
3848
3987
5247
3849
3988
5248
3850
3989
5249
3851
3990
5250
3852
3991
5251
3853
3992
5252
3854
3993
5253
3855
3994
5254
3856
3995
5255
3857
3996
5256
3858
3997
5257
3859
3998
5258
3860
3999
5259
3861
4000
5260
3862
4001
5261
3863
4002
5262
3864
4003
5263
3865
4004
5264
3866
4005
5265
3867
4006
5266
3868
4007
5267
3869
4008
5268
3870
4009
5269
3871
4010
5270
3872
4011
5271
3873
4012
5272
3874
4013
5273
3875
4014
5274
3876
4015
5275
3877
4016
5276
3878
4017
5277
3879
4018
5278
3880
4019
5279
3881
4020
5280
3882
4021
5281
3883
4022
5282
3884
4023
5283
3885
4024
5284
3886
4025
5285
3887
4026
5286
3888
4027
5287
3889
4028
5288
3890
4029
5289
3891
4030
5290
3892
4031
5291
3893
4032
5292
3894
4033
5293
3895
4034
5294
3896
4035
5295
3897
4036
5296
3898
4037
5297
3899
4038
5298
3900
4039
5299
3901
4040
5300
3902
4041
5301
3903
4042
5302
3904
4043
5303
3905
4044
5304
3906
4045
5305
3907
4046
5306
3908
4047
5307
3909
4048
5308
3910
4049
5309
3911
4050
5310
3912
4051
5311
3913
4052
5312
3914
4053
5313
3915
4054
5314
3916
4055
5315
3917
4056
5316
3918
4057
5317
3919
4058
5318
4059
5319
3921
4060
5320
3922
4061
5321
3923
4062
5322
3924
4063
5323
3925
4064
5324
3926
4065
5325
3927
4066
5326
3928
4067
5327
3929
4068
5328
3930
4069
5329
3931
4070
5330
3932
4071
5331
3933
4072
5332
3934
4073
5333
3935
4074
5334
3936
4075
5335
3937
4076
5336
3938
4077
5337
3939
4078
5338
3940
4079
5339
3941
4080
5340
3942
4081
5341
3943
4082
5342
3944
4083
5343
3945
4084
5344
3946
4085
5345
3947
4086
5346
3948
4087
5347
3949
4088
5348
3950
4089
5349
3951
4090
5350
3952
4091
5351
3953
4092
5352
3954
4093
5353
3955
4094
5354
3956
4095
5355
3957
4096
5356
3958
4097
5357
3959
4098
5358
3960
4099
5359
3961
4100
5360
3962
4101
5361
3963
4102
5362
3964
4103
5363
3965
4104
5364
3966
4105
5365
3967
4106
5366
3968
4107
5367
3969
4108
5368
3970
4109
5369
3971
4110
5370
3972
4111
5371
3973
4112
5372
3974
4113
5373
3975
4114
5374
3976
4115
5375
3977
4116
5376
3978
4117
5377
3979
4118
5378
3980
4119
5379
3981
4120
5380
3982
4121
5381
3983
4122
5382
3984
4123
5383
3985
4124
5384
3986
4125
5385
3987
4126
5386
3988
4127
5387
3989
4128
5388
3990
4129
5389
3991
4130
5390
3992
4131
5391
3993
4132
5392
3994
4133
5393
3995
4134
5394
3996
4135
5395
3997
4136
5396
3998
4137
5397
3999
4138
5398
4000
4139
5399
4001
4140
5400
4002
4141
5401
4003
4142
5402
4004
4143
5403
4005
4144
5404
4006
4145
5405
4007
4146
5406
4008
4147
5407
4009
4148
5408
4010
4149
5409
4011
4150
5410
4012
4151
5411
4013
4152
5412
4014
4153
5413
4015
4154
5414
4016
4155
5415
4017
4156
5416
4018
4157
5417
4019
4158
5418
4020
4159
5419
4021
4160
5420
4022
4161
5421
4023
4162
5422
4024
4163
5423
4025
4164
5424
4026
4165
5425
4027
4166
5426
4028
4167
5427
4029
4168
5428
4030
4169
5429
4031
4170
5430
4032
4171
5431
4033
4172
5432
4034
4173
5433
4035
4174
5434
4036
4175
5435
4037
4176
5436
4038
4177
5437
4039
4178
5438
4040
4179
5439
4041
4180
5440
4042
4181
5441
4043
4182
5442
4044
4183
5443
4045
4184
5444
4046
4185
5445
4047
4186
5446
4048
4187
5447
4049
4188
5448
4050
4189
5449
4051
4190
5450
4052
4191
5451
4053
4192
5452
4054
4193
5453
4055
4194
5454
4056
4195
5455
4057
4196
5456
4058
4197
5457
4059
4198
5458
4199
5459
4061
5460
4062
5461
4063
5462
4064
5463
4065
5464
4066
5465
4067
5466
4068
5467
4069
5468
4070
5469
4071
5470
4072
5471
4073
5472
4074
5473
4075
5474
4076
5475
4077
5476
4078
5477
4079
5478
4080
5479
4081
5480
4082
5481
4083
5482
4084
5483
4085
5484
4086
5485
4087
5486
4088
5487
4089
5488
4090
5489
4091
5490
4092
5491
4093
5492
4094
5493
4095
5494
4096
5495
4097
5496
4098
5497
4099
5498
4100
5499
4101
5500
4102
5501
4103
5502
4104
5503
4105
5504
4106
5505
4107
5506
4108
5507
4109
5508
4110
5509
4111
5510
4112
5511
4113
5512
4114
5513
4115
5514
4116
5515
4117
5516
4118
5517
4119
5518
4120
5519
4121
5520
4122
5521
4123
5522
4124
5523
4125
5524
4126
5525
4127
5526
4128
5527
4129
5528
4130
5529
4131
5530
4132
5531
4133
5532
4134
5533
4135
5534
4136
5535
4137
5536
4138
5537
4139
5538
4140
5539
4141
5540
4142
5541
4143
5542
4144
5543
4145
5544
4146
5545
4147
5546
4148
5547
4149
5548
4150
5549
4151
5550
4152
5551
4153
5552
4154
5553
4155
5554
4156
5555
4157
5556
4158
5557
4159
5558
4160
5559
4161
5560
4162
5561
4163
5562
4164
5563
4165
5564
4166
5565
4167
5566
4168
5567
4169
5568
4170
5569
4171
5570
4172
5571
4173
5572
4174
5573
4175
5574
4176
5575
4177
5576
4178
5577
4179
5578
4180
5579
4181
5580
4182
5581
4183
5582
4184
5583
4185
5584
4186
5585
4187
5586
4188
5587
4189
5588
4190
5589
4191
5590
4192
5591
4193
5592
4194
5593
4195
5594
4196
5595
4197
5596
4198
5597
4199
5598
5599
4201
4340
5600
4202
4341
5601
4203
4342
5602
4204
4343
5603
4205
4344
5604
4206
4345
5605
4207
4346
5606
4208
4347
5607
4209
4348
5608
4210
4349
5609
4211
4350
5610
4212
4351
5611
4213
4352
5612
4214
4353
5613
4215
4354
5614
4216
4355
5615
4217
4356
5616
4218
4357
5617
4219
4358
5618
4220
4359
5619
4221
4360
5620
4222
4361
5621
4223
4362
5622
4224
4363
5623
4225
4364
5624
4226
4365
5625
4227
4366
5626
4228
4367
5627
4229
4368
5628
4230
4369
5629
4231
4370
5630
4232
4371
5631
4233
4372
5632
4234
4373
5633
4235
4374
5634
4236
4375
5635
4237
4376
5636
4238
4377
5637
4239
4378
5638
4240
4379
5639
4241
4380
5640
4242
4381
5641
4243
4382
5642
4244
4383
5643
4245
4384
5644
4246
4385
5645
4247
4386
5646
4248
4387
5647
4249
4388
5648
4250
4389
5649
4251
4390
5650
4252
4391
5651
4253
4392
5652
4254
4393
5653
4255
4394
5654
4256
4395
5655
4257
4396
5656
4258
4397
5657
4259
4398
5658
4260
4399
5659
4261
4400
5660
4262
4401
5661
4263
4402
5662
4264
4403
5663
4265
4404
5664
4266
4405
5665
4267
4406
5666
4268
4407
5667
4269
4408
5668
4270
4409
5669
4271
4410
5670
4272
4411
5671
4273
4412
5672
4274
4413
5673
4275
4414
5674
4276
4415
5675
4277
4416
5676
4278
4417
5677
4279
4418
5678
4280
4419
5679
4281
4420
5680
4282
4421
5681
4283
4422
5682
4284
4423
5683
4285
4424
5684
4286
4425
5685
4287
4426
5686
4288
4427
5687
4289
4428
5688
4290
4429
5689
4291
4430
5690
4292
4431
5691
4293
4432
5692
4294
4433
5693
4295
4434
5694
4296
4435
5695
4297
4436
5696
4298
4437
5697
4299
4438
5698
4300
4439
5699
4301
4440
5700
4302
4441
5701
4303
4442
5702
4304
4443
5703
4305
4444
5704
4306
4445
5705
4307
4446
5706
4308
4447
5707
4309
4448
5708
4310
4449
5709
4311
4450
5710
4312
4451
5711
4313
4452
5712
4314
4453
5713
4315
4454
5714
4316
4455
5715
4317
4456
5716
4318
4457
5717
4319
4458
5718
4320
4459
5719
4321
4460
5720
4322
4461
5721
4323
4462
5722
4324
4463
5723
4325
4464
5724
4326
4465
5725
4327
4466
5726
4328
4467
5727
4329
4468
5728
4330
4469
5729
4331
4470
5730
4332
4471
5731
4333
4472
5732
4334
4473
5733
4335
4474
5734
4336
4475
5735
4337
4476
5736
4338
4477
5737
4339
4478
5738
4479
5739
4341
4480
5740
4342
4481
5741
4343
4482
5742
4344
4483
5743
4345
4484
5744
4346
4485
5745
4347
4486
5746
4348
4487
5747
4349
4488
5748
4350
4489
5749
4351
4490
5750
4352
4491
5751
4353
4492
5752
4354
4493
5753
4355
4494
5754
4356
4495
5755
4357
4496
5756
4358
4497
5757
4359
4498
5758
4360
4499
5759
4361
4500
5760
4362
4501
5761
4363
4502
5762
4364
4503
5763
4365
4504
5764
4366
4505
5765
4367
4506
5766
4368
4507
5767
4369
4508
5768
4370
4509
5769
4371
4510
5770
4372
4511
5771
4373
4512
5772
4374
4513
5773
4375
4514
5774
4376
4515
5775
4377
4516
5776
4378
4517
5777
4379
4518
5778
4380
4519
5779
4381
4520
5780
4382
4521
5781
4383
4522
5782
4384
4523
5783
4385
4524
5784
4386
4525
5785
4387
4526
5786
4388
4527
5787
4389
4528
5788
4390
4529
5789
4391
4530
5790
4392
4531
5791
4393
4532
5792
4394
4533
5793
4395
4534
5794
4396
4535
5795
4397
4536
5796
4398
4537
5797
4399
4538
5798
4400
4539
5799
4401
4540
5800
4402
4541
5801
4403
4542
5802
4404
4543
5803
4405
4544
5804
4406
4545
5805
4407
4546
5806
4408
4547
5807
4409
4548
5808
4410
4549
5809
4411
4550
5810
4412
4551
5811
4413
4552
5812
4414
4553
5813
4415
4554
5814
4416
4555
5815
4417
4556
5816
4418
4557
5817
4419
4558
5818
4420
4559
5819
4421
4560
5820
4422
4561
5821
4423
4562
5822
4424
4563
5823
4425
4564
5824
4426
4565
5825
4427
4566
5826
4428
4567
5827
4429
4568
5828
4430
4569
5829
4431
4570
5830
4432
4571
5831
4433
4572
5832
4434
4573
5833
4435
4574
5834
4436
4575
5835
4437
4576
5836
4438
4577
5837
4439
4578
5838
4440
4579
5839
4441
4580
5840
4442
4581
5841
4443
4582
5842
4444
4583
5843
4445
4584
5844
4446
4585
5845
4447
4586
5846
4448
4587
5847
4449
4588
5848
4450
4589
5849
4451
4590
5850
4452
4591
5851
4453
4592
5852
4454
4593
5853
4455
4594
5854
4456
4595
5855
4457
4596
5856
4458
4597
5857
4459
4598
5858
4460
4599
5859
4461
4600
5860
4462
4601
5861
4463
4602
5862
4464
4603
5863
4465
4604
5864
4466
4605
5865
4467
4606
5866
4468
4607
5867
4469
4608
5868
4470
4609
5869
4471
4610
5870
4472
4611
5871
4473
4612
5872
4474
4613
5873
4475
4614
5874
4476
4615
5875
4477
4616
5876
4478
4617
5877
4479
4618
5878
4619
5879
4481
4620
5880
4482
4621
5881
4483
4622
5882
4484
4623
5883
4485
4624
5884
4486
4625
5885
4487
4626
5886
4488
4627
5887
4489
4628
5888
4490
4629
5889
4491
4630
5890
4492
4631
5891
4493
4632
5892
4494
4633
5893
4495
4634
5894
4496
4635
5895
4497
4636
5896
4498
4637
5897
4499
4638
5898
4500
4639
5899
4501
4640
5900
4502
4641
5901
4503
4642
5902
4504
4643
5903
4505
4644
5904
4506
4645
5905
4507
4646
5906
4508
4647
5907
4509
4648
5908
4510
4649
5909
4511
4650
5910
4512
4651
5911
4513
4652
5912
4514
4653
5913
4515
4654
5914
4516
4655
5915
4517
4656
5916
4518
4657
5917
4519
4658
5918
4520
4659
5919
4521
4660
5920
4522
4661
5921
4523
4662
5922
4524
4663
5923
4525
4664
5924
4526
4665
5925
4527
4666
5926
4528
4667
5927
4529
4668
5928
4530
4669
5929
4531
4670
5930
4532
4671
5931
4533
4672
5932
4534
4673
5933
4535
4674
5934
4536
4675
5935
4537
4676
5936
4538
4677
5937
4539
4678
5938
4540
4679
5939
4541
4680
5940
4542
4681
5941
4543
4682
5942
4544
4683
5943
4545
4684
5944
4546
4685
5945
4547
4686
5946
4548
4687
5947
4549
4688
5948
4550
4689
5949
4551
4690
5950
4552
4691
5951
4553
4692
5952
4554
4693
5953
4555
4694
5954
4556
4695
5955
4557
4696
5956
4558
4697
5957
4559
4698
5958
4560
4699
5959
4561
4700
5960
4562
4701
5961
4563
4702
5962
4564
4703
5963
4565
4704
5964
4566
4705
5965
4567
4706
5966
4568
4707
5967
4569
4708
5968
4570
4709
5969
4571
4710
5970
4572
4711
5971
4573
4712
5972
4574
4713
5973
4575
4714
5974
4576
4715
5975
4577
4716
5976
4578
4717
5977
4579
4718
5978
4580
4719
5979
4581
4720
5980
4582
4721
5981
4583
4722
5982
4584
4723
5983
4585
4724
5984
4586
4725
5985
4587
4726
5986
4588
4727
5987
4589
4728
5988
4590
4729
5989
4591
4730
5990
4592
4731
5991
4593
4732
5992
4594
4733
5993
4595
4734
5994
4596
4735
5995
4597
4736
5996
4598
4737
5997
4599
4738
5998
4600
4739
5999
4601
4740
6000
4602
4741
6001
4603
4742
6002
4604
4743
6003
4605
4744
6004
4606
4745
6005
4607
4746
6006
4608
4747
6007
4609
4748
6008
4610
4749
6009
4611
4750
6010
4612
4751
6011
4613
4752
6012
4614
4753
6013
4615
4754
6014
4616
4755
6015
4617
4756
6016
4618
4757
6017
4619
4758
6018
4759
6019
4621
4760
6020
4622
4761
6021
4623
4762
6022
4624
4763
6023
4625
4764
6024
4626
4765
6025
4627
4766
6026
4628
4767
6027
4629
4768
6028
4630
4769
6029
4631
4770
6030
4632
4771
6031
4633
4772
6032
4634
4773
6033
4635
4774
6034
4636
4775
6035
4637
4776
6036
4638
4777
6037
4639
4778
6038
4640
4779
6039
4641
4780
6040
4642
4781
6041
4643
4782
6042
4644
4783
6043
4645
4784
6044
4646
4785
6045
4647
4786
6046
4648
4787
6047
4649
4788
6048
4650
4789
6049
4651
4790
6050
4652
4791
6051
4653
4792
6052
4654
4793
6053
4655
4794
6054
4656
4795
6055
4657
4796
6056
4658
4797
6057
4659
4798
6058
4660
4799
6059
4661
4800
6060
4662
4801
6061
4663
4802
6062
4664
4803
6063
4665
4804
6064
4666
4805
6065
4667
4806
6066
4668
4807
6067
4669
4808
6068
4670
4809
6069
4671
4810
6070
4672
4811
6071
4673
4812
6072
4674
4813
6073
4675
4814
6074
4676
4815
6075
4677
4816
6076
4678
4817
6077
4679
4818
6078
4680
4819
6079
4681
4820
6080
4682
4821
6081
4683
4822
6082
4684
4823
6083
4685
4824
6084
4686
4825
6085
4687
4826
6086
4688
4827
6087
4689
4828
6088
4690
4829
6089
4691
4830
6090
4692
4831
6091
4693
4832
6092
4694
4833
6093
4695
4834
6094
4696
4835
6095
4697
4836
6096
4698
4837
6097
4699
4838
6098
4700
4839
6099
4701
4840
6100
4702
4841
6101
4703
4842
6102
4704
4843
6103
4705
4844
6104
4706
4845
6105
4707
4846
6106
4708
4847
6107
4709
4848
6108
4710
4849
6109
4711
4850
6110
4712
4851
6111
4713
4852
6112
4714
4853
6113
4715
4854
6114
4716
4855
6115
4717
4856
6116
4718
4857
6117
4719
4858
6118
4720
4859
6119
4721
4860
6120
4722
4861
6121
4723
4862
6122
4724
4863
6123
4725
4864
6124
4726
4865
6125
4727
4866
6126
4728
4867
6127
4729
4868
6128
4730
4869
6129
4731
4870
6130
4732
4871
6131
4733
4872
6132
4734
4873
6133
4735
4874
6134
4736
4875
6135
4737
4876
6136
4738
4877
6137
4739
4878
6138
4740
4879
6139
4741
4880
6140
4742
4881
6141
4743
4882
6142
4744
4883
6143
4745
4884
6144
4746
4885
6145
4747
4886
6146
4748
4887
6147
4749
4888
6148
4750
4889
6149
4751
4890
6150
4752
4891
6151
4753
4892
6152
4754
4893
6153
4755
4894
6154
4756
4895
6155
4757
4896
6156
4758
4897
6157
4759
4898
6158
4899
6159
4761
4900
6160
4762
4901
6161
4763
4902
6162
4764
4903
6163
4765
4904
6164
4766
4905
6165
4767
4906
6166
4768
4907
6167
4769
4908
6168
4770
4909
6169
4771
4910
6170
4772
4911
6171
4773
4912
6172
4774
4913
6173
4775
4914
6174
4776
4915
6175
4777
4916
6176
4778
4917
6177
4779
4918
6178
4780
4919
6179
4781
4920
6180
4782
4921
6181
4783
4922
6182
4784
4923
6183
4785
4924
6184
4786
4925
6185
4787
4926
6186
4788
4927
6187
4789
4928
6188
4790
4929
6189
4791
4930
6190
4792
4931
6191
4793
4932
6192
4794
4933
6193
4795
4934
6194
4796
4935
6195
4797
4936
6196
4798
4937
6197
4799
4938
6198
4800
4939
6199
4801
4940
6200
4802
4941
6201
4803
4942
6202
4804
4943
6203
4805
4944
6204
4806
4945
6205
4807
4946
6206
4808
4947
6207
4809
4948
6208
4810
4949
6209
4811
4950
6210
4812
4951
6211
4813
4952
6212
4814
4953
6213
4815
4954
6214
4816
4955
6215
4817
4956
6216
4818
4957
6217
4819
4958
6218
4820
4959
6219
4821
4960
6220
4822
4961
6221
4823
4962
6222
4824
4963
6223
4825
4964
6224
4826
4965
6225
4827
4966
6226
4828
4967
6227
4829
4968
6228
4830
4969
6229
4831
4970
6230
4832
4971
6231
4833
4972
6232
4834
4973
6233
4835
4974
6234
4836
4975
6235
4837
4976
6236
4838
4977
6237
4839
4978
6238
4840
4979
6239
4841
4980
6240
4842
4981
6241
4843
4982
6242
4844
4983
6243
4845
4984
6244
4846
4985
6245
4847
4986
6246
4848
4987
6247
4849
4988
6248
4850
4989
6249
4851
4990
6250
4852
4991
6251
4853
4992
6252
4854
4993
6253
4855
4994
6254
4856
4995
6255
4857
4996
6256
4858
4997
6257
4859
4998
6258
4860
4999
6259
4861
5000
6260
4862
5001
6261
4863
5002
6262
4864
5003
6263
4865
5004
6264
4866
5005
6265
4867
5006
6266
4868
5007
6267
4869
5008
6268
4870
5009
6269
4871
5010
6270
4872
5011
6271
4873
5012
6272
4874
5013
6273
4875
5014
6274
4876
5015
6275
4877
5016
6276
4878
5017
6277
4879
5018
6278
4880
5019
6279
4881
5020
6280
4882
5021
6281
4883
5022
6282
4884
5023
6283
4885
5024
6284
4886
5025
6285
4887
5026
6286
4888
5027
6287
4889
5028
6288
4890
5029
6289
4891
5030
6290
4892
5031
6291
4893
5032
6292
4894
5033
6293
4895
5034
6294
4896
5035
6295
4897
5036
6296
4898
5037
6297
4899
5038
6298
5039
6299
4901
5040
6300
4902
5041
6301
4903
5042
6302
4904
5043
6303
4905
5044
6304
4906
5045
6305
4907
5046
6306
4908
5047
6307
4909
5048
6308
4910
5049
6309
4911
5050
6310
4912
5051
6311
4913
5052
6312
4914
5053
6313
4915
5054
6314
4916
5055
6315
4917
5056
6316
4918
5057
6317
4919
5058
6318
4920
5059
6319
4921
5060
6320
4922
5061
6321
4923
5062
6322
4924
5063
6323
4925
5064
6324
4926
5065
6325
4927
5066
6326
4928
5067
6327
4929
5068
6328
4930
5069
6329
4931
5070
6330
4932
5071
6331
4933
5072
6332
4934
5073
6333
4935
5074
6334
4936
5075
6335
4937
5076
6336
4938
5077
6337
4939
5078
6338
4940
5079
6339
4941
5080
6340
4942
5081
6341
4943
5082
6342
4944
5083
6343
4945
5084
6344
4946
5085
6345
4947
5086
6346
4948
5087
6347
4949
5088
6348
4950
5089
6349
4951
5090
6350
4952
5091
6351
4953
5092
6352
4954
5093
6353
4955
5094
6354
4956
5095
6355
4957
5096
6356
4958
5097
6357
4959
5098
6358
4960
5099
6359
4961
5100
6360
4962
5101
6361
4963
5102
6362
4964
5103
6363
4965
5104
6364
4966
5105
6365
4967
5106
6366
4968
5107
6367
4969
5108
6368
4970
5109
6369
4971
5110
6370
4972
5111
6371
4973
5112
6372
4974
5113
6373
4975
5114
6374
4976
5115
6375
4977
5116
6376
4978
5117
6377
4979
5118
6378
4980
5119
6379
4981
5120
6380
4982
5121
6381
4983
5122
6382
4984
5123
6383
4985
5124
6384
4986
5125
6385
4987
5126
6386
4988
5127
6387
4989
5128
6388
4990
5129
6389
4991
5130
6390
4992
5131
6391
4993
5132
6392
4994
5133
6393
4995
5134
6394
4996
5135
6395
4997
5136
6396
4998
5137
6397
4999
5138
6398
5000
5139
6399
5001
5140
6400
5002
5141
6401
5003
5142
6402
5004
5143
6403
5005
5144
6404
5006
5145
6405
5007
5146
6406
5008
5147
6407
5009
5148
6408
5010
5149
6409
5011
5150
6410
5012
5151
6411
5013
5152
6412
5014
5153
6413
5015
5154
6414
5016
5155
6415
5017
5156
6416
5018
5157
6417
5019
5158
6418
5020
5159
6419
5021
5160
6420
5022
5161
6421
5023
5162
6422
5024
5163
6423
5025
5164
6424
5026
5165
6425
5027
5166
6426
5028
5167
6427
5029
5168
6428
5030
5169
6429
5031
5170
6430
5032
5171
6431
5033
5172
6432
5034
5173
6433
5035
5174
6434
5036
5175
6435
5037
5176
6436
5038
5177
6437
5039
5178
6438
5179
6439
5041
5180
6440
5042
5181
6441
5043
5182
6442
5044
5183
6443
5045
5184
6444
5046
5185
6445
5047
5186
6446
5048
5187
6447
5049
5188
6448
5050
5189
6449
5051
5190
6450
5052
5191
6451
5053
5192
6452
5054
5193
6453
5055
5194
6454
5056
5195
6455
5057
5196
6456
5058
5197
6457
5059
5198
6458
5060
5199
6459
5061
5200
6460
5062
5201
6461
5063
5202
6462
5064
5203
6463
5065
5204
6464
5066
5205
6465
5067
5206
6466
5068
5207
6467
5069
5208
6468
5070
5209
6469
5071
5210
6470
5072
5211
6471
5073
5212
6472
5074
5213
6473
5075
5214
6474
5076
5215
6475
5077
5216
6476
5078
5217
6477
5079
5218
6478
5080
5219
6479
5081
5220
6480
5082
5221
6481
5083
5222
6482
5084
5223
6483
5085
5224
6484
5086
5225
6485
5087
5226
6486
5088
5227
6487
5089
5228
6488
5090
5229
6489
5091
5230
6490
5092
5231
6491
5093
5232
6492
5094
5233
6493
5095
5234
6494
5096
5235
6495
5097
5236
6496
5098
5237
6497
5099
5238
6498
5100
5239
6499
5101
5240
6500
5102
5241
6501
5103
5242
6502
5104
5243
6503
5105
5244
6504
5106
5245
6505
5107
5246
6506
5108
5247
6507
5109
5248
6508
5110
5249
6509
5111
5250
6510
5112
5251
6511
5113
5252
6512
5114
5253
6513
5115
5254
6514
5116
5255
6515
5117
5256
6516
5118
5257
6517
5119
5258
6518
5120
5259
6519
5121
5260
6520
5122
5261
6521
5123
5262
6522
5124
5263
6523
5125
5264
6524
5126
5265
6525
5127
5266
6526
5128
5267
6527
5129
5268
6528
5130
5269
6529
5131
5270
6530
5132
5271
6531
5133
5272
6532
5134
5273
6533
5135
5274
6534
5136
5275
6535
5137
5276
6536
5138
5277
6537
5139
5278
6538
5140
5279
6539
5141
5280
6540
5142
5281
6541
5143
5282
6542
5144
5283
6543
5145
5284
6544
5146
5285
6545
5147
5286
6546
5148
5287
6547
5149
5288
6548
5150
5289
6549
5151
5290
6550
5152
5291
6551
5153
5292
6552
5154
5293
6553
5155
5294
6554
5156
5295
6555
5157
5296
6556
5158
5297
6557
5159
5298
6558
5160
5299
6559
5161
5300
6560
5162
5301
6561
5163
5302
6562
5164
5303
6563
5165
5304
6564
5166
5305
6565
5167
5306
6566
5168
5307
6567
5169
5308
6568
5170
5309
6569
5171
5310
6570
5172
5311
6571
5173
5312
6572
5174
5313
6573
5175
5314
6574
5176
5315
6575
5177
5316
6576
5178
5317
6577
5179
5318
6578
5319
6579
5181
5320
6580
5182
5321
6581
5183
5322
6582
5184
5323
6583
5185
5324
6584
5186
5325
6585
5187
5326
6586
5188
5327
6587
5189
5328
6588
5190
5329
6589
5191
5330
6590
5192
5331
6591
5193
5332
6592
5194
5333
6593
5195
5334
6594
5196
5335
6595
5197
5336
6596
5198
5337
6597
5199
5338
6598
5200
5339
6599
5201
5340
6600
5202
5341
6601
5203
5342
6602
5204
5343
6603
5205
5344
6604
5206
5345
6605
5207
5346
6606
5208
5347
6607
5209
5348
6608
5210
5349
6609
5211
5350
6610
5212
5351
6611
5213
5352
6612
5214
5353
6613
5215
5354
6614
5216
5355
6615
5217
5356
6616
5218
5357
6617
5219
5358
6618
5220
5359
6619
5221
5360
6620
5222
5361
6621
5223
5362
6622
5224
5363
6623
5225
5364
6624
5226
5365
6625
5227
5366
6626
5228
5367
6627
5229
5368
6628
5230
5369
6629
5231
5370
6630
5232
5371
6631
5233
5372
6632
5234
5373
6633
5235
5374
6634
5236
5375
6635
5237
5376
6636
5238
5377
6637
5239
5378
6638
5240
5379
6639
5241
5380
6640
5242
5381
6641
5243
5382
6642
5244
5383
6643
5245
5384
6644
5246
5385
6645
5247
5386
6646
5248
5387
6647
5249
5388
6648
5250
5389
6649
5251
5390
6650
5252
5391
6651
5253
5392
6652
5254
5393
6653
5255
5394
6654
5256
5395
6655
5257
5396
6656
5258
5397
6657
5259
5398
6658
5260
5399
6659
5261
5400
6660
5262
5401
6661
5263
5402
6662
5264
5403
6663
5265
5404
6664
5266
5405
6665
5267
5406
6666
5268
5407
6667
5269
5408
6668
5270
5409
6669
5271
5410
6670
5272
5411
6671
5273
5412
6672
5274
5413
6673
5275
5414
6674
5276
5415
6675
5277
5416
6676
5278
5417
6677
5279
5418
6678
5280
5419
6679
5281
5420
6680
5282
5421
6681
5283
5422
6682
5284
5423
6683
5285
5424
6684
5286
5425
6685
5287
5426
6686
5288
5427
6687
5289
5428
6688
5290
5429
6689
5291
5430
6690
5292
5431
6691
5293
5432
6692
5294
5433
6693
5295
5434
6694
5296
5435
6695
5297
5436
6696
5298
5437
6697
5299
5438
6698
5300
5439
6699
5301
5440
6700
5302
5441
6701
5303
5442
6702
5304
5443
6703
5305
5444
6704
5306
5445
6705
5307
5446
6706
5308
5447
6707
5309
5448
6708
5310
5449
6709
5311
5450
6710
5312
5451
6711
5313
5452
6712
5314
5453
6713
5315
5454
6714
5316
5455
6715
5317
5456
6716
5318
5457
6717
5319
5458
6718
5459
6719
5321
5460
6720
5322
5461
6721
5323
5462
6722
5324
5463
6723
5325
5464
6724
5326
5465
6725
5327
5466
6726
5328
5467
6727
5329
5468
6728
5330
5469
6729
5331
5470
6730
5332
5471
6731
5333
5472
6732
5334
5473
6733
5335
5474
6734
5336
5475
6735
5337
5476
6736
5338
5477
6737
5339
5478
6738
5340
5479
6739
5341
5480
6740
5342
5481
6741
5343
5482
6742
5344
5483
6743
5345
5484
6744
5346
5485
6745
5347
5486
6746
5348
5487
6747
5349
5488
6748
5350
5489
6749
5351
5490
6750
5352
5491
6751
5353
5492
6752
5354
5493
6753
5355
5494
6754
5356
5495
6755
5357
5496
6756
5358
5497
6757
5359
5498
6758
5360
5499
6759
5361
5500
6760
5362
5501
6761
5363
5502
6762
5364
5503
6763
5365
5504
6764
5366
5505
6765
5367
5506
6766
5368
5507
6767
5369
5508
6768
5370
5509
6769
5371
5510
6770
5372
5511
6771
5373
5512
6772
5374
5513
6773
5375
5514
6774
5376
5515
6775
5377
5516
6776
5378
5517
6777
5379
5518
6778
5380
5519
6779
5381
5520
6780
5382
5521
6781
5383
5522
6782
5384
5523
6783
5385
5524
6784
5386
5525
6785
5387
5526
6786
5388
5527
6787
5389
5528
6788
5390
5529
6789
5391
5530
6790
5392
5531
6791
5393
5532
6792
5394
5533
6793
5395
5534
6794
5396
5535
6795
5397
5536
6796
5398
5537
6797
5399
5538
6798
5400
5539
6799
5401
5540
6800
5402
5541
6801
5403
5542
6802
5404
5543
6803
5405
5544
6804
5406
5545
6805
5407
5546
6806
5408
5547
6807
5409
5548
6808
5410
5549
6809
5411
5550
6810
5412
5551
6811
5413
5552
6812
5414
5553
6813
5415
5554
6814
5416
5555
6815
5417
5556
6816
5418
5557
6817
5419
5558
6818
5420
5559
6819
5421
5560
6820
5422
5561
6821
5423
5562
6822
5424
5563
6823
5425
5564
6824
5426
5565
6825
5427
5566
6826
5428
5567
6827
5429
5568
6828
5430
5569
6829
5431
5570
6830
5432
5571
6831
5433
5572
6832
5434
5573
6833
5435
5574
6834
5436
5575
6835
5437
5576
6836
5438
5577
6837
5439
5578
6838
5440
5579
6839
5441
5580
6840
5442
5581
6841
5443
5582
6842
5444
5583
6843
5445
5584
6844
5446
5585
6845
5447
5586
6846
5448
5587
6847
5449
5588
6848
5450
5589
6849
5451
5590
6850
5452
5591
6851
5453
5592
6852
5454
5593
6853
5455
5594
6854
5456
5595
6855
5457
5596
6856
5458
5597
6857
5459
5598
6858
5599
6859
5461
6860
5462
6861
5463
6862
5464
6863
5465
6864
5466
6865
5467
6866
5468
6867
5469
6868
5470
6869
5471
6870
5472
6871
5473
6872
5474
6873
5475
6874
5476
6875
5477
6876
5478
6877
5479
6878
5480
6879
5481
6880
5482
6881
5483
6882
5484
6883
5485
6884
5486
6885
5487
6886
5488
6887
5489
6888
5490
6889
5491
6890
5492
6891
5493
6892
5494
6893
5495
6894
5496
6895
5497
6896
5498
6897
5499
6898
5500
6899
5501
6900
5502
6901
5503
6902
5504
6903
5505
6904
5506
6905
5507
6906
5508
6907
5509
6908
5510
6909
5511
6910
5512
6911
5513
6912
5514
6913
5515
6914
5516
6915
5517
6916
5518
6917
5519
6918
5520
6919
5521
6920
5522
6921
5523
6922
5524
6923
5525
6924
5526
6925
5527
6926
5528
6927
5529
6928
5530
6929
5531
6930
5532
6931
5533
6932
5534
6933
5535
6934
5536
6935
5537
6936
5538
6937
5539
6938
5540
6939
5541
6940
5542
6941
5543
6942
5544
6943
5545
6944
5546
6945
5547
6946
5548
6947
5549
6948
5550
6949
5551
6950
5552
6951
5553
6952
5554
6953
5555
6954
5556
6955
5557
6956
5558
6957
5559
6958
5560
6959
5561
6960
5562
6961
5563
6962
5564
6963
5565
6964
5566
6965
5567
6966
5568
6967
5569
6968
5570
6969
5571
6970
5572
6971
5573
6972
5574
6973
5575
6974
5576
6975
5577
6976
5578
6977
5579
6978
5580
6979
5581
6980
5582
6981
5583
6982
5584
6983
5585
6984
5586
6985
5587
6986
5588
6987
5589
6988
5590
6989
5591
6990
5592
6991
5593
6992
5594
6993
5595
6994
5596
6995
5597
6996
5598
6997
5599
6998
6999
5601
5740
7000
5602
5741
7001
5603
5742
7002
5604
5743
7003
5605
5744
7004
5606
5745
7005
5607
5746
7006
5608
5747
7007
5609
5748
7008
5610
5749
7009
5611
5750
7010
5612
5751
7011
5613
5752
7012
5614
5753
7013
5615
5754
7014
5616
5755
7015
5617
5756
7016
5618
5757
7017
5619
5758
7018
5620
5759
7019
5621
5760
7020
5622
5761
7021
5623
5762
7022
5624
5763
7023
5625
5764
7024
5626
5765
7025
5627
5766
7026
5628
5767
7027
5629
5768
7028
5630
5769
7029
5631
5770
7030
5632
5771
7031
5633
5772
7032
5634
5773
7033
5635
5774
7034
5636
5775
7035
5637
5776
7036
5638
5777
7037
5639
5778
7038
5640
5779
7039
5641
5780
7040
5642
5781
7041
5643
5782
7042
5644
5783
7043
5645
5784
7044
5646
5785
7045
5647
5786
7046
5648
5787
7047
5649
5788
7048
5650
5789
7049
5651
5790
7050
5652
5791
7051
5653
5792
7052
5654
5793
7053
5655
5794
7054
5656
5795
7055
5657
5796
7056
5658
5797
7057
5659
5798
7058
5660
5799
7059
5661
5800
7060
5662
5801
7061
5663
5802
7062
5664
5803
7063
5665
5804
7064
5666
5805
7065
5667
5806
7066
5668
5807
7067
5669
5808
7068
5670
5809
7069
5671
5810
7070
5672
5811
7071
5673
5812
7072
5674
5813
7073
5675
5814
7074
5676
5815
7075
5677
5816
7076
5678
5817
7077
5679
5818
7078
5680
5819
7079
5681
5820
7080
5682
5821
7081
5683
5822
7082
5684
5823
7083
5685
5824
7084
5686
5825
7085
5687
5826
7086
5688
5827
7087
5689
5828
7088
5690
5829
7089
5691
5830
7090
5692
5831
7091
5693
5832
7092
5694
5833
7093
5695
5834
7094
5696
5835
7095
5697
5836
7096
5698
5837
7097
5699
5838
7098
5700
5839
7099
5701
5840
7100
5702
5841
7101
5703
5842
7102
5704
5843
7103
5705
5844
7104
5706
5845
7105
5707
5846
7106
5708
5847
7107
5709
5848
7108
5710
5849
7109
5711
5850
7110
5712
5851
7111
5713
5852
7112
5714
5853
7113
5715
5854
7114
5716
5855
7115
5717
5856
7116
5718
5857
7117
5719
5858
7118
5720
5859
7119
5721
5860
7120
5722
5861
7121
5723
5862
7122
5724
5863
7123
5725
5864
7124
5726
5865
7125
5727
5866
7126
5728
5867
7127
5729
5868
7128
5730
5869
7129
5731
5870
7130
5732
5871
7131
5733
5872
7132
5734
5873
7133
5735
5874
7134
5736
5875
7135
5737
5876
7136
5738
5877
7137
5739
5878
7138
5879
7139
5741
5880
7140
5742
5881
7141
5743
5882
7142
5744
5883
7143
5745
5884
7144
5746
5885
7145
5747
5886
7146
5748
5887
7147
5749
5888
7148
5750
5889
7149
5751
5890
7150
5752
5891
7151
5753
5892
7152
5754
5893
7153
5755
5894
7154
5756
5895
7155
5757
5896
7156
5758
5897
7157
5759
5898
7158
5760
5899
7159
5761
5900
7160
5762
5901
7161
5763
5902
7162
5764
5903
7163
5765
5904
7164
5766
5905
7165
5767
5906
7166
5768
5907
7167
5769
5908
7168
5770
5909
7169
5771
5910
7170
5772
5911
7171
5773
5912
7172
5774
5913
7173
5775
5914
7174
5776
5915
7175
5777
5916
7176
5778
5917
7177
5779
5918
7178
5780
5919
7179
5781
5920
7180
5782
5921
7181
5783
5922
7182
5784
5923
7183
5785
5924
7184
5786
5925
7185
5787
5926
7186
5788
5927
7187
5789
5928
7188
5790
5929
7189
5791
5930
7190
5792
5931
7191
5793
5932
7192
5794
5933
7193
5795
5934
7194
5796
5935
7195
5797
5936
7196
5798
5937
7197
5799
5938
7198
5800
5939
7199
5801
5940
7200
5802
5941
7201
5803
5942
7202
5804
5943
7203
5805
5944
7204
5806
5945
7205
5807
5946
7206
5808
5947
7207
5809
5948
7208
5810
5949
7209
5811
5950
7210
5812
5951
7211
5813
5952
7212
5814
5953
7213
5815
5954
7214
5816
5955
7215
5817
5956
7216
5818
5957
7217
5819
5958
7218
5820
5959
7219
5821
5960
7220
5822
5961
7221
5823
5962
7222
5824
5963
7223
5825
5964
7224
5826
5965
7225
5827
5966
7226
5828
5967
7227
5829
5968
7228
5830
5969
7229
5831
5970
7230
5832
5971
7231
5833
5972
7232
5834
5973
7233
5835
5974
7234
5836
5975
7235
5837
5976
7236
5838
5977
7237
5839
5978
7238
5840
5979
7239
5841
5980
7240
5842
5981
7241
5843
5982
7242
5844
5983
7243
5845
5984
7244
5846
5985
7245
5847
5986
7246
5848
5987
7247
5849
5988
7248
5850
5989
7249
5851
5990
7250
5852
5991
7251
5853
5992
7252
5854
5993
7253
5855
5994
7254
5856
5995
7255
5857
5996
7256
5858
5997
7257
5859
5998
7258
5860
5999
7259
5861
6000
7260
5862
6001
7261
5863
6002
7262
5864
6003
7263
5865
6004
7264
5866
6005
7265
5867
6006
7266
5868
6007
7267
5869
6008
7268
5870
6009
7269
5871
6010
7270
5872
6011
7271
5873
6012
7272
5874
6013
7273
5875
6014
7274
5876
6015
7275
5877
6016
7276
5878
6017
7277
5879
6018
7278
6019
7279
5881
6020
7280
5882
6021
7281
5883
6022
7282
5884
6023
7283
5885
6024
7284
5886
6025
7285
5887
6026
7286
5888
6027
7287
5889
6028
7288
5890
6029
7289
5891
6030
7290
5892
6031
7291
5893
6032
7292
5894
6033
7293
5895
6034
7294
5896
6035
7295
5897
6036
7296
5898
6037
7297
5899
6038
7298
5900
6039
7299
5901
6040
7300
5902
6041
7301
5903
6042
7302
5904
6043
7303
5905
6044
7304
5906
6045
7305
5907
6046
7306
5908
6047
7307
5909
6048
7308
5910
6049
7309
5911
6050
7310
5912
6051
7311
5913
6052
7312
5914
6053
7313
5915
6054
7314
5916
6055
7315
5917
6056
7316
5918
6057
7317
5919
6058
7318
5920
6059
7319
5921
6060
7320
5922
6061
7321
5923
6062
7322
5924
6063
7323
5925
6064
7324
5926
6065
7325
5927
6066
7326
5928
6067
7327
5929
6068
7328
5930
6069
7329
5931
6070
7330
5932
6071
7331
5933
6072
7332
5934
6073
7333
5935
6074
7334
5936
6075
7335
5937
6076
7336
5938
6077
7337
5939
6078
7338
5940
6079
7339
5941
6080
7340
5942
6081
7341
5943
6082
7342
5944
6083
7343
5945
6084
7344
5946
6085
7345
5947
6086
7346
5948
6087
7347
5949
6088
7348
5950
6089
7349
5951
6090
7350
5952
6091
7351
5953
6092
7352
5954
6093
7353
5955
6094
7354
5956
6095
7355
5957
6096
7356
5958
6097
7357
5959
6098
7358
5960
6099
7359
5961
6100
7360
5962
6101
7361
5963
6102
7362
5964
6103
7363
5965
6104
7364
5966
6105
7365
5967
6106
7366
5968
6107
7367
5969
6108
7368
5970
6109
7369
5971
6110
7370
5972
6111
7371
5973
6112
7372
5974
6113
7373
5975
6114
7374
5976
6115
7375
5977
6116
7376
5978
6117
7377
5979
6118
7378
5980
6119
7379
5981
6120
7380
5982
6121
7381
5983
6122
7382
5984
6123
7383
5985
6124
7384
5986
6125
7385
5987
6126
7386
5988
6127
7387
5989
6128
7388
5990
6129
7389
5991
6130
7390
5992
6131
7391
5993
6132
7392
5994
6133
7393
5995
6134
7394
5996
6135
7395
5997
6136
7396
5998
6137
7397
5999
6138
7398
6000
6139
7399
6001
6140
7400
6002
6141
7401
6003
6142
7402
6004
6143
7403
6005
6144
7404
6006
6145
7405
6007
6146
7406
6008
6147
7407
6009
6148
7408
6010
6149
7409
6011
6150
7410
6012
6151
7411
6013
6152
7412
6014
6153
7413
6015
6154
7414
6016
6155
7415
6017
6156
7416
6018
6157
7417
6019
6158
7418
6159
7419
6021
6160
7420
6022
6161
7421
6023
6162
7422
6024
6163
7423
6025
6164
7424
6026
6165
7425
6027
6166
7426
6028
6167
7427
6029
6168
7428
6030
6169
7429
6031
6170
7430
6032
6171
7431
6033
6172
7432
6034
6173
7433
6035
6174
7434
6036
6175
7435
6037
6176
7436
6038
6177
7437
6039
6178
7438
6040
6179
7439
6041
6180
7440
6042
6181
7441
6043
6182
7442
6044
6183
7443
6045
6184
7444
6046
6185
7445
6047
6186
7446
6048
6187
7447
6049
6188
7448
6050
6189
7449
6051
6190
7450
6052
6191
7451
6053
6192
7452
6054
6193
7453
6055
6194
7454
6056
6195
7455
6057
6196
7456
6058
6197
7457
6059
6198
7458
6060
6199
7459
6061
6200
7460
6062
6201
7461
6063
6202
7462
6064
6203
7463
6065
6204
7464
6066
6205
7465
6067
6206
7466
6068
6207
7467
6069
6208
7468
6070
6209
7469
6071
6210
7470
6072
6211
7471
6073
6212
7472
6074
6213
7473
6075
6214
7474
6076
6215
7475
6077
6216
7476
6078
6217
7477
6079
6218
7478
6080
6219
7479
6081
6220
7480
6082
6221
7481
6083
6222
7482
6084
6223
7483
6085
6224
7484
6086
6225
7485
6087
6226
7486
6088
6227
7487
6089
6228
7488
6090
6229
7489
6091
6230
7490
6092
6231
7491
6093
6232
7492
6094
6233
7493
6095
6234
7494
6096
6235
7495
6097
6236
7496
6098
6237
7497
6099
6238
7498
6100
6239
7499
6101
6240
7500
6102
6241
7501
6103
6242
7502
6104
6243
7503
6105
6244
7504
6106
6245
7505
6107
6246
7506
6108
6247
7507
6109
6248
7508
6110
6249
7509
6111
6250
7510
6112
6251
7511
6113
6252
7512
6114
6253
7513
6115
6254
7514
6116
6255
7515
6117
6256
7516
6118
6257
7517
6119
6258
7518
6120
6259
7519
6121
6260
7520
6122
6261
7521
6123
6262
7522
6124
6263
7523
6125
6264
7524
6126
6265
7525
6127
6266
7526
6128
6267
7527
6129
6268
7528
6130
6269
7529
6131
6270
7530
6132
6271
7531
6133
6272
7532
6134
6273
7533
6135
6274
7534
6136
6275
7535
6137
6276
7536
6138
6277
7537
6139
6278
7538
6140
6279
7539
6141
6280
7540
6142
6281
7541
6143
6282
7542
6144
6283
7543
6145
6284
7544
6146
6285
7545
6147
6286
7546
6148
6287
7547
6149
6288
7548
6150
6289
7549
6151
6290
7550
6152
6291
7551
6153
6292
7552
6154
6293
7553
6155
6294
7554
6156
6295
7555
6157
6296
7556
6158
6297
7557
6159
6298
7558
6299
7559
6161
6300
7560
6162
6301
7561
6163
6302
7562
6164
6303
7563
6165
6304
7564
6166
6305
7565
6167
6306
7566
6168
6307
7567
6169
6308
7568
6170
6309
7569
6171
6310
7570
6172
6311
7571
6173
6312
7572
6174
6313
7573
6175
6314
7574
6176
6315
7575
6177
6316
7576
6178
6317
7577
6179
6318
7578
6180
6319
7579
6181
6320
7580
6182
6321
7581
6183
6322
7582
6184
6323
7583
6185
6324
7584
6186
6325
7585
6187
6326
7586
6188
6327
7587
6189
6328
7588
6190
6329
7589
6191
6330
7590
6192
6331
7591
6193
6332
7592
6194
6333
7593
6195
6334
7594
6196
6335
7595
6197
6336
7596
6198
6337
7597
6199
6338
7598
6200
6339
7599
6201
6340
7600
6202
6341
7601
6203
6342
7602
6204
6343
7603
6205
6344
7604
6206
6345
7605
6207
6346
7606
6208
6347
7607
6209
6348
7608
6210
6349
7609
6211
6350
7610
6212
6351
7611
6213
6352
7612
6214
6353
7613
6215
6354
7614
6216
6355
7615
6217
6356
7616
6218
6357
7617
6219
6358
7618
6220
6359
7619
6221
6360
7620
6222
6361
7621
6223
6362
7622
6224
6363
7623
6225
6364
7624
6226
6365
7625
6227
6366
7626
6228
6367
7627
6229
6368
7628
6230
6369
7629
6231
6370
7630
6232
6371
7631
6233
6372
7632
6234
6373
7633
6235
6374
7634
6236
6375
7635
6237
6376
7636
6238
6377
7637
6239
6378
7638
6240
6379
7639
6241
6380
7640
6242
6381
7641
6243
6382
7642
6244
6383
7643
6245
6384
7644
6246
6385
7645
6247
6386
7646
6248
6387
7647
6249
6388
7648
6250
6389
7649
6251
6390
7650
6252
6391
7651
6253
6392
7652
6254
6393
7653
6255
6394
7654
6256
6395
7655
6257
6396
7656
6258
6397
7657
6259
6398
7658
6260
6399
7659
6261
6400
7660
6262
6401
7661
6263
6402
7662
6264
6403
7663
6265
6404
7664
6266
6405
7665
6267
6406
7666
6268
6407
7667
6269
6408
7668
6270
6409
7669
6271
6410
7670
6272
6411
7671
6273
6412
7672
6274
6413
7673
6275
6414
7674
6276
6415
7675
6277
6416
7676
6278
6417
7677
6279
6418
7678
6280
6419
7679
6281
6420
7680
6282
6421
7681
6283
6422
7682
6284
6423
7683
6285
6424
7684
6286
6425
7685
6287
6426
7686
6288
6427
7687
6289
6428
7688
6290
6429
7689
6291
6430
7690
6292
6431
7691
6293
6432
7692
6294
6433
7693
6295
6434
7694
6296
6435
7695
6297
6436
7696
6298
6437
7697
6299
6438
7698
6439
7699
6301
6440
7700
6302
6441
7701
6303
6442
7702
6304
6443
7703
6305
6444
7704
6306
6445
7705
6307
6446
7706
6308
6447
7707
6309
6448
7708
6310
6449
7709
6311
6450
7710
6312
6451
7711
6313
6452
7712
6314
6453
7713
6315
6454
7714
6316
6455
7715
6317
6456
7716
6318
6457
7717
6319
6458
7718
6320
6459
7719
6321
6460
7720
6322
6461
7721
6323
6462
7722
6324
6463
7723
6325
6464
7724
6326
6465
7725
6327
6466
7726
6328
6467
7727
6329
6468
7728
6330
6469
7729
6331
6470
7730
6332
6471
7731
6333
6472
7732
6334
6473
7733
6335
6474
7734
6336
6475
7735
6337
6476
7736
6338
6477
7737
6339
6478
7738
6340
6479
7739
6341
6480
7740
6342
6481
7741
6343
6482
7742
6344
6483
7743
6345
6484
7744
6346
6485
7745
6347
6486
7746
6348
6487
7747
6349
6488
7748
6350
6489
7749
6351
6490
7750
6352
6491
7751
6353
6492
7752
6354
6493
7753
6355
6494
7754
6356
6495
7755
6357
6496
7756
6358
6497
7757
6359
6498
7758
6360
6499
7759
6361
6500
7760
6362
6501
7761
6363
6502
7762
6364
6503
7763
6365
6504
7764
6366
6505
7765
6367
6506
7766
6368
6507
7767
6369
6508
7768
6370
6509
7769
6371
6510
7770
6372
6511
7771
6373
6512
7772
6374
6513
7773
6375
6514
7774
6376
6515
7775
6377
6516
7776
6378
6517
7777
6379
6518
7778
6380
6519
7779
6381
6520
7780
6382
6521
7781
6383
6522
7782
6384
6523
7783
6385
6524
7784
6386
6525
7785
6387
6526
7786
6388
6527
7787
6389
6528
7788
6390
6529
7789
6391
6530
7790
6392
6531
7791
6393
6532
7792
6394
6533
7793
6395
6534
7794
6396
6535
7795
6397
6536
7796
6398
6537
7797
6399
6538
7798
6400
6539
7799
6401
6540
7800
6402
6541
7801
6403
6542
7802
6404
6543
7803
6405
6544
7804
6406
6545
7805
6407
6546
7806
6408
6547
7807
6409
6548
7808
6410
6549
7809
6411
6550
7810
6412
6551
7811
6413
6552
7812
6414
6553
7813
6415
6554
7814
6416
6555
7815
6417
6556
7816
6418
6557
7817
6419
6558
7818
6420
6559
7819
6421
6560
7820
6422
6561
7821
6423
6562
7822
6424
6563
7823
6425
6564
7824
6426
6565
7825
6427
6566
7826
6428
6567
7827
6429
6568
7828
6430
6569
7829
6431
6570
7830
6432
6571
7831
6433
6572
7832
6434
6573
7833
6435
6574
7834
6436
6575
7835
6437
6576
7836
6438
6577
7837
6439
6578
7838
6579
7839
6441
6580
7840
6442
6581
7841
6443
6582
7842
6444
6583
7843
6445
6584
7844
6446
6585
7845
6447
6586
7846
6448
6587
7847
6449
6588
7848
6450
6589
7849
6451
6590
7850
6452
6591
7851
6453
6592
7852
6454
6593
7853
6455
6594
7854
6456
6595
7855
6457
6596
7856
6458
6597
7857
6459
6598
7858
6460
6599
7859
6461
6600
7860
6462
6601
7861
6463
6602
7862
6464
6603
7863
6465
6604
7864
6466
6605
7865
6467
6606
7866
6468
6607
7867
6469
6608
7868
6470
6609
7869
6471
6610
7870
6472
6611
7871
6473
6612
7872
6474
6613
7873
6475
6614
7874
6476
6615
7875
6477
6616
7876
6478
6617
7877
6479
6618
7878
6480
6619
7879
6481
6620
7880
6482
6621
7881
6483
6622
7882
6484
6623
7883
6485
6624
7884
6486
6625
7885
6487
6626
7886
6488
6627
7887
6489
6628
7888
6490
6629
7889
6491
6630
7890
6492
6631
7891
6493
6632
7892
6494
6633
7893
6495
6634
7894
6496
6635
7895
6497
6636
7896
6498
6637
7897
6499
6638
7898
6500
6639
7899
6501
6640
7900
6502
6641
7901
6503
6642
7902
6504
6643
7903
6505
6644
7904
6506
6645
7905
6507
6646
7906
6508
6647
7907
6509
6648
7908
6510
6649
7909
6511
6650
7910
6512
6651
7911
6513
6652
7912
6514
6653
7913
6515
6654
7914
6516
6655
7915
6517
6656
7916
6518
6657
7917
6519
6658
7918
6520
6659
7919
6521
6660
7920
6522
6661
7921
6523
6662
7922
6524
6663
7923
6525
6664
7924
6526
6665
7925
6527
6666
7926
6528
6667
7927
6529
6668
7928
6530
6669
7929
6531
6670
7930
6532
6671
7931
6533
6672
7932
6534
6673
7933
6535
6674
7934
6536
6675
7935
6537
6676
7936
6538
6677
7937
6539
6678
7938
6540
6679
7939
6541
6680
7940
6542
6681
7941
6543
6682
7942
6544
6683
7943
6545
6684
7944
6546
6685
7945
6547
6686
7946
6548
6687
7947
6549
6688
7948
6550
6689
7949
6551
6690
7950
6552
6691
7951
6553
6692
7952
6554
6693
7953
6555
6694
7954
6556
6695
7955
6557
6696
7956
6558
6697
7957
6559
6698
7958
6560
6699
7959
6561
6700
7960
6562
6701
7961
6563
6702
7962
6564
6703
7963
6565
6704
7964
6566
6705
7965
6567
6706
7966
6568
6707
7967
6569
6708
7968
6570
6709
7969
6571
6710
7970
6572
6711
7971
6573
6712
7972
6574
6713
7973
6575
6714
7974
6576
6715
7975
6577
6716
7976
6578
6717
7977
6579
6718
7978
6719
7979
6581
6720
7980
6582
6721
7981
6583
6722
7982
6584
6723
7983
6585
6724
7984
6586
6725
7985
6587
6726
7986
6588
6727
7987
6589
6728
7988
6590
6729
7989
6591
6730
7990
6592
6731
7991
6593
6732
7992
6594
6733
7993
6595
6734
7994
6596
6735
7995
6597
6736
7996
6598
6737
7997
6599
6738
7998
6600
6739
7999
6601
6740
8000
6602
6741
8001
6603
6742
8002
6604
6743
8003
6605
6744
8004
6606
6745
8005
6607
6746
8006
6608
6747
8007
6609
6748
8008
6610
6749
8009
6611
6750
8010
6612
6751
8011
6613
6752
8012
6614
6753
8013
6615
6754
8014
6616
6755
8015
6617
6756
8016
6618
6757
8017
6619
6758
8018
6620
6759
8019
6621
6760
8020
6622
6761
8021
6623
6762
8022
6624
6763
8023
6625
6764
8024
6626
6765
8025
6627
6766
8026
6628
6767
8027
6629
6768
8028
6630
6769
8029
6631
6770
8030
6632
6771
8031
6633
6772
8032
6634
6773
8033
6635
6774
8034
6636
6775
8035
6637
6776
8036
6638
6777
8037
6639
6778
8038
6640
6779
8039
6641
6780
8040
6642
6781
8041
6643
6782
8042
6644
6783
8043
6645
6784
8044
6646
6785
8045
6647
6786
8046
6648
6787
8047
6649
6788
8048
6650
6789
8049
6651
6790
8050
6652
6791
8051
6653
6792
8052
6654
6793
8053
6655
6794
8054
6656
6795
8055
6657
6796
8056
6658
6797
8057
6659
6798
8058
6660
6799
8059
6661
6800
8060
6662
6801
8061
6663
6802
8062
6664
6803
8063
6665
6804
8064
6666
6805
8065
6667
6806
8066
6668
6807
8067
6669
6808
8068
6670
6809
8069
6671
6810
8070
6672
6811
8071
6673
6812
8072
6674
6813
8073
6675
6814
8074
6676
6815
8075
6677
6816
8076
6678
6817
8077
6679
6818
8078
6680
6819
8079
6681
6820
8080
6682
6821
8081
6683
6822
8082
6684
6823
8083
6685
6824
8084
6686
6825
8085
6687
6826
8086
6688
6827
8087
6689
6828
8088
6690
6829
8089
6691
6830
8090
6692
6831
8091
6693
6832
8092
6694
6833
8093
6695
6834
8094
6696
6835
8095
6697
6836
8096
6698
6837
8097
6699
6838
8098
6700
6839
8099
6701
6840
8100
6702
6841
8101
6703
6842
8102
6704
6843
8103
6705
6844
8104
6706
6845
8105
6707
6846
8106
6708
6847
8107
6709
6848
8108
6710
6849
8109
6711
6850
8110
6712
6851
8111
6713
6852
8112
6714
6853
8113
6715
6854
8114
6716
6855
8115
6717
6856
8116
6718
6857
8117
6719
6858
8118
6859
8119
6721
6860
8120
6722
6861
8121
6723
6862
8122
6724
6863
8123
6725
6864
8124
6726
6865
8125
6727
6866
8126
6728
6867
8127
6729
6868
8128
6730
6869
8129
6731
6870
8130
6732
6871
8131
6733
6872
8132
6734
6873
8133
6735
6874
8134
6736
6875
8135
6737
6876
8136
6738
6877
8137
6739
6878
8138
6740
6879
8139
6741
6880
8140
6742
6881
8141
6743
6882
8142
6744
6883
8143
6745
6884
8144
6746
6885
8145
6747
6886
8146
6748
6887
8147
6749
6888
8148
6750
6889
8149
6751
6890
8150
6752
6891
8151
6753
6892
8152
6754
6893
8153
6755
6894
8154
6756
6895
8155
6757
6896
8156
6758
6897
8157
6759
6898
8158
6760
6899
8159
6761
6900
8160
6762
6901
8161
6763
6902
8162
6764
6903
8163
6765
6904
8164
6766
6905
8165
6767
6906
8166
6768
6907
8167
6769
6908
8168
6770
6909
8169
6771
6910
8170
6772
6911
8171
6773
6912
8172
6774
6913
8173
6775
6914
8174
6776
6915
8175
6777
6916
8176
6778
6917
8177
6779
6918
8178
6780
6919
8179
6781
6920
8180
6782
6921
8181
6783
6922
8182
6784
6923
8183
6785
6924
8184
6786
6925
8185
6787
6926
8186
6788
6927
8187
6789
6928
8188
6790
6929
8189
6791
6930
8190
6792
6931
8191
6793
6932
8192
6794
6933
8193
6795
6934
8194
6796
6935
8195
6797
6936
8196
6798
6937
8197
6799
6938
8198
6800
6939
8199
6801
6940
8200
6802
6941
8201
6803
6942
8202
6804
6943
8203
6805
6944
8204
6806
6945
8205
6807
6946
8206
6808
6947
8207
6809
6948
8208
6810
6949
8209
6811
6950
8210
6812
6951
8211
6813
6952
8212
6814
6953
8213
6815
6954
8214
6816
6955
8215
6817
6956
8216
6818
6957
8217
6819
6958
8218
6820
6959
8219
6821
6960
8220
6822
6961
8221
6823
6962
8222
6824
6963
8223
6825
6964
8224
6826
6965
8225
6827
6966
8226
6828
6967
8227
6829
6968
8228
6830
6969
8229
6831
6970
8230
6832
6971
8231
6833
6972
8232
6834
6973
8233
6835
6974
8234
6836
6975
8235
6837
6976
8236
6838
6977
8237
6839
6978
8238
6840
6979
8239
6841
6980
8240
6842
6981
8241
6843
6982
8242
6844
6983
8243
6845
6984
8244
6846
6985
8245
6847
6986
8246
6848
6987
8247
6849
6988
8248
6850
6989
8249
6851
6990
8250
6852
6991
8251
6853
6992
8252
6854
6993
8253
6855
6994
8254
6856
6995
8255
6857
6996
8256
6858
6997
8257
6859
6998
8258
6999
8259
6861
8260
6862
8261
6863
8262
6864
8263
6865
8264
6866
8265
6867
8266
6868
8267
6869
8268
6870
8269
6871
8270
6872
8271
6873
8272
6874
8273
6875
8274
6876
8275
6877
8276
6878
8277
6879
8278
6880
8279
6881
8280
6882
8281
6883
8282
6884
8283
6885
8284
6886
8285
6887
8286
6888
8287
6889
8288
6890
8289
6891
8290
6892
8291
6893
8292
6894
8293
6895
8294
6896
8295
6897
8296
6898
8297
6899
8298
6900
8299
6901
8300
6902
8301
6903
8302
6904
8303
6905
8304
6906
8305
6907
8306
6908
8307
6909
8308
6910
8309
6911
8310
6912
8311
6913
8312
6914
8313
6915
8314
6916
8315
6917
8316
6918
8317
6919
8318
6920
8319
6921
8320
6922
8321
6923
8322
6924
8323
6925
8324
6926
8325
6927
8326
6928
8327
6929
8328
6930
8329
6931
8330
6932
8331
6933
8332
6934
8333
6935
8334
6936
8335
6937
8336
6938
8337
6939
8338
6940
8339
6941
8340
6942
8341
6943
8342
6944
8343
6945
8344
6946
8345
6947
8346
6948
8347
6949
8348
6950
8349
6951
8350
6952
8351
6953
8352
6954
8353
6955
8354
6956
8355
6957
8356
6958
8357
6959
8358
6960
8359
6961
8360
6962
8361
6963
8362
6964
8363
6965
8364
6966
8365
6967
8366
6968
8367
6969
8368
6970
8369
6971
8370
6972
8371
6973
8372
6974
8373
6975
8374
6976
8375
6977
8376
6978
8377
6979
8378
6980
8379
6981
8380
6982
8381
6983
8382
6984
8383
6985
8384
6986
8385
6987
8386
6988
8387
6989
8388
6990
8389
6991
8390
6992
8391
6993
8392
6994
8393
6995
8394
6996
8395
6997
8396
6998
8397
6999
8398
8399
7001
7140
8400
7002
7141
8401
7003
7142
8402
7004
7143
8403
7005
7144
8404
7006
7145
8405
7007
7146
8406
7008
7147
8407
7009
7148
8408
7010
7149
8409
7011
7150
8410
7012
7151
8411
7013
7152
8412
7014
7153
8413
7015
7154
8414
7016
7155
8415
7017
7156
8416
7018
7157
8417
7019
7158
8418
7020
7159
8419
7021
7160
8420
7022
7161
8421
7023
7162
8422
7024
7163
8423
7025
7164
8424
7026
7165
8425
7027
7166
8426
7028
7167
8427
7029
7168
8428
7030
7169
8429
7031
7170
8430
7032
7171
8431
7033
7172
8432
7034
7173
8433
7035
7174
8434
7036
7175
8435
7037
7176
8436
7038
7177
8437
7039
7178
8438
7040
7179
8439
7041
7180
8440
7042
7181
8441
7043
7182
8442
7044
7183
8443
7045
7184
8444
7046
7185
8445
7047
7186
8446
7048
7187
8447
7049
7188
8448
7050
7189
8449
7051
7190
8450
7052
7191
8451
7053
7192
8452
7054
7193
8453
7055
7194
8454
7056
7195
8455
7057
7196
8456
7058
7197
8457
7059
7198
8458
7060
7199
8459
7061
7200
8460
7062
7201
8461
7063
7202
8462
7064
7203
8463
7065
7204
8464
7066
7205
8465
7067
7206
8466
7068
7207
8467
7069
7208
8468
7070
7209
8469
7071
7210
8470
7072
7211
8471
7073
7212
8472
7074
7213
8473
7075
7214
8474
7076
7215
8475
7077
7216
8476
7078
7217
8477
7079
7218
8478
7080
7219
8479
7081
7220
8480
7082
7221
8481
7083
7222
8482
7084
7223
8483
7085
7224
8484
7086
7225
8485
7087
7226
8486
7088
7227
8487
7089
7228
8488
7090
7229
8489
7091
7230
8490
7092
7231
8491
7093
7232
8492
7094
7233
8493
7095
7234
8494
7096
7235
8495
7097
7236
8496
7098
7237
8497
7099
7238
8498
7100
7239
8499
7101
7240
8500
7102
7241
8501
7103
7242
8502
7104
7243
8503
7105
7244
8504
7106
7245
8505
7107
7246
8506
7108
7247
8507
7109
7248
8508
7110
7249
8509
7111
7250
8510
7112
7251
8511
7113
7252
8512
7114
7253
8513
7115
7254
8514
7116
7255
8515
7117
7256
8516
7118
7257
8517
7119
7258
8518
7120
7259
8519
7121
7260
8520
7122
7261
8521
7123
7262
8522
7124
7263
8523
7125
7264
8524
7126
7265
8525
7127
7266
8526
7128
7267
8527
7129
7268
8528
7130
7269
8529
7131
7270
8530
7132
7271
8531
7133
7272
8532
7134
7273
8533
7135
7274
8534
7136
7275
8535
7137
7276
8536
7138
7277
8537
7139
7278
8538
7279
8539
7141
7280
8540
7142
7281
8541
7143
7282
8542
7144
7283
8543
7145
7284
8544
7146
7285
8545
7147
7286
8546
7148
7287
8547
7149
7288
8548
7150
7289
8549
7151
7290
8550
7152
7291
8551
7153
7292
8552
7154
7293
8553
7155
7294
8554
7156
7295
8555
7157
7296
8556
7158
7297
8557
7159
7298
8558
7160
7299
8559
7161
7300
8560
7162
7301
8561
7163
7302
8562
7164
7303
8563
7165
7304
8564
7166
7305
8565
7167
7306
8566
7168
7307
8567
7169
7308
8568
7170
7309
8569
7171
7310
8570
7172
7311
8571
7173
7312
8572
7174
7313
8573
7175
7314
8574
7176
7315
8575
7177
7316
8576
7178
7317
8577
7179
7318
8578
7180
7319
8579
7181
7320
8580
7182
7321
8581
7183
7322
8582
7184
7323
8583
7185
7324
8584
7186
7325
8585
7187
7326
8586
7188
7327
8587
7189
7328
8588
7190
7329
8589
7191
7330
8590
7192
7331
8591
7193
7332
8592
7194
7333
8593
7195
7334
8594
7196
7335
8595
7197
7336
8596
7198
7337
8597
7199
7338
8598
7200
7339
8599
7201
7340
8600
7202
7341
8601
7203
7342
8602
7204
7343
8603
7205
7344
8604
7206
7345
8605
7207
7346
8606
7208
7347
8607
7209
7348
8608
7210
7349
8609
7211
7350
8610
7212
7351
8611
7213
7352
8612
7214
7353
8613
7215
7354
8614
7216
7355
8615
7217
7356
8616
7218
7357
8617
7219
7358
8618
7220
7359
8619
7221
7360
8620
7222
7361
8621
7223
7362
8622
7224
7363
8623
7225
7364
8624
7226
7365
8625
7227
7366
8626
7228
7367
8627
7229
7368
8628
7230
7369
8629
7231
7370
8630
7232
7371
8631
7233
7372
8632
7234
7373
8633
7235
7374
8634
7236
7375
8635
7237
7376
8636
7238
7377
8637
7239
7378
8638
7240
7379
8639
7241
7380
8640
7242
7381
8641
7243
7382
8642
7244
7383
8643
7245
7384
8644
7246
7385
8645
7247
7386
8646
7248
7387
8647
7249
7388
8648
7250
7389
8649
7251
7390
8650
7252
7391
8651
7253
7392
8652
7254
7393
8653
7255
7394
8654
7256
7395
8655
7257
7396
8656
7258
7397
8657
7259
7398
8658
7260
7399
8659
7261
7400
8660
7262
7401
8661
7263
7402
8662
7264
7403
8663
7265
7404
8664
7266
7405
8665
7267
7406
8666
7268
7407
8667
7269
7408
8668
7270
7409
8669
7271
7410
8670
7272
7411
8671
7273
7412
8672
7274
7413
8673
7275
7414
8674
7276
7415
8675
7277
7416
8676
7278
7417
8677
7279
7418
8678
7419
8679
7281
7420
8680
7282
7421
8681
7283
7422
8682
7284
7423
8683
7285
7424
8684
7286
7425
8685
7287
7426
8686
7288
7427
8687
7289
7428
8688
7290
7429
8689
7291
7430
8690
7292
7431
8691
7293
7432
8692
7294
7433
8693
7295
7434
8694
7296
7435
8695
7297
7436
8696
7298
7437
8697
7299
7438
8698
7300
7439
8699
7301
7440
8700
7302
7441
8701
7303
7442
8702
7304
7443
8703
7305
7444
8704
7306
7445
8705
7307
7446
8706
7308
7447
8707
7309
7448
8708
7310
7449
8709
7311
7450
8710
7312
7451
8711
7313
7452
8712
7314
7453
8713
7315
7454
8714
7316
7455
8715
7317
7456
8716
7318
7457
8717
7319
7458
8718
7320
7459
8719
7321
7460
8720
7322
7461
8721
7323
7462
8722
7324
7463
8723
7325
7464
8724
7326
7465
8725
7327
7466
8726
7328
7467
8727
7329
7468
8728
7330
7469
8729
7331
7470
8730
7332
7471
8731
7333
7472
8732
7334
7473
8733
7335
7474
8734
7336
7475
8735
7337
7476
8736
7338
7477
8737
7339
7478
8738
7340
7479
8739
7341
7480
8740
7342
7481
8741
7343
7482
8742
7344
7483
8743
7345
7484
8744
7346
7485
8745
7347
7486
8746
7348
7487
8747
7349
7488
8748
7350
7489
8749
7351
7490
8750
7352
7491
8751
7353
7492
8752
7354
7493
8753
7355
7494
8754
7356
7495
8755
7357
7496
8756
7358
7497
8757
7359
7498
8758
7360
7499
8759
7361
7500
8760
7362
7501
8761
7363
7502
8762
7364
7503
8763
7365
7504
8764
7366
7505
8765
7367
7506
8766
7368
7507
8767
7369
7508
8768
7370
7509
8769
7371
7510
8770
7372
7511
8771
7373
7512
8772
7374
7513
8773
7375
7514
8774
7376
7515
8775
7377
7516
8776
7378
7517
8777
7379
7518
8778
7380
7519
8779
7381
7520
8780
7382
7521
8781
7383
7522
8782
7384
7523
8783
7385
7524
8784
7386
7525
8785
7387
7526
8786
7388
7527
8787
7389
7528
8788
7390
7529
8789
7391
7530
8790
7392
7531
8791
7393
7532
8792
7394
7533
8793
7395
7534
8794
7396
7535
8795
7397
7536
8796
7398
7537
8797
7399
7538
8798
7400
7539
8799
7401
7540
8800
7402
7541
8801
7403
7542
8802
7404
7543
8803
7405
7544
8804
7406
7545
8805
7407
7546
8806
7408
7547
8807
7409
7548
8808
7410
7549
8809
7411
7550
8810
7412
7551
8811
7413
7552
8812
7414
7553
8813
7415
7554
8814
7416
7555
8815
7417
7556
8816
7418
7557
8817
7419
7558
8818
7559
8819
7421
7560
8820
7422
7561
8821
7423
7562
8822
7424
7563
8823
7425
7564
8824
7426
7565
8825
7427
7566
8826
7428
7567
8827
7429
7568
8828
7430
7569
8829
7431
7570
8830
7432
7571
8831
7433
7572
8832
7434
7573
8833
7435
7574
8834
7436
7575
8835
7437
7576
8836
7438
7577
8837
7439
7578
8838
7440
7579
8839
7441
7580
8840
7442
7581
8841
7443
7582
8842
7444
7583
8843
7445
7584
8844
7446
7585
8845
7447
7586
8846
7448
7587
8847
7449
7588
8848
7450
7589
8849
7451
7590
8850
7452
7591
8851
7453
7592
8852
7454
7593
8853
7455
7594
8854
7456
7595
8855
7457
7596
8856
7458
7597
8857
7459
7598
8858
7460
7599
8859
7461
7600
8860
7462
7601
8861
7463
7602
8862
7464
7603
8863
7465
7604
8864
7466
7605
8865
7467
7606
8866
7468
7607
8867
7469
7608
8868
7470
7609
8869
7471
7610
8870
7472
7611
8871
7473
7612
8872
7474
7613
8873
7475
7614
8874
7476
7615
8875
7477
7616
8876
7478
7617
8877
7479
7618
8878
7480
7619
8879
7481
7620
8880
7482
7621
8881
7483
7622
8882
7484
7623
8883
7485
7624
8884
7486
7625
8885
7487
7626
8886
7488
7627
8887
7489
7628
8888
7490
7629
8889
7491
7630
8890
7492
7631
8891
7493
7632
8892
7494
7633
8893
7495
7634
8894
7496
7635
8895
7497
7636
8896
7498
7637
8897
7499
7638
8898
7500
7639
8899
7501
7640
8900
7502
7641
8901
7503
7642
8902
7504
7643
8903
7505
7644
8904
7506
7645
8905
7507
7646
8906
7508
7647
8907
7509
7648
8908
7510
7649
8909
7511
7650
8910
7512
7651
8911
7513
7652
8912
7514
7653
8913
7515
7654
8914
7516
7655
8915
7517
7656
8916
7518
7657
8917
7519
7658
8918
7520
7659
8919
7521
7660
8920
7522
7661
8921
7523
7662
8922
7524
7663
8923
7525
7664
8924
7526
7665
8925
7527
7666
8926
7528
7667
8927
7529
7668
8928
7530
7669
8929
7531
7670
8930
7532
7671
8931
7533
7672
8932
7534
7673
8933
7535
7674
8934
7536
7675
8935
7537
7676
8936
7538
7677
8937
7539
7678
8938
7540
7679
8939
7541
7680
8940
7542
7681
8941
7543
7682
8942
7544
7683
8943
7545
7684
8944
7546
7685
8945
7547
7686
8946
7548
7687
8947
7549
7688
8948
7550
7689
8949
7551
7690
8950
7552
7691
8951
7553
7692
8952
7554
7693
8953
7555
7694
8954
7556
7695
8955
7557
7696
8956
7558
7697
8957
7559
7698
8958
7699
8959
7561
7700
8960
7562
7701
8961
7563
7702
8962
7564
7703
8963
7565
7704
8964
7566
7705
8965
7567
7706
8966
7568
7707
8967
7569
7708
8968
7570
7709
8969
7571
7710
8970
7572
7711
8971
7573
7712
8972
7574
7713
8973
7575
7714
8974
7576
7715
8975
7577
7716
8976
7578
7717
8977
7579
7718
8978
7580
7719
8979
7581
7720
8980
7582
7721
8981
7583
7722
8982
7584
7723
8983
7585
7724
8984
7586
7725
8985
7587
7726
8986
7588
7727
8987
7589
7728
8988
7590
7729
8989
7591
7730
8990
7592
7731
8991
7593
7732
8992
7594
7733
8993
7595
7734
8994
7596
7735
8995
7597
7736
8996
7598
7737
8997
7599
7738
8998
7600
7739
8999
7601
7740
9000
7602
7741
9001
7603
7742
9002
7604
7743
9003
7605
7744
9004
7606
7745
9005
7607
7746
9006
7608
7747
9007
7609
7748
9008
7610
7749
9009
7611
7750
9010
7612
7751
9011
7613
7752
9012
7614
7753
9013
7615
7754
9014
7616
7755
9015
7617
7756
9016
7618
7757
9017
7619
7758
9018
7620
7759
9019
7621
7760
9020
7622
7761
9021
7623
7762
9022
7624
7763
9023
7625
7764
9024
7626
7765
9025
7627
7766
9026
7628
7767
9027
7629
7768
9028
7630
7769
9029
7631
7770
9030
7632
7771
9031
7633
7772
9032
7634
7773
9033
7635
7774
9034
7636
7775
9035
7637
7776
9036
7638
7777
9037
7639
7778
9038
7640
7779
9039
7641
7780
9040
7642
7781
9041
7643
7782
9042
7644
7783
9043
7645
7784
9044
7646
7785
9045
7647
7786
9046
7648
7787
9047
7649
7788
9048
7650
7789
9049
7651
7790
9050
7652
7791
9051
7653
7792
9052
7654
7793
9053
7655
7794
9054
7656
7795
9055
7657
7796
9056
7658
7797
9057
7659
7798
9058
7660
7799
9059
7661
7800
9060
7662
7801
9061
7663
7802
9062
7664
7803
9063
7665
7804
9064
7666
7805
9065
7667
7806
9066
7668
7807
9067
7669
7808
9068
7670
7809
9069
7671
7810
9070
7672
7811
9071
7673
7812
9072
7674
7813
9073
7675
7814
9074
7676
7815
9075
7677
7816
9076
7678
7817
9077
7679
7818
9078
7680
7819
9079
7681
7820
9080
7682
7821
9081
7683
7822
9082
7684
7823
9083
7685
7824
9084
7686
7825
9085
7687
7826
9086
7688
7827
9087
7689
7828
9088
7690
7829
9089
7691
7830
9090
7692
7831
9091
7693
7832
9092
7694
7833
9093
7695
7834
9094
7696
7835
9095
7697
7836
9096
7698
7837
9097
7699
7838
9098
7839
9099
7701
7840
9100
7702
7841
9101
7703
7842
9102
7704
7843
9103
7705
7844
9104
7706
7845
9105
7707
7846
9106
7708
7847
9107
7709
7848
9108
7710
7849
9109
7711
7850
9110
7712
7851
9111
7713
7852
9112
7714
7853
9113
7715
7854
9114
7716
7855
9115
7717
7856
9116
7718
7857
9117
7719
7858
9118
7720
7859
9119
7721
7860
9120
7722
7861
9121
7723
7862
9122
7724
7863
9123
7725
7864
9124
7726
7865
9125
7727
7866
9126
7728
7867
9127
7729
7868
9128
7730
7869
9129
7731
7870
9130
7732
7871
9131
7733
7872
9132
7734
7873
9133
7735
7874
9134
7736
7875
9135
7737
7876
9136
7738
7877
9137
7739
7878
9138
7740
7879
9139
7741
7880
9140
7742
7881
9141
7743
7882
9142
7744
7883
9143
7745
7884
9144
7746
7885
9145
7747
7886
9146
7748
7887
9147
7749
7888
9148
7750
7889
9149
7751
7890
9150
7752
7891
9151
7753
7892
9152
7754
7893
9153
7755
7894
9154
7756
7895
9155
7757
7896
9156
7758
7897
9157
7759
7898
9158
7760
7899
9159
7761
7900
9160
7762
7901
9161
7763
7902
9162
7764
7903
9163
7765
7904
9164
7766
7905
9165
7767
7906
9166
7768
7907
9167
7769
7908
9168
7770
7909
9169
7771
7910
9170
7772
7911
9171
7773
7912
9172
7774
7913
9173
7775
7914
9174
7776
7915
9175
7777
7916
9176
7778
7917
9177
7779
7918
9178
7780
7919
9179
7781
7920
9180
7782
7921
9181
7783
7922
9182
7784
7923
9183
7785
7924
9184
7786
7925
9185
7787
7926
9186
7788
7927
9187
7789
7928
9188
7790
7929
9189
7791
7930
9190
7792
7931
9191
7793
7932
9192
7794
7933
9193
7795
7934
9194
7796
7935
9195
7797
7936
9196
7798
7937
9197
7799
7938
9198
7800
7939
9199
7801
7940
9200
7802
7941
9201
7803
7942
9202
7804
7943
9203
7805
7944
9204
7806
7945
9205
7807
7946
9206
7808
7947
9207
7809
7948
9208
7810
7949
9209
7811
7950
9210
7812
7951
9211
7813
7952
9212
7814
7953
9213
7815
7954
9214
7816
7955
9215
7817
7956
9216
7818
7957
9217
7819
7958
9218
7820
7959
9219
7821
7960
9220
7822
7961
9221
7823
7962
9222
7824
7963
9223
7825
7964
9224
7826
7965
9225
7827
7966
9226
7828
7967
9227
7829
7968
9228
7830
7969
9229
7831
7970
9230
7832
7971
9231
7833
7972
9232
7834
7973
9233
7835
7974
9234
7836
7975
9235
7837
7976
9236
7838
7977
9237
7839
7978
9238
7979
9239
7841
7980
9240
7842
7981
9241
7843
7982
9242
7844
7983
9243
7845
7984
9244
7846
7985
9245
7847
7986
9246
7848
7987
9247
7849
7988
9248
7850
7989
9249
7851
7990
9250
7852
7991
9251
7853
7992
9252
7854
7993
9253
7855
7994
9254
7856
7995
9255
7857
7996
9256
7858
7997
9257
7859
7998
9258
7860
7999
9259
7861
8000
9260
7862
8001
9261
7863
8002
9262
7864
8003
9263
7865
8004
9264
7866
8005
9265
7867
8006
9266
7868
8007
9267
7869
8008
9268
7870
8009
9269
7871
8010
9270
7872
8011
9271
7873
8012
9272
7874
8013
9273
7875
8014
9274
7876
8015
9275
7877
8016
9276
7878
8017
9277
7879
8018
9278
7880
8019
9279
7881
8020
9280
7882
8021
9281
7883
8022
9282
7884
8023
9283
7885
8024
9284
7886
8025
9285
7887
8026
9286
7888
8027
9287
7889
8028
9288
7890
8029
9289
7891
8030
9290
7892
8031
9291
7893
8032
9292
7894
8033
9293
7895
8034
9294
7896
8035
9295
7897
8036
9296
7898
8037
9297
7899
8038
9298
7900
8039
9299
7901
8040
9300
7902
8041
9301
7903
8042
9302
7904
8043
9303
7905
8044
9304
7906
8045
9305
7907
8046
9306
7908
8047
9307
7909
8048
9308
7910
8049
9309
7911
8050
9310
7912
8051
9311
7913
8052
9312
7914
8053
9313
7915
8054
9314
7916
8055
9315
7917
8056
9316
7918
8057
9317
7919
8058
9318
7920
8059
9319
7921
8060
9320
7922
8061
9321
7923
8062
9322
7924
8063
9323
7925
8064
9324
7926
8065
9325
7927
8066
9326
7928
8067
9327
7929
8068
9328
7930
8069
9329
7931
8070
9330
7932
8071
9331
7933
8072
9332
7934
8073
9333
7935
8074
9334
7936
8075
9335
7937
8076
9336
7938
8077
9337
7939
8078
9338
7940
8079
9339
7941
8080
9340
7942
8081
9341
7943
8082
9342
7944
8083
9343
7945
8084
9344
7946
8085
9345
7947
8086
9346
7948
8087
9347
7949
8088
9348
7950
8089
9349
7951
8090
9350
7952
8091
9351
7953
8092
9352
7954
8093
9353
7955
8094
9354
7956
8095
9355
7957
8096
9356
7958
8097
9357
7959
8098
9358
7960
8099
9359
7961
8100
9360
7962
8101
9361
7963
8102
9362
7964
8103
9363
7965
8104
9364
7966
8105
9365
7967
8106
9366
7968
8107
9367
7969
8108
9368
7970
8109
9369
7971
8110
9370
7972
8111
9371
7973
8112
9372
7974
8113
9373
7975
8114
9374
7976
8115
9375
7977
8116
9376
7978
8117
9377
7979
8118
9378
8119
9379
7981
8120
9380
7982
8121
9381
7983
8122
9382
7984
8123
9383
7985
8124
9384
7986
8125
9385
7987
8126
9386
7988
8127
9387
7989
8128
9388
7990
8129
9389
7991
8130
9390
7992
8131
9391
7993
8132
9392
7994
8133
9393
7995
8134
9394
7996
8135
9395
7997
8136
9396
7998
8137
9397
7999
8138
9398
8000
8139
9399
8001
8140
9400
8002
8141
9401
8003
8142
9402
8004
8143
9403
8005
8144
9404
8006
8145
9405
8007
8146
9406
8008
8147
9407
8009
8148
9408
8010
8149
9409
8011
8150
9410
8012
8151
9411
8013
8152
9412
8014
8153
9413
8015
8154
9414
8016
8155
9415
8017
8156
9416
8018
8157
9417
8019
8158
9418
8020
8159
9419
8021
8160
9420
8022
8161
9421
8023
8162
9422
8024
8163
9423
8025
8164
9424
8026
8165
9425
8027
8166
9426
8028
8167
9427
8029
8168
9428
8030
8169
9429
8031
8170
9430
8032
8171
9431
8033
8172
9432
8034
8173
9433
8035
8174
9434
8036
8175
9435
8037
8176
9436
8038
8177
9437
8039
8178
9438
8040
8179
9439
8041
8180
9440
8042
8181
9441
8043
8182
9442
8044
8183
9443
8045
8184
9444
8046
8185
9445
8047
8186
9446
8048
8187
9447
8049
8188
9448
8050
8189
9449
8051
8190
9450
8052
8191
9451
8053
8192
9452
8054
8193
9453
8055
8194
9454
8056
8195
9455
8057
8196
9456
8058
8197
9457
8059
8198
9458
8060
8199
9459
8061
8200
9460
8062
8201
9461
8063
8202
9462
8064
8203
9463
8065
8204
9464
8066
8205
9465
8067
8206
9466
8068
8207
9467
8069
8208
9468
8070
8209
9469
8071
8210
9470
8072
8211
9471
8073
8212
9472
8074
8213
9473
8075
8214
9474
8076
8215
9475
8077
8216
9476
8078
8217
9477
8079
8218
9478
8080
8219
9479
8081
8220
9480
8082
8221
9481
8083
8222
9482
8084
8223
9483
8085
8224
9484
8086
8225
9485
8087
8226
9486
8088
8227
9487
8089
8228
9488
8090
8229
9489
8091
8230
9490
8092
8231
9491
8093
8232
9492
8094
8233
9493
8095
8234
9494
8096
8235
9495
8097
8236
9496
8098
8237
9497
8099
8238
9498
8100
8239
9499
8101
8240
9500
8102
8241
9501
8103
8242
9502
8104
8243
9503
8105
8244
9504
8106
8245
9505
8107
8246
9506
8108
8247
9507
8109
8248
9508
8110
8249
9509
8111
8250
9510
8112
8251
9511
8113
8252
9512
8114
8253
9513
8115
8254
9514
8116
8255
9515
8117
8256
9516
8118
8257
9517
8119
8258
9518
8259
9519
8121
8260
9520
8122
8261
9521
8123
8262
9522
8124
8263
9523
8125
8264
9524
8126
8265
9525
8127
8266
9526
8128
8267
9527
8129
8268
9528
8130
8269
9529
8131
8270
9530
8132
8271
9531
8133
8272
9532
8134
8273
9533
8135
8274
9534
8136
8275
9535
8137
8276
9536
8138
8277
9537
8139
8278
9538
8140
8279
9539
8141
8280
9540
8142
8281
9541
8143
8282
9542
8144
8283
9543
8145
8284
9544
8146
8285
9545
8147
8286
9546
8148
8287
9547
8149
8288
9548
8150
8289
9549
8151
8290
9550
8152
8291
9551
8153
8292
9552
8154
8293
9553
8155
8294
9554
8156
8295
9555
8157
8296
9556
8158
8297
9557
8159
8298
9558
8160
8299
9559
8161
8300
9560
8162
8301
9561
8163
8302
9562
8164
8303
9563
8165
8304
9564
8166
8305
9565
8167
8306
9566
8168
8307
9567
8169
8308
9568
8170
8309
9569
8171
8310
9570
8172
8311
9571
8173
8312
9572
8174
8313
9573
8175
8314
9574
8176
8315
9575
8177
8316
9576
8178
8317
9577
8179
8318
9578
8180
8319
9579
8181
8320
9580
8182
8321
9581
8183
8322
9582
8184
8323
9583
8185
8324
9584
8186
8325
9585
8187
8326
9586
8188
8327
9587
8189
8328
9588
8190
8329
9589
8191
8330
9590
8192
8331
9591
8193
8332
9592
8194
8333
9593
8195
8334
9594
8196
8335
9595
8197
8336
9596
8198
8337
9597
8199
8338
9598
8200
8339
9599
8201
8340
9600
8202
8341
9601
8203
8342
9602
8204
8343
9603
8205
8344
9604
8206
8345
9605
8207
8346
9606
8208
8347
9607
8209
8348
9608
8210
8349
9609
8211
8350
9610
8212
8351
9611
8213
8352
9612
8214
8353
9613
8215
8354
9614
8216
8355
9615
8217
8356
9616
8218
8357
9617
8219
8358
9618
8220
8359
9619
8221
8360
9620
8222
8361
9621
8223
8362
9622
8224
8363
9623
8225
8364
9624
8226
8365
9625
8227
8366
9626
8228
8367
9627
8229
8368
9628
8230
8369
9629
8231
8370
9630
8232
8371
9631
8233
8372
9632
8234
8373
9633
8235
8374
9634
8236
8375
9635
8237
8376
9636
8238
8377
9637
8239
8378
9638
8240
8379
9639
8241
8380
9640
8242
8381
9641
8243
8382
9642
8244
8383
9643
8245
8384
9644
8246
8385
9645
8247
8386
9646
8248
8387
9647
8249
8388
9648
8250
8389
9649
8251
8390
9650
8252
8391
9651
8253
8392
9652
8254
8393
9653
8255
8394
9654
8256
8395
9655
8257
8396
9656
8258
8397
9657
8259
8398
9658
8399
9659
8261
9660
8262
9661
8263
9662
8264
9663
8265
9664
8266
9665
8267
9666
8268
9667
8269
9668
8270
9669
8271
9670
8272
9671
8273
9672
8274
9673
8275
9674
8276
9675
8277
9676
8278
9677
8279
9678
8280
9679
8281
9680
8282
9681
8283
9682
8284
9683
8285
9684
8286
9685
8287
9686
8288
9687
8289
9688
8290
9689
8291
9690
8292
9691
8293
9692
8294
9693
8295
9694
8296
9695
8297
9696
8298
9697
8299
9698
8300
9699
8301
9700
8302
9701
8303
9702
8304
9703
8305
9704
8306
9705
8307
9706
8308
9707
8309
9708
8310
9709
8311
9710
8312
9711
8313
9712
8314
9713
8315
9714
8316
9715
8317
9716
8318
9717
8319
9718
8320
9719
8321
9720
8322
9721
8323
9722
8324
9723
8325
9724
8326
9725
8327
9726
8328
9727
8329
9728
8330
9729
8331
9730
8332
9731
8333
9732
8334
9733
8335
9734
8336
9735
8337
9736
8338
9737
8339
9738
8340
9739
8341
9740
8342
9741
8343
9742
8344
9743
8345
9744
8346
9745
8347
9746
8348
9747
8349
9748
8350
9749
8351
9750
8352
9751
8353
9752
8354
9753
8355
9754
8356
9755
8357
9756
8358
9757
8359
9758
8360
9759
8361
9760
8362
9761
8363
9762
8364
9763
8365
9764
8366
9765
8367
9766
8368
9767
8369
9768
8370
9769
8371
9770
8372
9771
8373
9772
8374
9773
8375
9774
8376
9775
8377
9776
8378
9777
8379
9778
8380
9779
8381
9780
8382
9781
8383
9782
8384
9783
8385
9784
8386
9785
8387
9786
8388
9787
8389
9788
8390
9789
8391
9790
8392
9791
8393
9792
8394
9793
8395
9794
8396
9795
8397
9796
8398
9797
8399
9798
9799
8401
8540
9800
8402
8541
9801
8403
8542
9802
8404
8543
9803
8405
8544
9804
8406
8545
9805
8407
8546
9806
8408
8547
9807
8409
8548
9808
8410
8549
9809
8411
8550
9810
8412
8551
9811
8413
8552
9812
8414
8553
9813
8415
8554
9814
8416
8555
9815
8417
8556
9816
8418
8557
9817
8419
8558
9818
8420
8559
9819
8421
8560
9820
8422
8561
9821
8423
8562
9822
8424
8563
9823
8425
8564
9824
8426
8565
9825
8427
8566
9826
8428
8567
9827
8429
8568
9828
8430
8569
9829
8431
8570
9830
8432
8571
9831
8433
8572
9832
8434
8573
9833
8435
8574
9834
8436
8575
9835
8437
8576
9836
8438
8577
9837
8439
8578
9838
8440
8579
9839
8441
8580
9840
8442
8581
9841
8443
8582
9842
8444
8583
9843
8445
8584
9844
8446
8585
9845
8447
8586
9846
8448
8587
9847
8449
8588
9848
8450
8589
9849
8451
8590
9850
8452
8591
9851
8453
8592
9852
8454
8593
9853
8455
8594
9854
8456
8595
9855
8457
8596
9856
8458
8597
9857
8459
8598
9858
8460
8599
9859
8461
8600
9860
8462
8601
9861
8463
8602
9862
8464
8603
9863
8465
8604
9864
8466
8605
9865
8467
8606
9866
8468
8607
9867
8469
8608
9868
8470
8609
9869
8471
8610
9870
8472
8611
9871
8473
8612
9872
8474
8613
9873
8475
8614
9874
8476
8615
9875
8477
8616
9876
8478
8617
9877
8479
8618
9878
8480
8619
9879
8481
8620
9880
8482
8621
9881
8483
8622
9882
8484
8623
9883
8485
8624
9884
8486
8625
9885
8487
8626
9886
8488
8627
9887
8489
8628
9888
8490
8629
9889
8491
8630
9890
8492
8631
9891
8493
8632
9892
8494
8633
9893
8495
8634
9894
8496
8635
9895
8497
8636
9896
8498
8637
9897
8499
8638
9898
8500
8639
9899
8501
8640
9900
8502
8641
9901
8503
8642
9902
8504
8643
9903
8505
8644
9904
8506
8645
9905
8507
8646
9906
8508
8647
9907
8509
8648
9908
8510
8649
9909
8511
8650
9910
8512
8651
9911
8513
8652
9912
8514
8653
9913
8515
8654
9914
8516
8655
9915
8517
8656
9916
8518
8657
9917
8519
8658
9918
8520
8659
9919
8521
8660
9920
8522
8661
9921
8523
8662
9922
8524
8663
9923
8525
8664
9924
8526
8665
9925
8527
8666
9926
8528
8667
9927
8529
8668
9928
8530
8669
9929
8531
8670
9930
8532
8671
9931
8533
8672
9932
8534
8673
9933
8535
8674
9934
8536
8675
9935
8537
8676
9936
8538
8677
9937
8539
8678
9938
8679
9939
8541
8680
9940
8542
8681
9941
8543
8682
9942
8544
8683
9943
8545
8684
9944
8546
8685
9945
8547
8686
9946
8548
8687
9947
8549
8688
9948
8550
8689
9949
8551
8690
9950
8552
8691
9951
8553
8692
9952
8554
8693
9953
8555
8694
9954
8556
8695
9955
8557
8696
9956
8558
8697
9957
8559
8698
9958
8560
8699
9959
8561
8700
9960
8562
8701
9961
8563
8702
9962
8564
8703
9963
8565
8704
9964
8566
8705
9965
8567
8706
9966
8568
8707
9967
8569
8708
9968
8570
8709
9969
8571
8710
9970
8572
8711
9971
8573
8712
9972
8574
8713
9973
8575
8714
9974
8576
8715
9975
8577
8716
9976
8578
8717
9977
8579
8718
9978
8580
8719
9979
8581
8720
9980
8582
8721
9981
8583
8722
9982
8584
8723
9983
8585
8724
9984
8586
8725
9985
8587
8726
9986
8588
8727
9987
8589
8728
9988
8590
8729
9989
8591
8730
9990
8592
8731
9991
8593
8732
9992
8594
8733
9993
8595
8734
9994
8596
8735
9995
8597
8736
9996
8598
8737
9997
8599
8738
9998
8600
8739
9999
8601
8740
10000
8602
8741
10001
8603
8742
10002
8604
8743
10003
8605
8744
10004
8606
8745
10005
8607
8746
10006
8608
8747
10007
8609
8748
10008
8610
8749
10009
8611
8750
10010
8612
8751
10011
8613
8752
10012
8614
8753
10013
8615
8754
10014
8616
8755
10015
8617
8756
10016
8618
8757
10017
8619
8758
10018
8620
8759
10019
8621
8760
10020
8622
8761
10021
8623
8762
10022
8624
8763
10023
8625
8764
10024
8626
8765
10025
8627
8766
10026
8628
8767
10027
8629
8768
10028
8630
8769
10029
8631
8770
10030
8632
8771
10031
8633
8772
10032
8634
8773
10033
8635
8774
10034
8636
8775
10035
8637
8776
10036
8638
8777
10037
8639
8778
10038
8640
8779
10039
8641
8780
10040
8642
8781
10041
8643
8782
10042
8644
8783
10043
8645
8784
10044
8646
8785
10045
8647
8786
10046
8648
8787
10047
8649
8788
10048
8650
8789
10049
8651
8790
10050
8652
8791
10051
8653
8792
10052
8654
8793
10053
8655
8794
10054
8656
8795
10055
8657
8796
10056
8658
8797
10057
8659
8798
10058
8660
8799
10059
8661
8800
10060
8662
8801
10061
8663
8802
10062
8664
8803
10063
8665
8804
10064
8666
8805
10065
8667
8806
10066
8668
8807
10067
8669
8808
10068
8670
8809
10069
8671
8810
10070
8672
8811
10071
8673
8812
10072
8674
8813
10073
8675
8814
10074
8676
8815
10075
8677
8816
10076
8678
8817
10077
8679
8818
10078
8819
10079
8681
8820
10080
8682
8821
10081
8683
8822
10082
8684
8823
10083
8685
8824
10084
8686
8825
10085
8687
8826
10086
8688
8827
10087
8689
8828
10088
8690
8829
10089
8691
8830
10090
8692
8831
10091
8693
8832
10092
8694
8833
10093
8695
8834
10094
8696
8835
10095
8697
8836
10096
8698
8837
10097
8699
8838
10098
8700
8839
10099
8701
8840
10100
8702
8841
10101
8703
8842
10102
8704
8843
10103
8705
8844
10104
8706
8845
10105
8707
8846
10106
8708
8847
10107
8709
8848
10108
8710
8849
10109
8711
8850
10110
8712
8851
10111
8713
8852
10112
8714
8853
10113
8715
8854
10114
8716
8855
10115
8717
8856
10116
8718
8857
10117
8719
8858
10118
8720
8859
10119
8721
8860
10120
8722
8861
10121
8723
8862
10122
8724
8863
10123
8725
8864
10124
8726
8865
10125
8727
8866
10126
8728
8867
10127
8729
8868
10128
8730
8869
10129
8731
8870
10130
8732
8871
10131
8733
8872
10132
8734
8873
10133
8735
8874
10134
8736
8875
10135
8737
8876
10136
8738
8877
10137
8739
8878
10138
8740
8879
10139
8741
8880
10140
8742
8881
10141
8743
8882
10142
8744
8883
10143
8745
8884
10144
8746
8885
10145
8747
8886
10146
8748
8887
10147
8749
8888
10148
8750
8889
10149
8751
8890
10150
8752
8891
10151
8753
8892
10152
8754
8893
10153
8755
8894
10154
8756
8895
10155
8757
8896
10156
8758
8897
10157
8759
8898
10158
8760
8899
10159
8761
8900
10160
8762
8901
10161
8763
8902
10162
8764
8903
10163
8765
8904
10164
8766
8905
10165
8767
8906
10166
8768
8907
10167
8769
8908
10168
8770
8909
10169
8771
8910
10170
8772
8911
10171
8773
8912
10172
8774
8913
10173
8775
8914
10174
8776
8915
10175
8777
8916
10176
8778
8917
10177
8779
8918
10178
8780
8919
10179
8781
8920
10180
8782
8921
10181
8783
8922
10182
8784
8923
10183
8785
8924
10184
8786
8925
10185
8787
8926
10186
8788
8927
10187
8789
8928
10188
8790
8929
10189
8791
8930
10190
8792
8931
10191
8793
8932
10192
8794
8933
10193
8795
8934
10194
8796
8935
10195
8797
8936
10196
8798
8937
10197
8799
8938
10198
8800
8939
10199
8801
8940
10200
8802
8941
10201
8803
8942
10202
8804
8943
10203
8805
8944
10204
8806
8945
10205
8807
8946
10206
8808
8947
10207
8809
8948
10208
8810
8949
10209
8811
8950
10210
8812
8951
10211
8813
8952
10212
8814
8953
10213
8815
8954
10214
8816
8955
10215
8817
8956
10216
8818
8957
10217
8819
8958
10218
8959
10219
8821
8960
10220
8822
8961
10221
8823
8962
10222
8824
8963
10223
8825
8964
10224
8826
8965
10225
8827
8966
10226
8828
8967
10227
8829
8968
10228
8830
8969
10229
8831
8970
10230
8832
8971
10231
8833
8972
10232
8834
8973
10233
8835
8974
10234
8836
8975
10235
8837
8976
10236
8838
8977
10237
8839
8978
10238
8840
8979
10239
8841
8980
10240
8842
8981
10241
8843
8982
10242
8844
8983
10243
8845
8984
10244
8846
8985
10245
8847
8986
10246
8848
8987
10247
8849
8988
10248
8850
8989
10249
8851
8990
10250
8852
8991
10251
8853
8992
10252
8854
8993
10253
8855
8994
10254
8856
8995
10255
8857
8996
10256
8858
8997
10257
8859
8998
10258
8860
8999
10259
8861
9000
10260
8862
9001
10261
8863
9002
10262
8864
9003
10263
8865
9004
10264
8866
9005
10265
8867
9006
10266
8868
9007
10267
8869
9008
10268
8870
9009
10269
8871
9010
10270
8872
9011
10271
8873
9012
10272
8874
9013
10273
8875
9014
10274
8876
9015
10275
8877
9016
10276
8878
9017
10277
8879
9018
10278
8880
9019
10279
8881
9020
10280
8882
9021
10281
8883
9022
10282
8884
9023
10283
8885
9024
10284
8886
9025
10285
8887
9026
10286
8888
9027
10287
8889
9028
10288
8890
9029
10289
8891
9030
10290
8892
9031
10291
8893
9032
10292
8894
9033
10293
8895
9034
10294
8896
9035
10295
8897
9036
10296
8898
9037
10297
8899
9038
10298
8900
9039
10299
8901
9040
10300
8902
9041
10301
8903
9042
10302
8904
9043
10303
8905
9044
10304
8906
9045
10305
8907
9046
10306
8908
9047
10307
8909
9048
10308
8910
9049
10309
8911
9050
10310
8912
9051
10311
8913
9052
10312
8914
9053
10313
8915
9054
10314
8916
9055
10315
8917
9056
10316
8918
9057
10317
8919
9058
10318
8920
9059
10319
8921
9060
10320
8922
9061
10321
8923
9062
10322
8924
9063
10323
8925
9064
10324
8926
9065
10325
8927
9066
10326
8928
9067
10327
8929
9068
10328
8930
9069
10329
8931
9070
10330
8932
9071
10331
8933
9072
10332
8934
9073
10333
8935
9074
10334
8936
9075
10335
8937
9076
10336
8938
9077
10337
8939
9078
10338
8940
9079
10339
8941
9080
10340
8942
9081
10341
8943
9082
10342
8944
9083
10343
8945
9084
10344
8946
9085
10345
8947
9086
10346
8948
9087
10347
8949
9088
10348
8950
9089
10349
8951
9090
10350
8952
9091
10351
8953
9092
10352
8954
9093
10353
8955
9094
10354
8956
9095
10355
8957
9096
10356
8958
9097
10357
8959
9098
10358
9099
10359
8961
9100
10360
8962
9101
10361
8963
9102
10362
8964
9103
10363
8965
9104
10364
8966
9105
10365
8967
9106
10366
8968
9107
10367
8969
9108
10368
8970
9109
10369
8971
9110
10370
8972
9111
10371
8973
9112
10372
8974
9113
10373
8975
9114
10374
8976
9115
10375
8977
9116
10376
8978
9117
10377
8979
9118
10378
8980
9119
10379
8981
9120
10380
8982
9121
10381
8983
9122
10382
8984
9123
10383
8985
9124
10384
8986
9125
10385
8987
9126
10386
8988
9127
10387
8989
9128
10388
8990
9129
10389
8991
9130
10390
8992
9131
10391
8993
9132
10392
8994
9133
10393
8995
9134
10394
8996
9135
10395
8997
9136
10396
8998
9137
10397
8999
9138
10398
9000
9139
10399
9001
9140
10400
9002
9141
10401
9003
9142
10402
9004
9143
10403
9005
9144
10404
9006
9145
10405
9007
9146
10406
9008
9147
10407
9009
9148
10408
9010
9149
10409
9011
9150
10410
9012
9151
10411
9013
9152
10412
9014
9153
10413
9015
9154
10414
9016
9155
10415
9017
9156
10416
9018
9157
10417
9019
9158
10418
9020
9159
10419
9021
9160
10420
9022
9161
10421
9023
9162
10422
9024
9163
10423
9025
9164
10424
9026
9165
10425
9027
9166
10426
9028
9167
10427
9029
9168
10428
9030
9169
10429
9031
9170
10430
9032
9171
10431
9033
9172
10432
9034
9173
10433
9035
9174
10434
9036
9175
10435
9037
9176
10436
9038
9177
10437
9039
9178
10438
9040
9179
10439
9041
9180
10440
9042
9181
10441
9043
9182
10442
9044
9183
10443
9045
9184
10444
9046
9185
10445
9047
9186
10446
9048
9187
10447
9049
9188
10448
9050
9189
10449
9051
9190
10450
9052
9191
10451
9053
9192
10452
9054
9193
10453
9055
9194
10454
9056
9195
10455
9057
9196
10456
9058
9197
10457
9059
9198
10458
9060
9199
10459
9061
9200
10460
9062
9201
10461
9063
9202
10462
9064
9203
10463
9065
9204
10464
9066
9205
10465
9067
9206
10466
9068
9207
10467
9069
9208
10468
9070
9209
10469
9071
9210
10470
9072
9211
10471
9073
9212
10472
9074
9213
10473
9075
9214
10474
9076
9215
10475
9077
9216
10476
9078
9217
10477
9079
9218
10478
9080
9219
10479
9081
9220
10480
9082
9221
10481
9083
9222
10482
9084
9223
10483
9085
9224
10484
9086
9225
10485
9087
9226
10486
9088
9227
10487
9089
9228
10488
9090
9229
10489
9091
9230
10490
9092
9231
10491
9093
9232
10492
9094
9233
10493
9095
9234
10494
9096
9235
10495
9097
9236
10496
9098
9237
10497
9099
9238
10498
9239
10499
9101
9240
10500
9102
9241
10501
9103
9242
10502
9104
9243
10503
9105
9244
10504
9106
9245
10505
9107
9246
10506
9108
9247
10507
9109
9248
10508
9110
9249
10509
9111
9250
10510
9112
9251
10511
9113
9252
10512
9114
9253
10513
9115
9254
10514
9116
9255
10515
9117
9256
10516
9118
9257
10517
9119
9258
10518
9120
9259
10519
9121
9260
10520
9122
9261
10521
9123
9262
10522
9124
9263
10523
9125
9264
10524
9126
9265
10525
9127
9266
10526
9128
9267
10527
9129
9268
10528
9130
9269
10529
9131
9270
10530
9132
9271
10531
9133
9272
10532
9134
9273
10533
9135
9274
10534
9136
9275
10535
9137
9276
10536
9138
9277
10537
9139
9278
10538
9140
9279
10539
9141
9280
10540
9142
9281
10541
9143
9282
10542
9144
9283
10543
9145
9284
10544
9146
9285
10545
9147
9286
10546
9148
9287
10547
9149
9288
10548
9150
9289
10549
9151
9290
10550
9152
9291
10551
9153
9292
10552
9154
9293
10553
9155
9294
10554
9156
9295
10555
9157
9296
10556
9158
9297
10557
9159
9298
10558
9160
9299
10559
9161
9300
10560
9162
9301
10561
9163
9302
10562
9164
9303
10563
9165
9304
10564
9166
9305
10565
9167
9306
10566
9168
9307
10567
9169
9308
10568
9170
9309
10569
9171
9310
10570
9172
9311
10571
9173
9312
10572
9174
9313
10573
9175
9314
10574
9176
9315
10575
9177
9316
10576
9178
9317
10577
9179
9318
10578
9180
9319
10579
9181
9320
10580
9182
9321
10581
9183
9322
10582
9184
9323
10583
9185
9324
10584
9186
9325
10585
9187
9326
10586
9188
9327
10587
9189
9328
10588
9190
9329
10589
9191
9330
10590
9192
9331
10591
9193
9332
10592
9194
9333
10593
9195
9334
10594
9196
9335
10595
9197
9336
10596
9198
9337
10597
9199
9338
10598
9200
9339
10599
9201
9340
10600
9202
9341
10601
9203
9342
10602
9204
9343
10603
9205
9344
10604
9206
9345
10605
9207
9346
10606
9208
9347
10607
9209
9348
10608
9210
9349
10609
9211
9350
10610
9212
9351
10611
9213
9352
10612
9214
9353
10613
9215
9354
10614
9216
9355
10615
9217
9356
10616
9218
9357
10617
9219
9358
10618
9220
9359
10619
9221
9360
10620
9222
9361
10621
9223
9362
10622
9224
9363
10623
9225
9364
10624
9226
9365
10625
9227
9366
10626
9228
9367
10627
9229
9368
10628
9230
9369
10629
9231
9370
10630
9232
9371
10631
9233
9372
10632
9234
9373
10633
9235
9374
10634
9236
9375
10635
9237
9376
10636
9238
9377
10637
9239
9378
10638
9379
10639
9241
9380
10640
9242
9381
10641
9243
9382
10642
9244
9383
10643
9245
9384
10644
9246
9385
10645
9247
9386
10646
9248
9387
10647
9249
9388
10648
9250
9389
10649
9251
9390
10650
9252
9391
10651
9253
9392
10652
9254
9393
10653
9255
9394
10654
9256
9395
10655
9257
9396
10656
9258
9397
10657
9259
9398
10658
9260
9399
10659
9261
9400
10660
9262
9401
10661
9263
9402
10662
9264
9403
10663
9265
9404
10664
9266
9405
10665
9267
9406
10666
9268
9407
10667
9269
9408
10668
9270
9409
10669
9271
9410
10670
9272
9411
10671
9273
9412
10672
9274
9413
10673
9275
9414
10674
9276
9415
10675
9277
9416
10676
9278
9417
10677
9279
9418
10678
9280
9419
10679
9281
9420
10680
9282
9421
10681
9283
9422
10682
9284
9423
10683
9285
9424
10684
9286
9425
10685
9287
9426
10686
9288
9427
10687
9289
9428
10688
9290
9429
10689
9291
9430
10690
9292
9431
10691
9293
9432
10692
9294
9433
10693
9295
9434
10694
9296
9435
10695
9297
9436
10696
9298
9437
10697
9299
9438
10698
9300
9439
10699
9301
9440
10700
9302
9441
10701
9303
9442
10702
9304
9443
10703
9305
9444
10704
9306
9445
10705
9307
9446
10706
9308
9447
10707
9309
9448
10708
9310
9449
10709
9311
9450
10710
9312
9451
10711
9313
9452
10712
9314
9453
10713
9315
9454
10714
9316
9455
10715
9317
9456
10716
9318
9457
10717
9319
9458
10718
9320
9459
10719
9321
9460
10720
9322
9461
10721
9323
9462
10722
9324
9463
10723
9325
9464
10724
9326
9465
10725
9327
9466
10726
9328
9467
10727
9329
9468
10728
9330
9469
10729
9331
9470
10730
9332
9471
10731
9333
9472
10732
9334
9473
10733
9335
9474
10734
9336
9475
10735
9337
9476
10736
9338
9477
10737
9339
9478
10738
9340
9479
10739
9341
9480
10740
9342
9481
10741
9343
9482
10742
9344
9483
10743
9345
9484
10744
9346
9485
10745
9347
9486
10746
9348
9487
10747
9349
9488
10748
9350
9489
10749
9351
9490
10750
9352
9491
10751
9353
9492
10752
9354
9493
10753
9355
9494
10754
9356
9495
10755
9357
9496
10756
9358
9497
10757
9359
9498
10758
9360
9499
10759
9361
9500
10760
9362
9501
10761
9363
9502
10762
9364
9503
10763
9365
9504
10764
9366
9505
10765
9367
9506
10766
9368
9507
10767
9369
9508
10768
9370
9509
10769
9371
9510
10770
9372
9511
10771
9373
9512
10772
9374
9513
10773
9375
9514
10774
9376
9515
10775
9377
9516
10776
9378
9517
10777
9379
9518
10778
9519
10779
9381
9520
10780
9382
9521
10781
9383
9522
10782
9384
9523
10783
9385
9524
10784
9386
9525
10785
9387
9526
10786
9388
9527
10787
9389
9528
10788
9390
9529
10789
9391
9530
10790
9392
9531
10791
9393
9532
10792
9394
9533
10793
9395
9534
10794
9396
9535
10795
9397
9536
10796
9398
9537
10797
9399
9538
10798
9400
9539
10799
9401
9540
10800
9402
9541
10801
9403
9542
10802
9404
9543
10803
9405
9544
10804
9406
9545
10805
9407
9546
10806
9408
9547
10807
9409
9548
10808
9410
9549
10809
9411
9550
10810
9412
9551
10811
9413
9552
10812
9414
9553
10813
9415
9554
10814
9416
9555
10815
9417
9556
10816
9418
9557
10817
9419
9558
10818
9420
9559
10819
9421
9560
10820
9422
9561
10821
9423
9562
10822
9424
9563
10823
9425
9564
10824
9426
9565
10825
9427
9566
10826
9428
9567
10827
9429
9568
10828
9430
9569
10829
9431
9570
10830
9432
9571
10831
9433
9572
10832
9434
9573
10833
9435
9574
10834
9436
9575
10835
9437
9576
10836
9438
9577
10837
9439
9578
10838
9440
9579
10839
9441
9580
10840
9442
9581
10841
9443
9582
10842
9444
9583
10843
9445
9584
10844
9446
9585
10845
9447
9586
10846
9448
9587
10847
9449
9588
10848
9450
9589
10849
9451
9590
10850
9452
9591
10851
9453
9592
10852
9454
9593
10853
9455
9594
10854
9456
9595
10855
9457
9596
10856
9458
9597
10857
9459
9598
10858
9460
9599
10859
9461
9600
10860
9462
9601
10861
9463
9602
10862
9464
9603
10863
9465
9604
10864
9466
9605
10865
9467
9606
10866
9468
9607
10867
9469
9608
10868
9470
9609
10869
9471
9610
10870
9472
9611
10871
9473
9612
10872
9474
9613
10873
9475
9614
10874
9476
9615
10875
9477
9616
10876
9478
9617
10877
9479
9618
10878
9480
9619
10879
9481
9620
10880
9482
9621
10881
9483
9622
10882
9484
9623
10883
9485
9624
10884
9486
9625
10885
9487
9626
10886
9488
9627
10887
9489
9628
10888
9490
9629
10889
9491
9630
10890
9492
9631
10891
9493
9632
10892
9494
9633
10893
9495
9634
10894
9496
9635
10895
9497
9636
10896
9498
9637
10897
9499
9638
10898
9500
9639
10899
9501
9640
10900
9502
9641
10901
9503
9642
10902
9504
9643
10903
9505
9644
10904
9506
9645
10905
9507
9646
10906
9508
9647
10907
9509
9648
10908
9510
9649
10909
9511
9650
10910
9512
9651
10911
9513
9652
10912
9514
9653
10913
9515
9654
10914
9516
9655
10915
9517
9656
10916
9518
9657
10917
9519
9658
10918
9659
10919
9521
9660
10920
9522
9661
10921
9523
9662
10922
9524
9663
10923
9525
9664
10924
9526
9665
10925
9527
9666
10926
9528
9667
10927
9529
9668
10928
9530
9669
10929
9531
9670
10930
9532
9671
10931
9533
9672
10932
9534
9673
10933
9535
9674
10934
9536
9675
10935
9537
9676
10936
9538
9677
10937
9539
9678
10938
9540
9679
10939
9541
9680
10940
9542
9681
10941
9543
9682
10942
9544
9683
10943
9545
9684
10944
9546
9685
10945
9547
9686
10946
9548
9687
10947
9549
9688
10948
9550
9689
10949
9551
9690
10950
9552
9691
10951
9553
9692
10952
9554
9693
10953
9555
9694
10954
9556
9695
10955
9557
9696
10956
9558
9697
10957
9559
9698
10958
9560
9699
10959
9561
9700
10960
9562
9701
10961
9563
9702
10962
9564
9703
10963
9565
9704
10964
9566
9705
10965
9567
9706
10966
9568
9707
10967
9569
9708
10968
9570
9709
10969
9571
9710
10970
9572
9711
10971
9573
9712
10972
9574
9713
10973
9575
9714
10974
9576
9715
10975
9577
9716
10976
9578
9717
10977
9579
9718
10978
9580
9719
10979
9581
9720
10980
9582
9721
10981
9583
9722
10982
9584
9723
10983
9585
9724
10984
9586
9725
10985
9587
9726
10986
9588
9727
10987
9589
9728
10988
9590
9729
10989
9591
9730
10990
9592
9731
10991
9593
9732
10992
9594
9733
10993
9595
9734
10994
9596
9735
10995
9597
9736
10996
9598
9737
10997
9599
9738
10998
9600
9739
10999
9601
9740
11000
9602
9741
11001
9603
9742
11002
9604
9743
11003
9605
9744
11004
9606
9745
11005
9607
9746
11006
9608
9747
11007
9609
9748
11008
9610
9749
11009
9611
9750
11010
9612
9751
11011
9613
9752
11012
9614
9753
11013
9615
9754
11014
9616
9755
11015
9617
9756
11016
9618
9757
11017
9619
9758
11018
9620
9759
11019
9621
9760
11020
9622
9761
11021
9623
9762
11022
9624
9763
11023
9625
9764
11024
9626
9765
11025
9627
9766
11026
9628
9767
11027
9629
9768
11028
9630
9769
11029
9631
9770
11030
9632
9771
11031
9633
9772
11032
9634
9773
11033
9635
9774
11034
9636
9775
11035
9637
9776
11036
9638
9777
11037
9639
9778
11038
9640
9779
11039
9641
9780
11040
9642
9781
11041
9643
9782
11042
9644
9783
11043
9645
9784
11044
9646
9785
11045
9647
9786
11046
9648
9787
11047
9649
9788
11048
9650
9789
11049
9651
9790
11050
9652
9791
11051
9653
9792
11052
9654
9793
11053
9655
9794
11054
9656
9795
11055
9657
9796
11056
9658
9797
11057
9659
9798
11058
9799
11059
9661
11060
9662
11061
9663
11062
9664
11063
9665
11064
9666
11065
9667
11066
9668
11067
9669
11068
9670
11069
9671
11070
9672
11071
9673
11072
9674
11073
9675
11074
9676
11075
9677
11076
9678
11077
9679
11078
9680
11079
9681
11080
9682
11081
9683
11082
9684
11083
9685
11084
9686
11085
9687
11086
9688
11087
9689
11088
9690
11089
9691
11090
9692
11091
9693
11092
9694
11093
9695
11094
9696
11095
9697
11096
9698
11097
9699
11098
9700
11099
9701
11100
9702
11101
9703
11102
9704
11103
9705
11104
9706
11105
9707
11106
9708
11107
9709
11108
9710
11109
9711
11110
9712
11111
9713
11112
9714
11113
9715
11114
9716
11115
9717
11116
9718
11117
9719
11118
9720
11119
9721
11120
9722
11121
9723
11122
9724
11123
9725
11124
9726
11125
9727
11126
9728
11127
9729
11128
9730
11129
9731
11130
9732
11131
9733
11132
9734
11133
9735
11134
9736
11135
9737
11136
9738
11137
9739
11138
9740
11139
9741
11140
9742
11141
9743
11142
9744
11143
9745
11144
9746
11145
9747
11146
9748
11147
9749
11148
9750
11149
9751
11150
9752
11151
9753
11152
9754
11153
9755
11154
9756
11155
9757
11156
9758
11157
9759
11158
9760
11159
9761
11160
9762
11161
9763
11162
9764
11163
9765
11164
9766
11165
9767
11166
9768
11167
9769
11168
9770
11169
9771
11170
9772
11171
9773
11172
9774
11173
9775
11174
9776
11175
9777
11176
9778
11177
9779
11178
9780
11179
9781
11180
9782
11181
9783
11182
9784
11183
9785
11184
9786
11185
9787
11186
9788
11187
9789
11188
9790
11189
9791
11190
9792
11191
9793
11192
9794
11193
9795
11194
9796
11195
9797
11196
9798
11197
9799
11198
11199
9801
9940
11200
9802
9941
11201
9803
9942
11202
9804
9943
11203
9805
9944
11204
9806
9945
11205
9807
9946
11206
9808
9947
11207
9809
9948
11208
9810
9949
11209
9811
9950
11210
9812
9951
11211
9813
9952
11212
9814
9953
11213
9815
9954
11214
9816
9955
11215
9817
9956
11216
9818
9957
11217
9819
9958
11218
9820
9959
11219
9821
9960
11220
9822
9961
11221
9823
9962
11222
9824
9963
11223
9825
9964
11224
9826
9965
11225
9827
9966
11226
9828
9967
11227
9829
9968
11228
9830
9969
11229
9831
9970
11230
9832
9971
11231
9833
9972
11232
9834
9973
11233
9835
9974
11234
9836
9975
11235
9837
9976
11236
9838
9977
11237
9839
9978
11238
9840
9979
11239
9841
9980
11240
9842
9981
11241
9843
9982
11242
9844
9983
11243
9845
9984
11244
9846
9985
11245
9847
9986
11246
9848
9987
11247
9849
9988
11248
9850
9989
11249
9851
9990
11250
9852
9991
11251
9853
9992
11252
9854
9993
11253
9855
9994
11254
9856
9995
11255
9857
9996
11256
9858
9997
11257
9859
9998
11258
9860
9999
11259
9861
10000
11260
9862
10001
11261
9863
10002
11262
9864
10003
11263
9865
10004
11264
9866
10005
11265
9867
10006
11266
9868
10007
11267
9869
10008
11268
9870
10009
11269
9871
10010
11270
9872
10011
11271
9873
10012
11272
9874
10013
11273
9875
10014
11274
9876
10015
11275
9877
10016
11276
9878
10017
11277
9879
10018
11278
9880
10019
11279
9881
10020
11280
9882
10021
11281
9883
10022
11282
9884
10023
11283
9885
10024
11284
9886
10025
11285
9887
10026
11286
9888
10027
11287
9889
10028
11288
9890
10029
11289
9891
10030
11290
9892
10031
11291
9893
10032
11292
9894
10033
11293
9895
10034
11294
9896
10035
11295
9897
10036
11296
9898
10037
11297
9899
10038
11298
9900
10039
11299
9901
10040
11300
9902
10041
11301
9903
10042
11302
9904
10043
11303
9905
10044
11304
9906
10045
11305
9907
10046
11306
9908
10047
11307
9909
10048
11308
9910
10049
11309
9911
10050
11310
9912
10051
11311
9913
10052
11312
9914
10053
11313
9915
10054
11314
9916
10055
11315
9917
10056
11316
9918
10057
11317
9919
10058
11318
9920
10059
11319
9921
10060
11320
9922
10061
11321
9923
10062
11322
9924
10063
11323
9925
10064
11324
9926
10065
11325
9927
10066
11326
9928
10067
11327
9929
10068
11328
9930
10069
11329
9931
10070
11330
9932
10071
11331
9933
10072
11332
9934
10073
11333
9935
10074
11334
9936
10075
11335
9937
10076
11336
9938
10077
11337
9939
10078
11338
10079
11339
9941
10080
11340
9942
10081
11341
9943
10082
11342
9944
10083
11343
9945
10084
11344
9946
10085
11345
9947
10086
11346
9948
10087
11347
9949
10088
11348
9950
10089
11349
9951
10090
11350
9952
10091
11351
9953
10092
11352
9954
10093
11353
9955
10094
11354
9956
10095
11355
9957
10096
11356
9958
10097
11357
9959
10098
11358
9960
10099
11359
9961
10100
11360
9962
10101
11361
9963
10102
11362
9964
10103
11363
9965
10104
11364
9966
10105
11365
9967
10106
11366
9968
10107
11367
9969
10108
11368
9970
10109
11369
9971
10110
11370
9972
10111
11371
9973
10112
11372
9974
10113
11373
9975
10114
11374
9976
10115
11375
9977
10116
11376
9978
10117
11377
9979
10118
11378
9980
10119
11379
9981
10120
11380
9982
10121
11381
9983
10122
11382
9984
10123
11383
9985
10124
11384
9986
10125
11385
9987
10126
11386
9988
10127
11387
9989
10128
11388
9990
10129
11389
9991
10130
11390
9992
10131
11391
9993
10132
11392
9994
10133
11393
9995
10134
11394
9996
10135
11395
9997
10136
11396
9998
10137
11397
9999
10138
11398
10000
10139
11399
10001
10140
11400
10002
10141
11401
10003
10142
11402
10004
10143
11403
10005
10144
11404
10006
10145
11405
10007
10146
11406
10008
10147
11407
10009
10148
11408
10010
10149
11409
10011
10150
11410
10012
10151
11411
10013
10152
11412
10014
10153
11413
10015
10154
11414
10016
10155
11415
10017
10156
11416
10018
10157
11417
10019
10158
11418
10020
10159
11419
10021
10160
11420
10022
10161
11421
10023
10162
11422
10024
10163
11423
10025
10164
11424
10026
10165
11425
10027
10166
11426
10028
10167
11427
10029
10168
11428
10030
10169
11429
10031
10170
11430
10032
10171
11431
10033
10172
11432
10034
10173
11433
10035
10174
11434
10036
10175
11435
10037
10176
11436
10038
10177
11437
10039
10178
11438
10040
10179
11439
10041
10180
11440
10042
10181
11441
10043
10182
11442
10044
10183
11443
10045
10184
11444
10046
10185
11445
10047
10186
11446
10048
10187
11447
10049
10188
11448
10050
10189
11449
10051
10190
11450
10052
10191
11451
10053
10192
11452
10054
10193
11453
10055
10194
11454
10056
10195
11455
10057
10196
11456
10058
10197
11457
10059
10198
11458
10060
10199
11459
10061
10200
11460
10062
10201
11461
10063
10202
11462
10064
10203
11463
10065
10204
11464
10066
10205
11465
10067
10206
11466
10068
10207
11467
10069
10208
11468
10070
10209
11469
10071
10210
11470
10072
10211
11471
10073
10212
11472
10074
10213
11473
10075
10214
11474
10076
10215
11475
10077
10216
11476
10078
10217
11477
10079
10218
11478
10219
11479
10081
10220
11480
10082
10221
11481
10083
10222
11482
10084
10223
11483
10085
10224
11484
10086
10225
11485
10087
10226
11486
10088
10227
11487
10089
10228
11488
10090
10229
11489
10091
10230
11490
10092
10231
11491
10093
10232
11492
10094
10233
11493
10095
10234
11494
10096
10235
11495
10097
10236
11496
10098
10237
11497
10099
10238
11498
10100
10239
11499
10101
10240
11500
10102
10241
11501
10103
10242
11502
10104
10243
11503
10105
10244
11504
10106
10245
11505
10107
10246
11506
10108
10247
11507
10109
10248
11508
10110
10249
11509
10111
10250
11510
10112
10251
11511
10113
10252
11512
10114
10253
11513
10115
10254
11514
10116
10255
11515
10117
10256
11516
10118
10257
11517
10119
10258
11518
10120
10259
11519
10121
10260
11520
10122
10261
11521
10123
10262
11522
10124
10263
11523
10125
10264
11524
10126
10265
11525
10127
10266
11526
10128
10267
11527
10129
10268
11528
10130
10269
11529
10131
10270
11530
10132
10271
11531
10133
10272
11532
10134
10273
11533
10135
10274
11534
10136
10275
11535
10137
10276
11536
10138
10277
11537
10139
10278
11538
10140
10279
11539
10141
10280
11540
10142
10281
11541
10143
10282
11542
10144
10283
11543
10145
10284
11544
10146
10285
11545
10147
10286
11546
10148
10287
11547
10149
10288
11548
10150
10289
11549
10151
10290
11550
10152
10291
11551
10153
10292
11552
10154
10293
11553
10155
10294
11554
10156
10295
11555
10157
10296
11556
10158
10297
11557
10159
10298
11558
10160
10299
11559
10161
10300
11560
10162
10301
11561
10163
10302
11562
10164
10303
11563
10165
10304
11564
10166
10305
11565
10167
10306
11566
10168
10307
11567
10169
10308
11568
10170
10309
11569
10171
10310
11570
10172
10311
11571
10173
10312
11572
10174
10313
11573
10175
10314
11574
10176
10315
11575
10177
10316
11576
10178
10317
11577
10179
10318
11578
10180
10319
11579
10181
10320
11580
10182
10321
11581
10183
10322
11582
10184
10323
11583
10185
10324
11584
10186
10325
11585
10187
10326
11586
10188
10327
11587
10189
10328
11588
10190
10329
11589
10191
10330
11590
10192
10331
11591
10193
10332
11592
10194
10333
11593
10195
10334
11594
10196
10335
11595
10197
10336
11596
10198
10337
11597
10199
10338
11598
10200
10339
11599
10201
10340
11600
10202
10341
11601
10203
10342
11602
10204
10343
11603
10205
10344
11604
10206
10345
11605
10207
10346
11606
10208
10347
11607
10209
10348
11608
10210
10349
11609
10211
10350
11610
10212
10351
11611
10213
10352
11612
10214
10353
11613
10215
10354
11614
10216
10355
11615
10217
10356
11616
10218
10357
11617
10219
10358
11618
10359
11619
10221
10360
11620
10222
10361
11621
10223
10362
11622
10224
10363
11623
10225
10364
11624
10226
10365
11625
10227
10366
11626
10228
10367
11627
10229
10368
11628
10230
10369
11629
10231
10370
11630
10232
10371
11631
10233
10372
11632
10234
10373
11633
10235
10374
11634
10236
10375
11635
10237
10376
11636
10238
10377
11637
10239
10378
11638
10240
10379
11639
10241
10380
11640
10242
10381
11641
10243
10382
11642
10244
10383
11643
10245
10384
11644
10246
10385
11645
10247
10386
11646
10248
10387
11647
10249
10388
11648
10250
10389
11649
10251
10390
11650
10252
10391
11651
10253
10392
11652
10254
10393
11653
10255
10394
11654
10256
10395
11655
10257
10396
11656
10258
10397
11657
10259
10398
11658
10260
10399
11659
10261
10400
11660
10262
10401
11661
10263
10402
11662
10264
10403
11663
10265
10404
11664
10266
10405
11665
10267
10406
11666
10268
10407
11667
10269
10408
11668
10270
10409
11669
10271
10410
11670
10272
10411
11671
10273
10412
11672
10274
10413
11673
10275
10414
11674
10276
10415
11675
10277
10416
11676
10278
10417
11677
10279
10418
11678
10280
10419
11679
10281
10420
11680
10282
10421
11681
10283
10422
11682
10284
10423
11683
10285
10424
11684
10286
10425
11685
10287
10426
11686
10288
10427
11687
10289
10428
11688
10290
10429
11689
10291
10430
11690
10292
10431
11691
10293
10432
11692
10294
10433
11693
10295
10434
11694
10296
10435
11695
10297
10436
11696
10298
10437
11697
10299
10438
11698
10300
10439
11699
10301
10440
11700
10302
10441
11701
10303
10442
11702
10304
10443
11703
10305
10444
11704
10306
10445
11705
10307
10446
11706
10308
10447
11707
10309
10448
11708
10310
10449
11709
10311
10450
11710
10312
10451
11711
10313
10452
11712
10314
10453
11713
10315
10454
11714
10316
10455
11715
10317
10456
11716
10318
10457
11717
10319
10458
11718
10320
10459
11719
10321
10460
11720
10322
10461
11721
10323
10462
11722
10324
10463
11723
10325
10464
11724
10326
10465
11725
10327
10466
11726
10328
10467
11727
10329
10468
11728
10330
10469
11729
10331
10470
11730
10332
10471
11731
10333
10472
11732
10334
10473
11733
10335
10474
11734
10336
10475
11735
10337
10476
11736
10338
10477
11737
10339
10478
11738
10340
10479
11739
10341
10480
11740
10342
10481
11741
10343
10482
11742
10344
10483
11743
10345
10484
11744
10346
10485
11745
10347
10486
11746
10348
10487
11747
10349
10488
11748
10350
10489
11749
10351
10490
11750
10352
10491
11751
10353
10492
11752
10354
10493
11753
10355
10494
11754
10356
10495
11755
10357
10496
11756
10358
10497
11757
10359
10498
11758
10499
11759
10361
10500
11760
10362
10501
11761
10363
10502
11762
10364
10503
11763
10365
10504
11764
10366
10505
11765
10367
10506
11766
10368
10507
11767
10369
10508
11768
10370
10509
11769
10371
10510
11770
10372
10511
11771
10373
10512
11772
10374
10513
11773
10375
10514
11774
10376
10515
11775
10377
10516
11776
10378
10517
11777
10379
10518
11778
10380
10519
11779
10381
10520
11780
10382
10521
11781
10383
10522
11782
10384
10523
11783
10385
10524
11784
10386
10525
11785
10387
10526
11786
10388
10527
11787
10389
10528
11788
10390
10529
11789
10391
10530
11790
10392
10531
11791
10393
10532
11792
10394
10533
11793
10395
10534
11794
10396
10535
11795
10397
10536
11796
10398
10537
11797
10399
10538
11798
10400
10539
11799
10401
10540
11800
10402
10541
11801
10403
10542
11802
10404
10543
11803
10405
10544
11804
10406
10545
11805
10407
10546
11806
10408
10547
11807
10409
10548
11808
10410
10549
11809
10411
10550
11810
10412
10551
11811
10413
10552
11812
10414
10553
11813
10415
10554
11814
10416
10555
11815
10417
10556
11816
10418
10557
11817
10419
10558
11818
10420
10559
11819
10421
10560
11820
10422
10561
11821
10423
10562
11822
10424
10563
11823
10425
10564
11824
10426
10565
11825
10427
10566
11826
10428
10567
11827
10429
10568
11828
10430
10569
11829
10431
10570
11830
10432
10571
11831
10433
10572
11832
10434
10573
11833
10435
10574
11834
10436
10575
11835
10437
10576
11836
10438
10577
11837
10439
10578
11838
10440
10579
11839
10441
10580
11840
10442
10581
11841
10443
10582
11842
10444
10583
11843
10445
10584
11844
10446
10585
11845
10447
10586
11846
10448
10587
11847
10449
10588
11848
10450
10589
11849
10451
10590
11850
10452
10591
11851
10453
10592
11852
10454
10593
11853
10455
10594
11854
10456
10595
11855
10457
10596
11856
10458
10597
11857
10459
10598
11858
10460
10599
11859
10461
10600
11860
10462
10601
11861
10463
10602
11862
10464
10603
11863
10465
10604
11864
10466
10605
11865
10467
10606
11866
10468
10607
11867
10469
10608
11868
10470
10609
11869
10471
10610
11870
10472
10611
11871
10473
10612
11872
10474
10613
11873
10475
10614
11874
10476
10615
11875
10477
10616
11876
10478
10617
11877
10479
10618
11878
10480
10619
11879
10481
10620
11880
10482
10621
11881
10483
10622
11882
10484
10623
11883
10485
10624
11884
10486
10625
11885
10487
10626
11886
10488
10627
11887
10489
10628
11888
10490
10629
11889
10491
10630
11890
10492
10631
11891
10493
10632
11892
10494
10633
11893
10495
10634
11894
10496
10635
11895
10497
10636
11896
10498
10637
11897
10499
10638
11898
10639
11899
10501
10640
11900
10502
10641
11901
10503
10642
11902
10504
10643
11903
10505
10644
11904
10506
10645
11905
10507
10646
11906
10508
10647
11907
10509
10648
11908
10510
10649
11909
10511
10650
11910
10512
10651
11911
10513
10652
11912
10514
10653
11913
10515
10654
11914
10516
10655
11915
10517
10656
11916
10518
10657
11917
10519
10658
11918
10520
10659
11919
10521
10660
11920
10522
10661
11921
10523
10662
11922
10524
10663
11923
10525
10664
11924
10526
10665
11925
10527
10666
11926
10528
10667
11927
10529
10668
11928
10530
10669
11929
10531
10670
11930
10532
10671
11931
10533
10672
11932
10534
10673
11933
10535
10674
11934
10536
10675
11935
10537
10676
11936
10538
10677
11937
10539
10678
11938
10540
10679
11939
10541
10680
11940
10542
10681
11941
10543
10682
11942
10544
10683
11943
10545
10684
11944
10546
10685
11945
10547
10686
11946
10548
10687
11947
10549
10688
11948
10550
10689
11949
10551
10690
11950
10552
10691
11951
10553
10692
11952
10554
10693
11953
10555
10694
11954
10556
10695
11955
10557
10696
11956
10558
10697
11957
10559
10698
11958
10560
10699
11959
10561
10700
11960
10562
10701
11961
10563
10702
11962
10564
10703
11963
10565
10704
11964
10566
10705
11965
10567
10706
11966
10568
10707
11967
10569
10708
11968
10570
10709
11969
10571
10710
11970
10572
10711
11971
10573
10712
11972
10574
10713
11973
10575
10714
11974
10576
10715
11975
10577
10716
11976
10578
10717
11977
10579
10718
11978
10580
10719
11979
10581
10720
11980
10582
10721
11981
10583
10722
11982
10584
10723
11983
10585
10724
11984
10586
10725
11985
10587
10726
11986
10588
10727
11987
10589
10728
11988
10590
10729
11989
10591
10730
11990
10592
10731
11991
10593
10732
11992
10594
10733
11993
10595
10734
11994
10596
10735
11995
10597
10736
11996
10598
10737
11997
10599
10738
11998
10600
10739
11999
10601
10740
12000
10602
10741
12001
10603
10742
12002
10604
10743
12003
10605
10744
12004
10606
10745
12005
10607
10746
12006
10608
10747
12007
10609
10748
12008
10610
10749
12009
10611
10750
12010
10612
10751
12011
10613
10752
12012
10614
10753
12013
10615
10754
12014
10616
10755
12015
10617
10756
12016
10618
10757
12017
10619
10758
12018
10620
10759
12019
10621
10760
12020
10622
10761
12021
10623
10762
12022
10624
10763
12023
10625
10764
12024
10626
10765
12025
10627
10766
12026
10628
10767
12027
10629
10768
12028
10630
10769
12029
10631
10770
12030
10632
10771
12031
10633
10772
12032
10634
10773
12033
10635
10774
12034
10636
10775
12035
10637
10776
12036
10638
10777
12037
10639
10778
12038
10779
12039
10641
10780
12040
10642
10781
12041
10643
10782
12042
10644
10783
12043
10645
10784
12044
10646
10785
12045
10647
10786
12046
10648
10787
12047
10649
10788
12048
10650
10789
12049
10651
10790
12050
10652
10791
12051
10653
10792
12052
10654
10793
12053
10655
10794
12054
10656
10795
12055
10657
10796
12056
10658
10797
12057
10659
10798
12058
10660
10799
12059
10661
10800
12060
10662
10801
12061
10663
10802
12062
10664
10803
12063
10665
10804
12064
10666
10805
12065
10667
10806
12066
10668
10807
12067
10669
10808
12068
10670
10809
12069
10671
10810
12070
10672
10811
12071
10673
10812
12072
10674
10813
12073
10675
10814
12074
10676
10815
12075
10677
10816
12076
10678
10817
12077
10679
10818
12078
10680
10819
12079
10681
10820
12080
10682
10821
12081
10683
10822
12082
10684
10823
12083
10685
10824
12084
10686
10825
12085
10687
10826
12086
10688
10827
12087
10689
10828
12088
10690
10829
12089
10691
10830
12090
10692
10831
12091
10693
10832
12092
10694
10833
12093
10695
10834
12094
10696
10835
12095
10697
10836
12096
10698
10837
12097
10699
10838
12098
10700
10839
12099
10701
10840
12100
10702
10841
12101
10703
10842
12102
10704
10843
12103
10705
10844
12104
10706
10845
12105
10707
10846
12106
10708
10847
12107
10709
10848
12108
10710
10849
12109
10711
10850
12110
10712
10851
12111
10713
10852
12112
10714
10853
12113
10715
10854
12114
10716
10855
12115
10717
10856
12116
10718
10857
12117
10719
10858
12118
10720
10859
12119
10721
10860
12120
10722
10861
12121
10723
10862
12122
10724
10863
12123
10725
10864
12124
10726
10865
12125
10727
10866
12126
10728
10867
12127
10729
10868
12128
10730
10869
12129
10731
10870
12130
10732
10871
12131
10733
10872
12132
10734
10873
12133
10735
10874
12134
10736
10875
12135
10737
10876
12136
10738
10877
12137
10739
10878
12138
10740
10879
12139
10741
10880
12140
10742
10881
12141
10743
10882
12142
10744
10883
12143
10745
10884
12144
10746
10885
12145
10747
10886
12146
10748
10887
12147
10749
10888
12148
10750
10889
12149
10751
10890
12150
10752
10891
12151
10753
10892
12152
10754
10893
12153
10755
10894
12154
10756
10895
12155
10757
10896
12156
10758
10897
12157
10759
10898
12158
10760
10899
12159
10761
10900
12160
10762
10901
12161
10763
10902
12162
10764
10903
12163
10765
10904
12164
10766
10905
12165
10767
10906
12166
10768
10907
12167
10769
10908
12168
10770
10909
12169
10771
10910
12170
10772
10911
12171
10773
10912
12172
10774
10913
12173
10775
10914
12174
10776
10915
12175
10777
10916
12176
10778
10917
12177
10779
10918
12178
10919
12179
10781
10920
12180
10782
10921
12181
10783
10922
12182
10784
10923
12183
10785
10924
12184
10786
10925
12185
10787
10926
12186
10788
10927
12187
10789
10928
12188
10790
10929
12189
10791
10930
12190
10792
10931
12191
10793
10932
12192
10794
10933
12193
10795
10934
12194
10796
10935
12195
10797
10936
12196
10798
10937
12197
10799
10938
12198
10800
10939
12199
10801
10940
12200
10802
10941
12201
10803
10942
12202
10804
10943
12203
10805
10944
12204
10806
10945
12205
10807
10946
12206
10808
10947
12207
10809
10948
12208
10810
10949
12209
10811
10950
12210
10812
10951
12211
10813
10952
12212
10814
10953
12213
10815
10954
12214
10816
10955
12215
10817
10956
12216
10818
10957
12217
10819
10958
12218
10820
10959
12219
10821
10960
12220
10822
10961
12221
10823
10962
12222
10824
10963
12223
10825
10964
12224
10826
10965
12225
10827
10966
12226
10828
10967
12227
10829
10968
12228
10830
10969
12229
10831
10970
12230
10832
10971
12231
10833
10972
12232
10834
10973
12233
10835
10974
12234
10836
10975
12235
10837
10976
12236
10838
10977
12237
10839
10978
12238
10840
10979
12239
10841
10980
12240
10842
10981
12241
10843
10982
12242
10844
10983
12243
10845
10984
12244
10846
10985
12245
10847
10986
12246
10848
10987
12247
10849
10988
12248
10850
10989
12249
10851
10990
12250
10852
10991
12251
10853
10992
12252
10854
10993
12253
10855
10994
12254
10856
10995
12255
10857
10996
12256
10858
10997
12257
10859
10998
12258
10860
10999
12259
10861
11000
12260
10862
11001
12261
10863
11002
12262
10864
11003
12263
10865
11004
12264
10866
11005
12265
10867
11006
12266
10868
11007
12267
10869
11008
12268
10870
11009
12269
10871
11010
12270
10872
11011
12271
10873
11012
12272
10874
11013
12273
10875
11014
12274
10876
11015
12275
10877
11016
12276
10878
11017
12277
10879
11018
12278
10880
11019
12279
10881
11020
12280
10882
11021
12281
10883
11022
12282
10884
11023
12283
10885
11024
12284
10886
11025
12285
10887
11026
12286
10888
11027
12287
10889
11028
12288
10890
11029
12289
10891
11030
12290
10892
11031
12291
10893
11032
12292
10894
11033
12293
10895
11034
12294
10896
11035
12295
10897
11036
12296
10898
11037
12297
10899
11038
12298
10900
11039
12299
10901
11040
12300
10902
11041
12301
10903
11042
12302
10904
11043
12303
10905
11044
12304
10906
11045
12305
10907
11046
12306
10908
11047
12307
10909
11048
12308
10910
11049
12309
10911
11050
12310
10912
11051
12311
10913
11052
12312
10914
11053
12313
10915
11054
12314
10916
11055
12315
10917
11056
12316
10918
11057
12317
10919
11058
12318
11059
12319
10921
11060
12320
10922
11061
12321
10923
11062
12322
10924
11063
12323
10925
11064
12324
10926
11065
12325
10927
11066
12326
10928
11067
12327
10929
11068
12328
10930
11069
12329
10931
11070
12330
10932
11071
12331
10933
11072
12332
10934
11073
12333
10935
11074
12334
10936
11075
12335
10937
11076
12336
10938
11077
12337
10939
11078
12338
10940
11079
12339
10941
11080
12340
10942
11081
12341
10943
11082
12342
10944
11083
12343
10945
11084
12344
10946
11085
12345
10947
11086
12346
10948
11087
12347
10949
11088
12348
10950
11089
12349
10951
11090
12350
10952
11091
12351
10953
11092
12352
10954
11093
12353
10955
11094
12354
10956
11095
12355
10957
11096
12356
10958
11097
12357
10959
11098
12358
10960
11099
12359
10961
11100
12360
10962
11101
12361
10963
11102
12362
10964
11103
12363
10965
11104
12364
10966
11105
12365
10967
11106
12366
10968
11107
12367
10969
11108
12368
10970
11109
12369
10971
11110
12370
10972
11111
12371
10973
11112
12372
10974
11113
12373
10975
11114
12374
10976
11115
12375
10977
11116
12376
10978
11117
12377
10979
11118
12378
10980
11119
12379
10981
11120
12380
10982
11121
12381
10983
11122
12382
10984
11123
12383
10985
11124
12384
10986
11125
12385
10987
11126
12386
10988
11127
12387
10989
11128
12388
10990
11129
12389
10991
11130
12390
10992
11131
12391
10993
11132
12392
10994
11133
12393
10995
11134
12394
10996
11135
12395
10997
11136
12396
10998
11137
12397
10999
11138
12398
11000
11139
12399
11001
11140
12400
11002
11141
12401
11003
11142
12402
11004
11143
12403
11005
11144
12404
11006
11145
12405
11007
11146
12406
11008
11147
12407
11009
11148
12408
11010
11149
12409
11011
11150
12410
11012
11151
12411
11013
11152
12412
11014
11153
12413
11015
11154
12414
11016
11155
12415
11017
11156
12416
11018
11157
12417
11019
11158
12418
11020
11159
12419
11021
11160
12420
11022
11161
12421
11023
11162
12422
11024
11163
12423
11025
11164
12424
11026
11165
12425
11027
11166
12426
11028
11167
12427
11029
11168
12428
11030
11169
12429
11031
11170
12430
11032
11171
12431
11033
11172
12432
11034
11173
12433
11035
11174
12434
11036
11175
12435
11037
11176
12436
11038
11177
12437
11039
11178
12438
11040
11179
12439
11041
11180
12440
11042
11181
12441
11043
11182
12442
11044
11183
12443
11045
11184
12444
11046
11185
12445
11047
11186
12446
11048
11187
12447
11049
11188
12448
11050
11189
12449
11051
11190
12450
11052
11191
12451
11053
11192
12452
11054
11193
12453
11055
11194
12454
11056
11195
12455
11057
11196
12456
11058
11197
12457
11059
11198
12458
11199
12459
11061
12460
11062
12461
11063
12462
11064
12463
11065
12464
11066
12465
11067
12466
11068
12467
11069
12468
11070
12469
11071
12470
11072
12471
11073
12472
11074
12473
11075
12474
11076
12475
11077
12476
11078
12477
11079
12478
11080
12479
11081
12480
11082
12481
11083
12482
11084
12483
11085
12484
11086
12485
11087
12486
11088
12487
11089
12488
11090
12489
11091
12490
11092
12491
11093
12492
11094
12493
11095
12494
11096
12495
11097
12496
11098
12497
11099
12498
11100
12499
11101
12500
11102
12501
11103
12502
11104
12503
11105
12504
11106
12505
11107
12506
11108
12507
11109
12508
11110
12509
11111
12510
11112
12511
11113
12512
11114
12513
11115
12514
11116
12515
11117
12516
11118
12517
11119
12518
11120
12519
11121
12520
11122
12521
11123
12522
11124
12523
11125
12524
11126
12525
11127
12526
11128
12527
11129
12528
11130
12529
11131
12530
11132
12531
11133
12532
11134
12533
11135
12534
11136
12535
11137
12536
11138
12537
11139
12538
11140
12539
11141
12540
11142
12541
11143
12542
11144
12543
11145
12544
11146
12545
11147
12546
11148
12547
11149
12548
11150
12549
11151
12550
11152
12551
11153
12552
11154
12553
11155
12554
11156
12555
11157
12556
11158
12557
11159
12558
11160
12559
11161
12560
11162
12561
11163
12562
11164
12563
11165
12564
11166
12565
11167
12566
11168
12567
11169
12568
11170
12569
11171
12570
11172
12571
11173
12572
11174
12573
11175
12574
11176
12575
11177
12576
11178
12577
11179
12578
11180
12579
11181
12580
11182
12581
11183
12582
11184
12583
11185
12584
11186
12585
11187
12586
11188
12587
11189
12588
11190
12589
11191
12590
11192
12591
11193
12592
11194
12593
11195
12594
11196
12595
11197
12596
11198
12597
11199
12598
12599
11201
11340
12600
11202
11341
12601
11203
11342
12602
11204
11343
12603
11205
11344
12604
11206
11345
12605
11207
11346
12606
11208
11347
12607
11209
11348
12608
11210
11349
12609
11211
11350
12610
11212
11351
12611
11213
11352
12612
11214
11353
12613
11215
11354
12614
11216
11355
12615
11217
11356
12616
11218
11357
12617
11219
11358
12618
11220
11359
12619
11221
11360
12620
11222
11361
12621
11223
11362
12622
11224
11363
12623
11225
11364
12624
11226
11365
12625
11227
11366
12626
11228
11367
12627
11229
11368
12628
11230
11369
12629
11231
11370
12630
11232
11371
12631
11233
11372
12632
11234
11373
12633
11235
11374
12634
11236
11375
12635
11237
11376
12636
11238
11377
12637
11239
11378
12638
11240
11379
12639
11241
11380
12640
11242
11381
12641
11243
11382
12642
11244
11383
12643
11245
11384
12644
11246
11385
12645
11247
11386
12646
11248
11387
12647
11249
11388
12648
11250
11389
12649
11251
11390
12650
11252
11391
12651
11253
11392
12652
11254
11393
12653
11255
11394
12654
11256
11395
12655
11257
11396
12656
11258
11397
12657
11259
11398
12658
11260
11399
12659
11261
11400
12660
11262
11401
12661
11263
11402
12662
11264
11403
12663
11265
11404
12664
11266
11405
12665
11267
11406
12666
11268
11407
12667
11269
11408
12668
11270
11409
12669
11271
11410
12670
11272
11411
12671
11273
11412
12672
11274
11413
12673
11275
11414
12674
11276
11415
12675
11277
11416
12676
11278
11417
12677
11279
11418
12678
11280
11419
12679
11281
11420
12680
11282
11421
12681
11283
11422
12682
11284
11423
12683
11285
11424
12684
11286
11425
12685
11287
11426
12686
11288
11427
12687
11289
11428
12688
11290
11429
12689
11291
11430
12690
11292
11431
12691
11293
11432
12692
11294
11433
12693
11295
11434
12694
11296
11435
12695
11297
11436
12696
11298
11437
12697
11299
11438
12698
11300
11439
12699
11301
11440
12700
11302
11441
12701
11303
11442
12702
11304
11443
12703
11305
11444
12704
11306
11445
12705
11307
11446
12706
11308
11447
12707
11309
11448
12708
11310
11449
12709
11311
11450
12710
11312
11451
12711
11313
11452
12712
11314
11453
12713
11315
11454
12714
11316
11455
12715
11317
11456
12716
11318
11457
12717
11319
11458
12718
11320
11459
12719
11321
11460
12720
11322
11461
12721
11323
11462
12722
11324
11463
12723
11325
11464
12724
11326
11465
12725
11327
11466
12726
11328
11467
12727
11329
11468
12728
11330
11469
12729
11331
11470
12730
11332
11471
12731
11333
11472
12732
11334
11473
12733
11335
11474
12734
11336
11475
12735
11337
11476
12736
11338
11477
12737
11339
11478
12738
11479
12739
11341
11480
12740
11342
11481
12741
11343
11482
12742
11344
11483
12743
11345
11484
12744
11346
11485
12745
11347
11486
12746
11348
11487
12747
11349
11488
12748
11350
11489
12749
11351
11490
12750
11352
11491
12751
11353
11492
12752
11354
11493
12753
11355
11494
12754
11356
11495
12755
11357
11496
12756
11358
11497
12757
11359
11498
12758
11360
11499
12759
11361
11500
12760
11362
11501
12761
11363
11502
12762
11364
11503
12763
11365
11504
12764
11366
11505
12765
11367
11506
12766
11368
11507
12767
11369
11508
12768
11370
11509
12769
11371
11510
12770
11372
11511
12771
11373
11512
12772
11374
11513
12773
11375
11514
12774
11376
11515
12775
11377
11516
12776
11378
11517
12777
11379
11518
12778
11380
11519
12779
11381
11520
12780
11382
11521
12781
11383
11522
12782
11384
11523
12783
11385
11524
12784
11386
11525
12785
11387
11526
12786
11388
11527
12787
11389
11528
12788
11390
11529
12789
11391
11530
12790
11392
11531
12791
11393
11532
12792
11394
11533
12793
11395
11534
12794
11396
11535
12795
11397
11536
12796
11398
11537
12797
11399
11538
12798
11400
11539
12799
11401
11540
12800
11402
11541
12801
11403
11542
12802
11404
11543
12803
11405
11544
12804
11406
11545
12805
11407
11546
12806
11408
11547
12807
11409
11548
12808
11410
11549
12809
11411
11550
12810
11412
11551
12811
11413
11552
12812
11414
11553
12813
11415
11554
12814
11416
11555
12815
11417
11556
12816
11418
11557
12817
11419
11558
12818
11420
11559
12819
11421
11560
12820
11422
11561
12821
11423
11562
12822
11424
11563
12823
11425
11564
12824
11426
11565
12825
11427
11566
12826
11428
11567
12827
11429
11568
12828
11430
11569
12829
11431
11570
12830
11432
11571
12831
11433
11572
12832
11434
11573
12833
11435
11574
12834
11436
11575
12835
11437
11576
12836
11438
11577
12837
11439
11578
12838
11440
11579
12839
11441
11580
12840
11442
11581
12841
11443
11582
12842
11444
11583
12843
11445
11584
12844
11446
11585
12845
11447
11586
12846
11448
11587
12847
11449
11588
12848
11450
11589
12849
11451
11590
12850
11452
11591
12851
11453
11592
12852
11454
11593
12853
11455
11594
12854
11456
11595
12855
11457
11596
12856
11458
11597
12857
11459
11598
12858
11460
11599
12859
11461
11600
12860
11462
11601
12861
11463
11602
12862
11464
11603
12863
11465
11604
12864
11466
11605
12865
11467
11606
12866
11468
11607
12867
11469
11608
12868
11470
11609
12869
11471
11610
12870
11472
11611
12871
11473
11612
12872
11474
11613
12873
11475
11614
12874
11476
11615
12875
11477
11616
12876
11478
11617
12877
11479
11618
12878
11619
12879
11481
11620
12880
11482
11621
12881
11483
11622
12882
11484
11623
12883
11485
11624
12884
11486
11625
12885
11487
11626
12886
11488
11627
12887
11489
11628
12888
11490
11629
12889
11491
11630
12890
11492
11631
12891
11493
11632
12892
11494
11633
12893
11495
11634
12894
11496
11635
12895
11497
11636
12896
11498
11637
12897
11499
11638
12898
11500
11639
12899
11501
11640
12900
11502
11641
12901
11503
11642
12902
11504
11643
12903
11505
11644
12904
11506
11645
12905
11507
11646
12906
11508
11647
12907
11509
11648
12908
11510
11649
12909
11511
11650
12910
11512
11651
12911
11513
11652
12912
11514
11653
12913
11515
11654
12914
11516
11655
12915
11517
11656
12916
11518
11657
12917
11519
11658
12918
11520
11659
12919
11521
11660
12920
11522
11661
12921
11523
11662
12922
11524
11663
12923
11525
11664
12924
11526
11665
12925
11527
11666
12926
11528
11667
12927
11529
11668
12928
11530
11669
12929
11531
11670
12930
11532
11671
12931
11533
11672
12932
11534
11673
12933
11535
11674
12934
11536
11675
12935
11537
11676
12936
11538
11677
12937
11539
11678
12938
11540
11679
12939
11541
11680
12940
11542
11681
12941
11543
11682
12942
11544
11683
12943
11545
11684
12944
11546
11685
12945
11547
11686
12946
11548
11687
12947
11549
11688
12948
11550
11689
12949
11551
11690
12950
11552
11691
12951
11553
11692
12952
11554
11693
12953
11555
11694
12954
11556
11695
12955
11557
11696
12956
11558
11697
12957
11559
11698
12958
11560
11699
12959
11561
11700
12960
11562
11701
12961
11563
11702
12962
11564
11703
12963
11565
11704
12964
11566
11705
12965
11567
11706
12966
11568
11707
12967
11569
11708
12968
11570
11709
12969
11571
11710
12970
11572
11711
12971
11573
11712
12972
11574
11713
12973
11575
11714
12974
11576
11715
12975
11577
11716
12976
11578
11717
12977
11579
11718
12978
11580
11719
12979
11581
11720
12980
11582
11721
12981
11583
11722
12982
11584
11723
12983
11585
11724
12984
11586
11725
12985
11587
11726
12986
11588
11727
12987
11589
11728
12988
11590
11729
12989
11591
11730
12990
11592
11731
12991
11593
11732
12992
11594
11733
12993
11595
11734
12994
11596
11735
12995
11597
11736
12996
11598
11737
12997
11599
11738
12998
11600
11739
12999
11601
11740
13000
11602
11741
13001
11603
11742
13002
11604
11743
13003
11605
11744
13004
11606
11745
13005
11607
11746
13006
11608
11747
13007
11609
11748
13008
11610
11749
13009
11611
11750
13010
11612
11751
13011
11613
11752
13012
11614
11753
13013
11615
11754
13014
11616
11755
13015
11617
11756
13016
11618
11757
13017
11619
11758
13018
11759
13019
11621
11760
13020
11622
11761
13021
11623
11762
13022
11624
11763
13023
11625
11764
13024
11626
11765
13025
11627
11766
13026
11628
11767
13027
11629
11768
13028
11630
11769
13029
11631
11770
13030
11632
11771
13031
11633
11772
13032
11634
11773
13033
11635
11774
13034
11636
11775
13035
11637
11776
13036
11638
11777
13037
11639
11778
13038
11640
11779
13039
11641
11780
13040
11642
11781
13041
11643
11782
13042
11644
11783
13043
11645
11784
13044
11646
11785
13045
11647
11786
13046
11648
11787
13047
11649
11788
13048
11650
11789
13049
11651
11790
13050
11652
11791
13051
11653
11792
13052
11654
11793
13053
11655
11794
13054
11656
11795
13055
11657
11796
13056
11658
11797
13057
11659
11798
13058
11660
11799
13059
11661
11800
13060
11662
11801
13061
11663
11802
13062
11664
11803
13063
11665
11804
13064
11666
11805
13065
11667
11806
13066
11668
11807
13067
11669
11808
13068
11670
11809
13069
11671
11810
13070
11672
11811
13071
11673
11812
13072
11674
11813
13073
11675
11814
13074
11676
11815
13075
11677
11816
13076
11678
11817
13077
11679
11818
13078
11680
11819
13079
11681
11820
13080
11682
11821
13081
11683
11822
13082
11684
11823
13083
11685
11824
13084
11686
11825
13085
11687
11826
13086
11688
11827
13087
11689
11828
13088
11690
11829
13089
11691
11830
13090
11692
11831
13091
11693
11832
13092
11694
11833
13093
11695
11834
13094
11696
11835
13095
11697
11836
13096
11698
11837
13097
11699
11838
13098
11700
11839
13099
11701
11840
13100
11702
11841
13101
11703
11842
13102
11704
11843
13103
11705
11844
13104
11706
11845
13105
11707
11846
13106
11708
11847
13107
11709
11848
13108
11710
11849
13109
11711
11850
13110
11712
11851
13111
11713
11852
13112
11714
11853
13113
11715
11854
13114
11716
11855
13115
11717
11856
13116
11718
11857
13117
11719
11858
13118
11720
11859
13119
11721
11860
13120
11722
11861
13121
11723
11862
13122
11724
11863
13123
11725
11864
13124
11726
11865
13125
11727
11866
13126
11728
11867
13127
11729
11868
13128
11730
11869
13129
11731
11870
13130
11732
11871
13131
11733
11872
13132
11734
11873
13133
11735
11874
13134
11736
11875
13135
11737
11876
13136
11738
11877
13137
11739
11878
13138
11740
11879
13139
11741
11880
13140
11742
11881
13141
11743
11882
13142
11744
11883
13143
11745
11884
13144
11746
11885
13145
11747
11886
13146
11748
11887
13147
11749
11888
13148
11750
11889
13149
11751
11890
13150
11752
11891
13151
11753
11892
13152
11754
11893
13153
11755
11894
13154
11756
11895
13155
11757
11896
13156
11758
11897
13157
11759
11898
13158
11899
13159
11761
11900
13160
11762
11901
13161
11763
11902
13162
11764
11903
13163
11765
11904
13164
11766
11905
13165
11767
11906
13166
11768
11907
13167
11769
11908
13168
11770
11909
13169
11771
11910
13170
11772
11911
13171
11773
11912
13172
11774
11913
13173
11775
11914
13174
11776
11915
13175
11777
11916
13176
11778
11917
13177
11779
11918
13178
11780
11919
13179
11781
11920
13180
11782
11921
13181
11783
11922
13182
11784
11923
13183
11785
11924
13184
11786
11925
13185
11787
11926
13186
11788
11927
13187
11789
11928
13188
11790
11929
13189
11791
11930
13190
11792
11931
13191
11793
11932
13192
11794
11933
13193
11795
11934
13194
11796
11935
13195
11797
11936
13196
11798
11937
13197
11799
11938
13198
11800
11939
13199
11801
11940
13200
11802
11941
13201
11803
11942
13202
11804
11943
13203
11805
11944
13204
11806
11945
13205
11807
11946
13206
11808
11947
13207
11809
11948
13208
11810
11949
13209
11811
11950
13210
11812
11951
13211
11813
11952
13212
11814
11953
13213
11815
11954
13214
11816
11955
13215
11817
11956
13216
11818
11957
13217
11819
11958
13218
11820
11959
13219
11821
11960
13220
11822
11961
13221
11823
11962
13222
11824
11963
13223
11825
11964
13224
11826
11965
13225
11827
11966
13226
11828
11967
13227
11829
11968
13228
11830
11969
13229
11831
11970
13230
11832
11971
13231
11833
11972
13232
11834
11973
13233
11835
11974
13234
11836
11975
13235
11837
11976
13236
11838
11977
13237
11839
11978
13238
11840
11979
13239
11841
11980
13240
11842
11981
13241
11843
11982
13242
11844
11983
13243
11845
11984
13244
11846
11985
13245
11847
11986
13246
11848
11987
13247
11849
11988
13248
11850
11989
13249
11851
11990
13250
11852
11991
13251
11853
11992
13252
11854
11993
13253
11855
11994
13254
11856
11995
13255
11857
11996
13256
11858
11997
13257
11859
11998
13258
11860
11999
13259
11861
12000
13260
11862
12001
13261
11863
12002
13262
11864
12003
13263
11865
12004
13264
11866
12005
13265
11867
12006
13266
11868
12007
13267
11869
12008
13268
11870
12009
13269
11871
12010
13270
11872
12011
13271
11873
12012
13272
11874
12013
13273
11875
12014
13274
11876
12015
13275
11877
12016
13276
11878
12017
13277
11879
12018
13278
11880
12019
13279
11881
12020
13280
11882
12021
13281
11883
12022
13282
11884
12023
13283
11885
12024
13284
11886
12025
13285
11887
12026
13286
11888
12027
13287
11889
12028
13288
11890
12029
13289
11891
12030
13290
11892
12031
13291
11893
12032
13292
11894
12033
13293
11895
12034
13294
11896
12035
13295
11897
12036
13296
11898
12037
13297
11899
12038
13298
12039
13299
11901
12040
13300
11902
12041
13301
11903
12042
13302
11904
12043
13303
11905
12044
13304
11906
12045
13305
11907
12046
13306
11908
12047
13307
11909
12048
13308
11910
12049
13309
11911
12050
13310
11912
12051
13311
11913
12052
13312
11914
12053
13313
11915
12054
13314
11916
12055
13315
11917
12056
13316
11918
12057
13317
11919
12058
13318
11920
12059
13319
11921
12060
13320
11922
12061
13321
11923
12062
13322
11924
12063
13323
11925
12064
13324
11926
12065
13325
11927
12066
13326
11928
12067
13327
11929
12068
13328
11930
12069
13329
11931
12070
13330
11932
12071
13331
11933
12072
13332
11934
12073
13333
11935
12074
13334
11936
12075
13335
11937
12076
13336
11938
12077
13337
11939
12078
13338
11940
12079
13339
11941
12080
13340
11942
12081
13341
11943
12082
13342
11944
12083
13343
11945
12084
13344
11946
12085
13345
11947
12086
13346
11948
12087
13347
11949
12088
13348
11950
12089
13349
11951
12090
13350
11952
12091
13351
11953
12092
13352
11954
12093
13353
11955
12094
13354
11956
12095
13355
11957
12096
13356
11958
12097
13357
11959
12098
13358
11960
12099
13359
11961
12100
13360
11962
12101
13361
11963
12102
13362
11964
12103
13363
11965
12104
13364
11966
12105
13365
11967
12106
13366
11968
12107
13367
11969
12108
13368
11970
12109
13369
11971
12110
13370
11972
12111
13371
11973
12112
13372
11974
12113
13373
11975
12114
13374
11976
12115
13375
11977
12116
13376
11978
12117
13377
11979
12118
13378
11980
12119
13379
11981
12120
13380
11982
12121
13381
11983
12122
13382
11984
12123
13383
11985
12124
13384
11986
12125
13385
11987
12126
13386
11988
12127
13387
11989
12128
13388
11990
12129
13389
11991
12130
13390
11992
12131
13391
11993
12132
13392
11994
12133
13393
11995
12134
13394
11996
12135
13395
11997
12136
13396
11998
12137
13397
11999
12138
13398
12000
12139
13399
12001
12140
13400
12002
12141
13401
12003
12142
13402
12004
12143
13403
12005
12144
13404
12006
12145
13405
12007
12146
13406
12008
12147
13407
12009
12148
13408
12010
12149
13409
12011
12150
13410
12012
12151
13411
12013
12152
13412
12014
12153
13413
12015
12154
13414
12016
12155
13415
12017
12156
13416
12018
12157
13417
12019
12158
13418
12020
12159
13419
12021
12160
13420
12022
12161
13421
12023
12162
13422
12024
12163
13423
12025
12164
13424
12026
12165
13425
12027
12166
13426
12028
12167
13427
12029
12168
13428
12030
12169
13429
12031
12170
13430
12032
12171
13431
12033
12172
13432
12034
12173
13433
12035
12174
13434
12036
12175
13435
12037
12176
13436
12038
12177
13437
12039
12178
13438
12179
13439
12041
12180
13440
12042
12181
13441
12043
12182
13442
12044
12183
13443
12045
12184
13444
12046
12185
13445
12047
12186
13446
12048
12187
13447
12049
12188
13448
12050
12189
13449
12051
12190
13450
12052
12191
13451
12053
12192
13452
12054
12193
13453
12055
12194
13454
12056
12195
13455
12057
12196
13456
12058
12197
13457
12059
12198
13458
12060
12199
13459
12061
12200
13460
12062
12201
13461
12063
12202
13462
12064
12203
13463
12065
12204
13464
12066
12205
13465
12067
12206
13466
12068
12207
13467
12069
12208
13468
12070
12209
13469
12071
12210
13470
12072
12211
13471
12073
12212
13472
12074
12213
13473
12075
12214
13474
12076
12215
13475
12077
12216
13476
12078
12217
13477
12079
12218
13478
12080
12219
13479
12081
12220
13480
12082
12221
13481
12083
12222
13482
12084
12223
13483
12085
12224
13484
12086
12225
13485
12087
12226
13486
12088
12227
13487
12089
12228
13488
12090
12229
13489
12091
12230
13490
12092
12231
13491
12093
12232
13492
12094
12233
13493
12095
12234
13494
12096
12235
13495
12097
12236
13496
12098
12237
13497
12099
12238
13498
12100
12239
13499
12101
12240
13500
12102
12241
13501
12103
12242
13502
12104
12243
13503
12105
12244
13504
12106
12245
13505
12107
12246
13506
12108
12247
13507
12109
12248
13508
12110
12249
13509
12111
12250
13510
12112
12251
13511
12113
12252
13512
12114
12253
13513
12115
12254
13514
12116
12255
13515
12117
12256
13516
12118
12257
13517
12119
12258
13518
12120
12259
13519
12121
12260
13520
12122
12261
13521
12123
12262
13522
12124
12263
13523
12125
12264
13524
12126
12265
13525
12127
12266
13526
12128
12267
13527
12129
12268
13528
12130
12269
13529
12131
12270
13530
12132
12271
13531
12133
12272
13532
12134
12273
13533
12135
12274
13534
12136
12275
13535
12137
12276
13536
12138
12277
13537
12139
12278
13538
12140
12279
13539
12141
12280
13540
12142
12281
13541
12143
12282
13542
12144
12283
13543
12145
12284
13544
12146
12285
13545
12147
12286
13546
12148
12287
13547
12149
12288
13548
12150
12289
13549
12151
12290
13550
12152
12291
13551
12153
12292
13552
12154
12293
13553
12155
12294
13554
12156
12295
13555
12157
12296
13556
12158
12297
13557
12159
12298
13558
12160
12299
13559
12161
12300
13560
12162
12301
13561
12163
12302
13562
12164
12303
13563
12165
12304
13564
12166
12305
13565
12167
12306
13566
12168
12307
13567
12169
12308
13568
12170
12309
13569
12171
12310
13570
12172
12311
13571
12173
12312
13572
12174
12313
13573
12175
12314
13574
12176
12315
13575
12177
12316
13576
12178
12317
13577
12179
12318
13578
12319
13579
12181
12320
13580
12182
12321
13581
12183
12322
13582
12184
12323
13583
12185
12324
13584
12186
12325
13585
12187
12326
13586
12188
12327
13587
12189
12328
13588
12190
12329
13589
12191
12330
13590
12192
12331
13591
12193
12332
13592
12194
12333
13593
12195
12334
13594
12196
12335
13595
12197
12336
13596
12198
12337
13597
12199
12338
13598
12200
12339
13599
12201
12340
13600
12202
12341
13601
12203
12342
13602
12204
12343
13603
12205
12344
13604
12206
12345
13605
12207
12346
13606
12208
12347
13607
12209
12348
13608
12210
12349
13609
12211
12350
13610
12212
12351
13611
12213
12352
13612
12214
12353
13613
12215
12354
13614
12216
12355
13615
12217
12356
13616
12218
12357
13617
12219
12358
13618
12220
12359
13619
12221
12360
13620
12222
12361
13621
12223
12362
13622
12224
12363
13623
12225
12364
13624
12226
12365
13625
12227
12366
13626
12228
12367
13627
12229
12368
13628
12230
12369
13629
12231
12370
13630
12232
12371
13631
12233
12372
13632
12234
12373
13633
12235
12374
13634
12236
12375
13635
12237
12376
13636
12238
12377
13637
12239
12378
13638
12240
12379
13639
12241
12380
13640
12242
12381
13641
12243
12382
13642
12244
12383
13643
12245
12384
13644
12246
12385
13645
12247
12386
13646
12248
12387
13647
12249
12388
13648
12250
12389
13649
12251
12390
13650
12252
12391
13651
12253
12392
13652
12254
12393
13653
12255
12394
13654
12256
12395
13655
12257
12396
13656
12258
12397
13657
12259
12398
13658
12260
12399
13659
12261
12400
13660
12262
12401
13661
12263
12402
13662
12264
12403
13663
12265
12404
13664
12266
12405
13665
12267
12406
13666
12268
12407
13667
12269
12408
13668
12270
12409
13669
12271
12410
13670
12272
12411
13671
12273
12412
13672
12274
12413
13673
12275
12414
13674
12276
12415
13675
12277
12416
13676
12278
12417
13677
12279
12418
13678
12280
12419
13679
12281
12420
13680
12282
12421
13681
12283
12422
13682
12284
12423
13683
12285
12424
13684
12286
12425
13685
12287
12426
13686
12288
12427
13687
12289
12428
13688
12290
12429
13689
12291
12430
13690
12292
12431
13691
12293
12432
13692
12294
12433
13693
12295
12434
13694
12296
12435
13695
12297
12436
13696
12298
12437
13697
12299
12438
13698
12300
12439
13699
12301
12440
13700
12302
12441
13701
12303
12442
13702
12304
12443
13703
12305
12444
13704
12306
12445
13705
12307
12446
13706
12308
12447
13707
12309
12448
13708
12310
12449
13709
12311
12450
13710
12312
12451
13711
12313
12452
13712
12314
12453
13713
12315
12454
13714
12316
12455
13715
12317
12456
13716
12318
12457
13717
12319
12458
13718
12459
13719
12321
12460
13720
12322
12461
13721
12323
12462
13722
12324
12463
13723
12325
12464
13724
12326
12465
13725
12327
12466
13726
12328
12467
13727
12329
12468
13728
12330
12469
13729
12331
12470
13730
12332
12471
13731
12333
12472
13732
12334
12473
13733
12335
12474
13734
12336
12475
13735
12337
12476
13736
12338
12477
13737
12339
12478
13738
12340
12479
13739
12341
12480
13740
12342
12481
13741
12343
12482
13742
12344
12483
13743
12345
12484
13744
12346
12485
13745
12347
12486
13746
12348
12487
13747
12349
12488
13748
12350
12489
13749
12351
12490
13750
12352
12491
13751
12353
12492
13752
12354
12493
13753
12355
12494
13754
12356
12495
13755
12357
12496
13756
12358
12497
13757
12359
12498
13758
12360
12499
13759
12361
12500
13760
12362
12501
13761
12363
12502
13762
12364
12503
13763
12365
12504
13764
12366
12505
13765
12367
12506
13766
12368
12507
13767
12369
12508
13768
12370
12509
13769
12371
12510
13770
12372
12511
13771
12373
12512
13772
12374
12513
13773
12375
12514
13774
12376
12515
13775
12377
12516
13776
12378
12517
13777
12379
12518
13778
12380
12519
13779
12381
12520
13780
12382
12521
13781
12383
12522
13782
12384
12523
13783
12385
12524
13784
12386
12525
13785
12387
12526
13786
12388
12527
13787
12389
12528
13788
12390
12529
13789
12391
12530
13790
12392
12531
13791
12393
12532
13792
12394
12533
13793
12395
12534
13794
12396
12535
13795
12397
12536
13796
12398
12537
13797
12399
12538
13798
12400
12539
13799
12401
12540
13800
12402
12541
13801
12403
12542
13802
12404
12543
13803
12405
12544
13804
12406
12545
13805
12407
12546
13806
12408
12547
13807
12409
12548
13808
12410
12549
13809
12411
12550
13810
12412
12551
13811
12413
12552
13812
12414
12553
13813
12415
12554
13814
12416
12555
13815
12417
12556
13816
12418
12557
13817
12419
12558
13818
12420
12559
13819
12421
12560
13820
12422
12561
13821
12423
12562
13822
12424
12563
13823
12425
12564
13824
12426
12565
13825
12427
12566
13826
12428
12567
13827
12429
12568
13828
12430
12569
13829
12431
12570
13830
12432
12571
13831
12433
12572
13832
12434
12573
13833
12435
12574
13834
12436
12575
13835
12437
12576
13836
12438
12577
13837
12439
12578
13838
12440
12579
13839
12441
12580
13840
12442
12581
13841
12443
12582
13842
12444
12583
13843
12445
12584
13844
12446
12585
13845
12447
12586
13846
12448
12587
13847
12449
12588
13848
12450
12589
13849
12451
12590
13850
12452
12591
13851
12453
12592
13852
12454
12593
13853
12455
12594
13854
12456
12595
13855
12457
12596
13856
12458
12597
13857
12459
12598
13858
12599
13859
12461
13860
12462
13861
12463
13862
12464
13863
12465
13864
12466
13865
12467
13866
12468
13867
12469
13868
12470
13869
12471
13870
12472
13871
12473
13872
12474
13873
12475
13874
12476
13875
12477
13876
12478
13877
12479
13878
12480
13879
12481
13880
12482
13881
12483
13882
12484
13883
12485
13884
12486
13885
12487
13886
12488
13887
12489
13888
12490
13889
12491
13890
12492
13891
12493
13892
12494
13893
12495
13894
12496
13895
12497
13896
12498
13897
12499
13898
12500
13899
12501
13900
12502
13901
12503
13902
12504
13903
12505
13904
12506
13905
12507
13906
12508
13907
12509
13908
12510
13909
12511
13910
12512
13911
12513
13912
12514
13913
12515
13914
12516
13915
12517
13916
12518
13917
12519
13918
12520
13919
12521
13920
12522
13921
12523
13922
12524
13923
12525
13924
12526
13925
12527
13926
12528
13927
12529
13928
12530
13929
12531
13930
12532
13931
12533
13932
12534
13933
12535
13934
12536
13935
12537
13936
12538
13937
12539
13938
12540
13939
12541
13940
12542
13941
12543
13942
12544
13943
12545
13944
12546
13945
12547
13946
12548
13947
12549
13948
12550
13949
12551
13950
12552
13951
12553
13952
12554
13953
12555
13954
12556
13955
12557
13956
12558
13957
12559
13958
12560
13959
12561
13960
12562
13961
12563
13962
12564
13963
12565
13964
12566
13965
12567
13966
12568
13967
12569
13968
12570
13969
12571
13970
12572
13971
12573
13972
12574
13973
12575
13974
12576
13975
12577
13976
12578
13977
12579
13978
12580
13979
12581
13980
12582
13981
12583
13982
12584
13983
12585
13984
12586
13985
12587
13986
12588
13987
12589
13988
12590
13989
12591
13990
12592
13991
12593
13992
12594
13993
12595
13994
12596
13995
12597
13996
12598
13997
12599
13998
13999
12601
12740
14000
12602
12741
14001
12603
12742
14002
12604
12743
14003
12605
12744
14004
12606
12745
14005
12607
12746
14006
12608
12747
14007
12609
12748
14008
12610
12749
14009
12611
12750
14010
12612
12751
14011
12613
12752
14012
12614
12753
14013
12615
12754
14014
12616
12755
14015
12617
12756
14016
12618
12757
14017
12619
12758
14018
12620
12759
14019
12621
12760
14020
12622
12761
14021
12623
12762
14022
12624
12763
14023
12625
12764
14024
12626
12765
14025
12627
12766
14026
12628
12767
14027
12629
12768
14028
12630
12769
14029
12631
12770
14030
12632
12771
14031
12633
12772
14032
12634
12773
14033
12635
12774
14034
12636
12775
14035
12637
12776
14036
12638
12777
14037
12639
12778
14038
12640
12779
14039
12641
12780
14040
12642
12781
14041
12643
12782
14042
12644
12783
14043
12645
12784
14044
12646
12785
14045
12647
12786
14046
12648
12787
14047
12649
12788
14048
12650
12789
14049
12651
12790
14050
12652
12791
14051
12653
12792
14052
12654
12793
14053
12655
12794
14054
12656
12795
14055
12657
12796
14056
12658
12797
14057
12659
12798
14058
12660
12799
14059
12661
12800
14060
12662
12801
14061
12663
12802
14062
12664
12803
14063
12665
12804
14064
12666
12805
14065
12667
12806
14066
12668
12807
14067
12669
12808
14068
12670
12809
14069
12671
12810
14070
12672
12811
14071
12673
12812
14072
12674
12813
14073
12675
12814
14074
12676
12815
14075
12677
12816
14076
12678
12817
14077
12679
12818
14078
12680
12819
14079
12681
12820
14080
12682
12821
14081
12683
12822
14082
12684
12823
14083
12685
12824
14084
12686
12825
14085
12687
12826
14086
12688
12827
14087
12689
12828
14088
12690
12829
14089
12691
12830
14090
12692
12831
14091
12693
12832
14092
12694
12833
14093
12695
12834
14094
12696
12835
14095
12697
12836
14096
12698
12837
14097
12699
12838
14098
12700
12839
14099
12701
12840
14100
12702
12841
14101
12703
12842
14102
12704
12843
14103
12705
12844
14104
12706
12845
14105
12707
12846
14106
12708
12847
14107
12709
12848
14108
12710
12849
14109
12711
12850
14110
12712
12851
14111
12713
12852
14112
12714
12853
14113
12715
12854
14114
12716
12855
14115
12717
12856
14116
12718
12857
14117
12719
12858
14118
12720
12859
14119
12721
12860
14120
12722
12861
14121
12723
12862
14122
12724
12863
14123
12725
12864
14124
12726
12865
14125
12727
12866
14126
12728
12867
14127
12729
12868
14128
12730
12869
14129
12731
12870
14130
12732
12871
14131
12733
12872
14132
12734
12873
14133
12735
12874
14134
12736
12875
14135
12737
12876
14136
12738
12877
14137
12739
12878
14138
12879
14139
12741
12880
14140
12742
12881
14141
12743
12882
14142
12744
12883
14143
12745
12884
14144
12746
12885
14145
12747
12886
14146
12748
12887
14147
12749
12888
14148
12750
12889
14149
12751
12890
14150
12752
12891
14151
12753
12892
14152
12754
12893
14153
12755
12894
14154
12756
12895
14155
12757
12896
14156
12758
12897
14157
12759
12898
14158
12760
12899
14159
12761
12900
14160
12762
12901
14161
12763
12902
14162
12764
12903
14163
12765
12904
14164
12766
12905
14165
12767
12906
14166
12768
12907
14167
12769
12908
14168
12770
12909
14169
12771
12910
14170
12772
12911
14171
12773
12912
14172
12774
12913
14173
12775
12914
14174
12776
12915
14175
12777
12916
14176
12778
12917
14177
12779
12918
14178
12780
12919
14179
12781
12920
14180
12782
12921
14181
12783
12922
14182
12784
12923
14183
12785
12924
14184
12786
12925
14185
12787
12926
14186
12788
12927
14187
12789
12928
14188
12790
12929
14189
12791
12930
14190
12792
12931
14191
12793
12932
14192
12794
12933
14193
12795
12934
14194
12796
12935
14195
12797
12936
14196
12798
12937
14197
12799
12938
14198
12800
12939
14199
12801
12940
14200
12802
12941
14201
12803
12942
14202
12804
12943
14203
12805
12944
14204
12806
12945
14205
12807
12946
14206
12808
12947
14207
12809
12948
14208
12810
12949
14209
12811
12950
14210
12812
12951
14211
12813
12952
14212
12814
12953
14213
12815
12954
14214
12816
12955
14215
12817
12956
14216
12818
12957
14217
12819
12958
14218
12820
12959
14219
12821
12960
14220
12822
12961
14221
12823
12962
14222
12824
12963
14223
12825
12964
14224
12826
12965
14225
12827
12966
14226
12828
12967
14227
12829
12968
14228
12830
12969
14229
12831
12970
14230
12832
12971
14231
12833
12972
14232
12834
12973
14233
12835
12974
14234
12836
12975
14235
12837
12976
14236
12838
12977
14237
12839
12978
14238
12840
12979
14239
12841
12980
14240
12842
12981
14241
12843
12982
14242
12844
12983
14243
12845
12984
14244
12846
12985
14245
12847
12986
14246
12848
12987
14247
12849
12988
14248
12850
12989
14249
12851
12990
14250
12852
12991
14251
12853
12992
14252
12854
12993
14253
12855
12994
14254
12856
12995
14255
12857
12996
14256
12858
12997
14257
12859
12998
14258
12860
12999
14259
12861
13000
14260
12862
13001
14261
12863
13002
14262
12864
13003
14263
12865
13004
14264
12866
13005
14265
12867
13006
14266
12868
13007
14267
12869
13008
14268
12870
13009
14269
12871
13010
14270
12872
13011
14271
12873
13012
14272
12874
13013
14273
12875
13014
14274
12876
13015
14275
12877
13016
14276
12878
13017
14277
12879
13018
14278
13019
14279
12881
13020
14280
12882
13021
14281
12883
13022
14282
12884
13023
14283
12885
13024
14284
12886
13025
14285
12887
13026
14286
12888
13027
14287
12889
13028
14288
12890
13029
14289
12891
13030
14290
12892
13031
14291
12893
13032
14292
12894
13033
14293
12895
13034
14294
12896
13035
14295
12897
13036
14296
12898
13037
14297
12899
13038
14298
12900
13039
14299
12901
13040
14300
12902
13041
14301
12903
13042
14302
12904
13043
14303
12905
13044
14304
12906
13045
14305
12907
13046
14306
12908
13047
14307
12909
13048
14308
12910
13049
14309
12911
13050
14310
12912
13051
14311
12913
13052
14312
12914
13053
14313
12915
13054
14314
12916
13055
14315
12917
13056
14316
12918
13057
14317
12919
13058
14318
12920
13059
14319
12921
13060
14320
12922
13061
14321
12923
13062
14322
12924
13063
14323
12925
13064
14324
12926
13065
14325
12927
13066
14326
12928
13067
14327
12929
13068
14328
12930
13069
14329
12931
13070
14330
12932
13071
14331
12933
13072
14332
12934
13073
14333
12935
13074
14334
12936
13075
14335
12937
13076
14336
12938
13077
14337
12939
13078
14338
12940
13079
14339
12941
13080
14340
12942
13081
14341
12943
13082
14342
12944
13083
14343
12945
13084
14344
12946
13085
14345
12947
13086
14346
12948
13087
14347
12949
13088
14348
12950
13089
14349
12951
13090
14350
12952
13091
14351
12953
13092
14352
12954
13093
14353
12955
13094
14354
12956
13095
14355
12957
13096
14356
12958
13097
14357
12959
13098
14358
12960
13099
14359
12961
13100
14360
12962
13101
14361
12963
13102
14362
12964
13103
14363
12965
13104
14364
12966
13105
14365
12967
13106
14366
12968
13107
14367
12969
13108
14368
12970
13109
14369
12971
13110
14370
12972
13111
14371
12973
13112
14372
12974
13113
14373
12975
13114
14374
12976
13115
14375
12977
13116
14376
12978
13117
14377
12979
13118
14378
12980
13119
14379
12981
13120
14380
12982
13121
14381
12983
13122
14382
12984
13123
14383
12985
13124
14384
12986
13125
14385
12987
13126
14386
12988
13127
14387
12989
13128
14388
12990
13129
14389
12991
13130
14390
12992
13131
14391
12993
13132
14392
12994
13133
14393
12995
13134
14394
12996
13135
14395
12997
13136
14396
12998
13137
14397
12999
13138
14398
13000
13139
14399
13001
13140
14400
13002
13141
14401
13003
13142
14402
13004
13143
14403
13005
13144
14404
13006
13145
14405
13007
13146
14406
13008
13147
14407
13009
13148
14408
13010
13149
14409
13011
13150
14410
13012
13151
14411
13013
13152
14412
13014
13153
14413
13015
13154
14414
13016
13155
14415
13017
13156
14416
13018
13157
14417
13019
13158
14418
13159
14419
13021
13160
14420
13022
13161
14421
13023
13162
14422
13024
13163
14423
13025
13164
14424
13026
13165
14425
13027
13166
14426
13028
13167
14427
13029
13168
14428
13030
13169
14429
13031
13170
14430
13032
13171
14431
13033
13172
14432
13034
13173
14433
13035
13174
14434
13036
13175
14435
13037
13176
14436
13038
13177
14437
13039
13178
14438
13040
13179
14439
13041
13180
14440
13042
13181
14441
13043
13182
14442
13044
13183
14443
13045
13184
14444
13046
13185
14445
13047
13186
14446
13048
13187
14447
13049
13188
14448
13050
13189
14449
13051
13190
14450
13052
13191
14451
13053
13192
14452
13054
13193
14453
13055
13194
14454
13056
13195
14455
13057
13196
14456
13058
13197
14457
13059
13198
14458
13060
13199
14459
13061
13200
14460
13062
13201
14461
13063
13202
14462
13064
13203
14463
13065
13204
14464
13066
13205
14465
13067
13206
14466
13068
13207
14467
13069
13208
14468
13070
13209
14469
13071
13210
14470
13072
13211
14471
13073
13212
14472
13074
13213
14473
13075
13214
14474
13076
13215
14475
13077
13216
14476
13078
13217
14477
13079
13218
14478
13080
13219
14479
13081
13220
14480
13082
13221
14481
13083
13222
14482
13084
13223
14483
13085
13224
14484
13086
13225
14485
13087
13226
14486
13088
13227
14487
13089
13228
14488
13090
13229
14489
13091
13230
14490
13092
13231
14491
13093
13232
14492
13094
13233
14493
13095
13234
14494
13096
13235
14495
13097
13236
14496
13098
13237
14497
13099
13238
14498
13100
13239
14499
13101
13240
14500
13102
13241
14501
13103
13242
14502
13104
13243
14503
13105
13244
14504
13106
13245
14505
13107
13246
14506
13108
13247
14507
13109
13248
14508
13110
13249
14509
13111
13250
14510
13112
13251
14511
13113
13252
14512
13114
13253
14513
13115
13254
14514
13116
13255
14515
13117
13256
14516
13118
13257
14517
13119
13258
14518
13120
13259
14519
13121
13260
14520
13122
13261
14521
13123
13262
14522
13124
13263
14523
13125
13264
14524
13126
13265
14525
13127
13266
14526
13128
13267
14527
13129
13268
14528
13130
13269
14529
13131
13270
14530
13132
13271
14531
13133
13272
14532
13134
13273
14533
13135
13274
14534
13136
13275
14535
13137
13276
14536
13138
13277
14537
13139
13278
14538
13140
13279
14539
13141
13280
14540
13142
13281
14541
13143
13282
14542
13144
13283
14543
13145
13284
14544
13146
13285
14545
13147
13286
14546
13148
13287
14547
13149
13288
14548
13150
13289
14549
13151
13290
14550
13152
13291
14551
13153
13292
14552
13154
13293
14553
13155
13294
14554
13156
13295
14555
13157
13296
14556
13158
13297
14557
13159
13298
14558
13299
14559
13161
13300
14560
13162
13301
14561
13163
13302
14562
13164
13303
14563
13165
13304
14564
13166
13305
14565
13167
13306
14566
13168
13307
14567
13169
13308
14568
13170
13309
14569
13171
13310
14570
13172
13311
14571
13173
13312
14572
13174
13313
14573
13175
13314
14574
13176
13315
14575
13177
13316
14576
13178
13317
14577
13179
13318
14578
13180
13319
14579
13181
13320
14580
13182
13321
14581
13183
13322
14582
13184
13323
14583
13185
13324
14584
13186
13325
14585
13187
13326
14586
13188
13327
14587
13189
13328
14588
13190
13329
14589
13191
13330
14590
13192
13331
14591
13193
13332
14592
13194
13333
14593
13195
13334
14594
13196
13335
14595
13197
13336
14596
13198
13337
14597
13199
13338
14598
13200
13339
14599
13201
13340
14600
13202
13341
14601
13203
13342
14602
13204
13343
14603
13205
13344
14604
13206
13345
14605
13207
13346
14606
13208
13347
14607
13209
13348
14608
13210
13349
14609
13211
13350
14610
13212
13351
14611
13213
13352
14612
13214
13353
14613
13215
13354
14614
13216
13355
14615
13217
13356
14616
13218
13357
14617
13219
13358
14618
13220
13359
14619
13221
13360
14620
13222
13361
14621
13223
13362
14622
13224
13363
14623
13225
13364
14624
13226
13365
14625
13227
13366
14626
13228
13367
14627
13229
13368
14628
13230
13369
14629
13231
13370
14630
13232
13371
14631
13233
13372
14632
13234
13373
14633
13235
13374
14634
13236
13375
14635
13237
13376
14636
13238
13377
14637
13239
13378
14638
13240
13379
14639
13241
13380
14640
13242
13381
14641
13243
13382
14642
13244
13383
14643
13245
13384
14644
13246
13385
14645
13247
13386
14646
13248
13387
14647
13249
13388
14648
13250
13389
14649
13251
13390
14650
13252
13391
14651
13253
13392
14652
13254
13393
14653
13255
13394
14654
13256
13395
14655
13257
13396
14656
13258
13397
14657
13259
13398
14658
13260
13399
14659
13261
13400
14660
13262
13401
14661
13263
13402
14662
13264
13403
14663
13265
13404
14664
13266
13405
14665
13267
13406
14666
13268
13407
14667
13269
13408
14668
13270
13409
14669
13271
13410
14670
13272
13411
14671
13273
13412
14672
13274
13413
14673
13275
13414
14674
13276
13415
14675
13277
13416
14676
13278
13417
14677
13279
13418
14678
13280
13419
14679
13281
13420
14680
13282
13421
14681
13283
13422
14682
13284
13423
14683
13285
13424
14684
13286
13425
14685
13287
13426
14686
13288
13427
14687
13289
13428
14688
13290
13429
14689
13291
13430
14690
13292
13431
14691
13293
13432
14692
13294
13433
14693
13295
13434
14694
13296
13435
14695
13297
13436
14696
13298
13437
14697
13299
13438
14698
13439
14699
13301
13440
14700
13302
13441
14701
13303
13442
14702
13304
13443
14703
13305
13444
14704
13306
13445
14705
13307
13446
14706
13308
13447
14707
13309
13448
14708
13310
13449
14709
13311
13450
14710
13312
13451
14711
13313
13452
14712
13314
13453
14713
13315
13454
14714
13316
13455
14715
13317
13456
14716
13318
13457
14717
13319
13458
14718
13320
13459
14719
13321
13460
14720
13322
13461
14721
13323
13462
14722
13324
13463
14723
13325
13464
14724
13326
13465
14725
13327
13466
14726
13328
13467
14727
13329
13468
14728
13330
13469
14729
13331
13470
14730
13332
13471
14731
13333
13472
14732
13334
13473
14733
13335
13474
14734
13336
13475
14735
13337
13476
14736
13338
13477
14737
13339
13478
14738
13340
13479
14739
13341
13480
14740
13342
13481
14741
13343
13482
14742
13344
13483
14743
13345
13484
14744
13346
13485
14745
13347
13486
14746
13348
13487
14747
13349
13488
14748
13350
13489
14749
13351
13490
14750
13352
13491
14751
13353
13492
14752
13354
13493
14753
13355
13494
14754
13356
13495
14755
13357
13496
14756
13358
13497
14757
13359
13498
14758
13360
13499
14759
13361
13500
14760
13362
13501
14761
13363
13502
14762
13364
13503
14763
13365
13504
14764
13366
13505
14765
13367
13506
14766
13368
13507
14767
13369
13508
14768
13370
13509
14769
13371
13510
14770
13372
13511
14771
13373
13512
14772
13374
13513
14773
13375
13514
14774
13376
13515
14775
13377
13516
14776
13378
13517
14777
13379
13518
14778
13380
13519
14779
13381
13520
14780
13382
13521
14781
13383
13522
14782
13384
13523
14783
13385
13524
14784
13386
13525
14785
13387
13526
14786
13388
13527
14787
13389
13528
14788
13390
13529
14789
13391
13530
14790
13392
13531
14791
13393
13532
14792
13394
13533
14793
13395
13534
14794
13396
13535
14795
13397
13536
14796
13398
13537
14797
13399
13538
14798
13400
13539
14799
13401
13540
14800
13402
13541
14801
13403
13542
14802
13404
13543
14803
13405
13544
14804
13406
13545
14805
13407
13546
14806
13408
13547
14807
13409
13548
14808
13410
13549
14809
13411
13550
14810
13412
13551
14811
13413
13552
14812
13414
13553
14813
13415
13554
14814
13416
13555
14815
13417
13556
14816
13418
13557
14817
13419
13558
14818
13420
13559
14819
13421
13560
14820
13422
13561
14821
13423
13562
14822
13424
13563
14823
13425
13564
14824
13426
13565
14825
13427
13566
14826
13428
13567
14827
13429
13568
14828
13430
13569
14829
13431
13570
14830
13432
13571
14831
13433
13572
14832
13434
13573
14833
13435
13574
14834
13436
13575
14835
13437
13576
14836
13438
13577
14837
13439
13578
14838
13579
14839
13441
13580
14840
13442
13581
14841
13443
13582
14842
13444
13583
14843
13445
13584
14844
13446
13585
14845
13447
13586
14846
13448
13587
14847
13449
13588
14848
13450
13589
14849
13451
13590
14850
13452
13591
14851
13453
13592
14852
13454
13593
14853
13455
13594
14854
13456
13595
14855
13457
13596
14856
13458
13597
14857
13459
13598
14858
13460
13599
14859
13461
13600
14860
13462
13601
14861
13463
13602
14862
13464
13603
14863
13465
13604
14864
13466
13605
14865
13467
13606
14866
13468
13607
14867
13469
13608
14868
13470
13609
14869
13471
13610
14870
13472
13611
14871
13473
13612
14872
13474
13613
14873
13475
13614
14874
13476
13615
14875
13477
13616
14876
13478
13617
14877
13479
13618
14878
13480
13619
14879
13481
13620
14880
13482
13621
14881
13483
13622
14882
13484
13623
14883
13485
13624
14884
13486
13625
14885
13487
13626
14886
13488
13627
14887
13489
13628
14888
13490
13629
14889
13491
13630
14890
13492
13631
14891
13493
13632
14892
13494
13633
14893
13495
13634
14894
13496
13635
14895
13497
13636
14896
13498
13637
14897
13499
13638
14898
13500
13639
14899
13501
13640
14900
13502
13641
14901
13503
13642
14902
13504
13643
14903
13505
13644
14904
13506
13645
14905
13507
13646
14906
13508
13647
14907
13509
13648
14908
13510
13649
14909
13511
13650
14910
13512
13651
14911
13513
13652
14912
13514
13653
14913
13515
13654
14914
13516
13655
14915
13517
13656
14916
13518
13657
14917
13519
13658
14918
13520
13659
14919
13521
13660
14920
13522
13661
14921
13523
13662
14922
13524
13663
14923
13525
13664
14924
13526
13665
14925
13527
13666
14926
13528
13667
14927
13529
13668
14928
13530
13669
14929
13531
13670
14930
13532
13671
14931
13533
13672
14932
13534
13673
14933
13535
13674
14934
13536
13675
14935
13537
13676
14936
13538
13677
14937
13539
13678
14938
13540
13679
14939
13541
13680
14940
13542
13681
14941
13543
13682
14942
13544
13683
14943
13545
13684
14944
13546
13685
14945
13547
13686
14946
13548
13687
14947
13549
13688
14948
13550
13689
14949
13551
13690
14950
13552
13691
14951
13553
13692
14952
13554
13693
14953
13555
13694
14954
13556
13695
14955
13557
13696
14956
13558
13697
14957
13559
13698
14958
13560
13699
14959
13561
13700
14960
13562
13701
14961
13563
13702
14962
13564
13703
14963
13565
13704
14964
13566
13705
14965
13567
13706
14966
13568
13707
14967
13569
13708
14968
13570
13709
14969
13571
13710
14970
13572
13711
14971
13573
13712
14972
13574
13713
14973
13575
13714
14974
13576
13715
14975
13577
13716
14976
13578
13717
14977
13579
13718
14978
13719
14979
13581
13720
14980
13582
13721
14981
13583
13722
14982
13584
13723
14983
13585
13724
14984
13586
13725
14985
13587
13726
14986
13588
13727
14987
13589
13728
14988
13590
13729
14989
13591
13730
14990
13592
13731
14991
13593
13732
14992
13594
13733
14993
13595
13734
14994
13596
13735
14995
13597
13736
14996
13598
13737
14997
13599
13738
14998
13600
13739
14999
13601
13740
15000
13602
13741
15001
13603
13742
15002
13604
13743
15003
13605
13744
15004
13606
13745
15005
13607
13746
15006
13608
13747
15007
13609
13748
15008
13610
13749
15009
13611
13750
15010
13612
13751
15011
13613
13752
15012
13614
13753
15013
13615
13754
15014
13616
13755
15015
13617
13756
15016
13618
13757
15017
13619
13758
15018
13620
13759
15019
13621
13760
15020
13622
13761
15021
13623
13762
15022
13624
13763
15023
13625
13764
15024
13626
13765
15025
13627
13766
15026
13628
13767
15027
13629
13768
15028
13630
13769
15029
13631
13770
15030
13632
13771
15031
13633
13772
15032
13634
13773
15033
13635
13774
15034
13636
13775
15035
13637
13776
15036
13638
13777
15037
13639
13778
15038
13640
13779
15039
13641
13780
15040
13642
13781
15041
13643
13782
15042
13644
13783
15043
13645
13784
15044
13646
13785
15045
13647
13786
15046
13648
13787
15047
13649
13788
15048
13650
13789
15049
13651
13790
15050
13652
13791
15051
13653
13792
15052
13654
13793
15053
13655
13794
15054
13656
13795
15055
13657
13796
15056
13658
13797
15057
13659
13798
15058
13660
13799
15059
13661
13800
15060
13662
13801
15061
13663
13802
15062
13664
13803
15063
13665
13804
15064
13666
13805
15065
13667
13806
15066
13668
13807
15067
13669
13808
15068
13670
13809
15069
13671
13810
15070
13672
13811
15071
13673
13812
15072
13674
13813
15073
13675
13814
15074
13676
13815
15075
13677
13816
15076
13678
13817
15077
13679
13818
15078
13680
13819
15079
13681
13820
15080
13682
13821
15081
13683
13822
15082
13684
13823
15083
13685
13824
15084
13686
13825
15085
13687
13826
15086
13688
13827
15087
13689
13828
15088
13690
13829
15089
13691
13830
15090
13692
13831
15091
13693
13832
15092
13694
13833
15093
13695
13834
15094
13696
13835
15095
13697
13836
15096
13698
13837
15097
13699
13838
15098
13700
13839
15099
13701
13840
15100
13702
13841
15101
13703
13842
15102
13704
13843
15103
13705
13844
15104
13706
13845
15105
13707
13846
15106
13708
13847
15107
13709
13848
15108
13710
13849
15109
13711
13850
15110
13712
13851
15111
13713
13852
15112
13714
13853
15113
13715
13854
15114
13716
13855
15115
13717
13856
15116
13718
13857
15117
13719
13858
15118
13859
15119
13721
13860
15120
13722
13861
15121
13723
13862
15122
13724
13863
15123
13725
13864
15124
13726
13865
15125
13727
13866
15126
13728
13867
15127
13729
13868
15128
13730
13869
15129
13731
13870
15130
13732
13871
15131
13733
13872
15132
13734
13873
15133
13735
13874
15134
13736
13875
15135
13737
13876
15136
13738
13877
15137
13739
13878
15138
13740
13879
15139
13741
13880
15140
13742
13881
15141
13743
13882
15142
13744
13883
15143
13745
13884
15144
13746
13885
15145
13747
13886
15146
13748
13887
15147
13749
13888
15148
13750
13889
15149
13751
13890
15150
13752
13891
15151
13753
13892
15152
13754
13893
15153
13755
13894
15154
13756
13895
15155
13757
13896
15156
13758
13897
15157
13759
13898
15158
13760
13899
15159
13761
13900
15160
13762
13901
15161
13763
13902
15162
13764
13903
15163
13765
13904
15164
13766
13905
15165
13767
13906
15166
13768
13907
15167
13769
13908
15168
13770
13909
15169
13771
13910
15170
13772
13911
15171
13773
13912
15172
13774
13913
15173
13775
13914
15174
13776
13915
15175
13777
13916
15176
13778
13917
15177
13779
13918
15178
13780
13919
15179
13781
13920
15180
13782
13921
15181
13783
13922
15182
13784
13923
15183
13785
13924
15184
13786
13925
15185
13787
13926
15186
13788
13927
15187
13789
13928
15188
13790
13929
15189
13791
13930
15190
13792
13931
15191
13793
13932
15192
13794
13933
15193
13795
13934
15194
13796
13935
15195
13797
13936
15196
13798
13937
15197
13799
13938
15198
13800
13939
15199
13801
13940
15200
13802
13941
15201
13803
13942
15202
13804
13943
15203
13805
13944
15204
13806
13945
15205
13807
13946
15206
13808
13947
15207
13809
13948
15208
13810
13949
15209
13811
13950
15210
13812
13951
15211
13813
13952
15212
13814
13953
15213
13815
13954
15214
13816
13955
15215
13817
13956
15216
13818
13957
15217
13819
13958
15218
13820
13959
15219
13821
13960
15220
13822
13961
15221
13823
13962
15222
13824
13963
15223
13825
13964
15224
13826
13965
15225
13827
13966
15226
13828
13967
15227
13829
13968
15228
13830
13969
15229
13831
13970
15230
13832
13971
15231
13833
13972
15232
13834
13973
15233
13835
13974
15234
13836
13975
15235
13837
13976
15236
13838
13977
15237
13839
13978
15238
13840
13979
15239
13841
13980
15240
13842
13981
15241
13843
13982
15242
13844
13983
15243
13845
13984
15244
13846
13985
15245
13847
13986
15246
13848
13987
15247
13849
13988
15248
13850
13989
15249
13851
13990
15250
13852
13991
15251
13853
13992
15252
13854
13993
15253
13855
13994
15254
13856
13995
15255
13857
13996
15256
13858
13997
15257
13859
13998
15258
13999
15259
13861
15260
13862
15261
13863
15262
13864
15263
13865
15264
13866
15265
13867
15266
13868
15267
13869
15268
13870
15269
13871
15270
13872
15271
13873
15272
13874
15273
13875
15274
13876
15275
13877
15276
13878
15277
13879
15278
13880
15279
13881
15280
13882
15281
13883
15282
13884
15283
13885
15284
13886
15285
13887
15286
13888
15287
13889
15288
13890
15289
13891
15290
13892
15291
13893
15292
13894
15293
13895
15294
13896
15295
13897
15296
13898
15297
13899
15298
13900
15299
13901
15300
13902
15301
13903
15302
13904
15303
13905
15304
13906
15305
13907
15306
13908
15307
13909
15308
13910
15309
13911
15310
13912
15311
13913
15312
13914
15313
13915
15314
13916
15315
13917
15316
13918
15317
13919
15318
13920
15319
13921
15320
13922
15321
13923
15322
13924
15323
13925
15324
13926
15325
13927
15326
13928
15327
13929
15328
13930
15329
13931
15330
13932
15331
13933
15332
13934
15333
13935
15334
13936
15335
13937
15336
13938
15337
13939
15338
13940
15339
13941
15340
13942
15341
13943
15342
13944
15343
13945
15344
13946
15345
13947
15346
13948
15347
13949
15348
13950
15349
13951
15350
13952
15351
13953
15352
13954
15353
13955
15354
13956
15355
13957
15356
13958
15357
13959
15358
13960
15359
13961
15360
13962
15361
13963
15362
13964
15363
13965
15364
13966
15365
13967
15366
13968
15367
13969
15368
13970
15369
13971
15370
13972
15371
13973
15372
13974
15373
13975
15374
13976
15375
13977
15376
13978
15377
13979
15378
13980
15379
13981
15380
13982
15381
13983
15382
13984
15383
13985
15384
13986
15385
13987
15386
13988
15387
13989
15388
13990
15389
13991
15390
13992
15391
13993
15392
13994
15393
13995
15394
13996
15395
13997
15396
13998
15397
13999
15398
15399
14001
14140
15400
14002
14141
15401
14003
14142
15402
14004
14143
15403
14005
14144
15404
14006
14145
15405
14007
14146
15406
14008
14147
15407
14009
14148
15408
14010
14149
15409
14011
14150
15410
14012
14151
15411
14013
14152
15412
14014
14153
15413
14015
14154
15414
14016
14155
15415
14017
14156
15416
14018
14157
15417
14019
14158
15418
14020
14159
15419
14021
14160
15420
14022
14161
15421
14023
14162
15422
14024
14163
15423
14025
14164
15424
14026
14165
15425
14027
14166
15426
14028
14167
15427
14029
14168
15428
14030
14169
15429
14031
14170
15430
14032
14171
15431
14033
14172
15432
14034
14173
15433
14035
14174
15434
14036
14175
15435
14037
14176
15436
14038
14177
15437
14039
14178
15438
14040
14179
15439
14041
14180
15440
14042
14181
15441
14043
14182
15442
14044
14183
15443
14045
14184
15444
14046
14185
15445
14047
14186
15446
14048
14187
15447
14049
14188
15448
14050
14189
15449
14051
14190
15450
14052
14191
15451
14053
14192
15452
14054
14193
15453
14055
14194
15454
14056
14195
15455
14057
14196
15456
14058
14197
15457
14059
14198
15458
14060
14199
15459
14061
14200
15460
14062
14201
15461
14063
14202
15462
14064
14203
15463
14065
14204
15464
14066
14205
15465
14067
14206
15466
14068
14207
15467
14069
14208
15468
14070
14209
15469
14071
14210
15470
14072
14211
15471
14073
14212
15472
14074
14213
15473
14075
14214
15474
14076
14215
15475
14077
14216
15476
14078
14217
15477
14079
14218
15478
14080
14219
15479
14081
14220
15480
14082
14221
15481
14083
14222
15482
14084
14223
15483
14085
14224
15484
14086
14225
15485
14087
14226
15486
14088
14227
15487
14089
14228
15488
14090
14229
15489
14091
14230
15490
14092
14231
15491
14093
14232
15492
14094
14233
15493
14095
14234
15494
14096
14235
15495
14097
14236
15496
14098
14237
15497
14099
14238
15498
14100
14239
15499
14101
14240
15500
14102
14241
15501
14103
14242
15502
14104
14243
15503
14105
14244
15504
14106
14245
15505
14107
14246
15506
14108
14247
15507
14109
14248
15508
14110
14249
15509
14111
14250
15510
14112
14251
15511
14113
14252
15512
14114
14253
15513
14115
14254
15514
14116
14255
15515
14117
14256
15516
14118
14257
15517
14119
14258
15518
14120
14259
15519
14121
14260
15520
14122
14261
15521
14123
14262
15522
14124
14263
15523
14125
14264
15524
14126
14265
15525
14127
14266
15526
14128
14267
15527
14129
14268
15528
14130
14269
15529
14131
14270
15530
14132
14271
15531
14133
14272
15532
14134
14273
15533
14135
14274
15534
14136
14275
15535
14137
14276
15536
14138
14277
15537
14139
14278
15538
14279
15539
14141
14280
15540
14142
14281
15541
14143
14282
15542
14144
14283
15543
14145
14284
15544
14146
14285
15545
14147
14286
15546
14148
14287
15547
14149
14288
15548
14150
14289
15549
14151
14290
15550
14152
14291
15551
14153
14292
15552
14154
14293
15553
14155
14294
15554
14156
14295
15555
14157
14296
15556
14158
14297
15557
14159
14298
15558
14160
14299
15559
14161
14300
15560
14162
14301
15561
14163
14302
15562
14164
14303
15563
14165
14304
15564
14166
14305
15565
14167
14306
15566
14168
14307
15567
14169
14308
15568
14170
14309
15569
14171
14310
15570
14172
14311
15571
14173
14312
15572
14174
14313
15573
14175
14314
15574
14176
14315
15575
14177
14316
15576
14178
14317
15577
14179
14318
15578
14180
14319
15579
14181
14320
15580
14182
14321
15581
14183
14322
15582
14184
14323
15583
14185
14324
15584
14186
14325
15585
14187
14326
15586
14188
14327
15587
14189
14328
15588
14190
14329
15589
14191
14330
15590
14192
14331
15591
14193
14332
15592
14194
14333
15593
14195
14334
15594
14196
14335
15595
14197
14336
15596
14198
14337
15597
14199
14338
15598
14200
14339
15599
14201
14340
15600
14202
14341
15601
14203
14342
15602
14204
14343
15603
14205
14344
15604
14206
14345
15605
14207
14346
15606
14208
14347
15607
14209
14348
15608
14210
14349
15609
14211
14350
15610
14212
14351
15611
14213
14352
15612
14214
14353
15613
14215
14354
15614
14216
14355
15615
14217
14356
15616
14218
14357
15617
14219
14358
15618
14220
14359
15619
14221
14360
15620
14222
14361
15621
14223
14362
15622
14224
14363
15623
14225
14364
15624
14226
14365
15625
14227
14366
15626
14228
14367
15627
14229
14368
15628
14230
14369
15629
14231
14370
15630
14232
14371
15631
14233
14372
15632
14234
14373
15633
14235
14374
15634
14236
14375
15635
14237
14376
15636
14238
14377
15637
14239
14378
15638
14240
14379
15639
14241
14380
15640
14242
14381
15641
14243
14382
15642
14244
14383
15643
14245
14384
15644
14246
14385
15645
14247
14386
15646
14248
14387
15647
14249
14388
15648
14250
14389
15649
14251
14390
15650
14252
14391
15651
14253
14392
15652
14254
14393
15653
14255
14394
15654
14256
14395
15655
14257
14396
15656
14258
14397
15657
14259
14398
15658
14260
14399
15659
14261
14400
15660
14262
14401
15661
14263
14402
15662
14264
14403
15663
14265
14404
15664
14266
14405
15665
14267
14406
15666
14268
14407
15667
14269
14408
15668
14270
14409
15669
14271
14410
15670
14272
14411
15671
14273
14412
15672
14274
14413
15673
14275
14414
15674
14276
14415
15675
14277
14416
15676
14278
14417
15677
14279
14418
15678
14419
15679
14281
14420
15680
14282
14421
15681
14283
14422
15682
14284
14423
15683
14285
14424
15684
14286
14425
15685
14287
14426
15686
14288
14427
15687
14289
14428
15688
14290
14429
15689
14291
14430
15690
14292
14431
15691
14293
14432
15692
14294
14433
15693
14295
14434
15694
14296
14435
15695
14297
14436
15696
14298
14437
15697
14299
14438
15698
14300
14439
15699
14301
14440
15700
14302
14441
15701
14303
14442
15702
14304
14443
15703
14305
14444
15704
14306
14445
15705
14307
14446
15706
14308
14447
15707
14309
14448
15708
14310
14449
15709
14311
14450
15710
14312
14451
15711
14313
14452
15712
14314
14453
15713
14315
14454
15714
14316
14455
15715
14317
14456
15716
14318
14457
15717
14319
14458
15718
14320
14459
15719
14321
14460
15720
14322
14461
15721
14323
14462
15722
14324
14463
15723
14325
14464
15724
14326
14465
15725
14327
14466
15726
14328
14467
15727
14329
14468
15728
14330
14469
15729
14331
14470
15730
14332
14471
15731
14333
14472
15732
14334
14473
15733
14335
14474
15734
14336
14475
15735
14337
14476
15736
14338
14477
15737
14339
14478
15738
14340
14479
15739
14341
14480
15740
14342
14481
15741
14343
14482
15742
14344
14483
15743
14345
14484
15744
14346
14485
15745
14347
14486
15746
14348
14487
15747
14349
14488
15748
14350
14489
15749
14351
14490
15750
14352
14491
15751
14353
14492
15752
14354
14493
15753
14355
14494
15754
14356
14495
15755
14357
14496
15756
14358
14497
15757
14359
14498
15758
14360
14499
15759
14361
14500
15760
14362
14501
15761
14363
14502
15762
14364
14503
15763
14365
14504
15764
14366
14505
15765
14367
14506
15766
14368
14507
15767
14369
14508
15768
14370
14509
15769
14371
14510
15770
14372
14511
15771
14373
14512
15772
14374
14513
15773
14375
14514
15774
14376
14515
15775
14377
14516
15776
14378
14517
15777
14379
14518
15778
14380
14519
15779
14381
14520
15780
14382
14521
15781
14383
14522
15782
14384
14523
15783
14385
14524
15784
14386
14525
15785
14387
14526
15786
14388
14527
15787
14389
14528
15788
14390
14529
15789
14391
14530
15790
14392
14531
15791
14393
14532
15792
14394
14533
15793
14395
14534
15794
14396
14535
15795
14397
14536
15796
14398
14537
15797
14399
14538
15798
14400
14539
15799
14401
14540
15800
14402
14541
15801
14403
14542
15802
14404
14543
15803
14405
14544
15804
14406
14545
15805
14407
14546
15806
14408
14547
15807
14409
14548
15808
14410
14549
15809
14411
14550
15810
14412
14551
15811
14413
14552
15812
14414
14553
15813
14415
14554
15814
14416
14555
15815
14417
14556
15816
14418
14557
15817
14419
14558
15818
14559
15819
14421
14560
15820
14422
14561
15821
14423
14562
15822
14424
14563
15823
14425
14564
15824
14426
14565
15825
14427
14566
15826
14428
14567
15827
14429
14568
15828
14430
14569
15829
14431
14570
15830
14432
14571
15831
14433
14572
15832
14434
14573
15833
14435
14574
15834
14436
14575
15835
14437
14576
15836
14438
14577
15837
14439
14578
15838
14440
14579
15839
14441
14580
15840
14442
14581
15841
14443
14582
15842
14444
14583
15843
14445
14584
15844
14446
14585
15845
14447
14586
15846
14448
14587
15847
14449
14588
15848
14450
14589
15849
14451
14590
15850
14452
14591
15851
14453
14592
15852
14454
14593
15853
14455
14594
15854
14456
14595
15855
14457
14596
15856
14458
14597
15857
14459
14598
15858
14460
14599
15859
14461
14600
15860
14462
14601
15861
14463
14602
15862
14464
14603
15863
14465
14604
15864
14466
14605
15865
14467
14606
15866
14468
14607
15867
14469
14608
15868
14470
14609
15869
14471
14610
15870
14472
14611
15871
14473
14612
15872
14474
14613
15873
14475
14614
15874
14476
14615
15875
14477
14616
15876
14478
14617
15877
14479
14618
15878
14480
14619
15879
14481
14620
15880
14482
14621
15881
14483
14622
15882
14484
14623
15883
14485
14624
15884
14486
14625
15885
14487
14626
15886
14488
14627
15887
14489
14628
15888
14490
14629
15889
14491
14630
15890
14492
14631
15891
14493
14632
15892
14494
14633
15893
14495
14634
15894
14496
14635
15895
14497
14636
15896
14498
14637
15897
14499
14638
15898
14500
14639
15899
14501
14640
15900
14502
14641
15901
14503
14642
15902
14504
14643
15903
14505
14644
15904
14506
14645
15905
14507
14646
15906
14508
14647
15907
14509
14648
15908
14510
14649
15909
14511
14650
15910
14512
14651
15911
14513
14652
15912
14514
14653
15913
14515
14654
15914
14516
14655
15915
14517
14656
15916
14518
14657
15917
14519
14658
15918
14520
14659
15919
14521
14660
15920
14522
14661
15921
14523
14662
15922
14524
14663
15923
14525
14664
15924
14526
14665
15925
14527
14666
15926
14528
14667
15927
14529
14668
15928
14530
14669
15929
14531
14670
15930
14532
14671
15931
14533
14672
15932
14534
14673
15933
14535
14674
15934
14536
14675
15935
14537
14676
15936
14538
14677
15937
14539
14678
15938
14540
14679
15939
14541
14680
15940
14542
14681
15941
14543
14682
15942
14544
14683
15943
14545
14684
15944
14546
14685
15945
14547
14686
15946
14548
14687
15947
14549
14688
15948
14550
14689
15949
14551
14690
15950
14552
14691
15951
14553
14692
15952
14554
14693
15953
14555
14694
15954
14556
14695
15955
14557
14696
15956
14558
14697
15957
14559
14698
15958
14699
15959
14561
14700
15960
14562
14701
15961
14563
14702
15962
14564
14703
15963
14565
14704
15964
14566
14705
15965
14567
14706
15966
14568
14707
15967
14569
14708
15968
14570
14709
15969
14571
14710
15970
14572
14711
15971
14573
14712
15972
14574
14713
15973
14575
14714
15974
14576
14715
15975
14577
14716
15976
14578
14717
15977
14579
14718
15978
14580
14719
15979
14581
14720
15980
14582
14721
15981
14583
14722
15982
14584
14723
15983
14585
14724
15984
14586
14725
15985
14587
14726
15986
14588
14727
15987
14589
14728
15988
14590
14729
15989
14591
14730
15990
14592
14731
15991
14593
14732
15992
14594
14733
15993
14595
14734
15994
14596
14735
15995
14597
14736
15996
14598
14737
15997
14599
14738
15998
14600
14739
15999
14601
14740
16000
14602
14741
16001
14603
14742
16002
14604
14743
16003
14605
14744
16004
14606
14745
16005
14607
14746
16006
14608
14747
16007
14609
14748
16008
14610
14749
16009
14611
14750
16010
14612
14751
16011
14613
14752
16012
14614
14753
16013
14615
14754
16014
14616
14755
16015
14617
14756
16016
14618
14757
16017
14619
14758
16018
14620
14759
16019
14621
14760
16020
14622
14761
16021
14623
14762
16022
14624
14763
16023
14625
14764
16024
14626
14765
16025
14627
14766
16026
14628
14767
16027
14629
14768
16028
14630
14769
16029
14631
14770
16030
14632
14771
16031
14633
14772
16032
14634
14773
16033
14635
14774
16034
14636
14775
16035
14637
14776
16036
14638
14777
16037
14639
14778
16038
14640
14779
16039
14641
14780
16040
14642
14781
16041
14643
14782
16042
14644
14783
16043
14645
14784
16044
14646
14785
16045
14647
14786
16046
14648
14787
16047
14649
14788
16048
14650
14789
16049
14651
14790
16050
14652
14791
16051
14653
14792
16052
14654
14793
16053
14655
14794
16054
14656
14795
16055
14657
14796
16056
14658
14797
16057
14659
14798
16058
14660
14799
16059
14661
14800
16060
14662
14801
16061
14663
14802
16062
14664
14803
16063
14665
14804
16064
14666
14805
16065
14667
14806
16066
14668
14807
16067
14669
14808
16068
14670
14809
16069
14671
14810
16070
14672
14811
16071
14673
14812
16072
14674
14813
16073
14675
14814
16074
14676
14815
16075
14677
14816
16076
14678
14817
16077
14679
14818
16078
14680
14819
16079
14681
14820
16080
14682
14821
16081
14683
14822
16082
14684
14823
16083
14685
14824
16084
14686
14825
16085
14687
14826
16086
14688
14827
16087
14689
14828
16088
14690
14829
16089
14691
14830
16090
14692
14831
16091
14693
14832
16092
14694
14833
16093
14695
14834
16094
14696
14835
16095
14697
14836
16096
14698
14837
16097
14699
14838
16098
14839
16099
14701
14840
16100
14702
14841
16101
14703
14842
16102
14704
14843
16103
14705
14844
16104
14706
14845
16105
14707
14846
16106
14708
14847
16107
14709
14848
16108
14710
14849
16109
14711
14850
16110
14712
14851
16111
14713
14852
16112
14714
14853
16113
14715
14854
16114
14716
14855
16115
14717
14856
16116
14718
14857
16117
14719
14858
16118
14720
14859
16119
14721
14860
16120
14722
14861
16121
14723
14862
16122
14724
14863
16123
14725
14864
16124
14726
14865
16125
14727
14866
16126
14728
14867
16127
14729
14868
16128
14730
14869
16129
14731
14870
16130
14732
14871
16131
14733
14872
16132
14734
14873
16133
14735
14874
16134
14736
14875
16135
14737
14876
16136
14738
14877
16137
14739
14878
16138
14740
14879
16139
14741
14880
16140
14742
14881
16141
14743
14882
16142
14744
14883
16143
14745
14884
16144
14746
14885
16145
14747
14886
16146
14748
14887
16147
14749
14888
16148
14750
14889
16149
14751
14890
16150
14752
14891
16151
14753
14892
16152
14754
14893
16153
14755
14894
16154
14756
14895
16155
14757
14896
16156
14758
14897
16157
14759
14898
16158
14760
14899
16159
14761
14900
16160
14762
14901
16161
14763
14902
16162
14764
14903
16163
14765
14904
16164
14766
14905
16165
14767
14906
16166
14768
14907
16167
14769
14908
16168
14770
14909
16169
14771
14910
16170
14772
14911
16171
14773
14912
16172
14774
14913
16173
14775
14914
16174
14776
14915
16175
14777
14916
16176
14778
14917
16177
14779
14918
16178
14780
14919
16179
14781
14920
16180
14782
14921
16181
14783
14922
16182
14784
14923
16183
14785
14924
16184
14786
14925
16185
14787
14926
16186
14788
14927
16187
14789
14928
16188
14790
14929
16189
14791
14930
16190
14792
14931
16191
14793
14932
16192
14794
14933
16193
14795
14934
16194
14796
14935
16195
14797
14936
16196
14798
14937
16197
14799
14938
16198
14800
14939
16199
14801
14940
16200
14802
14941
16201
14803
14942
16202
14804
14943
16203
14805
14944
16204
14806
14945
16205
14807
14946
16206
14808
14947
16207
14809
14948
16208
14810
14949
16209
14811
14950
16210
14812
14951
16211
14813
14952
16212
14814
14953
16213
14815
14954
16214
14816
14955
16215
14817
14956
16216
14818
14957
16217
14819
14958
16218
14820
14959
16219
14821
14960
16220
14822
14961
16221
14823
14962
16222
14824
14963
16223
14825
14964
16224
14826
14965
16225
14827
14966
16226
14828
14967
16227
14829
14968
16228
14830
14969
16229
14831
14970
16230
14832
14971
16231
14833
14972
16232
14834
14973
16233
14835
14974
16234
14836
14975
16235
14837
14976
16236
14838
14977
16237
14839
14978
16238
14979
16239
14841
14980
16240
14842
14981
16241
14843
14982
16242
14844
14983
16243
14845
14984
16244
14846
14985
16245
14847
14986
16246
14848
14987
16247
14849
14988
16248
14850
14989
16249
14851
14990
16250
14852
14991
16251
14853
14992
16252
14854
14993
16253
14855
14994
16254
14856
14995
16255
14857
14996
16256
14858
14997
16257
14859
14998
16258
14860
14999
16259
14861
15000
16260
14862
15001
16261
14863
15002
16262
14864
15003
16263
14865
15004
16264
14866
15005
16265
14867
15006
16266
14868
15007
16267
14869
15008
16268
14870
15009
16269
14871
15010
16270
14872
15011
16271
14873
15012
16272
14874
15013
16273
14875
15014
16274
14876
15015
16275
14877
15016
16276
14878
15017
16277
14879
15018
16278
14880
15019
16279
14881
15020
16280
14882
15021
16281
14883
15022
16282
14884
15023
16283
14885
15024
16284
14886
15025
16285
14887
15026
16286
14888
15027
16287
14889
15028
16288
14890
15029
16289
14891
15030
16290
14892
15031
16291
14893
15032
16292
14894
15033
16293
14895
15034
16294
14896
15035
16295
14897
15036
16296
14898
15037
16297
14899
15038
16298
14900
15039
16299
14901
15040
16300
14902
15041
16301
14903
15042
16302
14904
15043
16303
14905
15044
16304
14906
15045
16305
14907
15046
16306
14908
15047
16307
14909
15048
16308
14910
15049
16309
14911
15050
16310
14912
15051
16311
14913
15052
16312
14914
15053
16313
14915
15054
16314
14916
15055
16315
14917
15056
16316
14918
15057
16317
14919
15058
16318
14920
15059
16319
14921
15060
16320
14922
15061
16321
14923
15062
16322
14924
15063
16323
14925
15064
16324
14926
15065
16325
14927
15066
16326
14928
15067
16327
14929
15068
16328
14930
15069
16329
14931
15070
16330
14932
15071
16331
14933
15072
16332
14934
15073
16333
14935
15074
16334
14936
15075
16335
14937
15076
16336
14938
15077
16337
14939
15078
16338
14940
15079
16339
14941
15080
16340
14942
15081
16341
14943
15082
16342
14944
15083
16343
14945
15084
16344
14946
15085
16345
14947
15086
16346
14948
15087
16347
14949
15088
16348
14950
15089
16349
14951
15090
16350
14952
15091
16351
14953
15092
16352
14954
15093
16353
14955
15094
16354
14956
15095
16355
14957
15096
16356
14958
15097
16357
14959
15098
16358
14960
15099
16359
14961
15100
16360
14962
15101
16361
14963
15102
16362
14964
15103
16363
14965
15104
16364
14966
15105
16365
14967
15106
16366
14968
15107
16367
14969
15108
16368
14970
15109
16369
14971
15110
16370
14972
15111
16371
14973
15112
16372
14974
15113
16373
14975
15114
16374
14976
15115
16375
14977
15116
16376
14978
15117
16377
14979
15118
16378
15119
16379
14981
15120
16380
14982
15121
16381
14983
15122
16382
14984
15123
16383
14985
15124
16384
14986
15125
16385
14987
15126
16386
14988
15127
16387
14989
15128
16388
14990
15129
16389
14991
15130
16390
14992
15131
16391
14993
15132
16392
14994
15133
16393
14995
15134
16394
14996
15135
16395
14997
15136
16396
14998
15137
16397
14999
15138
16398
15000
15139
16399
15001
15140
16400
15002
15141
16401
15003
15142
16402
15004
15143
16403
15005
15144
16404
15006
15145
16405
15007
15146
16406
15008
15147
16407
15009
15148
16408
15010
15149
16409
15011
15150
16410
15012
15151
16411
15013
15152
16412
15014
15153
16413
15015
15154
16414
15016
15155
16415
15017
15156
16416
15018
15157
16417
15019
15158
16418
15020
15159
16419
15021
15160
16420
15022
15161
16421
15023
15162
16422
15024
15163
16423
15025
15164
16424
15026
15165
16425
15027
15166
16426
15028
15167
16427
15029
15168
16428
15030
15169
16429
15031
15170
16430
15032
15171
16431
15033
15172
16432
15034
15173
16433
15035
15174
16434
15036
15175
16435
15037
15176
16436
15038
15177
16437
15039
15178
16438
15040
15179
16439
15041
15180
16440
15042
15181
16441
15043
15182
16442
15044
15183
16443
15045
15184
16444
15046
15185
16445
15047
15186
16446
15048
15187
16447
15049
15188
16448
15050
15189
16449
15051
15190
16450
15052
15191
16451
15053
15192
16452
15054
15193
16453
15055
15194
16454
15056
15195
16455
15057
15196
16456
15058
15197
16457
15059
15198
16458
15060
15199
16459
15061
15200
16460
15062
15201
16461
15063
15202
16462
15064
15203
16463
15065
15204
16464
15066
15205
16465
15067
15206
16466
15068
15207
16467
15069
15208
16468
15070
15209
16469
15071
15210
16470
15072
15211
16471
15073
15212
16472
15074
15213
16473
15075
15214
16474
15076
15215
16475
15077
15216
16476
15078
15217
16477
15079
15218
16478
15080
15219
16479
15081
15220
16480
15082
15221
16481
15083
15222
16482
15084
15223
16483
15085
15224
16484
15086
15225
16485
15087
15226
16486
15088
15227
16487
15089
15228
16488
15090
15229
16489
15091
15230
16490
15092
15231
16491
15093
15232
16492
15094
15233
16493
15095
15234
16494
15096
15235
16495
15097
15236
16496
15098
15237
16497
15099
15238
16498
15100
15239
16499
15101
15240
16500
15102
15241
16501
15103
15242
16502
15104
15243
16503
15105
15244
16504
15106
15245
16505
15107
15246
16506
15108
15247
16507
15109
15248
16508
15110
15249
16509
15111
15250
16510
15112
15251
16511
15113
15252
16512
15114
15253
16513
15115
15254
16514
15116
15255
16515
15117
15256
16516
15118
15257
16517
15119
15258
16518
15259
16519
15121
15260
16520
15122
15261
16521
15123
15262
16522
15124
15263
16523
15125
15264
16524
15126
15265
16525
15127
15266
16526
15128
15267
16527
15129
15268
16528
15130
15269
16529
15131
15270
16530
15132
15271
16531
15133
15272
16532
15134
15273
16533
15135
15274
16534
15136
15275
16535
15137
15276
16536
15138
15277
16537
15139
15278
16538
15140
15279
16539
15141
15280
16540
15142
15281
16541
15143
15282
16542
15144
15283
16543
15145
15284
16544
15146
15285
16545
15147
15286
16546
15148
15287
16547
15149
15288
16548
15150
15289
16549
15151
15290
16550
15152
15291
16551
15153
15292
16552
15154
15293
16553
15155
15294
16554
15156
15295
16555
15157
15296
16556
15158
15297
16557
15159
15298
16558
15160
15299
16559
15161
15300
16560
15162
15301
16561
15163
15302
16562
15164
15303
16563
15165
15304
16564
15166
15305
16565
15167
15306
16566
15168
15307
16567
15169
15308
16568
15170
15309
16569
15171
15310
16570
15172
15311
16571
15173
15312
16572
15174
15313
16573
15175
15314
16574
15176
15315
16575
15177
15316
16576
15178
15317
16577
15179
15318
16578
15180
15319
16579
15181
15320
16580
15182
15321
16581
15183
15322
16582
15184
15323
16583
15185
15324
16584
15186
15325
16585
15187
15326
16586
15188
15327
16587
15189
15328
16588
15190
15329
16589
15191
15330
16590
15192
15331
16591
15193
15332
16592
15194
15333
16593
15195
15334
16594
15196
15335
16595
15197
15336
16596
15198
15337
16597
15199
15338
16598
15200
15339
16599
15201
15340
16600
15202
15341
16601
15203
15342
16602
15204
15343
16603
15205
15344
16604
15206
15345
16605
15207
15346
16606
15208
15347
16607
15209
15348
16608
15210
15349
16609
15211
15350
16610
15212
15351
16611
15213
15352
16612
15214
15353
16613
15215
15354
16614
15216
15355
16615
15217
15356
16616
15218
15357
16617
15219
15358
16618
15220
15359
16619
15221
15360
16620
15222
15361
16621
15223
15362
16622
15224
15363
16623
15225
15364
16624
15226
15365
16625
15227
15366
16626
15228
15367
16627
15229
15368
16628
15230
15369
16629
15231
15370
16630
15232
15371
16631
15233
15372
16632
15234
15373
16633
15235
15374
16634
15236
15375
16635
15237
15376
16636
15238
15377
16637
15239
15378
16638
15240
15379
16639
15241
15380
16640
15242
15381
16641
15243
15382
16642
15244
15383
16643
15245
15384
16644
15246
15385
16645
15247
15386
16646
15248
15387
16647
15249
15388
16648
15250
15389
16649
15251
15390
16650
15252
15391
16651
15253
15392
16652
15254
15393
16653
15255
15394
16654
15256
15395
16655
15257
15396
16656
15258
15397
16657
15259
15398
16658
15399
16659
15261
16660
15262
16661
15263
16662
15264
16663
15265
16664
15266
16665
15267
16666
15268
16667
15269
16668
15270
16669
15271
16670
15272
16671
15273
16672
15274
16673
15275
16674
15276
16675
15277
16676
15278
16677
15279
16678
15280
16679
15281
16680
15282
16681
15283
16682
15284
16683
15285
16684
15286
16685
15287
16686
15288
16687
15289
16688
15290
16689
15291
16690
15292
16691
15293
16692
15294
16693
15295
16694
15296
16695
15297
16696
15298
16697
15299
16698
15300
16699
15301
16700
15302
16701
15303
16702
15304
16703
15305
16704
15306
16705
15307
16706
15308
16707
15309
16708
15310
16709
15311
16710
15312
16711
15313
16712
15314
16713
15315
16714
15316
16715
15317
16716
15318
16717
15319
16718
15320
16719
15321
16720
15322
16721
15323
16722
15324
16723
15325
16724
15326
16725
15327
16726
15328
16727
15329
16728
15330
16729
15331
16730
15332
16731
15333
16732
15334
16733
15335
16734
15336
16735
15337
16736
15338
16737
15339
16738
15340
16739
15341
16740
15342
16741
15343
16742
15344
16743
15345
16744
15346
16745
15347
16746
15348
16747
15349
16748
15350
16749
15351
16750
15352
16751
15353
16752
15354
16753
15355
16754
15356
16755
15357
16756
15358
16757
15359
16758
15360
16759
15361
16760
15362
16761
15363
16762
15364
16763
15365
16764
15366
16765
15367
16766
15368
16767
15369
16768
15370
16769
15371
16770
15372
16771
15373
16772
15374
16773
15375
16774
15376
16775
15377
16776
15378
16777
15379
16778
15380
16779
15381
16780
15382
16781
15383
16782
15384
16783
15385
16784
15386
16785
15387
16786
15388
16787
15389
16788
15390
16789
15391
16790
15392
16791
15393
16792
15394
16793
15395
16794
15396
16795
15397
16796
15398
16797
15399
16798
16799
15401
15540
16800
15402
15541
16801
15403
15542
16802
15404
15543
16803
15405
15544
16804
15406
15545
16805
15407
15546
16806
15408
15547
16807
15409
15548
16808
15410
15549
16809
15411
15550
16810
15412
15551
16811
15413
15552
16812
15414
15553
16813
15415
15554
16814
15416
15555
16815
15417
15556
16816
15418
15557
16817
15419
15558
16818
15420
15559
16819
15421
15560
16820
15422
15561
16821
15423
15562
16822
15424
15563
16823
15425
15564
16824
15426
15565
16825
15427
15566
16826
15428
15567
16827
15429
15568
16828
15430
15569
16829
15431
15570
16830
15432
15571
16831
15433
15572
16832
15434
15573
16833
15435
15574
16834
15436
15575
16835
15437
15576
16836
15438
15577
16837
15439
15578
16838
15440
15579
16839
15441
15580
16840
15442
15581
16841
15443
15582
16842
15444
15583
16843
15445
15584
16844
15446
15585
16845
15447
15586
16846
15448
15587
16847
15449
15588
16848
15450
15589
16849
15451
15590
16850
15452
15591
16851
15453
15592
16852
15454
15593
16853
15455
15594
16854
15456
15595
16855
15457
15596
16856
15458
15597
16857
15459
15598
16858
15460
15599
16859
15461
15600
16860
15462
15601
16861
15463
15602
16862
15464
15603
16863
15465
15604
16864
15466
15605
16865
15467
15606
16866
15468
15607
16867
15469
15608
16868
15470
15609
16869
15471
15610
16870
15472
15611
16871
15473
15612
16872
15474
15613
16873
15475
15614
16874
15476
15615
16875
15477
15616
16876
15478
15617
16877
15479
15618
16878
15480
15619
16879
15481
15620
16880
15482
15621
16881
15483
15622
16882
15484
15623
16883
15485
15624
16884
15486
15625
16885
15487
15626
16886
15488
15627
16887
15489
15628
16888
15490
15629
16889
15491
15630
16890
15492
15631
16891
15493
15632
16892
15494
15633
16893
15495
15634
16894
15496
15635
16895
15497
15636
16896
15498
15637
16897
15499
15638
16898
15500
15639
16899
15501
15640
16900
15502
15641
16901
15503
15642
16902
15504
15643
16903
15505
15644
16904
15506
15645
16905
15507
15646
16906
15508
15647
16907
15509
15648
16908
15510
15649
16909
15511
15650
16910
15512
15651
16911
15513
15652
16912
15514
15653
16913
15515
15654
16914
15516
15655
16915
15517
15656
16916
15518
15657
16917
15519
15658
16918
15520
15659
16919
15521
15660
16920
15522
15661
16921
15523
15662
16922
15524
15663
16923
15525
15664
16924
15526
15665
16925
15527
15666
16926
15528
15667
16927
15529
15668
16928
15530
15669
16929
15531
15670
16930
15532
15671
16931
15533
15672
16932
15534
15673
16933
15535
15674
16934
15536
15675
16935
15537
15676
16936
15538
15677
16937
15539
15678
16938
15679
16939
15541
15680
16940
15542
15681
16941
15543
15682
16942
15544
15683
16943
15545
15684
16944
15546
15685
16945
15547
15686
16946
15548
15687
16947
15549
15688
16948
15550
15689
16949
15551
15690
16950
15552
15691
16951
15553
15692
16952
15554
15693
16953
15555
15694
16954
15556
15695
16955
15557
15696
16956
15558
15697
16957
15559
15698
16958
15560
15699
16959
15561
15700
16960
15562
15701
16961
15563
15702
16962
15564
15703
16963
15565
15704
16964
15566
15705
16965
15567
15706
16966
15568
15707
16967
15569
15708
16968
15570
15709
16969
15571
15710
16970
15572
15711
16971
15573
15712
16972
15574
15713
16973
15575
15714
16974
15576
15715
16975
15577
15716
16976
15578
15717
16977
15579
15718
16978
15580
15719
16979
15581
15720
16980
15582
15721
16981
15583
15722
16982
15584
15723
16983
15585
15724
16984
15586
15725
16985
15587
15726
16986
15588
15727
16987
15589
15728
16988
15590
15729
16989
15591
15730
16990
15592
15731
16991
15593
15732
16992
15594
15733
16993
15595
15734
16994
15596
15735
16995
15597
15736
16996
15598
15737
16997
15599
15738
16998
15600
15739
16999
15601
15740
17000
15602
15741
17001
15603
15742
17002
15604
15743
17003
15605
15744
17004
15606
15745
17005
15607
15746
17006
15608
15747
17007
15609
15748
17008
15610
15749
17009
15611
15750
17010
15612
15751
17011
15613
15752
17012
15614
15753
17013
15615
15754
17014
15616
15755
17015
15617
15756
17016
15618
15757
17017
15619
15758
17018
15620
15759
17019
15621
15760
17020
15622
15761
17021
15623
15762
17022
15624
15763
17023
15625
15764
17024
15626
15765
17025
15627
15766
17026
15628
15767
17027
15629
15768
17028
15630
15769
17029
15631
15770
17030
15632
15771
17031
15633
15772
17032
15634
15773
17033
15635
15774
17034
15636
15775
17035
15637
15776
17036
15638
15777
17037
15639
15778
17038
15640
15779
17039
15641
15780
17040
15642
15781
17041
15643
15782
17042
15644
15783
17043
15645
15784
17044
15646
15785
17045
15647
15786
17046
15648
15787
17047
15649
15788
17048
15650
15789
17049
15651
15790
17050
15652
15791
17051
15653
15792
17052
15654
15793
17053
15655
15794
17054
15656
15795
17055
15657
15796
17056
15658
15797
17057
15659
15798
17058
15660
15799
17059
15661
15800
17060
15662
15801
17061
15663
15802
17062
15664
15803
17063
15665
15804
17064
15666
15805
17065
15667
15806
17066
15668
15807
17067
15669
15808
17068
15670
15809
17069
15671
15810
17070
15672
15811
17071
15673
15812
17072
15674
15813
17073
15675
15814
17074
15676
15815
17075
15677
15816
17076
15678
15817
17077
15679
15818
17078
15819
17079
15681
15820
17080
15682
15821
17081
15683
15822
17082
15684
15823
17083
15685
15824
17084
15686
15825
17085
15687
15826
17086
15688
15827
17087
15689
15828
17088
15690
15829
17089
15691
15830
17090
15692
15831
17091
15693
15832
17092
15694
15833
17093
15695
15834
17094
15696
15835
17095
15697
15836
17096
15698
15837
17097
15699
15838
17098
15700
15839
17099
15701
15840
17100
15702
15841
17101
15703
15842
17102
15704
15843
17103
15705
15844
17104
15706
15845
17105
15707
15846
17106
15708
15847
17107
15709
15848
17108
15710
15849
17109
15711
15850
17110
15712
15851
17111
15713
15852
17112
15714
15853
17113
15715
15854
17114
15716
15855
17115
15717
15856
17116
15718
15857
17117
15719
15858
17118
15720
15859
17119
15721
15860
17120
15722
15861
17121
15723
15862
17122
15724
15863
17123
15725
15864
17124
15726
15865
17125
15727
15866
17126
15728
15867
17127
15729
15868
17128
15730
15869
17129
15731
15870
17130
15732
15871
17131
15733
15872
17132
15734
15873
17133
15735
15874
17134
15736
15875
17135
15737
15876
17136
15738
15877
17137
15739
15878
17138
15740
15879
17139
15741
15880
17140
15742
15881
17141
15743
15882
17142
15744
15883
17143
15745
15884
17144
15746
15885
17145
15747
15886
17146
15748
15887
17147
15749
15888
17148
15750
15889
17149
15751
15890
17150
15752
15891
17151
15753
15892
17152
15754
15893
17153
15755
15894
17154
15756
15895
17155
15757
15896
17156
15758
15897
17157
15759
15898
17158
15760
15899
17159
15761
15900
17160
15762
15901
17161
15763
15902
17162
15764
15903
17163
15765
15904
17164
15766
15905
17165
15767
15906
17166
15768
15907
17167
15769
15908
17168
15770
15909
17169
15771
15910
17170
15772
15911
17171
15773
15912
17172
15774
15913
17173
15775
15914
17174
15776
15915
17175
15777
15916
17176
15778
15917
17177
15779
15918
17178
15780
15919
17179
15781
15920
17180
15782
15921
17181
15783
15922
17182
15784
15923
17183
15785
15924
17184
15786
15925
17185
15787
15926
17186
15788
15927
17187
15789
15928
17188
15790
15929
17189
15791
15930
17190
15792
15931
17191
15793
15932
17192
15794
15933
17193
15795
15934
17194
15796
15935
17195
15797
15936
17196
15798
15937
17197
15799
15938
17198
15800
15939
17199
15801
15940
17200
15802
15941
17201
15803
15942
17202
15804
15943
17203
15805
15944
17204
15806
15945
17205
15807
15946
17206
15808
15947
17207
15809
15948
17208
15810
15949
17209
15811
15950
17210
15812
15951
17211
15813
15952
17212
15814
15953
17213
15815
15954
17214
15816
15955
17215
15817
15956
17216
15818
15957
17217
15819
15958
17218
15959
17219
15821
15960
17220
15822
15961
17221
15823
15962
17222
15824
15963
17223
15825
15964
17224
15826
15965
17225
15827
15966
17226
15828
15967
17227
15829
15968
17228
15830
15969
17229
15831
15970
17230
15832
15971
17231
15833
15972
17232
15834
15973
17233
15835
15974
17234
15836
15975
17235
15837
15976
17236
15838
15977
17237
15839
15978
17238
15840
15979
17239
15841
15980
17240
15842
15981
17241
15843
15982
17242
15844
15983
17243
15845
15984
17244
15846
15985
17245
15847
15986
17246
15848
15987
17247
15849
15988
17248
15850
15989
17249
15851
15990
17250
15852
15991
17251
15853
15992
17252
15854
15993
17253
15855
15994
17254
15856
15995
17255
15857
15996
17256
15858
15997
17257
15859
15998
17258
15860
15999
17259
15861
16000
17260
15862
16001
17261
15863
16002
17262
15864
16003
17263
15865
16004
17264
15866
16005
17265
15867
16006
17266
15868
16007
17267
15869
16008
17268
15870
16009
17269
15871
16010
17270
15872
16011
17271
15873
16012
17272
15874
16013
17273
15875
16014
17274
15876
16015
17275
15877
16016
17276
15878
16017
17277
15879
16018
17278
15880
16019
17279
15881
16020
17280
15882
16021
17281
15883
16022
17282
15884
16023
17283
15885
16024
17284
15886
16025
17285
15887
16026
17286
15888
16027
17287
15889
16028
17288
15890
16029
17289
15891
16030
17290
15892
16031
17291
15893
16032
17292
15894
16033
17293
15895
16034
17294
15896
16035
17295
15897
16036
17296
15898
16037
17297
15899
16038
17298
15900
16039
17299
15901
16040
17300
15902
16041
17301
15903
16042
17302
15904
16043
17303
15905
16044
17304
15906
16045
17305
15907
16046
17306
15908
16047
17307
15909
16048
17308
15910
16049
17309
15911
16050
17310
15912
16051
17311
15913
16052
17312
15914
16053
17313
15915
16054
17314
15916
16055
17315
15917
16056
17316
15918
16057
17317
15919
16058
17318
15920
16059
17319
15921
16060
17320
15922
16061
17321
15923
16062
17322
15924
16063
17323
15925
16064
17324
15926
16065
17325
15927
16066
17326
15928
16067
17327
15929
16068
17328
15930
16069
17329
15931
16070
17330
15932
16071
17331
15933
16072
17332
15934
16073
17333
15935
16074
17334
15936
16075
17335
15937
16076
17336
15938
16077
17337
15939
16078
17338
15940
16079
17339
15941
16080
17340
15942
16081
17341
15943
16082
17342
15944
16083
17343
15945
16084
17344
15946
16085
17345
15947
16086
17346
15948
16087
17347
15949
16088
17348
15950
16089
17349
15951
16090
17350
15952
16091
17351
15953
16092
17352
15954
16093
17353
15955
16094
17354
15956
16095
17355
15957
16096
17356
15958
16097
17357
15959
16098
17358
16099
17359
15961
16100
17360
15962
16101
17361
15963
16102
17362
15964
16103
17363
15965
16104
17364
15966
16105
17365
15967
16106
17366
15968
16107
17367
15969
16108
17368
15970
16109
17369
15971
16110
17370
15972
16111
17371
15973
16112
17372
15974
16113
17373
15975
16114
17374
15976
16115
17375
15977
16116
17376
15978
16117
17377
15979
16118
17378
15980
16119
17379
15981
16120
17380
15982
16121
17381
15983
16122
17382
15984
16123
17383
15985
16124
17384
15986
16125
17385
15987
16126
17386
15988
16127
17387
15989
16128
17388
15990
16129
17389
15991
16130
17390
15992
16131
17391
15993
16132
17392
15994
16133
17393
15995
16134
17394
15996
16135
17395
15997
16136
17396
15998
16137
17397
15999
16138
17398
16000
16139
17399
16001
16140
17400
16002
16141
17401
16003
16142
17402
16004
16143
17403
16005
16144
17404
16006
16145
17405
16007
16146
17406
16008
16147
17407
16009
16148
17408
16010
16149
17409
16011
16150
17410
16012
16151
17411
16013
16152
17412
16014
16153
17413
16015
16154
17414
16016
16155
17415
16017
16156
17416
16018
16157
17417
16019
16158
17418
16020
16159
17419
16021
16160
17420
16022
16161
17421
16023
16162
17422
16024
16163
17423
16025
16164
17424
16026
16165
17425
16027
16166
17426
16028
16167
17427
16029
16168
17428
16030
16169
17429
16031
16170
17430
16032
16171
17431
16033
16172
17432
16034
16173
17433
16035
16174
17434
16036
16175
17435
16037
16176
17436
16038
16177
17437
16039
16178
17438
16040
16179
17439
16041
16180
17440
16042
16181
17441
16043
16182
17442
16044
16183
17443
16045
16184
17444
16046
16185
17445
16047
16186
17446
16048
16187
17447
16049
16188
17448
16050
16189
17449
16051
16190
17450
16052
16191
17451
16053
16192
17452
16054
16193
17453
16055
16194
17454
16056
16195
17455
16057
16196
17456
16058
16197
17457
16059
16198
17458
16060
16199
17459
16061
16200
17460
16062
16201
17461
16063
16202
17462
16064
16203
17463
16065
16204
17464
16066
16205
17465
16067
16206
17466
16068
16207
17467
16069
16208
17468
16070
16209
17469
16071
16210
17470
16072
16211
17471
16073
16212
17472
16074
16213
17473
16075
16214
17474
16076
16215
17475
16077
16216
17476
16078
16217
17477
16079
16218
17478
16080
16219
17479
16081
16220
17480
16082
16221
17481
16083
16222
17482
16084
16223
17483
16085
16224
17484
16086
16225
17485
16087
16226
17486
16088
16227
17487
16089
16228
17488
16090
16229
17489
16091
16230
17490
16092
16231
17491
16093
16232
17492
16094
16233
17493
16095
16234
17494
16096
16235
17495
16097
16236
17496
16098
16237
17497
16099
16238
17498
16239
17499
16101
16240
17500
16102
16241
17501
16103
16242
17502
16104
16243
17503
16105
16244
17504
16106
16245
17505
16107
16246
17506
16108
16247
17507
16109
16248
17508
16110
16249
17509
16111
16250
17510
16112
16251
17511
16113
16252
17512
16114
16253
17513
16115
16254
17514
16116
16255
17515
16117
16256
17516
16118
16257
17517
16119
16258
17518
16120
16259
17519
16121
16260
17520
16122
16261
17521
16123
16262
17522
16124
16263
17523
16125
16264
17524
16126
16265
17525
16127
16266
17526
16128
16267
17527
16129
16268
17528
16130
16269
17529
16131
16270
17530
16132
16271
17531
16133
16272
17532
16134
16273
17533
16135
16274
17534
16136
16275
17535
16137
16276
17536
16138
16277
17537
16139
16278
17538
16140
16279
17539
16141
16280
17540
16142
16281
17541
16143
16282
17542
16144
16283
17543
16145
16284
17544
16146
16285
17545
16147
16286
17546
16148
16287
17547
16149
16288
17548
16150
16289
17549
16151
16290
17550
16152
16291
17551
16153
16292
17552
16154
16293
17553
16155
16294
17554
16156
16295
17555
16157
16296
17556
16158
16297
17557
16159
16298
17558
16160
16299
17559
16161
16300
17560
16162
16301
17561
16163
16302
17562
16164
16303
17563
16165
16304
17564
16166
16305
17565
16167
16306
17566
16168
16307
17567
16169
16308
17568
16170
16309
17569
16171
16310
17570
16172
16311
17571
16173
16312
17572
16174
16313
17573
16175
16314
17574
16176
16315
17575
16177
16316
17576
16178
16317
17577
16179
16318
17578
16180
16319
17579
16181
16320
17580
16182
16321
17581
16183
16322
17582
16184
16323
17583
16185
16324
17584
16186
16325
17585
16187
16326
17586
16188
16327
17587
16189
16328
17588
16190
16329
17589
16191
16330
17590
16192
16331
17591
16193
16332
17592
16194
16333
17593
16195
16334
17594
16196
16335
17595
16197
16336
17596
16198
16337
17597
16199
16338
17598
16200
16339
17599
16201
16340
17600
16202
16341
17601
16203
16342
17602
16204
16343
17603
16205
16344
17604
16206
16345
17605
16207
16346
17606
16208
16347
17607
16209
16348
17608
16210
16349
17609
16211
16350
17610
16212
16351
17611
16213
16352
17612
16214
16353
17613
16215
16354
17614
16216
16355
17615
16217
16356
17616
16218
16357
17617
16219
16358
17618
16220
16359
17619
16221
16360
17620
16222
16361
17621
16223
16362
17622
16224
16363
17623
16225
16364
17624
16226
16365
17625
16227
16366
17626
16228
16367
17627
16229
16368
17628
16230
16369
17629
16231
16370
17630
16232
16371
17631
16233
16372
17632
16234
16373
17633
16235
16374
17634
16236
16375
17635
16237
16376
17636
16238
16377
17637
16239
16378
17638
16379
17639
16241
16380
17640
16242
16381
17641
16243
16382
17642
16244
16383
17643
16245
16384
17644
16246
16385
17645
16247
16386
17646
16248
16387
17647
16249
16388
17648
16250
16389
17649
16251
16390
17650
16252
16391
17651
16253
16392
17652
16254
16393
17653
16255
16394
17654
16256
16395
17655
16257
16396
17656
16258
16397
17657
16259
16398
17658
16260
16399
17659
16261
16400
17660
16262
16401
17661
16263
16402
17662
16264
16403
17663
16265
16404
17664
16266
16405
17665
16267
16406
17666
16268
16407
17667
16269
16408
17668
16270
16409
17669
16271
16410
17670
16272
16411
17671
16273
16412
17672
16274
16413
17673
16275
16414
17674
16276
16415
17675
16277
16416
17676
16278
16417
17677
16279
16418
17678
16280
16419
17679
16281
16420
17680
16282
16421
17681
16283
16422
17682
16284
16423
17683
16285
16424
17684
16286
16425
17685
16287
16426
17686
16288
16427
17687
16289
16428
17688
16290
16429
17689
16291
16430
17690
16292
16431
17691
16293
16432
17692
16294
16433
17693
16295
16434
17694
16296
16435
17695
16297
16436
17696
16298
16437
17697
16299
16438
17698
16300
16439
17699
16301
16440
17700
16302
16441
17701
16303
16442
17702
16304
16443
17703
16305
16444
17704
16306
16445
17705
16307
16446
17706
16308
16447
17707
16309
16448
17708
16310
16449
17709
16311
16450
17710
16312
16451
17711
16313
16452
17712
16314
16453
17713
16315
16454
17714
16316
16455
17715
16317
16456
17716
16318
16457
17717
16319
16458
17718
16320
16459
17719
16321
16460
17720
16322
16461
17721
16323
16462
17722
16324
16463
17723
16325
16464
17724
16326
16465
17725
16327
16466
17726
16328
16467
17727
16329
16468
17728
16330
16469
17729
16331
16470
17730
16332
16471
17731
16333
16472
17732
16334
16473
17733
16335
16474
17734
16336
16475
17735
16337
16476
17736
16338
16477
17737
16339
16478
17738
16340
16479
17739
16341
16480
17740
16342
16481
17741
16343
16482
17742
16344
16483
17743
16345
16484
17744
16346
16485
17745
16347
16486
17746
16348
16487
17747
16349
16488
17748
16350
16489
17749
16351
16490
17750
16352
16491
17751
16353
16492
17752
16354
16493
17753
16355
16494
17754
16356
16495
17755
16357
16496
17756
16358
16497
17757
16359
16498
17758
16360
16499
17759
16361
16500
17760
16362
16501
17761
16363
16502
17762
16364
16503
17763
16365
16504
17764
16366
16505
17765
16367
16506
17766
16368
16507
17767
16369
16508
17768
16370
16509
17769
16371
16510
17770
16372
16511
17771
16373
16512
17772
16374
16513
17773
16375
16514
17774
16376
16515
17775
16377
16516
17776
16378
16517
17777
16379
16518
17778
16519
17779
16381
16520
17780
16382
16521
17781
16383
16522
17782
16384
16523
17783
16385
16524
17784
16386
16525
17785
16387
16526
17786
16388
16527
17787
16389
16528
17788
16390
16529
17789
16391
16530
17790
16392
16531
17791
16393
16532
17792
16394
16533
17793
16395
16534
17794
16396
16535
17795
16397
16536
17796
16398
16537
17797
16399
16538
17798
16400
16539
17799
16401
16540
17800
16402
16541
17801
16403
16542
17802
16404
16543
17803
16405
16544
17804
16406
16545
17805
16407
16546
17806
16408
16547
17807
16409
16548
17808
16410
16549
17809
16411
16550
17810
16412
16551
17811
16413
16552
17812
16414
16553
17813
16415
16554
17814
16416
16555
17815
16417
16556
17816
16418
16557
17817
16419
16558
17818
16420
16559
17819
16421
16560
17820
16422
16561
17821
16423
16562
17822
16424
16563
17823
16425
16564
17824
16426
16565
17825
16427
16566
17826
16428
16567
17827
16429
16568
17828
16430
16569
17829
16431
16570
17830
16432
16571
17831
16433
16572
17832
16434
16573
17833
16435
16574
17834
16436
16575
17835
16437
16576
17836
16438
16577
17837
16439
16578
17838
16440
16579
17839
16441
16580
17840
16442
16581
17841
16443
16582
17842
16444
16583
17843
16445
16584
17844
16446
16585
17845
16447
16586
17846
16448
16587
17847
16449
16588
17848
16450
16589
17849
16451
16590
17850
16452
16591
17851
16453
16592
17852
16454
16593
17853
16455
16594
17854
16456
16595
17855
16457
16596
17856
16458
16597
17857
16459
16598
17858
16460
16599
17859
16461
16600
17860
16462
16601
17861
16463
16602
17862
16464
16603
17863
16465
16604
17864
16466
16605
17865
16467
16606
17866
16468
16607
17867
16469
16608
17868
16470
16609
17869
16471
16610
17870
16472
16611
17871
16473
16612
17872
16474
16613
17873
16475
16614
17874
16476
16615
17875
16477
16616
17876
16478
16617
17877
16479
16618
17878
16480
16619
17879
16481
16620
17880
16482
16621
17881
16483
16622
17882
16484
16623
17883
16485
16624
17884
16486
16625
17885
16487
16626
17886
16488
16627
17887
16489
16628
17888
16490
16629
17889
16491
16630
17890
16492
16631
17891
16493
16632
17892
16494
16633
17893
16495
16634
17894
16496
16635
17895
16497
16636
17896
16498
16637
17897
16499
16638
17898
16500
16639
17899
16501
16640
17900
16502
16641
17901
16503
16642
17902
16504
16643
17903
16505
16644
17904
16506
16645
17905
16507
16646
17906
16508
16647
17907
16509
16648
17908
16510
16649
17909
16511
16650
17910
16512
16651
17911
16513
16652
17912
16514
16653
17913
16515
16654
17914
16516
16655
17915
16517
16656
17916
16518
16657
17917
16519
16658
17918
16659
17919
16521
16660
17920
16522
16661
17921
16523
16662
17922
16524
16663
17923
16525
16664
17924
16526
16665
17925
16527
16666
17926
16528
16667
17927
16529
16668
17928
16530
16669
17929
16531
16670
17930
16532
16671
17931
16533
16672
17932
16534
16673
17933
16535
16674
17934
16536
16675
17935
16537
16676
17936
16538
16677
17937
16539
16678
17938
16540
16679
17939
16541
16680
17940
16542
16681
17941
16543
16682
17942
16544
16683
17943
16545
16684
17944
16546
16685
17945
16547
16686
17946
16548
16687
17947
16549
16688
17948
16550
16689
17949
16551
16690
17950
16552
16691
17951
16553
16692
17952
16554
16693
17953
16555
16694
17954
16556
16695
17955
16557
16696
17956
16558
16697
17957
16559
16698
17958
16560
16699
17959
16561
16700
17960
16562
16701
17961
16563
16702
17962
16564
16703
17963
16565
16704
17964
16566
16705
17965
16567
16706
17966
16568
16707
17967
16569
16708
17968
16570
16709
17969
16571
16710
17970
16572
16711
17971
16573
16712
17972
16574
16713
17973
16575
16714
17974
16576
16715
17975
16577
16716
17976
16578
16717
17977
16579
16718
17978
16580
16719
17979
16581
16720
17980
16582
16721
17981
16583
16722
17982
16584
16723
17983
16585
16724
17984
16586
16725
17985
16587
16726
17986
16588
16727
17987
16589
16728
17988
16590
16729
17989
16591
16730
17990
16592
16731
17991
16593
16732
17992
16594
16733
17993
16595
16734
17994
16596
16735
17995
16597
16736
17996
16598
16737
17997
16599
16738
17998
16600
16739
17999
16601
16740
18000
16602
16741
18001
16603
16742
18002
16604
16743
18003
16605
16744
18004
16606
16745
18005
16607
16746
18006
16608
16747
18007
16609
16748
18008
16610
16749
18009
16611
16750
18010
16612
16751
18011
16613
16752
18012
16614
16753
18013
16615
16754
18014
16616
16755
18015
16617
16756
18016
16618
16757
18017
16619
16758
18018
16620
16759
18019
16621
16760
18020
16622
16761
18021
16623
16762
18022
16624
16763
18023
16625
16764
18024
16626
16765
18025
16627
16766
18026
16628
16767
18027
16629
16768
18028
16630
16769
18029
16631
16770
18030
16632
16771
18031
16633
16772
18032
16634
16773
18033
16635
16774
18034
16636
16775
18035
16637
16776
18036
16638
16777
18037
16639
16778
18038
16640
16779
18039
16641
16780
18040
16642
16781
18041
16643
16782
18042
16644
16783
18043
16645
16784
18044
16646
16785
18045
16647
16786
18046
16648
16787
18047
16649
16788
18048
16650
16789
18049
16651
16790
18050
16652
16791
18051
16653
16792
18052
16654
16793
18053
16655
16794
18054
16656
16795
18055
16657
16796
18056
16658
16797
18057
16659
16798
18058
16799
18059
16661
18060
16662
18061
16663
18062
16664
18063
16665
18064
16666
18065
16667
18066
16668
18067
16669
18068
16670
18069
16671
18070
16672
18071
16673
18072
16674
18073
16675
18074
16676
18075
16677
18076
16678
18077
16679
18078
16680
18079
16681
18080
16682
18081
16683
18082
16684
18083
16685
18084
16686
18085
16687
18086
16688
18087
16689
18088
16690
18089
16691
18090
16692
18091
16693
18092
16694
18093
16695
18094
16696
18095
16697
18096
16698
18097
16699
18098
16700
18099
16701
18100
16702
18101
16703
18102
16704
18103
16705
18104
16706
18105
16707
18106
16708
18107
16709
18108
16710
18109
16711
18110
16712
18111
16713
18112
16714
18113
16715
18114
16716
18115
16717
18116
16718
18117
16719
18118
16720
18119
16721
18120
16722
18121
16723
18122
16724
18123
16725
18124
16726
18125
16727
18126
16728
18127
16729
18128
16730
18129
16731
18130
16732
18131
16733
18132
16734
18133
16735
18134
16736
18135
16737
18136
16738
18137
16739
18138
16740
18139
16741
18140
16742
18141
16743
18142
16744
18143
16745
18144
16746
18145
16747
18146
16748
18147
16749
18148
16750
18149
16751
18150
16752
18151
16753
18152
16754
18153
16755
18154
16756
18155
16757
18156
16758
18157
16759
18158
16760
18159
16761
18160
16762
18161
16763
18162
16764
18163
16765
18164
16766
18165
16767
18166
16768
18167
16769
18168
16770
18169
16771
18170
16772
18171
16773
18172
16774
18173
16775
18174
16776
18175
16777
18176
16778
18177
16779
18178
16780
18179
16781
18180
16782
18181
16783
18182
16784
18183
16785
18184
16786
18185
16787
18186
16788
18187
16789
18188
16790
18189
16791
18190
16792
18191
16793
18192
16794
18193
16795
18194
16796
18195
16797
18196
16798
18197
16799
18198
18199
16801
16940
18200
16802
16941
18201
16803
16942
18202
16804
16943
18203
16805
16944
18204
16806
16945
18205
16807
16946
18206
16808
16947
18207
16809
16948
18208
16810
16949
18209
16811
16950
18210
16812
16951
18211
16813
16952
18212
16814
16953
18213
16815
16954
18214
16816
16955
18215
16817
16956
18216
16818
16957
18217
16819
16958
18218
16820
16959
18219
16821
16960
18220
16822
16961
18221
16823
16962
18222
16824
16963
18223
16825
16964
18224
16826
16965
18225
16827
16966
18226
16828
16967
18227
16829
16968
18228
16830
16969
18229
16831
16970
18230
16832
16971
18231
16833
16972
18232
16834
16973
18233
16835
16974
18234
16836
16975
18235
16837
16976
18236
16838
16977
18237
16839
16978
18238
16840
16979
18239
16841
16980
18240
16842
16981
18241
16843
16982
18242
16844
16983
18243
16845
16984
18244
16846
16985
18245
16847
16986
18246
16848
16987
18247
16849
16988
18248
16850
16989
18249
16851
16990
18250
16852
16991
18251
16853
16992
18252
16854
16993
18253
16855
16994
18254
16856
16995
18255
16857
16996
18256
16858
16997
18257
16859
16998
18258
16860
16999
18259
16861
17000
18260
16862
17001
18261
16863
17002
18262
16864
17003
18263
16865
17004
18264
16866
17005
18265
16867
17006
18266
16868
17007
18267
16869
17008
18268
16870
17009
18269
16871
17010
18270
16872
17011
18271
16873
17012
18272
16874
17013
18273
16875
17014
18274
16876
17015
18275
16877
17016
18276
16878
17017
18277
16879
17018
18278
16880
17019
18279
16881
17020
18280
16882
17021
18281
16883
17022
18282
16884
17023
18283
16885
17024
18284
16886
17025
18285
16887
17026
18286
16888
17027
18287
16889
17028
18288
16890
17029
18289
16891
17030
18290
16892
17031
18291
16893
17032
18292
16894
17033
18293
16895
17034
18294
16896
17035
18295
16897
17036
18296
16898
17037
18297
16899
17038
18298
16900
17039
18299
16901
17040
18300
16902
17041
18301
16903
17042
18302
16904
17043
18303
16905
17044
18304
16906
17045
18305
16907
17046
18306
16908
17047
18307
16909
17048
18308
16910
17049
18309
16911
17050
18310
16912
17051
18311
16913
17052
18312
16914
17053
18313
16915
17054
18314
16916
17055
18315
16917
17056
18316
16918
17057
18317
16919
17058
18318
16920
17059
18319
16921
17060
18320
16922
17061
18321
16923
17062
18322
16924
17063
18323
16925
17064
18324
16926
17065
18325
16927
17066
18326
16928
17067
18327
16929
17068
18328
16930
17069
18329
16931
17070
18330
16932
17071
18331
16933
17072
18332
16934
17073
18333
16935
17074
18334
16936
17075
18335
16937
17076
18336
16938
17077
18337
16939
17078
18338
17079
18339
16941
17080
18340
16942
17081
18341
16943
17082
18342
16944
17083
18343
16945
17084
18344
16946
17085
18345
16947
17086
18346
16948
17087
18347
16949
17088
18348
16950
17089
18349
16951
17090
18350
16952
17091
18351
16953
17092
18352
16954
17093
18353
16955
17094
18354
16956
17095
18355
16957
17096
18356
16958
17097
18357
16959
17098
18358
16960
17099
18359
16961
17100
18360
16962
17101
18361
16963
17102
18362
16964
17103
18363
16965
17104
18364
16966
17105
18365
16967
17106
18366
16968
17107
18367
16969
17108
18368
16970
17109
18369
16971
17110
18370
16972
17111
18371
16973
17112
18372
16974
17113
18373
16975
17114
18374
16976
17115
18375
16977
17116
18376
16978
17117
18377
16979
17118
18378
16980
17119
18379
16981
17120
18380
16982
17121
18381
16983
17122
18382
16984
17123
18383
16985
17124
18384
16986
17125
18385
16987
17126
18386
16988
17127
18387
16989
17128
18388
16990
17129
18389
16991
17130
18390
16992
17131
18391
16993
17132
18392
16994
17133
18393
16995
17134
18394
16996
17135
18395
16997
17136
18396
16998
17137
18397
16999
17138
18398
17000
17139
18399
17001
17140
18400
17002
17141
18401
17003
17142
18402
17004
17143
18403
17005
17144
18404
17006
17145
18405
17007
17146
18406
17008
17147
18407
17009
17148
18408
17010
17149
18409
17011
17150
18410
17012
17151
18411
17013
17152
18412
17014
17153
18413
17015
17154
18414
17016
17155
18415
17017
17156
18416
17018
17157
18417
17019
17158
18418
17020
17159
18419
17021
17160
18420
17022
17161
18421
17023
17162
18422
17024
17163
18423
17025
17164
18424
17026
17165
18425
17027
17166
18426
17028
17167
18427
17029
17168
18428
17030
17169
18429
17031
17170
18430
17032
17171
18431
17033
17172
18432
17034
17173
18433
17035
17174
18434
17036
17175
18435
17037
17176
18436
17038
17177
18437
17039
17178
18438
17040
17179
18439
17041
17180
18440
17042
17181
18441
17043
17182
18442
17044
17183
18443
17045
17184
18444
17046
17185
18445
17047
17186
18446
17048
17187
18447
17049
17188
18448
17050
17189
18449
17051
17190
18450
17052
17191
18451
17053
17192
18452
17054
17193
18453
17055
17194
18454
17056
17195
18455
17057
17196
18456
17058
17197
18457
17059
17198
18458
17060
17199
18459
17061
17200
18460
17062
17201
18461
17063
17202
18462
17064
17203
18463
17065
17204
18464
17066
17205
18465
17067
17206
18466
17068
17207
18467
17069
17208
18468
17070
17209
18469
17071
17210
18470
17072
17211
18471
17073
17212
18472
17074
17213
18473
17075
17214
18474
17076
17215
18475
17077
17216
18476
17078
17217
18477
17079
17218
18478
17219
18479
17081
17220
18480
17082
17221
18481
17083
17222
18482
17084
17223
18483
17085
17224
18484
17086
17225
18485
17087
17226
18486
17088
17227
18487
17089
17228
18488
17090
17229
18489
17091
17230
18490
17092
17231
18491
17093
17232
18492
17094
17233
18493
17095
17234
18494
17096
17235
18495
17097
17236
18496
17098
17237
18497
17099
17238
18498
17100
17239
18499
17101
17240
18500
17102
17241
18501
17103
17242
18502
17104
17243
18503
17105
17244
18504
17106
17245
18505
17107
17246
18506
17108
17247
18507
17109
17248
18508
17110
17249
18509
17111
17250
18510
17112
17251
18511
17113
17252
18512
17114
17253
18513
17115
17254
18514
17116
17255
18515
17117
17256
18516
17118
17257
18517
17119
17258
18518
17120
17259
18519
17121
17260
18520
17122
17261
18521
17123
17262
18522
17124
17263
18523
17125
17264
18524
17126
17265
18525
17127
17266
18526
17128
17267
18527
17129
17268
18528
17130
17269
18529
17131
17270
18530
17132
17271
18531
17133
17272
18532
17134
17273
18533
17135
17274
18534
17136
17275
18535
17137
17276
18536
17138
17277
18537
17139
17278
18538
17140
17279
18539
17141
17280
18540
17142
17281
18541
17143
17282
18542
17144
17283
18543
17145
17284
18544
17146
17285
18545
17147
17286
18546
17148
17287
18547
17149
17288
18548
17150
17289
18549
17151
17290
18550
17152
17291
18551
17153
17292
18552
17154
17293
18553
17155
17294
18554
17156
17295
18555
17157
17296
18556
17158
17297
18557
17159
17298
18558
17160
17299
18559
17161
17300
18560
17162
17301
18561
17163
17302
18562
17164
17303
18563
17165
17304
18564
17166
17305
18565
17167
17306
18566
17168
17307
18567
17169
17308
18568
17170
17309
18569
17171
17310
18570
17172
17311
18571
17173
17312
18572
17174
17313
18573
17175
17314
18574
17176
17315
18575
17177
17316
18576
17178
17317
18577
17179
17318
18578
17180
17319
18579
17181
17320
18580
17182
17321
18581
17183
17322
18582
17184
17323
18583
17185
17324
18584
17186
17325
18585
17187
17326
18586
17188
17327
18587
17189
17328
18588
17190
17329
18589
17191
17330
18590
17192
17331
18591
17193
17332
18592
17194
17333
18593
17195
17334
18594
17196
17335
18595
17197
17336
18596
17198
17337
18597
17199
17338
18598
17200
17339
18599
17201
17340
18600
17202
17341
18601
17203
17342
18602
17204
17343
18603
17205
17344
18604
17206
17345
18605
17207
17346
18606
17208
17347
18607
17209
17348
18608
17210
17349
18609
17211
17350
18610
17212
17351
18611
17213
17352
18612
17214
17353
18613
17215
17354
18614
17216
17355
18615
17217
17356
18616
17218
17357
18617
17219
17358
18618
17359
18619
17221
17360
18620
17222
17361
18621
17223
17362
18622
17224
17363
18623
17225
17364
18624
17226
17365
18625
17227
17366
18626
17228
17367
18627
17229
17368
18628
17230
17369
18629
17231
17370
18630
17232
17371
18631
17233
17372
18632
17234
17373
18633
17235
17374
18634
17236
17375
18635
17237
17376
18636
17238
17377
18637
17239
17378
18638
17240
17379
18639
17241
17380
18640
17242
17381
18641
17243
17382
18642
17244
17383
18643
17245
17384
18644
17246
17385
18645
17247
17386
18646
17248
17387
18647
17249
17388
18648
17250
17389
18649
17251
17390
18650
17252
17391
18651
17253
17392
18652
17254
17393
18653
17255
17394
18654
17256
17395
18655
17257
17396
18656
17258
17397
18657
17259
17398
18658
17260
17399
18659
17261
17400
18660
17262
17401
18661
17263
17402
18662
17264
17403
18663
17265
17404
18664
17266
17405
18665
17267
17406
18666
17268
17407
18667
17269
17408
18668
17270
17409
18669
17271
17410
18670
17272
17411
18671
17273
17412
18672
17274
17413
18673
17275
17414
18674
17276
17415
18675
17277
17416
18676
17278
17417
18677
17279
17418
18678
17280
17419
18679
17281
17420
18680
17282
17421
18681
17283
17422
18682
17284
17423
18683
17285
17424
18684
17286
17425
18685
17287
17426
18686
17288
17427
18687
17289
17428
18688
17290
17429
18689
17291
17430
18690
17292
17431
18691
17293
17432
18692
17294
17433
18693
17295
17434
18694
17296
17435
18695
17297
17436
18696
17298
17437
18697
17299
17438
18698
17300
17439
18699
17301
17440
18700
17302
17441
18701
17303
17442
18702
17304
17443
18703
17305
17444
18704
17306
17445
18705
17307
17446
18706
17308
17447
18707
17309
17448
18708
17310
17449
18709
17311
17450
18710
17312
17451
18711
17313
17452
18712
17314
17453
18713
17315
17454
18714
17316
17455
18715
17317
17456
18716
17318
17457
18717
17319
17458
18718
17320
17459
18719
17321
17460
18720
17322
17461
18721
17323
17462
18722
17324
17463
18723
17325
17464
18724
17326
17465
18725
17327
17466
18726
17328
17467
18727
17329
17468
18728
17330
17469
18729
17331
17470
18730
17332
17471
18731
17333
17472
18732
17334
17473
18733
17335
17474
18734
17336
17475
18735
17337
17476
18736
17338
17477
18737
17339
17478
18738
17340
17479
18739
17341
17480
18740
17342
17481
18741
17343
17482
18742
17344
17483
18743
17345
17484
18744
17346
17485
18745
17347
17486
18746
17348
17487
18747
17349
17488
18748
17350
17489
18749
17351
17490
18750
17352
17491
18751
17353
17492
18752
17354
17493
18753
17355
17494
18754
17356
17495
18755
17357
17496
18756
17358
17497
18757
17359
17498
18758
17499
18759
17361
17500
18760
17362
17501
18761
17363
17502
18762
17364
17503
18763
17365
17504
18764
17366
17505
18765
17367
17506
18766
17368
17507
18767
17369
17508
18768
17370
17509
18769
17371
17510
18770
17372
17511
18771
17373
17512
18772
17374
17513
18773
17375
17514
18774
17376
17515
18775
17377
17516
18776
17378
17517
18777
17379
17518
18778
17380
17519
18779
17381
17520
18780
17382
17521
18781
17383
17522
18782
17384
17523
18783
17385
17524
18784
17386
17525
18785
17387
17526
18786
17388
17527
18787
17389
17528
18788
17390
17529
18789
17391
17530
18790
17392
17531
18791
17393
17532
18792
17394
17533
18793
17395
17534
18794
17396
17535
18795
17397
17536
18796
17398
17537
18797
17399
17538
18798
17400
17539
18799
17401
17540
18800
17402
17541
18801
17403
17542
18802
17404
17543
18803
17405
17544
18804
17406
17545
18805
17407
17546
18806
17408
17547
18807
17409
17548
18808
17410
17549
18809
17411
17550
18810
17412
17551
18811
17413
17552
18812
17414
17553
18813
17415
17554
18814
17416
17555
18815
17417
17556
18816
17418
17557
18817
17419
17558
18818
17420
17559
18819
17421
17560
18820
17422
17561
18821
17423
17562
18822
17424
17563
18823
17425
17564
18824
17426
17565
18825
17427
17566
18826
17428
17567
18827
17429
17568
18828
17430
17569
18829
17431
17570
18830
17432
17571
18831
17433
17572
18832
17434
17573
18833
17435
17574
18834
17436
17575
18835
17437
17576
18836
17438
17577
18837
17439
17578
18838
17440
17579
18839
17441
17580
18840
17442
17581
18841
17443
17582
18842
17444
17583
18843
17445
17584
18844
17446
17585
18845
17447
17586
18846
17448
17587
18847
17449
17588
18848
17450
17589
18849
17451
17590
18850
17452
17591
18851
17453
17592
18852
17454
17593
18853
17455
17594
18854
17456
17595
18855
17457
17596
18856
17458
17597
18857
17459
17598
18858
17460
17599
18859
17461
17600
18860
17462
17601
18861
17463
17602
18862
17464
17603
18863
17465
17604
18864
17466
17605
18865
17467
17606
18866
17468
17607
18867
17469
17608
18868
17470
17609
18869
17471
17610
18870
17472
17611
18871
17473
17612
18872
17474
17613
18873
17475
17614
18874
17476
17615
18875
17477
17616
18876
17478
17617
18877
17479
17618
18878
17480
17619
18879
17481
17620
18880
17482
17621
18881
17483
17622
18882
17484
17623
18883
17485
17624
18884
17486
17625
18885
17487
17626
18886
17488
17627
18887
17489
17628
18888
17490
17629
18889
17491
17630
18890
17492
17631
18891
17493
17632
18892
17494
17633
18893
17495
17634
18894
17496
17635
18895
17497
17636
18896
17498
17637
18897
17499
17638
18898
17639
18899
17501
17640
18900
17502
17641
18901
17503
17642
18902
17504
17643
18903
17505
17644
18904
17506
17645
18905
17507
17646
18906
17508
17647
18907
17509
17648
18908
17510
17649
18909
17511
17650
18910
17512
17651
18911
17513
17652
18912
17514
17653
18913
17515
17654
18914
17516
17655
18915
17517
17656
18916
17518
17657
18917
17519
17658
18918
17520
17659
18919
17521
17660
18920
17522
17661
18921
17523
17662
18922
17524
17663
18923
17525
17664
18924
17526
17665
18925
17527
17666
18926
17528
17667
18927
17529
17668
18928
17530
17669
18929
17531
17670
18930
17532
17671
18931
17533
17672
18932
17534
17673
18933
17535
17674
18934
17536
17675
18935
17537
17676
18936
17538
17677
18937
17539
17678
18938
17540
17679
18939
17541
17680
18940
17542
17681
18941
17543
17682
18942
17544
17683
18943
17545
17684
18944
17546
17685
18945
17547
17686
18946
17548
17687
18947
17549
17688
18948
17550
17689
18949
17551
17690
18950
17552
17691
18951
17553
17692
18952
17554
17693
18953
17555
17694
18954
17556
17695
18955
17557
17696
18956
17558
17697
18957
17559
17698
18958
17560
17699
18959
17561
17700
18960
17562
17701
18961
17563
17702
18962
17564
17703
18963
17565
17704
18964
17566
17705
18965
17567
17706
18966
17568
17707
18967
17569
17708
18968
17570
17709
18969
17571
17710
18970
17572
17711
18971
17573
17712
18972
17574
17713
18973
17575
17714
18974
17576
17715
18975
17577
17716
18976
17578
17717
18977
17579
17718
18978
17580
17719
18979
17581
17720
18980
17582
17721
18981
17583
17722
18982
17584
17723
18983
17585
17724
18984
17586
17725
18985
17587
17726
18986
17588
17727
18987
17589
17728
18988
17590
17729
18989
17591
17730
18990
17592
17731
18991
17593
17732
18992
17594
17733
18993
17595
17734
18994
17596
17735
18995
17597
17736
18996
17598
17737
18997
17599
17738
18998
17600
17739
18999
17601
17740
19000
17602
17741
19001
17603
17742
19002
17604
17743
19003
17605
17744
19004
17606
17745
19005
17607
17746
19006
17608
17747
19007
17609
17748
19008
17610
17749
19009
17611
17750
19010
17612
17751
19011
17613
17752
19012
17614
17753
19013
17615
17754
19014
17616
17755
19015
17617
17756
19016
17618
17757
19017
17619
17758
19018
17620
17759
19019
17621
17760
19020
17622
17761
19021
17623
17762
19022
17624
17763
19023
17625
17764
19024
17626
17765
19025
17627
17766
19026
17628
17767
19027
17629
17768
19028
17630
17769
19029
17631
17770
19030
17632
17771
19031
17633
17772
19032
17634
17773
19033
17635
17774
19034
17636
17775
19035
17637
17776
19036
17638
17777
19037
17639
17778
19038
17779
19039
17641
17780
19040
17642
17781
19041
17643
17782
19042
17644
17783
19043
17645
17784
19044
17646
17785
19045
17647
17786
19046
17648
17787
19047
17649
17788
19048
17650
17789
19049
17651
17790
19050
17652
17791
19051
17653
17792
19052
17654
17793
19053
17655
17794
19054
17656
17795
19055
17657
17796
19056
17658
17797
19057
17659
17798
19058
17660
17799
19059
17661
17800
19060
17662
17801
19061
17663
17802
19062
17664
17803
19063
17665
17804
19064
17666
17805
19065
17667
17806
19066
17668
17807
19067
17669
17808
19068
17670
17809
19069
17671
17810
19070
17672
17811
19071
17673
17812
19072
17674
17813
19073
17675
17814
19074
17676
17815
19075
17677
17816
19076
17678
17817
19077
17679
17818
19078
17680
17819
19079
17681
17820
19080
17682
17821
19081
17683
17822
19082
17684
17823
19083
17685
17824
19084
17686
17825
19085
17687
17826
19086
17688
17827
19087
17689
17828
19088
17690
17829
19089
17691
17830
19090
17692
17831
19091
17693
17832
19092
17694
17833
19093
17695
17834
19094
17696
17835
19095
17697
17836
19096
17698
17837
19097
17699
17838
19098
17700
17839
19099
17701
17840
19100
17702
17841
19101
17703
17842
19102
17704
17843
19103
17705
17844
19104
17706
17845
19105
17707
17846
19106
17708
17847
19107
17709
17848
19108
17710
17849
19109
17711
17850
19110
17712
17851
19111
17713
17852
19112
17714
17853
19113
17715
17854
19114
17716
17855
19115
17717
17856
19116
17718
17857
19117
17719
17858
19118
17720
17859
19119
17721
17860
19120
17722
17861
19121
17723
17862
19122
17724
17863
19123
17725
17864
19124
17726
17865
19125
17727
17866
19126
17728
17867
19127
17729
17868
19128
17730
17869
19129
17731
17870
19130
17732
17871
19131
17733
17872
19132
17734
17873
19133
17735
17874
19134
17736
17875
19135
17737
17876
19136
17738
17877
19137
17739
17878
19138
17740
17879
19139
17741
17880
19140
17742
17881
19141
17743
17882
19142
17744
17883
19143
17745
17884
19144
17746
17885
19145
17747
17886
19146
17748
17887
19147
17749
17888
19148
17750
17889
19149
17751
17890
19150
17752
17891
19151
17753
17892
19152
17754
17893
19153
17755
17894
19154
17756
17895
19155
17757
17896
19156
17758
17897
19157
17759
17898
19158
17760
17899
19159
17761
17900
19160
17762
17901
19161
17763
17902
19162
17764
17903
19163
17765
17904
19164
17766
17905
19165
17767
17906
19166
17768
17907
19167
17769
17908
19168
17770
17909
19169
17771
17910
19170
17772
17911
19171
17773
17912
19172
17774
17913
19173
17775
17914
19174
17776
17915
19175
17777
17916
19176
17778
17917
19177
17779
17918
19178
17919
19179
17781
17920
19180
17782
17921
19181
17783
17922
19182
17784
17923
19183
17785
17924
19184
17786
17925
19185
17787
17926
19186
17788
17927
19187
17789
17928
19188
17790
17929
19189
17791
17930
19190
17792
17931
19191
17793
17932
19192
17794
17933
19193
17795
17934
19194
17796
17935
19195
17797
17936
19196
17798
17937
19197
17799
17938
19198
17800
17939
19199
17801
17940
19200
17802
17941
19201
17803
17942
19202
17804
17943
19203
17805
17944
19204
17806
17945
19205
17807
17946
19206
17808
17947
19207
17809
17948
19208
17810
17949
19209
17811
17950
19210
17812
17951
19211
17813
17952
19212
17814
17953
19213
17815
17954
19214
17816
17955
19215
17817
17956
19216
17818
17957
19217
17819
17958
19218
17820
17959
19219
17821
17960
19220
17822
17961
19221
17823
17962
19222
17824
17963
19223
17825
17964
19224
17826
17965
19225
17827
17966
19226
17828
17967
19227
17829
17968
19228
17830
17969
19229
17831
17970
19230
17832
17971
19231
17833
17972
19232
17834
17973
19233
17835
17974
19234
17836
17975
19235
17837
17976
19236
17838
17977
19237
17839
17978
19238
17840
17979
19239
17841
17980
19240
17842
17981
19241
17843
17982
19242
17844
17983
19243
17845
17984
19244
17846
17985
19245
17847
17986
19246
17848
17987
19247
17849
17988
19248
17850
17989
19249
17851
17990
19250
17852
17991
19251
17853
17992
19252
17854
17993
19253
17855
17994
19254
17856
17995
19255
17857
17996
19256
17858
17997
19257
17859
17998
19258
17860
17999
19259
17861
18000
19260
17862
18001
19261
17863
18002
19262
17864
18003
19263
17865
18004
19264
17866
18005
19265
17867
18006
19266
17868
18007
19267
17869
18008
19268
17870
18009
19269
17871
18010
19270
17872
18011
19271
17873
18012
19272
17874
18013
19273
17875
18014
19274
17876
18015
19275
17877
18016
19276
17878
18017
19277
17879
18018
19278
17880
18019
19279
17881
18020
19280
17882
18021
19281
17883
18022
19282
17884
18023
19283
17885
18024
19284
17886
18025
19285
17887
18026
19286
17888
18027
19287
17889
18028
19288
17890
18029
19289
17891
18030
19290
17892
18031
19291
17893
18032
19292
17894
18033
19293
17895
18034
19294
17896
18035
19295
17897
18036
19296
17898
18037
19297
17899
18038
19298
17900
18039
19299
17901
18040
19300
17902
18041
19301
17903
18042
19302
17904
18043
19303
17905
18044
19304
17906
18045
19305
17907
18046
19306
17908
18047
19307
17909
18048
19308
17910
18049
19309
17911
18050
19310
17912
18051
19311
17913
18052
19312
17914
18053
19313
17915
18054
19314
17916
18055
19315
17917
18056
19316
17918
18057
19317
17919
18058
19318
18059
19319
17921
18060
19320
17922
18061
19321
17923
18062
19322
17924
18063
19323
17925
18064
19324
17926
18065
19325
17927
18066
19326
17928
18067
19327
17929
18068
19328
17930
18069
19329
17931
18070
19330
17932
18071
19331
17933
18072
19332
17934
18073
19333
17935
18074
19334
17936
18075
19335
17937
18076
19336
17938
18077
19337
17939
18078
19338
17940
18079
19339
17941
18080
19340
17942
18081
19341
17943
18082
19342
17944
18083
19343
17945
18084
19344
17946
18085
19345
17947
18086
19346
17948
18087
19347
17949
18088
19348
17950
18089
19349
17951
18090
19350
17952
18091
19351
17953
18092
19352
17954
18093
19353
17955
18094
19354
17956
18095
19355
17957
18096
19356
17958
18097
19357
17959
18098
19358
17960
18099
19359
17961
18100
19360
17962
18101
19361
17963
18102
19362
17964
18103
19363
17965
18104
19364
17966
18105
19365
17967
18106
19366
17968
18107
19367
17969
18108
19368
17970
18109
19369
17971
18110
19370
17972
18111
19371
17973
18112
19372
17974
18113
19373
17975
18114
19374
17976
18115
19375
17977
18116
19376
17978
18117
19377
17979
18118
19378
17980
18119
19379
17981
18120
19380
17982
18121
19381
17983
18122
19382
17984
18123
19383
17985
18124
19384
17986
18125
19385
17987
18126
19386
17988
18127
19387
17989
18128
19388
17990
18129
19389
17991
18130
19390
17992
18131
19391
17993
18132
19392
17994
18133
19393
17995
18134
19394
17996
18135
19395
17997
18136
19396
17998
18137
19397
17999
18138
19398
18000
18139
19399
18001
18140
19400
18002
18141
19401
18003
18142
19402
18004
18143
19403
18005
18144
19404
18006
18145
19405
18007
18146
19406
18008
18147
19407
18009
18148
19408
18010
18149
19409
18011
18150
19410
18012
18151
19411
18013
18152
19412
18014
18153
19413
18015
18154
19414
18016
18155
19415
18017
18156
19416
18018
18157
19417
18019
18158
19418
18020
18159
19419
18021
18160
19420
18022
18161
19421
18023
18162
19422
18024
18163
19423
18025
18164
19424
18026
18165
19425
18027
18166
19426
18028
18167
19427
18029
18168
19428
18030
18169
19429
18031
18170
19430
18032
18171
19431
18033
18172
19432
18034
18173
19433
18035
18174
19434
18036
18175
19435
18037
18176
19436
18038
18177
19437
18039
18178
19438
18040
18179
19439
18041
18180
19440
18042
18181
19441
18043
18182
19442
18044
18183
19443
18045
18184
19444
18046
18185
19445
18047
18186
19446
18048
18187
19447
18049
18188
19448
18050
18189
19449
18051
18190
19450
18052
18191
19451
18053
18192
19452
18054
18193
19453
18055
18194
19454
18056
18195
19455
18057
18196
19456
18058
18197
19457
18059
18198
19458
18199
19459
18061
19460
18062
19461
18063
19462
18064
19463
18065
19464
18066
19465
18067
19466
18068
19467
18069
19468
18070
19469
18071
19470
18072
19471
18073
19472
18074
19473
18075
19474
18076
19475
18077
19476
18078
19477
18079
19478
18080
19479
18081
19480
18082
19481
18083
19482
18084
19483
18085
19484
18086
19485
18087
19486
18088
19487
18089
19488
18090
19489
18091
19490
18092
19491
18093
19492
18094
19493
18095
19494
18096
19495
18097
19496
18098
19497
18099
19498
18100
19499
18101
19500
18102
19501
18103
19502
18104
19503
18105
19504
18106
19505
18107
19506
18108
19507
18109
19508
18110
19509
18111
19510
18112
19511
18113
19512
18114
19513
18115
19514
18116
19515
18117
19516
18118
19517
18119
19518
18120
19519
18121
19520
18122
19521
18123
19522
18124
19523
18125
19524
18126
19525
18127
19526
18128
19527
18129
19528
18130
19529
18131
19530
18132
19531
18133
19532
18134
19533
18135
19534
18136
19535
18137
19536
18138
19537
18139
19538
18140
19539
18141
19540
18142
19541
18143
19542
18144
19543
18145
19544
18146
19545
18147
19546
18148
19547
18149
19548
18150
19549
18151
19550
18152
19551
18153
19552
18154
19553
18155
19554
18156
19555
18157
19556
18158
19557
18159
19558
18160
19559
18161
19560
18162
19561
18163
19562
18164
19563
18165
19564
18166
19565
18167
19566
18168
19567
18169
19568
18170
19569
18171
19570
18172
19571
18173
19572
18174
19573
18175
19574
18176
19575
18177
19576
18178
19577
18179
19578
18180
19579
18181
19580
18182
19581
18183
19582
18184
19583
18185
19584
18186
19585
18187
19586
18188
19587
18189
19588
18190
19589
18191
19590
18192
19591
18193
19592
18194
19593
18195
19594
18196
19595
18197
19596
18198
19597
18199
19598
19599
18201
18340
19600
18202
18341
19601
18203
18342
19602
18204
18343
19603
18205
18344
19604
18206
18345
19605
18207
18346
19606
18208
18347
19607
18209
18348
19608
18210
18349
19609
18211
18350
19610
18212
18351
19611
18213
18352
19612
18214
18353
19613
18215
18354
19614
18216
18355
19615
18217
18356
19616
18218
18357
19617
18219
18358
19618
18220
18359
19619
18221
18360
19620
18222
18361
19621
18223
18362
19622
18224
18363
19623
18225
18364
19624
18226
18365
19625
18227
18366
19626
18228
18367
19627
18229
18368
19628
18230
18369
19629
18231
18370
19630
18232
18371
19631
18233
18372
19632
18234
18373
19633
18235
18374
19634
18236
18375
19635
18237
18376
19636
18238
18377
19637
18239
18378
19638
18240
18379
19639
18241
18380
19640
18242
18381
19641
18243
18382
19642
18244
18383
19643
18245
18384
19644
18246
18385
19645
18247
18386
19646
18248
18387
19647
18249
18388
19648
18250
18389
19649
18251
18390
19650
18252
18391
19651
18253
18392
19652
18254
18393
19653
18255
18394
19654
18256
18395
19655
18257
18396
19656
18258
18397
19657
18259
18398
19658
18260
18399
19659
18261
18400
19660
18262
18401
19661
18263
18402
19662
18264
18403
19663
18265
18404
19664
18266
18405
19665
18267
18406
19666
18268
18407
19667
18269
18408
19668
18270
18409
19669
18271
18410
19670
18272
18411
19671
18273
18412
19672
18274
18413
19673
18275
18414
19674
18276
18415
19675
18277
18416
19676
18278
18417
19677
18279
18418
19678
18280
18419
19679
18281
18420
19680
18282
18421
19681
18283
18422
19682
18284
18423
19683
18285
18424
19684
18286
18425
19685
18287
18426
19686
18288
18427
19687
18289
18428
19688
18290
18429
19689
18291
18430
19690
18292
18431
19691
18293
18432
19692
18294
18433
19693
18295
18434
19694
18296
18435
19695
18297
18436
19696
18298
18437
19697
18299
18438
19698
18300
18439
19699
18301
18440
19700
18302
18441
19701
18303
18442
19702
18304
18443
19703
18305
18444
19704
18306
18445
19705
18307
18446
19706
18308
18447
19707
18309
18448
19708
18310
18449
19709
18311
18450
19710
18312
18451
19711
18313
18452
19712
18314
18453
19713
18315
18454
19714
18316
18455
19715
18317
18456
19716
18318
18457
19717
18319
18458
19718
18320
18459
19719
18321
18460
19720
18322
18461
19721
18323
18462
19722
18324
18463
19723
18325
18464
19724
18326
18465
19725
18327
18466
19726
18328
18467
19727
18329
18468
19728
18330
18469
19729
18331
18470
19730
18332
18471
19731
18333
18472
19732
18334
18473
19733
18335
18474
19734
18336
18475
19735
18337
18476
19736
18338
18477
19737
18339
18478
19738
18479
19739
18341
18480
19740
18342
18481
19741
18343
18482
19742
18344
18483
19743
18345
18484
19744
18346
18485
19745
18347
18486
19746
18348
18487
19747
18349
18488
19748
18350
18489
19749
18351
18490
19750
18352
18491
19751
18353
18492
19752
18354
18493
19753
18355
18494
19754
18356
18495
19755
18357
18496
19756
18358
18497
19757
18359
18498
19758
18360
18499
19759
18361
18500
19760
18362
18501
19761
18363
18502
19762
18364
18503
19763
18365
18504
19764
18366
18505
19765
18367
18506
19766
18368
18507
19767
18369
18508
19768
18370
18509
19769
18371
18510
19770
18372
18511
19771
18373
18512
19772
18374
18513
19773
18375
18514
19774
18376
18515
19775
18377
18516
19776
18378
18517
19777
18379
18518
19778
18380
18519
19779
18381
18520
19780
18382
18521
19781
18383
18522
19782
18384
18523
19783
18385
18524
19784
18386
18525
19785
18387
18526
19786
18388
18527
19787
18389
18528
19788
18390
18529
19789
18391
18530
19790
18392
18531
19791
18393
18532
19792
18394
18533
19793
18395
18534
19794
18396
18535
19795
18397
18536
19796
18398
18537
19797
18399
18538
19798
18400
18539
19799
18401
18540
19800
18402
18541
19801
18403
18542
19802
18404
18543
19803
18405
18544
19804
18406
18545
19805
18407
18546
19806
18408
18547
19807
18409
18548
19808
18410
18549
19809
18411
18550
19810
18412
18551
19811
18413
18552
19812
18414
18553
19813
18415
18554
19814
18416
18555
19815
18417
18556
19816
18418
18557
19817
18419
18558
19818
18420
18559
19819
18421
18560
19820
18422
18561
19821
18423
18562
19822
18424
18563
19823
18425
18564
19824
18426
18565
19825
18427
18566
19826
18428
18567
19827
18429
18568
19828
18430
18569
19829
18431
18570
19830
18432
18571
19831
18433
18572
19832
18434
18573
19833
18435
18574
19834
18436
18575
19835
18437
18576
19836
18438
18577
19837
18439
18578
19838
18440
18579
19839
18441
18580
19840
18442
18581
19841
18443
18582
19842
18444
18583
19843
18445
18584
19844
18446
18585
19845
18447
18586
19846
18448
18587
19847
18449
18588
19848
18450
18589
19849
18451
18590
19850
18452
18591
19851
18453
18592
19852
18454
18593
19853
18455
18594
19854
18456
18595
19855
18457
18596
19856
18458
18597
19857
18459
18598
19858
18460
18599
19859
18461
18600
19860
18462
18601
19861
18463
18602
19862
18464
18603
19863
18465
18604
19864
18466
18605
19865
18467
18606
19866
18468
18607
19867
18469
18608
19868
18470
18609
19869
18471
18610
19870
18472
18611
19871
18473
18612
19872
18474
18613
19873
18475
18614
19874
18476
18615
19875
18477
18616
19876
18478
18617
19877
18479
18618
19878
18619
19879
18481
18620
19880
18482
18621
19881
18483
18622
19882
18484
18623
19883
18485
18624
19884
18486
18625
19885
18487
18626
19886
18488
18627
19887
18489
18628
19888
18490
18629
19889
18491
18630
19890
18492
18631
19891
18493
18632
19892
18494
18633
19893
18495
18634
19894
18496
18635
19895
18497
18636
19896
18498
18637
19897
18499
18638
19898
18500
18639
19899
18501
18640
19900
18502
18641
19901
18503
18642
19902
18504
18643
19903
18505
18644
19904
18506
18645
19905
18507
18646
19906
18508
18647
19907
18509
18648
19908
18510
18649
19909
18511
18650
19910
18512
18651
19911
18513
18652
19912
18514
18653
19913
18515
18654
19914
18516
18655
19915
18517
18656
19916
18518
18657
19917
18519
18658
19918
18520
18659
19919
18521
18660
19920
18522
18661
19921
18523
18662
19922
18524
18663
19923
18525
18664
19924
18526
18665
19925
18527
18666
19926
18528
18667
19927
18529
18668
19928
18530
18669
19929
18531
18670
19930
18532
18671
19931
18533
18672
19932
18534
18673
19933
18535
18674
19934
18536
18675
19935
18537
18676
19936
18538
18677
19937
18539
18678
19938
18540
18679
19939
18541
18680
19940
18542
18681
19941
18543
18682
19942
18544
18683
19943
18545
18684
19944
18546
18685
19945
18547
18686
19946
18548
18687
19947
18549
18688
19948
18550
18689
19949
18551
18690
19950
18552
18691
19951
18553
18692
19952
18554
18693
19953
18555
18694
19954
18556
18695
19955
18557
18696
19956
18558
18697
19957
18559
18698
19958
18560
18699
19959
18561
18700
19960
18562
18701
19961
18563
18702
19962
18564
18703
19963
18565
18704
19964
18566
18705
19965
18567
18706
19966
18568
18707
19967
18569
18708
19968
18570
18709
19969
18571
18710
19970
18572
18711
19971
18573
18712
19972
18574
18713
19973
18575
18714
19974
18576
18715
19975
18577
18716
19976
18578
18717
19977
18579
18718
19978
18580
18719
19979
18581
18720
19980
18582
18721
19981
18583
18722
19982
18584
18723
19983
18585
18724
19984
18586
18725
19985
18587
18726
19986
18588
18727
19987
18589
18728
19988
18590
18729
19989
18591
18730
19990
18592
18731
19991
18593
18732
19992
18594
18733
19993
18595
18734
19994
18596
18735
19995
18597
18736
19996
18598
18737
19997
18599
18738
19998
18600
18739
19999
18601
18740
20000
18602
18741
20001
18603
18742
20002
18604
18743
20003
18605
18744
20004
18606
18745
20005
18607
18746
20006
18608
18747
20007
18609
18748
20008
18610
18749
20009
18611
18750
20010
18612
18751
20011
18613
18752
20012
18614
18753
20013
18615
18754
20014
18616
18755
20015
18617
18756
20016
18618
18757
20017
18619
18758
20018
18759
20019
18621
18760
20020
18622
18761
20021
18623
18762
20022
18624
18763
20023
18625
18764
20024
18626
18765
20025
18627
18766
20026
18628
18767
20027
18629
18768
20028
18630
18769
20029
18631
18770
20030
18632
18771
20031
18633
18772
20032
18634
18773
20033
18635
18774
20034
18636
18775
20035
18637
18776
20036
18638
18777
20037
18639
18778
20038
18640
18779
20039
18641
18780
20040
18642
18781
20041
18643
18782
20042
18644
18783
20043
18645
18784
20044
18646
18785
20045
18647
18786
20046
18648
18787
20047
18649
18788
20048
18650
18789
20049
18651
18790
20050
18652
18791
20051
18653
18792
20052
18654
18793
20053
18655
18794
20054
18656
18795
20055
18657
18796
20056
18658
18797
20057
18659
18798
20058
18660
18799
20059
18661
18800
20060
18662
18801
20061
18663
18802
20062
18664
18803
20063
18665
18804
20064
18666
18805
20065
18667
18806
20066
18668
18807
20067
18669
18808
20068
18670
18809
20069
18671
18810
20070
18672
18811
20071
18673
18812
20072
18674
18813
20073
18675
18814
20074
18676
18815
20075
18677
18816
20076
18678
18817
20077
18679
18818
20078
18680
18819
20079
18681
18820
20080
18682
18821
20081
18683
18822
20082
18684
18823
20083
18685
18824
20084
18686
18825
20085
18687
18826
20086
18688
18827
20087
18689
18828
20088
18690
18829
20089
18691
18830
20090
18692
18831
20091
18693
18832
20092
18694
18833
20093
18695
18834
20094
18696
18835
20095
18697
18836
20096
18698
18837
20097
18699
18838
20098
18700
18839
20099
18701
18840
20100
18702
18841
20101
18703
18842
20102
18704
18843
20103
18705
18844
20104
18706
18845
20105
18707
18846
20106
18708
18847
20107
18709
18848
20108
18710
18849
20109
18711
18850
20110
18712
18851
20111
18713
18852
20112
18714
18853
20113
18715
18854
20114
18716
18855
20115
18717
18856
20116
18718
18857
20117
18719
18858
20118
18720
18859
20119
18721
18860
20120
18722
18861
20121
18723
18862
20122
18724
18863
20123
18725
18864
20124
18726
18865
20125
18727
18866
20126
18728
18867
20127
18729
18868
20128
18730
18869
20129
18731
18870
20130
18732
18871
20131
18733
18872
20132
18734
18873
20133
18735
18874
20134
18736
18875
20135
18737
18876
20136
18738
18877
20137
18739
18878
20138
18740
18879
20139
18741
18880
20140
18742
18881
20141
18743
18882
20142
18744
18883
20143
18745
18884
20144
18746
18885
20145
18747
18886
20146
18748
18887
20147
18749
18888
20148
18750
18889
20149
18751
18890
20150
18752
18891
20151
18753
18892
20152
18754
18893
20153
18755
18894
20154
18756
18895
20155
18757
18896
20156
18758
18897
20157
18759
18898
20158
18899
20159
18761
18900
20160
18762
18901
20161
18763
18902
20162
18764
18903
20163
18765
18904
20164
18766
18905
20165
18767
18906
20166
18768
18907
20167
18769
18908
20168
18770
18909
20169
18771
18910
20170
18772
18911
20171
18773
18912
20172
18774
18913
20173
18775
18914
20174
18776
18915
20175
18777
18916
20176
18778
18917
20177
18779
18918
20178
18780
18919
20179
18781
18920
20180
18782
18921
20181
18783
18922
20182
18784
18923
20183
18785
18924
20184
18786
18925
20185
18787
18926
20186
18788
18927
20187
18789
18928
20188
18790
18929
20189
18791
18930
20190
18792
18931
20191
18793
18932
20192
18794
18933
20193
18795
18934
20194
18796
18935
20195
18797
18936
20196
18798
18937
20197
18799
18938
20198
18800
18939
20199
18801
18940
20200
18802
18941
20201
18803
18942
20202
18804
18943
20203
18805
18944
20204
18806
18945
20205
18807
18946
20206
18808
18947
20207
18809
18948
20208
18810
18949
20209
18811
18950
20210
18812
18951
20211
18813
18952
20212
18814
18953
20213
18815
18954
20214
18816
18955
20215
18817
18956
20216
18818
18957
20217
18819
18958
20218
18820
18959
20219
18821
18960
20220
18822
18961
20221
18823
18962
20222
18824
18963
20223
18825
18964
20224
18826
18965
20225
18827
18966
20226
18828
18967
20227
18829
18968
20228
18830
18969
20229
18831
18970
20230
18832
18971
20231
18833
18972
20232
18834
18973
20233
18835
18974
20234
18836
18975
20235
18837
18976
20236
18838
18977
20237
18839
18978
20238
18840
18979
20239
18841
18980
20240
18842
18981
20241
18843
18982
20242
18844
18983
20243
18845
18984
20244
18846
18985
20245
18847
18986
20246
18848
18987
20247
18849
18988
20248
18850
18989
20249
18851
18990
20250
18852
18991
20251
18853
18992
20252
18854
18993
20253
18855
18994
20254
18856
18995
20255
18857
18996
20256
18858
18997
20257
18859
18998
20258
18860
18999
20259
18861
19000
20260
18862
19001
20261
18863
19002
20262
18864
19003
20263
18865
19004
20264
18866
19005
20265
18867
19006
20266
18868
19007
20267
18869
19008
20268
18870
19009
20269
18871
19010
20270
18872
19011
20271
18873
19012
20272
18874
19013
20273
18875
19014
20274
18876
19015
20275
18877
19016
20276
18878
19017
20277
18879
19018
20278
18880
19019
20279
18881
19020
20280
18882
19021
20281
18883
19022
20282
18884
19023
20283
18885
19024
20284
18886
19025
20285
18887
19026
20286
18888
19027
20287
18889
19028
20288
18890
19029
20289
18891
19030
20290
18892
19031
20291
18893
19032
20292
18894
19033
20293
18895
19034
20294
18896
19035
20295
18897
19036
20296
18898
19037
20297
18899
19038
20298
19039
20299
18901
19040
20300
18902
19041
20301
18903
19042
20302
18904
19043
20303
18905
19044
20304
18906
19045
20305
18907
19046
20306
18908
19047
20307
18909
19048
20308
18910
19049
20309
18911
19050
20310
18912
19051
20311
18913
19052
20312
18914
19053
20313
18915
19054
20314
18916
19055
20315
18917
19056
20316
18918
19057
20317
18919
19058
20318
18920
19059
20319
18921
19060
20320
18922
19061
20321
18923
19062
20322
18924
19063
20323
18925
19064
20324
18926
19065
20325
18927
19066
20326
18928
19067
20327
18929
19068
20328
18930
19069
20329
18931
19070
20330
18932
19071
20331
18933
19072
20332
18934
19073
20333
18935
19074
20334
18936
19075
20335
18937
19076
20336
18938
19077
20337
18939
19078
20338
18940
19079
20339
18941
19080
20340
18942
19081
20341
18943
19082
20342
18944
19083
20343
18945
19084
20344
18946
19085
20345
18947
19086
20346
18948
19087
20347
18949
19088
20348
18950
19089
20349
18951
19090
20350
18952
19091
20351
18953
19092
20352
18954
19093
20353
18955
19094
20354
18956
19095
20355
18957
19096
20356
18958
19097
20357
18959
19098
20358
18960
19099
20359
18961
19100
20360
18962
19101
20361
18963
19102
20362
18964
19103
20363
18965
19104
20364
18966
19105
20365
18967
19106
20366
18968
19107
20367
18969
19108
20368
18970
19109
20369
18971
19110
20370
18972
19111
20371
18973
19112
20372
18974
19113
20373
18975
19114
20374
18976
19115
20375
18977
19116
20376
18978
19117
20377
18979
19118
20378
18980
19119
20379
18981
19120
20380
18982
19121
20381
18983
19122
20382
18984
19123
20383
18985
19124
20384
18986
19125
20385
18987
19126
20386
18988
19127
20387
18989
19128
20388
18990
19129
20389
18991
19130
20390
18992
19131
20391
18993
19132
20392
18994
19133
20393
18995
19134
20394
18996
19135
20395
18997
19136
20396
18998
19137
20397
18999
19138
20398
19000
19139
20399
19001
19140
20400
19002
19141
20401
19003
19142
20402
19004
19143
20403
19005
19144
20404
19006
19145
20405
19007
19146
20406
19008
19147
20407
19009
19148
20408
19010
19149
20409
19011
19150
20410
19012
19151
20411
19013
19152
20412
19014
19153
20413
19015
19154
20414
19016
19155
20415
19017
19156
20416
19018
19157
20417
19019
19158
20418
19020
19159
20419
19021
19160
20420
19022
19161
20421
19023
19162
20422
19024
19163
20423
19025
19164
20424
19026
19165
20425
19027
19166
20426
19028
19167
20427
19029
19168
20428
19030
19169
20429
19031
19170
20430
19032
19171
20431
19033
19172
20432
19034
19173
20433
19035
19174
20434
19036
19175
20435
19037
19176
20436
19038
19177
20437
19039
19178
20438
19179
20439
19041
19180
20440
19042
19181
20441
19043
19182
20442
19044
19183
20443
19045
19184
20444
19046
19185
20445
19047
19186
20446
19048
19187
20447
19049
19188
20448
19050
19189
20449
19051
19190
20450
19052
19191
20451
19053
19192
20452
19054
19193
20453
19055
19194
20454
19056
19195
20455
19057
19196
20456
19058
19197
20457
19059
19198
20458
19060
19199
20459
19061
19200
20460
19062
19201
20461
19063
19202
20462
19064
19203
20463
19065
19204
20464
19066
19205
20465
19067
19206
20466
19068
19207
20467
19069
19208
20468
19070
19209
20469
19071
19210
20470
19072
19211
20471
19073
19212
20472
19074
19213
20473
19075
19214
20474
19076
19215
20475
19077
19216
20476
19078
19217
20477
19079
19218
20478
19080
19219
20479
19081
19220
20480
19082
19221
20481
19083
19222
20482
19084
19223
20483
19085
19224
20484
19086
19225
20485
19087
19226
20486
19088
19227
20487
19089
19228
20488
19090
19229
20489
19091
19230
20490
19092
19231
20491
19093
19232
20492
19094
19233
20493
19095
19234
20494
19096
19235
20495
19097
19236
20496
19098
19237
20497
19099
19238
20498
19100
19239
20499
19101
19240
20500
19102
19241
20501
19103
19242
20502
19104
19243
20503
19105
19244
20504
19106
19245
20505
19107
19246
20506
19108
19247
20507
19109
19248
20508
19110
19249
20509
19111
19250
20510
19112
19251
20511
19113
19252
20512
19114
19253
20513
19115
19254
20514
19116
19255
20515
19117
19256
20516
19118
19257
20517
19119
19258
20518
19120
19259
20519
19121
19260
20520
19122
19261
20521
19123
19262
20522
19124
19263
20523
19125
19264
20524
19126
19265
20525
19127
19266
20526
19128
19267
20527
19129
19268
20528
19130
19269
20529
19131
19270
20530
19132
19271
20531
19133
19272
20532
19134
19273
20533
19135
19274
20534
19136
19275
20535
19137
19276
20536
19138
19277
20537
19139
19278
20538
19140
19279
20539
19141
19280
20540
19142
19281
20541
19143
19282
20542
19144
19283
20543
19145
19284
20544
19146
19285
20545
19147
19286
20546
19148
19287
20547
19149
19288
20548
19150
19289
20549
19151
19290
20550
19152
19291
20551
19153
19292
20552
19154
19293
20553
19155
19294
20554
19156
19295
20555
19157
19296
20556
19158
19297
20557
19159
19298
20558
19160
19299
20559
19161
19300
20560
19162
19301
20561
19163
19302
20562
19164
19303
20563
19165
19304
20564
19166
19305
20565
19167
19306
20566
19168
19307
20567
19169
19308
20568
19170
19309
20569
19171
19310
20570
19172
19311
20571
19173
19312
20572
19174
19313
20573
19175
19314
20574
19176
19315
20575
19177
19316
20576
19178
19317
20577
19179
19318
20578
19319
20579
19181
19320
20580
19182
19321
20581
19183
19322
20582
19184
19323
20583
19185
19324
20584
19186
19325
20585
19187
19326
20586
19188
19327
20587
19189
19328
20588
19190
19329
20589
19191
19330
20590
19192
19331
20591
19193
19332
20592
19194
19333
20593
19195
19334
20594
19196
19335
20595
19197
19336
20596
19198
19337
20597
19199
19338
20598
19200
19339
20599
19201
19340
20600
19202
19341
20601
19203
19342
20602
19204
19343
20603
19205
19344
20604
19206
19345
20605
19207
19346
20606
19208
19347
20607
19209
19348
20608
19210
19349
20609
19211
19350
20610
19212
19351
20611
19213
19352
20612
19214
19353
20613
19215
19354
20614
19216
19355
20615
19217
19356
20616
19218
19357
20617
19219
19358
20618
19220
19359
20619
19221
19360
20620
19222
19361
20621
19223
19362
20622
19224
19363
20623
19225
19364
20624
19226
19365
20625
19227
19366
20626
19228
19367
20627
19229
19368
20628
19230
19369
20629
19231
19370
20630
19232
19371
20631
19233
19372
20632
19234
19373
20633
19235
19374
20634
19236
19375
20635
19237
19376
20636
19238
19377
20637
19239
19378
20638
19240
19379
20639
19241
19380
20640
19242
19381
20641
19243
19382
20642
19244
19383
20643
19245
19384
20644
19246
19385
20645
19247
19386
20646
19248
19387
20647
19249
19388
20648
19250
19389
20649
19251
19390
20650
19252
19391
20651
19253
19392
20652
19254
19393
20653
19255
19394
20654
19256
19395
20655
19257
19396
20656
19258
19397
20657
19259
19398
20658
19260
19399
20659
19261
19400
20660
19262
19401
20661
19263
19402
20662
19264
19403
20663
19265
19404
20664
19266
19405
20665
19267
19406
20666
19268
19407
20667
19269
19408
20668
19270
19409
20669
19271
19410
20670
19272
19411
20671
19273
19412
20672
19274
19413
20673
19275
19414
20674
19276
19415
20675
19277
19416
20676
19278
19417
20677
19279
19418
20678
19280
19419
20679
19281
19420
20680
19282
19421
20681
19283
19422
20682
19284
19423
20683
19285
19424
20684
19286
19425
20685
19287
19426
20686
19288
19427
20687
19289
19428
20688
19290
19429
20689
19291
19430
20690
19292
19431
20691
19293
19432
20692
19294
19433
20693
19295
19434
20694
19296
19435
20695
19297
19436
20696
19298
19437
20697
19299
19438
20698
19300
19439
20699
19301
19440
20700
19302
19441
20701
19303
19442
20702
19304
19443
20703
19305
19444
20704
19306
19445
20705
19307
19446
20706
19308
19447
20707
19309
19448
20708
19310
19449
20709
19311
19450
20710
19312
19451
20711
19313
19452
20712
19314
19453
20713
19315
19454
20714
19316
19455
20715
19317
19456
20716
19318
19457
20717
19319
19458
20718
19459
20719
19321
19460
20720
19322
19461
20721
19323
19462
20722
19324
19463
20723
19325
19464
20724
19326
19465
20725
19327
19466
20726
19328
19467
20727
19329
19468
20728
19330
19469
20729
19331
19470
20730
19332
19471
20731
19333
19472
20732
19334
19473
20733
19335
19474
20734
19336
19475
20735
19337
19476
20736
19338
19477
20737
19339
19478
20738
19340
19479
20739
19341
19480
20740
19342
19481
20741
19343
19482
20742
19344
19483
20743
19345
19484
20744
19346
19485
20745
19347
19486
20746
19348
19487
20747
19349
19488
20748
19350
19489
20749
19351
19490
20750
19352
19491
20751
19353
19492
20752
19354
19493
20753
19355
19494
20754
19356
19495
20755
19357
19496
20756
19358
19497
20757
19359
19498
20758
19360
19499
20759
19361
19500
20760
19362
19501
20761
19363
19502
20762
19364
19503
20763
19365
19504
20764
19366
19505
20765
19367
19506
20766
19368
19507
20767
19369
19508
20768
19370
19509
20769
19371
19510
20770
19372
19511
20771
19373
19512
20772
19374
19513
20773
19375
19514
20774
19376
19515
20775
19377
19516
20776
19378
19517
20777
19379
19518
20778
19380
19519
20779
19381
19520
20780
19382
19521
20781
19383
19522
20782
19384
19523
20783
19385
19524
20784
19386
19525
20785
19387
19526
20786
19388
19527
20787
19389
19528
20788
19390
19529
20789
19391
19530
20790
19392
19531
20791
19393
19532
20792
19394
19533
20793
19395
19534
20794
19396
19535
20795
19397
19536
20796
19398
19537
20797
19399
19538
20798
19400
19539
20799
19401
19540
20800
19402
19541
20801
19403
19542
20802
19404
19543
20803
19405
19544
20804
19406
19545
20805
19407
19546
20806
19408
19547
20807
19409
19548
20808
19410
19549
20809
19411
19550
20810
19412
19551
20811
19413
19552
20812
19414
19553
20813
19415
19554
20814
19416
19555
20815
19417
19556
20816
19418
19557
20817
19419
19558
20818
19420
19559
20819
19421
19560
20820
19422
19561
20821
19423
19562
20822
19424
19563
20823
19425
19564
20824
19426
19565
20825
19427
19566
20826
19428
19567
20827
19429
19568
20828
19430
19569
20829
19431
19570
20830
19432
19571
20831
19433
19572
20832
19434
19573
20833
19435
19574
20834
19436
19575
20835
19437
19576
20836
19438
19577
20837
19439
19578
20838
19440
19579
20839
19441
19580
20840
19442
19581
20841
19443
19582
20842
19444
19583
20843
19445
19584
20844
19446
19585
20845
19447
19586
20846
19448
19587
20847
19449
19588
20848
19450
19589
20849
19451
19590
20850
19452
19591
20851
19453
19592
20852
19454
19593
20853
19455
19594
20854
19456
19595
20855
19457
19596
20856
19458
19597
20857
19459
19598
20858
19599
20859
19461
20860
19462
20861
19463
20862
19464
20863
19465
20864
19466
20865
19467
20866
19468
20867
19469
20868
19470
20869
19471
20870
19472
20871
19473
20872
19474
20873
19475
20874
19476
20875
19477
20876
19478
20877
19479
20878
19480
20879
19481
20880
19482
20881
19483
20882
19484
20883
19485
20884
19486
20885
19487
20886
19488
20887
19489
20888
19490
20889
19491
20890
19492
20891
19493
20892
19494
20893
19495
20894
19496
20895
19497
20896
19498
20897
19499
20898
19500
20899
19501
20900
19502
20901
19503
20902
19504
20903
19505
20904
19506
20905
19507
20906
19508
20907
19509
20908
19510
20909
19511
20910
19512
20911
19513
20912
19514
20913
19515
20914
19516
20915
19517
20916
19518
20917
19519
20918
19520
20919
19521
20920
19522
20921
19523
20922
19524
20923
19525
20924
19526
20925
19527
20926
19528
20927
19529
20928
19530
20929
19531
20930
19532
20931
19533
20932
19534
20933
19535
20934
19536
20935
19537
20936
19538
20937
19539
20938
19540
20939
19541
20940
19542
20941
19543
20942
19544
20943
19545
20944
19546
20945
19547
20946
19548
20947
19549
20948
19550
20949
19551
20950
19552
20951
19553
20952
19554
20953
19555
20954
19556
20955
19557
20956
19558
20957
19559
20958
19560
20959
19561
20960
19562
20961
19563
20962
19564
20963
19565
20964
19566
20965
19567
20966
19568
20967
19569
20968
19570
20969
19571
20970
19572
20971
19573
20972
19574
20973
19575
20974
19576
20975
19577
20976
19578
20977
19579
20978
19580
20979
19581
20980
19582
20981
19583
20982
19584
20983
19585
20984
19586
20985
19587
20986
19588
20987
19589
20988
19590
20989
19591
20990
19592
20991
19593
20992
19594
20993
19595
20994
19596
20995
19597
20996
19598
20997
19599
20998
20999
19601
19740
21000
19602
19741
21001
19603
19742
21002
19604
19743
21003
19605
19744
21004
19606
19745
21005
19607
19746
21006
19608
19747
21007
19609
19748
21008
19610
19749
21009
19611
19750
21010
19612
19751
21011
19613
19752
21012
19614
19753
21013
19615
19754
21014
19616
19755
21015
19617
19756
21016
19618
19757
21017
19619
19758
21018
19620
19759
21019
19621
19760
21020
19622
19761
21021
19623
19762
21022
19624
19763
21023
19625
19764
21024
19626
19765
21025
19627
19766
21026
19628
19767
21027
19629
19768
21028
19630
19769
21029
19631
19770
21030
19632
19771
21031
19633
19772
21032
19634
19773
21033
19635
19774
21034
19636
19775
21035
19637
19776
21036
19638
19777
21037
19639
19778
21038
19640
19779
21039
19641
19780
21040
19642
19781
21041
19643
19782
21042
19644
19783
21043
19645
19784
21044
19646
19785
21045
19647
19786
21046
19648
19787
21047
19649
19788
21048
19650
19789
21049
19651
19790
21050
19652
19791
21051
19653
19792
21052
19654
19793
21053
19655
19794
21054
19656
19795
21055
19657
19796
21056
19658
19797
21057
19659
19798
21058
19660
19799
21059
19661
19800
21060
19662
19801
21061
19663
19802
21062
19664
19803
21063
19665
19804
21064
19666
19805
21065
19667
19806
21066
19668
19807
21067
19669
19808
21068
19670
19809
21069
19671
19810
21070
19672
19811
21071
19673
19812
21072
19674
19813
21073
19675
19814
21074
19676
19815
21075
19677
19816
21076
19678
19817
21077
19679
19818
21078
19680
19819
21079
19681
19820
21080
19682
19821
21081
19683
19822
21082
19684
19823
21083
19685
19824
21084
19686
19825
21085
19687
19826
21086
19688
19827
21087
19689
19828
21088
19690
19829
21089
19691
19830
21090
19692
19831
21091
19693
19832
21092
19694
19833
21093
19695
19834
21094
19696
19835
21095
19697
19836
21096
19698
19837
21097
19699
19838
21098
19700
19839
21099
19701
19840
21100
19702
19841
21101
19703
19842
21102
19704
19843
21103
19705
19844
21104
19706
19845
21105
19707
19846
21106
19708
19847
21107
19709
19848
21108
19710
19849
21109
19711
19850
21110
19712
19851
21111
19713
19852
21112
19714
19853
21113
19715
19854
21114
19716
19855
21115
19717
19856
21116
19718
19857
21117
19719
19858
21118
19720
19859
21119
19721
19860
21120
19722
19861
21121
19723
19862
21122
19724
19863
21123
19725
19864
21124
19726
19865
21125
19727
19866
21126
19728
19867
21127
19729
19868
21128
19730
19869
21129
19731
19870
21130
19732
19871
21131
19733
19872
21132
19734
19873
21133
19735
19874
21134
19736
19875
21135
19737
19876
21136
19738
19877
21137
19739
19878
21138
19879
21139
19741
19880
21140
19742
19881
21141
19743
19882
21142
19744
19883
21143
19745
19884
21144
19746
19885
21145
19747
19886
21146
19748
19887
21147
19749
19888
21148
19750
19889
21149
19751
19890
21150
19752
19891
21151
19753
19892
21152
19754
19893
21153
19755
19894
21154
19756
19895
21155
19757
19896
21156
19758
19897
21157
19759
19898
21158
19760
19899
21159
19761
19900
21160
19762
19901
21161
19763
19902
21162
19764
19903
21163
19765
19904
21164
19766
19905
21165
19767
19906
21166
19768
19907
21167
19769
19908
21168
19770
19909
21169
19771
19910
21170
19772
19911
21171
19773
19912
21172
19774
19913
21173
19775
19914
21174
19776
19915
21175
19777
19916
21176
19778
19917
21177
19779
19918
21178
19780
19919
21179
19781
19920
21180
19782
19921
21181
19783
19922
21182
19784
19923
21183
19785
19924
21184
19786
19925
21185
19787
19926
21186
19788
19927
21187
19789
19928
21188
19790
19929
21189
19791
19930
21190
19792
19931
21191
19793
19932
21192
19794
19933
21193
19795
19934
21194
19796
19935
21195
19797
19936
21196
19798
19937
21197
19799
19938
21198
19800
19939
21199
19801
19940
21200
19802
19941
21201
19803
19942
21202
19804
19943
21203
19805
19944
21204
19806
19945
21205
19807
19946
21206
19808
19947
21207
19809
19948
21208
19810
19949
21209
19811
19950
21210
19812
19951
21211
19813
19952
21212
19814
19953
21213
19815
19954
21214
19816
19955
21215
19817
19956
21216
19818
19957
21217
19819
19958
21218
19820
19959
21219
19821
19960
21220
19822
19961
21221
19823
19962
21222
19824
19963
21223
19825
19964
21224
19826
19965
21225
19827
19966
21226
19828
19967
21227
19829
19968
21228
19830
19969
21229
19831
19970
21230
19832
19971
21231
19833
19972
21232
19834
19973
21233
19835
19974
21234
19836
19975
21235
19837
19976
21236
19838
19977
21237
19839
19978
21238
19840
19979
21239
19841
19980
21240
19842
19981
21241
19843
19982
21242
19844
19983
21243
19845
19984
21244
19846
19985
21245
19847
19986
21246
19848
19987
21247
19849
19988
21248
19850
19989
21249
19851
19990
21250
19852
19991
21251
19853
19992
21252
19854
19993
21253
19855
19994
21254
19856
19995
21255
19857
19996
21256
19858
19997
21257
19859
19998
21258
19860
19999
21259
19861
20000
21260
19862
20001
21261
19863
20002
21262
19864
20003
21263
19865
20004
21264
19866
20005
21265
19867
20006
21266
19868
20007
21267
19869
20008
21268
19870
20009
21269
19871
20010
21270
19872
20011
21271
19873
20012
21272
19874
20013
21273
19875
20014
21274
19876
20015
21275
19877
20016
21276
19878
20017
21277
19879
20018
21278
20019
21279
19881
20020
21280
19882
20021
21281
19883
20022
21282
19884
20023
21283
19885
20024
21284
19886
20025
21285
19887
20026
21286
19888
20027
21287
19889
20028
21288
19890
20029
21289
19891
20030
21290
19892
20031
21291
19893
20032
21292
19894
20033
21293
19895
20034
21294
19896
20035
21295
19897
20036
21296
19898
20037
21297
19899
20038
21298
19900
20039
21299
19901
20040
21300
19902
20041
21301
19903
20042
21302
19904
20043
21303
19905
20044
21304
19906
20045
21305
19907
20046
21306
19908
20047
21307
19909
20048
21308
19910
20049
21309
19911
20050
21310
19912
20051
21311
19913
20052
21312
19914
20053
21313
19915
20054
21314
19916
20055
21315
19917
20056
21316
19918
20057
21317
19919
20058
21318
19920
20059
21319
19921
20060
21320
19922
20061
21321
19923
20062
21322
19924
20063
21323
19925
20064
21324
19926
20065
21325
19927
20066
21326
19928
20067
21327
19929
20068
21328
19930
20069
21329
19931
20070
21330
19932
20071
21331
19933
20072
21332
19934
20073
21333
19935
20074
21334
19936
20075
21335
19937
20076
21336
19938
20077
21337
19939
20078
21338
19940
20079
21339
19941
20080
21340
19942
20081
21341
19943
20082
21342
19944
20083
21343
19945
20084
21344
19946
20085
21345
19947
20086
21346
19948
20087
21347
19949
20088
21348
19950
20089
21349
19951
20090
21350
19952
20091
21351
19953
20092
21352
19954
20093
21353
19955
20094
21354
19956
20095
21355
19957
20096
21356
19958
20097
21357
19959
20098
21358
19960
20099
21359
19961
20100
21360
19962
20101
21361
19963
20102
21362
19964
20103
21363
19965
20104
21364
19966
20105
21365
19967
20106
21366
19968
20107
21367
19969
20108
21368
19970
20109
21369
19971
20110
21370
19972
20111
21371
19973
20112
21372
19974
20113
21373
19975
20114
21374
19976
20115
21375
19977
20116
21376
19978
20117
21377
19979
20118
21378
19980
20119
21379
19981
20120
21380
19982
20121
21381
19983
20122
21382
19984
20123
21383
19985
20124
21384
19986
20125
21385
19987
20126
21386
19988
20127
21387
19989
20128
21388
19990
20129
21389
19991
20130
21390
19992
20131
21391
19993
20132
21392
19994
20133
21393
19995
20134
21394
19996
20135
21395
19997
20136
21396
19998
20137
21397
19999
20138
21398
20000
20139
21399
20001
20140
21400
20002
20141
21401
20003
20142
21402
20004
20143
21403
20005
20144
21404
20006
20145
21405
20007
20146
21406
20008
20147
21407
20009
20148
21408
20010
20149
21409
20011
20150
21410
20012
20151
21411
20013
20152
21412
20014
20153
21413
20015
20154
21414
20016
20155
21415
20017
20156
21416
20018
20157
21417
20019
20158
21418
20159
21419
20021
20160
21420
20022
20161
21421
20023
20162
21422
20024
20163
21423
20025
20164
21424
20026
20165
21425
20027
20166
21426
20028
20167
21427
20029
20168
21428
20030
20169
21429
20031
20170
21430
20032
20171
21431
20033
20172
21432
20034
20173
21433
20035
20174
21434
20036
20175
21435
20037
20176
21436
20038
20177
21437
20039
20178
21438
20040
20179
21439
20041
20180
21440
20042
20181
21441
20043
20182
21442
20044
20183
21443
20045
20184
21444
20046
20185
21445
20047
20186
21446
20048
20187
21447
20049
20188
21448
20050
20189
21449
20051
20190
21450
20052
20191
21451
20053
20192
21452
20054
20193
21453
20055
20194
21454
20056
20195
21455
20057
20196
21456
20058
20197
21457
20059
20198
21458
20060
20199
21459
20061
20200
21460
20062
20201
21461
20063
20202
21462
20064
20203
21463
20065
20204
21464
20066
20205
21465
20067
20206
21466
20068
20207
21467
20069
20208
21468
20070
20209
21469
20071
20210
21470
20072
20211
21471
20073
20212
21472
20074
20213
21473
20075
20214
21474
20076
20215
21475
20077
20216
21476
20078
20217
21477
20079
20218
21478
20080
20219
21479
20081
20220
21480
20082
20221
21481
20083
20222
21482
20084
20223
21483
20085
20224
21484
20086
20225
21485
20087
20226
21486
20088
20227
21487
20089
20228
21488
20090
20229
21489
20091
20230
21490
20092
20231
21491
20093
20232
21492
20094
20233
21493
20095
20234
21494
20096
20235
21495
20097
20236
21496
20098
20237
21497
20099
20238
21498
20100
20239
21499
20101
20240
21500
20102
20241
21501
20103
20242
21502
20104
20243
21503
20105
20244
21504
20106
20245
21505
20107
20246
21506
20108
20247
21507
20109
20248
21508
20110
20249
21509
20111
20250
21510
20112
20251
21511
20113
20252
21512
20114
20253
21513
20115
20254
21514
20116
20255
21515
20117
20256
21516
20118
20257
21517
20119
20258
21518
20120
20259
21519
20121
20260
21520
20122
20261
21521
20123
20262
21522
20124
20263
21523
20125
20264
21524
20126
20265
21525
20127
20266
21526
20128
20267
21527
20129
20268
21528
20130
20269
21529
20131
20270
21530
20132
20271
21531
20133
20272
21532
20134
20273
21533
20135
20274
21534
20136
20275
21535
20137
20276
21536
20138
20277
21537
20139
20278
21538
20140
20279
21539
20141
20280
21540
20142
20281
21541
20143
20282
21542
20144
20283
21543
20145
20284
21544
20146
20285
21545
20147
20286
21546
20148
20287
21547
20149
20288
21548
20150
20289
21549
20151
20290
21550
20152
20291
21551
20153
20292
21552
20154
20293
21553
20155
20294
21554
20156
20295
21555
20157
20296
21556
20158
20297
21557
20159
20298
21558
20299
21559
20161
20300
21560
20162
20301
21561
20163
20302
21562
20164
20303
21563
20165
20304
21564
20166
20305
21565
20167
20306
21566
20168
20307
21567
20169
20308
21568
20170
20309
21569
20171
20310
21570
20172
20311
21571
20173
20312
21572
20174
20313
21573
20175
20314
21574
20176
20315
21575
20177
20316
21576
20178
20317
21577
20179
20318
21578
20180
20319
21579
20181
20320
21580
20182
20321
21581
20183
20322
21582
20184
20323
21583
20185
20324
21584
20186
20325
21585
20187
20326
21586
20188
20327
21587
20189
20328
21588
20190
20329
21589
20191
20330
21590
20192
20331
21591
20193
20332
21592
20194
20333
21593
20195
20334
21594
20196
20335
21595
20197
20336
21596
20198
20337
21597
20199
20338
21598
20200
20339
21599
20201
20340
21600
20202
20341
21601
20203
20342
21602
20204
20343
21603
20205
20344
21604
20206
20345
21605
20207
20346
21606
20208
20347
21607
20209
20348
21608
20210
20349
21609
20211
20350
21610
20212
20351
21611
20213
20352
21612
20214
20353
21613
20215
20354
21614
20216
20355
21615
20217
20356
21616
20218
20357
21617
20219
20358
21618
20220
20359
21619
20221
20360
21620
20222
20361
21621
20223
20362
21622
20224
20363
21623
20225
20364
21624
20226
20365
21625
20227
20366
21626
20228
20367
21627
20229
20368
21628
20230
20369
21629
20231
20370
21630
20232
20371
21631
20233
20372
21632
20234
20373
21633
20235
20374
21634
20236
20375
21635
20237
20376
21636
20238
20377
21637
20239
20378
21638
20240
20379
21639
20241
20380
21640
20242
20381
21641
20243
20382
21642
20244
20383
21643
20245
20384
21644
20246
20385
21645
20247
20386
21646
20248
20387
21647
20249
20388
21648
20250
20389
21649
20251
20390
21650
20252
20391
21651
20253
20392
21652
20254
20393
21653
20255
20394
21654
20256
20395
21655
20257
20396
21656
20258
20397
21657
20259
20398
21658
20260
20399
21659
20261
20400
21660
20262
20401
21661
20263
20402
21662
20264
20403
21663
20265
20404
21664
20266
20405
21665
20267
20406
21666
20268
20407
21667
20269
20408
21668
20270
20409
21669
20271
20410
21670
20272
20411
21671
20273
20412
21672
20274
20413
21673
20275
20414
21674
20276
20415
21675
20277
20416
21676
20278
20417
21677
20279
20418
21678
20280
20419
21679
20281
20420
21680
20282
20421
21681
20283
20422
21682
20284
20423
21683
20285
20424
21684
20286
20425
21685
20287
20426
21686
20288
20427
21687
20289
20428
21688
20290
20429
21689
20291
20430
21690
20292
20431
21691
20293
20432
21692
20294
20433
21693
20295
20434
21694
20296
20435
21695
20297
20436
21696
20298
20437
21697
20299
20438
21698
20439
21699
20301
20440
21700
20302
20441
21701
20303
20442
21702
20304
20443
21703
20305
20444
21704
20306
20445
21705
20307
20446
21706
20308
20447
21707
20309
20448
21708
20310
20449
21709
20311
20450
21710
20312
20451
21711
20313
20452
21712
20314
20453
21713
20315
20454
21714
20316
20455
21715
20317
20456
21716
20318
20457
21717
20319
20458
21718
20320
20459
21719
20321
20460
21720
20322
20461
21721
20323
20462
21722
20324
20463
21723
20325
20464
21724
20326
20465
21725
20327
20466
21726
20328
20467
21727
20329
20468
21728
20330
20469
21729
20331
20470
21730
20332
20471
21731
20333
20472
21732
20334
20473
21733
20335
20474
21734
20336
20475
21735
20337
20476
21736
20338
20477
21737
20339
20478
21738
20340
20479
21739
20341
20480
21740
20342
20481
21741
20343
20482
21742
20344
20483
21743
20345
20484
21744
20346
20485
21745
20347
20486
21746
20348
20487
21747
20349
20488
21748
20350
20489
21749
20351
20490
21750
20352
20491
21751
20353
20492
21752
20354
20493
21753
20355
20494
21754
20356
20495
21755
20357
20496
21756
20358
20497
21757
20359
20498
21758
20360
20499
21759
20361
20500
21760
20362
20501
21761
20363
20502
21762
20364
20503
21763
20365
20504
21764
20366
20505
21765
20367
20506
21766
20368
20507
21767
20369
20508
21768
20370
20509
21769
20371
20510
21770
20372
20511
21771
20373
20512
21772
20374
20513
21773
20375
20514
21774
20376
20515
21775
20377
20516
21776
20378
20517
21777
20379
20518
21778
20380
20519
21779
20381
20520
21780
20382
20521
21781
20383
20522
21782
20384
20523
21783
20385
20524
21784
20386
20525
21785
20387
20526
21786
20388
20527
21787
20389
20528
21788
20390
20529
21789
20391
20530
21790
20392
20531
21791
20393
20532
21792
20394
20533
21793
20395
20534
21794
20396
20535
21795
20397
20536
21796
20398
20537
21797
20399
20538
21798
20400
20539
21799
20401
20540
21800
20402
20541
21801
20403
20542
21802
20404
20543
21803
20405
20544
21804
20406
20545
21805
20407
20546
21806
20408
20547
21807
20409
20548
21808
20410
20549
21809
20411
20550
21810
20412
20551
21811
20413
20552
21812
20414
20553
21813
20415
20554
21814
20416
20555
21815
20417
20556
21816
20418
20557
21817
20419
20558
21818
20420
20559
21819
20421
20560
21820
20422
20561
21821
20423
20562
21822
20424
20563
21823
20425
20564
21824
20426
20565
21825
20427
20566
21826
20428
20567
21827
20429
20568
21828
20430
20569
21829
20431
20570
21830
20432
20571
21831
20433
20572
21832
20434
20573
21833
20435
20574
21834
20436
20575
21835
20437
20576
21836
20438
20577
21837
20439
20578
21838
20579
21839
20441
20580
21840
20442
20581
21841
20443
20582
21842
20444
20583
21843
20445
20584
21844
20446
20585
21845
20447
20586
21846
20448
20587
21847
20449
20588
21848
20450
20589
21849
20451
20590
21850
20452
20591
21851
20453
20592
21852
20454
20593
21853
20455
20594
21854
20456
20595
21855
20457
20596
21856
20458
20597
21857
20459
20598
21858
20460
20599
21859
20461
20600
21860
20462
20601
21861
20463
20602
21862
20464
20603
21863
20465
20604
21864
20466
20605
21865
20467
20606
21866
20468
20607
21867
20469
20608
21868
20470
20609
21869
20471
20610
21870
20472
20611
21871
20473
20612
21872
20474
20613
21873
20475
20614
21874
20476
20615
21875
20477
20616
21876
20478
20617
21877
20479
20618
21878
20480
20619
21879
20481
20620
21880
20482
20621
21881
20483
20622
21882
20484
20623
21883
20485
20624
21884
20486
20625
21885
20487
20626
21886
20488
20627
21887
20489
20628
21888
20490
20629
21889
20491
20630
21890
20492
20631
21891
20493
20632
21892
20494
20633
21893
20495
20634
21894
20496
20635
21895
20497
20636
21896
20498
20637
21897
20499
20638
21898
20500
20639
21899
20501
20640
21900
20502
20641
21901
20503
20642
21902
20504
20643
21903
20505
20644
21904
20506
20645
21905
20507
20646
21906
20508
20647
21907
20509
20648
21908
20510
20649
21909
20511
20650
21910
20512
20651
21911
20513
20652
21912
20514
20653
21913
20515
20654
21914
20516
20655
21915
20517
20656
21916
20518
20657
21917
20519
20658
21918
20520
20659
21919
20521
20660
21920
20522
20661
21921
20523
20662
21922
20524
20663
21923
20525
20664
21924
20526
20665
21925
20527
20666
21926
20528
20667
21927
20529
20668
21928
20530
20669
21929
20531
20670
21930
20532
20671
21931
20533
20672
21932
20534
20673
21933
20535
20674
21934
20536
20675
21935
20537
20676
21936
20538
20677
21937
20539
20678
21938
20540
20679
21939
20541
20680
21940
20542
20681
21941
20543
20682
21942
20544
20683
21943
20545
20684
21944
20546
20685
21945
20547
20686
21946
20548
20687
21947
20549
20688
21948
20550
20689
21949
20551
20690
21950
20552
20691
21951
20553
20692
21952
20554
20693
21953
20555
20694
21954
20556
20695
21955
20557
20696
21956
20558
20697
21957
20559
20698
21958
20560
20699
21959
20561
20700
21960
20562
20701
21961
20563
20702
21962
20564
20703
21963
20565
20704
21964
20566
20705
21965
20567
20706
21966
20568
20707
21967
20569
20708
21968
20570
20709
21969
20571
20710
21970
20572
20711
21971
20573
20712
21972
20574
20713
21973
20575
20714
21974
20576
20715
21975
20577
20716
21976
20578
20717
21977
20579
20718
21978
20719
21979
20581
20720
21980
20582
20721
21981
20583
20722
21982
20584
20723
21983
20585
20724
21984
20586
20725
21985
20587
20726
21986
20588
20727
21987
20589
20728
21988
20590
20729
21989
20591
20730
21990
20592
20731
21991
20593
20732
21992
20594
20733
21993
20595
20734
21994
20596
20735
21995
20597
20736
21996
20598
20737
21997
20599
20738
21998
20600
20739
21999
20601
20740
22000
20602
20741
22001
20603
20742
22002
20604
20743
22003
20605
20744
22004
20606
20745
22005
20607
20746
22006
20608
20747
22007
20609
20748
22008
20610
20749
22009
20611
20750
22010
20612
20751
22011
20613
20752
22012
20614
20753
22013
20615
20754
22014
20616
20755
22015
20617
20756
22016
20618
20757
22017
20619
20758
22018
20620
20759
22019
20621
20760
22020
20622
20761
22021
20623
20762
22022
20624
20763
22023
20625
20764
22024
20626
20765
22025
20627
20766
22026
20628
20767
22027
20629
20768
22028
20630
20769
22029
20631
20770
22030
20632
20771
22031
20633
20772
22032
20634
20773
22033
20635
20774
22034
20636
20775
22035
20637
20776
22036
20638
20777
22037
20639
20778
22038
20640
20779
22039
20641
20780
22040
20642
20781
22041
20643
20782
22042
20644
20783
22043
20645
20784
22044
20646
20785
22045
20647
20786
22046
20648
20787
22047
20649
20788
22048
20650
20789
22049
20651
20790
22050
20652
20791
22051
20653
20792
22052
20654
20793
22053
20655
20794
22054
20656
20795
22055
20657
20796
22056
20658
20797
22057
20659
20798
22058
20660
20799
22059
20661
20800
22060
20662
20801
22061
20663
20802
22062
20664
20803
22063
20665
20804
22064
20666
20805
22065
20667
20806
22066
20668
20807
22067
20669
20808
22068
20670
20809
22069
20671
20810
22070
20672
20811
22071
20673
20812
22072
20674
20813
22073
20675
20814
22074
20676
20815
22075
20677
20816
22076
20678
20817
22077
20679
20818
22078
20680
20819
22079
20681
20820
22080
20682
20821
22081
20683
20822
22082
20684
20823
22083
20685
20824
22084
20686
20825
22085
20687
20826
22086
20688
20827
22087
20689
20828
22088
20690
20829
22089
20691
20830
22090
20692
20831
22091
20693
20832
22092
20694
20833
22093
20695
20834
22094
20696
20835
22095
20697
20836
22096
20698
20837
22097
20699
20838
22098
20700
20839
22099
20701
20840
22100
20702
20841
22101
20703
20842
22102
20704
20843
22103
20705
20844
22104
20706
20845
22105
20707
20846
22106
20708
20847
22107
20709
20848
22108
20710
20849
22109
20711
20850
22110
20712
20851
22111
20713
20852
22112
20714
20853
22113
20715
20854
22114
20716
20855
22115
20717
20856
22116
20718
20857
22117
20719
20858
22118
20859
22119
20721
20860
22120
20722
20861
22121
20723
20862
22122
20724
20863
22123
20725
20864
22124
20726
20865
22125
20727
20866
22126
20728
20867
22127
20729
20868
22128
20730
20869
22129
20731
20870
22130
20732
20871
22131
20733
20872
22132
20734
20873
22133
20735
20874
22134
20736
20875
22135
20737
20876
22136
20738
20877
22137
20739
20878
22138
20740
20879
22139
20741
20880
22140
20742
20881
22141
20743
20882
22142
20744
20883
22143
20745
20884
22144
20746
20885
22145
20747
20886
22146
20748
20887
22147
20749
20888
22148
20750
20889
22149
20751
20890
22150
20752
20891
22151
20753
20892
22152
20754
20893
22153
20755
20894
22154
20756
20895
22155
20757
20896
22156
20758
20897
22157
20759
20898
22158
20760
20899
22159
20761
20900
22160
20762
20901
22161
20763
20902
22162
20764
20903
22163
20765
20904
22164
20766
20905
22165
20767
20906
22166
20768
20907
22167
20769
20908
22168
20770
20909
22169
20771
20910
22170
20772
20911
22171
20773
20912
22172
20774
20913
22173
20775
20914
22174
20776
20915
22175
20777
20916
22176
20778
20917
22177
20779
20918
22178
20780
20919
22179
20781
20920
22180
20782
20921
22181
20783
20922
22182
20784
20923
22183
20785
20924
22184
20786
20925
22185
20787
20926
22186
20788
20927
22187
20789
20928
22188
20790
20929
22189
20791
20930
22190
20792
20931
22191
20793
20932
22192
20794
20933
22193
20795
20934
22194
20796
20935
22195
20797
20936
22196
20798
20937
22197
20799
20938
22198
20800
20939
22199
20801
20940
22200
20802
20941
22201
20803
20942
22202
20804
20943
22203
20805
20944
22204
20806
20945
22205
20807
20946
22206
20808
20947
22207
20809
20948
22208
20810
20949
22209
20811
20950
22210
20812
20951
22211
20813
20952
22212
20814
20953
22213
20815
20954
22214
20816
20955
22215
20817
20956
22216
20818
20957
22217
20819
20958
22218
20820
20959
22219
20821
20960
22220
20822
20961
22221
20823
20962
22222
20824
20963
22223
20825
20964
22224
20826
20965
22225
20827
20966
22226
20828
20967
22227
20829
20968
22228
20830
20969
22229
20831
20970
22230
20832
20971
22231
20833
20972
22232
20834
20973
22233
20835
20974
22234
20836
20975
22235
20837
20976
22236
20838
20977
22237
20839
20978
22238
20840
20979
22239
20841
20980
22240
20842
20981
22241
20843
20982
22242
20844
20983
22243
20845
20984
22244
20846
20985
22245
20847
20986
22246
20848
20987
22247
20849
20988
22248
20850
20989
22249
20851
20990
22250
20852
20991
22251
20853
20992
22252
20854
20993
22253
20855
20994
22254
20856
20995
22255
20857
20996
22256
20858
20997
22257
20859
20998
22258
20999
22259
20861
22260
20862
22261
20863
22262
20864
22263
20865
22264
20866
22265
20867
22266
20868
22267
20869
22268
20870
22269
20871
22270
20872
22271
20873
22272
20874
22273
20875
22274
20876
22275
20877
22276
20878
22277
20879
22278
20880
22279
20881
22280
20882
22281
20883
22282
20884
22283
20885
22284
20886
22285
20887
22286
20888
22287
20889
22288
20890
22289
20891
22290
20892
22291
20893
22292
20894
22293
20895
22294
20896
22295
20897
22296
20898
22297
20899
22298
20900
22299
20901
22300
20902
22301
20903
22302
20904
22303
20905
22304
20906
22305
20907
22306
20908
22307
20909
22308
20910
22309
20911
22310
20912
22311
20913
22312
20914
22313
20915
22314
20916
22315
20917
22316
20918
22317
20919
22318
20920
22319
20921
22320
20922
22321
20923
22322
20924
22323
20925
22324
20926
22325
20927
22326
20928
22327
20929
22328
20930
22329
20931
22330
20932
22331
20933
22332
20934
22333
20935
22334
20936
22335
20937
22336
20938
22337
20939
22338
20940
22339
20941
22340
20942
22341
20943
22342
20944
22343
20945
22344
20946
22345
20947
22346
20948
22347
20949
22348
20950
22349
20951
22350
20952
22351
20953
22352
20954
22353
20955
22354
20956
22355
20957
22356
20958
22357
20959
22358
20960
22359
20961
22360
20962
22361
20963
22362
20964
22363
20965
22364
20966
22365
20967
22366
20968
22367
20969
22368
20970
22369
20971
22370
20972
22371
20973
22372
20974
22373
20975
22374
20976
22375
20977
22376
20978
22377
20979
22378
20980
22379
20981
22380
20982
22381
20983
22382
20984
22383
20985
22384
20986
22385
20987
22386
20988
22387
20989
22388
20990
22389
20991
22390
20992
22391
20993
22392
20994
22393
20995
22394
20996
22395
20997
22396
20998
22397
20999
22398
22399
21001
21140
22400
21002
21141
22401
21003
21142
22402
21004
21143
22403
21005
21144
22404
21006
21145
22405
21007
21146
22406
21008
21147
22407
21009
21148
22408
21010
21149
22409
21011
21150
22410
21012
21151
22411
21013
21152
22412
21014
21153
22413
21015
21154
22414
21016
21155
22415
21017
21156
22416
21018
21157
22417
21019
21158
22418
21020
21159
22419
21021
21160
22420
21022
21161
22421
21023
21162
22422
21024
21163
22423
21025
21164
22424
21026
21165
22425
21027
21166
22426
21028
21167
22427
21029
21168
22428
21030
21169
22429
21031
21170
22430
21032
21171
22431
21033
21172
22432
21034
21173
22433
21035
21174
22434
21036
21175
22435
21037
21176
22436
21038
21177
22437
21039
21178
22438
21040
21179
22439
21041
21180
22440
21042
21181
22441
21043
21182
22442
21044
21183
22443
21045
21184
22444
21046
21185
22445
21047
21186
22446
21048
21187
22447
21049
21188
22448
21050
21189
22449
21051
21190
22450
21052
21191
22451
21053
21192
22452
21054
21193
22453
21055
21194
22454
21056
21195
22455
21057
21196
22456
21058
21197
22457
21059
21198
22458
21060
21199
22459
21061
21200
22460
21062
21201
22461
21063
21202
22462
21064
21203
22463
21065
21204
22464
21066
21205
22465
21067
21206
22466
21068
21207
22467
21069
21208
22468
21070
21209
22469
21071
21210
22470
21072
21211
22471
21073
21212
22472
21074
21213
22473
21075
21214
22474
21076
21215
22475
21077
21216
22476
21078
21217
22477
21079
21218
22478
21080
21219
22479
21081
21220
22480
21082
21221
22481
21083
21222
22482
21084
21223
22483
21085
21224
22484
21086
21225
22485
21087
21226
22486
21088
21227
22487
21089
21228
22488
21090
21229
22489
21091
21230
22490
21092
21231
22491
21093
21232
22492
21094
21233
22493
21095
21234
22494
21096
21235
22495
21097
21236
22496
21098
21237
22497
21099
21238
22498
21100
21239
22499
21101
21240
22500
21102
21241
22501
21103
21242
22502
21104
21243
22503
21105
21244
22504
21106
21245
22505
21107
21246
22506
21108
21247
22507
21109
21248
22508
21110
21249
22509
21111
21250
22510
21112
21251
22511
21113
21252
22512
21114
21253
22513
21115
21254
22514
21116
21255
22515
21117
21256
22516
21118
21257
22517
21119
21258
22518
21120
21259
22519
21121
21260
22520
21122
21261
22521
21123
21262
22522
21124
21263
22523
21125
21264
22524
21126
21265
22525
21127
21266
22526
21128
21267
22527
21129
21268
22528
21130
21269
22529
21131
21270
22530
21132
21271
22531
21133
21272
22532
21134
21273
22533
21135
21274
22534
21136
21275
22535
21137
21276
22536
21138
21277
22537
21139
21278
22538
21279
22539
21141
21280
22540
21142
21281
22541
21143
21282
22542
21144
21283
22543
21145
21284
22544
21146
21285
22545
21147
21286
22546
21148
21287
22547
21149
21288
22548
21150
21289
22549
21151
21290
22550
21152
21291
22551
21153
21292
22552
21154
21293
22553
21155
21294
22554
21156
21295
22555
21157
21296
22556
21158
21297
22557
21159
21298
22558
21160
21299
22559
21161
21300
22560
21162
21301
22561
21163
21302
22562
21164
21303
22563
21165
21304
22564
21166
21305
22565
21167
21306
22566
21168
21307
22567
21169
21308
22568
21170
21309
22569
21171
21310
22570
21172
21311
22571
21173
21312
22572
21174
21313
22573
21175
21314
22574
21176
21315
22575
21177
21316
22576
21178
21317
22577
21179
21318
22578
21180
21319
22579
21181
21320
22580
21182
21321
22581
21183
21322
22582
21184
21323
22583
21185
21324
22584
21186
21325
22585
21187
21326
22586
21188
21327
22587
21189
21328
22588
21190
21329
22589
21191
21330
22590
21192
21331
22591
21193
21332
22592
21194
21333
22593
21195
21334
22594
21196
21335
22595
21197
21336
22596
21198
21337
22597
21199
21338
22598
21200
21339
22599
21201
21340
22600
21202
21341
22601
21203
21342
22602
21204
21343
22603
21205
21344
22604
21206
21345
22605
21207
21346
22606
21208
21347
22607
21209
21348
22608
21210
21349
22609
21211
21350
22610
21212
21351
22611
21213
21352
22612
21214
21353
22613
21215
21354
22614
21216
21355
22615
21217
21356
22616
21218
21357
22617
21219
21358
22618
21220
21359
22619
21221
21360
22620
21222
21361
22621
21223
21362
22622
21224
21363
22623
21225
21364
22624
21226
21365
22625
21227
21366
22626
21228
21367
22627
21229
21368
22628
21230
21369
22629
21231
21370
22630
21232
21371
22631
21233
21372
22632
21234
21373
22633
21235
21374
22634
21236
21375
22635
21237
21376
22636
21238
21377
22637
21239
21378
22638
21240
21379
22639
21241
21380
22640
21242
21381
22641
21243
21382
22642
21244
21383
22643
21245
21384
22644
21246
21385
22645
21247
21386
22646
21248
21387
22647
21249
21388
22648
21250
21389
22649
21251
21390
22650
21252
21391
22651
21253
21392
22652
21254
21393
22653
21255
21394
22654
21256
21395
22655
21257
21396
22656
21258
21397
22657
21259
21398
22658
21260
21399
22659
21261
21400
22660
21262
21401
22661
21263
21402
22662
21264
21403
22663
21265
21404
22664
21266
21405
22665
21267
21406
22666
21268
21407
22667
21269
21408
22668
21270
21409
22669
21271
21410
22670
21272
21411
22671
21273
21412
22672
21274
21413
22673
21275
21414
22674
21276
21415
22675
21277
21416
22676
21278
21417
22677
21279
21418
22678
21419
22679
21281
21420
22680
21282
21421
22681
21283
21422
22682
21284
21423
22683
21285
21424
22684
21286
21425
22685
21287
21426
22686
21288
21427
22687
21289
21428
22688
21290
21429
22689
21291
21430
22690
21292
21431
22691
21293
21432
22692
21294
21433
22693
21295
21434
22694
21296
21435
22695
21297
21436
22696
21298
21437
22697
21299
21438
22698
21300
21439
22699
21301
21440
22700
21302
21441
22701
21303
21442
22702
21304
21443
22703
21305
21444
22704
21306
21445
22705
21307
21446
22706
21308
21447
22707
21309
21448
22708
21310
21449
22709
21311
21450
22710
21312
21451
22711
21313
21452
22712
21314
21453
22713
21315
21454
22714
21316
21455
22715
21317
21456
22716
21318
21457
22717
21319
21458
22718
21320
21459
22719
21321
21460
22720
21322
21461
22721
21323
21462
22722
21324
21463
22723
21325
21464
22724
21326
21465
22725
21327
21466
22726
21328
21467
22727
21329
21468
22728
21330
21469
22729
21331
21470
22730
21332
21471
22731
21333
21472
22732
21334
21473
22733
21335
21474
22734
21336
21475
22735
21337
21476
22736
21338
21477
22737
21339
21478
22738
21340
21479
22739
21341
21480
22740
21342
21481
22741
21343
21482
22742
21344
21483
22743
21345
21484
22744
21346
21485
22745
21347
21486
22746
21348
21487
22747
21349
21488
22748
21350
21489
22749
21351
21490
22750
21352
21491
22751
21353
21492
22752
21354
21493
22753
21355
21494
22754
21356
21495
22755
21357
21496
22756
21358
21497
22757
21359
21498
22758
21360
21499
22759
21361
21500
22760
21362
21501
22761
21363
21502
22762
21364
21503
22763
21365
21504
22764
21366
21505
22765
21367
21506
22766
21368
21507
22767
21369
21508
22768
21370
21509
22769
21371
21510
22770
21372
21511
22771
21373
21512
22772
21374
21513
22773
21375
21514
22774
21376
21515
22775
21377
21516
22776
21378
21517
22777
21379
21518
22778
21380
21519
22779
21381
21520
22780
21382
21521
22781
21383
21522
22782
21384
21523
22783
21385
21524
22784
21386
21525
22785
21387
21526
22786
21388
21527
22787
21389
21528
22788
21390
21529
22789
21391
21530
22790
21392
21531
22791
21393
21532
22792
21394
21533
22793
21395
21534
22794
21396
21535
22795
21397
21536
22796
21398
21537
22797
21399
21538
22798
21400
21539
22799
21401
21540
22800
21402
21541
22801
21403
21542
22802
21404
21543
22803
21405
21544
22804
21406
21545
22805
21407
21546
22806
21408
21547
22807
21409
21548
22808
21410
21549
22809
21411
21550
22810
21412
21551
22811
21413
21552
22812
21414
21553
22813
21415
21554
22814
21416
21555
22815
21417
21556
22816
21418
21557
22817
21419
21558
22818
21559
22819
21421
21560
22820
21422
21561
22821
21423
21562
22822
21424
21563
22823
21425
21564
22824
21426
21565
22825
21427
21566
22826
21428
21567
22827
21429
21568
22828
21430
21569
22829
21431
21570
22830
21432
21571
22831
21433
21572
22832
21434
21573
22833
21435
21574
22834
21436
21575
22835
21437
21576
22836
21438
21577
22837
21439
21578
22838
21440
21579
22839
21441
21580
22840
21442
21581
22841
21443
21582
22842
21444
21583
22843
21445
21584
22844
21446
21585
22845
21447
21586
22846
21448
21587
22847
21449
21588
22848
21450
21589
22849
21451
21590
22850
21452
21591
22851
21453
21592
22852
21454
21593
22853
21455
21594
22854
21456
21595
22855
21457
21596
22856
21458
21597
22857
21459
21598
22858
21460
21599
22859
21461
21600
22860
21462
21601
22861
21463
21602
22862
21464
21603
22863
21465
21604
22864
21466
21605
22865
21467
21606
22866
21468
21607
22867
21469
21608
22868
21470
21609
22869
21471
21610
22870
21472
21611
22871
21473
21612
22872
21474
21613
22873
21475
21614
22874
21476
21615
22875
21477
21616
22876
21478
21617
22877
21479
21618
22878
21480
21619
22879
21481
21620
22880
21482
21621
22881
21483
21622
22882
21484
21623
22883
21485
21624
22884
21486
21625
22885
21487
21626
22886
21488
21627
22887
21489
21628
22888
21490
21629
22889
21491
21630
22890
21492
21631
22891
21493
21632
22892
21494
21633
22893
21495
21634
22894
21496
21635
22895
21497
21636
22896
21498
21637
22897
21499
21638
22898
21500
21639
22899
21501
21640
22900
21502
21641
22901
21503
21642
22902
21504
21643
22903
21505
21644
22904
21506
21645
22905
21507
21646
22906
21508
21647
22907
21509
21648
22908
21510
21649
22909
21511
21650
22910
21512
21651
22911
21513
21652
22912
21514
21653
22913
21515
21654
22914
21516
21655
22915
21517
21656
22916
21518
21657
22917
21519
21658
22918
21520
21659
22919
21521
21660
22920
21522
21661
22921
21523
21662
22922
21524
21663
22923
21525
21664
22924
21526
21665
22925
21527
21666
22926
21528
21667
22927
21529
21668
22928
21530
21669
22929
21531
21670
22930
21532
21671
22931
21533
21672
22932
21534
21673
22933
21535
21674
22934
21536
21675
22935
21537
21676
22936
21538
21677
22937
21539
21678
22938
21540
21679
22939
21541
21680
22940
21542
21681
22941
21543
21682
22942
21544
21683
22943
21545
21684
22944
21546
21685
22945
21547
21686
22946
21548
21687
22947
21549
21688
22948
21550
21689
22949
21551
21690
22950
21552
21691
22951
21553
21692
22952
21554
21693
22953
21555
21694
22954
21556
21695
22955
21557
21696
22956
21558
21697
22957
21559
21698
22958
21699
22959
21561
21700
22960
21562
21701
22961
21563
21702
22962
21564
21703
22963
21565
21704
22964
21566
21705
22965
21567
21706
22966
21568
21707
22967
21569
21708
22968
21570
21709
22969
21571
21710
22970
21572
21711
22971
21573
21712
22972
21574
21713
22973
21575
21714
22974
21576
21715
22975
21577
21716
22976
21578
21717
22977
21579
21718
22978
21580
21719
22979
21581
21720
22980
21582
21721
22981
21583
21722
22982
21584
21723
22983
21585
21724
22984
21586
21725
22985
21587
21726
22986
21588
21727
22987
21589
21728
22988
21590
21729
22989
21591
21730
22990
21592
21731
22991
21593
21732
22992
21594
21733
22993
21595
21734
22994
21596
21735
22995
21597
21736
22996
21598
21737
22997
21599
21738
22998
21600
21739
22999
21601
21740
23000
21602
21741
23001
21603
21742
23002
21604
21743
23003
21605
21744
23004
21606
21745
23005
21607
21746
23006
21608
21747
23007
21609
21748
23008
21610
21749
23009
21611
21750
23010
21612
21751
23011
21613
21752
23012
21614
21753
23013
21615
21754
23014
21616
21755
23015
21617
21756
23016
21618
21757
23017
21619
21758
23018
21620
21759
23019
21621
21760
23020
21622
21761
23021
21623
21762
23022
21624
21763
23023
21625
21764
23024
21626
21765
23025
21627
21766
23026
21628
21767
23027
21629
21768
23028
21630
21769
23029
21631
21770
23030
21632
21771
23031
21633
21772
23032
21634
21773
23033
21635
21774
23034
21636
21775
23035
21637
21776
23036
21638
21777
23037
21639
21778
23038
21640
21779
23039
21641
21780
23040
21642
21781
23041
21643
21782
23042
21644
21783
23043
21645
21784
23044
21646
21785
23045
21647
21786
23046
21648
21787
23047
21649
21788
23048
21650
21789
23049
21651
21790
23050
21652
21791
23051
21653
21792
23052
21654
21793
23053
21655
21794
23054
21656
21795
23055
21657
21796
23056
21658
21797
23057
21659
21798
23058
21660
21799
23059
21661
21800
23060
21662
21801
23061
21663
21802
23062
21664
21803
23063
21665
21804
23064
21666
21805
23065
21667
21806
23066
21668
21807
23067
21669
21808
23068
21670
21809
23069
21671
21810
23070
21672
21811
23071
21673
21812
23072
21674
21813
23073
21675
21814
23074
21676
21815
23075
21677
21816
23076
21678
21817
23077
21679
21818
23078
21680
21819
23079
21681
21820
23080
21682
21821
23081
21683
21822
23082
21684
21823
23083
21685
21824
23084
21686
21825
23085
21687
21826
23086
21688
21827
23087
21689
21828
23088
21690
21829
23089
21691
21830
23090
21692
21831
23091
21693
21832
23092
21694
21833
23093
21695
21834
23094
21696
21835
23095
21697
21836
23096
21698
21837
23097
21699
21838
23098
21839
23099
21701
21840
23100
21702
21841
23101
21703
21842
23102
21704
21843
23103
21705
21844
23104
21706
21845
23105
21707
21846
23106
21708
21847
23107
21709
21848
23108
21710
21849
23109
21711
21850
23110
21712
21851
23111
21713
21852
23112
21714
21853
23113
21715
21854
23114
21716
21855
23115
21717
21856
23116
21718
21857
23117
21719
21858
23118
21720
21859
23119
21721
21860
23120
21722
21861
23121
21723
21862
23122
21724
21863
23123
21725
21864
23124
21726
21865
23125
21727
21866
23126
21728
21867
23127
21729
21868
23128
21730
21869
23129
21731
21870
23130
21732
21871
23131
21733
21872
23132
21734
21873
23133
21735
21874
23134
21736
21875
23135
21737
21876
23136
21738
21877
23137
21739
21878
23138
21740
21879
23139
21741
21880
23140
21742
21881
23141
21743
21882
23142
21744
21883
23143
21745
21884
23144
21746
21885
23145
21747
21886
23146
21748
21887
23147
21749
21888
23148
21750
21889
23149
21751
21890
23150
21752
21891
23151
21753
21892
23152
21754
21893
23153
21755
21894
23154
21756
21895
23155
21757
21896
23156
21758
21897
23157
21759
21898
23158
21760
21899
23159
21761
21900
23160
21762
21901
23161
21763
21902
23162
21764
21903
23163
21765
21904
23164
21766
21905
23165
21767
21906
23166
21768
21907
23167
21769
21908
23168
21770
21909
23169
21771
21910
23170
21772
21911
23171
21773
21912
23172
21774
21913
23173
21775
21914
23174
21776
21915
23175
21777
21916
23176
21778
21917
23177
21779
21918
23178
21780
21919
23179
21781
21920
23180
21782
21921
23181
21783
21922
23182
21784
21923
23183
21785
21924
23184
21786
21925
23185
21787
21926
23186
21788
21927
23187
21789
21928
23188
21790
21929
23189
21791
21930
23190
21792
21931
23191
21793
21932
23192
21794
21933
23193
21795
21934
23194
21796
21935
23195
21797
21936
23196
21798
21937
23197
21799
21938
23198
21800
21939
23199
21801
21940
23200
21802
21941
23201
21803
21942
23202
21804
21943
23203
21805
21944
23204
21806
21945
23205
21807
21946
23206
21808
21947
23207
21809
21948
23208
21810
21949
23209
21811
21950
23210
21812
21951
23211
21813
21952
23212
21814
21953
23213
21815
21954
23214
21816
21955
23215
21817
21956
23216
21818
21957
23217
21819
21958
23218
21820
21959
23219
21821
21960
23220
21822
21961
23221
21823
21962
23222
21824
21963
23223
21825
21964
23224
21826
21965
23225
21827
21966
23226
21828
21967
23227
21829
21968
23228
21830
21969
23229
21831
21970
23230
21832
21971
23231
21833
21972
23232
21834
21973
23233
21835
21974
23234
21836
21975
23235
21837
21976
23236
21838
21977
23237
21839
21978
23238
21979
23239
21841
21980
23240
21842
21981
23241
21843
21982
23242
21844
21983
23243
21845
21984
23244
21846
21985
23245
21847
21986
23246
21848
21987
23247
21849
21988
23248
21850
21989
23249
21851
21990
23250
21852
21991
23251
21853
21992
23252
21854
21993
23253
21855
21994
23254
21856
21995
23255
21857
21996
23256
21858
21997
23257
21859
21998
23258
21860
21999
23259
21861
22000
23260
21862
22001
23261
21863
22002
23262
21864
22003
23263
21865
22004
23264
21866
22005
23265
21867
22006
23266
21868
22007
23267
21869
22008
23268
21870
22009
23269
21871
22010
23270
21872
22011
23271
21873
22012
23272
21874
22013
23273
21875
22014
23274
21876
22015
23275
21877
22016
23276
21878
22017
23277
21879
22018
23278
21880
22019
23279
21881
22020
23280
21882
22021
23281
21883
22022
23282
21884
22023
23283
21885
22024
23284
21886
22025
23285
21887
22026
23286
21888
22027
23287
21889
22028
23288
21890
22029
23289
21891
22030
23290
21892
22031
23291
21893
22032
23292
21894
22033
23293
21895
22034
23294
21896
22035
23295
21897
22036
23296
21898
22037
23297
21899
22038
23298
21900
22039
23299
21901
22040
23300
21902
22041
23301
21903
22042
23302
21904
22043
23303
21905
22044
23304
21906
22045
23305
21907
22046
23306
21908
22047
23307
21909
22048
23308
21910
22049
23309
21911
22050
23310
21912
22051
23311
21913
22052
23312
21914
22053
23313
21915
22054
23314
21916
22055
23315
21917
22056
23316
21918
22057
23317
21919
22058
23318
21920
22059
23319
21921
22060
23320
21922
22061
23321
21923
22062
23322
21924
22063
23323
21925
22064
23324
21926
22065
23325
21927
22066
23326
21928
22067
23327
21929
22068
23328
21930
22069
23329
21931
22070
23330
21932
22071
23331
21933
22072
23332
21934
22073
23333
21935
22074
23334
21936
22075
23335
21937
22076
23336
21938
22077
23337
21939
22078
23338
21940
22079
23339
21941
22080
23340
21942
22081
23341
21943
22082
23342
21944
22083
23343
21945
22084
23344
21946
22085
23345
21947
22086
23346
21948
22087
23347
21949
22088
23348
21950
22089
23349
21951
22090
23350
21952
22091
23351
21953
22092
23352
21954
22093
23353
21955
22094
23354
21956
22095
23355
21957
22096
23356
21958
22097
23357
21959
22098
23358
21960
22099
23359
21961
22100
23360
21962
22101
23361
21963
22102
23362
21964
22103
23363
21965
22104
23364
21966
22105
23365
21967
22106
23366
21968
22107
23367
21969
22108
23368
21970
22109
23369
21971
22110
23370
21972
22111
23371
21973
22112
23372
21974
22113
23373
21975
22114
23374
21976
22115
23375
21977
22116
23376
21978
22117
23377
21979
22118
23378
22119
23379
21981
22120
23380
21982
22121
23381
21983
22122
23382
21984
22123
23383
21985
22124
23384
21986
22125
23385
21987
22126
23386
21988
22127
23387
21989
22128
23388
21990
22129
23389
21991
22130
23390
21992
22131
23391
21993
22132
23392
21994
22133
23393
21995
22134
23394
21996
22135
23395
21997
22136
23396
21998
22137
23397
21999
22138
23398
22000
22139
23399
22001
22140
23400
22002
22141
23401
22003
22142
23402
22004
22143
23403
22005
22144
23404
22006
22145
23405
22007
22146
23406
22008
22147
23407
22009
22148
23408
22010
22149
23409
22011
22150
23410
22012
22151
23411
22013
22152
23412
22014
22153
23413
22015
22154
23414
22016
22155
23415
22017
22156
23416
22018
22157
23417
22019
22158
23418
22020
22159
23419
22021
22160
23420
22022
22161
23421
22023
22162
23422
22024
22163
23423
22025
22164
23424
22026
22165
23425
22027
22166
23426
22028
22167
23427
22029
22168
23428
22030
22169
23429
22031
22170
23430
22032
22171
23431
22033
22172
23432
22034
22173
23433
22035
22174
23434
22036
22175
23435
22037
22176
23436
22038
22177
23437
22039
22178
23438
22040
22179
23439
22041
22180
23440
22042
22181
23441
22043
22182
23442
22044
22183
23443
22045
22184
23444
22046
22185
23445
22047
22186
23446
22048
22187
23447
22049
22188
23448
22050
22189
23449
22051
22190
23450
22052
22191
23451
22053
22192
23452
22054
22193
23453
22055
22194
23454
22056
22195
23455
22057
22196
23456
22058
22197
23457
22059
22198
23458
22060
22199
23459
22061
22200
23460
22062
22201
23461
22063
22202
23462
22064
22203
23463
22065
22204
23464
22066
22205
23465
22067
22206
23466
22068
22207
23467
22069
22208
23468
22070
22209
23469
22071
22210
23470
22072
22211
23471
22073
22212
23472
22074
22213
23473
22075
22214
23474
22076
22215
23475
22077
22216
23476
22078
22217
23477
22079
22218
23478
22080
22219
23479
22081
22220
23480
22082
22221
23481
22083
22222
23482
22084
22223
23483
22085
22224
23484
22086
22225
23485
22087
22226
23486
22088
22227
23487
22089
22228
23488
22090
22229
23489
22091
22230
23490
22092
22231
23491
22093
22232
23492
22094
22233
23493
22095
22234
23494
22096
22235
23495
22097
22236
23496
22098
22237
23497
22099
22238
23498
22100
22239
23499
22101
22240
23500
22102
22241
23501
22103
22242
23502
22104
22243
23503
22105
22244
23504
22106
22245
23505
22107
22246
23506
22108
22247
23507
22109
22248
23508
22110
22249
23509
22111
22250
23510
22112
22251
23511
22113
22252
23512
22114
22253
23513
22115
22254
23514
22116
22255
23515
22117
22256
23516
22118
22257
23517
22119
22258
23518
22259
23519
22121
22260
23520
22122
22261
23521
22123
22262
23522
22124
22263
23523
22125
22264
23524
22126
22265
23525
22127
22266
23526
22128
22267
23527
22129
22268
23528
22130
22269
23529
22131
22270
23530
22132
22271
23531
22133
22272
23532
22134
22273
23533
22135
22274
23534
22136
22275
23535
22137
22276
23536
22138
22277
23537
22139
22278
23538
22140
22279
23539
22141
22280
23540
22142
22281
23541
22143
22282
23542
22144
22283
23543
22145
22284
23544
22146
22285
23545
22147
22286
23546
22148
22287
23547
22149
22288
23548
22150
22289
23549
22151
22290
23550
22152
22291
23551
22153
22292
23552
22154
22293
23553
22155
22294
23554
22156
22295
23555
22157
22296
23556
22158
22297
23557
22159
22298
23558
22160
22299
23559
22161
22300
23560
22162
22301
23561
22163
22302
23562
22164
22303
23563
22165
22304
23564
22166
22305
23565
22167
22306
23566
22168
22307
23567
22169
22308
23568
22170
22309
23569
22171
22310
23570
22172
22311
23571
22173
22312
23572
22174
22313
23573
22175
22314
23574
22176
22315
23575
22177
22316
23576
22178
22317
23577
22179
22318
23578
22180
22319
23579
22181
22320
23580
22182
22321
23581
22183
22322
23582
22184
22323
23583
22185
22324
23584
22186
22325
23585
22187
22326
23586
22188
22327
23587
22189
22328
23588
22190
22329
23589
22191
22330
23590
22192
22331
23591
22193
22332
23592
22194
22333
23593
22195
22334
23594
22196
22335
23595
22197
22336
23596
22198
22337
23597
22199
22338
23598
22200
22339
23599
22201
22340
23600
22202
22341
23601
22203
22342
23602
22204
22343
23603
22205
22344
23604
22206
22345
23605
22207
22346
23606
22208
22347
23607
22209
22348
23608
22210
22349
23609
22211
22350
23610
22212
22351
23611
22213
22352
23612
22214
22353
23613
22215
22354
23614
22216
22355
23615
22217
22356
23616
22218
22357
23617
22219
22358
23618
22220
22359
23619
22221
22360
23620
22222
22361
23621
22223
22362
23622
22224
22363
23623
22225
22364
23624
22226
22365
23625
22227
22366
23626
22228
22367
23627
22229
22368
23628
22230
22369
23629
22231
22370
23630
22232
22371
23631
22233
22372
23632
22234
22373
23633
22235
22374
23634
22236
22375
23635
22237
22376
23636
22238
22377
23637
22239
22378
23638
22240
22379
23639
22241
22380
23640
22242
22381
23641
22243
22382
23642
22244
22383
23643
22245
22384
23644
22246
22385
23645
22247
22386
23646
22248
22387
23647
22249
22388
23648
22250
22389
23649
22251
22390
23650
22252
22391
23651
22253
22392
23652
22254
22393
23653
22255
22394
23654
22256
22395
23655
22257
22396
23656
22258
22397
23657
22259
22398
23658
22399
23659
22261
23660
22262
23661
22263
23662
22264
23663
22265
23664
22266
23665
22267
23666
22268
23667
22269
23668
22270
23669
22271
23670
22272
23671
22273
23672
22274
23673
22275
23674
22276
23675
22277
23676
22278
23677
22279
23678
22280
23679
22281
23680
22282
23681
22283
23682
22284
23683
22285
23684
22286
23685
22287
23686
22288
23687
22289
23688
22290
23689
22291
23690
22292
23691
22293
23692
22294
23693
22295
23694
22296
23695
22297
23696
22298
23697
22299
23698
22300
23699
22301
23700
22302
23701
22303
23702
22304
23703
22305
23704
22306
23705
22307
23706
22308
23707
22309
23708
22310
23709
22311
23710
22312
23711
22313
23712
22314
23713
22315
23714
22316
23715
22317
23716
22318
23717
22319
23718
22320
23719
22321
23720
22322
23721
22323
23722
22324
23723
22325
23724
22326
23725
22327
23726
22328
23727
22329
23728
22330
23729
22331
23730
22332
23731
22333
23732
22334
23733
22335
23734
22336
23735
22337
23736
22338
23737
22339
23738
22340
23739
22341
23740
22342
23741
22343
23742
22344
23743
22345
23744
22346
23745
22347
23746
22348
23747
22349
23748
22350
23749
22351
23750
22352
23751
22353
23752
22354
23753
22355
23754
22356
23755
22357
23756
22358
23757
22359
23758
22360
23759
22361
23760
22362
23761
22363
23762
22364
23763
22365
23764
22366
23765
22367
23766
22368
23767
22369
23768
22370
23769
22371
23770
22372
23771
22373
23772
22374
23773
22375
23774
22376
23775
22377
23776
22378
23777
22379
23778
22380
23779
22381
23780
22382
23781
22383
23782
22384
23783
22385
23784
22386
23785
22387
23786
22388
23787
22389
23788
22390
23789
22391
23790
22392
23791
22393
23792
22394
23793
22395
23794
22396
23795
22397
23796
22398
23797
22399
23798
23799
22401
22540
23800
22402
22541
23801
22403
22542
23802
22404
22543
23803
22405
22544
23804
22406
22545
23805
22407
22546
23806
22408
22547
23807
22409
22548
23808
22410
22549
23809
22411
22550
23810
22412
22551
23811
22413
22552
23812
22414
22553
23813
22415
22554
23814
22416
22555
23815
22417
22556
23816
22418
22557
23817
22419
22558
23818
22420
22559
23819
22421
22560
23820
22422
22561
23821
22423
22562
23822
22424
22563
23823
22425
22564
23824
22426
22565
23825
22427
22566
23826
22428
22567
23827
22429
22568
23828
22430
22569
23829
22431
22570
23830
22432
22571
23831
22433
22572
23832
22434
22573
23833
22435
22574
23834
22436
22575
23835
22437
22576
23836
22438
22577
23837
22439
22578
23838
22440
22579
23839
22441
22580
23840
22442
22581
23841
22443
22582
23842
22444
22583
23843
22445
22584
23844
22446
22585
23845
22447
22586
23846
22448
22587
23847
22449
22588
23848
22450
22589
23849
22451
22590
23850
22452
22591
23851
22453
22592
23852
22454
22593
23853
22455
22594
23854
22456
22595
23855
22457
22596
23856
22458
22597
23857
22459
22598
23858
22460
22599
23859
22461
22600
23860
22462
22601
23861
22463
22602
23862
22464
22603
23863
22465
22604
23864
22466
22605
23865
22467
22606
23866
22468
22607
23867
22469
22608
23868
22470
22609
23869
22471
22610
23870
22472
22611
23871
22473
22612
23872
22474
22613
23873
22475
22614
23874
22476
22615
23875
22477
22616
23876
22478
22617
23877
22479
22618
23878
22480
22619
23879
22481
22620
23880
22482
22621
23881
22483
22622
23882
22484
22623
23883
22485
22624
23884
22486
22625
23885
22487
22626
23886
22488
22627
23887
22489
22628
23888
22490
22629
23889
22491
22630
23890
22492
22631
23891
22493
22632
23892
22494
22633
23893
22495
22634
23894
22496
22635
23895
22497
22636
23896
22498
22637
23897
22499
22638
23898
22500
22639
23899
22501
22640
23900
22502
22641
23901
22503
22642
23902
22504
22643
23903
22505
22644
23904
22506
22645
23905
22507
22646
23906
22508
22647
23907
22509
22648
23908
22510
22649
23909
22511
22650
23910
22512
22651
23911
22513
22652
23912
22514
22653
23913
22515
22654
23914
22516
22655
23915
22517
22656
23916
22518
22657
23917
22519
22658
23918
22520
22659
23919
22521
22660
23920
22522
22661
23921
22523
22662
23922
22524
22663
23923
22525
22664
23924
22526
22665
23925
22527
22666
23926
22528
22667
23927
22529
22668
23928
22530
22669
23929
22531
22670
23930
22532
22671
23931
22533
22672
23932
22534
22673
23933
22535
22674
23934
22536
22675
23935
22537
22676
23936
22538
22677
23937
22539
22678
23938
22679
23939
22541
22680
23940
22542
22681
23941
22543
22682
23942
22544
22683
23943
22545
22684
23944
22546
22685
23945
22547
22686
23946
22548
22687
23947
22549
22688
23948
22550
22689
23949
22551
22690
23950
22552
22691
23951
22553
22692
23952
22554
22693
23953
22555
22694
23954
22556
22695
23955
22557
22696
23956
22558
22697
23957
22559
22698
23958
22560
22699
23959
22561
22700
23960
22562
22701
23961
22563
22702
23962
22564
22703
23963
22565
22704
23964
22566
22705
23965
22567
22706
23966
22568
22707
23967
22569
22708
23968
22570
22709
23969
22571
22710
23970
22572
22711
23971
22573
22712
23972
22574
22713
23973
22575
22714
23974
22576
22715
23975
22577
22716
23976
22578
22717
23977
22579
22718
23978
22580
22719
23979
22581
22720
23980
22582
22721
23981
22583
22722
23982
22584
22723
23983
22585
22724
23984
22586
22725
23985
22587
22726
23986
22588
22727
23987
22589
22728
23988
22590
22729
23989
22591
22730
23990
22592
22731
23991
22593
22732
23992
22594
22733
23993
22595
22734
23994
22596
22735
23995
22597
22736
23996
22598
22737
23997
22599
22738
23998
22600
22739
23999
22601
22740
24000
22602
22741
24001
22603
22742
24002
22604
22743
24003
22605
22744
24004
22606
22745
24005
22607
22746
24006
22608
22747
24007
22609
22748
24008
22610
22749
24009
22611
22750
24010
22612
22751
24011
22613
22752
24012
22614
22753
24013
22615
22754
24014
22616
22755
24015
22617
22756
24016
22618
22757
24017
22619
22758
24018
22620
22759
24019
22621
22760
24020
22622
22761
24021
22623
22762
24022
22624
22763
24023
22625
22764
24024
22626
22765
24025
22627
22766
24026
22628
22767
24027
22629
22768
24028
22630
22769
24029
22631
22770
24030
22632
22771
24031
22633
22772
24032
22634
22773
24033
22635
22774
24034
22636
22775
24035
22637
22776
24036
22638
22777
24037
22639
22778
24038
22640
22779
24039
22641
22780
24040
22642
22781
24041
22643
22782
24042
22644
22783
24043
22645
22784
24044
22646
22785
24045
22647
22786
24046
22648
22787
24047
22649
22788
24048
22650
22789
24049
22651
22790
24050
22652
22791
24051
22653
22792
24052
22654
22793
24053
22655
22794
24054
22656
22795
24055
22657
22796
24056
22658
22797
24057
22659
22798
24058
22660
22799
24059
22661
22800
24060
22662
22801
24061
22663
22802
24062
22664
22803
24063
22665
22804
24064
22666
22805
24065
22667
22806
24066
22668
22807
24067
22669
22808
24068
22670
22809
24069
22671
22810
24070
22672
22811
24071
22673
22812
24072
22674
22813
24073
22675
22814
24074
22676
22815
24075
22677
22816
24076
22678
22817
24077
22679
22818
24078
22819
24079
22681
22820
24080
22682
22821
24081
22683
22822
24082
22684
22823
24083
22685
22824
24084
22686
22825
24085
22687
22826
24086
22688
22827
24087
22689
22828
24088
22690
22829
24089
22691
22830
24090
22692
22831
24091
22693
22832
24092
22694
22833
24093
22695
22834
24094
22696
22835
24095
22697
22836
24096
22698
22837
24097
22699
22838
24098
22700
22839
24099
22701
22840
24100
22702
22841
24101
22703
22842
24102
22704
22843
24103
22705
22844
24104
22706
22845
24105
22707
22846
24106
22708
22847
24107
22709
22848
24108
22710
22849
24109
22711
22850
24110
22712
22851
24111
22713
22852
24112
22714
22853
24113
22715
22854
24114
22716
22855
24115
22717
22856
24116
22718
22857
24117
22719
22858
24118
22720
22859
24119
22721
22860
24120
22722
22861
24121
22723
22862
24122
22724
22863
24123
22725
22864
24124
22726
22865
24125
22727
22866
24126
22728
22867
24127
22729
22868
24128
22730
22869
24129
22731
22870
24130
22732
22871
24131
22733
22872
24132
22734
22873
24133
22735
22874
24134
22736
22875
24135
22737
22876
24136
22738
22877
24137
22739
22878
24138
22740
22879
24139
22741
22880
24140
22742
22881
24141
22743
22882
24142
22744
22883
24143
22745
22884
24144
22746
22885
24145
22747
22886
24146
22748
22887
24147
22749
22888
24148
22750
22889
24149
22751
22890
24150
22752
22891
24151
22753
22892
24152
22754
22893
24153
22755
22894
24154
22756
22895
24155
22757
22896
24156
22758
22897
24157
22759
22898
24158
22760
22899
24159
22761
22900
24160
22762
22901
24161
22763
22902
24162
22764
22903
24163
22765
22904
24164
22766
22905
24165
22767
22906
24166
22768
22907
24167
22769
22908
24168
22770
22909
24169
22771
22910
24170
22772
22911
24171
22773
22912
24172
22774
22913
24173
22775
22914
24174
22776
22915
24175
22777
22916
24176
22778
22917
24177
22779
22918
24178
22780
22919
24179
22781
22920
24180
22782
22921
24181
22783
22922
24182
22784
22923
24183
22785
22924
24184
22786
22925
24185
22787
22926
24186
22788
22927
24187
22789
22928
24188
22790
22929
24189
22791
22930
24190
22792
22931
24191
22793
22932
24192
22794
22933
24193
22795
22934
24194
22796
22935
24195
22797
22936
24196
22798
22937
24197
22799
22938
24198
22800
22939
24199
22801
22940
24200
22802
22941
24201
22803
22942
24202
22804
22943
24203
22805
22944
24204
22806
22945
24205
22807
22946
24206
22808
22947
24207
22809
22948
24208
22810
22949
24209
22811
22950
24210
22812
22951
24211
22813
22952
24212
22814
22953
24213
22815
22954
24214
22816
22955
24215
22817
22956
24216
22818
22957
24217
22819
22958
24218
22959
24219
22821
22960
24220
22822
22961
24221
22823
22962
24222
22824
22963
24223
22825
22964
24224
22826
22965
24225
22827
22966
24226
22828
22967
24227
22829
22968
24228
22830
22969
24229
22831
22970
24230
22832
22971
24231
22833
22972
24232
22834
22973
24233
22835
22974
24234
22836
22975
24235
22837
22976
24236
22838
22977
24237
22839
22978
24238
22840
22979
24239
22841
22980
24240
22842
22981
24241
22843
22982
24242
22844
22983
24243
22845
22984
24244
22846
22985
24245
22847
22986
24246
22848
22987
24247
22849
22988
24248
22850
22989
24249
22851
22990
24250
22852
22991
24251
22853
22992
24252
22854
22993
24253
22855
22994
24254
22856
22995
24255
22857
22996
24256
22858
22997
24257
22859
22998
24258
22860
22999
24259
22861
23000
24260
22862
23001
24261
22863
23002
24262
22864
23003
24263
22865
23004
24264
22866
23005
24265
22867
23006
24266
22868
23007
24267
22869
23008
24268
22870
23009
24269
22871
23010
24270
22872
23011
24271
22873
23012
24272
22874
23013
24273
22875
23014
24274
22876
23015
24275
22877
23016
24276
22878
23017
24277
22879
23018
24278
22880
23019
24279
22881
23020
24280
22882
23021
24281
22883
23022
24282
22884
23023
24283
22885
23024
24284
22886
23025
24285
22887
23026
24286
22888
23027
24287
22889
23028
24288
22890
23029
24289
22891
23030
24290
22892
23031
24291
22893
23032
24292
22894
23033
24293
22895
23034
24294
22896
23035
24295
22897
23036
24296
22898
23037
24297
22899
23038
24298
22900
23039
24299
22901
23040
24300
22902
23041
24301
22903
23042
24302
22904
23043
24303
22905
23044
24304
22906
23045
24305
22907
23046
24306
22908
23047
24307
22909
23048
24308
22910
23049
24309
22911
23050
24310
22912
23051
24311
22913
23052
24312
22914
23053
24313
22915
23054
24314
22916
23055
24315
22917
23056
24316
22918
23057
24317
22919
23058
24318
22920
23059
24319
22921
23060
24320
22922
23061
24321
22923
23062
24322
22924
23063
24323
22925
23064
24324
22926
23065
24325
22927
23066
24326
22928
23067
24327
22929
23068
24328
22930
23069
24329
22931
23070
24330
22932
23071
24331
22933
23072
24332
22934
23073
24333
22935
23074
24334
22936
23075
24335
22937
23076
24336
22938
23077
24337
22939
23078
24338
22940
23079
24339
22941
23080
24340
22942
23081
24341
22943
23082
24342
22944
23083
24343
22945
23084
24344
22946
23085
24345
22947
23086
24346
22948
23087
24347
22949
23088
24348
22950
23089
24349
22951
23090
24350
22952
23091
24351
22953
23092
24352
22954
23093
24353
22955
23094
24354
22956
23095
24355
22957
23096
24356
22958
23097
24357
22959
23098
24358
23099
24359
22961
23100
24360
22962
23101
24361
22963
23102
24362
22964
23103
24363
22965
23104
24364
22966
23105
24365
22967
23106
24366
22968
23107
24367
22969
23108
24368
22970
23109
24369
22971
23110
24370
22972
23111
24371
22973
23112
24372
22974
23113
24373
22975
23114
24374
22976
23115
24375
22977
23116
24376
22978
23117
24377
22979
23118
24378
22980
23119
24379
22981
23120
24380
22982
23121
24381
22983
23122
24382
22984
23123
24383
22985
23124
24384
22986
23125
24385
22987
23126
24386
22988
23127
24387
22989
23128
24388
22990
23129
24389
22991
23130
24390
22992
23131
24391
22993
23132
24392
22994
23133
24393
22995
23134
24394
22996
23135
24395
22997
23136
24396
22998
23137
24397
22999
23138
24398
23000
23139
24399
23001
23140
24400
23002
23141
24401
23003
23142
24402
23004
23143
24403
23005
23144
24404
23006
23145
24405
23007
23146
24406
23008
23147
24407
23009
23148
24408
23010
23149
24409
23011
23150
24410
23012
23151
24411
23013
23152
24412
23014
23153
24413
23015
23154
24414
23016
23155
24415
23017
23156
24416
23018
23157
24417
23019
23158
24418
23020
23159
24419
23021
23160
24420
23022
23161
24421
23023
23162
24422
23024
23163
24423
23025
23164
24424
23026
23165
24425
23027
23166
24426
23028
23167
24427
23029
23168
24428
23030
23169
24429
23031
23170
24430
23032
23171
24431
23033
23172
24432
23034
23173
24433
23035
23174
24434
23036
23175
24435
23037
23176
24436
23038
23177
24437
23039
23178
24438
23040
23179
24439
23041
23180
24440
23042
23181
24441
23043
23182
24442
23044
23183
24443
23045
23184
24444
23046
23185
24445
23047
23186
24446
23048
23187
24447
23049
23188
24448
23050
23189
24449
23051
23190
24450
23052
23191
24451
23053
23192
24452
23054
23193
24453
23055
23194
24454
23056
23195
24455
23057
23196
24456
23058
23197
24457
23059
23198
24458
23060
23199
24459
23061
23200
24460
23062
23201
24461
23063
23202
24462
23064
23203
24463
23065
23204
24464
23066
23205
24465
23067
23206
24466
23068
23207
24467
23069
23208
24468
23070
23209
24469
23071
23210
24470
23072
23211
24471
23073
23212
24472
23074
23213
24473
23075
23214
24474
23076
23215
24475
23077
23216
24476
23078
23217
24477
23079
23218
24478
23080
23219
24479
23081
23220
24480
23082
23221
24481
23083
23222
24482
23084
23223
24483
23085
23224
24484
23086
23225
24485
23087
23226
24486
23088
23227
24487
23089
23228
24488
23090
23229
24489
23091
23230
24490
23092
23231
24491
23093
23232
24492
23094
23233
24493
23095
23234
24494
23096
23235
24495
23097
23236
24496
23098
23237
24497
23099
23238
24498
23239
24499
23101
23240
24500
23102
23241
24501
23103
23242
24502
23104
23243
24503
23105
23244
24504
23106
23245
24505
23107
23246
24506
23108
23247
24507
23109
23248
24508
23110
23249
24509
23111
23250
24510
23112
23251
24511
23113
23252
24512
23114
23253
24513
23115
23254
24514
23116
23255
24515
23117
23256
24516
23118
23257
24517
23119
23258
24518
23120
23259
24519
23121
23260
24520
23122
23261
24521
23123
23262
24522
23124
23263
24523
23125
23264
24524
23126
23265
24525
23127
23266
24526
23128
23267
24527
23129
23268
24528
23130
23269
24529
23131
23270
24530
23132
23271
24531
23133
23272
24532
23134
23273
24533
23135
23274
24534
23136
23275
24535
23137
23276
24536
23138
23277
24537
23139
23278
24538
23140
23279
24539
23141
23280
24540
23142
23281
24541
23143
23282
24542
23144
23283
24543
23145
23284
24544
23146
23285
24545
23147
23286
24546
23148
23287
24547
23149
23288
24548
23150
23289
24549
23151
23290
24550
23152
23291
24551
23153
23292
24552
23154
23293
24553
23155
23294
24554
23156
23295
24555
23157
23296
24556
23158
23297
24557
23159
23298
24558
23160
23299
24559
23161
23300
24560
23162
23301
24561
23163
23302
24562
23164
23303
24563
23165
23304
24564
23166
23305
24565
23167
23306
24566
23168
23307
24567
23169
23308
24568
23170
23309
24569
23171
23310
24570
23172
23311
24571
23173
23312
24572
23174
23313
24573
23175
23314
24574
23176
23315
24575
23177
23316
24576
23178
23317
24577
23179
23318
24578
23180
23319
24579
23181
23320
24580
23182
23321
24581
23183
23322
24582
23184
23323
24583
23185
23324
24584
23186
23325
24585
23187
23326
24586
23188
23327
24587
23189
23328
24588
23190
23329
24589
23191
23330
24590
23192
23331
24591
23193
23332
24592
23194
23333
24593
23195
23334
24594
23196
23335
24595
23197
23336
24596
23198
23337
24597
23199
23338
24598
23200
23339
24599
23201
23340
24600
23202
23341
24601
23203
23342
24602
23204
23343
24603
23205
23344
24604
23206
23345
24605
23207
23346
24606
23208
23347
24607
23209
23348
24608
23210
23349
24609
23211
23350
24610
23212
23351
24611
23213
23352
24612
23214
23353
24613
23215
23354
24614
23216
23355
24615
23217
23356
24616
23218
23357
24617
23219
23358
24618
23220
23359
24619
23221
23360
24620
23222
23361
24621
23223
23362
24622
23224
23363
24623
23225
23364
24624
23226
23365
24625
23227
23366
24626
23228
23367
24627
23229
23368
24628
23230
23369
24629
23231
23370
24630
23232
23371
24631
23233
23372
24632
23234
23373
24633
23235
23374
24634
23236
23375
24635
23237
23376
24636
23238
23377
24637
23239
23378
24638
23379
24639
23241
23380
24640
23242
23381
24641
23243
23382
24642
23244
23383
24643
23245
23384
24644
23246
23385
24645
23247
23386
24646
23248
23387
24647
23249
23388
24648
23250
23389
24649
23251
23390
24650
23252
23391
24651
23253
23392
24652
23254
23393
24653
23255
23394
24654
23256
23395
24655
23257
23396
24656
23258
23397
24657
23259
23398
24658
23260
23399
24659
23261
23400
24660
23262
23401
24661
23263
23402
24662
23264
23403
24663
23265
23404
24664
23266
23405
24665
23267
23406
24666
23268
23407
24667
23269
23408
24668
23270
23409
24669
23271
23410
24670
23272
23411
24671
23273
23412
24672
23274
23413
24673
23275
23414
24674
23276
23415
24675
23277
23416
24676
23278
23417
24677
23279
23418
24678
23280
23419
24679
23281
23420
24680
23282
23421
24681
23283
23422
24682
23284
23423
24683
23285
23424
24684
23286
23425
24685
23287
23426
24686
23288
23427
24687
23289
23428
24688
23290
23429
24689
23291
23430
24690
23292
23431
24691
23293
23432
24692
23294
23433
24693
23295
23434
24694
23296
23435
24695
23297
23436
24696
23298
23437
24697
23299
23438
24698
23300
23439
24699
23301
23440
24700
23302
23441
24701
23303
23442
24702
23304
23443
24703
23305
23444
24704
23306
23445
24705
23307
23446
24706
23308
23447
24707
23309
23448
24708
23310
23449
24709
23311
23450
24710
23312
23451
24711
23313
23452
24712
23314
23453
24713
23315
23454
24714
23316
23455
24715
23317
23456
24716
23318
23457
24717
23319
23458
24718
23320
23459
24719
23321
23460
24720
23322
23461
24721
23323
23462
24722
23324
23463
24723
23325
23464
24724
23326
23465
24725
23327
23466
24726
23328
23467
24727
23329
23468
24728
23330
23469
24729
23331
23470
24730
23332
23471
24731
23333
23472
24732
23334
23473
24733
23335
23474
24734
23336
23475
24735
23337
23476
24736
23338
23477
24737
23339
23478
24738
23340
23479
24739
23341
23480
24740
23342
23481
24741
23343
23482
24742
23344
23483
24743
23345
23484
24744
23346
23485
24745
23347
23486
24746
23348
23487
24747
23349
23488
24748
23350
23489
24749
23351
23490
24750
23352
23491
24751
23353
23492
24752
23354
23493
24753
23355
23494
24754
23356
23495
24755
23357
23496
24756
23358
23497
24757
23359
23498
24758
23360
23499
24759
23361
23500
24760
23362
23501
24761
23363
23502
24762
23364
23503
24763
23365
23504
24764
23366
23505
24765
23367
23506
24766
23368
23507
24767
23369
23508
24768
23370
23509
24769
23371
23510
24770
23372
23511
24771
23373
23512
24772
23374
23513
24773
23375
23514
24774
23376
23515
24775
23377
23516
24776
23378
23517
24777
23379
23518
24778
23519
24779
23381
23520
24780
23382
23521
24781
23383
23522
24782
23384
23523
24783
23385
23524
24784
23386
23525
24785
23387
23526
24786
23388
23527
24787
23389
23528
24788
23390
23529
24789
23391
23530
24790
23392
23531
24791
23393
23532
24792
23394
23533
24793
23395
23534
24794
23396
23535
24795
23397
23536
24796
23398
23537
24797
23399
23538
24798
23400
23539
24799
23401
23540
24800
23402
23541
24801
23403
23542
24802
23404
23543
24803
23405
23544
24804
23406
23545
24805
23407
23546
24806
23408
23547
24807
23409
23548
24808
23410
23549
24809
23411
23550
24810
23412
23551
24811
23413
23552
24812
23414
23553
24813
23415
23554
24814
23416
23555
24815
23417
23556
24816
23418
23557
24817
23419
23558
24818
23420
23559
24819
23421
23560
24820
23422
23561
24821
23423
23562
24822
23424
23563
24823
23425
23564
24824
23426
23565
24825
23427
23566
24826
23428
23567
24827
23429
23568
24828
23430
23569
24829
23431
23570
24830
23432
23571
24831
23433
23572
24832
23434
23573
24833
23435
23574
24834
23436
23575
24835
23437
23576
24836
23438
23577
24837
23439
23578
24838
23440
23579
24839
23441
23580
24840
23442
23581
24841
23443
23582
24842
23444
23583
24843
23445
23584
24844
23446
23585
24845
23447
23586
24846
23448
23587
24847
23449
23588
24848
23450
23589
24849
23451
23590
24850
23452
23591
24851
23453
23592
24852
23454
23593
24853
23455
23594
24854
23456
23595
24855
23457
23596
24856
23458
23597
24857
23459
23598
24858
23460
23599
24859
23461
23600
24860
23462
23601
24861
23463
23602
24862
23464
23603
24863
23465
23604
24864
23466
23605
24865
23467
23606
24866
23468
23607
24867
23469
23608
24868
23470
23609
24869
23471
23610
24870
23472
23611
24871
23473
23612
24872
23474
23613
24873
23475
23614
24874
23476
23615
24875
23477
23616
24876
23478
23617
24877
23479
23618
24878
23480
23619
24879
23481
23620
24880
23482
23621
24881
23483
23622
24882
23484
23623
24883
23485
23624
24884
23486
23625
24885
23487
23626
24886
23488
23627
24887
23489
23628
24888
23490
23629
24889
23491
23630
24890
23492
23631
24891
23493
23632
24892
23494
23633
24893
23495
23634
24894
23496
23635
24895
23497
23636
24896
23498
23637
24897
23499
23638
24898
23500
23639
24899
23501
23640
24900
23502
23641
24901
23503
23642
24902
23504
23643
24903
23505
23644
24904
23506
23645
24905
23507
23646
24906
23508
23647
24907
23509
23648
24908
23510
23649
24909
23511
23650
24910
23512
23651
24911
23513
23652
24912
23514
23653
24913
23515
23654
24914
23516
23655
24915
23517
23656
24916
23518
23657
24917
23519
23658
24918
23659
24919
23521
23660
24920
23522
23661
24921
23523
23662
24922
23524
23663
24923
23525
23664
24924
23526
23665
24925
23527
23666
24926
23528
23667
24927
23529
23668
24928
23530
23669
24929
23531
23670
24930
23532
23671
24931
23533
23672
24932
23534
23673
24933
23535
23674
24934
23536
23675
24935
23537
23676
24936
23538
23677
24937
23539
23678
24938
23540
23679
24939
23541
23680
24940
23542
23681
24941
23543
23682
24942
23544
23683
24943
23545
23684
24944
23546
23685
24945
23547
23686
24946
23548
23687
24947
23549
23688
24948
23550
23689
24949
23551
23690
24950
23552
23691
24951
23553
23692
24952
23554
23693
24953
23555
23694
24954
23556
23695
24955
23557
23696
24956
23558
23697
24957
23559
23698
24958
23560
23699
24959
23561
23700
24960
23562
23701
24961
23563
23702
24962
23564
23703
24963
23565
23704
24964
23566
23705
24965
23567
23706
24966
23568
23707
24967
23569
23708
24968
23570
23709
24969
23571
23710
24970
23572
23711
24971
23573
23712
24972
23574
23713
24973
23575
23714
24974
23576
23715
24975
23577
23716
24976
23578
23717
24977
23579
23718
24978
23580
23719
24979
23581
23720
24980
23582
23721
24981
23583
23722
24982
23584
23723
24983
23585
23724
24984
23586
23725
24985
23587
23726
24986
23588
23727
24987
23589
23728
24988
23590
23729
24989
23591
23730
24990
23592
23731
24991
23593
23732
24992
23594
23733
24993
23595
23734
24994
23596
23735
24995
23597
23736
24996
23598
23737
24997
23599
23738
24998
23600
23739
24999
23601
23740
25000
23602
23741
25001
23603
23742
25002
23604
23743
25003
23605
23744
25004
23606
23745
25005
23607
23746
25006
23608
23747
25007
23609
23748
25008
23610
23749
25009
23611
23750
25010
23612
23751
25011
23613
23752
25012
23614
23753
25013
23615
23754
25014
23616
23755
25015
23617
23756
25016
23618
23757
25017
23619
23758
25018
23620
23759
25019
23621
23760
25020
23622
23761
25021
23623
23762
25022
23624
23763
25023
23625
23764
25024
23626
23765
25025
23627
23766
25026
23628
23767
25027
23629
23768
25028
23630
23769
25029
23631
23770
25030
23632
23771
25031
23633
23772
25032
23634
23773
25033
23635
23774
25034
23636
23775
25035
23637
23776
25036
23638
23777
25037
23639
23778
25038
23640
23779
25039
23641
23780
25040
23642
23781
25041
23643
23782
25042
23644
23783
25043
23645
23784
25044
23646
23785
25045
23647
23786
25046
23648
23787
25047
23649
23788
25048
23650
23789
25049
23651
23790
25050
23652
23791
25051
23653
23792
25052
23654
23793
25053
23655
23794
25054
23656
23795
25055
23657
23796
25056
23658
23797
25057
23659
23798
25058
23799
25059
23661
25060
23662
25061
23663
25062
23664
25063
23665
25064
23666
25065
23667
25066
23668
25067
23669
25068
23670
25069
23671
25070
23672
25071
23673
25072
23674
25073
23675
25074
23676
25075
23677
25076
23678
25077
23679
25078
23680
25079
23681
25080
23682
25081
23683
25082
23684
25083
23685
25084
23686
25085
23687
25086
23688
25087
23689
25088
23690
25089
23691
25090
23692
25091
23693
25092
23694
25093
23695
25094
23696
25095
23697
25096
23698
25097
23699
25098
23700
25099
23701
25100
23702
25101
23703
25102
23704
25103
23705
25104
23706
25105
23707
25106
23708
25107
23709
25108
23710
25109
23711
25110
23712
25111
23713
25112
23714
25113
23715
25114
23716
25115
23717
25116
23718
25117
23719
25118
23720
25119
23721
25120
23722
25121
23723
25122
23724
25123
23725
25124
23726
25125
23727
25126
23728
25127
23729
25128
23730
25129
23731
25130
23732
25131
23733
25132
23734
25133
23735
25134
23736
25135
23737
25136
23738
25137
23739
25138
23740
25139
23741
25140
23742
25141
23743
25142
23744
25143
23745
25144
23746
25145
23747
25146
23748
25147
23749
25148
23750
25149
23751
25150
23752
25151
23753
25152
23754
25153
23755
25154
23756
25155
23757
25156
23758
25157
23759
25158
23760
25159
23761
25160
23762
25161
23763
25162
23764
25163
23765
25164
23766
25165
23767
25166
23768
25167
23769
25168
23770
25169
23771
25170
23772
25171
23773
25172
23774
25173
23775
25174
23776
25175
23777
25176
23778
25177
23779
25178
23780
25179
23781
25180
23782
25181
23783
25182
23784
25183
23785
25184
23786
25185
23787
25186
23788
25187
23789
25188
23790
25189
23791
25190
23792
25191
23793
25192
23794
25193
23795
25194
23796
25195
23797
25196
23798
25197
23799
25198
25199
23801
23940
25200
23802
23941
25201
23803
23942
25202
23804
23943
25203
23805
23944
25204
23806
23945
25205
23807
23946
25206
23808
23947
25207
23809
23948
25208
23810
23949
25209
23811
23950
25210
23812
23951
25211
23813
23952
25212
23814
23953
25213
23815
23954
25214
23816
23955
25215
23817
23956
25216
23818
23957
25217
23819
23958
25218
23820
23959
25219
23821
23960
25220
23822
23961
25221
23823
23962
25222
23824
23963
25223
23825
23964
25224
23826
23965
25225
23827
23966
25226
23828
23967
25227
23829
23968
25228
23830
23969
25229
23831
23970
25230
23832
23971
25231
23833
23972
25232
23834
23973
25233
23835
23974
25234
23836
23975
25235
23837
23976
25236
23838
23977
25237
23839
23978
25238
23840
23979
25239
23841
23980
25240
23842
23981
25241
23843
23982
25242
23844
23983
25243
23845
23984
25244
23846
23985
25245
23847
23986
25246
23848
23987
25247
23849
23988
25248
23850
23989
25249
23851
23990
25250
23852
23991
25251
23853
23992
25252
23854
23993
25253
23855
23994
25254
23856
23995
25255
23857
23996
25256
23858
23997
25257
23859
23998
25258
23860
23999
25259
23861
24000
25260
23862
24001
25261
23863
24002
25262
23864
24003
25263
23865
24004
25264
23866
24005
25265
23867
24006
25266
23868
24007
25267
23869
24008
25268
23870
24009
25269
23871
24010
25270
23872
24011
25271
23873
24012
25272
23874
24013
25273
23875
24014
25274
23876
24015
25275
23877
24016
25276
23878
24017
25277
23879
24018
25278
23880
24019
25279
23881
24020
25280
23882
24021
25281
23883
24022
25282
23884
24023
25283
23885
24024
25284
23886
24025
25285
23887
24026
25286
23888
24027
25287
23889
24028
25288
23890
24029
25289
23891
24030
25290
23892
24031
25291
23893
24032
25292
23894
24033
25293
23895
24034
25294
23896
24035
25295
23897
24036
25296
23898
24037
25297
23899
24038
25298
23900
24039
25299
23901
24040
25300
23902
24041
25301
23903
24042
25302
23904
24043
25303
23905
24044
25304
23906
24045
25305
23907
24046
25306
23908
24047
25307
23909
24048
25308
23910
24049
25309
23911
24050
25310
23912
24051
25311
23913
24052
25312
23914
24053
25313
23915
24054
25314
23916
24055
25315
23917
24056
25316
23918
24057
25317
23919
24058
25318
23920
24059
25319
23921
24060
25320
23922
24061
25321
23923
24062
25322
23924
24063
25323
23925
24064
25324
23926
24065
25325
23927
24066
25326
23928
24067
25327
23929
24068
25328
23930
24069
25329
23931
24070
25330
23932
24071
25331
23933
24072
25332
23934
24073
25333
23935
24074
25334
23936
24075
25335
23937
24076
25336
23938
24077
25337
23939
24078
25338
24079
25339
23941
24080
25340
23942
24081
25341
23943
24082
25342
23944
24083
25343
23945
24084
25344
23946
24085
25345
23947
24086
25346
23948
24087
25347
23949
24088
25348
23950
24089
25349
23951
24090
25350
23952
24091
25351
23953
24092
25352
23954
24093
25353
23955
24094
25354
23956
24095
25355
23957
24096
25356
23958
24097
25357
23959
24098
25358
23960
24099
25359
23961
24100
25360
23962
24101
25361
23963
24102
25362
23964
24103
25363
23965
24104
25364
23966
24105
25365
23967
24106
25366
23968
24107
25367
23969
24108
25368
23970
24109
25369
23971
24110
25370
23972
24111
25371
23973
24112
25372
23974
24113
25373
23975
24114
25374
23976
24115
25375
23977
24116
25376
23978
24117
25377
23979
24118
25378
23980
24119
25379
23981
24120
25380
23982
24121
25381
23983
24122
25382
23984
24123
25383
23985
24124
25384
23986
24125
25385
23987
24126
25386
23988
24127
25387
23989
24128
25388
23990
24129
25389
23991
24130
25390
23992
24131
25391
23993
24132
25392
23994
24133
25393
23995
24134
25394
23996
24135
25395
23997
24136
25396
23998
24137
25397
23999
24138
25398
24000
24139
25399
24001
24140
25400
24002
24141
25401
24003
24142
25402
24004
24143
25403
24005
24144
25404
24006
24145
25405
24007
24146
25406
24008
24147
25407
24009
24148
25408
24010
24149
25409
24011
24150
25410
24012
24151
25411
24013
24152
25412
24014
24153
25413
24015
24154
25414
24016
24155
25415
24017
24156
25416
24018
24157
25417
24019
24158
25418
24020
24159
25419
24021
24160
25420
24022
24161
25421
24023
24162
25422
24024
24163
25423
24025
24164
25424
24026
24165
25425
24027
24166
25426
24028
24167
25427
24029
24168
25428
24030
24169
25429
24031
24170
25430
24032
24171
25431
24033
24172
25432
24034
24173
25433
24035
24174
25434
24036
24175
25435
24037
24176
25436
24038
24177
25437
24039
24178
25438
24040
24179
25439
24041
24180
25440
24042
24181
25441
24043
24182
25442
24044
24183
25443
24045
24184
25444
24046
24185
25445
24047
24186
25446
24048
24187
25447
24049
24188
25448
24050
24189
25449
24051
24190
25450
24052
24191
25451
24053
24192
25452
24054
24193
25453
24055
24194
25454
24056
24195
25455
24057
24196
25456
24058
24197
25457
24059
24198
25458
24060
24199
25459
24061
24200
25460
24062
24201
25461
24063
24202
25462
24064
24203
25463
24065
24204
25464
24066
24205
25465
24067
24206
25466
24068
24207
25467
24069
24208
25468
24070
24209
25469
24071
24210
25470
24072
24211
25471
24073
24212
25472
24074
24213
25473
24075
24214
25474
24076
24215
25475
24077
24216
25476
24078
24217
25477
24079
24218
25478
24219
25479
24081
24220
25480
24082
24221
25481
24083
24222
25482
24084
24223
25483
24085
24224
25484
24086
24225
25485
24087
24226
25486
24088
24227
25487
24089
24228
25488
24090
24229
25489
24091
24230
25490
24092
24231
25491
24093
24232
25492
24094
24233
25493
24095
24234
25494
24096
24235
25495
24097
24236
25496
24098
24237
25497
24099
24238
25498
24100
24239
25499
24101
24240
25500
24102
24241
25501
24103
24242
25502
24104
24243
25503
24105
24244
25504
24106
24245
25505
24107
24246
25506
24108
24247
25507
24109
24248
25508
24110
24249
25509
24111
24250
25510
24112
24251
25511
24113
24252
25512
24114
24253
25513
24115
24254
25514
24116
24255
25515
24117
24256
25516
24118
24257
25517
24119
24258
25518
24120
24259
25519
24121
24260
25520
24122
24261
25521
24123
24262
25522
24124
24263
25523
24125
24264
25524
24126
24265
25525
24127
24266
25526
24128
24267
25527
24129
24268
25528
24130
24269
25529
24131
24270
25530
24132
24271
25531
24133
24272
25532
24134
24273
25533
24135
24274
25534
24136
24275
25535
24137
24276
25536
24138
24277
25537
24139
24278
25538
24140
24279
25539
24141
24280
25540
24142
24281
25541
24143
24282
25542
24144
24283
25543
24145
24284
25544
24146
24285
25545
24147
24286
25546
24148
24287
25547
24149
24288
25548
24150
24289
25549
24151
24290
25550
24152
24291
25551
24153
24292
25552
24154
24293
25553
24155
24294
25554
24156
24295
25555
24157
24296
25556
24158
24297
25557
24159
24298
25558
24160
24299
25559
24161
24300
25560
24162
24301
25561
24163
24302
25562
24164
24303
25563
24165
24304
25564
24166
24305
25565
24167
24306
25566
24168
24307
25567
24169
24308
25568
24170
24309
25569
24171
24310
25570
24172
24311
25571
24173
24312
25572
24174
24313
25573
24175
24314
25574
24176
24315
25575
24177
24316
25576
24178
24317
25577
24179
24318
25578
24180
24319
25579
24181
24320
25580
24182
24321
25581
24183
24322
25582
24184
24323
25583
24185
24324
25584
24186
24325
25585
24187
24326
25586
24188
24327
25587
24189
24328
25588
24190
24329
25589
24191
24330
25590
24192
24331
25591
24193
24332
25592
24194
24333
25593
24195
24334
25594
24196
24335
25595
24197
24336
25596
24198
24337
25597
24199
24338
25598
24200
24339
25599
24201
24340
25600
24202
24341
25601
24203
24342
25602
24204
24343
25603
24205
24344
25604
24206
24345
25605
24207
24346
25606
24208
24347
25607
24209
24348
25608
24210
24349
25609
24211
24350
25610
24212
24351
25611
24213
24352
25612
24214
24353
25613
24215
24354
25614
24216
24355
25615
24217
24356
25616
24218
24357
25617
24219
24358
25618
24359
25619
24221
24360
25620
24222
24361
25621
24223
24362
25622
24224
24363
25623
24225
24364
25624
24226
24365
25625
24227
24366
25626
24228
24367
25627
24229
24368
25628
24230
24369
25629
24231
24370
25630
24232
24371
25631
24233
24372
25632
24234
24373
25633
24235
24374
25634
24236
24375
25635
24237
24376
25636
24238
24377
25637
24239
24378
25638
24240
24379
25639
24241
24380
25640
24242
24381
25641
24243
24382
25642
24244
24383
25643
24245
24384
25644
24246
24385
25645
24247
24386
25646
24248
24387
25647
24249
24388
25648
24250
24389
25649
24251
24390
25650
24252
24391
25651
24253
24392
25652
24254
24393
25653
24255
24394
25654
24256
24395
25655
24257
24396
25656
24258
24397
25657
24259
24398
25658
24260
24399
25659
24261
24400
25660
24262
24401
25661
24263
24402
25662
24264
24403
25663
24265
24404
25664
24266
24405
25665
24267
24406
25666
24268
24407
25667
24269
24408
25668
24270
24409
25669
24271
24410
25670
24272
24411
25671
24273
24412
25672
24274
24413
25673
24275
24414
25674
24276
24415
25675
24277
24416
25676
24278
24417
25677
24279
24418
25678
24280
24419
25679
24281
24420
25680
24282
24421
25681
24283
24422
25682
24284
24423
25683
24285
24424
25684
24286
24425
25685
24287
24426
25686
24288
24427
25687
24289
24428
25688
24290
24429
25689
24291
24430
25690
24292
24431
25691
24293
24432
25692
24294
24433
25693
24295
24434
25694
24296
24435
25695
24297
24436
25696
24298
24437
25697
24299
24438
25698
24300
24439
25699
24301
24440
25700
24302
24441
25701
24303
24442
25702
24304
24443
25703
24305
24444
25704
24306
24445
25705
24307
24446
25706
24308
24447
25707
24309
24448
25708
24310
24449
25709
24311
24450
25710
24312
24451
25711
24313
24452
25712
24314
24453
25713
24315
24454
25714
24316
24455
25715
24317
24456
25716
24318
24457
25717
24319
24458
25718
24320
24459
25719
24321
24460
25720
24322
24461
25721
24323
24462
25722
24324
24463
25723
24325
24464
25724
24326
24465
25725
24327
24466
25726
24328
24467
25727
24329
24468
25728
24330
24469
25729
24331
24470
25730
24332
24471
25731
24333
24472
25732
24334
24473
25733
24335
24474
25734
24336
24475
25735
24337
24476
25736
24338
24477
25737
24339
24478
25738
24340
24479
25739
24341
24480
25740
24342
24481
25741
24343
24482
25742
24344
24483
25743
24345
24484
25744
24346
24485
25745
24347
24486
25746
24348
24487
25747
24349
24488
25748
24350
24489
25749
24351
24490
25750
24352
24491
25751
24353
24492
25752
24354
24493
25753
24355
24494
25754
24356
24495
25755
24357
24496
25756
24358
24497
25757
24359
24498
25758
24499
25759
24361
24500
25760
24362
24501
25761
24363
24502
25762
24364
24503
25763
24365
24504
25764
24366
24505
25765
24367
24506
25766
24368
24507
25767
24369
24508
25768
24370
24509
25769
24371
24510
25770
24372
24511
25771
24373
24512
25772
24374
24513
25773
24375
24514
25774
24376
24515
25775
24377
24516
25776
24378
24517
25777
24379
24518
25778
24380
24519
25779
24381
24520
25780
24382
24521
25781
24383
24522
25782
24384
24523
25783
24385
24524
25784
24386
24525
25785
24387
24526
25786
24388
24527
25787
24389
24528
25788
24390
24529
25789
24391
24530
25790
24392
24531
25791
24393
24532
25792
24394
24533
25793
24395
24534
25794
24396
24535
25795
24397
24536
25796
24398
24537
25797
24399
24538
25798
24400
24539
25799
24401
24540
25800
24402
24541
25801
24403
24542
25802
24404
24543
25803
24405
24544
25804
24406
24545
25805
24407
24546
25806
24408
24547
25807
24409
24548
25808
24410
24549
25809
24411
24550
25810
24412
24551
25811
24413
24552
25812
24414
24553
25813
24415
24554
25814
24416
24555
25815
24417
24556
25816
24418
24557
25817
24419
24558
25818
24420
24559
25819
24421
24560
25820
24422
24561
25821
24423
24562
25822
24424
24563
25823
24425
24564
25824
24426
24565
25825
24427
24566
25826
24428
24567
25827
24429
24568
25828
24430
24569
25829
24431
24570
25830
24432
24571
25831
24433
24572
25832
24434
24573
25833
24435
24574
25834
24436
24575
25835
24437
24576
25836
24438
24577
25837
24439
24578
25838
24440
24579
25839
24441
24580
25840
24442
24581
25841
24443
24582
25842
24444
24583
25843
24445
24584
25844
24446
24585
25845
24447
24586
25846
24448
24587
25847
24449
24588
25848
24450
24589
25849
24451
24590
25850
24452
24591
25851
24453
24592
25852
24454
24593
25853
24455
24594
25854
24456
24595
25855
24457
24596
25856
24458
24597
25857
24459
24598
25858
24460
24599
25859
24461
24600
25860
24462
24601
25861
24463
24602
25862
24464
24603
25863
24465
24604
25864
24466
24605
25865
24467
24606
25866
24468
24607
25867
24469
24608
25868
24470
24609
25869
24471
24610
25870
24472
24611
25871
24473
24612
25872
24474
24613
25873
24475
24614
25874
24476
24615
25875
24477
24616
25876
24478
24617
25877
24479
24618
25878
24480
24619
25879
24481
24620
25880
24482
24621
25881
24483
24622
25882
24484
24623
25883
24485
24624
25884
24486
24625
25885
24487
24626
25886
24488
24627
25887
24489
24628
25888
24490
24629
25889
24491
24630
25890
24492
24631
25891
24493
24632
25892
24494
24633
25893
24495
24634
25894
24496
24635
25895
24497
24636
25896
24498
24637
25897
24499
24638
25898
24639
25899
24501
24640
25900
24502
24641
25901
24503
24642
25902
24504
24643
25903
24505
24644
25904
24506
24645
25905
24507
24646
25906
24508
24647
25907
24509
24648
25908
24510
24649
25909
24511
24650
25910
24512
24651
25911
24513
24652
25912
24514
24653
25913
24515
24654
25914
24516
24655
25915
24517
24656
25916
24518
24657
25917
24519
24658
25918
24520
24659
25919
24521
24660
25920
24522
24661
25921
24523
24662
25922
24524
24663
25923
24525
24664
25924
24526
24665
25925
24527
24666
25926
24528
24667
25927
24529
24668
25928
24530
24669
25929
24531
24670
25930
24532
24671
25931
24533
24672
25932
24534
24673
25933
24535
24674
25934
24536
24675
25935
24537
24676
25936
24538
24677
25937
24539
24678
25938
24540
24679
25939
24541
24680
25940
24542
24681
25941
24543
24682
25942
24544
24683
25943
24545
24684
25944
24546
24685
25945
24547
24686
25946
24548
24687
25947
24549
24688
25948
24550
24689
25949
24551
24690
25950
24552
24691
25951
24553
24692
25952
24554
24693
25953
24555
24694
25954
24556
24695
25955
24557
24696
25956
24558
24697
25957
24559
24698
25958
24560
24699
25959
24561
24700
25960
24562
24701
25961
24563
24702
25962
24564
24703
25963
24565
24704
25964
24566
24705
25965
24567
24706
25966
24568
24707
25967
24569
24708
25968
24570
24709
25969
24571
24710
25970
24572
24711
25971
24573
24712
25972
24574
24713
25973
24575
24714
25974
24576
24715
25975
24577
24716
25976
24578
24717
25977
24579
24718
25978
24580
24719
25979
24581
24720
25980
24582
24721
25981
24583
24722
25982
24584
24723
25983
24585
24724
25984
24586
24725
25985
24587
24726
25986
24588
24727
25987
24589
24728
25988
24590
24729
25989
24591
24730
25990
24592
24731
25991
24593
24732
25992
24594
24733
25993
24595
24734
25994
24596
24735
25995
24597
24736
25996
24598
24737
25997
24599
24738
25998
24600
24739
25999
24601
24740
26000
24602
24741
26001
24603
24742
26002
24604
24743
26003
24605
24744
26004
24606
24745
26005
24607
24746
26006
24608
24747
26007
24609
24748
26008
24610
24749
26009
24611
24750
26010
24612
24751
26011
24613
24752
26012
24614
24753
26013
24615
24754
26014
24616
24755
26015
24617
24756
26016
24618
24757
26017
24619
24758
26018
24620
24759
26019
24621
24760
26020
24622
24761
26021
24623
24762
26022
24624
24763
26023
24625
24764
26024
24626
24765
26025
24627
24766
26026
24628
24767
26027
24629
24768
26028
24630
24769
26029
24631
24770
26030
24632
24771
26031
24633
24772
26032
24634
24773
26033
24635
24774
26034
24636
24775
26035
24637
24776
26036
24638
24777
26037
24639
24778
26038
24779
26039
24641
24780
26040
24642
24781
26041
24643
24782
26042
24644
24783
26043
24645
24784
26044
24646
24785
26045
24647
24786
26046
24648
24787
26047
24649
24788
26048
24650
24789
26049
24651
24790
26050
24652
24791
26051
24653
24792
26052
24654
24793
26053
24655
24794
26054
24656
24795
26055
24657
24796
26056
24658
24797
26057
24659
24798
26058
24660
24799
26059
24661
24800
26060
24662
24801
26061
24663
24802
26062
24664
24803
26063
24665
24804
26064
24666
24805
26065
24667
24806
26066
24668
24807
26067
24669
24808
26068
24670
24809
26069
24671
24810
26070
24672
24811
26071
24673
24812
26072
24674
24813
26073
24675
24814
26074
24676
24815
26075
24677
24816
26076
24678
24817
26077
24679
24818
26078
24680
24819
26079
24681
24820
26080
24682
24821
26081
24683
24822
26082
24684
24823
26083
24685
24824
26084
24686
24825
26085
24687
24826
26086
24688
24827
26087
24689
24828
26088
24690
24829
26089
24691
24830
26090
24692
24831
26091
24693
24832
26092
24694
24833
26093
24695
24834
26094
24696
24835
26095
24697
24836
26096
24698
24837
26097
24699
24838
26098
24700
24839
26099
24701
24840
26100
24702
24841
26101
24703
24842
26102
24704
24843
26103
24705
24844
26104
24706
24845
26105
24707
24846
26106
24708
24847
26107
24709
24848
26108
24710
24849
26109
24711
24850
26110
24712
24851
26111
24713
24852
26112
24714
24853
26113
24715
24854
26114
24716
24855
26115
24717
24856
26116
24718
24857
26117
24719
24858
26118
24720
24859
26119
24721
24860
26120
24722
24861
26121
24723
24862
26122
24724
24863
26123
24725
24864
26124
24726
24865
26125
24727
24866
26126
24728
24867
26127
24729
24868
26128
24730
24869
26129
24731
24870
26130
24732
24871
26131
24733
24872
26132
24734
24873
26133
24735
24874
26134
24736
24875
26135
24737
24876
26136
24738
24877
26137
24739
24878
26138
24740
24879
26139
24741
24880
26140
24742
24881
26141
24743
24882
26142
24744
24883
26143
24745
24884
26144
24746
24885
26145
24747
24886
26146
24748
24887
26147
24749
24888
26148
24750
24889
26149
24751
24890
26150
24752
24891
26151
24753
24892
26152
24754
24893
26153
24755
24894
26154
24756
24895
26155
24757
24896
26156
24758
24897
26157
24759
24898
26158
24760
24899
26159
24761
24900
26160
24762
24901
26161
24763
24902
26162
24764
24903
26163
24765
24904
26164
24766
24905
26165
24767
24906
26166
24768
24907
26167
24769
24908
26168
24770
24909
26169
24771
24910
26170
24772
24911
26171
24773
24912
26172
24774
24913
26173
24775
24914
26174
24776
24915
26175
24777
24916
26176
24778
24917
26177
24779
24918
26178
24919
26179
24781
24920
26180
24782
24921
26181
24783
24922
26182
24784
24923
26183
24785
24924
26184
24786
24925
26185
24787
24926
26186
24788
24927
26187
24789
24928
26188
24790
24929
26189
24791
24930
26190
24792
24931
26191
24793
24932
26192
24794
24933
26193
24795
24934
26194
24796
24935
26195
24797
24936
26196
24798
24937
26197
24799
24938
26198
24800
24939
26199
24801
24940
26200
24802
24941
26201
24803
24942
26202
24804
24943
26203
24805
24944
26204
24806
24945
26205
24807
24946
26206
24808
24947
26207
24809
24948
26208
24810
24949
26209
24811
24950
26210
24812
24951
26211
24813
24952
26212
24814
24953
26213
24815
24954
26214
24816
24955
26215
24817
24956
26216
24818
24957
26217
24819
24958
26218
24820
24959
26219
24821
24960
26220
24822
24961
26221
24823
24962
26222
24824
24963
26223
24825
24964
26224
24826
24965
26225
24827
24966
26226
24828
24967
26227
24829
24968
26228
24830
24969
26229
24831
24970
26230
24832
24971
26231
24833
24972
26232
24834
24973
26233
24835
24974
26234
24836
24975
26235
24837
24976
26236
24838
24977
26237
24839
24978
26238
24840
24979
26239
24841
24980
26240
24842
24981
26241
24843
24982
26242
24844
24983
26243
24845
24984
26244
24846
24985
26245
24847
24986
26246
24848
24987
26247
24849
24988
26248
24850
24989
26249
24851
24990
26250
24852
24991
26251
24853
24992
26252
24854
24993
26253
24855
24994
26254
24856
24995
26255
24857
24996
26256
24858
24997
26257
24859
24998
26258
24860
24999
26259
24861
25000
26260
24862
25001
26261
24863
25002
26262
24864
25003
26263
24865
25004
26264
24866
25005
26265
24867
25006
26266
24868
25007
26267
24869
25008
26268
24870
25009
26269
24871
25010
26270
24872
25011
26271
24873
25012
26272
24874
25013
26273
24875
25014
26274
24876
25015
26275
24877
25016
26276
24878
25017
26277
24879
25018
26278
24880
25019
26279
24881
25020
26280
24882
25021
26281
24883
25022
26282
24884
25023
26283
24885
25024
26284
24886
25025
26285
24887
25026
26286
24888
25027
26287
24889
25028
26288
24890
25029
26289
24891
25030
26290
24892
25031
26291
24893
25032
26292
24894
25033
26293
24895
25034
26294
24896
25035
26295
24897
25036
26296
24898
25037
26297
24899
25038
26298
24900
25039
26299
24901
25040
26300
24902
25041
26301
24903
25042
26302
24904
25043
26303
24905
25044
26304
24906
25045
26305
24907
25046
26306
24908
25047
26307
24909
25048
26308
24910
25049
26309
24911
25050
26310
24912
25051
26311
24913
25052
26312
24914
25053
26313
24915
25054
26314
24916
25055
26315
24917
25056
26316
24918
25057
26317
24919
25058
26318
25059
26319
24921
25060
26320
24922
25061
26321
24923
25062
26322
24924
25063
26323
24925
25064
26324
24926
25065
26325
24927
25066
26326
24928
25067
26327
24929
25068
26328
24930
25069
26329
24931
25070
26330
24932
25071
26331
24933
25072
26332
24934
25073
26333
24935
25074
26334
24936
25075
26335
24937
25076
26336
24938
25077
26337
24939
25078
26338
24940
25079
26339
24941
25080
26340
24942
25081
26341
24943
25082
26342
24944
25083
26343
24945
25084
26344
24946
25085
26345
24947
25086
26346
24948
25087
26347
24949
25088
26348
24950
25089
26349
24951
25090
26350
24952
25091
26351
24953
25092
26352
24954
25093
26353
24955
25094
26354
24956
25095
26355
24957
25096
26356
24958
25097
26357
24959
25098
26358
24960
25099
26359
24961
25100
26360
24962
25101
26361
24963
25102
26362
24964
25103
26363
24965
25104
26364
24966
25105
26365
24967
25106
26366
24968
25107
26367
24969
25108
26368
24970
25109
26369
24971
25110
26370
24972
25111
26371
24973
25112
26372
24974
25113
26373
24975
25114
26374
24976
25115
26375
24977
25116
26376
24978
25117
26377
24979
25118
26378
24980
25119
26379
24981
25120
26380
24982
25121
26381
24983
25122
26382
24984
25123
26383
24985
25124
26384
24986
25125
26385
24987
25126
26386
24988
25127
26387
24989
25128
26388
24990
25129
26389
24991
25130
26390
24992
25131
26391
24993
25132
26392
24994
25133
26393
24995
25134
26394
24996
25135
26395
24997
25136
26396
24998
25137
26397
24999
25138
26398
25000
25139
26399
25001
25140
26400
25002
25141
26401
25003
25142
26402
25004
25143
26403
25005
25144
26404
25006
25145
26405
25007
25146
26406
25008
25147
26407
25009
25148
26408
25010
25149
26409
25011
25150
26410
25012
25151
26411
25013
25152
26412
25014
25153
26413
25015
25154
26414
25016
25155
26415
25017
25156
26416
25018
25157
26417
25019
25158
26418
25020
25159
26419
25021
25160
26420
25022
25161
26421
25023
25162
26422
25024
25163
26423
25025
25164
26424
25026
25165
26425
25027
25166
26426
25028
25167
26427
25029
25168
26428
25030
25169
26429
25031
25170
26430
25032
25171
26431
25033
25172
26432
25034
25173
26433
25035
25174
26434
25036
25175
26435
25037
25176
26436
25038
25177
26437
25039
25178
26438
25040
25179
26439
25041
25180
26440
25042
25181
26441
25043
25182
26442
25044
25183
26443
25045
25184
26444
25046
25185
26445
25047
25186
26446
25048
25187
26447
25049
25188
26448
25050
25189
26449
25051
25190
26450
25052
25191
26451
25053
25192
26452
25054
25193
26453
25055
25194
26454
25056
25195
26455
25057
25196
26456
25058
25197
26457
25059
25198
26458
25199
26459
25061
26460
25062
26461
25063
26462
25064
26463
25065
26464
25066
26465
25067
26466
25068
26467
25069
26468
25070
26469
25071
26470
25072
26471
25073
26472
25074
26473
25075
26474
25076
26475
25077
26476
25078
26477
25079
26478
25080
26479
25081
26480
25082
26481
25083
26482
25084
26483
25085
26484
25086
26485
25087
26486
25088
26487
25089
26488
25090
26489
25091
26490
25092
26491
25093
26492
25094
26493
25095
26494
25096
26495
25097
26496
25098
26497
25099
26498
25100
26499
25101
26500
25102
26501
25103
26502
25104
26503
25105
26504
25106
26505
25107
26506
25108
26507
25109
26508
25110
26509
25111
26510
25112
26511
25113
26512
25114
26513
25115
26514
25116
26515
25117
26516
25118
26517
25119
26518
25120
26519
25121
26520
25122
26521
25123
26522
25124
26523
25125
26524
25126
26525
25127
26526
25128
26527
25129
26528
25130
26529
25131
26530
25132
26531
25133
26532
25134
26533
25135
26534
25136
26535
25137
26536
25138
26537
25139
26538
25140
26539
25141
26540
25142
26541
25143
26542
25144
26543
25145
26544
25146
26545
25147
26546
25148
26547
25149
26548
25150
26549
25151
26550
25152
26551
25153
26552
25154
26553
25155
26554
25156
26555
25157
26556
25158
26557
25159
26558
25160
26559
25161
26560
25162
26561
25163
26562
25164
26563
25165
26564
25166
26565
25167
26566
25168
26567
25169
26568
25170
26569
25171
26570
25172
26571
25173
26572
25174
26573
25175
26574
25176
26575
25177
26576
25178
26577
25179
26578
25180
26579
25181
26580
25182
26581
25183
26582
25184
26583
25185
26584
25186
26585
25187
26586
25188
26587
25189
26588
25190
26589
25191
26590
25192
26591
25193
26592
25194
26593
25195
26594
25196
26595
25197
26596
25198
26597
25199
26598
26599
25201
25340
26600
25202
25341
26601
25203
25342
26602
25204
25343
26603
25205
25344
26604
25206
25345
26605
25207
25346
26606
25208
25347
26607
25209
25348
26608
25210
25349
26609
25211
25350
26610
25212
25351
26611
25213
25352
26612
25214
25353
26613
25215
25354
26614
25216
25355
26615
25217
25356
26616
25218
25357
26617
25219
25358
26618
25220
25359
26619
25221
25360
26620
25222
25361
26621
25223
25362
26622
25224
25363
26623
25225
25364
26624
25226
25365
26625
25227
25366
26626
25228
25367
26627
25229
25368
26628
25230
25369
26629
25231
25370
26630
25232
25371
26631
25233
25372
26632
25234
25373
26633
25235
25374
26634
25236
25375
26635
25237
25376
26636
25238
25377
26637
25239
25378
26638
25240
25379
26639
25241
25380
26640
25242
25381
26641
25243
25382
26642
25244
25383
26643
25245
25384
26644
25246
25385
26645
25247
25386
26646
25248
25387
26647
25249
25388
26648
25250
25389
26649
25251
25390
26650
25252
25391
26651
25253
25392
26652
25254
25393
26653
25255
25394
26654
25256
25395
26655
25257
25396
26656
25258
25397
26657
25259
25398
26658
25260
25399
26659
25261
25400
26660
25262
25401
26661
25263
25402
26662
25264
25403
26663
25265
25404
26664
25266
25405
26665
25267
25406
26666
25268
25407
26667
25269
25408
26668
25270
25409
26669
25271
25410
26670
25272
25411
26671
25273
25412
26672
25274
25413
26673
25275
25414
26674
25276
25415
26675
25277
25416
26676
25278
25417
26677
25279
25418
26678
25280
25419
26679
25281
25420
26680
25282
25421
26681
25283
25422
26682
25284
25423
26683
25285
25424
26684
25286
25425
26685
25287
25426
26686
25288
25427
26687
25289
25428
26688
25290
25429
26689
25291
25430
26690
25292
25431
26691
25293
25432
26692
25294
25433
26693
25295
25434
26694
25296
25435
26695
25297
25436
26696
25298
25437
26697
25299
25438
26698
25300
25439
26699
25301
25440
26700
25302
25441
26701
25303
25442
26702
25304
25443
26703
25305
25444
26704
25306
25445
26705
25307
25446
26706
25308
25447
26707
25309
25448
26708
25310
25449
26709
25311
25450
26710
25312
25451
26711
25313
25452
26712
25314
25453
26713
25315
25454
26714
25316
25455
26715
25317
25456
26716
25318
25457
26717
25319
25458
26718
25320
25459
26719
25321
25460
26720
25322
25461
26721
25323
25462
26722
25324
25463
26723
25325
25464
26724
25326
25465
26725
25327
25466
26726
25328
25467
26727
25329
25468
26728
25330
25469
26729
25331
25470
26730
25332
25471
26731
25333
25472
26732
25334
25473
26733
25335
25474
26734
25336
25475
26735
25337
25476
26736
25338
25477
26737
25339
25478
26738
25479
26739
25341
25480
26740
25342
25481
26741
25343
25482
26742
25344
25483
26743
25345
25484
26744
25346
25485
26745
25347
25486
26746
25348
25487
26747
25349
25488
26748
25350
25489
26749
25351
25490
26750
25352
25491
26751
25353
25492
26752
25354
25493
26753
25355
25494
26754
25356
25495
26755
25357
25496
26756
25358
25497
26757
25359
25498
26758
25360
25499
26759
25361
25500
26760
25362
25501
26761
25363
25502
26762
25364
25503
26763
25365
25504
26764
25366
25505
26765
25367
25506
26766
25368
25507
26767
25369
25508
26768
25370
25509
26769
25371
25510
26770
25372
25511
26771
25373
25512
26772
25374
25513
26773
25375
25514
26774
25376
25515
26775
25377
25516
26776
25378
25517
26777
25379
25518
26778
25380
25519
26779
25381
25520
26780
25382
25521
26781
25383
25522
26782
25384
25523
26783
25385
25524
26784
25386
25525
26785
25387
25526
26786
25388
25527
26787
25389
25528
26788
25390
25529
26789
25391
25530
26790
25392
25531
26791
25393
25532
26792
25394
25533
26793
25395
25534
26794
25396
25535
26795
25397
25536
26796
25398
25537
26797
25399
25538
26798
25400
25539
26799
25401
25540
26800
25402
25541
26801
25403
25542
26802
25404
25543
26803
25405
25544
26804
25406
25545
26805
25407
25546
26806
25408
25547
26807
25409
25548
26808
25410
25549
26809
25411
25550
26810
25412
25551
26811
25413
25552
26812
25414
25553
26813
25415
25554
26814
25416
25555
26815
25417
25556
26816
25418
25557
26817
25419
25558
26818
25420
25559
26819
25421
25560
26820
25422
25561
26821
25423
25562
26822
25424
25563
26823
25425
25564
26824
25426
25565
26825
25427
25566
26826
25428
25567
26827
25429
25568
26828
25430
25569
26829
25431
25570
26830
25432
25571
26831
25433
25572
26832
25434
25573
26833
25435
25574
26834
25436
25575
26835
25437
25576
26836
25438
25577
26837
25439
25578
26838
25440
25579
26839
25441
25580
26840
25442
25581
26841
25443
25582
26842
25444
25583
26843
25445
25584
26844
25446
25585
26845
25447
25586
26846
25448
25587
26847
25449
25588
26848
25450
25589
26849
25451
25590
26850
25452
25591
26851
25453
25592
26852
25454
25593
26853
25455
25594
26854
25456
25595
26855
25457
25596
26856
25458
25597
26857
25459
25598
26858
25460
25599
26859
25461
25600
26860
25462
25601
26861
25463
25602
26862
25464
25603
26863
25465
25604
26864
25466
25605
26865
25467
25606
26866
25468
25607
26867
25469
25608
26868
25470
25609
26869
25471
25610
26870
25472
25611
26871
25473
25612
26872
25474
25613
26873
25475
25614
26874
25476
25615
26875
25477
25616
26876
25478
25617
26877
25479
25618
26878
25619
26879
25481
25620
26880
25482
25621
26881
25483
25622
26882
25484
25623
26883
25485
25624
26884
25486
25625
26885
25487
25626
26886
25488
25627
26887
25489
25628
26888
25490
25629
26889
25491
25630
26890
25492
25631
26891
25493
25632
26892
25494
25633
26893
25495
25634
26894
25496
25635
26895
25497
25636
26896
25498
25637
26897
25499
25638
26898
25500
25639
26899
25501
25640
26900
25502
25641
26901
25503
25642
26902
25504
25643
26903
25505
25644
26904
25506
25645
26905
25507
25646
26906
25508
25647
26907
25509
25648
26908
25510
25649
26909
25511
25650
26910
25512
25651
26911
25513
25652
26912
25514
25653
26913
25515
25654
26914
25516
25655
26915
25517
25656
26916
25518
25657
26917
25519
25658
26918
25520
25659
26919
25521
25660
26920
25522
25661
26921
25523
25662
26922
25524
25663
26923
25525
25664
26924
25526
25665
26925
25527
25666
26926
25528
25667
26927
25529
25668
26928
25530
25669
26929
25531
25670
26930
25532
25671
26931
25533
25672
26932
25534
25673
26933
25535
25674
26934
25536
25675
26935
25537
25676
26936
25538
25677
26937
25539
25678
26938
25540
25679
26939
25541
25680
26940
25542
25681
26941
25543
25682
26942
25544
25683
26943
25545
25684
26944
25546
25685
26945
25547
25686
26946
25548
25687
26947
25549
25688
26948
25550
25689
26949
25551
25690
26950
25552
25691
26951
25553
25692
26952
25554
25693
26953
25555
25694
26954
25556
25695
26955
25557
25696
26956
25558
25697
26957
25559
25698
26958
25560
25699
26959
25561
25700
26960
25562
25701
26961
25563
25702
26962
25564
25703
26963
25565
25704
26964
25566
25705
26965
25567
25706
26966
25568
25707
26967
25569
25708
26968
25570
25709
26969
25571
25710
26970
25572
25711
26971
25573
25712
26972
25574
25713
26973
25575
25714
26974
25576
25715
26975
25577
25716
26976
25578
25717
26977
25579
25718
26978
25580
25719
26979
25581
25720
26980
25582
25721
26981
25583
25722
26982
25584
25723
26983
25585
25724
26984
25586
25725
26985
25587
25726
26986
25588
25727
26987
25589
25728
26988
25590
25729
26989
25591
25730
26990
25592
25731
26991
25593
25732
26992
25594
25733
26993
25595
25734
26994
25596
25735
26995
25597
25736
26996
25598
25737
26997
25599
25738
26998
25600
25739
26999
25601
25740
27000
25602
25741
27001
25603
25742
27002
25604
25743
27003
25605
25744
27004
25606
25745
27005
25607
25746
27006
25608
25747
27007
25609
25748
27008
25610
25749
27009
25611
25750
27010
25612
25751
27011
25613
25752
27012
25614
25753
27013
25615
25754
27014
25616
25755
27015
25617
25756
27016
25618
25757
27017
25619
25758
27018
25759
27019
25621
25760
27020
25622
25761
27021
25623
25762
27022
25624
25763
27023
25625
25764
27024
25626
25765
27025
25627
25766
27026
25628
25767
27027
25629
25768
27028
25630
25769
27029
25631
25770
27030
25632
25771
27031
25633
25772
27032
25634
25773
27033
25635
25774
27034
25636
25775
27035
25637
25776
27036
25638
25777
27037
25639
25778
27038
25640
25779
27039
25641
25780
27040
25642
25781
27041
25643
25782
27042
25644
25783
27043
25645
25784
27044
25646
25785
27045
25647
25786
27046
25648
25787
27047
25649
25788
27048
25650
25789
27049
25651
25790
27050
25652
25791
27051
25653
25792
27052
25654
25793
27053
25655
25794
27054
25656
25795
27055
25657
25796
27056
25658
25797
27057
25659
25798
27058
25660
25799
27059
25661
25800
27060
25662
25801
27061
25663
25802
27062
25664
25803
27063
25665
25804
27064
25666
25805
27065
25667
25806
27066
25668
25807
27067
25669
25808
27068
25670
25809
27069
25671
25810
27070
25672
25811
27071
25673
25812
27072
25674
25813
27073
25675
25814
27074
25676
25815
27075
25677
25816
27076
25678
25817
27077
25679
25818
27078
25680
25819
27079
25681
25820
27080
25682
25821
27081
25683
25822
27082
25684
25823
27083
25685
25824
27084
25686
25825
27085
25687
25826
27086
25688
25827
27087
25689
25828
27088
25690
25829
27089
25691
25830
27090
25692
25831
27091
25693
25832
27092
25694
25833
27093
25695
25834
27094
25696
25835
27095
25697
25836
27096
25698
25837
27097
25699
25838
27098
25700
25839
27099
25701
25840
27100
25702
25841
27101
25703
25842
27102
25704
25843
27103
25705
25844
27104
25706
25845
27105
25707
25846
27106
25708
25847
27107
25709
25848
27108
25710
25849
27109
25711
25850
27110
25712
25851
27111
25713
25852
27112
25714
25853
27113
25715
25854
27114
25716
25855
27115
25717
25856
27116
25718
25857
27117
25719
25858
27118
25720
25859
27119
25721
25860
27120
25722
25861
27121
25723
25862
27122
25724
25863
27123
25725
25864
27124
25726
25865
27125
25727
25866
27126
25728
25867
27127
25729
25868
27128
25730
25869
27129
25731
25870
27130
25732
25871
27131
25733
25872
27132
25734
25873
27133
25735
25874
27134
25736
25875
27135
25737
25876
27136
25738
25877
27137
25739
25878
27138
25740
25879
27139
25741
25880
27140
25742
25881
27141
25743
25882
27142
25744
25883
27143
25745
25884
27144
25746
25885
27145
25747
25886
27146
25748
25887
27147
25749
25888
27148
25750
25889
27149
25751
25890
27150
25752
25891
27151
25753
25892
27152
25754
25893
27153
25755
25894
27154
25756
25895
27155
25757
25896
27156
25758
25897
27157
25759
25898
27158
25899
27159
25761
25900
27160
25762
25901
27161
25763
25902
27162
25764
25903
27163
25765
25904
27164
25766
25905
27165
25767
25906
27166
25768
25907
27167
25769
25908
27168
25770
25909
27169
25771
25910
27170
25772
25911
27171
25773
25912
27172
25774
25913
27173
25775
25914
27174
25776
25915
27175
25777
25916
27176
25778
25917
27177
25779
25918
27178
25780
25919
27179
25781
25920
27180
25782
25921
27181
25783
25922
27182
25784
25923
27183
25785
25924
27184
25786
25925
27185
25787
25926
27186
25788
25927
27187
25789
25928
27188
25790
25929
27189
25791
25930
27190
25792
25931
27191
25793
25932
27192
25794
25933
27193
25795
25934
27194
25796
25935
27195
25797
25936
27196
25798
25937
27197
25799
25938
27198
25800
25939
27199
25801
25940
27200
25802
25941
27201
25803
25942
27202
25804
25943
27203
25805
25944
27204
25806
25945
27205
25807
25946
27206
25808
25947
27207
25809
25948
27208
25810
25949
27209
25811
25950
27210
25812
25951
27211
25813
25952
27212
25814
25953
27213
25815
25954
27214
25816
25955
27215
25817
25956
27216
25818
25957
27217
25819
25958
27218
25820
25959
27219
25821
25960
27220
25822
25961
27221
25823
25962
27222
25824
25963
27223
25825
25964
27224
25826
25965
27225
25827
25966
27226
25828
25967
27227
25829
25968
27228
25830
25969
27229
25831
25970
27230
25832
25971
27231
25833
25972
27232
25834
25973
27233
25835
25974
27234
25836
25975
27235
25837
25976
27236
25838
25977
27237
25839
25978
27238
25840
25979
27239
25841
25980
27240
25842
25981
27241
25843
25982
27242
25844
25983
27243
25845
25984
27244
25846
25985
27245
25847
25986
27246
25848
25987
27247
25849
25988
27248
25850
25989
27249
25851
25990
27250
25852
25991
27251
25853
25992
27252
25854
25993
27253
25855
25994
27254
25856
25995
27255
25857
25996
27256
25858
25997
27257
25859
25998
27258
25860
25999
27259
25861
26000
27260
25862
26001
27261
25863
26002
27262
25864
26003
27263
25865
26004
27264
25866
26005
27265
25867
26006
27266
25868
26007
27267
25869
26008
27268
25870
26009
27269
25871
26010
27270
25872
26011
27271
25873
26012
27272
25874
26013
27273
25875
26014
27274
25876
26015
27275
25877
26016
27276
25878
26017
27277
25879
26018
27278
25880
26019
27279
25881
26020
27280
25882
26021
27281
25883
26022
27282
25884
26023
27283
25885
26024
27284
25886
26025
27285
25887
26026
27286
25888
26027
27287
25889
26028
27288
25890
26029
27289
25891
26030
27290
25892
26031
27291
25893
26032
27292
25894
26033
27293
25895
26034
27294
25896
26035
27295
25897
26036
27296
25898
26037
27297
25899
26038
27298
26039
27299
25901
26040
27300
25902
26041
27301
25903
26042
27302
25904
26043
27303
25905
26044
27304
25906
26045
27305
25907
26046
27306
25908
26047
27307
25909
26048
27308
25910
26049
27309
25911
26050
27310
25912
26051
27311
25913
26052
27312
25914
26053
27313
25915
26054
27314
25916
26055
27315
25917
26056
27316
25918
26057
27317
25919
26058
27318
25920
26059
27319
25921
26060
27320
25922
26061
27321
25923
26062
27322
25924
26063
27323
25925
26064
27324
25926
26065
27325
25927
26066
27326
25928
26067
27327
25929
26068
27328
25930
26069
27329
25931
26070
27330
25932
26071
27331
25933
26072
27332
25934
26073
27333
25935
26074
27334
25936
26075
27335
25937
26076
27336
25938
26077
27337
25939
26078
27338
25940
26079
27339
25941
26080
27340
25942
26081
27341
25943
26082
27342
25944
26083
27343
25945
26084
27344
25946
26085
27345
25947
26086
27346
25948
26087
27347
25949
26088
27348
25950
26089
27349
25951
26090
27350
25952
26091
27351
25953
26092
27352
25954
26093
27353
25955
26094
27354
25956
26095
27355
25957
26096
27356
25958
26097
27357
25959
26098
27358
25960
26099
27359
25961
26100
27360
25962
26101
27361
25963
26102
27362
25964
26103
27363
25965
26104
27364
25966
26105
27365
25967
26106
27366
25968
26107
27367
25969
26108
27368
25970
26109
27369
25971
26110
27370
25972
26111
27371
25973
26112
27372
25974
26113
27373
25975
26114
27374
25976
26115
27375
25977
26116
27376
25978
26117
27377
25979
26118
27378
25980
26119
27379
25981
26120
27380
25982
26121
27381
25983
26122
27382
25984
26123
27383
25985
26124
27384
25986
26125
27385
25987
26126
27386
25988
26127
27387
25989
26128
27388
25990
26129
27389
25991
26130
27390
25992
26131
27391
25993
26132
27392
25994
26133
27393
25995
26134
27394
25996
26135
27395
25997
26136
27396
25998
26137
27397
25999
26138
27398
26000
26139
27399
26001
26140
27400
26002
26141
27401
26003
26142
27402
26004
26143
27403
26005
26144
27404
26006
26145
27405
26007
26146
27406
26008
26147
27407
26009
26148
27408
26010
26149
27409
26011
26150
27410
26012
26151
27411
26013
26152
27412
26014
26153
27413
26015
26154
27414
26016
26155
27415
26017
26156
27416
26018
26157
27417
26019
26158
27418
26020
26159
27419
26021
26160
27420
26022
26161
27421
26023
26162
27422
26024
26163
27423
26025
26164
27424
26026
26165
27425
26027
26166
27426
26028
26167
27427
26029
26168
27428
26030
26169
27429
26031
26170
27430
26032
26171
27431
26033
26172
27432
26034
26173
27433
26035
26174
27434
26036
26175
27435
26037
26176
27436
26038
26177
27437
26039
26178
27438
26179
27439
26041
26180
27440
26042
26181
27441
26043
26182
27442
26044
26183
27443
26045
26184
27444
26046
26185
27445
26047
26186
27446
26048
26187
27447
26049
26188
27448
26050
26189
27449
26051
26190
27450
26052
26191
27451
26053
26192
27452
26054
26193
27453
26055
26194
27454
26056
26195
27455
26057
26196
27456
26058
26197
27457
26059
26198
27458
26060
26199
27459
26061
26200
27460
26062
26201
27461
26063
26202
27462
26064
26203
27463
26065
26204
27464
26066
26205
27465
26067
26206
27466
26068
26207
27467
26069
26208
27468
26070
26209
27469
26071
26210
27470
26072
26211
27471
26073
26212
27472
26074
26213
27473
26075
26214
27474
26076
26215
27475
26077
26216
27476
26078
26217
27477
26079
26218
27478
26080
26219
27479
26081
26220
27480
26082
26221
27481
26083
26222
27482
26084
26223
27483
26085
26224
27484
26086
26225
27485
26087
26226
27486
26088
26227
27487
26089
26228
27488
26090
26229
27489
26091
26230
27490
26092
26231
27491
26093
26232
27492
26094
26233
27493
26095
26234
27494
26096
26235
27495
26097
26236
27496
26098
26237
27497
26099
26238
27498
26100
26239
27499
26101
26240
27500
26102
26241
27501
26103
26242
27502
26104
26243
27503
26105
26244
27504
26106
26245
27505
26107
26246
27506
26108
26247
27507
26109
26248
27508
26110
26249
27509
26111
26250
27510
26112
26251
27511
26113
26252
27512
26114
26253
27513
26115
26254
27514
26116
26255
27515
26117
26256
27516
26118
26257
27517
26119
26258
27518
26120
26259
27519
26121
26260
27520
26122
26261
27521
26123
26262
27522
26124
26263
27523
26125
26264
27524
26126
26265
27525
26127
26266
27526
26128
26267
27527
26129
26268
27528
26130
26269
27529
26131
26270
27530
26132
26271
27531
26133
26272
27532
26134
26273
27533
26135
26274
27534
26136
26275
27535
26137
26276
27536
26138
26277
27537
26139
26278
27538
26140
26279
27539
26141
26280
27540
26142
26281
27541
26143
26282
27542
26144
26283
27543
26145
26284
27544
26146
26285
27545
26147
26286
27546
26148
26287
27547
26149
26288
27548
26150
26289
27549
26151
26290
27550
26152
26291
27551
26153
26292
27552
26154
26293
27553
26155
26294
27554
26156
26295
27555
26157
26296
27556
26158
26297
27557
26159
26298
27558
26160
26299
27559
26161
26300
27560
26162
26301
27561
26163
26302
27562
26164
26303
27563
26165
26304
27564
26166
26305
27565
26167
26306
27566
26168
26307
27567
26169
26308
27568
26170
26309
27569
26171
26310
27570
26172
26311
27571
26173
26312
27572
26174
26313
27573
26175
26314
27574
26176
26315
27575
26177
26316
27576
26178
26317
27577
26179
26318
27578
26319
27579
26181
26320
27580
26182
26321
27581
26183
26322
27582
26184
26323
27583
26185
26324
27584
26186
26325
27585
26187
26326
27586
26188
26327
27587
26189
26328
27588
26190
26329
27589
26191
26330
27590
26192
26331
27591
26193
26332
27592
26194
26333
27593
26195
26334
27594
26196
26335
27595
26197
26336
27596
26198
26337
27597
26199
26338
27598
26200
26339
27599
26201
26340
27600
26202
26341
27601
26203
26342
27602
26204
26343
27603
26205
26344
27604
26206
26345
27605
26207
26346
27606
26208
26347
27607
26209
26348
27608
26210
26349
27609
26211
26350
27610
26212
26351
27611
26213
26352
27612
26214
26353
27613
26215
26354
27614
26216
26355
27615
26217
26356
27616
26218
26357
27617
26219
26358
27618
26220
26359
27619
26221
26360
27620
26222
26361
27621
26223
26362
27622
26224
26363
27623
26225
26364
27624
26226
26365
27625
26227
26366
27626
26228
26367
27627
26229
26368
27628
26230
26369
27629
26231
26370
27630
26232
26371
27631
26233
26372
27632
26234
26373
27633
26235
26374
27634
26236
26375
27635
26237
26376
27636
26238
26377
27637
26239
26378
27638
26240
26379
27639
26241
26380
27640
26242
26381
27641
26243
26382
27642
26244
26383
27643
26245
26384
27644
26246
26385
27645
26247
26386
27646
26248
26387
27647
26249
26388
27648
26250
26389
27649
26251
26390
27650
26252
26391
27651
26253
26392
27652
26254
26393
27653
26255
26394
27654
26256
26395
27655
26257
26396
27656
26258
26397
27657
26259
26398
27658
26260
26399
27659
26261
26400
27660
26262
26401
27661
26263
26402
27662
26264
26403
27663
26265
26404
27664
26266
26405
27665
26267
26406
27666
26268
26407
27667
26269
26408
27668
26270
26409
27669
26271
26410
27670
26272
26411
27671
26273
26412
27672
26274
26413
27673
26275
26414
27674
26276
26415
27675
26277
26416
27676
26278
26417
27677
26279
26418
27678
26280
26419
27679
26281
26420
27680
26282
26421
27681
26283
26422
27682
26284
26423
27683
26285
26424
27684
26286
26425
27685
26287
26426
27686
26288
26427
27687
26289
26428
27688
26290
26429
27689
26291
26430
27690
26292
26431
27691
26293
26432
27692
26294
26433
27693
26295
26434
27694
26296
26435
27695
26297
26436
27696
26298
26437
27697
26299
26438
27698
26300
26439
27699
26301
26440
27700
26302
26441
27701
26303
26442
27702
26304
26443
27703
26305
26444
27704
26306
26445
27705
26307
26446
27706
26308
26447
27707
26309
26448
27708
26310
26449
27709
26311
26450
27710
26312
26451
27711
26313
26452
27712
26314
26453
27713
26315
26454
27714
26316
26455
27715
26317
26456
27716
26318
26457
27717
26319
26458
27718
26459
27719
26321
26460
27720
26322
26461
27721
26323
26462
27722
26324
26463
27723
26325
26464
27724
26326
26465
27725
26327
26466
27726
26328
26467
27727
26329
26468
27728
26330
26469
27729
26331
26470
27730
26332
26471
27731
26333
26472
27732
26334
26473
27733
26335
26474
27734
26336
26475
27735
26337
26476
27736
26338
26477
27737
26339
26478
27738
26340
26479
27739
26341
26480
27740
26342
26481
27741
26343
26482
27742
26344
26483
27743
26345
26484
27744
26346
26485
27745
26347
26486
27746
26348
26487
27747
26349
26488
27748
26350
26489
27749
26351
26490
27750
26352
26491
27751
26353
26492
27752
26354
26493
27753
26355
26494
27754
26356
26495
27755
26357
26496
27756
26358
26497
27757
26359
26498
27758
26360
26499
27759
26361
26500
27760
26362
26501
27761
26363
26502
27762
26364
26503
27763
26365
26504
27764
26366
26505
27765
26367
26506
27766
26368
26507
27767
26369
26508
27768
26370
26509
27769
26371
26510
27770
26372
26511
27771
26373
26512
27772
26374
26513
27773
26375
26514
27774
26376
26515
27775
26377
26516
27776
26378
26517
27777
26379
26518
27778
26380
26519
27779
26381
26520
27780
26382
26521
27781
26383
26522
27782
26384
26523
27783
26385
26524
27784
26386
26525
27785
26387
26526
27786
26388
26527
27787
26389
26528
27788
26390
26529
27789
26391
26530
27790
26392
26531
27791
26393
26532
27792
26394
26533
27793
26395
26534
27794
26396
26535
27795
26397
26536
27796
26398
26537
27797
26399
26538
27798
26400
26539
27799
26401
26540
27800
26402
26541
27801
26403
26542
27802
26404
26543
27803
26405
26544
27804
26406
26545
27805
26407
26546
27806
26408
26547
27807
26409
26548
27808
26410
26549
27809
26411
26550
27810
26412
26551
27811
26413
26552
27812
26414
26553
27813
26415
26554
27814
26416
26555
27815
26417
26556
27816
26418
26557
27817
26419
26558
27818
26420
26559
27819
26421
26560
27820
26422
26561
27821
26423
26562
27822
26424
26563
27823
26425
26564
27824
26426
26565
27825
26427
26566
27826
26428
26567
27827
26429
26568
27828
26430
26569
27829
26431
26570
27830
26432
26571
27831
26433
26572
27832
26434
26573
27833
26435
26574
27834
26436
26575
27835
26437
26576
27836
26438
26577
27837
26439
26578
27838
26440
26579
27839
26441
26580
27840
26442
26581
27841
26443
26582
27842
26444
26583
27843
26445
26584
27844
26446
26585
27845
26447
26586
27846
26448
26587
27847
26449
26588
27848
26450
26589
27849
26451
26590
27850
26452
26591
27851
26453
26592
27852
26454
26593
27853
26455
26594
27854
26456
26595
27855
26457
26596
27856
26458
26597
27857
26459
26598
27858
26599
27859
26461
27860
26462
27861
26463
27862
26464
27863
26465
27864
26466
27865
26467
27866
26468
27867
26469
27868
26470
27869
26471
27870
26472
27871
26473
27872
26474
27873
26475
27874
26476
27875
26477
27876
26478
27877
26479
27878
26480
27879
26481
27880
26482
27881
26483
27882
26484
27883
26485
27884
26486
27885
26487
27886
26488
27887
26489
27888
26490
27889
26491
27890
26492
27891
26493
27892
26494
27893
26495
27894
26496
27895
26497
27896
26498
27897
26499
27898
26500
27899
26501
27900
26502
27901
26503
27902
26504
27903
26505
27904
26506
27905
26507
27906
26508
27907
26509
27908
26510
27909
26511
27910
26512
27911
26513
27912
26514
27913
26515
27914
26516
27915
26517
27916
26518
27917
26519
27918
26520
27919
26521
27920
26522
27921
26523
27922
26524
27923
26525
27924
26526
27925
26527
27926
26528
27927
26529
27928
26530
27929
26531
27930
26532
27931
26533
27932
26534
27933
26535
27934
26536
27935
26537
27936
26538
27937
26539
27938
26540
27939
26541
27940
26542
27941
26543
27942
26544
27943
26545
27944
26546
27945
26547
27946
26548
27947
26549
27948
26550
27949
26551
27950
26552
27951
26553
27952
26554
27953
26555
27954
26556
27955
26557
27956
26558
27957
26559
27958
26560
27959
26561
27960
26562
27961
26563
27962
26564
27963
26565
27964
26566
27965
26567
27966
26568
27967
26569
27968
26570
27969
26571
27970
26572
27971
26573
27972
26574
27973
26575
27974
26576
27975
26577
27976
26578
27977
26579
27978
26580
27979
26581
27980
26582
27981
26583
27982
26584
27983
26585
27984
26586
27985
26587
27986
26588
27987
26589
27988
26590
27989
26591
27990
26592
27991
26593
27992
26594
27993
26595
27994
26596
27995
26597
27996
26598
27997
26599
27998
27999
26601
26740
26602
26741
26603
26742
26604
26743
26605
26744
26606
26745
26607
26746
26608
26747
26609
26748
26610
26749
26611
26750
26612
26751
26613
26752
26614
26753
26615
26754
26616
26755
26617
26756
26618
26757
26619
26758
26620
26759
26621
26760
26622
26761
26623
26762
26624
26763
26625
26764
26626
26765
26627
26766
26628
26767
26629
26768
26630
26769
26631
26770
26632
26771
26633
26772
26634
26773
26635
26774
26636
26775
26637
26776
26638
26777
26639
26778
26640
26779
26641
26780
26642
26781
26643
26782
26644
26783
26645
26784
26646
26785
26647
26786
26648
26787
26649
26788
26650
26789
26651
26790
26652
26791
26653
26792
26654
26793
26655
26794
26656
26795
26657
26796
26658
26797
26659
26798
26660
26799
26661
26800
26662
26801
26663
26802
26664
26803
26665
26804
26666
26805
26667
26806
26668
26807
26669
26808
26670
26809
26671
26810
26672
26811
26673
26812
26674
26813
26675
26814
26676
26815
26677
26816
26678
26817
26679
26818
26680
26819
26681
26820
26682
26821
26683
26822
26684
26823
26685
26824
26686
26825
26687
26826
26688
26827
26689
26828
26690
26829
26691
26830
26692
26831
26693
26832
26694
26833
26695
26834
26696
26835
26697
26836
26698
26837
26699
26838
26700
26839
26701
26840
26702
26841
26703
26842
26704
26843
26705
26844
26706
26845
26707
26846
26708
26847
26709
26848
26710
26849
26711
26850
26712
26851
26713
26852
26714
26853
26715
26854
26716
26855
26717
26856
26718
26857
26719
26858
26720
26859
26721
26860
26722
26861
26723
26862
26724
26863
26725
26864
26726
26865
26727
26866
26728
26867
26729
26868
26730
26869
26731
26870
26732
26871
26733
26872
26734
26873
26735
26874
26736
26875
26737
26876
26738
26877
26739
26878
26879
26741
26880
26742
26881
26743
26882
26744
26883
26745
26884
26746
26885
26747
26886
26748
26887
26749
26888
26750
26889
26751
26890
26752
26891
26753
26892
26754
26893
26755
26894
26756
26895
26757
26896
26758
26897
26759
26898
26760
26899
26761
26900
26762
26901
26763
26902
26764
26903
26765
26904
26766
26905
26767
26906
26768
26907
26769
26908
26770
26909
26771
26910
26772
26911
26773
26912
26774
26913
26775
26914
26776
26915
26777
26916
26778
26917
26779
26918
26780
26919
26781
26920
26782
26921
26783
26922
26784
26923
26785
26924
26786
26925
26787
26926
26788
26927
26789
26928
26790
26929
26791
26930
26792
26931
26793
26932
26794
26933
26795
26934
26796
26935
26797
26936
26798
26937
26799
26938
26800
26939
26801
26940
26802
26941
26803
26942
26804
26943
26805
26944
26806
26945
26807
26946
26808
26947
26809
26948
26810
26949
26811
26950
26812
26951
26813
26952
26814
26953
26815
26954
26816
26955
26817
26956
26818
26957
26819
26958
26820
26959
26821
26960
26822
26961
26823
26962
26824
26963
26825
26964
26826
26965
26827
26966
26828
26967
26829
26968
26830
26969
26831
26970
26832
26971
26833
26972
26834
26973
26835
26974
26836
26975
26837
26976
26838
26977
26839
26978
26840
26979
26841
26980
26842
26981
26843
26982
26844
26983
26845
26984
26846
26985
26847
26986
26848
26987
26849
26988
26850
26989
26851
26990
26852
26991
26853
26992
26854
26993
26855
26994
26856
26995
26857
26996
26858
26997
26859
26998
26860
26999
26861
27000
26862
27001
26863
27002
26864
27003
26865
27004
26866
27005
26867
27006
26868
27007
26869
27008
26870
27009
26871
27010
26872
27011
26873
27012
26874
27013
26875
27014
26876
27015
26877
27016
26878
27017
26879
27018
27019
26881
27020
26882
27021
26883
27022
26884
27023
26885
27024
26886
27025
26887
27026
26888
27027
26889
27028
26890
27029
26891
27030
26892
27031
26893
27032
26894
27033
26895
27034
26896
27035
26897
27036
26898
27037
26899
27038
26900
27039
26901
27040
26902
27041
26903
27042
26904
27043
26905
27044
26906
27045
26907
27046
26908
27047
26909
27048
26910
27049
26911
27050
26912
27051
26913
27052
26914
27053
26915
27054
26916
27055
26917
27056
26918
27057
26919
27058
26920
27059
26921
27060
26922
27061
26923
27062
26924
27063
26925
27064
26926
27065
26927
27066
26928
27067
26929
27068
26930
27069
26931
27070
26932
27071
26933
27072
26934
27073
26935
27074
26936
27075
26937
27076
26938
27077
26939
27078
26940
27079
26941
27080
26942
27081
26943
27082
26944
27083
26945
27084
26946
27085
26947
27086
26948
27087
26949
27088
26950
27089
26951
27090
26952
27091
26953
27092
26954
27093
26955
27094
26956
27095
26957
27096
26958
27097
26959
27098
26960
27099
26961
27100
26962
27101
26963
27102
26964
27103
26965
27104
26966
27105
26967
27106
26968
27107
26969
27108
26970
27109
26971
27110
26972
27111
26973
27112
26974
27113
26975
27114
26976
27115
26977
27116
26978
27117
26979
27118
26980
27119
26981
27120
26982
27121
26983
27122
26984
27123
26985
27124
26986
27125
26987
27126
26988
27127
26989
27128
26990
27129
26991
27130
26992
27131
26993
27132
26994
27133
26995
27134
26996
27135
26997
27136
26998
27137
26999
27138
27000
27139
27001
27140
27002
27141
27003
27142
27004
27143
27005
27144
27006
27145
27007
27146
27008
27147
27009
27148
27010
27149
27011
27150
27012
27151
27013
27152
27014
27153
27015
27154
27016
27155
27017
27156
27018
27157
27019
27158
27159
27021
27160
27022
27161
27023
27162
27024
27163
27025
27164
27026
27165
27027
27166
27028
27167
27029
27168
27030
27169
27031
27170
27032
27171
27033
27172
27034
27173
27035
27174
27036
27175
27037
27176
27038
27177
27039
27178
27040
27179
27041
27180
27042
27181
27043
27182
27044
27183
27045
27184
27046
27185
27047
27186
27048
27187
27049
27188
27050
27189
27051
27190
27052
27191
27053
27192
27054
27193
27055
27194
27056
27195
27057
27196
27058
27197
27059
27198
27060
27199
27061
27200
27062
27201
27063
27202
27064
27203
27065
27204
27066
27205
27067
27206
27068
27207
27069
27208
27070
27209
27071
27210
27072
27211
27073
27212
27074
27213
27075
27214
27076
27215
27077
27216
27078
27217
27079
27218
27080
27219
27081
27220
27082
27221
27083
27222
27084
27223
27085
27224
27086
27225
27087
27226
27088
27227
27089
27228
27090
27229
27091
27230
27092
27231
27093
27232
27094
27233
27095
27234
27096
27235
27097
27236
27098
27237
27099
27238
27100
27239
27101
27240
27102
27241
27103
27242
27104
27243
27105
27244
27106
27245
27107
27246
27108
27247
27109
27248
27110
27249
27111
27250
27112
27251
27113
27252
27114
27253
27115
27254
27116
27255
27117
27256
27118
27257
27119
27258
27120
27259
27121
27260
27122
27261
27123
27262
27124
27263
27125
27264
27126
27265
27127
27266
27128
27267
27129
27268
27130
27269
27131
27270
27132
27271
27133
27272
27134
27273
27135
27274
27136
27275
27137
27276
27138
27277
27139
27278
27140
27279
27141
27280
27142
27281
27143
27282
27144
27283
27145
27284
27146
27285
27147
27286
27148
27287
27149
27288
27150
27289
27151
27290
27152
27291
27153
27292
27154
27293
27155
27294
27156
27295
27157
27296
27158
27297
27159
27298
27299
27161
27300
27162
27301
27163
27302
27164
27303
27165
27304
27166
27305
27167
27306
27168
27307
27169
27308
27170
27309
27171
27310
27172
27311
27173
27312
27174
27313
27175
27314
27176
27315
27177
27316
27178
27317
27179
27318
27180
27319
27181
27320
27182
27321
27183
27322
27184
27323
27185
27324
27186
27325
27187
27326
27188
27327
27189
27328
27190
27329
27191
27330
27192
27331
27193
27332
27194
27333
27195
27334
27196
27335
27197
27336
27198
27337
27199
27338
27200
27339
27201
27340
27202
27341
27203
27342
27204
27343
27205
27344
27206
27345
27207
27346
27208
27347
27209
27348
27210
27349
27211
27350
27212
27351
27213
27352
27214
27353
27215
27354
27216
27355
27217
27356
27218
27357
27219
27358
27220
27359
27221
27360
27222
27361
27223
27362
27224
27363
27225
27364
27226
27365
27227
27366
27228
27367
27229
27368
27230
27369
27231
27370
27232
27371
27233
27372
27234
27373
27235
27374
27236
27375
27237
27376
27238
27377
27239
27378
27240
27379
27241
27380
27242
27381
27243
27382
27244
27383
27245
27384
27246
27385
27247
27386
27248
27387
27249
27388
27250
27389
27251
27390
27252
27391
27253
27392
27254
27393
27255
27394
27256
27395
27257
27396
27258
27397
27259
27398
27260
27399
27261
27400
27262
27401
27263
27402
27264
27403
27265
27404
27266
27405
27267
27406
27268
27407
27269
27408
27270
27409
27271
27410
27272
27411
27273
27412
27274
27413
27275
27414
27276
27415
27277
27416
27278
27417
27279
27418
27280
27419
27281
27420
27282
27421
27283
27422
27284
27423
27285
27424
27286
27425
27287
27426
27288
27427
27289
27428
27290
27429
27291
27430
27292
27431
27293
27432
27294
27433
27295
27434
27296
27435
27297
27436
27298
27437
27299
27438
27439
27301
27440
27302
27441
27303
27442
27304
27443
27305
27444
27306
27445
27307
27446
27308
27447
27309
27448
27310
27449
27311
27450
27312
27451
27313
27452
27314
27453
27315
27454
27316
27455
27317
27456
27318
27457
27319
27458
27320
27459
27321
27460
27322
27461
27323
27462
27324
27463
27325
27464
27326
27465
27327
27466
27328
27467
27329
27468
27330
27469
27331
27470
27332
27471
27333
27472
27334
27473
27335
27474
27336
27475
27337
27476
27338
27477
27339
27478
27340
27479
27341
27480
27342
27481
27343
27482
27344
27483
27345
27484
27346
27485
27347
27486
27348
27487
27349
27488
27350
27489
27351
27490
27352
27491
27353
27492
27354
27493
27355
27494
27356
27495
27357
27496
27358
27497
27359
27498
27360
27499
27361
27500
27362
27501
27363
27502
27364
27503
27365
27504
27366
27505
27367
27506
27368
27507
27369
27508
27370
27509
27371
27510
27372
27511
27373
27512
27374
27513
27375
27514
27376
27515
27377
27516
27378
27517
27379
27518
27380
27519
27381
27520
27382
27521
27383
27522
27384
27523
27385
27524
27386
27525
27387
27526
27388
27527
27389
27528
27390
27529
27391
27530
27392
27531
27393
27532
27394
27533
27395
27534
27396
27535
27397
27536
27398
27537
27399
27538
27400
27539
27401
27540
27402
27541
27403
27542
27404
27543
27405
27544
27406
27545
27407
27546
27408
27547
27409
27548
27410
27549
27411
27550
27412
27551
27413
27552
27414
27553
27415
27554
27416
27555
27417
27556
27418
27557
27419
27558
27420
27559
27421
27560
27422
27561
27423
27562
27424
27563
27425
27564
27426
27565
27427
27566
27428
27567
27429
27568
27430
27569
27431
27570
27432
27571
27433
27572
27434
27573
27435
27574
27436
27575
27437
27576
27438
27577
27439
27578
27579
27441
27580
27442
27581
27443
27582
27444
27583
27445
27584
27446
27585
27447
27586
27448
27587
27449
27588
27450
27589
27451
27590
27452
27591
27453
27592
27454
27593
27455
27594
27456
27595
27457
27596
27458
27597
27459
27598
27460
27599
27461
27600
27462
27601
27463
27602
27464
27603
27465
27604
27466
27605
27467
27606
27468
27607
27469
27608
27470
27609
27471
27610
27472
27611
27473
27612
27474
27613
27475
27614
27476
27615
27477
27616
27478
27617
27479
27618
27480
27619
27481
27620
27482
27621
27483
27622
27484
27623
27485
27624
27486
27625
27487
27626
27488
27627
27489
27628
27490
27629
27491
27630
27492
27631
27493
27632
27494
27633
27495
27634
27496
27635
27497
27636
27498
27637
27499
27638
27500
27639
27501
27640
27502
27641
27503
27642
27504
27643
27505
27644
27506
27645
27507
27646
27508
27647
27509
27648
27510
27649
27511
27650
27512
27651
27513
27652
27514
27653
27515
27654
27516
27655
27517
27656
27518
27657
27519
27658
27520
27659
27521
27660
27522
27661
27523
27662
27524
27663
27525
27664
27526
27665
27527
27666
27528
27667
27529
27668
27530
27669
27531
27670
27532
27671
27533
27672
27534
27673
27535
27674
27536
27675
27537
27676
27538
27677
27539
27678
27540
27679
27541
27680
27542
27681
27543
27682
27544
27683
27545
27684
27546
27685
27547
27686
27548
27687
27549
27688
27550
27689
27551
27690
27552
27691
27553
27692
27554
27693
27555
27694
27556
27695
27557
27696
27558
27697
27559
27698
27560
27699
27561
27700
27562
27701
27563
27702
27564
27703
27565
27704
27566
27705
27567
27706
27568
27707
27569
27708
27570
27709
27571
27710
27572
27711
27573
27712
27574
27713
27575
27714
27576
27715
27577
27716
27578
27717
27579
27718
27719
27581
27720
27582
27721
27583
27722
27584
27723
27585
27724
27586
27725
27587
27726
27588
27727
27589
27728
27590
27729
27591
27730
27592
27731
27593
27732
27594
27733
27595
27734
27596
27735
27597
27736
27598
27737
27599
27738
27600
27739
27601
27740
27602
27741
27603
27742
27604
27743
27605
27744
27606
27745
27607
27746
27608
27747
27609
27748
27610
27749
27611
27750
27612
27751
27613
27752
27614
27753
27615
27754
27616
27755
27617
27756
27618
27757
27619
27758
27620
27759
27621
27760
27622
27761
27623
27762
27624
27763
27625
27764
27626
27765
27627
27766
27628
27767
27629
27768
27630
27769
27631
27770
27632
27771
27633
27772
27634
27773
27635
27774
27636
27775
27637
27776
27638
27777
27639
27778
27640
27779
27641
27780
27642
27781
27643
27782
27644
27783
27645
27784
27646
27785
27647
27786
27648
27787
27649
27788
27650
27789
27651
27790
27652
27791
27653
27792
27654
27793
27655
27794
27656
27795
27657
27796
27658
27797
27659
27798
27660
27799
27661
27800
27662
27801
27663
27802
27664
27803
27665
27804
27666
27805
27667
27806
27668
27807
27669
27808
27670
27809
27671
27810
27672
27811
27673
27812
27674
27813
27675
27814
27676
27815
27677
27816
27678
27817
27679
27818
27680
27819
27681
27820
27682
27821
27683
27822
27684
27823
27685
27824
27686
27825
27687
27826
27688
27827
27689
27828
27690
27829
27691
27830
27692
27831
27693
27832
27694
27833
27695
27834
27696
27835
27697
27836
27698
27837
27699
27838
27700
27839
27701
27840
27702
27841
27703
27842
27704
27843
27705
27844
27706
27845
27707
27846
27708
27847
27709
27848
27710
27849
27711
27850
27712
27851
27713
27852
27714
27853
27715
27854
27716
27855
27717
27856
27718
27857
27719
27858
27859
27721
27860
27722
27861
27723
27862
27724
27863
27725
27864
27726
27865
27727
27866
27728
27867
27729
27868
27730
27869
27731
27870
27732
27871
27733
27872
27734
27873
27735
27874
27736
27875
27737
27876
27738
27877
27739
27878
27740
27879
27741
27880
27742
27881
27743
27882
27744
27883
27745
27884
27746
27885
27747
27886
27748
27887
27749
27888
27750
27889
27751
27890
27752
27891
27753
27892
27754
27893
27755
27894
27756
27895
27757
27896
27758
27897
27759
27898
27760
27899
27761
27900
27762
27901
27763
27902
27764
27903
27765
27904
27766
27905
27767
27906
27768
27907
27769
27908
27770
27909
27771
27910
27772
27911
27773
27912
27774
27913
27775
27914
27776
27915
27777
27916
27778
27917
27779
27918
27780
27919
27781
27920
27782
27921
27783
27922
27784
27923
27785
27924
27786
27925
27787
27926
27788
27927
27789
27928
27790
27929
27791
27930
27792
27931
27793
27932
27794
27933
27795
27934
27796
27935
27797
27936
27798
27937
27799
27938
27800
27939
27801
27940
27802
27941
27803
27942
27804
27943
27805
27944
27806
27945
27807
27946
27808
27947
27809
27948
27810
27949
27811
27950
27812
27951
27813
27952
27814
27953
27815
27954
27816
27955
27817
27956
27818
27957
27819
27958
27820
27959
27821
27960
27822
27961
27823
27962
27824
27963
27825
27964
27826
27965
27827
27966
27828
27967
27829
27968
27830
27969
27831
27970
27832
27971
27833
27972
27834
27973
27835
27974
27836
27975
27837
27976
27838
27977
27839
27978
27840
27979
27841
27980
27842
27981
27843
27982
27844
27983
27845
27984
27846
27985
27847
27986
27848
27987
27849
27988
27850
27989
27851
27990
27852
27991
27853
27992
27854
27993
27855
27994
27856
27995
27857
27996
27858
27997
27859
27998
27999
27861
27862
27863
27864
27865
27866
27867
27868
27869
27870
27871
27872
27873
27874
27875
27876
27877
27878
27879
27880
27881
27882
27883
27884
27885
27886
27887
27888
27889
27890
27891
27892
27893
27894
27895
27896
27897
27898
27899
27900
27901
27902
27903
27904
27905
27906
27907
27908
27909
27910
27911
27912
27913
27914
27915
27916
27917
27918
27919
27920
27921
27922
27923
27924
27925
27926
27927
27928
27929
27930
27931
27932
27933
27934
27935
27936
27937
27938
27939
27940
27941
27942
27943
27944
27945
27946
27947
27948
27949
27950
27951
27952
27953
27954
27955
27956
27957
27958
27959
27960
27961
27962
27963
27964
27965
27966
27967
27968
27969
27970
27971
27972
27973
27974
27975
27976
27977
27978
27979
27980
27981
27982
27983
27984
27985
27986
27987
27988
27989
27990
27991
27992
27993
27994
27995
27996
27997
27998
27999
)


// ************************************************************************* //
