/*--------------------------------*- C++ -*----------------------------------*\
| =========                 |                                                 |
| \\      /  F ield         | foam-extend: Open Source CFD                    |
|  \\    /   O peration     | Version:     4.1                                |
|   \\  /    A nd           | Web:         http://www.foam-extend.org         |
|    \\/     M anipulation  |                                                 |
\*---------------------------------------------------------------------------*/
FoamFile
{
    version     2.0;
    format      ascii;
    class       vectorField;
    location    "constant/polyMesh";
    object      points;
}
// * * * * * * * * * * * * * * * * * * * * * * * * * * * * * * * * * * * * * //


8442
(
(0 0 0.02)
(7.499999999999999e-05 0 0.02)
(0.00015 0 0.02)
(0.000225 0 0.02)
(0.0003 0 0.02)
(0.0003750000000000001 0 0.02)
(0.00045 0 0.02)
(0.0005250000000000002 0 0.02)
(0.0005999999999999999 0 0.02)
(0.000675 0 0.02)
(0.0007500000000000001 0 0.02)
(0.0008250000000000001 0 0.02)
(0.0009000000000000001 0 0.02)
(0.000975 0 0.02)
(0.00105 0 0.02)
(0.001125 0 0.02)
(0.0012 0 0.02)
(0.001275 0 0.02)
(0.00135 0 0.02)
(0.001425 0 0.02)
(0.0015 0 0.02)
(0.001575 0 0.02)
(0.00165 0 0.02)
(0.001725 0 0.02)
(0.0018 0 0.02)
(0.001875 0 0.02)
(0.00195 0 0.02)
(0.002025 0 0.02)
(0.002100000000000001 0 0.02)
(0.002174999999999999 0 0.02)
(0.00225 0 0.02)
(0.002325 0 0.02)
(0.0024 0 0.02)
(0.002475 0 0.02)
(0.00255 0 0.02)
(0.002625 0 0.02)
(0.0027 0 0.02)
(0.002775 0 0.02)
(0.002850000000000001 0 0.02)
(0.002925 0 0.02)
(0.003 0 0.02)
(0.003075 0 0.02)
(0.00315 0 0.02)
(0.003225 0 0.02)
(0.0033 0 0.02)
(0.003375000000000001 0 0.02)
(0.00345 0 0.02)
(0.003525 0 0.02)
(0.0036 0 0.02)
(0.003675 0 0.02)
(0.00375 0 0.02)
(0.003825 0 0.02)
(0.0039 0 0.02)
(0.003975 0 0.02)
(0.004050000000000001 0 0.02)
(0.004125 0 0.02)
(0.004200000000000001 0 0.02)
(0.004275 0 0.02)
(0.004349999999999999 0 0.02)
(0.004425000000000001 0 0.02)
(0.0045 0 0.02)
(0.004575 0 0.02)
(0.00465 0 0.02)
(0.004725 0 0.02)
(0.0048 0 0.02)
(0.004875000000000001 0 0.02)
(0.00495 0 0.02)
(0.005025000000000001 0 0.02)
(0.0051 0 0.02)
(0.005175 0 0.02)
(0.005249999999999999 0 0.02)
(0.005325 0 0.02)
(0.0054 0 0.02)
(0.005475 0 0.02)
(0.005549999999999999 0 0.02)
(0.005625 0 0.02)
(0.005700000000000001 0 0.02)
(0.005775000000000001 0 0.02)
(0.00585 0 0.02)
(0.005925000000000001 0 0.02)
(0.006000000000000001 0 0.02)
(0.006075000000000001 0 0.02)
(0.00615 0 0.02)
(0.006225 0 0.02)
(0.0063 0 0.02)
(0.006375 0 0.02)
(0.00645 0 0.02)
(0.006525 0 0.02)
(0.006600000000000001 0 0.02)
(0.006675 0 0.02)
(0.006750000000000002 0 0.02)
(0.006825 0 0.02)
(0.006900000000000001 0 0.02)
(0.006975000000000001 0 0.02)
(0.00705 0 0.02)
(0.007124999999999999 0 0.02)
(0.007200000000000001 0 0.02)
(0.007275 0 0.02)
(0.00735 0 0.02)
(0.007425000000000001 0 0.02)
(0.0075 0 0.02)
(0.007574999999999999 0 0.02)
(0.007650000000000001 0 0.02)
(0.007725 0 0.02)
(0.0078 0 0.02)
(0.007875000000000002 0 0.02)
(0.00795 0 0.02)
(0.008024999999999999 0 0.02)
(0.008100000000000001 0 0.02)
(0.008175000000000002 0 0.02)
(0.00825 0 0.02)
(0.008325000000000001 0 0.02)
(0.008400000000000003 0 0.02)
(0.008474999999999998 0 0.02)
(0.00855 0 0.02)
(0.008624999999999999 0 0.02)
(0.008699999999999998 0 0.02)
(0.008775 0 0.02)
(0.008850000000000002 0 0.02)
(0.008925000000000001 0 0.02)
(0.008999999999999999 0 0.02)
(0.009075000000000001 0 0.02)
(0.00915 0 0.02)
(0.009225000000000001 0 0.02)
(0.009300000000000001 0 0.02)
(0.009375 0 0.02)
(0.00945 0 0.02)
(0.009525 0 0.02)
(0.009599999999999999 0 0.02)
(0.009675 0 0.02)
(0.009750000000000002 0 0.02)
(0.009825 0 0.02)
(0.009899999999999999 0 0.02)
(0.009975000000000001 0 0.02)
(0.01005 0 0.02)
(0.010125 0 0.02)
(0.0102 0 0.02)
(0.010275 0 0.02)
(0.01035 0 0.02)
(0.010425 0 0.02)
(0.0105 0 0.02)
(0.010575 0 0.02)
(0.01065 0 0.02)
(0.010725 0 0.02)
(0.0108 0 0.02)
(0.010875 0 0.02)
(0.01095 0 0.02)
(0.011025 0 0.02)
(0.0111 0 0.02)
(0.011175 0 0.02)
(0.01125 0 0.02)
(0.011325 0 0.02)
(0.0114 0 0.02)
(0.011475 0 0.02)
(0.01155 0 0.02)
(0.011625 0 0.02)
(0.0117 0 0.02)
(0.011775 0 0.02)
(0.01185 0 0.02)
(0.011925 0 0.02)
(0.012 0 0.02)
(0.012075 0 0.02)
(0.01215 0 0.02)
(0.012225 0 0.02)
(0.0123 0 0.02)
(0.012375 0 0.02)
(0.01245 0 0.02)
(0.012525 0 0.02)
(0.0126 0 0.02)
(0.012675 0 0.02)
(0.01275 0 0.02)
(0.012825 0 0.02)
(0.0129 0 0.02)
(0.012975 0 0.02)
(0.01305 0 0.02)
(0.013125 0 0.02)
(0.0132 0 0.02)
(0.013275 0 0.02)
(0.01335 0 0.02)
(0.013425 0 0.02)
(0.0135 0 0.02)
(0.013575 0 0.02)
(0.01365 0 0.02)
(0.013725 0 0.02)
(0.0138 0 0.02)
(0.013875 0 0.02)
(0.01395 0 0.02)
(0.014025 0 0.02)
(0.0141 0 0.02)
(0.014175 0 0.02)
(0.01425 0 0.02)
(0.014325 0 0.02)
(0.0144 0 0.02)
(0.014475 0 0.02)
(0.01455 0 0.02)
(0.014625 0 0.02)
(0.0147 0 0.02)
(0.014775 0 0.02)
(0.01485 0 0.02)
(0.014925 0 0.02)
(0.015 0 0.02)
(0 0.005 0.02)
(7.499999999999999e-05 0.005 0.02)
(0.00015 0.005 0.02)
(0.000225 0.004999999999999999 0.02)
(0.0003 0.005 0.02)
(0.0003750000000000001 0.005 0.02)
(0.00045 0.005 0.02)
(0.0005250000000000002 0.004999999999999999 0.02)
(0.0005999999999999999 0.005 0.02)
(0.000675 0.005 0.02)
(0.0007500000000000001 0.005 0.02)
(0.0008250000000000001 0.004999999999999999 0.02)
(0.0009000000000000001 0.005 0.02)
(0.000975 0.005 0.02)
(0.00105 0.005 0.02)
(0.001125 0.005 0.02)
(0.0012 0.005 0.02)
(0.001275 0.005 0.02)
(0.00135 0.005 0.02)
(0.001425 0.005 0.02)
(0.0015 0.005 0.02)
(0.001575 0.005 0.02)
(0.00165 0.005 0.02)
(0.001725 0.005 0.02)
(0.0018 0.005 0.02)
(0.001875 0.005 0.02)
(0.00195 0.005 0.02)
(0.002025 0.005 0.02)
(0.002100000000000001 0.005 0.02)
(0.002174999999999999 0.005 0.02)
(0.00225 0.005 0.02)
(0.002325 0.005 0.02)
(0.0024 0.004999999999999999 0.02)
(0.002475 0.005 0.02)
(0.00255 0.005 0.02)
(0.002625 0.005 0.02)
(0.0027 0.005 0.02)
(0.002775 0.005 0.02)
(0.002850000000000001 0.005 0.02)
(0.002925 0.005 0.02)
(0.003 0.005 0.02)
(0.003075 0.005 0.02)
(0.00315 0.005 0.02)
(0.003225 0.005 0.02)
(0.0033 0.005 0.02)
(0.003375000000000001 0.005 0.02)
(0.00345 0.005 0.02)
(0.003525 0.005 0.02)
(0.0036 0.005 0.02)
(0.003675 0.005 0.02)
(0.00375 0.005 0.02)
(0.003825 0.005 0.02)
(0.0039 0.005 0.02)
(0.003975 0.005 0.02)
(0.004050000000000001 0.005 0.02)
(0.004125 0.005 0.02)
(0.004200000000000001 0.005 0.02)
(0.004275 0.005 0.02)
(0.004349999999999999 0.005 0.02)
(0.004425000000000001 0.005 0.02)
(0.0045 0.005 0.02)
(0.004575 0.005 0.02)
(0.00465 0.005 0.02)
(0.004725 0.005 0.02)
(0.0048 0.005 0.02)
(0.004875000000000001 0.005 0.02)
(0.00495 0.005 0.02)
(0.005025000000000001 0.005 0.02)
(0.0051 0.005 0.02)
(0.005175 0.005 0.02)
(0.005249999999999999 0.005 0.02)
(0.005325 0.005 0.02)
(0.0054 0.005 0.02)
(0.005475 0.005 0.02)
(0.005549999999999999 0.005 0.02)
(0.005625 0.005 0.02)
(0.005700000000000001 0.005 0.02)
(0.005775000000000001 0.005 0.02)
(0.00585 0.005 0.02)
(0.005925000000000001 0.005 0.02)
(0.006000000000000001 0.005 0.02)
(0.006075000000000001 0.005 0.02)
(0.00615 0.005 0.02)
(0.006225 0.005 0.02)
(0.0063 0.005 0.02)
(0.006375 0.005 0.02)
(0.00645 0.005 0.02)
(0.006525 0.005 0.02)
(0.006600000000000001 0.005 0.02)
(0.006675 0.005 0.02)
(0.006750000000000002 0.005 0.02)
(0.006825 0.005 0.02)
(0.006900000000000001 0.005 0.02)
(0.006975000000000001 0.005 0.02)
(0.00705 0.005 0.02)
(0.007124999999999999 0.005 0.02)
(0.007200000000000001 0.005 0.02)
(0.007275 0.005 0.02)
(0.00735 0.005 0.02)
(0.007425000000000001 0.005 0.02)
(0.0075 0.005 0.02)
(0.007574999999999999 0.005 0.02)
(0.007650000000000001 0.005 0.02)
(0.007725 0.005 0.02)
(0.0078 0.005 0.02)
(0.007875000000000002 0.005 0.02)
(0.00795 0.005 0.02)
(0.008024999999999999 0.005 0.02)
(0.008100000000000001 0.005 0.02)
(0.008175000000000002 0.005 0.02)
(0.00825 0.005 0.02)
(0.008325000000000001 0.005 0.02)
(0.008400000000000003 0.005 0.02)
(0.008474999999999998 0.005 0.02)
(0.00855 0.005 0.02)
(0.008624999999999999 0.005 0.02)
(0.008699999999999998 0.005 0.02)
(0.008775 0.005 0.02)
(0.008850000000000002 0.005 0.02)
(0.008925000000000001 0.005 0.02)
(0.008999999999999999 0.005 0.02)
(0.009075000000000001 0.005 0.02)
(0.00915 0.005 0.02)
(0.009225000000000001 0.005 0.02)
(0.009300000000000001 0.005 0.02)
(0.009375 0.005 0.02)
(0.00945 0.005 0.02)
(0.009525 0.005 0.02)
(0.009599999999999999 0.005 0.02)
(0.009675 0.005 0.02)
(0.009750000000000002 0.005 0.02)
(0.009825 0.005 0.02)
(0.009899999999999999 0.005 0.02)
(0.009975000000000001 0.005 0.02)
(0.01005 0.005 0.02)
(0.010125 0.005 0.02)
(0.0102 0.005 0.02)
(0.010275 0.005 0.02)
(0.01035 0.005 0.02)
(0.010425 0.005 0.02)
(0.0105 0.005 0.02)
(0.010575 0.005 0.02)
(0.01065 0.005 0.02)
(0.010725 0.005 0.02)
(0.0108 0.005 0.02)
(0.010875 0.005 0.02)
(0.01095 0.005 0.02)
(0.011025 0.005 0.02)
(0.0111 0.005 0.02)
(0.011175 0.005 0.02)
(0.01125 0.005 0.02)
(0.011325 0.005 0.02)
(0.0114 0.005 0.02)
(0.011475 0.005 0.02)
(0.01155 0.005 0.02)
(0.011625 0.005 0.02)
(0.0117 0.005 0.02)
(0.011775 0.005 0.02)
(0.01185 0.005 0.02)
(0.011925 0.005 0.02)
(0.012 0.005 0.02)
(0.012075 0.005 0.02)
(0.01215 0.005 0.02)
(0.012225 0.005 0.02)
(0.0123 0.005 0.02)
(0.012375 0.005 0.02)
(0.01245 0.005 0.02)
(0.012525 0.005 0.02)
(0.0126 0.005 0.02)
(0.012675 0.005 0.02)
(0.01275 0.005 0.02)
(0.012825 0.005 0.02)
(0.0129 0.005 0.02)
(0.012975 0.005 0.02)
(0.01305 0.005 0.02)
(0.013125 0.005 0.02)
(0.0132 0.005 0.02)
(0.013275 0.005 0.02)
(0.01335 0.005 0.02)
(0.013425 0.005 0.02)
(0.0135 0.005 0.02)
(0.013575 0.005 0.02)
(0.01365 0.005 0.02)
(0.013725 0.005 0.02)
(0.0138 0.005 0.02)
(0.013875 0.005 0.02)
(0.01395 0.005 0.02)
(0.014025 0.005 0.02)
(0.0141 0.005 0.02)
(0.014175 0.005 0.02)
(0.01425 0.005 0.02)
(0.014325 0.005 0.02)
(0.0144 0.005 0.02)
(0.014475 0.005 0.02)
(0.01455 0.005 0.02)
(0.014625 0.005 0.02)
(0.0147 0.005 0.02)
(0.014775 0.005 0.02)
(0.01485 0.005 0.02)
(0.014925 0.005 0.02)
(0.015 0.005 0.02)
(0 0 0.020025)
(7.500000000000001e-05 0 0.020025)
(0.00015 0 0.020025)
(0.000225 0 0.020025)
(0.0003 0 0.020025)
(0.0003750000000000001 0 0.020025)
(0.00045 0 0.020025)
(0.0005250000000000002 0 0.020025)
(0.0005999999999999999 0 0.020025)
(0.0006749999999999999 0 0.020025)
(0.0007500000000000001 0 0.020025)
(0.0008250000000000001 0 0.020025)
(0.0009000000000000001 0 0.020025)
(0.000975 0 0.020025)
(0.00105 0 0.020025)
(0.001125 0 0.020025)
(0.0012 0 0.020025)
(0.001275 0 0.020025)
(0.00135 0 0.020025)
(0.001425 0 0.020025)
(0.0015 0 0.020025)
(0.001575 0 0.020025)
(0.00165 0 0.020025)
(0.001725 0 0.020025)
(0.0018 0 0.020025)
(0.001875 0 0.020025)
(0.00195 0 0.020025)
(0.002025 0 0.020025)
(0.002100000000000001 0 0.020025)
(0.002175 0 0.020025)
(0.00225 0 0.020025)
(0.002325 0 0.020025)
(0.0024 0 0.020025)
(0.002475000000000001 0 0.020025)
(0.002550000000000001 0 0.020025)
(0.002625 0 0.020025)
(0.0027 0 0.020025)
(0.002775 0 0.020025)
(0.00285 0 0.020025)
(0.002925 0 0.020025)
(0.003 0 0.020025)
(0.003075 0 0.020025)
(0.00315 0 0.020025)
(0.003225 0 0.020025)
(0.0033 0 0.020025)
(0.003375000000000001 0 0.020025)
(0.00345 0 0.020025)
(0.003525 0 0.020025)
(0.0036 0 0.020025)
(0.003675 0 0.020025)
(0.00375 0 0.020025)
(0.003825000000000001 0 0.020025)
(0.0039 0 0.020025)
(0.003975 0 0.020025)
(0.004050000000000001 0 0.020025)
(0.004125 0 0.020025)
(0.004200000000000001 0 0.020025)
(0.004274999999999999 0 0.020025)
(0.00435 0 0.020025)
(0.004425000000000001 0 0.020025)
(0.0045 0 0.02002499999999999)
(0.004575 0 0.020025)
(0.00465 0 0.020025)
(0.004725 0 0.020025)
(0.0048 0 0.020025)
(0.004875 0 0.020025)
(0.00495 0 0.020025)
(0.005025000000000001 0 0.020025)
(0.0051 0 0.020025)
(0.005175000000000001 0 0.020025)
(0.00525 0 0.020025)
(0.005324999999999999 0 0.020025)
(0.005399999999999999 0 0.020025)
(0.005475 0 0.020025)
(0.00555 0 0.020025)
(0.005624999999999999 0 0.020025)
(0.005699999999999999 0 0.020025)
(0.005775000000000001 0 0.020025)
(0.005850000000000001 0 0.020025)
(0.005925 0 0.020025)
(0.006000000000000001 0 0.020025)
(0.006075000000000001 0 0.020025)
(0.006150000000000001 0 0.020025)
(0.006225 0 0.020025)
(0.0063 0 0.020025)
(0.006375 0 0.020025)
(0.006450000000000002 0 0.020025)
(0.006524999999999999 0 0.020025)
(0.006600000000000001 0 0.020025)
(0.006675 0 0.020025)
(0.006750000000000002 0 0.020025)
(0.006825 0 0.020025)
(0.0069 0 0.020025)
(0.006975000000000001 0 0.020025)
(0.007050000000000001 0 0.020025)
(0.007124999999999999 0 0.020025)
(0.007200000000000001 0 0.020025)
(0.007275 0 0.020025)
(0.00735 0 0.020025)
(0.007425000000000001 0 0.020025)
(0.0075 0 0.020025)
(0.007574999999999999 0 0.020025)
(0.007650000000000001 0 0.020025)
(0.007725 0 0.020025)
(0.0078 0 0.020025)
(0.007875 0 0.020025)
(0.00795 0 0.020025)
(0.008024999999999999 0 0.020025)
(0.0081 0 0.020025)
(0.008175000000000002 0 0.020025)
(0.00825 0 0.020025)
(0.008325000000000001 0 0.020025)
(0.008400000000000003 0 0.020025)
(0.008474999999999998 0 0.020025)
(0.00855 0 0.020025)
(0.008624999999999999 0 0.020025)
(0.008699999999999999 0 0.020025)
(0.008775 0 0.020025)
(0.008850000000000002 0 0.020025)
(0.008925000000000001 0 0.020025)
(0.008999999999999999 0 0.020025)
(0.009075000000000001 0 0.020025)
(0.00915 0 0.020025)
(0.009224999999999999 0 0.020025)
(0.009300000000000001 0 0.020025)
(0.009375 0 0.020025)
(0.00945 0 0.020025)
(0.009525000000000002 0 0.020025)
(0.009599999999999999 0 0.020025)
(0.009675 0 0.020025)
(0.009750000000000002 0 0.020025)
(0.009824999999999999 0 0.020025)
(0.009899999999999999 0 0.020025)
(0.009975000000000001 0 0.020025)
(0.01005 0 0.020025)
(0.010125 0 0.020025)
(0.0102 0 0.020025)
(0.010275 0 0.020025)
(0.01035 0 0.020025)
(0.010425 0 0.020025)
(0.0105 0 0.020025)
(0.010575 0 0.020025)
(0.01065 0 0.020025)
(0.010725 0 0.020025)
(0.0108 0 0.020025)
(0.010875 0 0.020025)
(0.01095 0 0.020025)
(0.011025 0 0.020025)
(0.0111 0 0.020025)
(0.011175 0 0.020025)
(0.01125 0 0.020025)
(0.011325 0 0.020025)
(0.0114 0 0.020025)
(0.011475 0 0.020025)
(0.01155 0 0.020025)
(0.011625 0 0.020025)
(0.0117 0 0.020025)
(0.011775 0 0.020025)
(0.01185 0 0.020025)
(0.011925 0 0.020025)
(0.012 0 0.020025)
(0.012075 0 0.020025)
(0.01215 0 0.020025)
(0.012225 0 0.020025)
(0.0123 0 0.020025)
(0.012375 0 0.020025)
(0.01245 0 0.020025)
(0.012525 0 0.020025)
(0.0126 0 0.020025)
(0.012675 0 0.020025)
(0.01275 0 0.020025)
(0.012825 0 0.020025)
(0.0129 0 0.020025)
(0.012975 0 0.020025)
(0.01305 0 0.020025)
(0.013125 0 0.020025)
(0.0132 0 0.020025)
(0.013275 0 0.020025)
(0.01335 0 0.020025)
(0.013425 0 0.020025)
(0.0135 0 0.020025)
(0.013575 0 0.020025)
(0.01365 0 0.020025)
(0.013725 0 0.020025)
(0.0138 0 0.020025)
(0.013875 0 0.020025)
(0.01395 0 0.020025)
(0.014025 0 0.020025)
(0.0141 0 0.020025)
(0.014175 0 0.020025)
(0.01425 0 0.020025)
(0.014325 0 0.020025)
(0.0144 0 0.020025)
(0.014475 0 0.020025)
(0.01455 0 0.020025)
(0.014625 0 0.020025)
(0.0147 0 0.020025)
(0.014775 0 0.020025)
(0.01485 0 0.020025)
(0.014925 0 0.020025)
(0.015 0 0.020025)
(0 0.005 0.020025)
(7.500000000000001e-05 0.005000000000000001 0.020025)
(0.00015 0.005 0.020025)
(0.000225 0.005 0.020025)
(0.0003 0.004999999999999999 0.020025)
(0.0003750000000000001 0.005 0.020025)
(0.00045 0.005 0.020025)
(0.0005250000000000002 0.004999999999999999 0.020025)
(0.0005999999999999999 0.005 0.020025)
(0.0006749999999999999 0.005000000000000001 0.020025)
(0.0007500000000000001 0.005 0.020025)
(0.0008250000000000001 0.004999999999999999 0.020025)
(0.0009000000000000001 0.004999999999999999 0.020025)
(0.000975 0.005 0.020025)
(0.00105 0.005 0.020025)
(0.001125 0.005 0.020025)
(0.0012 0.005 0.020025)
(0.001275 0.005000000000000001 0.020025)
(0.00135 0.005 0.020025)
(0.001425 0.005 0.020025)
(0.0015 0.004999999999999999 0.020025)
(0.001575 0.005 0.020025)
(0.00165 0.005 0.020025)
(0.001725 0.005 0.020025)
(0.0018 0.004999999999999999 0.020025)
(0.001875 0.005 0.020025)
(0.00195 0.005 0.020025)
(0.002025 0.005 0.020025)
(0.002100000000000001 0.004999999999999999 0.020025)
(0.002175 0.005 0.020025)
(0.00225 0.005000000000000001 0.020025)
(0.002325 0.005 0.020025)
(0.0024 0.005 0.020025)
(0.002475000000000001 0.005 0.020025)
(0.002550000000000001 0.005 0.020025)
(0.002625 0.005 0.020025)
(0.0027 0.005 0.020025)
(0.002775 0.005 0.020025)
(0.00285 0.005000000000000001 0.020025)
(0.002925 0.004999999999999998 0.020025)
(0.003 0.005 0.020025)
(0.003075 0.005 0.020025)
(0.00315 0.005 0.020025)
(0.003225 0.005 0.020025)
(0.0033 0.005 0.020025)
(0.003375000000000001 0.005 0.020025)
(0.00345 0.005000000000000001 0.020025)
(0.003525 0.005 0.020025)
(0.0036 0.005 0.020025)
(0.003675 0.005 0.020025)
(0.00375 0.005 0.020025)
(0.003825000000000001 0.005 0.020025)
(0.0039 0.005 0.020025)
(0.003975 0.005 0.020025)
(0.004050000000000001 0.005000000000000001 0.020025)
(0.004125 0.005 0.020025)
(0.004200000000000001 0.005 0.020025)
(0.004274999999999999 0.005000000000000001 0.020025)
(0.00435 0.005 0.020025)
(0.004425000000000001 0.005 0.020025)
(0.0045 0.005 0.02002499999999999)
(0.004575 0.005 0.020025)
(0.00465 0.005 0.020025)
(0.004725 0.005 0.020025)
(0.0048 0.005 0.020025)
(0.004875 0.005 0.020025)
(0.00495 0.005 0.020025)
(0.005025000000000001 0.005 0.020025)
(0.0051 0.004999999999999998 0.020025)
(0.005175000000000001 0.005 0.020025)
(0.00525 0.005000000000000001 0.020025)
(0.005324999999999999 0.005 0.020025)
(0.005399999999999999 0.005 0.020025)
(0.005475 0.005 0.020025)
(0.00555 0.005 0.020025)
(0.005624999999999999 0.005 0.020025)
(0.005699999999999999 0.005 0.020025)
(0.005775000000000001 0.005 0.020025)
(0.005850000000000001 0.005000000000000001 0.020025)
(0.005925 0.004999999999999999 0.020025)
(0.006000000000000001 0.005 0.020025)
(0.006075000000000001 0.005 0.020025)
(0.006150000000000001 0.005 0.020025)
(0.006225 0.005 0.020025)
(0.0063 0.005 0.020025)
(0.006375 0.005 0.020025)
(0.006450000000000002 0.005000000000000001 0.020025)
(0.006524999999999999 0.005 0.020025)
(0.006600000000000001 0.005 0.020025)
(0.006675 0.005000000000000001 0.020025)
(0.006750000000000002 0.005 0.020025)
(0.006825 0.005 0.020025)
(0.0069 0.005 0.020025)
(0.006975000000000001 0.005 0.020025)
(0.007050000000000001 0.005000000000000001 0.020025)
(0.007124999999999999 0.005 0.020025)
(0.007200000000000001 0.005 0.020025)
(0.007275 0.005 0.020025)
(0.00735 0.005 0.020025)
(0.007425000000000001 0.005 0.020025)
(0.0075 0.005 0.020025)
(0.007574999999999999 0.005 0.020025)
(0.007650000000000001 0.005000000000000001 0.020025)
(0.007725 0.005 0.020025)
(0.0078 0.005 0.020025)
(0.007875 0.005 0.020025)
(0.00795 0.005000000000000001 0.020025)
(0.008024999999999999 0.004999999999999999 0.020025)
(0.0081 0.004999999999999999 0.020025)
(0.008175000000000002 0.005 0.020025)
(0.00825 0.005000000000000001 0.020025)
(0.008325000000000001 0.005 0.020025)
(0.008400000000000003 0.005 0.020025)
(0.008474999999999998 0.005 0.020025)
(0.00855 0.005 0.020025)
(0.008624999999999999 0.005 0.020025)
(0.008699999999999999 0.004999999999999999 0.020025)
(0.008775 0.005 0.020025)
(0.008850000000000002 0.005000000000000001 0.020025)
(0.008925000000000001 0.004999999999999999 0.020025)
(0.008999999999999999 0.004999999999999999 0.020025)
(0.009075000000000001 0.004999999999999999 0.020025)
(0.00915 0.005 0.020025)
(0.009224999999999999 0.005 0.020025)
(0.009300000000000001 0.004999999999999999 0.020025)
(0.009375 0.005 0.020025)
(0.00945 0.005000000000000001 0.020025)
(0.009525000000000002 0.005 0.020025)
(0.009599999999999999 0.005 0.020025)
(0.009675 0.005 0.020025)
(0.009750000000000002 0.005 0.020025)
(0.009824999999999999 0.005 0.020025)
(0.009899999999999999 0.004999999999999999 0.020025)
(0.009975000000000001 0.005 0.020025)
(0.01005 0.005 0.020025)
(0.010125 0.005 0.020025)
(0.0102 0.004999999999999999 0.020025)
(0.010275 0.005000000000000001 0.020025)
(0.01035 0.005 0.020025)
(0.010425 0.005000000000000001 0.020025)
(0.0105 0.005 0.020025)
(0.010575 0.005 0.020025)
(0.01065 0.005000000000000001 0.020025)
(0.010725 0.005 0.020025)
(0.0108 0.005 0.020025)
(0.010875 0.004999999999999999 0.020025)
(0.01095 0.005 0.020025)
(0.011025 0.005 0.020025)
(0.0111 0.004999999999999998 0.020025)
(0.011175 0.005 0.020025)
(0.01125 0.005000000000000001 0.020025)
(0.011325 0.005 0.020025)
(0.0114 0.005 0.020025)
(0.011475 0.004999999999999999 0.020025)
(0.01155 0.005 0.020025)
(0.011625 0.005 0.020025)
(0.0117 0.005 0.020025)
(0.011775 0.005 0.020025)
(0.01185 0.005000000000000001 0.020025)
(0.011925 0.005 0.020025)
(0.012 0.005 0.020025)
(0.012075 0.005 0.020025)
(0.01215 0.005 0.020025)
(0.012225 0.005000000000000001 0.020025)
(0.0123 0.005 0.020025)
(0.012375 0.005 0.020025)
(0.01245 0.005000000000000001 0.020025)
(0.012525 0.005 0.020025)
(0.0126 0.005 0.020025)
(0.012675 0.005 0.020025)
(0.01275 0.005 0.020025)
(0.012825 0.005000000000000001 0.020025)
(0.0129 0.005 0.020025)
(0.012975 0.005 0.020025)
(0.01305 0.005000000000000001 0.020025)
(0.013125 0.005 0.020025)
(0.0132 0.005 0.020025)
(0.013275 0.005 0.020025)
(0.01335 0.005 0.020025)
(0.013425 0.005000000000000001 0.020025)
(0.0135 0.005 0.020025)
(0.013575 0.005 0.020025)
(0.01365 0.005 0.020025)
(0.013725 0.005 0.020025)
(0.0138 0.005 0.020025)
(0.013875 0.005 0.020025)
(0.01395 0.005 0.020025)
(0.014025 0.005000000000000001 0.020025)
(0.0141 0.004999999999999999 0.020025)
(0.014175 0.005 0.020025)
(0.01425 0.005 0.020025)
(0.014325 0.005 0.020025)
(0.0144 0.005 0.020025)
(0.014475 0.005 0.020025)
(0.01455 0.005 0.020025)
(0.014625 0.005 0.020025)
(0.0147 0.005 0.020025)
(0.014775 0.005 0.020025)
(0.01485 0.005 0.020025)
(0.014925 0.005 0.020025)
(0.015 0.005 0.020025)
(0 0 0.02005)
(7.500000000000002e-05 0 0.02005)
(0.00015 0 0.02005)
(0.000225 0 0.02005)
(0.0003 0 0.02005000000000001)
(0.0003750000000000001 0 0.02005)
(0.00045 0 0.02005)
(0.0005250000000000002 0 0.02005000000000001)
(0.0006000000000000001 0 0.02004999999999999)
(0.0006750000000000001 0 0.02005)
(0.0007500000000000001 0 0.02005)
(0.0008250000000000002 0 0.02004999999999999)
(0.0009000000000000001 0 0.02005000000000001)
(0.0009750000000000002 0 0.02005)
(0.00105 0 0.02004999999999999)
(0.001125 0 0.02005000000000001)
(0.0012 0 0.02005)
(0.001275 0 0.02005)
(0.00135 0 0.02005)
(0.001425 0 0.02005)
(0.0015 0 0.02005000000000001)
(0.001575 0 0.02005)
(0.00165 0 0.02005)
(0.001725 0 0.02005)
(0.0018 0 0.02005)
(0.001875 0 0.02005)
(0.00195 0 0.02005)
(0.002025 0 0.02005)
(0.002100000000000001 0 0.02005000000000001)
(0.002175 0 0.02005)
(0.00225 0 0.02005)
(0.002325 0 0.02004999999999999)
(0.0024 0 0.02005)
(0.002475000000000001 0 0.02005000000000001)
(0.002550000000000001 0 0.02004999999999999)
(0.002625 0 0.02005)
(0.0027 0 0.02005)
(0.002775 0 0.02004999999999999)
(0.00285 0 0.02005000000000001)
(0.002925000000000001 0 0.02005)
(0.003 0 0.02005)
(0.003075 0 0.02005000000000001)
(0.00315 0 0.02005)
(0.003225 0 0.02005)
(0.0033 0 0.02005)
(0.003375000000000001 0 0.02005)
(0.00345 0 0.02005)
(0.003525 0 0.02005)
(0.0036 0 0.02005)
(0.003675 0 0.02005)
(0.00375 0 0.02005)
(0.003825 0 0.02005)
(0.003900000000000001 0 0.02005)
(0.003974999999999999 0 0.02005)
(0.004050000000000001 0 0.02004999999999999)
(0.004125 0 0.02005)
(0.004200000000000001 0 0.02005)
(0.004275 0 0.02005000000000001)
(0.004350000000000001 0 0.02005)
(0.004424999999999999 0 0.02005)
(0.004500000000000001 0 0.02004999999999999)
(0.004575 0 0.02005000000000001)
(0.00465 0 0.02005)
(0.004725000000000001 0 0.02005)
(0.0048 0 0.02005)
(0.004875000000000001 0 0.02005)
(0.004950000000000001 0 0.02005)
(0.005025000000000001 0 0.02005000000000001)
(0.005100000000000001 0 0.02005)
(0.005175 0 0.02005)
(0.005249999999999998 0 0.02005)
(0.005325 0 0.02005)
(0.0054 0 0.02005)
(0.005475 0 0.02005)
(0.005549999999999999 0 0.02005000000000001)
(0.005625 0 0.02005)
(0.005699999999999999 0 0.02005)
(0.005775000000000001 0 0.02004999999999999)
(0.00585 0 0.02005000000000001)
(0.005925000000000001 0 0.02005)
(0.006000000000000001 0 0.02005000000000001)
(0.006075000000000001 0 0.02005)
(0.006149999999999999 0 0.02005)
(0.006225 0 0.02004999999999999)
(0.006299999999999998 0 0.02005)
(0.006375 0 0.02005)
(0.006449999999999999 0 0.02005)
(0.006525 0 0.02005000000000001)
(0.006599999999999998 0 0.02005)
(0.006675000000000001 0 0.02005000000000001)
(0.006749999999999998 0 0.02005000000000001)
(0.006825000000000001 0 0.02005)
(0.0069 0 0.02005)
(0.006975000000000001 0 0.02005)
(0.00705 0 0.02005000000000001)
(0.007125 0 0.02005)
(0.007200000000000001 0 0.02005)
(0.007275 0 0.02004999999999999)
(0.00735 0 0.02005)
(0.007425000000000001 0 0.02005)
(0.0075 0 0.02004999999999999)
(0.007574999999999999 0 0.02005)
(0.007650000000000001 0 0.02005000000000001)
(0.007725 0 0.02004999999999999)
(0.007800000000000001 0 0.02005)
(0.007875000000000002 0 0.02005)
(0.007949999999999999 0 0.02005000000000001)
(0.008024999999999999 0 0.02005)
(0.008100000000000001 0 0.02005)
(0.008175000000000002 0 0.02005)
(0.00825 0 0.02005000000000001)
(0.008325000000000001 0 0.02005)
(0.008400000000000003 0 0.02005000000000001)
(0.008474999999999998 0 0.02005000000000001)
(0.00855 0 0.02005)
(0.008624999999999999 0 0.02005)
(0.008699999999999998 0 0.02005000000000001)
(0.008775 0 0.02004999999999999)
(0.008849999999999998 0 0.02005)
(0.008925000000000001 0 0.02005)
(0.008999999999999998 0 0.02005)
(0.009075000000000001 0 0.02005)
(0.00915 0 0.02005000000000001)
(0.009225000000000001 0 0.02004999999999999)
(0.009300000000000001 0 0.02005)
(0.009375 0 0.02005)
(0.009450000000000002 0 0.02005)
(0.009525000000000002 0 0.02005)
(0.009599999999999999 0 0.02005)
(0.009675 0 0.02005000000000001)
(0.009750000000000002 0 0.02005)
(0.009825 0 0.02005)
(0.009899999999999999 0 0.02005000000000001)
(0.009975000000000001 0 0.02005)
(0.01005 0 0.02005)
(0.010125 0 0.02005)
(0.0102 0 0.02005)
(0.010275 0 0.02005)
(0.01035 0 0.02005)
(0.010425 0 0.02005000000000001)
(0.0105 0 0.02004999999999999)
(0.010575 0 0.02005)
(0.01065 0 0.02005)
(0.010725 0 0.02005000000000001)
(0.0108 0 0.02005)
(0.010875 0 0.02005)
(0.01095 0 0.02004999999999999)
(0.011025 0 0.02005)
(0.0111 0 0.02005)
(0.011175 0 0.02005000000000001)
(0.01125 0 0.02005)
(0.011325 0 0.02005)
(0.0114 0 0.02005000000000001)
(0.011475 0 0.02005)
(0.01155 0 0.02005)
(0.011625 0 0.02005)
(0.0117 0 0.02005)
(0.011775 0 0.02005)
(0.01185 0 0.02005)
(0.011925 0 0.02004999999999999)
(0.012 0 0.02005)
(0.012075 0 0.02005)
(0.01215 0 0.02005000000000001)
(0.012225 0 0.02004999999999999)
(0.0123 0 0.02005)
(0.012375 0 0.02005)
(0.01245 0 0.02004999999999999)
(0.012525 0 0.02005)
(0.0126 0 0.02005000000000001)
(0.012675 0 0.02005000000000001)
(0.01275 0 0.02005)
(0.012825 0 0.02005)
(0.0129 0 0.02005000000000001)
(0.012975 0 0.02005)
(0.01305 0 0.02005)
(0.013125 0 0.02005000000000001)
(0.0132 0 0.02005000000000001)
(0.013275 0 0.02005)
(0.01335 0 0.02005)
(0.013425 0 0.02005)
(0.0135 0 0.02005)
(0.013575 0 0.02005)
(0.01365 0 0.02004999999999999)
(0.013725 0 0.02005)
(0.0138 0 0.02005000000000001)
(0.013875 0 0.02004999999999999)
(0.01395 0 0.02005)
(0.014025 0 0.02005)
(0.0141 0 0.02005)
(0.014175 0 0.02004999999999999)
(0.01425 0 0.02005)
(0.014325 0 0.02005)
(0.0144 0 0.02005000000000001)
(0.014475 0 0.02005)
(0.01455 0 0.02005)
(0.014625 0 0.02004999999999999)
(0.0147 0 0.02005)
(0.014775 0 0.02005)
(0.01485 0 0.02005)
(0.014925 0 0.02005)
(0.015 0 0.02005)
(0 0.005 0.02005)
(7.500000000000002e-05 0.005 0.02005)
(0.00015 0.005 0.02005)
(0.000225 0.005 0.02005)
(0.0003 0.005 0.02005000000000001)
(0.0003750000000000001 0.005 0.02005000000000001)
(0.00045 0.005 0.02005)
(0.0005250000000000002 0.005 0.02005000000000001)
(0.0006000000000000001 0.005 0.02004999999999999)
(0.0006750000000000001 0.005 0.02005)
(0.0007500000000000001 0.005 0.02005)
(0.0008250000000000002 0.005 0.02004999999999999)
(0.0009000000000000001 0.005 0.02005000000000001)
(0.0009750000000000002 0.005 0.02005)
(0.00105 0.005 0.02004999999999999)
(0.001125 0.005 0.02005000000000001)
(0.0012 0.005 0.02005)
(0.001275 0.005 0.02005)
(0.00135 0.005 0.02004999999999999)
(0.001425 0.005 0.02005)
(0.0015 0.005 0.02005000000000001)
(0.001575 0.005 0.02005)
(0.00165 0.005 0.02005)
(0.001725 0.005 0.02005)
(0.0018 0.005 0.02005)
(0.001875 0.005 0.02005000000000001)
(0.00195 0.005 0.02005)
(0.002025 0.005 0.02005)
(0.002100000000000001 0.005 0.02005000000000001)
(0.002175 0.005 0.02005)
(0.00225 0.005 0.02005)
(0.002325 0.005 0.02004999999999999)
(0.0024 0.005 0.02005)
(0.002475000000000001 0.005 0.02005000000000001)
(0.002550000000000001 0.005 0.02004999999999999)
(0.002625 0.005 0.02005)
(0.0027 0.005 0.02005)
(0.002775 0.005 0.02004999999999999)
(0.00285 0.005 0.02005000000000001)
(0.002925000000000001 0.005 0.02005)
(0.003 0.005 0.02005)
(0.003075 0.005 0.02005000000000001)
(0.00315 0.005 0.02005)
(0.003225 0.005 0.02005)
(0.0033 0.005 0.02005)
(0.003375000000000001 0.005 0.02005)
(0.00345 0.005 0.02005)
(0.003525 0.005 0.02005)
(0.0036 0.005 0.02005000000000001)
(0.003675 0.005 0.02005)
(0.00375 0.005 0.02005)
(0.003825 0.005 0.02005000000000001)
(0.003900000000000001 0.005 0.02005)
(0.003974999999999999 0.004999999999999999 0.02005)
(0.004050000000000001 0.005 0.02004999999999999)
(0.004125 0.005 0.02005)
(0.004200000000000001 0.005 0.02005)
(0.004275 0.005 0.02005)
(0.004350000000000001 0.005 0.02005)
(0.004424999999999999 0.005 0.02005)
(0.004500000000000001 0.005 0.02004999999999999)
(0.004575 0.005 0.02005000000000001)
(0.00465 0.004999999999999999 0.02005)
(0.004725000000000001 0.005 0.02005)
(0.0048 0.005 0.02005)
(0.004875000000000001 0.005 0.02005)
(0.004950000000000001 0.005 0.02005)
(0.005025000000000001 0.005 0.02005000000000001)
(0.005100000000000001 0.005 0.02005)
(0.005175 0.005 0.02005)
(0.005249999999999998 0.005 0.02005)
(0.005325 0.005 0.02005000000000001)
(0.0054 0.005 0.02005)
(0.005475 0.005 0.02005)
(0.005549999999999999 0.005 0.02005)
(0.005625 0.005 0.02005)
(0.005699999999999999 0.005 0.02005)
(0.005775000000000001 0.005 0.02004999999999999)
(0.00585 0.005 0.02005000000000001)
(0.005925000000000001 0.005 0.02005)
(0.006000000000000001 0.005 0.02005)
(0.006075000000000001 0.005 0.02005)
(0.006149999999999999 0.005 0.02005)
(0.006225 0.005 0.02004999999999999)
(0.006299999999999998 0.004999999999999999 0.02004999999999999)
(0.006375 0.005 0.02005)
(0.006449999999999999 0.005 0.02005)
(0.006525 0.005000000000000001 0.02005)
(0.006599999999999998 0.005 0.02005)
(0.006675000000000001 0.005 0.02005000000000001)
(0.006749999999999998 0.005 0.02005000000000001)
(0.006825000000000001 0.005 0.02005)
(0.0069 0.005 0.02005)
(0.006975000000000001 0.005 0.02004999999999999)
(0.00705 0.005 0.02005000000000001)
(0.007125 0.005000000000000001 0.02005)
(0.007200000000000001 0.005 0.02005)
(0.007275 0.005 0.02004999999999999)
(0.00735 0.005 0.02005)
(0.007425000000000001 0.005 0.02005)
(0.0075 0.005 0.02004999999999999)
(0.007574999999999999 0.005 0.02005)
(0.007650000000000001 0.005 0.02005000000000001)
(0.007725 0.005000000000000001 0.02004999999999999)
(0.007800000000000001 0.005 0.02005)
(0.007875000000000002 0.005 0.02005)
(0.007949999999999999 0.005 0.02005)
(0.008024999999999999 0.005 0.02005)
(0.008100000000000001 0.005 0.02005)
(0.008175000000000002 0.005 0.02005)
(0.00825 0.005 0.02005000000000001)
(0.008325000000000001 0.005000000000000001 0.02005)
(0.008400000000000003 0.005 0.02005)
(0.008474999999999998 0.005 0.02005000000000001)
(0.00855 0.005 0.02005)
(0.008624999999999999 0.005 0.02005)
(0.008699999999999998 0.005 0.02005000000000001)
(0.008775 0.005 0.02004999999999999)
(0.008849999999999998 0.005 0.02005)
(0.008925000000000001 0.005 0.02005)
(0.008999999999999998 0.005 0.02005000000000001)
(0.009075000000000001 0.005 0.02005)
(0.00915 0.005 0.02005000000000001)
(0.009225000000000001 0.005 0.02004999999999999)
(0.009300000000000001 0.005 0.02005)
(0.009375 0.005 0.02005)
(0.009450000000000002 0.005 0.02005000000000001)
(0.009525000000000002 0.005 0.02005)
(0.009599999999999999 0.005 0.02005)
(0.009675 0.005 0.02005)
(0.009750000000000002 0.005 0.02005)
(0.009825 0.005 0.02005)
(0.009899999999999999 0.005 0.02005)
(0.009975000000000001 0.005 0.02005)
(0.01005 0.005 0.02005)
(0.010125 0.005 0.02005)
(0.0102 0.005 0.02005)
(0.010275 0.005 0.02005)
(0.01035 0.004999999999999999 0.02005)
(0.010425 0.005 0.02005000000000001)
(0.0105 0.005000000000000001 0.02004999999999999)
(0.010575 0.005 0.02005)
(0.01065 0.005 0.02005)
(0.010725 0.005 0.02005)
(0.0108 0.005 0.02005)
(0.010875 0.005 0.02005)
(0.01095 0.005 0.02004999999999999)
(0.011025 0.005 0.02005)
(0.0111 0.005 0.02005)
(0.011175 0.005 0.02005)
(0.01125 0.005 0.02005)
(0.011325 0.005 0.02005)
(0.0114 0.005 0.02005)
(0.011475 0.005 0.02005)
(0.01155 0.005 0.02005)
(0.011625 0.005 0.02005)
(0.0117 0.005 0.02005)
(0.011775 0.005 0.02005)
(0.01185 0.005 0.02005)
(0.011925 0.005 0.02005)
(0.012 0.005 0.02005)
(0.012075 0.005 0.02005)
(0.01215 0.005 0.02005000000000001)
(0.012225 0.004999999999999999 0.02004999999999999)
(0.0123 0.005 0.02005)
(0.012375 0.005000000000000001 0.02005)
(0.01245 0.004999999999999999 0.02004999999999999)
(0.012525 0.005 0.02005)
(0.0126 0.005 0.02005000000000001)
(0.012675 0.005 0.02005)
(0.01275 0.004999999999999999 0.02005)
(0.012825 0.004999999999999999 0.02005)
(0.0129 0.005 0.02005)
(0.012975 0.005 0.02005)
(0.01305 0.004999999999999999 0.02005)
(0.013125 0.005 0.02005)
(0.0132 0.005 0.02005000000000001)
(0.013275 0.005 0.02005)
(0.01335 0.004999999999999999 0.02005)
(0.013425 0.004999999999999999 0.02005)
(0.0135 0.005 0.02005)
(0.013575 0.005 0.02005)
(0.01365 0.004999999999999999 0.02005)
(0.013725 0.005 0.02005)
(0.0138 0.005 0.02005000000000001)
(0.013875 0.005 0.02005)
(0.01395 0.004999999999999999 0.02005)
(0.014025 0.004999999999999999 0.02005)
(0.0141 0.005 0.02005)
(0.014175 0.005 0.02004999999999999)
(0.01425 0.005 0.02005)
(0.014325 0.004999999999999999 0.02005)
(0.0144 0.005 0.02005)
(0.014475 0.005 0.02005)
(0.01455 0.005 0.02005)
(0.014625 0.004999999999999999 0.02005)
(0.0147 0.005 0.02005)
(0.014775 0.005 0.02005)
(0.01485 0.005 0.02005)
(0.014925 0.004999999999999999 0.02005)
(0.015 0.005 0.02005)
(0 0 0.020075)
(7.499999999999999e-05 0 0.020075)
(0.00015 0 0.020075)
(0.000225 0 0.020075)
(0.0003 0 0.020075)
(0.000375 0 0.020075)
(0.00045 0 0.020075)
(0.0005250000000000002 0 0.020075)
(0.0005999999999999999 0 0.020075)
(0.000675 0 0.020075)
(0.0007500000000000001 0 0.020075)
(0.0008250000000000001 0 0.020075)
(0.0009000000000000001 0 0.020075)
(0.000975 0 0.020075)
(0.00105 0 0.020075)
(0.001125 0 0.020075)
(0.0012 0 0.020075)
(0.001275 0 0.020075)
(0.00135 0 0.020075)
(0.001425 0 0.020075)
(0.0015 0 0.020075)
(0.001575 0 0.020075)
(0.00165 0 0.020075)
(0.001725 0 0.020075)
(0.0018 0 0.020075)
(0.001875 0 0.020075)
(0.00195 0 0.020075)
(0.002025 0 0.020075)
(0.002100000000000001 0 0.020075)
(0.002174999999999999 0 0.020075)
(0.00225 0 0.020075)
(0.002325 0 0.020075)
(0.0024 0 0.020075)
(0.002475 0 0.020075)
(0.002550000000000001 0 0.020075)
(0.002625 0 0.020075)
(0.0027 0 0.020075)
(0.002775 0 0.020075)
(0.00285 0 0.020075)
(0.002925000000000001 0 0.020075)
(0.003 0 0.020075)
(0.003075 0 0.020075)
(0.00315 0 0.020075)
(0.003225 0 0.020075)
(0.0033 0 0.020075)
(0.003375000000000001 0 0.020075)
(0.00345 0 0.020075)
(0.003525 0 0.020075)
(0.0036 0 0.020075)
(0.003675 0 0.020075)
(0.00375 0 0.020075)
(0.003825 0 0.020075)
(0.0039 0 0.020075)
(0.003975 0 0.020075)
(0.00405 0 0.020075)
(0.004125 0 0.020075)
(0.004200000000000001 0 0.020075)
(0.004275 0 0.020075)
(0.00435 0 0.020075)
(0.004424999999999999 0 0.020075)
(0.004500000000000001 0 0.020075)
(0.004575 0 0.020075)
(0.00465 0 0.020075)
(0.004725 0 0.020075)
(0.0048 0 0.020075)
(0.004875 0 0.020075)
(0.00495 0 0.020075)
(0.005025000000000001 0 0.020075)
(0.0051 0 0.020075)
(0.005175 0 0.020075)
(0.00525 0 0.020075)
(0.005325 0 0.020075)
(0.005399999999999999 0 0.020075)
(0.005475 0 0.020075)
(0.005549999999999999 0 0.020075)
(0.005625 0 0.020075)
(0.005699999999999999 0 0.020075)
(0.005775000000000001 0 0.020075)
(0.00585 0 0.020075)
(0.005925000000000001 0 0.020075)
(0.006000000000000001 0 0.020075)
(0.006075 0 0.020075)
(0.00615 0 0.020075)
(0.006225 0 0.020075)
(0.0063 0 0.020075)
(0.006375 0 0.020075)
(0.00645 0 0.020075)
(0.006525 0 0.020075)
(0.006600000000000001 0 0.020075)
(0.006675000000000001 0 0.020075)
(0.006750000000000002 0 0.020075)
(0.006825 0 0.020075)
(0.006900000000000001 0 0.020075)
(0.006975000000000001 0 0.020075)
(0.00705 0 0.020075)
(0.007124999999999999 0 0.020075)
(0.007200000000000001 0 0.020075)
(0.007275 0 0.020075)
(0.00735 0 0.020075)
(0.007425000000000001 0 0.020075)
(0.0075 0 0.020075)
(0.007574999999999999 0 0.020075)
(0.007650000000000001 0 0.020075)
(0.007725 0 0.020075)
(0.0078 0 0.020075)
(0.007875000000000002 0 0.020075)
(0.00795 0 0.020075)
(0.008024999999999999 0 0.020075)
(0.008100000000000001 0 0.020075)
(0.008175 0 0.020075)
(0.00825 0 0.020075)
(0.008324999999999999 0 0.020075)
(0.008400000000000003 0 0.020075)
(0.008474999999999998 0 0.020075)
(0.00855 0 0.020075)
(0.008624999999999999 0 0.020075)
(0.008699999999999998 0 0.020075)
(0.008775 0 0.020075)
(0.008849999999999998 0 0.020075)
(0.008925000000000001 0 0.020075)
(0.009000000000000001 0 0.020075)
(0.009075000000000001 0 0.020075)
(0.00915 0 0.020075)
(0.009225000000000001 0 0.020075)
(0.009300000000000001 0 0.020075)
(0.009375 0 0.020075)
(0.00945 0 0.020075)
(0.009525000000000002 0 0.020075)
(0.009600000000000001 0 0.020075)
(0.009675 0 0.020075)
(0.00975 0 0.020075)
(0.009825 0 0.020075)
(0.009900000000000001 0 0.020075)
(0.009975000000000001 0 0.020075)
(0.01005 0 0.020075)
(0.010125 0 0.020075)
(0.0102 0 0.020075)
(0.010275 0 0.020075)
(0.01035 0 0.020075)
(0.010425 0 0.020075)
(0.0105 0 0.020075)
(0.010575 0 0.020075)
(0.01065 0 0.020075)
(0.010725 0 0.020075)
(0.0108 0 0.020075)
(0.010875 0 0.020075)
(0.01095 0 0.020075)
(0.011025 0 0.020075)
(0.0111 0 0.020075)
(0.011175 0 0.020075)
(0.01125 0 0.020075)
(0.011325 0 0.020075)
(0.0114 0 0.020075)
(0.011475 0 0.020075)
(0.01155 0 0.020075)
(0.011625 0 0.020075)
(0.0117 0 0.020075)
(0.011775 0 0.020075)
(0.01185 0 0.020075)
(0.011925 0 0.020075)
(0.012 0 0.020075)
(0.012075 0 0.020075)
(0.01215 0 0.020075)
(0.012225 0 0.020075)
(0.0123 0 0.020075)
(0.012375 0 0.020075)
(0.01245 0 0.020075)
(0.012525 0 0.020075)
(0.0126 0 0.020075)
(0.012675 0 0.020075)
(0.01275 0 0.020075)
(0.012825 0 0.020075)
(0.0129 0 0.020075)
(0.012975 0 0.020075)
(0.01305 0 0.020075)
(0.013125 0 0.020075)
(0.0132 0 0.020075)
(0.013275 0 0.020075)
(0.01335 0 0.020075)
(0.013425 0 0.020075)
(0.0135 0 0.020075)
(0.013575 0 0.020075)
(0.01365 0 0.020075)
(0.013725 0 0.020075)
(0.0138 0 0.020075)
(0.013875 0 0.020075)
(0.01395 0 0.020075)
(0.014025 0 0.020075)
(0.0141 0 0.020075)
(0.014175 0 0.020075)
(0.01425 0 0.020075)
(0.014325 0 0.020075)
(0.0144 0 0.020075)
(0.014475 0 0.020075)
(0.01455 0 0.020075)
(0.014625 0 0.020075)
(0.0147 0 0.020075)
(0.014775 0 0.020075)
(0.01485 0 0.020075)
(0.014925 0 0.020075)
(0.015 0 0.020075)
(0 0.005 0.020075)
(7.499999999999999e-05 0.005 0.020075)
(0.00015 0.005 0.020075)
(0.000225 0.005 0.020075)
(0.0003 0.004999999999999999 0.020075)
(0.000375 0.005 0.020075)
(0.00045 0.005 0.020075)
(0.0005250000000000002 0.004999999999999999 0.020075)
(0.0005999999999999999 0.004999999999999999 0.020075)
(0.000675 0.005 0.020075)
(0.0007500000000000001 0.005 0.020075)
(0.0008250000000000001 0.005000000000000001 0.020075)
(0.0009000000000000001 0.004999999999999999 0.020075)
(0.000975 0.005 0.020075)
(0.00105 0.005 0.020075)
(0.001125 0.005 0.020075)
(0.0012 0.005 0.020075)
(0.001275 0.004999999999999999 0.020075)
(0.00135 0.005 0.020075)
(0.001425 0.005 0.020075)
(0.0015 0.005 0.020075)
(0.001575 0.005 0.020075)
(0.00165 0.005 0.020075)
(0.001725 0.005 0.020075)
(0.0018 0.005 0.020075)
(0.001875 0.005 0.020075)
(0.00195 0.005 0.020075)
(0.002025 0.005 0.020075)
(0.002100000000000001 0.004999999999999999 0.020075)
(0.002174999999999999 0.005 0.020075)
(0.00225 0.005 0.020075)
(0.002325 0.005 0.020075)
(0.0024 0.005 0.020075)
(0.002475 0.005 0.020075)
(0.002550000000000001 0.005 0.020075)
(0.002625 0.005 0.020075)
(0.0027 0.005 0.020075)
(0.002775 0.005 0.020075)
(0.00285 0.005 0.020075)
(0.002925000000000001 0.005 0.020075)
(0.003 0.005 0.020075)
(0.003075 0.005 0.020075)
(0.00315 0.005 0.020075)
(0.003225 0.005 0.020075)
(0.0033 0.005 0.020075)
(0.003375000000000001 0.004999999999999999 0.020075)
(0.00345 0.005 0.020075)
(0.003525 0.005 0.020075)
(0.0036 0.005 0.020075)
(0.003675 0.005 0.020075)
(0.00375 0.005 0.020075)
(0.003825 0.005 0.020075)
(0.0039 0.005 0.020075)
(0.003975 0.005 0.020075)
(0.00405 0.004999999999999999 0.020075)
(0.004125 0.005 0.020075)
(0.004200000000000001 0.005 0.020075)
(0.004275 0.005 0.020075)
(0.00435 0.005 0.020075)
(0.004424999999999999 0.005 0.020075)
(0.004500000000000001 0.005 0.020075)
(0.004575 0.005 0.020075)
(0.00465 0.005 0.020075)
(0.004725 0.005 0.020075)
(0.0048 0.005 0.020075)
(0.004875 0.005 0.020075)
(0.00495 0.005 0.020075)
(0.005025000000000001 0.005 0.020075)
(0.0051 0.005 0.020075)
(0.005175 0.005 0.020075)
(0.00525 0.005 0.020075)
(0.005325 0.005 0.020075)
(0.005399999999999999 0.005 0.020075)
(0.005475 0.005 0.020075)
(0.005549999999999999 0.005 0.020075)
(0.005625 0.005 0.020075)
(0.005699999999999999 0.005 0.020075)
(0.005775000000000001 0.005 0.020075)
(0.00585 0.005 0.020075)
(0.005925000000000001 0.005 0.020075)
(0.006000000000000001 0.005 0.020075)
(0.006075 0.005 0.020075)
(0.00615 0.005 0.020075)
(0.006225 0.005 0.020075)
(0.0063 0.005 0.020075)
(0.006375 0.005 0.020075)
(0.00645 0.005 0.020075)
(0.006525 0.005 0.020075)
(0.006600000000000001 0.005 0.020075)
(0.006675000000000001 0.005 0.020075)
(0.006750000000000002 0.005 0.020075)
(0.006825 0.005 0.020075)
(0.006900000000000001 0.005 0.020075)
(0.006975000000000001 0.005 0.020075)
(0.00705 0.005 0.020075)
(0.007124999999999999 0.005 0.020075)
(0.007200000000000001 0.005 0.020075)
(0.007275 0.005 0.020075)
(0.00735 0.005 0.020075)
(0.007425000000000001 0.004999999999999999 0.020075)
(0.0075 0.005 0.020075)
(0.007574999999999999 0.005 0.020075)
(0.007650000000000001 0.005 0.020075)
(0.007725 0.005 0.020075)
(0.0078 0.005 0.020075)
(0.007875000000000002 0.005 0.020075)
(0.00795 0.005 0.020075)
(0.008024999999999999 0.004999999999999999 0.020075)
(0.008100000000000001 0.005 0.020075)
(0.008175 0.005 0.020075)
(0.00825 0.005 0.020075)
(0.008324999999999999 0.005 0.020075)
(0.008400000000000003 0.005 0.020075)
(0.008474999999999998 0.005 0.020075)
(0.00855 0.005 0.020075)
(0.008624999999999999 0.005 0.020075)
(0.008699999999999998 0.004999999999999999 0.020075)
(0.008775 0.005 0.020075)
(0.008849999999999998 0.005 0.020075)
(0.008925000000000001 0.005 0.020075)
(0.009000000000000001 0.005 0.020075)
(0.009075000000000001 0.005 0.020075)
(0.00915 0.005 0.020075)
(0.009225000000000001 0.005 0.020075)
(0.009300000000000001 0.005 0.020075)
(0.009375 0.005 0.020075)
(0.00945 0.005 0.020075)
(0.009525000000000002 0.005 0.020075)
(0.009600000000000001 0.005 0.020075)
(0.009675 0.005 0.020075)
(0.00975 0.005 0.020075)
(0.009825 0.005 0.020075)
(0.009900000000000001 0.005 0.020075)
(0.009975000000000001 0.005 0.020075)
(0.01005 0.005 0.020075)
(0.010125 0.005 0.020075)
(0.0102 0.005 0.020075)
(0.010275 0.005 0.020075)
(0.01035 0.005 0.020075)
(0.010425 0.005 0.020075)
(0.0105 0.004999999999999999 0.020075)
(0.010575 0.005 0.020075)
(0.01065 0.005 0.020075)
(0.010725 0.005 0.020075)
(0.0108 0.005 0.020075)
(0.010875 0.005 0.020075)
(0.01095 0.005 0.020075)
(0.011025 0.005 0.020075)
(0.0111 0.005 0.020075)
(0.011175 0.005 0.020075)
(0.01125 0.005 0.020075)
(0.011325 0.005 0.020075)
(0.0114 0.005 0.020075)
(0.011475 0.004999999999999999 0.020075)
(0.01155 0.005 0.020075)
(0.011625 0.005 0.020075)
(0.0117 0.005 0.020075)
(0.011775 0.005 0.020075)
(0.01185 0.005 0.020075)
(0.011925 0.005 0.020075)
(0.012 0.005 0.020075)
(0.012075 0.005 0.020075)
(0.01215 0.005 0.020075)
(0.012225 0.005 0.020075)
(0.0123 0.005 0.020075)
(0.012375 0.005 0.020075)
(0.01245 0.005 0.020075)
(0.012525 0.005 0.020075)
(0.0126 0.005 0.020075)
(0.012675 0.004999999999999999 0.020075)
(0.01275 0.005 0.020075)
(0.012825 0.005 0.020075)
(0.0129 0.005 0.020075)
(0.012975 0.005 0.020075)
(0.01305 0.005 0.020075)
(0.013125 0.005 0.020075)
(0.0132 0.005 0.020075)
(0.013275 0.005 0.020075)
(0.01335 0.004999999999999999 0.020075)
(0.013425 0.005 0.020075)
(0.0135 0.005 0.020075)
(0.013575 0.005 0.020075)
(0.01365 0.005 0.020075)
(0.013725 0.005 0.020075)
(0.0138 0.005 0.020075)
(0.013875 0.005 0.020075)
(0.01395 0.004999999999999999 0.020075)
(0.014025 0.005 0.020075)
(0.0141 0.005 0.020075)
(0.014175 0.005 0.020075)
(0.01425 0.005 0.020075)
(0.014325 0.005 0.020075)
(0.0144 0.005 0.020075)
(0.014475 0.005 0.020075)
(0.01455 0.005 0.020075)
(0.014625 0.005 0.020075)
(0.0147 0.005 0.020075)
(0.014775 0.005 0.020075)
(0.01485 0.005 0.020075)
(0.014925 0.005 0.020075)
(0.015 0.005 0.020075)
(0 0 0.0201)
(7.499999999999999e-05 0 0.0201)
(0.00015 0 0.0201)
(0.000225 0 0.0201)
(0.0003 0 0.0201)
(0.0003750000000000001 0 0.0201)
(0.00045 0 0.0201)
(0.0005250000000000002 0 0.0201)
(0.0005999999999999999 0 0.0201)
(0.000675 0 0.0201)
(0.0007500000000000001 0 0.0201)
(0.0008250000000000002 0 0.0201)
(0.0009000000000000001 0 0.0201)
(0.000975 0 0.0201)
(0.00105 0 0.0201)
(0.001125 0 0.0201)
(0.0012 0 0.0201)
(0.001275 0 0.0201)
(0.00135 0 0.0201)
(0.001425 0 0.0201)
(0.0015 0 0.0201)
(0.001575 0 0.0201)
(0.00165 0 0.0201)
(0.001725 0 0.0201)
(0.0018 0 0.0201)
(0.001875 0 0.0201)
(0.001950000000000001 0 0.0201)
(0.002025 0 0.0201)
(0.002100000000000001 0 0.0201)
(0.002174999999999999 0 0.0201)
(0.00225 0 0.0201)
(0.002325 0 0.0201)
(0.0024 0 0.0201)
(0.002475 0 0.0201)
(0.00255 0 0.0201)
(0.002625 0 0.0201)
(0.0027 0 0.02009999999999999)
(0.002775 0 0.0201)
(0.00285 0 0.0201)
(0.002925 0 0.0201)
(0.003 0 0.0201)
(0.003075 0 0.0201)
(0.00315 0 0.02009999999999999)
(0.003225 0 0.0201)
(0.0033 0 0.0201)
(0.003375 0 0.0201)
(0.00345 0 0.0201)
(0.003525 0 0.0201)
(0.0036 0 0.0201)
(0.003675 0 0.0201)
(0.00375 0 0.0201)
(0.003825000000000001 0 0.0201)
(0.003900000000000001 0 0.0201)
(0.003975 0 0.0201)
(0.004050000000000001 0 0.0201)
(0.004125000000000001 0 0.0201)
(0.004200000000000001 0 0.0201)
(0.004275 0 0.0201)
(0.004349999999999999 0 0.0201)
(0.004425000000000001 0 0.0201)
(0.004500000000000001 0 0.0201)
(0.004575 0 0.0201)
(0.00465 0 0.0201)
(0.004725 0 0.0201)
(0.0048 0 0.0201)
(0.004875000000000001 0 0.0201)
(0.004950000000000001 0 0.0201)
(0.005025000000000001 0 0.0201)
(0.005100000000000001 0 0.0201)
(0.005175 0 0.0201)
(0.005249999999999999 0 0.0201)
(0.005325 0 0.0201)
(0.0054 0 0.0201)
(0.005475 0 0.0201)
(0.005549999999999999 0 0.0201)
(0.005625000000000002 0 0.0201)
(0.005700000000000002 0 0.0201)
(0.005775000000000001 0 0.0201)
(0.00585 0 0.0201)
(0.005925000000000001 0 0.0201)
(0.006000000000000001 0 0.0201)
(0.006075000000000001 0 0.0201)
(0.00615 0 0.0201)
(0.006225 0 0.0201)
(0.0063 0 0.0201)
(0.006375 0 0.0201)
(0.00645 0 0.0201)
(0.006525000000000001 0 0.0201)
(0.006600000000000002 0 0.02010000000000001)
(0.006675 0 0.0201)
(0.006750000000000002 0 0.0201)
(0.006825000000000001 0 0.0201)
(0.006900000000000001 0 0.0201)
(0.006975000000000001 0 0.0201)
(0.007050000000000001 0 0.0201)
(0.007125 0 0.0201)
(0.007200000000000001 0 0.0201)
(0.007275 0 0.0201)
(0.00735 0 0.0201)
(0.007425000000000001 0 0.0201)
(0.0075 0 0.0201)
(0.007574999999999999 0 0.0201)
(0.007650000000000001 0 0.0201)
(0.007725 0 0.0201)
(0.007800000000000002 0 0.0201)
(0.007875000000000002 0 0.0201)
(0.00795 0 0.0201)
(0.008025000000000001 0 0.0201)
(0.008100000000000001 0 0.0201)
(0.008175000000000002 0 0.0201)
(0.008250000000000002 0 0.0201)
(0.008325000000000001 0 0.0201)
(0.008400000000000003 0 0.0201)
(0.008474999999999998 0 0.0201)
(0.00855 0 0.0201)
(0.008624999999999999 0 0.0201)
(0.008699999999999998 0 0.0201)
(0.008775 0 0.0201)
(0.008850000000000002 0 0.0201)
(0.008925000000000001 0 0.0201)
(0.008999999999999999 0 0.0201)
(0.009075000000000001 0 0.0201)
(0.00915 0 0.0201)
(0.009224999999999999 0 0.0201)
(0.009300000000000001 0 0.0201)
(0.009375 0 0.0201)
(0.00945 0 0.0201)
(0.009525000000000002 0 0.0201)
(0.009599999999999999 0 0.0201)
(0.009675 0 0.0201)
(0.009750000000000002 0 0.0201)
(0.009824999999999999 0 0.0201)
(0.009899999999999999 0 0.0201)
(0.009975000000000001 0 0.0201)
(0.01005 0 0.0201)
(0.010125 0 0.0201)
(0.0102 0 0.0201)
(0.010275 0 0.0201)
(0.01035 0 0.0201)
(0.010425 0 0.0201)
(0.0105 0 0.0201)
(0.010575 0 0.0201)
(0.01065 0 0.0201)
(0.010725 0 0.0201)
(0.0108 0 0.0201)
(0.010875 0 0.0201)
(0.01095 0 0.0201)
(0.011025 0 0.0201)
(0.0111 0 0.0201)
(0.011175 0 0.0201)
(0.01125 0 0.0201)
(0.011325 0 0.0201)
(0.0114 0 0.0201)
(0.011475 0 0.0201)
(0.01155 0 0.0201)
(0.011625 0 0.0201)
(0.0117 0 0.0201)
(0.011775 0 0.0201)
(0.01185 0 0.0201)
(0.011925 0 0.0201)
(0.012 0 0.0201)
(0.012075 0 0.0201)
(0.01215 0 0.0201)
(0.012225 0 0.0201)
(0.0123 0 0.0201)
(0.012375 0 0.0201)
(0.01245 0 0.0201)
(0.012525 0 0.0201)
(0.0126 0 0.0201)
(0.012675 0 0.0201)
(0.01275 0 0.0201)
(0.012825 0 0.0201)
(0.0129 0 0.0201)
(0.012975 0 0.0201)
(0.01305 0 0.0201)
(0.013125 0 0.0201)
(0.0132 0 0.0201)
(0.013275 0 0.0201)
(0.01335 0 0.0201)
(0.013425 0 0.0201)
(0.0135 0 0.0201)
(0.013575 0 0.0201)
(0.01365 0 0.0201)
(0.013725 0 0.0201)
(0.0138 0 0.0201)
(0.013875 0 0.0201)
(0.01395 0 0.0201)
(0.014025 0 0.0201)
(0.0141 0 0.0201)
(0.014175 0 0.0201)
(0.01425 0 0.0201)
(0.014325 0 0.0201)
(0.0144 0 0.0201)
(0.014475 0 0.0201)
(0.01455 0 0.0201)
(0.014625 0 0.0201)
(0.0147 0 0.0201)
(0.014775 0 0.0201)
(0.01485 0 0.0201)
(0.014925 0 0.0201)
(0.015 0 0.0201)
(0 0.005 0.0201)
(7.499999999999999e-05 0.005 0.0201)
(0.00015 0.005 0.0201)
(0.000225 0.005 0.0201)
(0.0003 0.005 0.0201)
(0.0003750000000000001 0.005 0.0201)
(0.00045 0.005 0.0201)
(0.0005250000000000002 0.005 0.0201)
(0.0005999999999999999 0.005 0.0201)
(0.000675 0.005 0.0201)
(0.0007500000000000001 0.005 0.0201)
(0.0008250000000000002 0.005 0.0201)
(0.0009000000000000001 0.005 0.0201)
(0.000975 0.005 0.0201)
(0.00105 0.005 0.0201)
(0.001125 0.005 0.0201)
(0.0012 0.005000000000000001 0.0201)
(0.001275 0.005 0.0201)
(0.00135 0.005 0.0201)
(0.001425 0.005 0.0201)
(0.0015 0.005000000000000001 0.0201)
(0.001575 0.005 0.0201)
(0.00165 0.005 0.0201)
(0.001725 0.005 0.0201)
(0.0018 0.005000000000000001 0.0201)
(0.001875 0.005 0.0201)
(0.001950000000000001 0.005000000000000001 0.0201)
(0.002025 0.005 0.0201)
(0.002100000000000001 0.005000000000000001 0.0201)
(0.002174999999999999 0.005 0.0201)
(0.00225 0.005000000000000001 0.0201)
(0.002325 0.005 0.0201)
(0.0024 0.005000000000000001 0.0201)
(0.002475 0.005 0.0201)
(0.00255 0.005000000000000001 0.0201)
(0.002625 0.005 0.0201)
(0.0027 0.004999999999999999 0.0201)
(0.002775 0.005 0.0201)
(0.00285 0.005 0.0201)
(0.002925 0.005 0.0201)
(0.003 0.004999999999999999 0.0201)
(0.003075 0.004999999999999999 0.0201)
(0.00315 0.005 0.02009999999999999)
(0.003225 0.005 0.0201)
(0.0033 0.004999999999999999 0.0201)
(0.003375 0.004999999999999999 0.0201)
(0.00345 0.004999999999999999 0.0201)
(0.003525 0.005 0.0201)
(0.0036 0.005000000000000001 0.0201)
(0.003675 0.005 0.0201)
(0.00375 0.005 0.0201)
(0.003825000000000001 0.005 0.0201)
(0.003900000000000001 0.005 0.0201)
(0.003975 0.005 0.0201)
(0.004050000000000001 0.005 0.0201)
(0.004125000000000001 0.005 0.0201)
(0.004200000000000001 0.005 0.0201)
(0.004275 0.005 0.0201)
(0.004349999999999999 0.005 0.0201)
(0.004425000000000001 0.005 0.0201)
(0.004500000000000001 0.005 0.0201)
(0.004575 0.005 0.0201)
(0.00465 0.005 0.0201)
(0.004725 0.005 0.0201)
(0.0048 0.005 0.0201)
(0.004875000000000001 0.005 0.0201)
(0.004950000000000001 0.005 0.0201)
(0.005025000000000001 0.005 0.0201)
(0.005100000000000001 0.005 0.0201)
(0.005175 0.005 0.0201)
(0.005249999999999999 0.005 0.0201)
(0.005325 0.005 0.0201)
(0.0054 0.005 0.0201)
(0.005475 0.005 0.0201)
(0.005549999999999999 0.005 0.0201)
(0.005625000000000002 0.005 0.0201)
(0.005700000000000002 0.005 0.0201)
(0.005775000000000001 0.005 0.0201)
(0.00585 0.005 0.0201)
(0.005925000000000001 0.005 0.0201)
(0.006000000000000001 0.005 0.0201)
(0.006075000000000001 0.005 0.0201)
(0.00615 0.005 0.0201)
(0.006225 0.005 0.0201)
(0.0063 0.005 0.0201)
(0.006375 0.005 0.0201)
(0.00645 0.005 0.0201)
(0.006525000000000001 0.005 0.0201)
(0.006600000000000002 0.005 0.0201)
(0.006675 0.005 0.0201)
(0.006750000000000002 0.005 0.0201)
(0.006825000000000001 0.005 0.0201)
(0.006900000000000001 0.005 0.0201)
(0.006975000000000001 0.005 0.0201)
(0.007050000000000001 0.005 0.0201)
(0.007125 0.004999999999999999 0.0201)
(0.007200000000000001 0.005 0.0201)
(0.007275 0.005 0.0201)
(0.00735 0.005 0.0201)
(0.007425000000000001 0.004999999999999999 0.0201)
(0.0075 0.005 0.0201)
(0.007574999999999999 0.005 0.0201)
(0.007650000000000001 0.005 0.0201)
(0.007725 0.004999999999999999 0.0201)
(0.007800000000000002 0.005 0.0201)
(0.007875000000000002 0.005 0.0201)
(0.00795 0.005 0.0201)
(0.008025000000000001 0.004999999999999999 0.0201)
(0.008100000000000001 0.005 0.0201)
(0.008175000000000002 0.005 0.0201)
(0.008250000000000002 0.005 0.0201)
(0.008325000000000001 0.004999999999999999 0.0201)
(0.008400000000000003 0.005 0.0201)
(0.008474999999999998 0.005 0.0201)
(0.00855 0.005 0.0201)
(0.008624999999999999 0.005000000000000001 0.0201)
(0.008699999999999998 0.005 0.0201)
(0.008775 0.005 0.0201)
(0.008850000000000002 0.005 0.0201)
(0.008925000000000001 0.005 0.0201)
(0.008999999999999999 0.005 0.0201)
(0.009075000000000001 0.005 0.0201)
(0.00915 0.005 0.0201)
(0.009224999999999999 0.005000000000000001 0.0201)
(0.009300000000000001 0.005 0.0201)
(0.009375 0.005 0.0201)
(0.00945 0.005 0.0201)
(0.009525000000000002 0.005 0.0201)
(0.009599999999999999 0.005 0.0201)
(0.009675 0.005 0.0201)
(0.009750000000000002 0.005 0.0201)
(0.009824999999999999 0.005 0.0201)
(0.009899999999999999 0.005 0.0201)
(0.009975000000000001 0.005 0.0201)
(0.01005 0.005 0.0201)
(0.010125 0.005 0.0201)
(0.0102 0.005 0.0201)
(0.010275 0.005 0.0201)
(0.01035 0.004999999999999999 0.0201)
(0.010425 0.005 0.0201)
(0.0105 0.005 0.0201)
(0.010575 0.004999999999999999 0.0201)
(0.01065 0.005 0.0201)
(0.010725 0.005 0.0201)
(0.0108 0.005 0.0201)
(0.010875 0.004999999999999999 0.0201)
(0.01095 0.004999999999999999 0.0201)
(0.011025 0.005 0.0201)
(0.0111 0.005 0.0201)
(0.011175 0.004999999999999999 0.0201)
(0.01125 0.005 0.0201)
(0.011325 0.005 0.0201)
(0.0114 0.005 0.0201)
(0.011475 0.005 0.0201)
(0.01155 0.005 0.0201)
(0.011625 0.005000000000000001 0.0201)
(0.0117 0.005 0.0201)
(0.011775 0.005 0.0201)
(0.01185 0.005 0.0201)
(0.011925 0.005 0.0201)
(0.012 0.005 0.0201)
(0.012075 0.005 0.0201)
(0.01215 0.005 0.0201)
(0.012225 0.005000000000000001 0.0201)
(0.0123 0.005000000000000001 0.0201)
(0.012375 0.005000000000000001 0.0201)
(0.01245 0.005 0.0201)
(0.012525 0.005000000000000001 0.0201)
(0.0126 0.005 0.0201)
(0.012675 0.005000000000000001 0.0201)
(0.01275 0.005 0.0201)
(0.012825 0.005000000000000001 0.0201)
(0.0129 0.005000000000000001 0.0201)
(0.012975 0.005000000000000001 0.0201)
(0.01305 0.005 0.0201)
(0.013125 0.005000000000000001 0.0201)
(0.0132 0.005 0.0201)
(0.013275 0.005000000000000001 0.0201)
(0.01335 0.005 0.0201)
(0.013425 0.005000000000000001 0.0201)
(0.0135 0.005000000000000001 0.0201)
(0.013575 0.005000000000000001 0.0201)
(0.01365 0.005 0.0201)
(0.013725 0.005000000000000001 0.0201)
(0.0138 0.005 0.0201)
(0.013875 0.005000000000000001 0.0201)
(0.01395 0.005 0.0201)
(0.014025 0.005000000000000001 0.0201)
(0.0141 0.005 0.0201)
(0.014175 0.005000000000000001 0.0201)
(0.01425 0.005 0.0201)
(0.014325 0.005 0.0201)
(0.0144 0.005 0.0201)
(0.014475 0.005 0.0201)
(0.01455 0.005 0.0201)
(0.014625 0.005 0.0201)
(0.0147 0.005 0.0201)
(0.014775 0.005000000000000001 0.0201)
(0.01485 0.005 0.0201)
(0.014925 0.005 0.0201)
(0.015 0.005 0.0201)
(0 0 0.020125)
(7.499999999999999e-05 0 0.020125)
(0.00015 0 0.020125)
(0.000225 0 0.020125)
(0.0003 0 0.020125)
(0.0003750000000000001 0 0.02012500000000001)
(0.00045 0 0.020125)
(0.0005250000000000002 0 0.020125)
(0.0005999999999999999 0 0.020125)
(0.000675 0 0.020125)
(0.0007500000000000002 0 0.020125)
(0.0008250000000000001 0 0.020125)
(0.0009000000000000001 0 0.020125)
(0.000975 0 0.020125)
(0.00105 0 0.020125)
(0.001125 0 0.020125)
(0.0012 0 0.020125)
(0.001275 0 0.020125)
(0.00135 0 0.020125)
(0.001425 0 0.020125)
(0.0015 0 0.020125)
(0.001575 0 0.020125)
(0.00165 0 0.020125)
(0.001725 0 0.020125)
(0.0018 0 0.020125)
(0.001875 0 0.02012500000000001)
(0.00195 0 0.020125)
(0.002025 0 0.020125)
(0.002100000000000001 0 0.020125)
(0.002174999999999999 0 0.020125)
(0.00225 0 0.020125)
(0.002325 0 0.020125)
(0.0024 0 0.020125)
(0.002475 0 0.020125)
(0.00255 0 0.020125)
(0.002625 0 0.020125)
(0.0027 0 0.020125)
(0.002775 0 0.020125)
(0.002850000000000001 0 0.020125)
(0.002925 0 0.020125)
(0.003 0 0.020125)
(0.003075 0 0.020125)
(0.00315 0 0.020125)
(0.003225 0 0.020125)
(0.0033 0 0.020125)
(0.003375000000000001 0 0.020125)
(0.00345 0 0.02012500000000001)
(0.003525 0 0.02012500000000001)
(0.0036 0 0.020125)
(0.003675 0 0.020125)
(0.00375 0 0.020125)
(0.003825 0 0.020125)
(0.0039 0 0.020125)
(0.003975 0 0.020125)
(0.004050000000000001 0 0.020125)
(0.004125 0 0.020125)
(0.004200000000000001 0 0.020125)
(0.004274999999999999 0 0.020125)
(0.004349999999999999 0 0.020125)
(0.004425000000000001 0 0.020125)
(0.004500000000000001 0 0.020125)
(0.004575 0 0.020125)
(0.00465 0 0.020125)
(0.004725 0 0.020125)
(0.0048 0 0.020125)
(0.004875000000000001 0 0.020125)
(0.00495 0 0.020125)
(0.005025000000000001 0 0.02012500000000001)
(0.0051 0 0.020125)
(0.005175 0 0.020125)
(0.005249999999999999 0 0.020125)
(0.005325 0 0.020125)
(0.0054 0 0.020125)
(0.005475 0 0.020125)
(0.005549999999999999 0 0.020125)
(0.005625 0 0.020125)
(0.005700000000000001 0 0.020125)
(0.005775000000000001 0 0.020125)
(0.00585 0 0.020125)
(0.005925000000000001 0 0.020125)
(0.006000000000000001 0 0.020125)
(0.006075000000000001 0 0.020125)
(0.00615 0 0.020125)
(0.006225 0 0.020125)
(0.0063 0 0.020125)
(0.006375 0 0.020125)
(0.00645 0 0.020125)
(0.006525 0 0.020125)
(0.006600000000000001 0 0.02012500000000001)
(0.006675 0 0.020125)
(0.006750000000000002 0 0.02012500000000001)
(0.006825 0 0.020125)
(0.006900000000000001 0 0.020125)
(0.006975000000000001 0 0.020125)
(0.00705 0 0.020125)
(0.007124999999999999 0 0.020125)
(0.007200000000000001 0 0.020125)
(0.007275 0 0.020125)
(0.00735 0 0.020125)
(0.007425000000000001 0 0.020125)
(0.0075 0 0.020125)
(0.007574999999999999 0 0.02012500000000001)
(0.007650000000000001 0 0.020125)
(0.007725 0 0.020125)
(0.0078 0 0.020125)
(0.007875000000000002 0 0.020125)
(0.00795 0 0.020125)
(0.008024999999999999 0 0.020125)
(0.008100000000000001 0 0.020125)
(0.008175000000000002 0 0.020125)
(0.00825 0 0.020125)
(0.008325000000000001 0 0.020125)
(0.008400000000000003 0 0.02012500000000001)
(0.008474999999999998 0 0.020125)
(0.00855 0 0.020125)
(0.008624999999999999 0 0.020125)
(0.008699999999999998 0 0.020125)
(0.008775 0 0.020125)
(0.008850000000000002 0 0.020125)
(0.008925000000000001 0 0.020125)
(0.008999999999999999 0 0.020125)
(0.009075000000000001 0 0.020125)
(0.00915 0 0.02012500000000001)
(0.009225000000000001 0 0.020125)
(0.009300000000000001 0 0.020125)
(0.009375 0 0.020125)
(0.00945 0 0.020125)
(0.009525 0 0.020125)
(0.009599999999999999 0 0.020125)
(0.009675 0 0.020125)
(0.009750000000000002 0 0.020125)
(0.009825 0 0.020125)
(0.009899999999999999 0 0.02012500000000001)
(0.009975000000000001 0 0.02012500000000001)
(0.01005 0 0.020125)
(0.010125 0 0.020125)
(0.0102 0 0.020125)
(0.010275 0 0.020125)
(0.01035 0 0.020125)
(0.010425 0 0.020125)
(0.0105 0 0.020125)
(0.010575 0 0.020125)
(0.01065 0 0.02012500000000001)
(0.010725 0 0.020125)
(0.0108 0 0.020125)
(0.010875 0 0.020125)
(0.01095 0 0.020125)
(0.011025 0 0.020125)
(0.0111 0 0.020125)
(0.011175 0 0.020125)
(0.01125 0 0.020125)
(0.011325 0 0.020125)
(0.0114 0 0.020125)
(0.011475 0 0.02012500000000001)
(0.01155 0 0.02012500000000001)
(0.011625 0 0.020125)
(0.0117 0 0.020125)
(0.011775 0 0.020125)
(0.01185 0 0.020125)
(0.011925 0 0.020125)
(0.012 0 0.020125)
(0.012075 0 0.020125)
(0.01215 0 0.020125)
(0.012225 0 0.02012500000000001)
(0.0123 0 0.020125)
(0.012375 0 0.020125)
(0.01245 0 0.020125)
(0.012525 0 0.020125)
(0.0126 0 0.020125)
(0.012675 0 0.020125)
(0.01275 0 0.020125)
(0.012825 0 0.020125)
(0.0129 0 0.020125)
(0.012975 0 0.020125)
(0.01305 0 0.02012500000000001)
(0.013125 0 0.02012500000000001)
(0.0132 0 0.020125)
(0.013275 0 0.020125)
(0.01335 0 0.020125)
(0.013425 0 0.020125)
(0.0135 0 0.020125)
(0.013575 0 0.020125)
(0.01365 0 0.020125)
(0.013725 0 0.020125)
(0.0138 0 0.020125)
(0.013875 0 0.020125)
(0.01395 0 0.02012500000000001)
(0.014025 0 0.020125)
(0.0141 0 0.020125)
(0.014175 0 0.020125)
(0.01425 0 0.020125)
(0.014325 0 0.020125)
(0.0144 0 0.020125)
(0.014475 0 0.020125)
(0.01455 0 0.020125)
(0.014625 0 0.02012500000000001)
(0.0147 0 0.020125)
(0.014775 0 0.020125)
(0.01485 0 0.020125)
(0.014925 0 0.020125)
(0.015 0 0.020125)
(0 0.005 0.020125)
(7.499999999999999e-05 0.005 0.020125)
(0.00015 0.005 0.020125)
(0.000225 0.005 0.020125)
(0.0003 0.004999999999999999 0.020125)
(0.0003750000000000001 0.005 0.02012500000000001)
(0.00045 0.005 0.020125)
(0.0005250000000000002 0.005 0.020125)
(0.0005999999999999999 0.005 0.020125)
(0.000675 0.005 0.020125)
(0.0007500000000000002 0.005 0.020125)
(0.0008250000000000001 0.005 0.020125)
(0.0009000000000000001 0.005 0.020125)
(0.000975 0.005 0.020125)
(0.00105 0.005 0.020125)
(0.001125 0.005 0.02012500000000001)
(0.0012 0.005 0.020125)
(0.001275 0.005 0.020125)
(0.00135 0.005 0.020125)
(0.001425 0.005 0.020125)
(0.0015 0.005 0.020125)
(0.001575 0.005000000000000001 0.020125)
(0.00165 0.005 0.020125)
(0.001725 0.005 0.020125)
(0.0018 0.005000000000000001 0.020125)
(0.001875 0.005 0.02012500000000001)
(0.00195 0.005 0.020125)
(0.002025 0.005 0.020125)
(0.002100000000000001 0.005 0.020125)
(0.002174999999999999 0.004999999999999999 0.020125)
(0.00225 0.005 0.020125)
(0.002325 0.005 0.020125)
(0.0024 0.005 0.020125)
(0.002475 0.005 0.020125)
(0.00255 0.005 0.020125)
(0.002625 0.005 0.020125)
(0.0027 0.005 0.02012500000000001)
(0.002775 0.005 0.020125)
(0.002850000000000001 0.005 0.020125)
(0.002925 0.005 0.020125)
(0.003 0.005 0.020125)
(0.003075 0.005 0.020125)
(0.00315 0.005 0.020125)
(0.003225 0.005 0.020125)
(0.0033 0.005 0.020125)
(0.003375000000000001 0.005 0.020125)
(0.00345 0.005000000000000001 0.02012500000000001)
(0.003525 0.005 0.02012500000000001)
(0.0036 0.005 0.020125)
(0.003675 0.005000000000000001 0.020125)
(0.00375 0.005 0.020125)
(0.003825 0.005 0.020125)
(0.0039 0.005 0.020125)
(0.003975 0.005 0.020125)
(0.004050000000000001 0.005 0.020125)
(0.004125 0.005 0.020125)
(0.004200000000000001 0.005 0.020125)
(0.004274999999999999 0.005 0.020125)
(0.004349999999999999 0.005 0.020125)
(0.004425000000000001 0.005 0.020125)
(0.004500000000000001 0.005 0.020125)
(0.004575 0.005 0.020125)
(0.00465 0.005 0.020125)
(0.004725 0.005 0.020125)
(0.0048 0.005 0.020125)
(0.004875000000000001 0.005 0.020125)
(0.00495 0.005 0.020125)
(0.005025000000000001 0.005 0.02012500000000001)
(0.0051 0.005 0.020125)
(0.005175 0.005 0.020125)
(0.005249999999999999 0.005 0.020125)
(0.005325 0.005 0.020125)
(0.0054 0.005 0.020125)
(0.005475 0.005 0.020125)
(0.005549999999999999 0.005 0.020125)
(0.005625 0.005 0.020125)
(0.005700000000000001 0.005 0.020125)
(0.005775000000000001 0.005 0.020125)
(0.00585 0.005 0.02012500000000001)
(0.005925000000000001 0.005 0.020125)
(0.006000000000000001 0.005 0.020125)
(0.006075000000000001 0.005 0.020125)
(0.00615 0.005 0.020125)
(0.006225 0.005 0.020125)
(0.0063 0.005 0.020125)
(0.006375 0.005 0.020125)
(0.00645 0.005 0.020125)
(0.006525 0.005 0.020125)
(0.006600000000000001 0.005 0.02012500000000001)
(0.006675 0.005 0.020125)
(0.006750000000000002 0.005 0.02012500000000001)
(0.006825 0.005 0.020125)
(0.006900000000000001 0.005 0.020125)
(0.006975000000000001 0.005 0.020125)
(0.00705 0.005 0.020125)
(0.007124999999999999 0.005 0.020125)
(0.007200000000000001 0.005 0.020125)
(0.007275 0.005 0.020125)
(0.00735 0.005 0.020125)
(0.007425000000000001 0.005 0.02012500000000001)
(0.0075 0.005 0.020125)
(0.007574999999999999 0.005 0.020125)
(0.007650000000000001 0.005 0.020125)
(0.007725 0.005 0.020125)
(0.0078 0.005 0.020125)
(0.007875000000000002 0.005 0.020125)
(0.00795 0.005 0.020125)
(0.008024999999999999 0.005 0.020125)
(0.008100000000000001 0.005 0.020125)
(0.008175000000000002 0.005 0.020125)
(0.00825 0.005 0.020125)
(0.008325000000000001 0.005 0.020125)
(0.008400000000000003 0.005 0.02012500000000001)
(0.008474999999999998 0.005 0.020125)
(0.00855 0.005 0.020125)
(0.008624999999999999 0.005 0.020125)
(0.008699999999999998 0.005 0.020125)
(0.008775 0.005 0.020125)
(0.008850000000000002 0.005 0.020125)
(0.008925000000000001 0.005 0.020125)
(0.008999999999999999 0.005 0.020125)
(0.009075000000000001 0.005 0.020125)
(0.00915 0.005 0.020125)
(0.009225000000000001 0.005 0.020125)
(0.009300000000000001 0.005 0.020125)
(0.009375 0.005 0.020125)
(0.00945 0.005 0.020125)
(0.009525 0.005 0.020125)
(0.009599999999999999 0.005 0.020125)
(0.009675 0.005 0.020125)
(0.009750000000000002 0.005 0.020125)
(0.009825 0.005 0.020125)
(0.009899999999999999 0.005 0.02012500000000001)
(0.009975000000000001 0.005 0.02012500000000001)
(0.01005 0.005 0.020125)
(0.010125 0.005 0.020125)
(0.0102 0.005 0.020125)
(0.010275 0.005 0.020125)
(0.01035 0.005 0.020125)
(0.010425 0.005 0.020125)
(0.0105 0.005 0.020125)
(0.010575 0.005 0.020125)
(0.01065 0.005 0.020125)
(0.010725 0.005 0.020125)
(0.0108 0.005 0.020125)
(0.010875 0.005 0.020125)
(0.01095 0.005 0.020125)
(0.011025 0.005 0.020125)
(0.0111 0.005 0.020125)
(0.011175 0.005 0.020125)
(0.01125 0.005 0.020125)
(0.011325 0.005 0.020125)
(0.0114 0.005 0.020125)
(0.011475 0.005 0.02012500000000001)
(0.01155 0.005 0.02012500000000001)
(0.011625 0.005 0.020125)
(0.0117 0.005 0.020125)
(0.011775 0.005 0.020125)
(0.01185 0.005 0.020125)
(0.011925 0.005 0.020125)
(0.012 0.005 0.020125)
(0.012075 0.005 0.020125)
(0.01215 0.005 0.020125)
(0.012225 0.005 0.020125)
(0.0123 0.005 0.020125)
(0.012375 0.005 0.020125)
(0.01245 0.005 0.020125)
(0.012525 0.005 0.020125)
(0.0126 0.005 0.020125)
(0.012675 0.005 0.020125)
(0.01275 0.005 0.020125)
(0.012825 0.005 0.020125)
(0.0129 0.005 0.020125)
(0.012975 0.005 0.020125)
(0.01305 0.005 0.02012500000000001)
(0.013125 0.005 0.02012500000000001)
(0.0132 0.005 0.020125)
(0.013275 0.005 0.020125)
(0.01335 0.005 0.020125)
(0.013425 0.005 0.020125)
(0.0135 0.005 0.020125)
(0.013575 0.005 0.020125)
(0.01365 0.005 0.020125)
(0.013725 0.005 0.020125)
(0.0138 0.005 0.020125)
(0.013875 0.005 0.020125)
(0.01395 0.005 0.020125)
(0.014025 0.005 0.020125)
(0.0141 0.005 0.020125)
(0.014175 0.005 0.020125)
(0.01425 0.005 0.020125)
(0.014325 0.005 0.020125)
(0.0144 0.005 0.020125)
(0.014475 0.005 0.020125)
(0.01455 0.005 0.020125)
(0.014625 0.005 0.02012500000000001)
(0.0147 0.005 0.020125)
(0.014775 0.005 0.020125)
(0.01485 0.005 0.020125)
(0.014925 0.005 0.020125)
(0.015 0.005 0.020125)
(0 0 0.02015)
(7.499999999999999e-05 0 0.02015)
(0.00015 0 0.02015)
(0.000225 0 0.02015)
(0.0003 0 0.02015)
(0.000375 0 0.02015)
(0.00045 0 0.02015)
(0.000525 0 0.02015)
(0.0005999999999999999 0 0.02015)
(0.000675 0 0.02015)
(0.00075 0 0.02015)
(0.0008250000000000001 0 0.02015)
(0.0009000000000000001 0 0.02015)
(0.000975 0 0.02015)
(0.00105 0 0.02015)
(0.001125 0 0.02015)
(0.0012 0 0.02015)
(0.001275 0 0.02015)
(0.00135 0 0.02015)
(0.001425 0 0.02015)
(0.0015 0 0.02015)
(0.001575 0 0.02015)
(0.00165 0 0.02015)
(0.001725 0 0.02015)
(0.0018 0 0.02015)
(0.001875 0 0.02015)
(0.00195 0 0.02015)
(0.002025 0 0.02015)
(0.0021 0 0.02015)
(0.002174999999999999 0 0.02015)
(0.00225 0 0.02015)
(0.002325 0 0.02015)
(0.0024 0 0.02015)
(0.002475 0 0.02015)
(0.00255 0 0.02015)
(0.002625 0 0.02015)
(0.0027 0 0.02015)
(0.002775 0 0.02015)
(0.002850000000000001 0 0.02015)
(0.002925 0 0.02015)
(0.003 0 0.02015)
(0.003075 0 0.02015)
(0.00315 0 0.02015)
(0.003225 0 0.02015)
(0.0033 0 0.02015)
(0.003375000000000001 0 0.02015)
(0.00345 0 0.02015)
(0.003525 0 0.02015)
(0.0036 0 0.02015)
(0.003675 0 0.02015)
(0.00375 0 0.02015)
(0.003825 0 0.02015)
(0.0039 0 0.02015)
(0.003974999999999999 0 0.02015)
(0.004050000000000001 0 0.02015)
(0.004125 0 0.02015)
(0.0042 0 0.02015)
(0.004275 0 0.02015)
(0.004349999999999999 0 0.02015)
(0.004425000000000001 0 0.02015)
(0.004500000000000001 0 0.02015)
(0.004575 0 0.02015)
(0.00465 0 0.02015)
(0.004725 0 0.02015)
(0.0048 0 0.02015)
(0.004875 0 0.02015)
(0.00495 0 0.02015)
(0.005025000000000001 0 0.02015)
(0.0051 0 0.02015)
(0.005175 0 0.02015)
(0.005249999999999999 0 0.02015)
(0.005325 0 0.02015)
(0.0054 0 0.02015)
(0.005475 0 0.02015)
(0.00555 0 0.02015)
(0.005625 0 0.02015)
(0.005699999999999999 0 0.02015)
(0.005775000000000001 0 0.02015)
(0.00585 0 0.02015)
(0.005925 0 0.02015)
(0.006 0 0.02015)
(0.006075000000000001 0 0.02015)
(0.00615 0 0.02015)
(0.006225 0 0.02015)
(0.0063 0 0.02015)
(0.006375 0 0.02015)
(0.00645 0 0.02015)
(0.006525 0 0.02015)
(0.006600000000000001 0 0.02015)
(0.006675 0 0.02015)
(0.006750000000000002 0 0.02015)
(0.006825 0 0.02015)
(0.006900000000000001 0 0.02015)
(0.006975000000000001 0 0.02015)
(0.00705 0 0.02015)
(0.007125 0 0.02015)
(0.007200000000000001 0 0.02015)
(0.007275 0 0.02015)
(0.007349999999999999 0 0.02015)
(0.007425000000000001 0 0.02015)
(0.0075 0 0.02015)
(0.007574999999999999 0 0.02015)
(0.007650000000000001 0 0.02015)
(0.007725 0 0.02015)
(0.0078 0 0.02015)
(0.007875000000000002 0 0.02015)
(0.007949999999999999 0 0.02015)
(0.008025000000000001 0 0.02015)
(0.0081 0 0.02015)
(0.008175000000000002 0 0.02015)
(0.00825 0 0.02015)
(0.008325000000000001 0 0.02015)
(0.008399999999999999 0 0.02015)
(0.008474999999999998 0 0.02015)
(0.00855 0 0.02015)
(0.008624999999999999 0 0.02015)
(0.008699999999999998 0 0.02015)
(0.008775 0 0.02015)
(0.008850000000000002 0 0.02015)
(0.008925000000000001 0 0.02015)
(0.009000000000000001 0 0.02015)
(0.009075000000000001 0 0.02015)
(0.00915 0 0.02015)
(0.009225000000000001 0 0.02015)
(0.009300000000000001 0 0.02015)
(0.009375 0 0.02015)
(0.00945 0 0.02015)
(0.009525 0 0.02015)
(0.009599999999999999 0 0.02015)
(0.009675 0 0.02015)
(0.00975 0 0.02015)
(0.009824999999999999 0 0.02015)
(0.009899999999999999 0 0.02015)
(0.009974999999999999 0 0.02015)
(0.01005 0 0.02015)
(0.010125 0 0.02015)
(0.0102 0 0.02015)
(0.010275 0 0.02015)
(0.01035 0 0.02015)
(0.010425 0 0.02015)
(0.0105 0 0.02015)
(0.010575 0 0.02015)
(0.01065 0 0.02015)
(0.010725 0 0.02015)
(0.0108 0 0.02015)
(0.010875 0 0.02015)
(0.01095 0 0.02015)
(0.011025 0 0.02015)
(0.0111 0 0.02015)
(0.011175 0 0.02015)
(0.01125 0 0.02015)
(0.011325 0 0.02015)
(0.0114 0 0.02015)
(0.011475 0 0.02015)
(0.01155 0 0.02015)
(0.011625 0 0.02015)
(0.0117 0 0.02015)
(0.011775 0 0.02015)
(0.01185 0 0.02015)
(0.011925 0 0.02015)
(0.012 0 0.02015)
(0.012075 0 0.02015)
(0.01215 0 0.02015)
(0.012225 0 0.02015)
(0.0123 0 0.02015)
(0.012375 0 0.02015)
(0.01245 0 0.02015)
(0.012525 0 0.02015)
(0.0126 0 0.02015)
(0.012675 0 0.02015)
(0.01275 0 0.02015)
(0.012825 0 0.02015)
(0.0129 0 0.02015)
(0.012975 0 0.02015)
(0.01305 0 0.02015)
(0.013125 0 0.02015)
(0.0132 0 0.02015)
(0.013275 0 0.02015)
(0.01335 0 0.02015)
(0.013425 0 0.02015)
(0.0135 0 0.02015)
(0.013575 0 0.02015)
(0.01365 0 0.02015)
(0.013725 0 0.02015)
(0.0138 0 0.02015)
(0.013875 0 0.02015)
(0.01395 0 0.02015)
(0.014025 0 0.02015)
(0.0141 0 0.02015)
(0.014175 0 0.02015)
(0.01425 0 0.02015)
(0.014325 0 0.02015)
(0.0144 0 0.02015)
(0.014475 0 0.02015)
(0.01455 0 0.02015)
(0.014625 0 0.02015)
(0.0147 0 0.02015)
(0.014775 0 0.02015)
(0.01485 0 0.02015)
(0.014925 0 0.02015)
(0.015 0 0.02015)
(0 0.005 0.02015)
(7.499999999999999e-05 0.005000000000000001 0.02015)
(0.00015 0.005 0.02015)
(0.000225 0.005 0.02015)
(0.0003 0.005 0.02015)
(0.000375 0.005000000000000001 0.02015)
(0.00045 0.004999999999999998 0.02015)
(0.000525 0.005 0.02015)
(0.0005999999999999999 0.005 0.02015)
(0.000675 0.005000000000000001 0.02015)
(0.00075 0.005 0.02015)
(0.0008250000000000001 0.005 0.02015)
(0.0009000000000000001 0.005 0.02015)
(0.000975 0.005000000000000001 0.02015)
(0.00105 0.004999999999999998 0.02015)
(0.001125 0.005 0.02015)
(0.0012 0.005 0.02015)
(0.001275 0.005 0.02015)
(0.00135 0.005 0.02015)
(0.001425 0.005 0.02015)
(0.0015 0.005 0.02015)
(0.001575 0.005 0.02015)
(0.00165 0.005 0.02015)
(0.001725 0.005 0.02015)
(0.0018 0.005 0.02015)
(0.001875 0.005 0.02015)
(0.00195 0.005 0.02015)
(0.002025 0.005 0.02015)
(0.0021 0.005 0.02015)
(0.002174999999999999 0.005 0.02015)
(0.00225 0.005 0.02015)
(0.002325 0.005 0.02015)
(0.0024 0.005 0.02015)
(0.002475 0.004999999999999999 0.02015)
(0.00255 0.005 0.02015)
(0.002625 0.005 0.02015)
(0.0027 0.004999999999999999 0.02015)
(0.002775 0.005 0.02015)
(0.002850000000000001 0.005 0.02015)
(0.002925 0.005 0.02015)
(0.003 0.005 0.02015)
(0.003075 0.004999999999999999 0.02015)
(0.00315 0.005 0.02015)
(0.003225 0.005 0.02015)
(0.0033 0.005 0.02015)
(0.003375000000000001 0.005 0.02015)
(0.00345 0.005 0.02015)
(0.003525 0.005 0.02015)
(0.0036 0.005 0.02015)
(0.003675 0.004999999999999999 0.02015)
(0.00375 0.005 0.02015)
(0.003825 0.005 0.02015)
(0.0039 0.005000000000000001 0.02015)
(0.003974999999999999 0.004999999999999999 0.02015)
(0.004050000000000001 0.005 0.02015)
(0.004125 0.005 0.02015)
(0.0042 0.005 0.02015)
(0.004275 0.005 0.02015)
(0.004349999999999999 0.005 0.02015)
(0.004425000000000001 0.005 0.02015)
(0.004500000000000001 0.005 0.02015)
(0.004575 0.005 0.02015)
(0.00465 0.005 0.02015)
(0.004725 0.005 0.02015)
(0.0048 0.005 0.02015)
(0.004875 0.005 0.02015)
(0.00495 0.005 0.02015)
(0.005025000000000001 0.005 0.02015)
(0.0051 0.005 0.02015)
(0.005175 0.005 0.02015)
(0.005249999999999999 0.005 0.02015)
(0.005325 0.005 0.02015)
(0.0054 0.005 0.02015)
(0.005475 0.005 0.02015)
(0.00555 0.004999999999999999 0.02015)
(0.005625 0.005 0.02015)
(0.005699999999999999 0.005 0.02015)
(0.005775000000000001 0.005 0.02015)
(0.00585 0.005 0.02015)
(0.005925 0.005 0.02015)
(0.006 0.005 0.02015)
(0.006075000000000001 0.005 0.02015)
(0.00615 0.005 0.02015)
(0.006225 0.005 0.02015)
(0.0063 0.005 0.02015)
(0.006375 0.005 0.02015)
(0.00645 0.005 0.02015)
(0.006525 0.005 0.02015)
(0.006600000000000001 0.005 0.02015)
(0.006675 0.005 0.02015)
(0.006750000000000002 0.005 0.02015)
(0.006825 0.005 0.02015)
(0.006900000000000001 0.005 0.02015)
(0.006975000000000001 0.005 0.02015)
(0.00705 0.005 0.02015)
(0.007125 0.005000000000000001 0.02015)
(0.007200000000000001 0.004999999999999999 0.02015)
(0.007275 0.005 0.02015)
(0.007349999999999999 0.005 0.02015)
(0.007425000000000001 0.005 0.02015)
(0.0075 0.005 0.02015)
(0.007574999999999999 0.005 0.02015)
(0.007650000000000001 0.005 0.02015)
(0.007725 0.005000000000000001 0.02015)
(0.0078 0.004999999999999999 0.02015)
(0.007875000000000002 0.005 0.02015)
(0.007949999999999999 0.005 0.02015)
(0.008025000000000001 0.005 0.02015)
(0.0081 0.005 0.02015)
(0.008175000000000002 0.005 0.02015)
(0.00825 0.005 0.02015)
(0.008325000000000001 0.005000000000000001 0.02015)
(0.008399999999999999 0.004999999999999999 0.02015)
(0.008474999999999998 0.005 0.02015)
(0.00855 0.005 0.02015)
(0.008624999999999999 0.004999999999999998 0.02015)
(0.008699999999999998 0.005 0.02015)
(0.008775 0.005 0.02015)
(0.008850000000000002 0.005 0.02015)
(0.008925000000000001 0.005000000000000001 0.02015)
(0.009000000000000001 0.005 0.02015)
(0.009075000000000001 0.005 0.02015)
(0.00915 0.005 0.02015)
(0.009225000000000001 0.004999999999999998 0.02015)
(0.009300000000000001 0.005 0.02015)
(0.009375 0.005 0.02015)
(0.00945 0.005 0.02015)
(0.009525 0.005 0.02015)
(0.009599999999999999 0.005 0.02015)
(0.009675 0.005 0.02015)
(0.00975 0.005 0.02015)
(0.009824999999999999 0.005 0.02015)
(0.009899999999999999 0.005 0.02015)
(0.009974999999999999 0.005 0.02015)
(0.01005 0.005 0.02015)
(0.010125 0.005 0.02015)
(0.0102 0.005 0.02015)
(0.010275 0.005 0.02015)
(0.01035 0.005000000000000001 0.02015)
(0.010425 0.005 0.02015)
(0.0105 0.005 0.02015)
(0.010575 0.005 0.02015)
(0.01065 0.005000000000000001 0.02015)
(0.010725 0.005 0.02015)
(0.0108 0.005 0.02015)
(0.010875 0.004999999999999999 0.02015)
(0.01095 0.005000000000000001 0.02015)
(0.011025 0.005 0.02015)
(0.0111 0.005 0.02015)
(0.011175 0.005 0.02015)
(0.01125 0.005000000000000001 0.02015)
(0.011325 0.005 0.02015)
(0.0114 0.005 0.02015)
(0.011475 0.004999999999999999 0.02015)
(0.01155 0.005000000000000001 0.02015)
(0.011625 0.005 0.02015)
(0.0117 0.005000000000000001 0.02015)
(0.011775 0.005 0.02015)
(0.01185 0.005000000000000001 0.02015)
(0.011925 0.005 0.02015)
(0.012 0.005 0.02015)
(0.012075 0.004999999999999999 0.02015)
(0.01215 0.005000000000000001 0.02015)
(0.012225 0.005 0.02015)
(0.0123 0.005 0.02015)
(0.012375 0.005000000000000001 0.02015)
(0.01245 0.004999999999999999 0.02015)
(0.012525 0.005 0.02015)
(0.0126 0.005 0.02015)
(0.012675 0.005 0.02015)
(0.01275 0.005 0.02015)
(0.012825 0.005 0.02015)
(0.0129 0.005 0.02015)
(0.012975 0.005 0.02015)
(0.01305 0.004999999999999999 0.02015)
(0.013125 0.005 0.02015)
(0.0132 0.005 0.02015)
(0.013275 0.005 0.02015)
(0.01335 0.005 0.02015)
(0.013425 0.005 0.02015)
(0.0135 0.005 0.02015)
(0.013575 0.005 0.02015)
(0.01365 0.004999999999999999 0.02015)
(0.013725 0.005 0.02015)
(0.0138 0.005 0.02015)
(0.013875 0.005 0.02015)
(0.01395 0.005 0.02015)
(0.014025 0.005 0.02015)
(0.0141 0.005 0.02015)
(0.014175 0.005 0.02015)
(0.01425 0.005 0.02015)
(0.014325 0.005 0.02015)
(0.0144 0.005 0.02015)
(0.014475 0.005 0.02015)
(0.01455 0.005 0.02015)
(0.014625 0.005 0.02015)
(0.0147 0.005 0.02015)
(0.014775 0.005 0.02015)
(0.01485 0.005 0.02015)
(0.014925 0.005 0.02015)
(0.015 0.005 0.02015)
(0 0 0.020175)
(7.499999999999999e-05 0 0.02017500000000001)
(0.00015 0 0.020175)
(0.000225 0 0.020175)
(0.0003 0 0.020175)
(0.0003750000000000001 0 0.020175)
(0.00045 0 0.020175)
(0.0005250000000000002 0 0.020175)
(0.0005999999999999999 0 0.020175)
(0.000675 0 0.02017500000000001)
(0.0007500000000000001 0 0.020175)
(0.0008250000000000003 0 0.020175)
(0.0009000000000000001 0 0.020175)
(0.000975 0 0.02017500000000001)
(0.00105 0 0.020175)
(0.001125 0 0.02017500000000001)
(0.0012 0 0.020175)
(0.001275 0 0.020175)
(0.00135 0 0.020175)
(0.001425 0 0.020175)
(0.0015 0 0.020175)
(0.001575 0 0.020175)
(0.00165 0 0.020175)
(0.001725 0 0.020175)
(0.0018 0 0.020175)
(0.001875 0 0.020175)
(0.00195 0 0.020175)
(0.002025 0 0.020175)
(0.002100000000000001 0 0.020175)
(0.002175 0 0.020175)
(0.00225 0 0.020175)
(0.002325 0 0.020175)
(0.0024 0 0.020175)
(0.002475 0 0.020175)
(0.00255 0 0.020175)
(0.002625 0 0.020175)
(0.0027 0 0.020175)
(0.002775 0 0.020175)
(0.002850000000000001 0 0.020175)
(0.002925 0 0.020175)
(0.003 0 0.020175)
(0.003075 0 0.020175)
(0.00315 0 0.020175)
(0.003225 0 0.020175)
(0.0033 0 0.02017500000000001)
(0.003375000000000001 0 0.020175)
(0.00345 0 0.02017500000000001)
(0.003525 0 0.020175)
(0.0036 0 0.02017500000000001)
(0.003675 0 0.020175)
(0.00375 0 0.020175)
(0.003825 0 0.020175)
(0.0039 0 0.020175)
(0.003974999999999999 0 0.020175)
(0.004050000000000001 0 0.020175)
(0.004125000000000001 0 0.020175)
(0.004200000000000001 0 0.020175)
(0.004275 0 0.020175)
(0.00435 0 0.020175)
(0.004425000000000001 0 0.020175)
(0.0045 0 0.020175)
(0.004575 0 0.020175)
(0.00465 0 0.020175)
(0.004725 0 0.020175)
(0.0048 0 0.020175)
(0.004875000000000001 0 0.020175)
(0.00495 0 0.020175)
(0.005025000000000001 0 0.020175)
(0.005100000000000001 0 0.020175)
(0.005175 0 0.020175)
(0.005249999999999999 0 0.020175)
(0.005325 0 0.020175)
(0.0054 0 0.020175)
(0.005475 0 0.020175)
(0.005549999999999999 0 0.020175)
(0.005625 0 0.020175)
(0.005700000000000001 0 0.020175)
(0.005775000000000001 0 0.020175)
(0.00585 0 0.020175)
(0.005925000000000001 0 0.020175)
(0.006000000000000001 0 0.020175)
(0.006075000000000001 0 0.020175)
(0.00615 0 0.02017500000000001)
(0.006225 0 0.020175)
(0.0063 0 0.020175)
(0.006375 0 0.020175)
(0.00645 0 0.020175)
(0.006525 0 0.020175)
(0.006600000000000001 0 0.020175)
(0.006675 0 0.020175)
(0.006750000000000002 0 0.020175)
(0.006825000000000001 0 0.020175)
(0.006900000000000001 0 0.020175)
(0.006975000000000001 0 0.020175)
(0.00705 0 0.020175)
(0.007124999999999999 0 0.020175)
(0.007200000000000001 0 0.020175)
(0.007275 0 0.020175)
(0.00735 0 0.020175)
(0.007425000000000001 0 0.020175)
(0.0075 0 0.020175)
(0.007574999999999999 0 0.020175)
(0.007650000000000001 0 0.020175)
(0.007725 0 0.020175)
(0.0078 0 0.020175)
(0.007875000000000002 0 0.020175)
(0.007949999999999999 0 0.020175)
(0.008024999999999999 0 0.020175)
(0.008100000000000001 0 0.020175)
(0.008175000000000002 0 0.020175)
(0.008250000000000002 0 0.020175)
(0.008325000000000001 0 0.020175)
(0.008400000000000003 0 0.020175)
(0.008474999999999998 0 0.020175)
(0.00855 0 0.020175)
(0.008624999999999999 0 0.020175)
(0.008699999999999998 0 0.020175)
(0.008775 0 0.020175)
(0.008850000000000002 0 0.020175)
(0.008925000000000001 0 0.020175)
(0.008999999999999999 0 0.020175)
(0.009075000000000001 0 0.020175)
(0.00915 0 0.020175)
(0.009225000000000001 0 0.020175)
(0.009300000000000001 0 0.020175)
(0.009375 0 0.020175)
(0.00945 0 0.020175)
(0.009525 0 0.020175)
(0.009599999999999999 0 0.020175)
(0.009675 0 0.020175)
(0.009750000000000002 0 0.020175)
(0.009824999999999999 0 0.020175)
(0.009900000000000001 0 0.020175)
(0.009975000000000001 0 0.020175)
(0.01005 0 0.020175)
(0.010125 0 0.020175)
(0.0102 0 0.020175)
(0.010275 0 0.020175)
(0.01035 0 0.020175)
(0.010425 0 0.020175)
(0.0105 0 0.020175)
(0.010575 0 0.020175)
(0.01065 0 0.020175)
(0.010725 0 0.020175)
(0.0108 0 0.020175)
(0.010875 0 0.020175)
(0.01095 0 0.020175)
(0.011025 0 0.020175)
(0.0111 0 0.020175)
(0.011175 0 0.020175)
(0.01125 0 0.020175)
(0.011325 0 0.020175)
(0.0114 0 0.02017500000000001)
(0.011475 0 0.020175)
(0.01155 0 0.020175)
(0.011625 0 0.020175)
(0.0117 0 0.020175)
(0.011775 0 0.020175)
(0.01185 0 0.020175)
(0.011925 0 0.020175)
(0.012 0 0.020175)
(0.012075 0 0.020175)
(0.01215 0 0.020175)
(0.012225 0 0.020175)
(0.0123 0 0.020175)
(0.012375 0 0.020175)
(0.01245 0 0.020175)
(0.012525 0 0.020175)
(0.0126 0 0.020175)
(0.012675 0 0.020175)
(0.01275 0 0.020175)
(0.012825 0 0.020175)
(0.0129 0 0.020175)
(0.012975 0 0.020175)
(0.01305 0 0.020175)
(0.013125 0 0.020175)
(0.0132 0 0.020175)
(0.013275 0 0.020175)
(0.01335 0 0.020175)
(0.013425 0 0.020175)
(0.0135 0 0.020175)
(0.013575 0 0.020175)
(0.01365 0 0.020175)
(0.013725 0 0.020175)
(0.0138 0 0.020175)
(0.013875 0 0.020175)
(0.01395 0 0.020175)
(0.014025 0 0.020175)
(0.0141 0 0.020175)
(0.014175 0 0.020175)
(0.01425 0 0.020175)
(0.014325 0 0.020175)
(0.0144 0 0.020175)
(0.014475 0 0.020175)
(0.01455 0 0.02017500000000001)
(0.014625 0 0.02017500000000001)
(0.0147 0 0.020175)
(0.014775 0 0.020175)
(0.01485 0 0.020175)
(0.014925 0 0.020175)
(0.015 0 0.020175)
(0 0.005 0.020175)
(7.499999999999999e-05 0.005 0.020175)
(0.00015 0.005 0.020175)
(0.000225 0.005 0.020175)
(0.0003 0.004999999999999999 0.020175)
(0.0003750000000000001 0.005 0.020175)
(0.00045 0.005 0.020175)
(0.0005250000000000002 0.005 0.020175)
(0.0005999999999999999 0.005 0.020175)
(0.000675 0.005 0.020175)
(0.0007500000000000001 0.005 0.020175)
(0.0008250000000000003 0.005 0.020175)
(0.0009000000000000001 0.004999999999999999 0.020175)
(0.000975 0.005 0.020175)
(0.00105 0.005 0.020175)
(0.001125 0.005 0.020175)
(0.0012 0.005 0.020175)
(0.001275 0.005 0.020175)
(0.00135 0.005 0.020175)
(0.001425 0.005 0.020175)
(0.0015 0.004999999999999999 0.020175)
(0.001575 0.005 0.020175)
(0.00165 0.005 0.020175)
(0.001725 0.005 0.020175)
(0.0018 0.005 0.020175)
(0.001875 0.005 0.020175)
(0.00195 0.005 0.020175)
(0.002025 0.005 0.020175)
(0.002100000000000001 0.005 0.020175)
(0.002175 0.005 0.020175)
(0.00225 0.005 0.020175)
(0.002325 0.005 0.020175)
(0.0024 0.005 0.020175)
(0.002475 0.005 0.020175)
(0.00255 0.005 0.020175)
(0.002625 0.005 0.020175)
(0.0027 0.005 0.020175)
(0.002775 0.005 0.020175)
(0.002850000000000001 0.005 0.020175)
(0.002925 0.005 0.020175)
(0.003 0.005 0.020175)
(0.003075 0.005 0.020175)
(0.00315 0.005 0.020175)
(0.003225 0.005 0.020175)
(0.0033 0.005 0.020175)
(0.003375000000000001 0.005 0.020175)
(0.00345 0.005 0.020175)
(0.003525 0.005 0.020175)
(0.0036 0.005 0.020175)
(0.003675 0.005 0.020175)
(0.00375 0.005 0.020175)
(0.003825 0.005 0.020175)
(0.0039 0.005 0.020175)
(0.003974999999999999 0.005 0.020175)
(0.004050000000000001 0.005 0.020175)
(0.004125000000000001 0.005 0.020175)
(0.004200000000000001 0.005 0.020175)
(0.004275 0.005 0.020175)
(0.00435 0.005 0.020175)
(0.004425000000000001 0.005 0.020175)
(0.0045 0.005 0.020175)
(0.004575 0.005 0.020175)
(0.00465 0.005 0.020175)
(0.004725 0.005 0.020175)
(0.0048 0.005 0.020175)
(0.004875000000000001 0.005 0.020175)
(0.00495 0.005 0.020175)
(0.005025000000000001 0.005 0.020175)
(0.005100000000000001 0.005 0.020175)
(0.005175 0.005 0.020175)
(0.005249999999999999 0.005 0.020175)
(0.005325 0.004999999999999999 0.020175)
(0.0054 0.005 0.020175)
(0.005475 0.005 0.020175)
(0.005549999999999999 0.004999999999999999 0.020175)
(0.005625 0.005 0.020175)
(0.005700000000000001 0.005 0.020175)
(0.005775000000000001 0.005 0.020175)
(0.00585 0.005 0.020175)
(0.005925000000000001 0.005 0.020175)
(0.006000000000000001 0.005 0.020175)
(0.006075000000000001 0.005 0.020175)
(0.00615 0.005 0.02017500000000001)
(0.006225 0.005 0.020175)
(0.0063 0.005 0.020175)
(0.006375 0.005 0.020175)
(0.00645 0.005 0.02017500000000001)
(0.006525 0.005 0.020175)
(0.006600000000000001 0.005 0.02017500000000001)
(0.006675 0.005 0.020175)
(0.006750000000000002 0.005 0.020175)
(0.006825000000000001 0.005 0.020175)
(0.006900000000000001 0.005 0.020175)
(0.006975000000000001 0.005 0.020175)
(0.00705 0.005 0.020175)
(0.007124999999999999 0.005 0.020175)
(0.007200000000000001 0.005 0.020175)
(0.007275 0.005 0.020175)
(0.00735 0.005 0.020175)
(0.007425000000000001 0.005 0.020175)
(0.0075 0.005 0.020175)
(0.007574999999999999 0.005 0.020175)
(0.007650000000000001 0.005 0.020175)
(0.007725 0.005 0.020175)
(0.0078 0.005 0.020175)
(0.007875000000000002 0.005 0.020175)
(0.007949999999999999 0.005 0.020175)
(0.008024999999999999 0.004999999999999999 0.020175)
(0.008100000000000001 0.005 0.020175)
(0.008175000000000002 0.005 0.020175)
(0.008250000000000002 0.005 0.020175)
(0.008325000000000001 0.005 0.020175)
(0.008400000000000003 0.005 0.020175)
(0.008474999999999998 0.005 0.020175)
(0.00855 0.005 0.020175)
(0.008624999999999999 0.005 0.020175)
(0.008699999999999998 0.005 0.020175)
(0.008775 0.005 0.02017500000000001)
(0.008850000000000002 0.005 0.020175)
(0.008925000000000001 0.005 0.020175)
(0.008999999999999999 0.004999999999999999 0.020175)
(0.009075000000000001 0.004999999999999999 0.020175)
(0.00915 0.005 0.020175)
(0.009225000000000001 0.005 0.020175)
(0.009300000000000001 0.005 0.020175)
(0.009375 0.005 0.020175)
(0.00945 0.005 0.020175)
(0.009525 0.005 0.020175)
(0.009599999999999999 0.005 0.020175)
(0.009675 0.004999999999999999 0.020175)
(0.009750000000000002 0.005 0.020175)
(0.009824999999999999 0.005 0.020175)
(0.009900000000000001 0.005 0.020175)
(0.009975000000000001 0.005 0.020175)
(0.01005 0.005 0.020175)
(0.010125 0.005 0.020175)
(0.0102 0.004999999999999999 0.020175)
(0.010275 0.004999999999999999 0.020175)
(0.01035 0.005 0.020175)
(0.010425 0.005 0.020175)
(0.0105 0.005 0.020175)
(0.010575 0.005 0.020175)
(0.01065 0.005 0.020175)
(0.010725 0.005 0.020175)
(0.0108 0.005 0.020175)
(0.010875 0.004999999999999999 0.020175)
(0.01095 0.005 0.020175)
(0.011025 0.005 0.020175)
(0.0111 0.005 0.020175)
(0.011175 0.005 0.020175)
(0.01125 0.005 0.020175)
(0.011325 0.005 0.020175)
(0.0114 0.005000000000000001 0.02017500000000001)
(0.011475 0.004999999999999999 0.020175)
(0.01155 0.004999999999999999 0.020175)
(0.011625 0.005 0.020175)
(0.0117 0.005 0.02017500000000001)
(0.011775 0.005 0.020175)
(0.01185 0.005 0.020175)
(0.011925 0.005 0.020175)
(0.012 0.005 0.020175)
(0.012075 0.004999999999999999 0.020175)
(0.01215 0.005 0.020175)
(0.012225 0.005 0.020175)
(0.0123 0.005 0.020175)
(0.012375 0.005 0.020175)
(0.01245 0.005 0.020175)
(0.012525 0.005 0.020175)
(0.0126 0.005 0.020175)
(0.012675 0.005 0.020175)
(0.01275 0.004999999999999999 0.020175)
(0.012825 0.005 0.020175)
(0.0129 0.005 0.020175)
(0.012975 0.005 0.020175)
(0.01305 0.005 0.020175)
(0.013125 0.005 0.020175)
(0.0132 0.005 0.020175)
(0.013275 0.005 0.020175)
(0.01335 0.005 0.020175)
(0.013425 0.005 0.020175)
(0.0135 0.005 0.020175)
(0.013575 0.005 0.020175)
(0.01365 0.005 0.020175)
(0.013725 0.005 0.020175)
(0.0138 0.005 0.020175)
(0.013875 0.005 0.020175)
(0.01395 0.004999999999999999 0.020175)
(0.014025 0.005 0.020175)
(0.0141 0.005 0.020175)
(0.014175 0.005 0.020175)
(0.01425 0.005 0.020175)
(0.014325 0.005 0.020175)
(0.0144 0.005 0.020175)
(0.014475 0.005 0.020175)
(0.01455 0.005 0.02017500000000001)
(0.014625 0.005 0.02017500000000001)
(0.0147 0.004999999999999999 0.020175)
(0.014775 0.005 0.020175)
(0.01485 0.005 0.020175)
(0.014925 0.005 0.02017500000000001)
(0.015 0.005 0.020175)
(0 0 0.0202)
(7.499999999999999e-05 0 0.0202)
(0.00015 0 0.0202)
(0.000225 0 0.0202)
(0.0003 0 0.0202)
(0.0003750000000000001 0 0.0202)
(0.00045 0 0.0202)
(0.0005250000000000002 0 0.0202)
(0.0005999999999999999 0 0.0202)
(0.000675 0 0.0202)
(0.0007500000000000001 0 0.0202)
(0.0008250000000000001 0 0.0202)
(0.0009000000000000001 0 0.0202)
(0.000975 0 0.0202)
(0.00105 0 0.0202)
(0.001125 0 0.0202)
(0.0012 0 0.0202)
(0.001275 0 0.0202)
(0.00135 0 0.0202)
(0.001425 0 0.0202)
(0.0015 0 0.0202)
(0.001575 0 0.0202)
(0.00165 0 0.0202)
(0.001725 0 0.0202)
(0.0018 0 0.0202)
(0.001875 0 0.0202)
(0.00195 0 0.0202)
(0.002025 0 0.0202)
(0.002100000000000001 0 0.02020000000000001)
(0.002174999999999999 0 0.0202)
(0.00225 0 0.0202)
(0.002325 0 0.0202)
(0.0024 0 0.0202)
(0.002475 0 0.0202)
(0.00255 0 0.0202)
(0.002625 0 0.0202)
(0.0027 0 0.0202)
(0.002775 0 0.0202)
(0.002850000000000001 0 0.0202)
(0.002925 0 0.0202)
(0.003 0 0.0202)
(0.003075 0 0.0202)
(0.00315 0 0.0202)
(0.003225 0 0.0202)
(0.0033 0 0.0202)
(0.003375000000000001 0 0.0202)
(0.00345 0 0.0202)
(0.003525 0 0.0202)
(0.0036 0 0.0202)
(0.003675 0 0.0202)
(0.00375 0 0.0202)
(0.003825 0 0.0202)
(0.0039 0 0.0202)
(0.003975 0 0.0202)
(0.004050000000000001 0 0.0202)
(0.004125 0 0.0202)
(0.004200000000000001 0 0.0202)
(0.004275 0 0.0202)
(0.004349999999999999 0 0.0202)
(0.004425000000000001 0 0.0202)
(0.0045 0 0.0202)
(0.004575 0 0.0202)
(0.00465 0 0.0202)
(0.004725 0 0.0202)
(0.0048 0 0.0202)
(0.004875000000000001 0 0.0202)
(0.00495 0 0.0202)
(0.005025000000000001 0 0.0202)
(0.0051 0 0.0202)
(0.005175 0 0.0202)
(0.005249999999999999 0 0.0202)
(0.005325 0 0.0202)
(0.0054 0 0.0202)
(0.005475 0 0.0202)
(0.005549999999999999 0 0.0202)
(0.005625 0 0.0202)
(0.005700000000000001 0 0.0202)
(0.005775000000000001 0 0.0202)
(0.00585 0 0.0202)
(0.005925000000000001 0 0.0202)
(0.006000000000000001 0 0.0202)
(0.006075000000000001 0 0.0202)
(0.00615 0 0.0202)
(0.006225 0 0.0202)
(0.0063 0 0.0202)
(0.006375 0 0.0202)
(0.00645 0 0.0202)
(0.006525000000000001 0 0.0202)
(0.006600000000000001 0 0.0202)
(0.006675 0 0.0202)
(0.006750000000000002 0 0.0202)
(0.006825000000000001 0 0.0202)
(0.006900000000000001 0 0.0202)
(0.006975000000000001 0 0.0202)
(0.00705 0 0.0202)
(0.007124999999999999 0 0.0202)
(0.007200000000000001 0 0.0202)
(0.007275 0 0.0202)
(0.00735 0 0.0202)
(0.007425000000000001 0 0.0202)
(0.0075 0 0.0202)
(0.007574999999999999 0 0.0202)
(0.007650000000000001 0 0.0202)
(0.007725 0 0.0202)
(0.0078 0 0.0202)
(0.007875000000000002 0 0.0202)
(0.00795 0 0.0202)
(0.008024999999999999 0 0.0202)
(0.008100000000000001 0 0.0202)
(0.008175000000000002 0 0.0202)
(0.00825 0 0.0202)
(0.008325000000000001 0 0.0202)
(0.008400000000000003 0 0.0202)
(0.008474999999999998 0 0.0202)
(0.00855 0 0.0202)
(0.008624999999999999 0 0.0202)
(0.008699999999999998 0 0.0202)
(0.008775 0 0.0202)
(0.008850000000000002 0 0.0202)
(0.008925000000000001 0 0.0202)
(0.008999999999999999 0 0.0202)
(0.009075000000000001 0 0.0202)
(0.00915 0 0.0202)
(0.009225000000000001 0 0.0202)
(0.009300000000000001 0 0.0202)
(0.009375 0 0.0202)
(0.00945 0 0.0202)
(0.009525 0 0.0202)
(0.009599999999999999 0 0.0202)
(0.009675 0 0.0202)
(0.009750000000000002 0 0.0202)
(0.009825 0 0.0202)
(0.009899999999999999 0 0.0202)
(0.009975000000000001 0 0.0202)
(0.01005 0 0.0202)
(0.010125 0 0.0202)
(0.0102 0 0.0202)
(0.010275 0 0.0202)
(0.01035 0 0.0202)
(0.010425 0 0.0202)
(0.0105 0 0.0202)
(0.010575 0 0.0202)
(0.01065 0 0.0202)
(0.010725 0 0.0202)
(0.0108 0 0.0202)
(0.010875 0 0.0202)
(0.01095 0 0.0202)
(0.011025 0 0.0202)
(0.0111 0 0.0202)
(0.011175 0 0.0202)
(0.01125 0 0.0202)
(0.011325 0 0.0202)
(0.0114 0 0.0202)
(0.011475 0 0.0202)
(0.01155 0 0.0202)
(0.011625 0 0.0202)
(0.0117 0 0.0202)
(0.011775 0 0.0202)
(0.01185 0 0.0202)
(0.011925 0 0.0202)
(0.012 0 0.0202)
(0.012075 0 0.0202)
(0.01215 0 0.0202)
(0.012225 0 0.0202)
(0.0123 0 0.0202)
(0.012375 0 0.0202)
(0.01245 0 0.0202)
(0.012525 0 0.0202)
(0.0126 0 0.0202)
(0.012675 0 0.0202)
(0.01275 0 0.0202)
(0.012825 0 0.0202)
(0.0129 0 0.0202)
(0.012975 0 0.0202)
(0.01305 0 0.0202)
(0.013125 0 0.0202)
(0.0132 0 0.0202)
(0.013275 0 0.0202)
(0.01335 0 0.0202)
(0.013425 0 0.0202)
(0.0135 0 0.0202)
(0.013575 0 0.0202)
(0.01365 0 0.0202)
(0.013725 0 0.0202)
(0.0138 0 0.0202)
(0.013875 0 0.0202)
(0.01395 0 0.0202)
(0.014025 0 0.0202)
(0.0141 0 0.0202)
(0.014175 0 0.0202)
(0.01425 0 0.0202)
(0.014325 0 0.0202)
(0.0144 0 0.0202)
(0.014475 0 0.0202)
(0.01455 0 0.0202)
(0.014625 0 0.0202)
(0.0147 0 0.0202)
(0.014775 0 0.0202)
(0.01485 0 0.0202)
(0.014925 0 0.0202)
(0.015 0 0.0202)
(0 0.005 0.0202)
(7.499999999999999e-05 0.005 0.0202)
(0.00015 0.005 0.0202)
(0.000225 0.005 0.0202)
(0.0003 0.005 0.0202)
(0.0003750000000000001 0.005 0.0202)
(0.00045 0.005 0.0202)
(0.0005250000000000002 0.005 0.0202)
(0.0005999999999999999 0.005 0.0202)
(0.000675 0.005 0.0202)
(0.0007500000000000001 0.005 0.0202)
(0.0008250000000000001 0.005 0.0202)
(0.0009000000000000001 0.005 0.0202)
(0.000975 0.005 0.0202)
(0.00105 0.005 0.0202)
(0.001125 0.005 0.0202)
(0.0012 0.005 0.0202)
(0.001275 0.005 0.0202)
(0.00135 0.005 0.0202)
(0.001425 0.005 0.0202)
(0.0015 0.005 0.0202)
(0.001575 0.005 0.0202)
(0.00165 0.005 0.0202)
(0.001725 0.005 0.0202)
(0.0018 0.005 0.0202)
(0.001875 0.005 0.0202)
(0.00195 0.005 0.0202)
(0.002025 0.005 0.0202)
(0.002100000000000001 0.005 0.02020000000000001)
(0.002174999999999999 0.005 0.0202)
(0.00225 0.005 0.0202)
(0.002325 0.005 0.0202)
(0.0024 0.005 0.0202)
(0.002475 0.005 0.0202)
(0.00255 0.005 0.0202)
(0.002625 0.005 0.0202)
(0.0027 0.005 0.0202)
(0.002775 0.005 0.0202)
(0.002850000000000001 0.005 0.0202)
(0.002925 0.005 0.0202)
(0.003 0.005 0.0202)
(0.003075 0.005 0.0202)
(0.00315 0.005 0.0202)
(0.003225 0.005 0.0202)
(0.0033 0.005 0.0202)
(0.003375000000000001 0.005 0.0202)
(0.00345 0.005 0.0202)
(0.003525 0.005 0.0202)
(0.0036 0.005 0.0202)
(0.003675 0.005 0.0202)
(0.00375 0.005 0.0202)
(0.003825 0.005 0.0202)
(0.0039 0.005 0.0202)
(0.003975 0.005 0.0202)
(0.004050000000000001 0.005 0.0202)
(0.004125 0.005 0.0202)
(0.004200000000000001 0.005 0.0202)
(0.004275 0.005 0.0202)
(0.004349999999999999 0.004999999999999999 0.0202)
(0.004425000000000001 0.005 0.0202)
(0.0045 0.005 0.0202)
(0.004575 0.005 0.0202)
(0.00465 0.004999999999999999 0.0202)
(0.004725 0.005 0.0202)
(0.0048 0.005 0.0202)
(0.004875000000000001 0.005 0.0202)
(0.00495 0.004999999999999999 0.0202)
(0.005025000000000001 0.005 0.0202)
(0.0051 0.005 0.0202)
(0.005175 0.005 0.0202)
(0.005249999999999999 0.005 0.0202)
(0.005325 0.005 0.0202)
(0.0054 0.005 0.0202)
(0.005475 0.005 0.0202)
(0.005549999999999999 0.005 0.0202)
(0.005625 0.005 0.0202)
(0.005700000000000001 0.005 0.0202)
(0.005775000000000001 0.005 0.0202)
(0.00585 0.005 0.0202)
(0.005925000000000001 0.005 0.0202)
(0.006000000000000001 0.005 0.0202)
(0.006075000000000001 0.005 0.0202)
(0.00615 0.005 0.0202)
(0.006225 0.004999999999999999 0.0202)
(0.0063 0.005 0.0202)
(0.006375 0.005 0.0202)
(0.00645 0.005 0.0202)
(0.006525000000000001 0.005 0.0202)
(0.006600000000000001 0.005 0.0202)
(0.006675 0.005 0.0202)
(0.006750000000000002 0.005 0.0202)
(0.006825000000000001 0.005 0.0202)
(0.006900000000000001 0.005 0.0202)
(0.006975000000000001 0.005 0.0202)
(0.00705 0.005 0.0202)
(0.007124999999999999 0.004999999999999999 0.0202)
(0.007200000000000001 0.005 0.0202)
(0.007275 0.005 0.0202)
(0.00735 0.005 0.0202)
(0.007425000000000001 0.004999999999999999 0.0202)
(0.0075 0.005 0.0202)
(0.007574999999999999 0.005 0.0202)
(0.007650000000000001 0.005 0.0202)
(0.007725 0.004999999999999999 0.0202)
(0.0078 0.005 0.0202)
(0.007875000000000002 0.005 0.0202)
(0.00795 0.005 0.0202)
(0.008024999999999999 0.004999999999999999 0.0202)
(0.008100000000000001 0.005 0.0202)
(0.008175000000000002 0.005 0.0202)
(0.00825 0.005 0.0202)
(0.008325000000000001 0.004999999999999999 0.0202)
(0.008400000000000003 0.005 0.0202)
(0.008474999999999998 0.005 0.0202)
(0.00855 0.005 0.0202)
(0.008624999999999999 0.005 0.0202)
(0.008699999999999998 0.005 0.0202)
(0.008775 0.005 0.0202)
(0.008850000000000002 0.005 0.0202)
(0.008925000000000001 0.005 0.0202)
(0.008999999999999999 0.005 0.0202)
(0.009075000000000001 0.005 0.0202)
(0.00915 0.005 0.0202)
(0.009225000000000001 0.005 0.0202)
(0.009300000000000001 0.005 0.0202)
(0.009375 0.005 0.0202)
(0.00945 0.005 0.0202)
(0.009525 0.005 0.0202)
(0.009599999999999999 0.005 0.0202)
(0.009675 0.005 0.0202)
(0.009750000000000002 0.005 0.0202)
(0.009825 0.005 0.0202)
(0.009899999999999999 0.005 0.0202)
(0.009975000000000001 0.005 0.0202)
(0.01005 0.005 0.0202)
(0.010125 0.005 0.0202)
(0.0102 0.005 0.0202)
(0.010275 0.005 0.0202)
(0.01035 0.005 0.0202)
(0.010425 0.005 0.0202)
(0.0105 0.005 0.0202)
(0.010575 0.005 0.0202)
(0.01065 0.005 0.0202)
(0.010725 0.005 0.0202)
(0.0108 0.005 0.0202)
(0.010875 0.005 0.0202)
(0.01095 0.005 0.0202)
(0.011025 0.005 0.0202)
(0.0111 0.005 0.0202)
(0.011175 0.005 0.0202)
(0.01125 0.005 0.0202)
(0.011325 0.005 0.0202)
(0.0114 0.005 0.0202)
(0.011475 0.005 0.0202)
(0.01155 0.005 0.0202)
(0.011625 0.005 0.0202)
(0.0117 0.005 0.0202)
(0.011775 0.005 0.0202)
(0.01185 0.005 0.0202)
(0.011925 0.005 0.0202)
(0.012 0.005 0.0202)
(0.012075 0.005 0.0202)
(0.01215 0.005 0.0202)
(0.012225 0.005 0.0202)
(0.0123 0.005 0.0202)
(0.012375 0.005 0.0202)
(0.01245 0.005 0.0202)
(0.012525 0.005 0.0202)
(0.0126 0.005 0.0202)
(0.012675 0.005 0.0202)
(0.01275 0.005 0.0202)
(0.012825 0.005 0.0202)
(0.0129 0.005000000000000001 0.0202)
(0.012975 0.005 0.0202)
(0.01305 0.005 0.0202)
(0.013125 0.005 0.0202)
(0.0132 0.005 0.0202)
(0.013275 0.005 0.0202)
(0.01335 0.005 0.0202)
(0.013425 0.005 0.0202)
(0.0135 0.005000000000000001 0.0202)
(0.013575 0.005 0.0202)
(0.01365 0.005 0.0202)
(0.013725 0.005 0.0202)
(0.0138 0.005 0.0202)
(0.013875 0.005 0.0202)
(0.01395 0.005 0.0202)
(0.014025 0.005 0.0202)
(0.0141 0.005 0.0202)
(0.014175 0.005 0.0202)
(0.01425 0.005 0.0202)
(0.014325 0.005 0.0202)
(0.0144 0.005 0.0202)
(0.014475 0.005 0.0202)
(0.01455 0.005 0.0202)
(0.014625 0.005 0.0202)
(0.0147 0.005 0.0202)
(0.014775 0.005 0.0202)
(0.01485 0.005 0.0202)
(0.014925 0.005 0.0202)
(0.015 0.005 0.0202)
(0 0 0.020225)
(7.499999999999999e-05 0 0.020225)
(0.00015 0 0.020225)
(0.000225 0 0.020225)
(0.0003 0 0.020225)
(0.0003750000000000001 0 0.020225)
(0.00045 0 0.020225)
(0.0005250000000000002 0 0.020225)
(0.0005999999999999999 0 0.020225)
(0.000675 0 0.020225)
(0.0007500000000000001 0 0.020225)
(0.0008250000000000002 0 0.020225)
(0.0009000000000000001 0 0.020225)
(0.000975 0 0.020225)
(0.00105 0 0.020225)
(0.001125 0 0.020225)
(0.0012 0 0.020225)
(0.001275 0 0.020225)
(0.00135 0 0.020225)
(0.001425 0 0.020225)
(0.0015 0 0.020225)
(0.001575 0 0.020225)
(0.00165 0 0.020225)
(0.001725 0 0.020225)
(0.0018 0 0.020225)
(0.001875 0 0.020225)
(0.00195 0 0.020225)
(0.002025 0 0.020225)
(0.002100000000000001 0 0.020225)
(0.002175 0 0.020225)
(0.00225 0 0.020225)
(0.002325 0 0.020225)
(0.0024 0 0.020225)
(0.002475 0 0.020225)
(0.002550000000000001 0 0.020225)
(0.002625 0 0.020225)
(0.0027 0 0.020225)
(0.002775 0 0.020225)
(0.002850000000000001 0 0.020225)
(0.002925 0 0.020225)
(0.003 0 0.020225)
(0.003075 0 0.020225)
(0.00315 0 0.020225)
(0.003225 0 0.020225)
(0.003300000000000001 0 0.020225)
(0.003375 0 0.020225)
(0.00345 0 0.020225)
(0.003525 0 0.020225)
(0.0036 0 0.020225)
(0.003675 0 0.020225)
(0.00375 0 0.020225)
(0.003825 0 0.020225)
(0.0039 0 0.020225)
(0.003975 0 0.020225)
(0.004050000000000001 0 0.020225)
(0.004125000000000001 0 0.020225)
(0.004200000000000001 0 0.020225)
(0.004275 0 0.020225)
(0.004350000000000001 0 0.020225)
(0.004425000000000001 0 0.020225)
(0.004500000000000001 0 0.020225)
(0.004575 0 0.020225)
(0.00465 0 0.020225)
(0.004725000000000001 0 0.020225)
(0.0048 0 0.020225)
(0.004875000000000001 0 0.020225)
(0.00495 0 0.020225)
(0.005025000000000001 0 0.020225)
(0.005100000000000001 0 0.020225)
(0.005175000000000001 0 0.020225)
(0.00525 0 0.020225)
(0.005325 0 0.020225)
(0.0054 0 0.020225)
(0.005475 0 0.020225)
(0.005549999999999999 0 0.020225)
(0.005625 0 0.020225)
(0.005700000000000001 0 0.020225)
(0.005775000000000001 0 0.020225)
(0.00585 0 0.020225)
(0.005925000000000001 0 0.020225)
(0.006000000000000001 0 0.020225)
(0.006075000000000001 0 0.020225)
(0.00615 0 0.020225)
(0.006225 0 0.020225)
(0.0063 0 0.020225)
(0.006375 0 0.020225)
(0.00645 0 0.020225)
(0.006525000000000001 0 0.020225)
(0.006600000000000002 0 0.020225)
(0.006675000000000001 0 0.020225)
(0.006750000000000002 0 0.020225)
(0.006825000000000001 0 0.020225)
(0.006900000000000001 0 0.020225)
(0.006975000000000001 0 0.020225)
(0.007050000000000001 0 0.020225)
(0.007124999999999999 0 0.020225)
(0.007200000000000001 0 0.020225)
(0.007275 0 0.020225)
(0.00735 0 0.020225)
(0.007425000000000001 0 0.020225)
(0.0075 0 0.020225)
(0.007575000000000002 0 0.020225)
(0.007650000000000001 0 0.020225)
(0.007725000000000001 0 0.020225)
(0.0078 0 0.020225)
(0.007875000000000002 0 0.020225)
(0.00795 0 0.020225)
(0.008025000000000001 0 0.020225)
(0.008100000000000001 0 0.020225)
(0.008175000000000002 0 0.020225)
(0.008250000000000002 0 0.020225)
(0.008325000000000001 0 0.020225)
(0.008400000000000003 0 0.020225)
(0.008474999999999998 0 0.020225)
(0.00855 0 0.020225)
(0.008624999999999999 0 0.020225)
(0.008700000000000001 0 0.020225)
(0.008775 0 0.020225)
(0.008850000000000002 0 0.020225)
(0.008925000000000001 0 0.020225)
(0.009000000000000001 0 0.020225)
(0.009075000000000001 0 0.020225)
(0.00915 0 0.020225)
(0.009225000000000001 0 0.020225)
(0.009300000000000001 0 0.020225)
(0.009375 0 0.020225)
(0.00945 0 0.020225)
(0.009525000000000002 0 0.020225)
(0.009599999999999999 0 0.020225)
(0.009675 0 0.020225)
(0.009750000000000002 0 0.020225)
(0.009825 0 0.020225)
(0.009900000000000001 0 0.020225)
(0.009975000000000001 0 0.020225)
(0.01005 0 0.020225)
(0.010125 0 0.020225)
(0.0102 0 0.020225)
(0.010275 0 0.020225)
(0.01035 0 0.020225)
(0.010425 0 0.020225)
(0.0105 0 0.020225)
(0.010575 0 0.020225)
(0.01065 0 0.020225)
(0.010725 0 0.020225)
(0.0108 0 0.020225)
(0.010875 0 0.020225)
(0.01095 0 0.020225)
(0.011025 0 0.020225)
(0.0111 0 0.020225)
(0.011175 0 0.020225)
(0.01125 0 0.020225)
(0.011325 0 0.020225)
(0.0114 0 0.020225)
(0.011475 0 0.020225)
(0.01155 0 0.020225)
(0.011625 0 0.020225)
(0.0117 0 0.020225)
(0.011775 0 0.020225)
(0.01185 0 0.020225)
(0.011925 0 0.020225)
(0.012 0 0.020225)
(0.012075 0 0.020225)
(0.01215 0 0.020225)
(0.012225 0 0.020225)
(0.0123 0 0.020225)
(0.012375 0 0.020225)
(0.01245 0 0.020225)
(0.012525 0 0.020225)
(0.0126 0 0.020225)
(0.012675 0 0.020225)
(0.01275 0 0.020225)
(0.012825 0 0.020225)
(0.0129 0 0.020225)
(0.012975 0 0.020225)
(0.01305 0 0.020225)
(0.013125 0 0.020225)
(0.0132 0 0.020225)
(0.013275 0 0.020225)
(0.01335 0 0.020225)
(0.013425 0 0.020225)
(0.0135 0 0.020225)
(0.013575 0 0.020225)
(0.01365 0 0.020225)
(0.013725 0 0.020225)
(0.0138 0 0.020225)
(0.013875 0 0.020225)
(0.01395 0 0.020225)
(0.014025 0 0.020225)
(0.0141 0 0.020225)
(0.014175 0 0.020225)
(0.01425 0 0.020225)
(0.014325 0 0.020225)
(0.0144 0 0.020225)
(0.014475 0 0.020225)
(0.01455 0 0.020225)
(0.014625 0 0.020225)
(0.0147 0 0.020225)
(0.014775 0 0.020225)
(0.01485 0 0.020225)
(0.014925 0 0.020225)
(0.015 0 0.020225)
(0 0.005 0.020225)
(7.499999999999999e-05 0.005 0.020225)
(0.00015 0.005 0.020225)
(0.000225 0.005 0.020225)
(0.0003 0.005 0.020225)
(0.0003750000000000001 0.005 0.020225)
(0.00045 0.005 0.020225)
(0.0005250000000000002 0.005 0.020225)
(0.0005999999999999999 0.005 0.020225)
(0.000675 0.005 0.020225)
(0.0007500000000000001 0.005 0.020225)
(0.0008250000000000002 0.005000000000000001 0.020225)
(0.0009000000000000001 0.004999999999999999 0.020225)
(0.000975 0.005 0.020225)
(0.00105 0.005 0.020225)
(0.001125 0.005 0.020225)
(0.0012 0.005 0.020225)
(0.001275 0.005 0.020225)
(0.00135 0.005 0.020225)
(0.001425 0.005 0.020225)
(0.0015 0.005 0.020225)
(0.001575 0.005 0.020225)
(0.00165 0.005 0.020225)
(0.001725 0.005 0.020225)
(0.0018 0.005 0.020225)
(0.001875 0.005 0.020225)
(0.00195 0.005 0.020225)
(0.002025 0.005 0.020225)
(0.002100000000000001 0.005 0.020225)
(0.002175 0.005 0.020225)
(0.00225 0.005 0.020225)
(0.002325 0.005 0.020225)
(0.0024 0.005 0.020225)
(0.002475 0.005 0.020225)
(0.002550000000000001 0.005 0.020225)
(0.002625 0.005 0.020225)
(0.0027 0.005 0.020225)
(0.002775 0.005 0.020225)
(0.002850000000000001 0.005 0.020225)
(0.002925 0.005 0.020225)
(0.003 0.005 0.020225)
(0.003075 0.005 0.020225)
(0.00315 0.005 0.020225)
(0.003225 0.005 0.020225)
(0.003300000000000001 0.005 0.020225)
(0.003375 0.005 0.020225)
(0.00345 0.005 0.020225)
(0.003525 0.005 0.020225)
(0.0036 0.005 0.020225)
(0.003675 0.005 0.020225)
(0.00375 0.005 0.020225)
(0.003825 0.005 0.020225)
(0.0039 0.005 0.020225)
(0.003975 0.005 0.020225)
(0.004050000000000001 0.005 0.020225)
(0.004125000000000001 0.005 0.020225)
(0.004200000000000001 0.005 0.020225)
(0.004275 0.005 0.020225)
(0.004350000000000001 0.005 0.020225)
(0.004425000000000001 0.005 0.020225)
(0.004500000000000001 0.005 0.020225)
(0.004575 0.005 0.020225)
(0.00465 0.005 0.020225)
(0.004725000000000001 0.005000000000000001 0.020225)
(0.0048 0.005 0.020225)
(0.004875000000000001 0.005 0.020225)
(0.00495 0.005 0.020225)
(0.005025000000000001 0.005 0.020225)
(0.005100000000000001 0.005 0.020225)
(0.005175000000000001 0.005000000000000001 0.020225)
(0.00525 0.005 0.020225)
(0.005325 0.005 0.020225)
(0.0054 0.005 0.020225)
(0.005475 0.005 0.020225)
(0.005549999999999999 0.005 0.020225)
(0.005625 0.005 0.020225)
(0.005700000000000001 0.005 0.020225)
(0.005775000000000001 0.005 0.020225)
(0.00585 0.005000000000000001 0.020225)
(0.005925000000000001 0.005 0.020225)
(0.006000000000000001 0.005 0.020225)
(0.006075000000000001 0.005 0.020225)
(0.00615 0.005 0.020225)
(0.006225 0.005 0.020225)
(0.0063 0.005 0.020225)
(0.006375 0.005 0.020225)
(0.00645 0.005 0.020225)
(0.006525000000000001 0.005 0.020225)
(0.006600000000000002 0.005 0.020225)
(0.006675000000000001 0.005 0.020225)
(0.006750000000000002 0.005 0.020225)
(0.006825000000000001 0.005 0.020225)
(0.006900000000000001 0.004999999999999999 0.020225)
(0.006975000000000001 0.005 0.020225)
(0.007050000000000001 0.005 0.020225)
(0.007124999999999999 0.005 0.020225)
(0.007200000000000001 0.005 0.020225)
(0.007275 0.005 0.020225)
(0.00735 0.005 0.020225)
(0.007425000000000001 0.005000000000000001 0.020225)
(0.0075 0.005 0.020225)
(0.007575000000000002 0.005 0.020225)
(0.007650000000000001 0.005 0.020225)
(0.007725000000000001 0.005 0.020225)
(0.0078 0.005 0.020225)
(0.007875000000000002 0.005000000000000001 0.020225)
(0.00795 0.005 0.020225)
(0.008025000000000001 0.005 0.020225)
(0.008100000000000001 0.005000000000000001 0.020225)
(0.008175000000000002 0.005 0.020225)
(0.008250000000000002 0.005 0.020225)
(0.008325000000000001 0.005 0.020225)
(0.008400000000000003 0.005 0.020225)
(0.008474999999999998 0.004999999999999999 0.020225)
(0.00855 0.005 0.020225)
(0.008624999999999999 0.005 0.020225)
(0.008700000000000001 0.005 0.020225)
(0.008775 0.005 0.020225)
(0.008850000000000002 0.005 0.020225)
(0.008925000000000001 0.005 0.020225)
(0.009000000000000001 0.005 0.020225)
(0.009075000000000001 0.005 0.020225)
(0.00915 0.005000000000000001 0.020225)
(0.009225000000000001 0.005 0.020225)
(0.009300000000000001 0.005 0.020225)
(0.009375 0.005 0.020225)
(0.00945 0.005 0.020225)
(0.009525000000000002 0.005 0.020225)
(0.009599999999999999 0.005 0.020225)
(0.009675 0.005 0.020225)
(0.009750000000000002 0.005 0.020225)
(0.009825 0.005 0.020225)
(0.009900000000000001 0.005 0.020225)
(0.009975000000000001 0.005 0.020225)
(0.01005 0.005 0.020225)
(0.010125 0.005 0.020225)
(0.0102 0.005 0.020225)
(0.010275 0.005 0.020225)
(0.01035 0.005 0.020225)
(0.010425 0.005 0.020225)
(0.0105 0.005 0.020225)
(0.010575 0.005 0.020225)
(0.01065 0.005 0.020225)
(0.010725 0.005 0.020225)
(0.0108 0.005 0.020225)
(0.010875 0.005 0.020225)
(0.01095 0.005 0.020225)
(0.011025 0.005 0.020225)
(0.0111 0.005 0.020225)
(0.011175 0.005 0.020225)
(0.01125 0.005 0.020225)
(0.011325 0.005 0.020225)
(0.0114 0.005 0.020225)
(0.011475 0.005 0.020225)
(0.01155 0.005 0.020225)
(0.011625 0.005000000000000001 0.020225)
(0.0117 0.005 0.020225)
(0.011775 0.005 0.020225)
(0.01185 0.005 0.020225)
(0.011925 0.005 0.020225)
(0.012 0.005 0.020225)
(0.012075 0.005 0.020225)
(0.01215 0.005 0.020225)
(0.012225 0.005 0.020225)
(0.0123 0.005000000000000001 0.020225)
(0.012375 0.005 0.020225)
(0.01245 0.005000000000000001 0.020225)
(0.012525 0.005 0.020225)
(0.0126 0.005 0.020225)
(0.012675 0.005 0.020225)
(0.01275 0.004999999999999999 0.020225)
(0.012825 0.005 0.020225)
(0.0129 0.005000000000000001 0.020225)
(0.012975 0.005 0.020225)
(0.01305 0.005 0.020225)
(0.013125 0.005000000000000001 0.020225)
(0.0132 0.005 0.020225)
(0.013275 0.005 0.020225)
(0.01335 0.004999999999999999 0.020225)
(0.013425 0.005 0.020225)
(0.0135 0.005000000000000001 0.020225)
(0.013575 0.005 0.020225)
(0.01365 0.005000000000000001 0.020225)
(0.013725 0.005000000000000001 0.020225)
(0.0138 0.005000000000000001 0.020225)
(0.013875 0.005 0.020225)
(0.01395 0.004999999999999999 0.020225)
(0.014025 0.005 0.020225)
(0.0141 0.005 0.020225)
(0.014175 0.005000000000000001 0.020225)
(0.01425 0.005 0.020225)
(0.014325 0.005 0.020225)
(0.0144 0.005 0.020225)
(0.014475 0.005 0.020225)
(0.01455 0.005 0.020225)
(0.014625 0.004999999999999999 0.020225)
(0.0147 0.005000000000000001 0.020225)
(0.014775 0.005000000000000001 0.020225)
(0.01485 0.005 0.020225)
(0.014925 0.005 0.020225)
(0.015 0.005 0.020225)
(0 0 0.02025)
(7.499999999999999e-05 0 0.02025)
(0.00015 0 0.02024999999999999)
(0.000225 0 0.02025)
(0.0003 0 0.02025)
(0.0003750000000000001 0 0.02025)
(0.00045 0 0.02025)
(0.0005250000000000002 0 0.02025)
(0.0005999999999999999 0 0.02025)
(0.000675 0 0.02025)
(0.0007500000000000001 0 0.02025)
(0.0008250000000000001 0 0.02025)
(0.0009000000000000001 0 0.02025)
(0.000975 0 0.02025)
(0.00105 0 0.02025)
(0.001125 0 0.02025)
(0.0012 0 0.02025)
(0.001275 0 0.02025)
(0.00135 0 0.02025)
(0.001425 0 0.02025)
(0.0015 0 0.02025)
(0.001575 0 0.02025)
(0.00165 0 0.02025)
(0.001725 0 0.02025)
(0.0018 0 0.02025)
(0.001875 0 0.02025)
(0.00195 0 0.02025)
(0.002025 0 0.02024999999999999)
(0.002100000000000001 0 0.02025)
(0.002174999999999999 0 0.02025)
(0.00225 0 0.02025)
(0.002325 0 0.02025)
(0.0024 0 0.02025)
(0.002475 0 0.02025)
(0.00255 0 0.02025)
(0.002625 0 0.02024999999999999)
(0.0027 0 0.02025)
(0.002775 0 0.02025)
(0.002850000000000001 0 0.02025)
(0.002925 0 0.02025)
(0.003 0 0.02025)
(0.003075 0 0.02025)
(0.00315 0 0.02025)
(0.003225 0 0.02025)
(0.0033 0 0.02025)
(0.003375000000000001 0 0.02025)
(0.00345 0 0.02025)
(0.003525 0 0.02025)
(0.0036 0 0.02025)
(0.003675 0 0.02025)
(0.00375 0 0.02025)
(0.003825 0 0.02025)
(0.0039 0 0.02025)
(0.003975 0 0.02025)
(0.004050000000000001 0 0.02025)
(0.004125 0 0.02025)
(0.004200000000000001 0 0.02025)
(0.004275 0 0.02025)
(0.004349999999999999 0 0.02025)
(0.004425000000000001 0 0.02025)
(0.0045 0 0.02025)
(0.004575 0 0.02025)
(0.00465 0 0.02025)
(0.004725 0 0.02025)
(0.0048 0 0.02025)
(0.004875000000000001 0 0.02025)
(0.00495 0 0.02025)
(0.005025000000000001 0 0.02025)
(0.0051 0 0.02025)
(0.005175 0 0.02025)
(0.005249999999999999 0 0.02025)
(0.005325 0 0.02025)
(0.0054 0 0.02025)
(0.005475 0 0.02025)
(0.005549999999999999 0 0.02025)
(0.005625 0 0.02025)
(0.005700000000000001 0 0.02025)
(0.005775000000000001 0 0.02025)
(0.00585 0 0.02025)
(0.005925000000000001 0 0.02025)
(0.006000000000000001 0 0.02025)
(0.006075000000000001 0 0.02025)
(0.00615 0 0.02025)
(0.006225 0 0.02025)
(0.0063 0 0.02025)
(0.006375 0 0.02024999999999999)
(0.00645 0 0.02025)
(0.006525 0 0.02025)
(0.006600000000000001 0 0.02025)
(0.006675 0 0.02025)
(0.006750000000000002 0 0.02025)
(0.006825 0 0.02025)
(0.006900000000000001 0 0.02025)
(0.006975000000000001 0 0.02025)
(0.00705 0 0.02024999999999999)
(0.007124999999999999 0 0.02025)
(0.007200000000000001 0 0.02025)
(0.007275 0 0.02025)
(0.00735 0 0.02025)
(0.007425000000000001 0 0.02025)
(0.0075 0 0.02025)
(0.007574999999999999 0 0.02025)
(0.007650000000000001 0 0.02025)
(0.007725 0 0.02025)
(0.0078 0 0.02025)
(0.007875000000000002 0 0.02025)
(0.00795 0 0.02025)
(0.008024999999999999 0 0.02025)
(0.008100000000000001 0 0.02025)
(0.008175000000000002 0 0.02025)
(0.00825 0 0.02025)
(0.008325000000000001 0 0.02025)
(0.008400000000000003 0 0.02025)
(0.008474999999999998 0 0.02025)
(0.00855 0 0.02025)
(0.008624999999999999 0 0.02025)
(0.008699999999999998 0 0.02025)
(0.008775 0 0.02025)
(0.008850000000000002 0 0.02025)
(0.008925000000000001 0 0.02025)
(0.008999999999999999 0 0.02025)
(0.009075000000000001 0 0.02025)
(0.00915 0 0.02025)
(0.009225000000000001 0 0.02025)
(0.009300000000000001 0 0.02025)
(0.009375 0 0.02025)
(0.00945 0 0.02025)
(0.009525 0 0.02025)
(0.009599999999999999 0 0.02025)
(0.009675 0 0.02025)
(0.009750000000000002 0 0.02025)
(0.009825 0 0.02025)
(0.009899999999999999 0 0.02025)
(0.009975000000000001 0 0.02025)
(0.01005 0 0.02025)
(0.010125 0 0.02025)
(0.0102 0 0.02025)
(0.010275 0 0.02025)
(0.01035 0 0.02025)
(0.010425 0 0.02025)
(0.0105 0 0.02025)
(0.010575 0 0.02025)
(0.01065 0 0.02025)
(0.010725 0 0.02025)
(0.0108 0 0.02025)
(0.010875 0 0.02025)
(0.01095 0 0.02025)
(0.011025 0 0.02025)
(0.0111 0 0.02025)
(0.011175 0 0.02025)
(0.01125 0 0.02025)
(0.011325 0 0.02025)
(0.0114 0 0.02024999999999999)
(0.011475 0 0.02025)
(0.01155 0 0.02025)
(0.011625 0 0.02025)
(0.0117 0 0.02025)
(0.011775 0 0.02025)
(0.01185 0 0.02025)
(0.011925 0 0.02025)
(0.012 0 0.02025)
(0.012075 0 0.02025)
(0.01215 0 0.02025)
(0.012225 0 0.02025)
(0.0123 0 0.02025)
(0.012375 0 0.02025)
(0.01245 0 0.02025)
(0.012525 0 0.02025)
(0.0126 0 0.02025)
(0.012675 0 0.02025)
(0.01275 0 0.02025)
(0.012825 0 0.02025)
(0.0129 0 0.02025)
(0.012975 0 0.02025)
(0.01305 0 0.02025)
(0.013125 0 0.02025)
(0.0132 0 0.02025)
(0.013275 0 0.02025)
(0.01335 0 0.02025)
(0.013425 0 0.02025)
(0.0135 0 0.02025)
(0.013575 0 0.02025)
(0.01365 0 0.02025)
(0.013725 0 0.02025)
(0.0138 0 0.02025)
(0.013875 0 0.02025)
(0.01395 0 0.02025)
(0.014025 0 0.02025)
(0.0141 0 0.02025)
(0.014175 0 0.02025)
(0.01425 0 0.02025)
(0.014325 0 0.02025)
(0.0144 0 0.02025)
(0.014475 0 0.02025)
(0.01455 0 0.02025)
(0.014625 0 0.02025)
(0.0147 0 0.02025)
(0.014775 0 0.02025)
(0.01485 0 0.02025)
(0.014925 0 0.02025)
(0.015 0 0.02025)
(0 0.005 0.02025)
(7.499999999999999e-05 0.005 0.02025)
(0.00015 0.005 0.02025)
(0.000225 0.005 0.02025)
(0.0003 0.005 0.02025)
(0.0003750000000000001 0.005 0.02025)
(0.00045 0.004999999999999998 0.02025)
(0.0005250000000000002 0.005 0.02025)
(0.0005999999999999999 0.005 0.02025)
(0.000675 0.005 0.02025)
(0.0007500000000000001 0.005 0.02025)
(0.0008250000000000001 0.005 0.02025)
(0.0009000000000000001 0.005 0.02025)
(0.000975 0.005 0.02025)
(0.00105 0.004999999999999998 0.02025)
(0.001125 0.005 0.02025)
(0.0012 0.005 0.02025)
(0.001275 0.005 0.02025)
(0.00135 0.005 0.02025)
(0.001425 0.005000000000000001 0.02025)
(0.0015 0.005 0.02025)
(0.001575 0.005 0.02025)
(0.00165 0.005 0.02025)
(0.001725 0.005 0.02025)
(0.0018 0.005 0.02025)
(0.001875 0.005 0.02025)
(0.00195 0.005 0.02025)
(0.002025 0.005 0.02024999999999999)
(0.002100000000000001 0.005 0.02025)
(0.002174999999999999 0.005 0.02025)
(0.00225 0.005 0.02025)
(0.002325 0.004999999999999998 0.02025)
(0.0024 0.005 0.02025)
(0.002475 0.005 0.02025)
(0.00255 0.005 0.02025)
(0.002625 0.005 0.02025)
(0.0027 0.005000000000000001 0.02025)
(0.002775 0.005 0.02025)
(0.002850000000000001 0.005 0.02025)
(0.002925 0.004999999999999998 0.02025)
(0.003 0.005 0.02025)
(0.003075 0.005 0.02025)
(0.00315 0.005 0.02025)
(0.003225 0.005 0.02025)
(0.0033 0.005000000000000001 0.02025)
(0.003375000000000001 0.005 0.02025)
(0.00345 0.005 0.02025)
(0.003525 0.005 0.02025)
(0.0036 0.005 0.02025)
(0.003675 0.005 0.02025)
(0.00375 0.005 0.02025)
(0.003825 0.005 0.02025)
(0.0039 0.005 0.02025)
(0.003975 0.005 0.02025)
(0.004050000000000001 0.005 0.02025)
(0.004125 0.005 0.02025)
(0.004200000000000001 0.005 0.02025)
(0.004275 0.005 0.02025)
(0.004349999999999999 0.005 0.02025)
(0.004425000000000001 0.005 0.02025)
(0.0045 0.005 0.02025)
(0.004575 0.005000000000000001 0.02025)
(0.00465 0.005 0.02025)
(0.004725 0.005 0.02025)
(0.0048 0.004999999999999998 0.02025)
(0.004875000000000001 0.005 0.02025)
(0.00495 0.005 0.02025)
(0.005025000000000001 0.005 0.02025)
(0.0051 0.005 0.02025)
(0.005175 0.005 0.02025)
(0.005249999999999999 0.005 0.02025)
(0.005325 0.005 0.02025)
(0.0054 0.005 0.02025)
(0.005475 0.005 0.02025)
(0.005549999999999999 0.005 0.02025)
(0.005625 0.005 0.02025)
(0.005700000000000001 0.005 0.02025)
(0.005775000000000001 0.005 0.02025)
(0.00585 0.005 0.02025)
(0.005925000000000001 0.005 0.02025)
(0.006000000000000001 0.005 0.02025)
(0.006075000000000001 0.005 0.02025)
(0.00615 0.005 0.02025)
(0.006225 0.005 0.02025)
(0.0063 0.005 0.02025)
(0.006375 0.005 0.02024999999999999)
(0.00645 0.005000000000000001 0.02025)
(0.006525 0.005 0.02025)
(0.006600000000000001 0.005 0.02025)
(0.006675 0.004999999999999998 0.02025)
(0.006750000000000002 0.005 0.02025)
(0.006825 0.005 0.02025)
(0.006900000000000001 0.005 0.02025)
(0.006975000000000001 0.005 0.02025)
(0.00705 0.005 0.02024999999999999)
(0.007124999999999999 0.005 0.02025)
(0.007200000000000001 0.005 0.02025)
(0.007275 0.005 0.02025)
(0.00735 0.005 0.02025)
(0.007425000000000001 0.005 0.02025)
(0.0075 0.005 0.02025)
(0.007574999999999999 0.005 0.02025)
(0.007650000000000001 0.005 0.02025)
(0.007725 0.005 0.02025)
(0.0078 0.005 0.02025)
(0.007875000000000002 0.005 0.02025)
(0.00795 0.005 0.02025)
(0.008024999999999999 0.005 0.02025)
(0.008100000000000001 0.005 0.02025)
(0.008175000000000002 0.005 0.02025)
(0.00825 0.005 0.02024999999999999)
(0.008325000000000001 0.005 0.02025)
(0.008400000000000003 0.005 0.02025)
(0.008474999999999998 0.005 0.02025)
(0.00855 0.005 0.02025)
(0.008624999999999999 0.005 0.02025)
(0.008699999999999998 0.005 0.02025)
(0.008775 0.005 0.02025)
(0.008850000000000002 0.005 0.02025)
(0.008925000000000001 0.005 0.02024999999999999)
(0.008999999999999999 0.005 0.02025)
(0.009075000000000001 0.005 0.02025)
(0.00915 0.005 0.02025)
(0.009225000000000001 0.005 0.02025)
(0.009300000000000001 0.005 0.02025)
(0.009375 0.005 0.02025)
(0.00945 0.005 0.02025)
(0.009525 0.005 0.02025)
(0.009599999999999999 0.005 0.02025)
(0.009675 0.005 0.02025)
(0.009750000000000002 0.005 0.02025)
(0.009825 0.005 0.02025)
(0.009899999999999999 0.005 0.02025)
(0.009975000000000001 0.005 0.02025)
(0.01005 0.005 0.02025)
(0.010125 0.005 0.02025)
(0.0102 0.005 0.02025)
(0.010275 0.005 0.02025)
(0.01035 0.005 0.02025)
(0.010425 0.005 0.02025)
(0.0105 0.005 0.02025)
(0.010575 0.005 0.02025)
(0.01065 0.005 0.02025)
(0.010725 0.005 0.02025)
(0.0108 0.005 0.02025)
(0.010875 0.005 0.02025)
(0.01095 0.005 0.02025)
(0.011025 0.005 0.02025)
(0.0111 0.005 0.02025)
(0.011175 0.005 0.02025)
(0.01125 0.005 0.02025)
(0.011325 0.005 0.02025)
(0.0114 0.005 0.02024999999999999)
(0.011475 0.005 0.02025)
(0.01155 0.005 0.02025)
(0.011625 0.005 0.02025)
(0.0117 0.005 0.02025)
(0.011775 0.005 0.02025)
(0.01185 0.005 0.02025)
(0.011925 0.005 0.02025)
(0.012 0.005 0.02025)
(0.012075 0.005 0.02025)
(0.01215 0.005 0.02025)
(0.012225 0.005 0.02025)
(0.0123 0.005 0.02025)
(0.012375 0.005 0.02025)
(0.01245 0.005 0.02025)
(0.012525 0.005 0.02025)
(0.0126 0.005 0.02025)
(0.012675 0.005 0.02025)
(0.01275 0.005 0.02025)
(0.012825 0.005 0.02025)
(0.0129 0.005 0.02025)
(0.012975 0.005 0.02025)
(0.01305 0.005 0.02025)
(0.013125 0.005 0.02025)
(0.0132 0.005 0.02025)
(0.013275 0.005 0.02025)
(0.01335 0.005 0.02025)
(0.013425 0.005 0.02025)
(0.0135 0.005 0.02025)
(0.013575 0.005 0.02025)
(0.01365 0.005 0.02025)
(0.013725 0.005 0.02025)
(0.0138 0.005 0.02025)
(0.013875 0.005 0.02025)
(0.01395 0.005 0.02025)
(0.014025 0.005 0.02025)
(0.0141 0.005 0.02025)
(0.014175 0.005 0.02025)
(0.01425 0.005 0.02025)
(0.014325 0.005 0.02025)
(0.0144 0.005 0.02025)
(0.014475 0.005 0.02025)
(0.01455 0.005 0.02025)
(0.014625 0.005 0.02025)
(0.0147 0.005 0.02025)
(0.014775 0.005 0.02025)
(0.01485 0.005 0.02025)
(0.014925 0.005 0.02025)
(0.015 0.005 0.02025)
(0 0 0.020275)
(7.499999999999999e-05 0 0.020275)
(0.00015 0 0.020275)
(0.000225 0 0.020275)
(0.0003 0 0.02027499999999999)
(0.0003750000000000001 0 0.020275)
(0.00045 0 0.020275)
(0.0005250000000000002 0 0.020275)
(0.0005999999999999999 0 0.020275)
(0.000675 0 0.020275)
(0.0007500000000000001 0 0.020275)
(0.0008250000000000001 0 0.020275)
(0.0009000000000000001 0 0.020275)
(0.000975 0 0.020275)
(0.00105 0 0.02027499999999999)
(0.001125 0 0.020275)
(0.0012 0 0.020275)
(0.001275 0 0.020275)
(0.00135 0 0.020275)
(0.001425 0 0.020275)
(0.0015 0 0.020275)
(0.001575 0 0.020275)
(0.00165 0 0.020275)
(0.001725 0 0.020275)
(0.0018 0 0.020275)
(0.001875 0 0.020275)
(0.00195 0 0.020275)
(0.002025 0 0.020275)
(0.002100000000000001 0 0.020275)
(0.002174999999999999 0 0.020275)
(0.00225 0 0.020275)
(0.002325 0 0.020275)
(0.0024 0 0.020275)
(0.002475 0 0.020275)
(0.00255 0 0.02027499999999999)
(0.002625 0 0.020275)
(0.0027 0 0.020275)
(0.002775 0 0.020275)
(0.002850000000000001 0 0.020275)
(0.002925 0 0.020275)
(0.003 0 0.020275)
(0.003075 0 0.020275)
(0.00315 0 0.020275)
(0.003225 0 0.020275)
(0.0033 0 0.020275)
(0.003375000000000001 0 0.020275)
(0.00345 0 0.020275)
(0.003525 0 0.020275)
(0.0036 0 0.020275)
(0.003675 0 0.020275)
(0.00375 0 0.020275)
(0.003825 0 0.020275)
(0.0039 0 0.020275)
(0.003975 0 0.020275)
(0.004050000000000001 0 0.020275)
(0.004125 0 0.020275)
(0.004200000000000001 0 0.020275)
(0.004275 0 0.020275)
(0.004349999999999999 0 0.020275)
(0.004425000000000001 0 0.020275)
(0.0045 0 0.020275)
(0.004575 0 0.020275)
(0.00465 0 0.020275)
(0.004725 0 0.020275)
(0.0048 0 0.020275)
(0.004875000000000001 0 0.020275)
(0.00495 0 0.020275)
(0.005025000000000001 0 0.020275)
(0.0051 0 0.020275)
(0.005175 0 0.020275)
(0.005249999999999999 0 0.020275)
(0.005325 0 0.020275)
(0.0054 0 0.020275)
(0.005475 0 0.020275)
(0.005549999999999999 0 0.02027499999999999)
(0.005625 0 0.020275)
(0.005700000000000001 0 0.020275)
(0.005775000000000001 0 0.020275)
(0.00585 0 0.020275)
(0.005925000000000001 0 0.020275)
(0.006000000000000001 0 0.020275)
(0.006075000000000001 0 0.020275)
(0.00615 0 0.020275)
(0.006225 0 0.02027499999999999)
(0.0063 0 0.020275)
(0.006375 0 0.020275)
(0.00645 0 0.020275)
(0.006525 0 0.020275)
(0.006600000000000001 0 0.020275)
(0.006675 0 0.020275)
(0.006750000000000002 0 0.020275)
(0.006825 0 0.020275)
(0.006900000000000001 0 0.020275)
(0.006975000000000001 0 0.020275)
(0.00705 0 0.020275)
(0.007124999999999999 0 0.020275)
(0.007200000000000001 0 0.020275)
(0.007275 0 0.020275)
(0.00735 0 0.020275)
(0.007425000000000001 0 0.020275)
(0.0075 0 0.020275)
(0.007574999999999999 0 0.020275)
(0.007650000000000001 0 0.020275)
(0.007725 0 0.020275)
(0.0078 0 0.020275)
(0.007875000000000002 0 0.020275)
(0.00795 0 0.020275)
(0.008024999999999999 0 0.020275)
(0.008100000000000001 0 0.02027499999999999)
(0.008175000000000002 0 0.020275)
(0.00825 0 0.020275)
(0.008325000000000001 0 0.020275)
(0.008400000000000003 0 0.020275)
(0.008474999999999998 0 0.020275)
(0.00855 0 0.020275)
(0.008624999999999999 0 0.020275)
(0.008699999999999998 0 0.020275)
(0.008775 0 0.020275)
(0.008850000000000002 0 0.020275)
(0.008925000000000001 0 0.020275)
(0.008999999999999999 0 0.020275)
(0.009075000000000001 0 0.020275)
(0.00915 0 0.020275)
(0.009225000000000001 0 0.020275)
(0.009300000000000001 0 0.020275)
(0.009375 0 0.020275)
(0.00945 0 0.020275)
(0.009525 0 0.020275)
(0.009599999999999999 0 0.020275)
(0.009675 0 0.020275)
(0.009750000000000002 0 0.020275)
(0.009825 0 0.020275)
(0.009899999999999999 0 0.020275)
(0.009975000000000001 0 0.020275)
(0.01005 0 0.020275)
(0.010125 0 0.020275)
(0.0102 0 0.020275)
(0.010275 0 0.020275)
(0.01035 0 0.020275)
(0.010425 0 0.020275)
(0.0105 0 0.020275)
(0.010575 0 0.020275)
(0.01065 0 0.020275)
(0.010725 0 0.020275)
(0.0108 0 0.02027499999999999)
(0.010875 0 0.020275)
(0.01095 0 0.020275)
(0.011025 0 0.020275)
(0.0111 0 0.020275)
(0.011175 0 0.020275)
(0.01125 0 0.020275)
(0.011325 0 0.020275)
(0.0114 0 0.020275)
(0.011475 0 0.020275)
(0.01155 0 0.020275)
(0.011625 0 0.020275)
(0.0117 0 0.020275)
(0.011775 0 0.020275)
(0.01185 0 0.020275)
(0.011925 0 0.020275)
(0.012 0 0.020275)
(0.012075 0 0.020275)
(0.01215 0 0.020275)
(0.012225 0 0.020275)
(0.0123 0 0.020275)
(0.012375 0 0.020275)
(0.01245 0 0.020275)
(0.012525 0 0.020275)
(0.0126 0 0.020275)
(0.012675 0 0.020275)
(0.01275 0 0.020275)
(0.012825 0 0.020275)
(0.0129 0 0.020275)
(0.012975 0 0.020275)
(0.01305 0 0.020275)
(0.013125 0 0.02027499999999999)
(0.0132 0 0.020275)
(0.013275 0 0.020275)
(0.01335 0 0.020275)
(0.013425 0 0.020275)
(0.0135 0 0.020275)
(0.013575 0 0.020275)
(0.01365 0 0.020275)
(0.013725 0 0.020275)
(0.0138 0 0.020275)
(0.013875 0 0.020275)
(0.01395 0 0.020275)
(0.014025 0 0.020275)
(0.0141 0 0.020275)
(0.014175 0 0.020275)
(0.01425 0 0.020275)
(0.014325 0 0.020275)
(0.0144 0 0.020275)
(0.014475 0 0.020275)
(0.01455 0 0.020275)
(0.014625 0 0.020275)
(0.0147 0 0.02027499999999999)
(0.014775 0 0.020275)
(0.01485 0 0.020275)
(0.014925 0 0.020275)
(0.015 0 0.020275)
(0 0.005 0.020275)
(7.499999999999999e-05 0.005 0.020275)
(0.00015 0.005 0.020275)
(0.000225 0.005 0.020275)
(0.0003 0.004999999999999999 0.02027499999999999)
(0.0003750000000000001 0.005 0.020275)
(0.00045 0.005 0.020275)
(0.0005250000000000002 0.005 0.020275)
(0.0005999999999999999 0.005 0.020275)
(0.000675 0.005 0.020275)
(0.0007500000000000001 0.005 0.020275)
(0.0008250000000000001 0.005 0.020275)
(0.0009000000000000001 0.005 0.020275)
(0.000975 0.005 0.020275)
(0.00105 0.005 0.020275)
(0.001125 0.005 0.020275)
(0.0012 0.005 0.020275)
(0.001275 0.005 0.020275)
(0.00135 0.005 0.020275)
(0.001425 0.005 0.020275)
(0.0015 0.005 0.020275)
(0.001575 0.005 0.020275)
(0.00165 0.005 0.020275)
(0.001725 0.005 0.020275)
(0.0018 0.005 0.020275)
(0.001875 0.005 0.020275)
(0.00195 0.005 0.020275)
(0.002025 0.005 0.020275)
(0.002100000000000001 0.005 0.020275)
(0.002174999999999999 0.005 0.020275)
(0.00225 0.005 0.020275)
(0.002325 0.005 0.020275)
(0.0024 0.005 0.020275)
(0.002475 0.005 0.020275)
(0.00255 0.005 0.020275)
(0.002625 0.005 0.020275)
(0.0027 0.005 0.020275)
(0.002775 0.005 0.020275)
(0.002850000000000001 0.005 0.020275)
(0.002925 0.005 0.020275)
(0.003 0.005 0.020275)
(0.003075 0.005 0.020275)
(0.00315 0.005 0.020275)
(0.003225 0.005 0.020275)
(0.0033 0.005 0.020275)
(0.003375000000000001 0.005 0.020275)
(0.00345 0.005 0.020275)
(0.003525 0.005 0.020275)
(0.0036 0.005 0.020275)
(0.003675 0.005 0.020275)
(0.00375 0.005 0.020275)
(0.003825 0.005 0.020275)
(0.0039 0.005 0.020275)
(0.003975 0.005 0.020275)
(0.004050000000000001 0.005 0.020275)
(0.004125 0.005 0.020275)
(0.004200000000000001 0.004999999999999998 0.020275)
(0.004275 0.005 0.020275)
(0.004349999999999999 0.005 0.020275)
(0.004425000000000001 0.005 0.020275)
(0.0045 0.005 0.020275)
(0.004575 0.005 0.020275)
(0.00465 0.005 0.020275)
(0.004725 0.005 0.020275)
(0.0048 0.005 0.020275)
(0.004875000000000001 0.005 0.020275)
(0.00495 0.005 0.020275)
(0.005025000000000001 0.005 0.020275)
(0.0051 0.005 0.020275)
(0.005175 0.005 0.020275)
(0.005249999999999999 0.005 0.020275)
(0.005325 0.005 0.020275)
(0.0054 0.005 0.020275)
(0.005475 0.005 0.020275)
(0.005549999999999999 0.005 0.020275)
(0.005625 0.005 0.020275)
(0.005700000000000001 0.005 0.020275)
(0.005775000000000001 0.005 0.020275)
(0.00585 0.005 0.020275)
(0.005925000000000001 0.005 0.020275)
(0.006000000000000001 0.005 0.020275)
(0.006075000000000001 0.005 0.020275)
(0.00615 0.005 0.020275)
(0.006225 0.005 0.020275)
(0.0063 0.005000000000000001 0.020275)
(0.006375 0.005 0.020275)
(0.00645 0.005 0.020275)
(0.006525 0.005 0.020275)
(0.006600000000000001 0.005 0.020275)
(0.006675 0.005 0.020275)
(0.006750000000000002 0.005 0.020275)
(0.006825 0.005 0.020275)
(0.006900000000000001 0.005 0.020275)
(0.006975000000000001 0.005 0.020275)
(0.00705 0.005 0.020275)
(0.007124999999999999 0.005 0.020275)
(0.007200000000000001 0.005 0.020275)
(0.007275 0.005 0.020275)
(0.00735 0.005 0.020275)
(0.007425000000000001 0.005 0.020275)
(0.0075 0.005 0.020275)
(0.007574999999999999 0.005 0.020275)
(0.007650000000000001 0.005 0.020275)
(0.007725 0.005 0.020275)
(0.0078 0.005 0.020275)
(0.007875000000000002 0.005 0.020275)
(0.00795 0.005 0.020275)
(0.008024999999999999 0.005 0.020275)
(0.008100000000000001 0.005 0.02027499999999999)
(0.008175000000000002 0.005 0.020275)
(0.00825 0.005 0.020275)
(0.008325000000000001 0.005 0.020275)
(0.008400000000000003 0.005 0.020275)
(0.008474999999999998 0.005000000000000001 0.020275)
(0.00855 0.005 0.020275)
(0.008624999999999999 0.005 0.020275)
(0.008699999999999998 0.005 0.020275)
(0.008775 0.005 0.02027499999999999)
(0.008850000000000002 0.005 0.020275)
(0.008925000000000001 0.005 0.020275)
(0.008999999999999999 0.005 0.020275)
(0.009075000000000001 0.005 0.020275)
(0.00915 0.005 0.020275)
(0.009225000000000001 0.005 0.020275)
(0.009300000000000001 0.005 0.020275)
(0.009375 0.005 0.020275)
(0.00945 0.005 0.020275)
(0.009525 0.005 0.020275)
(0.009599999999999999 0.005 0.020275)
(0.009675 0.005 0.020275)
(0.009750000000000002 0.005 0.020275)
(0.009825 0.005 0.020275)
(0.009899999999999999 0.005 0.020275)
(0.009975000000000001 0.005 0.020275)
(0.01005 0.005 0.02027499999999999)
(0.010125 0.005 0.02027499999999999)
(0.0102 0.005 0.020275)
(0.010275 0.005 0.020275)
(0.01035 0.005 0.020275)
(0.010425 0.005 0.020275)
(0.0105 0.005 0.020275)
(0.010575 0.005 0.020275)
(0.01065 0.005 0.020275)
(0.010725 0.005 0.020275)
(0.0108 0.005 0.02027499999999999)
(0.010875 0.005000000000000001 0.020275)
(0.01095 0.005 0.020275)
(0.011025 0.005 0.020275)
(0.0111 0.005 0.020275)
(0.011175 0.005 0.020275)
(0.01125 0.005 0.020275)
(0.011325 0.005 0.020275)
(0.0114 0.005000000000000001 0.020275)
(0.011475 0.005 0.020275)
(0.01155 0.005 0.020275)
(0.011625 0.005 0.02027499999999999)
(0.0117 0.005 0.020275)
(0.011775 0.004999999999999999 0.020275)
(0.01185 0.005 0.020275)
(0.011925 0.005 0.020275)
(0.012 0.005 0.020275)
(0.012075 0.005 0.020275)
(0.01215 0.005 0.020275)
(0.012225 0.005 0.020275)
(0.0123 0.005 0.020275)
(0.012375 0.005 0.020275)
(0.01245 0.005 0.020275)
(0.012525 0.005 0.020275)
(0.0126 0.005 0.020275)
(0.012675 0.005 0.020275)
(0.01275 0.004999999999999999 0.020275)
(0.012825 0.005 0.020275)
(0.0129 0.005 0.020275)
(0.012975 0.005 0.020275)
(0.01305 0.005 0.020275)
(0.013125 0.005 0.020275)
(0.0132 0.005 0.020275)
(0.013275 0.005 0.020275)
(0.01335 0.005 0.020275)
(0.013425 0.005 0.020275)
(0.0135 0.005 0.020275)
(0.013575 0.005 0.020275)
(0.01365 0.005 0.020275)
(0.013725 0.005 0.020275)
(0.0138 0.005 0.020275)
(0.013875 0.005 0.020275)
(0.01395 0.004999999999999999 0.020275)
(0.014025 0.005 0.020275)
(0.0141 0.004999999999999999 0.020275)
(0.014175 0.005000000000000001 0.020275)
(0.01425 0.005 0.020275)
(0.014325 0.005 0.020275)
(0.0144 0.005 0.020275)
(0.014475 0.005 0.020275)
(0.01455 0.005 0.020275)
(0.014625 0.005 0.020275)
(0.0147 0.005 0.02027499999999999)
(0.014775 0.005000000000000001 0.020275)
(0.01485 0.005 0.020275)
(0.014925 0.005 0.020275)
(0.015 0.005 0.020275)
(0 0 0.0203)
(7.499999999999999e-05 0 0.0203)
(0.00015 0 0.0203)
(0.000225 0 0.0203)
(0.0003 0 0.0203)
(0.0003750000000000001 0 0.0203)
(0.00045 0 0.0203)
(0.0005250000000000002 0 0.0203)
(0.0005999999999999999 0 0.0203)
(0.000675 0 0.0203)
(0.0007500000000000001 0 0.0203)
(0.0008250000000000001 0 0.0203)
(0.0009000000000000001 0 0.0203)
(0.000975 0 0.0203)
(0.00105 0 0.0203)
(0.001125 0 0.0203)
(0.0012 0 0.0203)
(0.001275 0 0.0203)
(0.00135 0 0.0203)
(0.001425 0 0.0203)
(0.0015 0 0.0203)
(0.001575 0 0.0203)
(0.00165 0 0.0203)
(0.001725 0 0.0203)
(0.0018 0 0.0203)
(0.001875 0 0.0203)
(0.00195 0 0.0203)
(0.002025 0 0.0203)
(0.002100000000000001 0 0.0203)
(0.002175 0 0.0203)
(0.00225 0 0.0203)
(0.002325 0 0.0203)
(0.0024 0 0.0203)
(0.002475 0 0.0203)
(0.00255 0 0.0203)
(0.002625 0 0.0203)
(0.0027 0 0.0203)
(0.002775 0 0.0203)
(0.002850000000000001 0 0.0203)
(0.002925 0 0.0203)
(0.003 0 0.0203)
(0.003075 0 0.0203)
(0.00315 0 0.0203)
(0.003225 0 0.0203)
(0.003300000000000001 0 0.0203)
(0.003375000000000001 0 0.0203)
(0.00345 0 0.0203)
(0.003525 0 0.0203)
(0.0036 0 0.0203)
(0.003674999999999999 0 0.0203)
(0.00375 0 0.0203)
(0.003825000000000001 0 0.0203)
(0.0039 0 0.0203)
(0.003974999999999999 0 0.0203)
(0.004050000000000001 0 0.0203)
(0.004125000000000001 0 0.0203)
(0.004200000000000001 0 0.0203)
(0.004275 0 0.0203)
(0.00435 0 0.0203)
(0.004425000000000001 0 0.0203)
(0.0045 0 0.0203)
(0.004575 0 0.0203)
(0.00465 0 0.0203)
(0.004725000000000001 0 0.0203)
(0.0048 0 0.0203)
(0.004875000000000001 0 0.0203)
(0.00495 0 0.0203)
(0.005025000000000001 0 0.0203)
(0.0051 0 0.0203)
(0.005175 0 0.0203)
(0.005249999999999999 0 0.0203)
(0.005325 0 0.0203)
(0.0054 0 0.0203)
(0.005475 0 0.0203)
(0.005549999999999999 0 0.0203)
(0.005625 0 0.0203)
(0.005700000000000001 0 0.0203)
(0.005775000000000001 0 0.0203)
(0.00585 0 0.0203)
(0.005925000000000001 0 0.0203)
(0.006000000000000001 0 0.0203)
(0.006075000000000001 0 0.0203)
(0.00615 0 0.0203)
(0.006225 0 0.0203)
(0.006300000000000001 0 0.0203)
(0.006375 0 0.0203)
(0.00645 0 0.0203)
(0.006525 0 0.0203)
(0.006600000000000002 0 0.0203)
(0.006675 0 0.0203)
(0.006750000000000002 0 0.0203)
(0.006825000000000001 0 0.0203)
(0.006900000000000001 0 0.0203)
(0.006975000000000001 0 0.0203)
(0.00705 0 0.0203)
(0.007124999999999999 0 0.0203)
(0.007200000000000001 0 0.0203)
(0.007275 0 0.0203)
(0.007349999999999999 0 0.0203)
(0.007425000000000001 0 0.0203)
(0.0075 0 0.0203)
(0.007574999999999999 0 0.0203)
(0.007650000000000001 0 0.0203)
(0.007725 0 0.0203)
(0.0078 0 0.0203)
(0.007875000000000002 0 0.0203)
(0.007949999999999999 0 0.0203)
(0.008024999999999999 0 0.0203)
(0.008100000000000001 0 0.0203)
(0.008175000000000002 0 0.0203)
(0.008250000000000002 0 0.0203)
(0.008325000000000001 0 0.0203)
(0.008400000000000003 0 0.0203)
(0.008474999999999998 0 0.0203)
(0.00855 0 0.0203)
(0.008624999999999999 0 0.0203)
(0.008699999999999999 0 0.0203)
(0.008775 0 0.0203)
(0.008849999999999998 0 0.0203)
(0.008925000000000001 0 0.0203)
(0.008999999999999999 0 0.0203)
(0.009075000000000001 0 0.0203)
(0.00915 0 0.0203)
(0.009225000000000001 0 0.0203)
(0.009300000000000001 0 0.0203)
(0.009375 0 0.0203)
(0.00945 0 0.0203)
(0.009525 0 0.0203)
(0.009599999999999999 0 0.0203)
(0.009675 0 0.0203)
(0.009750000000000002 0 0.0203)
(0.009825 0 0.0203)
(0.009900000000000001 0 0.0203)
(0.009975000000000001 0 0.0203)
(0.01005 0 0.0203)
(0.010125 0 0.0203)
(0.0102 0 0.0203)
(0.010275 0 0.0203)
(0.01035 0 0.0203)
(0.010425 0 0.0203)
(0.0105 0 0.0203)
(0.010575 0 0.0203)
(0.01065 0 0.0203)
(0.010725 0 0.0203)
(0.0108 0 0.0203)
(0.010875 0 0.0203)
(0.01095 0 0.0203)
(0.011025 0 0.0203)
(0.0111 0 0.0203)
(0.011175 0 0.0203)
(0.01125 0 0.0203)
(0.011325 0 0.0203)
(0.0114 0 0.0203)
(0.011475 0 0.0203)
(0.01155 0 0.0203)
(0.011625 0 0.0203)
(0.0117 0 0.0203)
(0.011775 0 0.0203)
(0.01185 0 0.0203)
(0.011925 0 0.0203)
(0.012 0 0.0203)
(0.012075 0 0.0203)
(0.01215 0 0.0203)
(0.012225 0 0.0203)
(0.0123 0 0.0203)
(0.012375 0 0.0203)
(0.01245 0 0.0203)
(0.012525 0 0.0203)
(0.0126 0 0.0203)
(0.012675 0 0.0203)
(0.01275 0 0.0203)
(0.012825 0 0.0203)
(0.0129 0 0.0203)
(0.012975 0 0.0203)
(0.01305 0 0.0203)
(0.013125 0 0.0203)
(0.0132 0 0.0203)
(0.013275 0 0.0203)
(0.01335 0 0.0203)
(0.013425 0 0.0203)
(0.0135 0 0.0203)
(0.013575 0 0.0203)
(0.01365 0 0.0203)
(0.013725 0 0.0203)
(0.0138 0 0.0203)
(0.013875 0 0.0203)
(0.01395 0 0.0203)
(0.014025 0 0.0203)
(0.0141 0 0.0203)
(0.014175 0 0.0203)
(0.01425 0 0.0203)
(0.014325 0 0.0203)
(0.0144 0 0.0203)
(0.014475 0 0.0203)
(0.01455 0 0.0203)
(0.014625 0 0.0203)
(0.0147 0 0.0203)
(0.014775 0 0.0203)
(0.01485 0 0.0203)
(0.014925 0 0.0203)
(0.015 0 0.0203)
(0 0.005 0.0203)
(7.499999999999999e-05 0.005 0.0203)
(0.00015 0.005 0.0203)
(0.000225 0.005 0.0203)
(0.0003 0.005 0.0203)
(0.0003750000000000001 0.005 0.0203)
(0.00045 0.005 0.0203)
(0.0005250000000000002 0.005 0.0203)
(0.0005999999999999999 0.005 0.0203)
(0.000675 0.005 0.0203)
(0.0007500000000000001 0.005 0.0203)
(0.0008250000000000001 0.005 0.0203)
(0.0009000000000000001 0.005 0.0203)
(0.000975 0.005 0.0203)
(0.00105 0.005 0.0203)
(0.001125 0.005 0.0203)
(0.0012 0.005 0.0203)
(0.001275 0.005 0.0203)
(0.00135 0.005 0.0203)
(0.001425 0.005 0.0203)
(0.0015 0.005 0.0203)
(0.001575 0.005 0.0203)
(0.00165 0.005 0.0203)
(0.001725 0.005 0.0203)
(0.0018 0.005 0.0203)
(0.001875 0.005 0.0203)
(0.00195 0.005 0.0203)
(0.002025 0.005 0.0203)
(0.002100000000000001 0.005 0.0203)
(0.002175 0.005 0.0203)
(0.00225 0.005 0.0203)
(0.002325 0.005 0.0203)
(0.0024 0.005 0.0203)
(0.002475 0.005 0.0203)
(0.00255 0.005 0.0203)
(0.002625 0.005 0.0203)
(0.0027 0.005 0.0203)
(0.002775 0.005 0.0203)
(0.002850000000000001 0.005 0.0203)
(0.002925 0.005 0.0203)
(0.003 0.005 0.0203)
(0.003075 0.005 0.0203)
(0.00315 0.005 0.0203)
(0.003225 0.005 0.0203)
(0.003300000000000001 0.005 0.0203)
(0.003375000000000001 0.005 0.0203)
(0.00345 0.005 0.0203)
(0.003525 0.005 0.0203)
(0.0036 0.005 0.0203)
(0.003674999999999999 0.005 0.0203)
(0.00375 0.005 0.0203)
(0.003825000000000001 0.005 0.0203)
(0.0039 0.005 0.0203)
(0.003974999999999999 0.005 0.0203)
(0.004050000000000001 0.005 0.0203)
(0.004125000000000001 0.005 0.0203)
(0.004200000000000001 0.005 0.0203)
(0.004275 0.005 0.0203)
(0.00435 0.004999999999999999 0.0203)
(0.004425000000000001 0.005 0.0203)
(0.0045 0.005 0.0203)
(0.004575 0.005 0.0203)
(0.00465 0.004999999999999999 0.0203)
(0.004725000000000001 0.005 0.0203)
(0.0048 0.005 0.0203)
(0.004875000000000001 0.005 0.0203)
(0.00495 0.004999999999999999 0.0203)
(0.005025000000000001 0.005 0.0203)
(0.0051 0.005 0.0203)
(0.005175 0.005 0.0203)
(0.005249999999999999 0.005 0.0203)
(0.005325 0.005 0.0203)
(0.0054 0.005 0.0203)
(0.005475 0.005 0.0203)
(0.005549999999999999 0.005 0.0203)
(0.005625 0.005 0.0203)
(0.005700000000000001 0.005 0.0203)
(0.005775000000000001 0.005 0.0203)
(0.00585 0.005 0.0203)
(0.005925000000000001 0.005 0.0203)
(0.006000000000000001 0.005 0.0203)
(0.006075000000000001 0.005 0.0203)
(0.00615 0.005 0.0203)
(0.006225 0.004999999999999999 0.0203)
(0.006300000000000001 0.005 0.0203)
(0.006375 0.005 0.0203)
(0.00645 0.005 0.0203)
(0.006525 0.005 0.0203)
(0.006600000000000002 0.005 0.0203)
(0.006675 0.005 0.0203)
(0.006750000000000002 0.005 0.0203)
(0.006825000000000001 0.005 0.0203)
(0.006900000000000001 0.005 0.0203)
(0.006975000000000001 0.005 0.0203)
(0.00705 0.005 0.0203)
(0.007124999999999999 0.004999999999999999 0.0203)
(0.007200000000000001 0.005 0.0203)
(0.007275 0.005 0.0203)
(0.007349999999999999 0.005 0.0203)
(0.007425000000000001 0.004999999999999999 0.0203)
(0.0075 0.005 0.0203)
(0.007574999999999999 0.005 0.0203)
(0.007650000000000001 0.005 0.0203)
(0.007725 0.004999999999999999 0.0203)
(0.0078 0.005 0.0203)
(0.007875000000000002 0.005 0.0203)
(0.007949999999999999 0.005 0.0203)
(0.008024999999999999 0.004999999999999999 0.0203)
(0.008100000000000001 0.005 0.0203)
(0.008175000000000002 0.005 0.0203)
(0.008250000000000002 0.005 0.0203)
(0.008325000000000001 0.004999999999999999 0.0203)
(0.008400000000000003 0.005 0.0203)
(0.008474999999999998 0.005 0.0203)
(0.00855 0.005 0.0203)
(0.008624999999999999 0.005 0.0203)
(0.008699999999999999 0.005 0.0203)
(0.008775 0.005 0.0203)
(0.008849999999999998 0.005 0.0203)
(0.008925000000000001 0.005 0.0203)
(0.008999999999999999 0.005 0.0203)
(0.009075000000000001 0.005 0.0203)
(0.00915 0.005 0.0203)
(0.009225000000000001 0.005 0.0203)
(0.009300000000000001 0.005 0.0203)
(0.009375 0.005 0.0203)
(0.00945 0.005 0.0203)
(0.009525 0.005 0.0203)
(0.009599999999999999 0.004999999999999999 0.0203)
(0.009675 0.005 0.0203)
(0.009750000000000002 0.005 0.0203)
(0.009825 0.005 0.0203)
(0.009900000000000001 0.004999999999999999 0.0203)
(0.009975000000000001 0.005 0.0203)
(0.01005 0.005 0.0203)
(0.010125 0.005 0.0203)
(0.0102 0.004999999999999999 0.0203)
(0.010275 0.005 0.0203)
(0.01035 0.005 0.0203)
(0.010425 0.005 0.0203)
(0.0105 0.005 0.0203)
(0.010575 0.005 0.0203)
(0.01065 0.005 0.0203)
(0.010725 0.005 0.0203)
(0.0108 0.005 0.0203)
(0.010875 0.005 0.0203)
(0.01095 0.005 0.0203)
(0.011025 0.005 0.0203)
(0.0111 0.005 0.0203)
(0.011175 0.005 0.0203)
(0.01125 0.005 0.0203)
(0.011325 0.005 0.0203)
(0.0114 0.005 0.0203)
(0.011475 0.005 0.0203)
(0.01155 0.005 0.0203)
(0.011625 0.005 0.0203)
(0.0117 0.005 0.0203)
(0.011775 0.005 0.0203)
(0.01185 0.005 0.0203)
(0.011925 0.005 0.0203)
(0.012 0.005 0.0203)
(0.012075 0.005 0.0203)
(0.01215 0.005 0.0203)
(0.012225 0.005 0.0203)
(0.0123 0.005 0.0203)
(0.012375 0.005 0.0203)
(0.01245 0.005 0.0203)
(0.012525 0.005000000000000001 0.0203)
(0.0126 0.005 0.0203)
(0.012675 0.005 0.0203)
(0.01275 0.005 0.0203)
(0.012825 0.005000000000000001 0.0203)
(0.0129 0.005000000000000001 0.0203)
(0.012975 0.005 0.0203)
(0.01305 0.005 0.0203)
(0.013125 0.005000000000000001 0.0203)
(0.0132 0.005 0.0203)
(0.013275 0.005 0.0203)
(0.01335 0.005 0.0203)
(0.013425 0.005000000000000001 0.0203)
(0.0135 0.005000000000000001 0.0203)
(0.013575 0.005 0.0203)
(0.01365 0.005 0.0203)
(0.013725 0.005000000000000001 0.0203)
(0.0138 0.005 0.0203)
(0.013875 0.005 0.0203)
(0.01395 0.005 0.0203)
(0.014025 0.005000000000000001 0.0203)
(0.0141 0.005 0.0203)
(0.014175 0.005 0.0203)
(0.01425 0.005 0.0203)
(0.014325 0.005 0.0203)
(0.0144 0.005 0.0203)
(0.014475 0.005 0.0203)
(0.01455 0.005 0.0203)
(0.014625 0.005 0.0203)
(0.0147 0.005 0.0203)
(0.014775 0.005 0.0203)
(0.01485 0.005 0.0203)
(0.014925 0.005 0.0203)
(0.015 0.005 0.0203)
(0 0 0.020325)
(7.499999999999999e-05 0 0.020325)
(0.00015 0 0.020325)
(0.000225 0 0.02032499999999999)
(0.0003 0 0.020325)
(0.0003750000000000001 0 0.020325)
(0.00045 0 0.020325)
(0.0005250000000000002 0 0.020325)
(0.0005999999999999999 0 0.020325)
(0.000675 0 0.020325)
(0.0007500000000000001 0 0.020325)
(0.0008250000000000002 0 0.020325)
(0.0009000000000000001 0 0.020325)
(0.000975 0 0.020325)
(0.00105 0 0.020325)
(0.001125 0 0.020325)
(0.0012 0 0.020325)
(0.001275 0 0.020325)
(0.00135 0 0.020325)
(0.001425 0 0.020325)
(0.0015 0 0.020325)
(0.001575 0 0.020325)
(0.00165 0 0.020325)
(0.001725 0 0.020325)
(0.0018 0 0.020325)
(0.001875 0 0.020325)
(0.00195 0 0.020325)
(0.002025 0 0.02032499999999999)
(0.002100000000000001 0 0.020325)
(0.002174999999999999 0 0.020325)
(0.00225 0 0.020325)
(0.002325 0 0.020325)
(0.0024 0 0.020325)
(0.002475 0 0.020325)
(0.00255 0 0.020325)
(0.002625 0 0.020325)
(0.0027 0 0.020325)
(0.002775 0 0.020325)
(0.002850000000000001 0 0.020325)
(0.002925 0 0.02032499999999999)
(0.003 0 0.020325)
(0.003075 0 0.020325)
(0.00315 0 0.020325)
(0.003225 0 0.020325)
(0.0033 0 0.020325)
(0.003375000000000001 0 0.020325)
(0.00345 0 0.020325)
(0.003525 0 0.020325)
(0.0036 0 0.020325)
(0.003675 0 0.020325)
(0.00375 0 0.020325)
(0.003825 0 0.02032499999999999)
(0.0039 0 0.020325)
(0.003975 0 0.020325)
(0.004050000000000001 0 0.020325)
(0.004125000000000001 0 0.020325)
(0.004200000000000001 0 0.020325)
(0.004275 0 0.020325)
(0.004349999999999999 0 0.02032499999999999)
(0.004425000000000001 0 0.020325)
(0.0045 0 0.020325)
(0.004575 0 0.020325)
(0.00465 0 0.020325)
(0.004725 0 0.020325)
(0.0048 0 0.020325)
(0.004875000000000001 0 0.020325)
(0.00495 0 0.020325)
(0.005025000000000001 0 0.020325)
(0.0051 0 0.020325)
(0.005175 0 0.020325)
(0.005249999999999999 0 0.020325)
(0.005325 0 0.020325)
(0.0054 0 0.020325)
(0.005475 0 0.020325)
(0.005549999999999999 0 0.020325)
(0.005625 0 0.02032499999999999)
(0.005700000000000001 0 0.02032499999999999)
(0.005775000000000001 0 0.020325)
(0.00585 0 0.020325)
(0.005925000000000001 0 0.020325)
(0.006000000000000001 0 0.020325)
(0.006075000000000001 0 0.020325)
(0.00615 0 0.020325)
(0.006225 0 0.020325)
(0.0063 0 0.020325)
(0.006375 0 0.020325)
(0.00645 0 0.020325)
(0.006525 0 0.020325)
(0.006600000000000002 0 0.020325)
(0.006675 0 0.020325)
(0.006750000000000002 0 0.020325)
(0.006825000000000001 0 0.020325)
(0.006900000000000001 0 0.020325)
(0.006975000000000001 0 0.020325)
(0.00705 0 0.020325)
(0.007124999999999999 0 0.020325)
(0.007200000000000001 0 0.020325)
(0.007275 0 0.020325)
(0.00735 0 0.020325)
(0.007425000000000001 0 0.020325)
(0.0075 0 0.02032499999999999)
(0.007574999999999999 0 0.020325)
(0.007650000000000001 0 0.020325)
(0.007725 0 0.020325)
(0.0078 0 0.020325)
(0.007875000000000002 0 0.020325)
(0.00795 0 0.020325)
(0.008024999999999999 0 0.020325)
(0.008100000000000001 0 0.020325)
(0.008175000000000002 0 0.020325)
(0.008250000000000002 0 0.020325)
(0.008325000000000001 0 0.020325)
(0.008400000000000003 0 0.02032499999999999)
(0.008474999999999998 0 0.02032499999999999)
(0.00855 0 0.020325)
(0.008624999999999999 0 0.020325)
(0.008699999999999998 0 0.020325)
(0.008775 0 0.020325)
(0.008850000000000002 0 0.020325)
(0.008925000000000001 0 0.020325)
(0.008999999999999999 0 0.020325)
(0.009075000000000001 0 0.020325)
(0.00915 0 0.020325)
(0.009224999999999999 0 0.020325)
(0.009300000000000001 0 0.020325)
(0.009375 0 0.020325)
(0.00945 0 0.020325)
(0.009525 0 0.020325)
(0.009599999999999999 0 0.020325)
(0.009675 0 0.020325)
(0.009750000000000002 0 0.020325)
(0.009825 0 0.020325)
(0.009899999999999999 0 0.020325)
(0.009975000000000001 0 0.020325)
(0.01005 0 0.020325)
(0.010125 0 0.020325)
(0.0102 0 0.02032499999999999)
(0.010275 0 0.020325)
(0.01035 0 0.020325)
(0.010425 0 0.020325)
(0.0105 0 0.020325)
(0.010575 0 0.020325)
(0.01065 0 0.020325)
(0.010725 0 0.020325)
(0.0108 0 0.020325)
(0.010875 0 0.020325)
(0.01095 0 0.020325)
(0.011025 0 0.020325)
(0.0111 0 0.020325)
(0.011175 0 0.020325)
(0.01125 0 0.020325)
(0.011325 0 0.020325)
(0.0114 0 0.020325)
(0.011475 0 0.020325)
(0.01155 0 0.020325)
(0.011625 0 0.020325)
(0.0117 0 0.020325)
(0.011775 0 0.020325)
(0.01185 0 0.020325)
(0.011925 0 0.020325)
(0.012 0 0.02032499999999999)
(0.012075 0 0.020325)
(0.01215 0 0.020325)
(0.012225 0 0.020325)
(0.0123 0 0.020325)
(0.012375 0 0.020325)
(0.01245 0 0.020325)
(0.012525 0 0.02032499999999999)
(0.0126 0 0.020325)
(0.012675 0 0.020325)
(0.01275 0 0.020325)
(0.012825 0 0.020325)
(0.0129 0 0.020325)
(0.012975 0 0.020325)
(0.01305 0 0.020325)
(0.013125 0 0.020325)
(0.0132 0 0.020325)
(0.013275 0 0.020325)
(0.01335 0 0.020325)
(0.013425 0 0.020325)
(0.0135 0 0.020325)
(0.013575 0 0.020325)
(0.01365 0 0.020325)
(0.013725 0 0.020325)
(0.0138 0 0.020325)
(0.013875 0 0.020325)
(0.01395 0 0.020325)
(0.014025 0 0.020325)
(0.0141 0 0.020325)
(0.014175 0 0.020325)
(0.01425 0 0.020325)
(0.014325 0 0.020325)
(0.0144 0 0.02032499999999999)
(0.014475 0 0.020325)
(0.01455 0 0.020325)
(0.014625 0 0.020325)
(0.0147 0 0.020325)
(0.014775 0 0.020325)
(0.01485 0 0.020325)
(0.014925 0 0.020325)
(0.015 0 0.020325)
(0 0.005 0.020325)
(7.499999999999999e-05 0.005 0.020325)
(0.00015 0.005 0.020325)
(0.000225 0.004999999999999999 0.02032499999999999)
(0.0003 0.004999999999999999 0.020325)
(0.0003750000000000001 0.005 0.020325)
(0.00045 0.005 0.020325)
(0.0005250000000000002 0.005 0.020325)
(0.0005999999999999999 0.005 0.02032499999999999)
(0.000675 0.005 0.020325)
(0.0007500000000000001 0.005 0.020325)
(0.0008250000000000002 0.005 0.020325)
(0.0009000000000000001 0.004999999999999999 0.020325)
(0.000975 0.005 0.020325)
(0.00105 0.005 0.020325)
(0.001125 0.005 0.020325)
(0.0012 0.005 0.020325)
(0.001275 0.005 0.020325)
(0.00135 0.005 0.020325)
(0.001425 0.005 0.020325)
(0.0015 0.005 0.02032499999999999)
(0.001575 0.005 0.020325)
(0.00165 0.005 0.020325)
(0.001725 0.005 0.020325)
(0.0018 0.005 0.020325)
(0.001875 0.005 0.020325)
(0.00195 0.005 0.020325)
(0.002025 0.005 0.02032499999999999)
(0.002100000000000001 0.005 0.020325)
(0.002174999999999999 0.005 0.020325)
(0.00225 0.005 0.020325)
(0.002325 0.005 0.020325)
(0.0024 0.005 0.020325)
(0.002475 0.005 0.02032499999999999)
(0.00255 0.005 0.020325)
(0.002625 0.005 0.020325)
(0.0027 0.005 0.020325)
(0.002775 0.005 0.020325)
(0.002850000000000001 0.005 0.020325)
(0.002925 0.005 0.02032499999999999)
(0.003 0.005 0.020325)
(0.003075 0.005 0.020325)
(0.00315 0.005 0.020325)
(0.003225 0.005 0.020325)
(0.0033 0.005 0.020325)
(0.003375000000000001 0.005 0.020325)
(0.00345 0.005 0.020325)
(0.003525 0.005 0.020325)
(0.0036 0.005 0.020325)
(0.003675 0.005 0.020325)
(0.00375 0.005 0.020325)
(0.003825 0.005 0.02032499999999999)
(0.0039 0.005 0.020325)
(0.003975 0.005 0.020325)
(0.004050000000000001 0.005 0.020325)
(0.004125000000000001 0.005 0.020325)
(0.004200000000000001 0.005 0.020325)
(0.004275 0.005 0.020325)
(0.004349999999999999 0.005 0.020325)
(0.004425000000000001 0.005 0.020325)
(0.0045 0.005 0.020325)
(0.004575 0.005 0.020325)
(0.00465 0.005 0.020325)
(0.004725 0.005 0.020325)
(0.0048 0.005 0.020325)
(0.004875000000000001 0.005 0.020325)
(0.00495 0.004999999999999999 0.020325)
(0.005025000000000001 0.005 0.020325)
(0.0051 0.005 0.020325)
(0.005175 0.005 0.020325)
(0.005249999999999999 0.005 0.020325)
(0.005325 0.005 0.020325)
(0.0054 0.005 0.020325)
(0.005475 0.005 0.020325)
(0.005549999999999999 0.004999999999999999 0.020325)
(0.005625 0.005 0.02032499999999999)
(0.005700000000000001 0.005 0.02032499999999999)
(0.005775000000000001 0.005 0.020325)
(0.00585 0.005 0.020325)
(0.005925000000000001 0.005 0.020325)
(0.006000000000000001 0.005 0.020325)
(0.006075000000000001 0.005 0.02032499999999999)
(0.00615 0.005 0.020325)
(0.006225 0.005 0.020325)
(0.0063 0.005000000000000001 0.020325)
(0.006375 0.005 0.020325)
(0.00645 0.005 0.020325)
(0.006525 0.005 0.020325)
(0.006600000000000002 0.005 0.020325)
(0.006675 0.005 0.020325)
(0.006750000000000002 0.005 0.020325)
(0.006825000000000001 0.005 0.020325)
(0.006900000000000001 0.005 0.020325)
(0.006975000000000001 0.005 0.02032499999999999)
(0.00705 0.005 0.020325)
(0.007124999999999999 0.005 0.020325)
(0.007200000000000001 0.005 0.020325)
(0.007275 0.005 0.020325)
(0.00735 0.005 0.020325)
(0.007425000000000001 0.005 0.020325)
(0.0075 0.005 0.02032499999999999)
(0.007574999999999999 0.005 0.020325)
(0.007650000000000001 0.005 0.020325)
(0.007725 0.005 0.020325)
(0.0078 0.005 0.020325)
(0.007875000000000002 0.005 0.020325)
(0.00795 0.005 0.020325)
(0.008024999999999999 0.004999999999999999 0.020325)
(0.008100000000000001 0.005 0.020325)
(0.008175000000000002 0.005 0.020325)
(0.008250000000000002 0.005 0.020325)
(0.008325000000000001 0.005 0.020325)
(0.008400000000000003 0.005 0.02032499999999999)
(0.008474999999999998 0.005 0.02032499999999999)
(0.00855 0.005 0.020325)
(0.008624999999999999 0.005 0.020325)
(0.008699999999999998 0.005 0.020325)
(0.008775 0.005 0.020325)
(0.008850000000000002 0.005 0.020325)
(0.008925000000000001 0.005 0.020325)
(0.008999999999999999 0.004999999999999999 0.020325)
(0.009075000000000001 0.005 0.020325)
(0.00915 0.005 0.020325)
(0.009224999999999999 0.005 0.020325)
(0.009300000000000001 0.005 0.020325)
(0.009375 0.005 0.020325)
(0.00945 0.005 0.020325)
(0.009525 0.005 0.020325)
(0.009599999999999999 0.005 0.020325)
(0.009675 0.005 0.020325)
(0.009750000000000002 0.005 0.020325)
(0.009825 0.005 0.020325)
(0.009899999999999999 0.005 0.020325)
(0.009975000000000001 0.005 0.020325)
(0.01005 0.005 0.020325)
(0.010125 0.005 0.020325)
(0.0102 0.004999999999999999 0.02032499999999999)
(0.010275 0.004999999999999999 0.020325)
(0.01035 0.005 0.020325)
(0.010425 0.005 0.020325)
(0.0105 0.005 0.020325)
(0.010575 0.005 0.020325)
(0.01065 0.005 0.020325)
(0.010725 0.005 0.020325)
(0.0108 0.005 0.020325)
(0.010875 0.004999999999999999 0.020325)
(0.01095 0.005 0.020325)
(0.011025 0.005 0.020325)
(0.0111 0.005 0.020325)
(0.011175 0.005 0.020325)
(0.01125 0.005 0.020325)
(0.011325 0.005 0.020325)
(0.0114 0.005 0.020325)
(0.011475 0.004999999999999999 0.020325)
(0.01155 0.005000000000000001 0.020325)
(0.011625 0.005 0.020325)
(0.0117 0.005 0.020325)
(0.011775 0.005 0.020325)
(0.01185 0.005 0.020325)
(0.011925 0.005 0.020325)
(0.012 0.005 0.02032499999999999)
(0.012075 0.005 0.020325)
(0.01215 0.005 0.020325)
(0.012225 0.005 0.020325)
(0.0123 0.005000000000000001 0.020325)
(0.012375 0.005 0.020325)
(0.01245 0.005 0.020325)
(0.012525 0.005 0.02032499999999999)
(0.0126 0.005 0.020325)
(0.012675 0.005 0.020325)
(0.01275 0.005 0.020325)
(0.012825 0.005 0.020325)
(0.0129 0.005 0.020325)
(0.012975 0.005 0.020325)
(0.01305 0.005 0.020325)
(0.013125 0.005 0.020325)
(0.0132 0.005 0.020325)
(0.013275 0.005 0.020325)
(0.01335 0.005 0.020325)
(0.013425 0.005 0.020325)
(0.0135 0.005000000000000001 0.020325)
(0.013575 0.005 0.020325)
(0.01365 0.005 0.020325)
(0.013725 0.005 0.020325)
(0.0138 0.005 0.020325)
(0.013875 0.005 0.020325)
(0.01395 0.005 0.020325)
(0.014025 0.005 0.020325)
(0.0141 0.005 0.020325)
(0.014175 0.005 0.020325)
(0.01425 0.005 0.020325)
(0.014325 0.005 0.020325)
(0.0144 0.005 0.020325)
(0.014475 0.005 0.020325)
(0.01455 0.005 0.020325)
(0.014625 0.005 0.020325)
(0.0147 0.005 0.020325)
(0.014775 0.005 0.020325)
(0.01485 0.005 0.020325)
(0.014925 0.005 0.020325)
(0.015 0.005 0.020325)
(0 0 0.02035)
(7.499999999999999e-05 0 0.02035)
(0.00015 0 0.02035)
(0.000225 0 0.02035)
(0.0003 0 0.02035)
(0.0003750000000000001 0 0.02035)
(0.00045 0 0.02035)
(0.0005250000000000002 0 0.02035)
(0.0005999999999999999 0 0.02035)
(0.000675 0 0.02035)
(0.0007500000000000001 0 0.02035)
(0.0008250000000000001 0 0.02035)
(0.0009000000000000001 0 0.02035)
(0.000975 0 0.02035)
(0.00105 0 0.02035)
(0.001125 0 0.02035)
(0.0012 0 0.02035)
(0.001275 0 0.02035)
(0.00135 0 0.02035)
(0.001425 0 0.02035)
(0.0015 0 0.02035)
(0.001575 0 0.02035)
(0.00165 0 0.02035)
(0.001725 0 0.02035)
(0.0018 0 0.02035)
(0.001875 0 0.02035)
(0.00195 0 0.02035)
(0.002025 0 0.02035)
(0.002100000000000001 0 0.02035)
(0.002175 0 0.02035)
(0.00225 0 0.02035)
(0.002325 0 0.02035)
(0.0024 0 0.02035)
(0.002475 0 0.02035)
(0.00255 0 0.02035)
(0.002625 0 0.02035)
(0.0027 0 0.02035)
(0.002775 0 0.02035)
(0.002850000000000001 0 0.02035)
(0.002925 0 0.02035)
(0.003 0 0.02035)
(0.003075 0 0.02035)
(0.00315 0 0.02035)
(0.003225 0 0.02035)
(0.0033 0 0.02035)
(0.003375000000000001 0 0.02035)
(0.00345 0 0.02035)
(0.003525 0 0.02035)
(0.0036 0 0.02035)
(0.003675 0 0.02035)
(0.00375 0 0.02035)
(0.003825 0 0.02035)
(0.0039 0 0.02035)
(0.003975 0 0.02035)
(0.004050000000000001 0 0.02035)
(0.004125000000000001 0 0.02035)
(0.004200000000000001 0 0.02035)
(0.004275 0 0.02035)
(0.004349999999999999 0 0.02035)
(0.004425000000000001 0 0.02035)
(0.0045 0 0.02035)
(0.004575 0 0.02035)
(0.00465 0 0.02035)
(0.004725 0 0.02035)
(0.0048 0 0.02035)
(0.004875 0 0.02035)
(0.00495 0 0.02035)
(0.005025000000000001 0 0.02035)
(0.0051 0 0.02035)
(0.005175 0 0.02035)
(0.005249999999999999 0 0.02035)
(0.005325 0 0.02035)
(0.0054 0 0.02035)
(0.005475 0 0.02035)
(0.00555 0 0.02035)
(0.005625 0 0.02035)
(0.005700000000000001 0 0.02035)
(0.005775000000000001 0 0.02035)
(0.00585 0 0.02035)
(0.005925000000000001 0 0.02035)
(0.006000000000000001 0 0.02035)
(0.006075000000000001 0 0.02035)
(0.00615 0 0.02035)
(0.006225 0 0.02035)
(0.006299999999999999 0 0.02035)
(0.006375 0 0.02035)
(0.00645 0 0.02035)
(0.006525 0 0.02035)
(0.006600000000000001 0 0.02035)
(0.006675 0 0.02035)
(0.006750000000000002 0 0.02035)
(0.006825000000000001 0 0.02035)
(0.006900000000000001 0 0.02035)
(0.006975000000000001 0 0.02035)
(0.00705 0 0.02035)
(0.007124999999999999 0 0.02035)
(0.007200000000000001 0 0.02035)
(0.007275 0 0.02035)
(0.00735 0 0.02035)
(0.007425000000000001 0 0.02035)
(0.0075 0 0.02035)
(0.007574999999999999 0 0.02035)
(0.007650000000000001 0 0.02035)
(0.007725 0 0.02035)
(0.0078 0 0.02035)
(0.007875000000000002 0 0.02035)
(0.00795 0 0.02035)
(0.008024999999999999 0 0.02035)
(0.008100000000000001 0 0.02035)
(0.008175000000000002 0 0.02035)
(0.008250000000000002 0 0.02035)
(0.008325000000000001 0 0.02035)
(0.008400000000000003 0 0.02035)
(0.008474999999999998 0 0.02035)
(0.00855 0 0.02035)
(0.008624999999999999 0 0.02035)
(0.008699999999999998 0 0.02035)
(0.008775 0 0.02035)
(0.008850000000000002 0 0.02035)
(0.008925000000000001 0 0.02035)
(0.008999999999999999 0 0.02035)
(0.009075000000000001 0 0.02035)
(0.00915 0 0.02035)
(0.009225000000000001 0 0.02035)
(0.009300000000000001 0 0.02035)
(0.009375 0 0.02035)
(0.00945 0 0.02035)
(0.009525 0 0.02035)
(0.009599999999999999 0 0.02035)
(0.009675 0 0.02035)
(0.00975 0 0.02035)
(0.009825 0 0.02035)
(0.009899999999999999 0 0.02035)
(0.009975000000000001 0 0.02035)
(0.01005 0 0.02035)
(0.010125 0 0.02035)
(0.0102 0 0.02035)
(0.010275 0 0.02035)
(0.01035 0 0.02035)
(0.010425 0 0.02035)
(0.0105 0 0.02035)
(0.010575 0 0.02035)
(0.01065 0 0.02035)
(0.010725 0 0.02035)
(0.0108 0 0.02035)
(0.010875 0 0.02035)
(0.01095 0 0.02035)
(0.011025 0 0.02035)
(0.0111 0 0.02035)
(0.011175 0 0.02035)
(0.01125 0 0.02035)
(0.011325 0 0.02035)
(0.0114 0 0.02035)
(0.011475 0 0.02035)
(0.01155 0 0.02035)
(0.011625 0 0.02035)
(0.0117 0 0.02035)
(0.011775 0 0.02035)
(0.01185 0 0.02035)
(0.011925 0 0.02035)
(0.012 0 0.02035)
(0.012075 0 0.02035)
(0.01215 0 0.02035)
(0.012225 0 0.02035)
(0.0123 0 0.02035)
(0.012375 0 0.02035)
(0.01245 0 0.02035)
(0.012525 0 0.02035)
(0.0126 0 0.02035)
(0.012675 0 0.02035)
(0.01275 0 0.02035)
(0.012825 0 0.02035)
(0.0129 0 0.02035)
(0.012975 0 0.02035)
(0.01305 0 0.02035)
(0.013125 0 0.02035)
(0.0132 0 0.02035)
(0.013275 0 0.02035)
(0.01335 0 0.02035)
(0.013425 0 0.02035)
(0.0135 0 0.02035)
(0.013575 0 0.02035)
(0.01365 0 0.02035)
(0.013725 0 0.02035)
(0.0138 0 0.02035)
(0.013875 0 0.02035)
(0.01395 0 0.02035)
(0.014025 0 0.02035)
(0.0141 0 0.02035)
(0.014175 0 0.02035)
(0.01425 0 0.02035)
(0.014325 0 0.02035)
(0.0144 0 0.02035)
(0.014475 0 0.02035)
(0.01455 0 0.02035)
(0.014625 0 0.02035)
(0.0147 0 0.02035)
(0.014775 0 0.02035)
(0.01485 0 0.02035)
(0.014925 0 0.02035)
(0.015 0 0.02035)
(0 0.005 0.02035)
(7.499999999999999e-05 0.005 0.02035)
(0.00015 0.005 0.02035)
(0.000225 0.005 0.02035)
(0.0003 0.005 0.02035)
(0.0003750000000000001 0.005 0.02035)
(0.00045 0.004999999999999998 0.02035)
(0.0005250000000000002 0.005 0.02035)
(0.0005999999999999999 0.005 0.02035)
(0.000675 0.005 0.02035)
(0.0007500000000000001 0.005 0.02035)
(0.0008250000000000001 0.005 0.02035)
(0.0009000000000000001 0.005 0.02035)
(0.000975 0.005 0.02035)
(0.00105 0.004999999999999998 0.02035)
(0.001125 0.005 0.02035)
(0.0012 0.005 0.02035)
(0.001275 0.005 0.02035)
(0.00135 0.005 0.02035)
(0.001425 0.005 0.02035)
(0.0015 0.005 0.02035)
(0.001575 0.005 0.02035)
(0.00165 0.005 0.02035)
(0.001725 0.005 0.02035)
(0.0018 0.005 0.02035)
(0.001875 0.005 0.02035)
(0.00195 0.005 0.02035)
(0.002025 0.005 0.02035)
(0.002100000000000001 0.005 0.02035)
(0.002175 0.005 0.02035)
(0.00225 0.005 0.02035)
(0.002325 0.005 0.02035)
(0.0024 0.005 0.02035)
(0.002475 0.005 0.02035)
(0.00255 0.005 0.02035)
(0.002625 0.005 0.02035)
(0.0027 0.005 0.02035)
(0.002775 0.005 0.02035)
(0.002850000000000001 0.005 0.02035)
(0.002925 0.005 0.02035)
(0.003 0.005 0.02035)
(0.003075 0.005 0.02035)
(0.00315 0.005 0.02035)
(0.003225 0.005 0.02035)
(0.0033 0.005 0.02035)
(0.003375000000000001 0.005 0.02035)
(0.00345 0.005 0.02035)
(0.003525 0.005 0.02035)
(0.0036 0.005 0.02035)
(0.003675 0.005 0.02035)
(0.00375 0.005 0.02035)
(0.003825 0.005 0.02035)
(0.0039 0.005 0.02035)
(0.003975 0.004999999999999999 0.02035)
(0.004050000000000001 0.005 0.02035)
(0.004125000000000001 0.005 0.02035)
(0.004200000000000001 0.005 0.02035)
(0.004275 0.005 0.02035)
(0.004349999999999999 0.005 0.02035)
(0.004425000000000001 0.005 0.02035)
(0.0045 0.005 0.02035)
(0.004575 0.005 0.02035)
(0.00465 0.005 0.02035)
(0.004725 0.005 0.02035)
(0.0048 0.005 0.02035)
(0.004875 0.005 0.02035)
(0.00495 0.005 0.02035)
(0.005025000000000001 0.005 0.02035)
(0.0051 0.005 0.02035)
(0.005175 0.005 0.02035)
(0.005249999999999999 0.005 0.02035)
(0.005325 0.005 0.02035)
(0.0054 0.005 0.02035)
(0.005475 0.005 0.02035)
(0.00555 0.005 0.02035)
(0.005625 0.005 0.02035)
(0.005700000000000001 0.005 0.02035)
(0.005775000000000001 0.005 0.02035)
(0.00585 0.005 0.02035)
(0.005925000000000001 0.005 0.02035)
(0.006000000000000001 0.005 0.02035)
(0.006075000000000001 0.005 0.02035)
(0.00615 0.005 0.02035)
(0.006225 0.005 0.02035)
(0.006299999999999999 0.005 0.02035)
(0.006375 0.005 0.02035)
(0.00645 0.005 0.02035)
(0.006525 0.005 0.02035)
(0.006600000000000001 0.005000000000000001 0.02035)
(0.006675 0.005 0.02035)
(0.006750000000000002 0.005 0.02035)
(0.006825000000000001 0.005 0.02035)
(0.006900000000000001 0.005 0.02035)
(0.006975000000000001 0.005 0.02035)
(0.00705 0.005 0.02035)
(0.007124999999999999 0.005 0.02035)
(0.007200000000000001 0.005 0.02035)
(0.007275 0.005 0.02035)
(0.00735 0.005 0.02035)
(0.007425000000000001 0.005 0.02035)
(0.0075 0.005 0.02035)
(0.007574999999999999 0.005 0.02035)
(0.007650000000000001 0.005 0.02035)
(0.007725 0.005 0.02035)
(0.0078 0.005 0.02035)
(0.007875000000000002 0.005 0.02035)
(0.00795 0.005 0.02035)
(0.008024999999999999 0.005 0.02035)
(0.008100000000000001 0.005 0.02035)
(0.008175000000000002 0.005 0.02035)
(0.008250000000000002 0.005 0.02035)
(0.008325000000000001 0.005 0.02035)
(0.008400000000000003 0.005 0.02035)
(0.008474999999999998 0.005 0.02035)
(0.00855 0.005 0.02035)
(0.008624999999999999 0.005 0.02035)
(0.008699999999999998 0.005 0.02035)
(0.008775 0.005 0.02035)
(0.008850000000000002 0.005 0.02035)
(0.008925000000000001 0.005 0.02035)
(0.008999999999999999 0.005 0.02035)
(0.009075000000000001 0.005 0.02035)
(0.00915 0.005 0.02035)
(0.009225000000000001 0.005 0.02035)
(0.009300000000000001 0.005 0.02035)
(0.009375 0.005 0.02035)
(0.00945 0.005 0.02035)
(0.009525 0.005 0.02035)
(0.009599999999999999 0.005 0.02035)
(0.009675 0.005 0.02035)
(0.00975 0.005 0.02035)
(0.009825 0.005 0.02035)
(0.009899999999999999 0.005 0.02035)
(0.009975000000000001 0.005 0.02035)
(0.01005 0.005 0.02035)
(0.010125 0.005 0.02035)
(0.0102 0.005 0.02035)
(0.010275 0.005 0.02035)
(0.01035 0.005 0.02035)
(0.010425 0.005 0.02035)
(0.0105 0.005 0.02035)
(0.010575 0.005 0.02035)
(0.01065 0.005 0.02035)
(0.010725 0.005 0.02035)
(0.0108 0.005 0.02035)
(0.010875 0.005 0.02035)
(0.01095 0.005 0.02035)
(0.011025 0.005 0.02035)
(0.0111 0.005 0.02035)
(0.011175 0.005 0.02035)
(0.01125 0.005 0.02035)
(0.011325 0.005 0.02035)
(0.0114 0.005 0.02035)
(0.011475 0.005 0.02035)
(0.01155 0.005 0.02035)
(0.011625 0.005 0.02035)
(0.0117 0.005 0.02035)
(0.011775 0.005 0.02035)
(0.01185 0.005 0.02035)
(0.011925 0.005 0.02035)
(0.012 0.005 0.02035)
(0.012075 0.005 0.02035)
(0.01215 0.005 0.02035)
(0.012225 0.004999999999999999 0.02035)
(0.0123 0.005 0.02035)
(0.012375 0.005 0.02035)
(0.01245 0.005 0.02035)
(0.012525 0.005 0.02035)
(0.0126 0.005 0.02035)
(0.012675 0.005 0.02035)
(0.01275 0.004999999999999999 0.02035)
(0.012825 0.004999999999999999 0.02035)
(0.0129 0.005 0.02035)
(0.012975 0.005 0.02035)
(0.01305 0.004999999999999999 0.02035)
(0.013125 0.005 0.02035)
(0.0132 0.005 0.02035)
(0.013275 0.005 0.02035)
(0.01335 0.005 0.02035)
(0.013425 0.005000000000000001 0.02035)
(0.0135 0.005000000000000001 0.02035)
(0.013575 0.005 0.02035)
(0.01365 0.005 0.02035)
(0.013725 0.005 0.02035)
(0.0138 0.005 0.02035)
(0.013875 0.005 0.02035)
(0.01395 0.005 0.02035)
(0.014025 0.005000000000000001 0.02035)
(0.0141 0.005 0.02035)
(0.014175 0.005000000000000001 0.02035)
(0.01425 0.005 0.02035)
(0.014325 0.005 0.02035)
(0.0144 0.005 0.02035)
(0.014475 0.005 0.02035)
(0.01455 0.005 0.02035)
(0.014625 0.005 0.02035)
(0.0147 0.005 0.02035)
(0.014775 0.005000000000000001 0.02035)
(0.01485 0.005 0.02035)
(0.014925 0.005 0.02035)
(0.015 0.005 0.02035)
(0 0 0.020375)
(7.499999999999999e-05 0 0.020375)
(0.00015 0 0.020375)
(0.000225 0 0.020375)
(0.0003 0 0.020375)
(0.0003750000000000001 0 0.020375)
(0.00045 0 0.02037499999999999)
(0.0005250000000000002 0 0.020375)
(0.0005999999999999999 0 0.020375)
(0.000675 0 0.020375)
(0.0007500000000000001 0 0.020375)
(0.0008250000000000001 0 0.020375)
(0.0009000000000000001 0 0.020375)
(0.000975 0 0.020375)
(0.00105 0 0.020375)
(0.001125 0 0.020375)
(0.0012 0 0.020375)
(0.001275 0 0.020375)
(0.00135 0 0.020375)
(0.001425 0 0.020375)
(0.0015 0 0.020375)
(0.001575 0 0.020375)
(0.00165 0 0.020375)
(0.001725 0 0.020375)
(0.0018 0 0.020375)
(0.001875 0 0.020375)
(0.00195 0 0.020375)
(0.002025 0 0.020375)
(0.002100000000000001 0 0.020375)
(0.002174999999999999 0 0.020375)
(0.00225 0 0.020375)
(0.002325 0 0.020375)
(0.0024 0 0.02037499999999999)
(0.002475 0 0.020375)
(0.00255 0 0.020375)
(0.002625 0 0.020375)
(0.0027 0 0.020375)
(0.002775 0 0.020375)
(0.002850000000000001 0 0.020375)
(0.002925 0 0.020375)
(0.003 0 0.020375)
(0.003075 0 0.020375)
(0.00315 0 0.020375)
(0.003225 0 0.020375)
(0.0033 0 0.020375)
(0.003375000000000001 0 0.020375)
(0.00345 0 0.020375)
(0.003525 0 0.020375)
(0.0036 0 0.020375)
(0.003675 0 0.020375)
(0.00375 0 0.020375)
(0.003825 0 0.020375)
(0.0039 0 0.020375)
(0.003975 0 0.020375)
(0.004050000000000001 0 0.020375)
(0.004125 0 0.020375)
(0.004200000000000001 0 0.020375)
(0.004275 0 0.020375)
(0.004349999999999999 0 0.02037499999999999)
(0.004425000000000001 0 0.020375)
(0.004500000000000001 0 0.020375)
(0.004575 0 0.020375)
(0.00465 0 0.020375)
(0.004725 0 0.020375)
(0.0048 0 0.020375)
(0.004875000000000001 0 0.020375)
(0.00495 0 0.020375)
(0.005025000000000001 0 0.020375)
(0.0051 0 0.020375)
(0.005175 0 0.020375)
(0.005249999999999999 0 0.020375)
(0.005325 0 0.020375)
(0.0054 0 0.020375)
(0.005475 0 0.020375)
(0.005549999999999999 0 0.020375)
(0.005625 0 0.020375)
(0.005700000000000001 0 0.020375)
(0.005775000000000001 0 0.020375)
(0.00585 0 0.020375)
(0.005925000000000001 0 0.020375)
(0.006000000000000001 0 0.020375)
(0.006075000000000001 0 0.020375)
(0.00615 0 0.020375)
(0.006225 0 0.020375)
(0.0063 0 0.020375)
(0.006375 0 0.020375)
(0.00645 0 0.020375)
(0.006525 0 0.020375)
(0.006600000000000001 0 0.020375)
(0.006675 0 0.020375)
(0.006750000000000002 0 0.020375)
(0.006825 0 0.020375)
(0.006900000000000001 0 0.020375)
(0.006975000000000001 0 0.020375)
(0.00705 0 0.020375)
(0.007124999999999999 0 0.020375)
(0.007200000000000001 0 0.020375)
(0.007275 0 0.020375)
(0.00735 0 0.020375)
(0.007425000000000001 0 0.020375)
(0.0075 0 0.020375)
(0.007574999999999999 0 0.020375)
(0.007650000000000001 0 0.020375)
(0.007725 0 0.020375)
(0.0078 0 0.020375)
(0.007875000000000002 0 0.020375)
(0.00795 0 0.020375)
(0.008024999999999999 0 0.020375)
(0.008100000000000001 0 0.020375)
(0.008175000000000002 0 0.020375)
(0.00825 0 0.020375)
(0.008325000000000001 0 0.020375)
(0.008400000000000003 0 0.020375)
(0.008474999999999998 0 0.020375)
(0.00855 0 0.020375)
(0.008624999999999999 0 0.020375)
(0.008699999999999998 0 0.020375)
(0.008775 0 0.020375)
(0.008850000000000002 0 0.020375)
(0.008925000000000001 0 0.020375)
(0.008999999999999999 0 0.020375)
(0.009075000000000001 0 0.020375)
(0.00915 0 0.020375)
(0.009225000000000001 0 0.020375)
(0.009300000000000001 0 0.020375)
(0.009375 0 0.020375)
(0.00945 0 0.020375)
(0.009525 0 0.020375)
(0.009599999999999999 0 0.020375)
(0.009675 0 0.020375)
(0.009750000000000002 0 0.020375)
(0.009825 0 0.020375)
(0.009899999999999999 0 0.020375)
(0.009975000000000001 0 0.020375)
(0.01005 0 0.020375)
(0.010125 0 0.020375)
(0.0102 0 0.020375)
(0.010275 0 0.020375)
(0.01035 0 0.020375)
(0.010425 0 0.020375)
(0.0105 0 0.020375)
(0.010575 0 0.020375)
(0.01065 0 0.020375)
(0.010725 0 0.020375)
(0.0108 0 0.020375)
(0.010875 0 0.020375)
(0.01095 0 0.020375)
(0.011025 0 0.020375)
(0.0111 0 0.020375)
(0.011175 0 0.020375)
(0.01125 0 0.020375)
(0.011325 0 0.020375)
(0.0114 0 0.020375)
(0.011475 0 0.020375)
(0.01155 0 0.020375)
(0.011625 0 0.020375)
(0.0117 0 0.020375)
(0.011775 0 0.020375)
(0.01185 0 0.020375)
(0.011925 0 0.020375)
(0.012 0 0.020375)
(0.012075 0 0.020375)
(0.01215 0 0.020375)
(0.012225 0 0.020375)
(0.0123 0 0.020375)
(0.012375 0 0.020375)
(0.01245 0 0.020375)
(0.012525 0 0.020375)
(0.0126 0 0.020375)
(0.012675 0 0.020375)
(0.01275 0 0.020375)
(0.012825 0 0.020375)
(0.0129 0 0.020375)
(0.012975 0 0.020375)
(0.01305 0 0.020375)
(0.013125 0 0.020375)
(0.0132 0 0.020375)
(0.013275 0 0.020375)
(0.01335 0 0.020375)
(0.013425 0 0.020375)
(0.0135 0 0.020375)
(0.013575 0 0.020375)
(0.01365 0 0.020375)
(0.013725 0 0.020375)
(0.0138 0 0.020375)
(0.013875 0 0.020375)
(0.01395 0 0.020375)
(0.014025 0 0.020375)
(0.0141 0 0.020375)
(0.014175 0 0.020375)
(0.01425 0 0.020375)
(0.014325 0 0.020375)
(0.0144 0 0.020375)
(0.014475 0 0.020375)
(0.01455 0 0.020375)
(0.014625 0 0.020375)
(0.0147 0 0.020375)
(0.014775 0 0.020375)
(0.01485 0 0.020375)
(0.014925 0 0.020375)
(0.015 0 0.020375)
(0 0.005 0.020375)
(7.499999999999999e-05 0.005 0.020375)
(0.00015 0.005 0.020375)
(0.000225 0.005 0.020375)
(0.0003 0.005 0.020375)
(0.0003750000000000001 0.005 0.020375)
(0.00045 0.005 0.020375)
(0.0005250000000000002 0.005 0.020375)
(0.0005999999999999999 0.005 0.020375)
(0.000675 0.005 0.020375)
(0.0007500000000000001 0.005 0.020375)
(0.0008250000000000001 0.005 0.020375)
(0.0009000000000000001 0.004999999999999999 0.020375)
(0.000975 0.005000000000000001 0.020375)
(0.00105 0.005 0.020375)
(0.001125 0.005 0.020375)
(0.0012 0.005 0.020375)
(0.001275 0.005 0.020375)
(0.00135 0.005 0.020375)
(0.001425 0.005 0.020375)
(0.0015 0.005 0.020375)
(0.001575 0.005 0.020375)
(0.00165 0.005 0.020375)
(0.001725 0.005 0.020375)
(0.0018 0.005 0.020375)
(0.001875 0.005 0.020375)
(0.00195 0.005 0.020375)
(0.002025 0.005 0.020375)
(0.002100000000000001 0.005 0.020375)
(0.002174999999999999 0.005 0.020375)
(0.00225 0.005 0.020375)
(0.002325 0.005 0.020375)
(0.0024 0.005 0.020375)
(0.002475 0.005 0.020375)
(0.00255 0.005 0.020375)
(0.002625 0.005 0.020375)
(0.0027 0.005 0.020375)
(0.002775 0.004999999999999999 0.020375)
(0.002850000000000001 0.005000000000000001 0.020375)
(0.002925 0.005 0.020375)
(0.003 0.005 0.020375)
(0.003075 0.005 0.020375)
(0.00315 0.005 0.020375)
(0.003225 0.005 0.020375)
(0.0033 0.005 0.020375)
(0.003375000000000001 0.005 0.020375)
(0.00345 0.005 0.020375)
(0.003525 0.005 0.020375)
(0.0036 0.005 0.020375)
(0.003675 0.005 0.020375)
(0.00375 0.005 0.020375)
(0.003825 0.005 0.020375)
(0.0039 0.005 0.020375)
(0.003975 0.005 0.020375)
(0.004050000000000001 0.005 0.020375)
(0.004125 0.005 0.020375)
(0.004200000000000001 0.005 0.020375)
(0.004275 0.005 0.020375)
(0.004349999999999999 0.005 0.020375)
(0.004425000000000001 0.005 0.020375)
(0.004500000000000001 0.005 0.020375)
(0.004575 0.005 0.020375)
(0.00465 0.004999999999999999 0.020375)
(0.004725 0.005000000000000001 0.020375)
(0.0048 0.005 0.020375)
(0.004875000000000001 0.005 0.020375)
(0.00495 0.005 0.020375)
(0.005025000000000001 0.005 0.020375)
(0.0051 0.005 0.020375)
(0.005175 0.005 0.020375)
(0.005249999999999999 0.005 0.020375)
(0.005325 0.005 0.020375)
(0.0054 0.005 0.020375)
(0.005475 0.005 0.020375)
(0.005549999999999999 0.005 0.020375)
(0.005625 0.005 0.020375)
(0.005700000000000001 0.005 0.020375)
(0.005775000000000001 0.005 0.020375)
(0.00585 0.005 0.020375)
(0.005925000000000001 0.005 0.020375)
(0.006000000000000001 0.005 0.020375)
(0.006075000000000001 0.005 0.020375)
(0.00615 0.005 0.020375)
(0.006225 0.005 0.020375)
(0.0063 0.005 0.020375)
(0.006375 0.005 0.02037499999999999)
(0.00645 0.005 0.020375)
(0.006525 0.005 0.020375)
(0.006600000000000001 0.005000000000000001 0.020375)
(0.006675 0.005 0.020375)
(0.006750000000000002 0.005 0.020375)
(0.006825 0.005 0.020375)
(0.006900000000000001 0.005 0.020375)
(0.006975000000000001 0.005 0.020375)
(0.00705 0.005 0.020375)
(0.007124999999999999 0.005 0.020375)
(0.007200000000000001 0.005 0.020375)
(0.007275 0.005 0.020375)
(0.00735 0.005 0.020375)
(0.007425000000000001 0.005 0.020375)
(0.0075 0.005 0.020375)
(0.007574999999999999 0.005 0.020375)
(0.007650000000000001 0.005 0.020375)
(0.007725 0.005 0.020375)
(0.0078 0.005 0.020375)
(0.007875000000000002 0.005 0.020375)
(0.00795 0.005 0.020375)
(0.008024999999999999 0.005 0.020375)
(0.008100000000000001 0.005 0.020375)
(0.008175000000000002 0.005 0.020375)
(0.00825 0.005 0.020375)
(0.008325000000000001 0.005 0.020375)
(0.008400000000000003 0.005 0.020375)
(0.008474999999999998 0.005 0.020375)
(0.00855 0.005 0.020375)
(0.008624999999999999 0.005 0.020375)
(0.008699999999999998 0.005 0.02037499999999999)
(0.008775 0.005 0.020375)
(0.008850000000000002 0.005 0.020375)
(0.008925000000000001 0.005 0.020375)
(0.008999999999999999 0.005 0.020375)
(0.009075000000000001 0.005 0.020375)
(0.00915 0.005 0.020375)
(0.009225000000000001 0.005 0.020375)
(0.009300000000000001 0.005 0.020375)
(0.009375 0.005 0.020375)
(0.00945 0.005 0.020375)
(0.009525 0.005 0.020375)
(0.009599999999999999 0.005 0.020375)
(0.009675 0.005 0.020375)
(0.009750000000000002 0.005 0.020375)
(0.009825 0.005 0.020375)
(0.009899999999999999 0.005 0.020375)
(0.009975000000000001 0.005 0.020375)
(0.01005 0.005 0.020375)
(0.010125 0.005 0.020375)
(0.0102 0.005 0.020375)
(0.010275 0.005 0.020375)
(0.01035 0.005 0.020375)
(0.010425 0.005 0.020375)
(0.0105 0.005 0.020375)
(0.010575 0.005 0.020375)
(0.01065 0.005 0.02037499999999999)
(0.010725 0.005 0.020375)
(0.0108 0.005 0.020375)
(0.010875 0.005 0.020375)
(0.01095 0.005 0.020375)
(0.011025 0.005 0.020375)
(0.0111 0.005 0.020375)
(0.011175 0.004999999999999999 0.020375)
(0.01125 0.005 0.020375)
(0.011325 0.005 0.020375)
(0.0114 0.005 0.020375)
(0.011475 0.005 0.020375)
(0.01155 0.005 0.020375)
(0.011625 0.005 0.020375)
(0.0117 0.005 0.020375)
(0.011775 0.005 0.020375)
(0.01185 0.005 0.020375)
(0.011925 0.005 0.020375)
(0.012 0.005 0.020375)
(0.012075 0.005 0.020375)
(0.01215 0.005 0.020375)
(0.012225 0.005 0.020375)
(0.0123 0.005 0.020375)
(0.012375 0.005 0.020375)
(0.01245 0.005 0.020375)
(0.012525 0.005 0.020375)
(0.0126 0.005 0.020375)
(0.012675 0.005 0.020375)
(0.01275 0.005 0.020375)
(0.012825 0.005 0.020375)
(0.0129 0.005 0.020375)
(0.012975 0.005 0.020375)
(0.01305 0.004999999999999999 0.020375)
(0.013125 0.005 0.020375)
(0.0132 0.005 0.020375)
(0.013275 0.005 0.020375)
(0.01335 0.005 0.020375)
(0.013425 0.005 0.020375)
(0.0135 0.005 0.020375)
(0.013575 0.005 0.020375)
(0.01365 0.005 0.020375)
(0.013725 0.005 0.020375)
(0.0138 0.005 0.020375)
(0.013875 0.005 0.020375)
(0.01395 0.005 0.020375)
(0.014025 0.005 0.020375)
(0.0141 0.005 0.020375)
(0.014175 0.005 0.020375)
(0.01425 0.005 0.020375)
(0.014325 0.005 0.020375)
(0.0144 0.005 0.020375)
(0.014475 0.005 0.020375)
(0.01455 0.005 0.02037499999999999)
(0.014625 0.005 0.020375)
(0.0147 0.005 0.020375)
(0.014775 0.005 0.020375)
(0.01485 0.005 0.020375)
(0.014925 0.004999999999999999 0.020375)
(0.015 0.005 0.020375)
(0 0 0.0204)
(7.499999999999999e-05 0 0.0204)
(0.00015 0 0.0204)
(0.000225 0 0.0204)
(0.0003 0 0.0204)
(0.0003750000000000001 0 0.0204)
(0.00045 0 0.0204)
(0.0005250000000000002 0 0.0204)
(0.0005999999999999999 0 0.0204)
(0.000675 0 0.0204)
(0.0007500000000000001 0 0.0204)
(0.0008250000000000001 0 0.0204)
(0.0009000000000000001 0 0.0204)
(0.000975 0 0.0204)
(0.00105 0 0.0204)
(0.001125 0 0.0204)
(0.0012 0 0.0204)
(0.001275 0 0.0204)
(0.00135 0 0.0204)
(0.001425 0 0.0204)
(0.0015 0 0.0204)
(0.001575 0 0.0204)
(0.00165 0 0.0204)
(0.001725 0 0.0204)
(0.0018 0 0.0204)
(0.001875 0 0.0204)
(0.00195 0 0.0204)
(0.002025 0 0.0204)
(0.002100000000000001 0 0.0204)
(0.002174999999999999 0 0.0204)
(0.00225 0 0.0204)
(0.002325 0 0.0204)
(0.0024 0 0.0204)
(0.002475 0 0.0204)
(0.00255 0 0.0204)
(0.002625 0 0.0204)
(0.0027 0 0.0204)
(0.002775 0 0.0204)
(0.002850000000000001 0 0.0204)
(0.002925 0 0.0204)
(0.003 0 0.0204)
(0.003075 0 0.0204)
(0.00315 0 0.0204)
(0.003225 0 0.0204)
(0.003300000000000001 0 0.0204)
(0.003375 0 0.0204)
(0.00345 0 0.0204)
(0.003525 0 0.0204)
(0.0036 0 0.0204)
(0.003675 0 0.0204)
(0.00375 0 0.0204)
(0.003825000000000001 0 0.0204)
(0.0039 0 0.0204)
(0.003975000000000001 0 0.0204)
(0.004050000000000001 0 0.0204)
(0.004125000000000001 0 0.0204)
(0.004200000000000001 0 0.0204)
(0.004274999999999999 0 0.0204)
(0.004349999999999999 0 0.0204)
(0.004424999999999999 0 0.0204)
(0.0045 0 0.0204)
(0.004575 0 0.0204)
(0.00465 0 0.0204)
(0.004725 0 0.0204)
(0.0048 0 0.0204)
(0.004875 0 0.0204)
(0.00495 0 0.0204)
(0.005025 0 0.0204)
(0.0051 0 0.0204)
(0.005175 0 0.0204)
(0.005249999999999999 0 0.0204)
(0.005325 0 0.0204)
(0.0054 0 0.0204)
(0.005474999999999999 0 0.0204)
(0.005549999999999999 0 0.0204)
(0.005625 0 0.0204)
(0.005700000000000001 0 0.0204)
(0.005775000000000001 0 0.0204)
(0.00585 0 0.0204)
(0.005925000000000001 0 0.0204)
(0.006000000000000001 0 0.0204)
(0.006075000000000001 0 0.0204)
(0.00615 0 0.0204)
(0.006225 0 0.0204)
(0.0063 0 0.0204)
(0.006375 0 0.0204)
(0.00645 0 0.0204)
(0.006525 0 0.0204)
(0.006600000000000001 0 0.0204)
(0.006675 0 0.0204)
(0.006750000000000002 0 0.0204)
(0.006825 0 0.0204)
(0.006900000000000001 0 0.0204)
(0.006975000000000001 0 0.0204)
(0.00705 0 0.0204)
(0.007124999999999999 0 0.0204)
(0.007200000000000001 0 0.0204)
(0.007275 0 0.0204)
(0.00735 0 0.0204)
(0.007425000000000001 0 0.0204)
(0.0075 0 0.0204)
(0.007574999999999999 0 0.0204)
(0.007650000000000001 0 0.0204)
(0.007725 0 0.0204)
(0.0078 0 0.0204)
(0.007875000000000002 0 0.0204)
(0.00795 0 0.0204)
(0.008024999999999999 0 0.0204)
(0.008100000000000001 0 0.0204)
(0.008175000000000002 0 0.0204)
(0.008250000000000002 0 0.0204)
(0.008325000000000001 0 0.0204)
(0.008400000000000003 0 0.0204)
(0.008474999999999998 0 0.0204)
(0.008549999999999999 0 0.0204)
(0.008624999999999999 0 0.0204)
(0.008699999999999998 0 0.0204)
(0.008775 0 0.0204)
(0.008849999999999998 0 0.0204)
(0.008925000000000001 0 0.0204)
(0.008999999999999999 0 0.0204)
(0.009075000000000001 0 0.0204)
(0.00915 0 0.0204)
(0.009225000000000001 0 0.0204)
(0.009300000000000001 0 0.0204)
(0.009375 0 0.0204)
(0.00945 0 0.0204)
(0.009525 0 0.0204)
(0.009599999999999999 0 0.0204)
(0.009675 0 0.0204)
(0.00975 0 0.0204)
(0.009824999999999999 0 0.0204)
(0.009899999999999999 0 0.0204)
(0.009975000000000001 0 0.0204)
(0.01005 0 0.0204)
(0.010125 0 0.0204)
(0.0102 0 0.0204)
(0.010275 0 0.0204)
(0.01035 0 0.0204)
(0.010425 0 0.0204)
(0.0105 0 0.0204)
(0.010575 0 0.0204)
(0.01065 0 0.0204)
(0.010725 0 0.0204)
(0.0108 0 0.0204)
(0.010875 0 0.0204)
(0.01095 0 0.0204)
(0.011025 0 0.0204)
(0.0111 0 0.0204)
(0.011175 0 0.0204)
(0.01125 0 0.0204)
(0.011325 0 0.0204)
(0.0114 0 0.0204)
(0.011475 0 0.0204)
(0.01155 0 0.0204)
(0.011625 0 0.0204)
(0.0117 0 0.0204)
(0.011775 0 0.0204)
(0.01185 0 0.0204)
(0.011925 0 0.0204)
(0.012 0 0.0204)
(0.012075 0 0.0204)
(0.01215 0 0.0204)
(0.012225 0 0.0204)
(0.0123 0 0.0204)
(0.012375 0 0.0204)
(0.01245 0 0.0204)
(0.012525 0 0.0204)
(0.0126 0 0.0204)
(0.012675 0 0.0204)
(0.01275 0 0.0204)
(0.012825 0 0.0204)
(0.0129 0 0.0204)
(0.012975 0 0.0204)
(0.01305 0 0.0204)
(0.013125 0 0.0204)
(0.0132 0 0.0204)
(0.013275 0 0.0204)
(0.01335 0 0.0204)
(0.013425 0 0.0204)
(0.0135 0 0.0204)
(0.013575 0 0.0204)
(0.01365 0 0.0204)
(0.013725 0 0.0204)
(0.0138 0 0.0204)
(0.013875 0 0.0204)
(0.01395 0 0.0204)
(0.014025 0 0.0204)
(0.0141 0 0.0204)
(0.014175 0 0.0204)
(0.01425 0 0.0204)
(0.014325 0 0.0204)
(0.0144 0 0.0204)
(0.014475 0 0.0204)
(0.01455 0 0.0204)
(0.014625 0 0.0204)
(0.0147 0 0.0204)
(0.014775 0 0.0204)
(0.01485 0 0.0204)
(0.014925 0 0.0204)
(0.015 0 0.0204)
(0 0.005 0.0204)
(7.499999999999999e-05 0.005 0.0204)
(0.00015 0.005 0.0204)
(0.000225 0.005 0.0204)
(0.0003 0.005 0.0204)
(0.0003750000000000001 0.005 0.0204)
(0.00045 0.005 0.0204)
(0.0005250000000000002 0.005 0.0204)
(0.0005999999999999999 0.005 0.0204)
(0.000675 0.005 0.0204)
(0.0007500000000000001 0.005 0.0204)
(0.0008250000000000001 0.005 0.0204)
(0.0009000000000000001 0.005 0.0204)
(0.000975 0.005 0.0204)
(0.00105 0.005 0.0204)
(0.001125 0.005 0.0204)
(0.0012 0.005 0.0204)
(0.001275 0.005 0.0204)
(0.00135 0.005 0.0204)
(0.001425 0.005 0.0204)
(0.0015 0.005 0.0204)
(0.001575 0.005 0.0204)
(0.00165 0.005 0.0204)
(0.001725 0.005 0.0204)
(0.0018 0.005 0.0204)
(0.001875 0.005 0.0204)
(0.00195 0.005 0.0204)
(0.002025 0.005 0.0204)
(0.002100000000000001 0.005 0.0204)
(0.002174999999999999 0.005 0.0204)
(0.00225 0.005 0.0204)
(0.002325 0.005 0.0204)
(0.0024 0.005 0.0204)
(0.002475 0.005 0.0204)
(0.00255 0.005 0.0204)
(0.002625 0.005 0.0204)
(0.0027 0.005 0.0204)
(0.002775 0.005 0.0204)
(0.002850000000000001 0.005 0.0204)
(0.002925 0.005 0.0204)
(0.003 0.005 0.0204)
(0.003075 0.005 0.0204)
(0.00315 0.005 0.0204)
(0.003225 0.005 0.0204)
(0.003300000000000001 0.005 0.0204)
(0.003375 0.005 0.0204)
(0.00345 0.005 0.0204)
(0.003525 0.005 0.0204)
(0.0036 0.005 0.0204)
(0.003675 0.005 0.0204)
(0.00375 0.005 0.0204)
(0.003825000000000001 0.005 0.0204)
(0.0039 0.005 0.0204)
(0.003975000000000001 0.005 0.0204)
(0.004050000000000001 0.005 0.0204)
(0.004125000000000001 0.005 0.0204)
(0.004200000000000001 0.005 0.0204)
(0.004274999999999999 0.005 0.0204)
(0.004349999999999999 0.005 0.0204)
(0.004424999999999999 0.005 0.0204)
(0.0045 0.005 0.0204)
(0.004575 0.005 0.0204)
(0.00465 0.005 0.0204)
(0.004725 0.005 0.0204)
(0.0048 0.005 0.0204)
(0.004875 0.005 0.0204)
(0.00495 0.005 0.0204)
(0.005025 0.005 0.0204)
(0.0051 0.005 0.0204)
(0.005175 0.005 0.0204)
(0.005249999999999999 0.005 0.0204)
(0.005325 0.005 0.0204)
(0.0054 0.005 0.0204)
(0.005474999999999999 0.005 0.0204)
(0.005549999999999999 0.005 0.0204)
(0.005625 0.005 0.0204)
(0.005700000000000001 0.005 0.0204)
(0.005775000000000001 0.005 0.0204)
(0.00585 0.005 0.0204)
(0.005925000000000001 0.005 0.0204)
(0.006000000000000001 0.005 0.0204)
(0.006075000000000001 0.005 0.0204)
(0.00615 0.005 0.0204)
(0.006225 0.005 0.0204)
(0.0063 0.005000000000000001 0.0204)
(0.006375 0.005 0.0204)
(0.00645 0.005 0.0204)
(0.006525 0.005 0.0204)
(0.006600000000000001 0.005000000000000001 0.0204)
(0.006675 0.005 0.0204)
(0.006750000000000002 0.005 0.0204)
(0.006825 0.005 0.0204)
(0.006900000000000001 0.005000000000000001 0.0204)
(0.006975000000000001 0.005 0.0204)
(0.00705 0.005 0.0204)
(0.007124999999999999 0.005 0.0204)
(0.007200000000000001 0.005 0.0204)
(0.007275 0.005 0.0204)
(0.00735 0.004999999999999998 0.0204)
(0.007425000000000001 0.005 0.0204)
(0.0075 0.005 0.0204)
(0.007574999999999999 0.005 0.0204)
(0.007650000000000001 0.005 0.0204)
(0.007725 0.005 0.0204)
(0.0078 0.005 0.0204)
(0.007875000000000002 0.005 0.0204)
(0.00795 0.004999999999999998 0.0204)
(0.008024999999999999 0.005 0.0204)
(0.008100000000000001 0.005 0.0204)
(0.008175000000000002 0.005 0.0204)
(0.008250000000000002 0.005 0.0204)
(0.008325000000000001 0.005 0.0204)
(0.008400000000000003 0.005 0.0204)
(0.008474999999999998 0.005 0.0204)
(0.008549999999999999 0.005 0.0204)
(0.008624999999999999 0.005 0.0204)
(0.008699999999999998 0.005 0.0204)
(0.008775 0.005 0.0204)
(0.008849999999999998 0.005 0.0204)
(0.008925000000000001 0.005 0.0204)
(0.008999999999999999 0.005 0.0204)
(0.009075000000000001 0.005 0.0204)
(0.00915 0.005 0.0204)
(0.009225000000000001 0.005 0.0204)
(0.009300000000000001 0.005 0.0204)
(0.009375 0.005 0.0204)
(0.00945 0.005 0.0204)
(0.009525 0.005 0.0204)
(0.009599999999999999 0.005 0.0204)
(0.009675 0.005 0.0204)
(0.00975 0.005 0.0204)
(0.009824999999999999 0.005 0.0204)
(0.009899999999999999 0.005 0.0204)
(0.009975000000000001 0.005 0.0204)
(0.01005 0.005 0.0204)
(0.010125 0.005 0.0204)
(0.0102 0.005 0.0204)
(0.010275 0.005 0.0204)
(0.01035 0.004999999999999999 0.0204)
(0.010425 0.005 0.0204)
(0.0105 0.005 0.0204)
(0.010575 0.004999999999999999 0.0204)
(0.01065 0.005 0.0204)
(0.010725 0.005 0.0204)
(0.0108 0.005 0.0204)
(0.010875 0.004999999999999999 0.0204)
(0.01095 0.004999999999999999 0.0204)
(0.011025 0.005 0.0204)
(0.0111 0.005 0.0204)
(0.011175 0.004999999999999999 0.0204)
(0.01125 0.005 0.0204)
(0.011325 0.005 0.0204)
(0.0114 0.005 0.0204)
(0.011475 0.005 0.0204)
(0.01155 0.005 0.0204)
(0.011625 0.005000000000000001 0.0204)
(0.0117 0.005 0.0204)
(0.011775 0.005 0.0204)
(0.01185 0.005 0.0204)
(0.011925 0.005 0.0204)
(0.012 0.005 0.0204)
(0.012075 0.005 0.0204)
(0.01215 0.005 0.0204)
(0.012225 0.005 0.0204)
(0.0123 0.005 0.0204)
(0.012375 0.005 0.0204)
(0.01245 0.005 0.0204)
(0.012525 0.005 0.0204)
(0.0126 0.005 0.0204)
(0.012675 0.005 0.0204)
(0.01275 0.005 0.0204)
(0.012825 0.005 0.0204)
(0.0129 0.005 0.0204)
(0.012975 0.005 0.0204)
(0.01305 0.005 0.0204)
(0.013125 0.005 0.0204)
(0.0132 0.005 0.0204)
(0.013275 0.005 0.0204)
(0.01335 0.005 0.0204)
(0.013425 0.005 0.0204)
(0.0135 0.005 0.0204)
(0.013575 0.005 0.0204)
(0.01365 0.005 0.0204)
(0.013725 0.005 0.0204)
(0.0138 0.005 0.0204)
(0.013875 0.005 0.0204)
(0.01395 0.005 0.0204)
(0.014025 0.005 0.0204)
(0.0141 0.005 0.0204)
(0.014175 0.005 0.0204)
(0.01425 0.005 0.0204)
(0.014325 0.004999999999999999 0.0204)
(0.0144 0.005 0.0204)
(0.014475 0.005 0.0204)
(0.01455 0.005 0.0204)
(0.014625 0.004999999999999999 0.0204)
(0.0147 0.005 0.0204)
(0.014775 0.005 0.0204)
(0.01485 0.005 0.0204)
(0.014925 0.004999999999999999 0.0204)
(0.015 0.005 0.0204)
(0 0 0.020425)
(7.499999999999999e-05 0 0.020425)
(0.00015 0 0.020425)
(0.000225 0 0.020425)
(0.0003 0 0.020425)
(0.0003750000000000001 0 0.020425)
(0.00045 0 0.020425)
(0.0005250000000000002 0 0.020425)
(0.0005999999999999999 0 0.020425)
(0.000675 0 0.020425)
(0.0007500000000000001 0 0.020425)
(0.0008250000000000001 0 0.020425)
(0.0009000000000000001 0 0.020425)
(0.000975 0 0.020425)
(0.00105 0 0.020425)
(0.001125 0 0.020425)
(0.0012 0 0.020425)
(0.001275 0 0.020425)
(0.00135 0 0.020425)
(0.001425 0 0.020425)
(0.0015 0 0.020425)
(0.001575 0 0.020425)
(0.00165 0 0.020425)
(0.001725 0 0.020425)
(0.0018 0 0.020425)
(0.001875 0 0.020425)
(0.00195 0 0.020425)
(0.002025 0 0.020425)
(0.002100000000000001 0 0.020425)
(0.002174999999999999 0 0.020425)
(0.00225 0 0.020425)
(0.002325 0 0.020425)
(0.0024 0 0.020425)
(0.002475 0 0.020425)
(0.00255 0 0.020425)
(0.002625 0 0.020425)
(0.0027 0 0.020425)
(0.002775 0 0.020425)
(0.002850000000000001 0 0.020425)
(0.002925 0 0.020425)
(0.003 0 0.020425)
(0.003075 0 0.020425)
(0.00315 0 0.020425)
(0.003225 0 0.020425)
(0.0033 0 0.020425)
(0.003375000000000001 0 0.020425)
(0.00345 0 0.020425)
(0.003525 0 0.020425)
(0.0036 0 0.020425)
(0.003675 0 0.020425)
(0.00375 0 0.020425)
(0.003825 0 0.020425)
(0.0039 0 0.020425)
(0.003975 0 0.020425)
(0.004050000000000001 0 0.020425)
(0.004125 0 0.020425)
(0.004200000000000001 0 0.020425)
(0.004275 0 0.020425)
(0.00435 0 0.020425)
(0.004425000000000001 0 0.020425)
(0.0045 0 0.020425)
(0.004575 0 0.020425)
(0.00465 0 0.020425)
(0.004725 0 0.02042500000000001)
(0.0048 0 0.020425)
(0.004875000000000001 0 0.020425)
(0.00495 0 0.020425)
(0.005025000000000001 0 0.020425)
(0.0051 0 0.020425)
(0.005175 0 0.020425)
(0.005249999999999999 0 0.020425)
(0.005325 0 0.020425)
(0.0054 0 0.020425)
(0.005475 0 0.020425)
(0.005549999999999999 0 0.020425)
(0.005625 0 0.020425)
(0.005700000000000001 0 0.020425)
(0.005775000000000001 0 0.020425)
(0.00585 0 0.020425)
(0.005925000000000001 0 0.020425)
(0.006000000000000001 0 0.020425)
(0.006075000000000001 0 0.020425)
(0.00615 0 0.020425)
(0.006225 0 0.020425)
(0.0063 0 0.020425)
(0.006375 0 0.020425)
(0.00645 0 0.020425)
(0.006525 0 0.020425)
(0.006600000000000001 0 0.02042500000000001)
(0.006675 0 0.020425)
(0.006750000000000002 0 0.020425)
(0.006825 0 0.020425)
(0.006900000000000001 0 0.020425)
(0.006975000000000001 0 0.020425)
(0.00705 0 0.020425)
(0.007124999999999999 0 0.020425)
(0.007200000000000001 0 0.020425)
(0.007275 0 0.020425)
(0.00735 0 0.020425)
(0.007425000000000001 0 0.020425)
(0.0075 0 0.020425)
(0.007574999999999999 0 0.020425)
(0.007650000000000001 0 0.020425)
(0.007725 0 0.020425)
(0.0078 0 0.020425)
(0.007875000000000002 0 0.020425)
(0.00795 0 0.020425)
(0.008024999999999999 0 0.020425)
(0.008100000000000001 0 0.020425)
(0.008175000000000002 0 0.020425)
(0.00825 0 0.020425)
(0.008325000000000001 0 0.020425)
(0.008400000000000003 0 0.020425)
(0.008474999999999998 0 0.020425)
(0.00855 0 0.020425)
(0.008624999999999999 0 0.020425)
(0.008699999999999998 0 0.020425)
(0.008775 0 0.020425)
(0.008849999999999998 0 0.020425)
(0.008925000000000001 0 0.020425)
(0.009000000000000001 0 0.020425)
(0.009075000000000001 0 0.020425)
(0.00915 0 0.020425)
(0.009225000000000001 0 0.020425)
(0.009300000000000001 0 0.020425)
(0.009375 0 0.020425)
(0.00945 0 0.020425)
(0.009525000000000002 0 0.020425)
(0.009599999999999999 0 0.020425)
(0.009675 0 0.020425)
(0.009750000000000002 0 0.020425)
(0.009825 0 0.020425)
(0.009900000000000001 0 0.020425)
(0.009975000000000001 0 0.020425)
(0.01005 0 0.020425)
(0.010125 0 0.020425)
(0.0102 0 0.020425)
(0.010275 0 0.020425)
(0.01035 0 0.020425)
(0.010425 0 0.020425)
(0.0105 0 0.020425)
(0.010575 0 0.020425)
(0.01065 0 0.020425)
(0.010725 0 0.020425)
(0.0108 0 0.020425)
(0.010875 0 0.020425)
(0.01095 0 0.020425)
(0.011025 0 0.020425)
(0.0111 0 0.020425)
(0.011175 0 0.020425)
(0.01125 0 0.020425)
(0.011325 0 0.020425)
(0.0114 0 0.020425)
(0.011475 0 0.020425)
(0.01155 0 0.020425)
(0.011625 0 0.020425)
(0.0117 0 0.020425)
(0.011775 0 0.020425)
(0.01185 0 0.020425)
(0.011925 0 0.020425)
(0.012 0 0.020425)
(0.012075 0 0.020425)
(0.01215 0 0.020425)
(0.012225 0 0.020425)
(0.0123 0 0.020425)
(0.012375 0 0.020425)
(0.01245 0 0.020425)
(0.012525 0 0.020425)
(0.0126 0 0.020425)
(0.012675 0 0.020425)
(0.01275 0 0.020425)
(0.012825 0 0.020425)
(0.0129 0 0.020425)
(0.012975 0 0.020425)
(0.01305 0 0.020425)
(0.013125 0 0.020425)
(0.0132 0 0.020425)
(0.013275 0 0.020425)
(0.01335 0 0.020425)
(0.013425 0 0.020425)
(0.0135 0 0.020425)
(0.013575 0 0.020425)
(0.01365 0 0.020425)
(0.013725 0 0.020425)
(0.0138 0 0.020425)
(0.013875 0 0.020425)
(0.01395 0 0.020425)
(0.014025 0 0.020425)
(0.0141 0 0.020425)
(0.014175 0 0.020425)
(0.01425 0 0.020425)
(0.014325 0 0.020425)
(0.0144 0 0.020425)
(0.014475 0 0.020425)
(0.01455 0 0.020425)
(0.014625 0 0.020425)
(0.0147 0 0.020425)
(0.014775 0 0.020425)
(0.01485 0 0.020425)
(0.014925 0 0.020425)
(0.015 0 0.020425)
(0 0.005 0.020425)
(7.499999999999999e-05 0.005 0.020425)
(0.00015 0.005 0.020425)
(0.000225 0.005 0.020425)
(0.0003 0.004999999999999999 0.020425)
(0.0003750000000000001 0.005 0.020425)
(0.00045 0.005 0.020425)
(0.0005250000000000002 0.004999999999999999 0.020425)
(0.0005999999999999999 0.005 0.020425)
(0.000675 0.005 0.020425)
(0.0007500000000000001 0.005 0.020425)
(0.0008250000000000001 0.005 0.020425)
(0.0009000000000000001 0.004999999999999999 0.020425)
(0.000975 0.005 0.020425)
(0.00105 0.005 0.020425)
(0.001125 0.005 0.020425)
(0.0012 0.005 0.020425)
(0.001275 0.005 0.020425)
(0.00135 0.005 0.020425)
(0.001425 0.005 0.020425)
(0.0015 0.005 0.020425)
(0.001575 0.005 0.020425)
(0.00165 0.005 0.020425)
(0.001725 0.005 0.020425)
(0.0018 0.005 0.020425)
(0.001875 0.005 0.020425)
(0.00195 0.005 0.020425)
(0.002025 0.005 0.020425)
(0.002100000000000001 0.005 0.020425)
(0.002174999999999999 0.005 0.020425)
(0.00225 0.005 0.020425)
(0.002325 0.005 0.020425)
(0.0024 0.005 0.020425)
(0.002475 0.005 0.020425)
(0.00255 0.005 0.020425)
(0.002625 0.005 0.020425)
(0.0027 0.005 0.020425)
(0.002775 0.004999999999999999 0.020425)
(0.002850000000000001 0.005 0.020425)
(0.002925 0.005 0.020425)
(0.003 0.005 0.020425)
(0.003075 0.005 0.020425)
(0.00315 0.005 0.020425)
(0.003225 0.005 0.020425)
(0.0033 0.005 0.020425)
(0.003375000000000001 0.004999999999999999 0.020425)
(0.00345 0.005 0.020425)
(0.003525 0.005 0.020425)
(0.0036 0.005 0.020425)
(0.003675 0.005 0.020425)
(0.00375 0.005 0.020425)
(0.003825 0.005 0.020425)
(0.0039 0.005 0.020425)
(0.003975 0.005 0.020425)
(0.004050000000000001 0.005 0.020425)
(0.004125 0.005 0.020425)
(0.004200000000000001 0.005 0.020425)
(0.004275 0.005 0.020425)
(0.00435 0.005 0.020425)
(0.004425000000000001 0.005 0.020425)
(0.0045 0.005 0.020425)
(0.004575 0.005 0.020425)
(0.00465 0.005 0.020425)
(0.004725 0.005 0.02042500000000001)
(0.0048 0.005 0.020425)
(0.004875000000000001 0.005 0.020425)
(0.00495 0.005 0.020425)
(0.005025000000000001 0.005 0.020425)
(0.0051 0.005 0.020425)
(0.005175 0.005 0.020425)
(0.005249999999999999 0.004999999999999999 0.020425)
(0.005325 0.005 0.020425)
(0.0054 0.005 0.020425)
(0.005475 0.005 0.020425)
(0.005549999999999999 0.005 0.020425)
(0.005625 0.005 0.020425)
(0.005700000000000001 0.005 0.020425)
(0.005775000000000001 0.005 0.020425)
(0.00585 0.005 0.020425)
(0.005925000000000001 0.005 0.020425)
(0.006000000000000001 0.005 0.020425)
(0.006075000000000001 0.005 0.020425)
(0.00615 0.005 0.020425)
(0.006225 0.004999999999999999 0.020425)
(0.0063 0.005 0.020425)
(0.006375 0.005 0.020425)
(0.00645 0.005 0.020425)
(0.006525 0.005 0.020425)
(0.006600000000000001 0.005 0.02042500000000001)
(0.006675 0.005 0.020425)
(0.006750000000000002 0.005 0.020425)
(0.006825 0.004999999999999999 0.020425)
(0.006900000000000001 0.005 0.020425)
(0.006975000000000001 0.005 0.020425)
(0.00705 0.005 0.020425)
(0.007124999999999999 0.005 0.020425)
(0.007200000000000001 0.005 0.020425)
(0.007275 0.005 0.020425)
(0.00735 0.005 0.020425)
(0.007425000000000001 0.004999999999999999 0.020425)
(0.0075 0.005 0.020425)
(0.007574999999999999 0.005 0.020425)
(0.007650000000000001 0.005 0.020425)
(0.007725 0.005 0.020425)
(0.0078 0.005 0.020425)
(0.007875000000000002 0.005 0.020425)
(0.00795 0.005 0.020425)
(0.008024999999999999 0.005 0.020425)
(0.008100000000000001 0.005 0.020425)
(0.008175000000000002 0.005 0.020425)
(0.00825 0.005 0.020425)
(0.008325000000000001 0.005 0.020425)
(0.008400000000000003 0.005 0.020425)
(0.008474999999999998 0.005 0.020425)
(0.00855 0.005 0.020425)
(0.008624999999999999 0.005 0.020425)
(0.008699999999999998 0.004999999999999999 0.020425)
(0.008775 0.005 0.020425)
(0.008849999999999998 0.005 0.020425)
(0.008925000000000001 0.005 0.020425)
(0.009000000000000001 0.005 0.020425)
(0.009075000000000001 0.005 0.020425)
(0.00915 0.005 0.020425)
(0.009225000000000001 0.005 0.020425)
(0.009300000000000001 0.005 0.020425)
(0.009375 0.005 0.020425)
(0.00945 0.005 0.020425)
(0.009525000000000002 0.005 0.020425)
(0.009599999999999999 0.005 0.020425)
(0.009675 0.005 0.020425)
(0.009750000000000002 0.005 0.020425)
(0.009825 0.005 0.020425)
(0.009900000000000001 0.004999999999999999 0.020425)
(0.009975000000000001 0.005 0.020425)
(0.01005 0.005 0.020425)
(0.010125 0.005 0.020425)
(0.0102 0.005 0.020425)
(0.010275 0.005 0.020425)
(0.01035 0.005 0.020425)
(0.010425 0.005 0.020425)
(0.0105 0.005 0.020425)
(0.010575 0.005 0.020425)
(0.01065 0.005 0.020425)
(0.010725 0.005 0.020425)
(0.0108 0.005 0.020425)
(0.010875 0.005 0.020425)
(0.01095 0.004999999999999999 0.020425)
(0.011025 0.005000000000000001 0.020425)
(0.0111 0.005 0.020425)
(0.011175 0.005 0.020425)
(0.01125 0.005 0.020425)
(0.011325 0.005 0.020425)
(0.0114 0.005000000000000001 0.020425)
(0.011475 0.005 0.020425)
(0.01155 0.005 0.020425)
(0.011625 0.005 0.020425)
(0.0117 0.005 0.020425)
(0.011775 0.005 0.020425)
(0.01185 0.005 0.020425)
(0.011925 0.005 0.020425)
(0.012 0.005 0.020425)
(0.012075 0.005 0.020425)
(0.01215 0.004999999999999999 0.020425)
(0.012225 0.005 0.020425)
(0.0123 0.005 0.020425)
(0.012375 0.005 0.020425)
(0.01245 0.005 0.020425)
(0.012525 0.005 0.020425)
(0.0126 0.005 0.020425)
(0.012675 0.005 0.020425)
(0.01275 0.004999999999999999 0.020425)
(0.012825 0.005 0.020425)
(0.0129 0.005 0.020425)
(0.012975 0.005 0.020425)
(0.01305 0.005 0.020425)
(0.013125 0.005000000000000001 0.020425)
(0.0132 0.005 0.020425)
(0.013275 0.005 0.020425)
(0.01335 0.004999999999999999 0.020425)
(0.013425 0.005 0.020425)
(0.0135 0.005 0.020425)
(0.013575 0.005 0.020425)
(0.01365 0.005 0.020425)
(0.013725 0.005 0.020425)
(0.0138 0.005 0.020425)
(0.013875 0.005 0.020425)
(0.01395 0.004999999999999999 0.020425)
(0.014025 0.005 0.020425)
(0.0141 0.005 0.020425)
(0.014175 0.005 0.020425)
(0.01425 0.005 0.020425)
(0.014325 0.005 0.020425)
(0.0144 0.005 0.020425)
(0.014475 0.005 0.020425)
(0.01455 0.005 0.020425)
(0.014625 0.004999999999999999 0.020425)
(0.0147 0.005 0.020425)
(0.014775 0.005 0.020425)
(0.01485 0.005 0.020425)
(0.014925 0.005 0.020425)
(0.015 0.005 0.020425)
(0 0 0.02045)
(7.500000000000001e-05 0 0.02045)
(0.00015 0 0.02045)
(0.000225 0 0.02045)
(0.0003 0 0.02045)
(0.0003750000000000001 0 0.02045)
(0.00045 0 0.02045)
(0.0005250000000000002 0 0.02045)
(0.0005999999999999999 0 0.02045)
(0.000675 0 0.02045)
(0.0007500000000000001 0 0.02045)
(0.0008250000000000002 0 0.02045)
(0.0009000000000000001 0 0.02045)
(0.000975 0 0.02045)
(0.00105 0 0.02045)
(0.001125 0 0.02045)
(0.0012 0 0.02045)
(0.001275 0 0.02045)
(0.00135 0 0.02045)
(0.001425 0 0.02045)
(0.0015 0 0.02045)
(0.001575 0 0.02045)
(0.00165 0 0.02045)
(0.001725 0 0.02045)
(0.0018 0 0.02045)
(0.001875 0 0.02045)
(0.00195 0 0.02045)
(0.002025 0 0.02045)
(0.002100000000000001 0 0.02045)
(0.002174999999999999 0 0.02045)
(0.00225 0 0.02045)
(0.002325 0 0.02045)
(0.0024 0 0.02045)
(0.002475 0 0.02045)
(0.00255 0 0.02045)
(0.002625 0 0.02045)
(0.0027 0 0.02045)
(0.002775 0 0.02045)
(0.002850000000000001 0 0.02045)
(0.002925000000000001 0 0.02045)
(0.003 0 0.02045)
(0.003075 0 0.02045)
(0.00315 0 0.02045)
(0.003225 0 0.02045)
(0.0033 0 0.02045)
(0.003375000000000001 0 0.02045)
(0.00345 0 0.02045)
(0.003525 0 0.02045)
(0.0036 0 0.02045)
(0.003675 0 0.02045)
(0.00375 0 0.02045)
(0.003825 0 0.02045)
(0.0039 0 0.02045)
(0.003975 0 0.02045)
(0.004050000000000001 0 0.02045)
(0.004125 0 0.02045)
(0.004200000000000001 0 0.02045)
(0.004275 0 0.02045)
(0.004349999999999999 0 0.02045)
(0.004425000000000001 0 0.02045)
(0.0045 0 0.02045)
(0.004575 0 0.02045)
(0.00465 0 0.02045)
(0.004725 0 0.02045)
(0.0048 0 0.02045)
(0.004875000000000001 0 0.02045)
(0.00495 0 0.02045)
(0.005025000000000001 0 0.02045)
(0.0051 0 0.02045)
(0.005175 0 0.02045)
(0.005249999999999999 0 0.02045)
(0.005325 0 0.02045)
(0.0054 0 0.02045)
(0.005475 0 0.02045)
(0.005549999999999999 0 0.02045)
(0.005625 0 0.02045)
(0.005700000000000001 0 0.02045)
(0.005775000000000001 0 0.02045)
(0.005850000000000001 0 0.02045)
(0.005925000000000001 0 0.02045)
(0.006000000000000001 0 0.02045)
(0.006075000000000001 0 0.02045)
(0.00615 0 0.02045)
(0.006225 0 0.02045)
(0.006299999999999999 0 0.02045)
(0.006375 0 0.02045)
(0.00645 0 0.02045)
(0.006525 0 0.02045)
(0.006600000000000001 0 0.02045)
(0.006675 0 0.02045)
(0.006750000000000002 0 0.02045)
(0.006825000000000001 0 0.02045)
(0.0069 0 0.02045)
(0.006975000000000001 0 0.02045)
(0.00705 0 0.02045)
(0.007124999999999999 0 0.02045)
(0.007200000000000001 0 0.02045)
(0.007275 0 0.02045)
(0.00735 0 0.02045)
(0.007425000000000001 0 0.02045)
(0.0075 0 0.02045)
(0.007574999999999999 0 0.02045)
(0.007650000000000001 0 0.02045)
(0.007725 0 0.02045)
(0.0078 0 0.02045)
(0.007875000000000002 0 0.02045)
(0.00795 0 0.02045)
(0.008024999999999999 0 0.02045)
(0.008100000000000001 0 0.02045)
(0.008175000000000002 0 0.02045)
(0.00825 0 0.02045)
(0.008325000000000001 0 0.02045)
(0.008400000000000003 0 0.02045)
(0.008474999999999998 0 0.02045)
(0.00855 0 0.02045)
(0.008624999999999999 0 0.02045)
(0.008699999999999999 0 0.02045)
(0.008775 0 0.02045)
(0.008850000000000002 0 0.02045)
(0.008925000000000001 0 0.02045)
(0.009000000000000001 0 0.02045)
(0.009075000000000001 0 0.02045)
(0.00915 0 0.02045)
(0.009225000000000001 0 0.02045)
(0.009300000000000001 0 0.02045)
(0.009375 0 0.02045)
(0.00945 0 0.02045)
(0.009525 0 0.02045)
(0.009599999999999999 0 0.02045)
(0.009675 0 0.02045)
(0.009750000000000002 0 0.02045)
(0.009825 0 0.02045)
(0.009899999999999999 0 0.02045)
(0.009975000000000001 0 0.02045)
(0.01005 0 0.02045)
(0.010125 0 0.02045)
(0.0102 0 0.02045)
(0.010275 0 0.02045)
(0.01035 0 0.02045)
(0.010425 0 0.02045)
(0.0105 0 0.02045)
(0.010575 0 0.02045)
(0.01065 0 0.02045)
(0.010725 0 0.02045)
(0.0108 0 0.02045)
(0.010875 0 0.02045)
(0.01095 0 0.02045)
(0.011025 0 0.02045)
(0.0111 0 0.02045)
(0.011175 0 0.02045)
(0.01125 0 0.02045)
(0.011325 0 0.02045)
(0.0114 0 0.02045)
(0.011475 0 0.02045)
(0.01155 0 0.02045)
(0.011625 0 0.02045)
(0.0117 0 0.02045)
(0.011775 0 0.02045)
(0.01185 0 0.02045)
(0.011925 0 0.02045)
(0.012 0 0.02045)
(0.012075 0 0.02045)
(0.01215 0 0.02045)
(0.012225 0 0.02045)
(0.0123 0 0.02045)
(0.012375 0 0.02045)
(0.01245 0 0.02045)
(0.012525 0 0.02045)
(0.0126 0 0.02045)
(0.012675 0 0.02045)
(0.01275 0 0.02045)
(0.012825 0 0.02045)
(0.0129 0 0.02045)
(0.012975 0 0.02045)
(0.01305 0 0.02045)
(0.013125 0 0.02045)
(0.0132 0 0.02045)
(0.013275 0 0.02045)
(0.01335 0 0.02045)
(0.013425 0 0.02045)
(0.0135 0 0.02045)
(0.013575 0 0.02045)
(0.01365 0 0.02045)
(0.013725 0 0.02045)
(0.0138 0 0.02045)
(0.013875 0 0.02045)
(0.01395 0 0.02045)
(0.014025 0 0.02045)
(0.0141 0 0.02045)
(0.014175 0 0.02045)
(0.01425 0 0.02045)
(0.014325 0 0.02045)
(0.0144 0 0.02045)
(0.014475 0 0.02045)
(0.01455 0 0.02045)
(0.014625 0 0.02045)
(0.0147 0 0.02045)
(0.014775 0 0.02045)
(0.01485 0 0.02045)
(0.014925 0 0.02045)
(0.015 0 0.02045)
(0 0.005 0.02045)
(7.500000000000001e-05 0.005 0.02045)
(0.00015 0.005 0.02045)
(0.000225 0.005 0.02045)
(0.0003 0.005 0.02045)
(0.0003750000000000001 0.005 0.02045)
(0.00045 0.005 0.02045)
(0.0005250000000000002 0.005 0.02045)
(0.0005999999999999999 0.005 0.02045)
(0.000675 0.005 0.02045)
(0.0007500000000000001 0.005 0.02045)
(0.0008250000000000002 0.005 0.02045)
(0.0009000000000000001 0.005 0.02045)
(0.000975 0.005 0.02045)
(0.00105 0.005 0.02045)
(0.001125 0.005 0.02045)
(0.0012 0.005 0.02045)
(0.001275 0.005 0.02045)
(0.00135 0.005 0.02045)
(0.001425 0.005 0.02045)
(0.0015 0.005 0.02045)
(0.001575 0.005 0.02045)
(0.00165 0.005 0.02045)
(0.001725 0.005 0.02045)
(0.0018 0.005 0.02045)
(0.001875 0.005 0.02045)
(0.00195 0.005 0.02045)
(0.002025 0.005 0.02045)
(0.002100000000000001 0.005 0.02045)
(0.002174999999999999 0.005 0.02045)
(0.00225 0.005 0.02045)
(0.002325 0.005 0.02045)
(0.0024 0.005 0.02045)
(0.002475 0.005 0.02045)
(0.00255 0.005 0.02045)
(0.002625 0.005 0.02045)
(0.0027 0.005 0.02045)
(0.002775 0.005 0.02045)
(0.002850000000000001 0.005 0.02045)
(0.002925000000000001 0.005 0.02045)
(0.003 0.005 0.02045)
(0.003075 0.005 0.02045)
(0.00315 0.005 0.02045)
(0.003225 0.005 0.02045)
(0.0033 0.005 0.02045)
(0.003375000000000001 0.004999999999999999 0.02045)
(0.00345 0.005 0.02045)
(0.003525 0.005 0.02045)
(0.0036 0.005 0.02045)
(0.003675 0.004999999999999999 0.02045)
(0.00375 0.005 0.02045)
(0.003825 0.005 0.02045)
(0.0039 0.005 0.02045)
(0.003975 0.004999999999999999 0.02045)
(0.004050000000000001 0.005 0.02045)
(0.004125 0.005 0.02045)
(0.004200000000000001 0.005 0.02045)
(0.004275 0.005 0.02045)
(0.004349999999999999 0.004999999999999999 0.02045)
(0.004425000000000001 0.005 0.02045)
(0.0045 0.005 0.02045)
(0.004575 0.005 0.02045)
(0.00465 0.005 0.02045)
(0.004725 0.005 0.02045)
(0.0048 0.005 0.02045)
(0.004875000000000001 0.005 0.02045)
(0.00495 0.004999999999999999 0.02045)
(0.005025000000000001 0.005 0.02045)
(0.0051 0.005 0.02045)
(0.005175 0.005 0.02045)
(0.005249999999999999 0.005 0.02045)
(0.005325 0.005 0.02045)
(0.0054 0.005 0.02045)
(0.005475 0.005 0.02045)
(0.005549999999999999 0.005 0.02045)
(0.005625 0.005 0.02045)
(0.005700000000000001 0.005 0.02045)
(0.005775000000000001 0.005 0.02045)
(0.005850000000000001 0.005 0.02045)
(0.005925000000000001 0.005 0.02045)
(0.006000000000000001 0.005 0.02045)
(0.006075000000000001 0.005 0.02045)
(0.00615 0.005 0.02045)
(0.006225 0.005 0.02045)
(0.006299999999999999 0.005000000000000001 0.02045)
(0.006375 0.005 0.02045)
(0.00645 0.005 0.02045)
(0.006525 0.005 0.02045)
(0.006600000000000001 0.005 0.02045)
(0.006675 0.005 0.02045)
(0.006750000000000002 0.005 0.02045)
(0.006825000000000001 0.005 0.02045)
(0.0069 0.005000000000000001 0.02045)
(0.006975000000000001 0.005 0.02045)
(0.00705 0.005 0.02045)
(0.007124999999999999 0.005 0.02045)
(0.007200000000000001 0.005 0.02045)
(0.007275 0.005 0.02045)
(0.00735 0.005 0.02045)
(0.007425000000000001 0.005 0.02045)
(0.0075 0.005 0.02045)
(0.007574999999999999 0.005 0.02045)
(0.007650000000000001 0.005 0.02045)
(0.007725 0.005 0.02045)
(0.0078 0.005 0.02045)
(0.007875000000000002 0.005 0.02045)
(0.00795 0.005 0.02045)
(0.008024999999999999 0.005 0.02045)
(0.008100000000000001 0.005 0.02045)
(0.008175000000000002 0.005 0.02045)
(0.00825 0.005 0.02045)
(0.008325000000000001 0.005 0.02045)
(0.008400000000000003 0.005 0.02045)
(0.008474999999999998 0.005 0.02045)
(0.00855 0.005 0.02045)
(0.008624999999999999 0.005 0.02045)
(0.008699999999999999 0.005 0.02045)
(0.008775 0.005 0.02045)
(0.008850000000000002 0.005 0.02045)
(0.008925000000000001 0.005 0.02045)
(0.009000000000000001 0.005 0.02045)
(0.009075000000000001 0.005 0.02045)
(0.00915 0.005 0.02045)
(0.009225000000000001 0.005 0.02045)
(0.009300000000000001 0.005 0.02045)
(0.009375 0.005 0.02045)
(0.00945 0.005 0.02045)
(0.009525 0.005 0.02045)
(0.009599999999999999 0.005 0.02045)
(0.009675 0.005 0.02045)
(0.009750000000000002 0.005 0.02045)
(0.009825 0.005 0.02045)
(0.009899999999999999 0.005 0.02045)
(0.009975000000000001 0.005 0.02045)
(0.01005 0.005 0.02045)
(0.010125 0.005 0.02045)
(0.0102 0.005 0.02045)
(0.010275 0.005 0.02045)
(0.01035 0.005 0.02045)
(0.010425 0.005 0.02045)
(0.0105 0.005 0.02045)
(0.010575 0.005 0.02045)
(0.01065 0.005 0.02045)
(0.010725 0.005 0.02045)
(0.0108 0.005000000000000001 0.02045)
(0.010875 0.005 0.02045)
(0.01095 0.005 0.02045)
(0.011025 0.005 0.02045)
(0.0111 0.005 0.02045)
(0.011175 0.005 0.02045)
(0.01125 0.005 0.02045)
(0.011325 0.005 0.02045)
(0.0114 0.005000000000000001 0.02045)
(0.011475 0.005 0.02045)
(0.01155 0.005 0.02045)
(0.011625 0.005 0.02045)
(0.0117 0.005 0.02045)
(0.011775 0.005 0.02045)
(0.01185 0.005 0.02045)
(0.011925 0.005 0.02045)
(0.012 0.005000000000000001 0.02045)
(0.012075 0.005 0.02045)
(0.01215 0.005 0.02045)
(0.012225 0.005 0.02045)
(0.0123 0.005 0.02045)
(0.012375 0.005 0.02045)
(0.01245 0.005 0.02045)
(0.012525 0.005 0.02045)
(0.0126 0.005 0.02045)
(0.012675 0.005 0.02045)
(0.01275 0.004999999999999999 0.02045)
(0.012825 0.005 0.02045)
(0.0129 0.005 0.02045)
(0.012975 0.005 0.02045)
(0.01305 0.005 0.02045)
(0.013125 0.005 0.02045)
(0.0132 0.005 0.02045)
(0.013275 0.005 0.02045)
(0.01335 0.004999999999999999 0.02045)
(0.013425 0.005 0.02045)
(0.0135 0.005 0.02045)
(0.013575 0.005 0.02045)
(0.01365 0.005 0.02045)
(0.013725 0.005 0.02045)
(0.0138 0.005 0.02045)
(0.013875 0.005 0.02045)
(0.01395 0.004999999999999999 0.02045)
(0.014025 0.005 0.02045)
(0.0141 0.005 0.02045)
(0.014175 0.005 0.02045)
(0.01425 0.005 0.02045)
(0.014325 0.004999999999999999 0.02045)
(0.0144 0.005 0.02045)
(0.014475 0.005 0.02045)
(0.01455 0.005 0.02045)
(0.014625 0.004999999999999999 0.02045)
(0.0147 0.005 0.02045)
(0.014775 0.005 0.02045)
(0.01485 0.005 0.02045)
(0.014925 0.004999999999999999 0.02045)
(0.015 0.005 0.02045)
(0 0 0.020475)
(7.499999999999999e-05 0 0.020475)
(0.00015 0 0.020475)
(0.000225 0 0.020475)
(0.0003 0 0.020475)
(0.0003750000000000001 0 0.020475)
(0.00045 0 0.020475)
(0.0005250000000000002 0 0.020475)
(0.0005999999999999999 0 0.020475)
(0.000675 0 0.020475)
(0.0007500000000000001 0 0.020475)
(0.0008250000000000001 0 0.020475)
(0.0009000000000000001 0 0.020475)
(0.000975 0 0.020475)
(0.00105 0 0.020475)
(0.001125 0 0.020475)
(0.0012 0 0.020475)
(0.001275 0 0.020475)
(0.00135 0 0.020475)
(0.001425 0 0.020475)
(0.0015 0 0.020475)
(0.001575 0 0.020475)
(0.00165 0 0.020475)
(0.001725 0 0.020475)
(0.0018 0 0.020475)
(0.001875 0 0.020475)
(0.00195 0 0.020475)
(0.002025 0 0.020475)
(0.002100000000000001 0 0.020475)
(0.002174999999999999 0 0.020475)
(0.00225 0 0.020475)
(0.002325 0 0.020475)
(0.0024 0 0.020475)
(0.002475 0 0.020475)
(0.00255 0 0.020475)
(0.002625 0 0.020475)
(0.0027 0 0.020475)
(0.002775 0 0.020475)
(0.002850000000000001 0 0.020475)
(0.002925 0 0.020475)
(0.003 0 0.020475)
(0.003075 0 0.020475)
(0.00315 0 0.020475)
(0.003225 0 0.020475)
(0.0033 0 0.020475)
(0.003375000000000001 0 0.020475)
(0.00345 0 0.020475)
(0.003525 0 0.020475)
(0.0036 0 0.020475)
(0.003675 0 0.020475)
(0.00375 0 0.020475)
(0.003825 0 0.020475)
(0.0039 0 0.020475)
(0.003975 0 0.020475)
(0.004050000000000001 0 0.020475)
(0.004125 0 0.020475)
(0.004200000000000001 0 0.020475)
(0.004275 0 0.020475)
(0.004349999999999999 0 0.020475)
(0.004425000000000001 0 0.020475)
(0.0045 0 0.020475)
(0.004575 0 0.020475)
(0.00465 0 0.020475)
(0.004725 0 0.020475)
(0.0048 0 0.02047499999999999)
(0.004875 0 0.020475)
(0.00495 0 0.020475)
(0.005025000000000001 0 0.020475)
(0.0051 0 0.020475)
(0.005175 0 0.020475)
(0.005249999999999999 0 0.020475)
(0.005325 0 0.020475)
(0.0054 0 0.020475)
(0.005475 0 0.020475)
(0.00555 0 0.020475)
(0.005625 0 0.020475)
(0.005700000000000001 0 0.020475)
(0.005775000000000001 0 0.020475)
(0.00585 0 0.020475)
(0.005925000000000001 0 0.020475)
(0.006000000000000001 0 0.020475)
(0.006075000000000001 0 0.020475)
(0.00615 0 0.020475)
(0.006225 0 0.020475)
(0.006299999999999999 0 0.020475)
(0.006375 0 0.02047499999999999)
(0.00645 0 0.020475)
(0.006525 0 0.020475)
(0.006600000000000001 0 0.020475)
(0.006675 0 0.020475)
(0.006750000000000002 0 0.020475)
(0.006825 0 0.020475)
(0.0069 0 0.020475)
(0.006975000000000001 0 0.020475)
(0.00705 0 0.020475)
(0.007124999999999999 0 0.020475)
(0.007200000000000001 0 0.020475)
(0.007275 0 0.020475)
(0.00735 0 0.020475)
(0.007425000000000001 0 0.020475)
(0.0075 0 0.020475)
(0.007574999999999999 0 0.020475)
(0.007650000000000001 0 0.020475)
(0.007725 0 0.020475)
(0.0078 0 0.020475)
(0.007875000000000002 0 0.020475)
(0.00795 0 0.020475)
(0.008024999999999999 0 0.020475)
(0.008100000000000001 0 0.020475)
(0.008175000000000002 0 0.020475)
(0.00825 0 0.020475)
(0.008325000000000001 0 0.020475)
(0.008400000000000003 0 0.020475)
(0.008474999999999998 0 0.020475)
(0.00855 0 0.020475)
(0.008624999999999999 0 0.020475)
(0.008699999999999998 0 0.020475)
(0.008775 0 0.020475)
(0.008850000000000002 0 0.020475)
(0.008925000000000001 0 0.020475)
(0.008999999999999999 0 0.020475)
(0.009075000000000001 0 0.020475)
(0.00915 0 0.020475)
(0.009225000000000001 0 0.020475)
(0.009300000000000001 0 0.020475)
(0.009375 0 0.020475)
(0.00945 0 0.020475)
(0.009525 0 0.020475)
(0.009599999999999999 0 0.020475)
(0.009675 0 0.020475)
(0.009750000000000002 0 0.020475)
(0.009824999999999999 0 0.020475)
(0.009899999999999999 0 0.020475)
(0.009975000000000001 0 0.020475)
(0.01005 0 0.020475)
(0.010125 0 0.020475)
(0.0102 0 0.020475)
(0.010275 0 0.020475)
(0.01035 0 0.020475)
(0.010425 0 0.020475)
(0.0105 0 0.020475)
(0.010575 0 0.020475)
(0.01065 0 0.020475)
(0.010725 0 0.020475)
(0.0108 0 0.020475)
(0.010875 0 0.020475)
(0.01095 0 0.020475)
(0.011025 0 0.020475)
(0.0111 0 0.020475)
(0.011175 0 0.020475)
(0.01125 0 0.02047499999999999)
(0.011325 0 0.020475)
(0.0114 0 0.020475)
(0.011475 0 0.020475)
(0.01155 0 0.020475)
(0.011625 0 0.020475)
(0.0117 0 0.020475)
(0.011775 0 0.020475)
(0.01185 0 0.020475)
(0.011925 0 0.020475)
(0.012 0 0.020475)
(0.012075 0 0.020475)
(0.01215 0 0.020475)
(0.012225 0 0.020475)
(0.0123 0 0.020475)
(0.012375 0 0.020475)
(0.01245 0 0.020475)
(0.012525 0 0.020475)
(0.0126 0 0.020475)
(0.012675 0 0.020475)
(0.01275 0 0.020475)
(0.012825 0 0.020475)
(0.0129 0 0.020475)
(0.012975 0 0.020475)
(0.01305 0 0.020475)
(0.013125 0 0.020475)
(0.0132 0 0.020475)
(0.013275 0 0.020475)
(0.01335 0 0.020475)
(0.013425 0 0.020475)
(0.0135 0 0.020475)
(0.013575 0 0.020475)
(0.01365 0 0.020475)
(0.013725 0 0.020475)
(0.0138 0 0.020475)
(0.013875 0 0.020475)
(0.01395 0 0.020475)
(0.014025 0 0.020475)
(0.0141 0 0.020475)
(0.014175 0 0.020475)
(0.01425 0 0.020475)
(0.014325 0 0.020475)
(0.0144 0 0.02047499999999999)
(0.014475 0 0.020475)
(0.01455 0 0.020475)
(0.014625 0 0.020475)
(0.0147 0 0.020475)
(0.014775 0 0.020475)
(0.01485 0 0.020475)
(0.014925 0 0.020475)
(0.015 0 0.020475)
(0 0.005 0.020475)
(7.499999999999999e-05 0.005 0.020475)
(0.00015 0.005 0.020475)
(0.000225 0.005 0.020475)
(0.0003 0.004999999999999999 0.020475)
(0.0003750000000000001 0.005 0.020475)
(0.00045 0.005 0.020475)
(0.0005250000000000002 0.005 0.020475)
(0.0005999999999999999 0.005 0.020475)
(0.000675 0.005 0.020475)
(0.0007500000000000001 0.005 0.020475)
(0.0008250000000000001 0.005 0.020475)
(0.0009000000000000001 0.005 0.020475)
(0.000975 0.005 0.020475)
(0.00105 0.005 0.020475)
(0.001125 0.005 0.020475)
(0.0012 0.005 0.020475)
(0.001275 0.005 0.020475)
(0.00135 0.005 0.020475)
(0.001425 0.005 0.020475)
(0.0015 0.004999999999999999 0.020475)
(0.001575 0.005 0.020475)
(0.00165 0.005 0.020475)
(0.001725 0.005 0.020475)
(0.0018 0.005 0.020475)
(0.001875 0.005 0.020475)
(0.00195 0.005 0.020475)
(0.002025 0.005 0.020475)
(0.002100000000000001 0.005 0.020475)
(0.002174999999999999 0.005 0.020475)
(0.00225 0.005 0.020475)
(0.002325 0.005 0.020475)
(0.0024 0.005 0.020475)
(0.002475 0.005 0.020475)
(0.00255 0.005 0.020475)
(0.002625 0.005 0.020475)
(0.0027 0.005 0.020475)
(0.002775 0.005 0.020475)
(0.002850000000000001 0.005 0.020475)
(0.002925 0.005 0.020475)
(0.003 0.005 0.020475)
(0.003075 0.005 0.020475)
(0.00315 0.005 0.020475)
(0.003225 0.005 0.020475)
(0.0033 0.005000000000000001 0.020475)
(0.003375000000000001 0.005 0.020475)
(0.00345 0.005 0.020475)
(0.003525 0.005 0.020475)
(0.0036 0.005 0.020475)
(0.003675 0.005 0.020475)
(0.00375 0.005 0.020475)
(0.003825 0.005 0.020475)
(0.0039 0.005 0.020475)
(0.003975 0.005 0.020475)
(0.004050000000000001 0.005 0.020475)
(0.004125 0.005 0.020475)
(0.004200000000000001 0.005 0.020475)
(0.004275 0.005 0.020475)
(0.004349999999999999 0.005 0.020475)
(0.004425000000000001 0.005 0.020475)
(0.0045 0.005 0.020475)
(0.004575 0.005 0.020475)
(0.00465 0.005 0.020475)
(0.004725 0.005 0.020475)
(0.0048 0.005 0.02047499999999999)
(0.004875 0.005 0.020475)
(0.00495 0.005 0.020475)
(0.005025000000000001 0.005 0.020475)
(0.0051 0.004999999999999998 0.020475)
(0.005175 0.005 0.020475)
(0.005249999999999999 0.005 0.020475)
(0.005325 0.005 0.020475)
(0.0054 0.005 0.020475)
(0.005475 0.005 0.020475)
(0.00555 0.005 0.020475)
(0.005625 0.005 0.020475)
(0.005700000000000001 0.005 0.020475)
(0.005775000000000001 0.005 0.020475)
(0.00585 0.005 0.020475)
(0.005925000000000001 0.005 0.020475)
(0.006000000000000001 0.005 0.020475)
(0.006075000000000001 0.005 0.020475)
(0.00615 0.005 0.020475)
(0.006225 0.005 0.020475)
(0.006299999999999999 0.005000000000000001 0.020475)
(0.006375 0.005 0.02047499999999999)
(0.00645 0.005 0.020475)
(0.006525 0.005 0.020475)
(0.006600000000000001 0.005 0.020475)
(0.006675 0.005 0.020475)
(0.006750000000000002 0.005 0.020475)
(0.006825 0.005 0.020475)
(0.0069 0.005000000000000001 0.020475)
(0.006975000000000001 0.005 0.020475)
(0.00705 0.005 0.020475)
(0.007124999999999999 0.005 0.020475)
(0.007200000000000001 0.005 0.020475)
(0.007275 0.005 0.020475)
(0.00735 0.005 0.020475)
(0.007425000000000001 0.005 0.020475)
(0.0075 0.005 0.020475)
(0.007574999999999999 0.005 0.020475)
(0.007650000000000001 0.005 0.020475)
(0.007725 0.005 0.020475)
(0.0078 0.005 0.020475)
(0.007875000000000002 0.005 0.020475)
(0.00795 0.005 0.020475)
(0.008024999999999999 0.005 0.020475)
(0.008100000000000001 0.005 0.020475)
(0.008175000000000002 0.005 0.020475)
(0.00825 0.005 0.020475)
(0.008325000000000001 0.005 0.020475)
(0.008400000000000003 0.005 0.020475)
(0.008474999999999998 0.005 0.020475)
(0.00855 0.005 0.020475)
(0.008624999999999999 0.005 0.020475)
(0.008699999999999998 0.005 0.020475)
(0.008775 0.005 0.020475)
(0.008850000000000002 0.005 0.020475)
(0.008925000000000001 0.005 0.020475)
(0.008999999999999999 0.005 0.020475)
(0.009075000000000001 0.005 0.020475)
(0.00915 0.005000000000000001 0.020475)
(0.009225000000000001 0.005 0.020475)
(0.009300000000000001 0.005 0.020475)
(0.009375 0.005 0.020475)
(0.00945 0.005 0.020475)
(0.009525 0.005 0.020475)
(0.009599999999999999 0.005 0.020475)
(0.009675 0.005 0.020475)
(0.009750000000000002 0.005 0.020475)
(0.009824999999999999 0.005 0.020475)
(0.009899999999999999 0.004999999999999999 0.020475)
(0.009975000000000001 0.005 0.020475)
(0.01005 0.005 0.020475)
(0.010125 0.005 0.020475)
(0.0102 0.005 0.020475)
(0.010275 0.005 0.020475)
(0.01035 0.005 0.020475)
(0.010425 0.005 0.020475)
(0.0105 0.005 0.020475)
(0.010575 0.005 0.020475)
(0.01065 0.005 0.020475)
(0.010725 0.005 0.020475)
(0.0108 0.005 0.020475)
(0.010875 0.005 0.020475)
(0.01095 0.005 0.020475)
(0.011025 0.005 0.020475)
(0.0111 0.004999999999999998 0.020475)
(0.011175 0.005 0.020475)
(0.01125 0.005 0.02047499999999999)
(0.011325 0.005 0.020475)
(0.0114 0.005 0.020475)
(0.011475 0.005 0.020475)
(0.01155 0.004999999999999999 0.020475)
(0.011625 0.005 0.020475)
(0.0117 0.005 0.020475)
(0.011775 0.005 0.020475)
(0.01185 0.005 0.020475)
(0.011925 0.005 0.020475)
(0.012 0.005 0.020475)
(0.012075 0.005 0.020475)
(0.01215 0.005 0.020475)
(0.012225 0.005 0.020475)
(0.0123 0.005 0.020475)
(0.012375 0.005 0.020475)
(0.01245 0.005 0.020475)
(0.012525 0.005 0.020475)
(0.0126 0.005 0.020475)
(0.012675 0.005 0.020475)
(0.01275 0.005 0.020475)
(0.012825 0.005 0.020475)
(0.0129 0.005 0.020475)
(0.012975 0.005 0.020475)
(0.01305 0.005 0.020475)
(0.013125 0.005 0.020475)
(0.0132 0.005 0.020475)
(0.013275 0.005 0.020475)
(0.01335 0.005 0.020475)
(0.013425 0.005 0.020475)
(0.0135 0.005 0.020475)
(0.013575 0.005 0.020475)
(0.01365 0.004999999999999999 0.020475)
(0.013725 0.005 0.020475)
(0.0138 0.005 0.020475)
(0.013875 0.005 0.020475)
(0.01395 0.005 0.020475)
(0.014025 0.005 0.020475)
(0.0141 0.005 0.020475)
(0.014175 0.005 0.020475)
(0.01425 0.005 0.020475)
(0.014325 0.005 0.020475)
(0.0144 0.005 0.020475)
(0.014475 0.005 0.020475)
(0.01455 0.005 0.020475)
(0.014625 0.004999999999999999 0.020475)
(0.0147 0.005000000000000001 0.020475)
(0.014775 0.005 0.020475)
(0.01485 0.005 0.020475)
(0.014925 0.005 0.020475)
(0.015 0.005 0.020475)
(0 0 0.0205)
(7.499999999999999e-05 0 0.0205)
(0.00015 0 0.0205)
(0.000225 0 0.0205)
(0.0003 0 0.0205)
(0.0003750000000000001 0 0.02049999999999999)
(0.00045 0 0.0205)
(0.0005250000000000002 0 0.0205)
(0.0005999999999999999 0 0.0205)
(0.000675 0 0.0205)
(0.0007500000000000001 0 0.0205)
(0.0008250000000000001 0 0.0205)
(0.0009000000000000001 0 0.0205)
(0.000975 0 0.0205)
(0.00105 0 0.0205)
(0.001125 0 0.0205)
(0.0012 0 0.0205)
(0.001275 0 0.0205)
(0.00135 0 0.0205)
(0.001425 0 0.0205)
(0.0015 0 0.0205)
(0.001575 0 0.0205)
(0.00165 0 0.0205)
(0.001725 0 0.0205)
(0.0018 0 0.0205)
(0.001875 0 0.02049999999999999)
(0.00195 0 0.0205)
(0.002025 0 0.0205)
(0.002100000000000001 0 0.0205)
(0.002174999999999999 0 0.0205)
(0.00225 0 0.0205)
(0.002325 0 0.0205)
(0.0024 0 0.0205)
(0.002475 0 0.0205)
(0.00255 0 0.02049999999999999)
(0.002625 0 0.0205)
(0.0027 0 0.0205)
(0.002775 0 0.0205)
(0.002850000000000001 0 0.0205)
(0.002925 0 0.0205)
(0.003 0 0.0205)
(0.003075 0 0.0205)
(0.00315 0 0.0205)
(0.003225 0 0.02049999999999999)
(0.0033 0 0.0205)
(0.003375000000000001 0 0.0205)
(0.00345 0 0.0205)
(0.003525 0 0.0205)
(0.0036 0 0.0205)
(0.003675 0 0.0205)
(0.00375 0 0.0205)
(0.003825 0 0.0205)
(0.0039 0 0.02049999999999999)
(0.003975 0 0.0205)
(0.004050000000000001 0 0.0205)
(0.004125 0 0.0205)
(0.004200000000000001 0 0.0205)
(0.004275 0 0.0205)
(0.004349999999999999 0 0.0205)
(0.004425000000000001 0 0.0205)
(0.0045 0 0.0205)
(0.004575 0 0.0205)
(0.00465 0 0.0205)
(0.004725 0 0.0205)
(0.0048 0 0.0205)
(0.004875000000000001 0 0.0205)
(0.00495 0 0.0205)
(0.005025000000000001 0 0.0205)
(0.0051 0 0.0205)
(0.005175 0 0.0205)
(0.005249999999999999 0 0.0205)
(0.005325 0 0.0205)
(0.0054 0 0.02049999999999999)
(0.005475 0 0.0205)
(0.005549999999999999 0 0.0205)
(0.005625 0 0.0205)
(0.005700000000000001 0 0.0205)
(0.005775000000000001 0 0.0205)
(0.00585 0 0.0205)
(0.005925000000000001 0 0.0205)
(0.006000000000000001 0 0.0205)
(0.006075000000000001 0 0.02049999999999999)
(0.00615 0 0.0205)
(0.006225 0 0.0205)
(0.0063 0 0.0205)
(0.006375 0 0.0205)
(0.00645 0 0.0205)
(0.006525 0 0.0205)
(0.006600000000000001 0 0.0205)
(0.006675 0 0.0205)
(0.006750000000000002 0 0.0205)
(0.006825 0 0.0205)
(0.006900000000000001 0 0.0205)
(0.006975000000000001 0 0.0205)
(0.00705 0 0.0205)
(0.007124999999999999 0 0.0205)
(0.007200000000000001 0 0.0205)
(0.007275 0 0.0205)
(0.00735 0 0.0205)
(0.007425000000000001 0 0.02049999999999999)
(0.0075 0 0.0205)
(0.007574999999999999 0 0.02049999999999999)
(0.007650000000000001 0 0.0205)
(0.007725 0 0.0205)
(0.0078 0 0.0205)
(0.007875000000000002 0 0.0205)
(0.00795 0 0.0205)
(0.008024999999999999 0 0.0205)
(0.008100000000000001 0 0.0205)
(0.008175000000000002 0 0.0205)
(0.00825 0 0.02049999999999999)
(0.008325000000000001 0 0.0205)
(0.008400000000000003 0 0.0205)
(0.008474999999999998 0 0.0205)
(0.00855 0 0.0205)
(0.008624999999999999 0 0.0205)
(0.008699999999999998 0 0.0205)
(0.008775 0 0.0205)
(0.008850000000000002 0 0.0205)
(0.008925000000000001 0 0.02049999999999999)
(0.008999999999999999 0 0.0205)
(0.009075000000000001 0 0.0205)
(0.00915 0 0.0205)
(0.009225000000000001 0 0.0205)
(0.009300000000000001 0 0.0205)
(0.009375 0 0.0205)
(0.00945 0 0.0205)
(0.009525 0 0.0205)
(0.009599999999999999 0 0.02049999999999999)
(0.009675 0 0.0205)
(0.009750000000000002 0 0.0205)
(0.009825 0 0.0205)
(0.009899999999999999 0 0.0205)
(0.009975000000000001 0 0.0205)
(0.01005 0 0.0205)
(0.010125 0 0.0205)
(0.0102 0 0.0205)
(0.010275 0 0.0205)
(0.01035 0 0.0205)
(0.010425 0 0.0205)
(0.0105 0 0.0205)
(0.010575 0 0.0205)
(0.01065 0 0.0205)
(0.010725 0 0.0205)
(0.0108 0 0.0205)
(0.010875 0 0.0205)
(0.01095 0 0.0205)
(0.011025 0 0.0205)
(0.0111 0 0.02049999999999999)
(0.011175 0 0.0205)
(0.01125 0 0.0205)
(0.011325 0 0.0205)
(0.0114 0 0.0205)
(0.011475 0 0.0205)
(0.01155 0 0.0205)
(0.011625 0 0.0205)
(0.0117 0 0.0205)
(0.011775 0 0.02049999999999999)
(0.01185 0 0.0205)
(0.011925 0 0.0205)
(0.012 0 0.0205)
(0.012075 0 0.0205)
(0.01215 0 0.0205)
(0.012225 0 0.0205)
(0.0123 0 0.0205)
(0.012375 0 0.02049999999999999)
(0.01245 0 0.02049999999999999)
(0.012525 0 0.0205)
(0.0126 0 0.0205)
(0.012675 0 0.0205)
(0.01275 0 0.0205)
(0.012825 0 0.0205)
(0.0129 0 0.0205)
(0.012975 0 0.0205)
(0.01305 0 0.0205)
(0.013125 0 0.02049999999999999)
(0.0132 0 0.02049999999999999)
(0.013275 0 0.0205)
(0.01335 0 0.0205)
(0.013425 0 0.0205)
(0.0135 0 0.0205)
(0.013575 0 0.0205)
(0.01365 0 0.0205)
(0.013725 0 0.0205)
(0.0138 0 0.0205)
(0.013875 0 0.0205)
(0.01395 0 0.02049999999999999)
(0.014025 0 0.0205)
(0.0141 0 0.0205)
(0.014175 0 0.0205)
(0.01425 0 0.0205)
(0.014325 0 0.0205)
(0.0144 0 0.0205)
(0.014475 0 0.0205)
(0.01455 0 0.02049999999999999)
(0.014625 0 0.0205)
(0.0147 0 0.0205)
(0.014775 0 0.0205)
(0.01485 0 0.0205)
(0.014925 0 0.0205)
(0.015 0 0.0205)
(0 0.005 0.0205)
(7.499999999999999e-05 0.005 0.0205)
(0.00015 0.005 0.0205)
(0.000225 0.005 0.0205)
(0.0003 0.005 0.0205)
(0.0003750000000000001 0.005 0.02049999999999999)
(0.00045 0.005 0.02049999999999999)
(0.0005250000000000002 0.005 0.0205)
(0.0005999999999999999 0.005 0.0205)
(0.000675 0.005 0.0205)
(0.0007500000000000001 0.005 0.0205)
(0.0008250000000000001 0.005 0.0205)
(0.0009000000000000001 0.005 0.0205)
(0.000975 0.005 0.0205)
(0.00105 0.005 0.0205)
(0.001125 0.005 0.0205)
(0.0012 0.005 0.0205)
(0.001275 0.005 0.0205)
(0.00135 0.005 0.0205)
(0.001425 0.005 0.0205)
(0.0015 0.005 0.0205)
(0.001575 0.005 0.0205)
(0.00165 0.005 0.0205)
(0.001725 0.005 0.0205)
(0.0018 0.005 0.02049999999999999)
(0.001875 0.005 0.02049999999999999)
(0.00195 0.005 0.0205)
(0.002025 0.005 0.0205)
(0.002100000000000001 0.005 0.0205)
(0.002174999999999999 0.005 0.0205)
(0.00225 0.005 0.0205)
(0.002325 0.005 0.0205)
(0.0024 0.005 0.0205)
(0.002475 0.005 0.0205)
(0.00255 0.005 0.02049999999999999)
(0.002625 0.005 0.02049999999999999)
(0.0027 0.005 0.0205)
(0.002775 0.005 0.0205)
(0.002850000000000001 0.005 0.0205)
(0.002925 0.005 0.0205)
(0.003 0.005 0.0205)
(0.003075 0.005 0.0205)
(0.00315 0.005 0.0205)
(0.003225 0.005 0.02049999999999999)
(0.0033 0.005 0.0205)
(0.003375000000000001 0.005 0.0205)
(0.00345 0.005 0.0205)
(0.003525 0.005 0.0205)
(0.0036 0.005 0.0205)
(0.003675 0.005 0.0205)
(0.00375 0.005 0.0205)
(0.003825 0.005 0.0205)
(0.0039 0.005 0.02049999999999999)
(0.003975 0.005 0.0205)
(0.004050000000000001 0.005 0.0205)
(0.004125 0.005 0.0205)
(0.004200000000000001 0.005 0.0205)
(0.004275 0.005 0.0205)
(0.004349999999999999 0.005 0.0205)
(0.004425000000000001 0.005 0.0205)
(0.0045 0.005 0.0205)
(0.004575 0.005 0.0205)
(0.00465 0.005 0.0205)
(0.004725 0.005 0.0205)
(0.0048 0.005 0.02049999999999999)
(0.004875000000000001 0.005 0.0205)
(0.00495 0.005 0.0205)
(0.005025000000000001 0.005 0.0205)
(0.0051 0.005 0.0205)
(0.005175 0.005 0.0205)
(0.005249999999999999 0.005 0.0205)
(0.005325 0.005 0.0205)
(0.0054 0.005 0.02049999999999999)
(0.005475 0.005 0.0205)
(0.005549999999999999 0.005 0.0205)
(0.005625 0.005 0.0205)
(0.005700000000000001 0.005 0.0205)
(0.005775000000000001 0.005 0.0205)
(0.00585 0.005 0.0205)
(0.005925000000000001 0.005 0.0205)
(0.006000000000000001 0.005 0.0205)
(0.006075000000000001 0.005 0.02049999999999999)
(0.00615 0.005 0.0205)
(0.006225 0.005 0.0205)
(0.0063 0.005 0.0205)
(0.006375 0.005 0.0205)
(0.00645 0.005 0.0205)
(0.006525 0.005 0.0205)
(0.006600000000000001 0.005 0.0205)
(0.006675 0.005 0.0205)
(0.006750000000000002 0.005 0.0205)
(0.006825 0.005 0.0205)
(0.006900000000000001 0.005 0.0205)
(0.006975000000000001 0.005 0.02049999999999999)
(0.00705 0.005 0.0205)
(0.007124999999999999 0.005 0.0205)
(0.007200000000000001 0.005 0.0205)
(0.007275 0.005 0.0205)
(0.00735 0.005 0.0205)
(0.007425000000000001 0.005 0.02049999999999999)
(0.0075 0.005 0.0205)
(0.007574999999999999 0.005 0.02049999999999999)
(0.007650000000000001 0.005 0.0205)
(0.007725 0.005 0.0205)
(0.0078 0.005 0.0205)
(0.007875000000000002 0.005 0.0205)
(0.00795 0.005 0.0205)
(0.008024999999999999 0.005 0.0205)
(0.008100000000000001 0.005 0.0205)
(0.008175000000000002 0.005 0.0205)
(0.00825 0.005 0.02049999999999999)
(0.008325000000000001 0.005 0.0205)
(0.008400000000000003 0.005 0.0205)
(0.008474999999999998 0.005 0.0205)
(0.00855 0.005 0.0205)
(0.008624999999999999 0.005 0.0205)
(0.008699999999999998 0.005 0.0205)
(0.008775 0.005 0.0205)
(0.008850000000000002 0.005 0.0205)
(0.008925000000000001 0.005 0.02049999999999999)
(0.008999999999999999 0.005 0.0205)
(0.009075000000000001 0.005 0.0205)
(0.00915 0.005 0.0205)
(0.009225000000000001 0.005 0.0205)
(0.009300000000000001 0.005 0.0205)
(0.009375 0.005 0.0205)
(0.00945 0.005 0.0205)
(0.009525 0.005 0.0205)
(0.009599999999999999 0.005 0.02049999999999999)
(0.009675 0.005 0.0205)
(0.009750000000000002 0.005 0.0205)
(0.009825 0.005 0.0205)
(0.009899999999999999 0.005 0.0205)
(0.009975000000000001 0.005 0.0205)
(0.01005 0.005 0.0205)
(0.010125 0.005 0.0205)
(0.0102 0.005 0.0205)
(0.010275 0.005 0.0205)
(0.01035 0.005 0.0205)
(0.010425 0.005 0.0205)
(0.0105 0.005 0.0205)
(0.010575 0.005 0.0205)
(0.01065 0.005 0.0205)
(0.010725 0.005 0.0205)
(0.0108 0.005 0.0205)
(0.010875 0.005 0.0205)
(0.01095 0.005 0.0205)
(0.011025 0.005 0.0205)
(0.0111 0.005 0.02049999999999999)
(0.011175 0.005 0.0205)
(0.01125 0.005 0.0205)
(0.011325 0.005 0.0205)
(0.0114 0.005 0.0205)
(0.011475 0.005 0.0205)
(0.01155 0.005 0.0205)
(0.011625 0.005 0.0205)
(0.0117 0.005 0.0205)
(0.011775 0.005 0.02049999999999999)
(0.01185 0.005 0.0205)
(0.011925 0.005 0.0205)
(0.012 0.005 0.0205)
(0.012075 0.005 0.0205)
(0.01215 0.005 0.0205)
(0.012225 0.005 0.0205)
(0.0123 0.005 0.0205)
(0.012375 0.005 0.0205)
(0.01245 0.005 0.02049999999999999)
(0.012525 0.005 0.0205)
(0.0126 0.005 0.0205)
(0.012675 0.005 0.0205)
(0.01275 0.005 0.0205)
(0.012825 0.005 0.0205)
(0.0129 0.005 0.0205)
(0.012975 0.005 0.0205)
(0.01305 0.005 0.0205)
(0.013125 0.005 0.02049999999999999)
(0.0132 0.005 0.0205)
(0.013275 0.005 0.0205)
(0.01335 0.005 0.0205)
(0.013425 0.005 0.0205)
(0.0135 0.005 0.0205)
(0.013575 0.005 0.0205)
(0.01365 0.005 0.0205)
(0.013725 0.005 0.0205)
(0.0138 0.005 0.0205)
(0.013875 0.005 0.0205)
(0.01395 0.005 0.02049999999999999)
(0.014025 0.005 0.0205)
(0.0141 0.005 0.0205)
(0.014175 0.005 0.0205)
(0.01425 0.005 0.0205)
(0.014325 0.005 0.0205)
(0.0144 0.005 0.0205)
(0.014475 0.005 0.0205)
(0.01455 0.005 0.02049999999999999)
(0.014625 0.005 0.0205)
(0.0147 0.005 0.0205)
(0.014775 0.005 0.0205)
(0.01485 0.005 0.0205)
(0.014925 0.005 0.0205)
(0.015 0.005 0.0205)
)


// ************************************************************************* //
