/*--------------------------------*- C++ -*----------------------------------*\
| =========                 |                                                 |
| \\      /  F ield         | foam-extend: Open Source CFD                    |
|  \\    /   O peration     | Version:     4.1                                |
|   \\  /    A nd           | Web:         http://www.foam-extend.org         |
|    \\/     M anipulation  |                                                 |
\*---------------------------------------------------------------------------*/
FoamFile
{
    version     2.0;
    format      ascii;
    class       faceSet;
    location    "constant/polyMesh/sets";
    object      layerFaces;
}
// * * * * * * * * * * * * * * * * * * * * * * * * * * * * * * * * * * * * * //


85288
(
524291 
524296 
524301 
524310 
524314 
524318 
524322 
524326 
524330 
524334 
524341 
524345 
524349 
524353 
524357 
524361 
524365 
524372 
524375 
524378 
524381 
524384 
524387 
524390 
524395 
524400 
524405 
524410 
524415 
524420 
524425 
524434 
524438 
524442 
524446 
524450 
524454 
524458 
524465 
524469 
524473 
524477 
524481 
524485 
524489 
524496 
524499 
524502 
524505 
524508 
524511 
524514 
524519 
524523 
524527 
524531 
524535 
524539 
524543 
524550 
524555 
524560 
524565 
524570 
524575 
524580 
524589 
524592 
524595 
524598 
524601 
524604 
524607 
524612 
524615 
524618 
524621 
524624 
524627 
524630 
524635 
524638 
524641 
524644 
524647 
524650 
524653 
524658 
524662 
524666 
524670 
524674 
524678 
524682 
524689 
524693 
524697 
524701 
524705 
524709 
524713 
524720 
524723 
524726 
524729 
524732 
524735 
524738 
524743 
524747 
524751 
524755 
524759 
524763 
524767 
524774 
524777 
524780 
524783 
524786 
524789 
524792 
524797 
524801 
524805 
524809 
524813 
524817 
524821 
524828 
524831 
524834 
524837 
524840 
524843 
524846 
524851 
524856 
524861 
524866 
524871 
524876 
524881 
524890 
524894 
524898 
524902 
524906 
524910 
524914 
524921 
524925 
524929 
524933 
524937 
524941 
524945 
524952 
524957 
524962 
524967 
524972 
524977 
524982 
524991 
524995 
524999 
525003 
525007 
525011 
525015 
525022 
525028 
525034 
525040 
525046 
525052 
525058 
525069 
525073 
525077 
525081 
525085 
525089 
525093 
525100 
525105 
525110 
525115 
525120 
525125 
525130 
525139 
525145 
525151 
525157 
525163 
525169 
525175 
525186 
525190 
525194 
525198 
525202 
525206 
525210 
525217 
525219 
525221 
525223 
525225 
525227 
525229 
525232 
525235 
525238 
525241 
525244 
525247 
525250 
525255 
525260 
525265 
525270 
525275 
525280 
525285 
525294 
525299 
525304 
525309 
525314 
525319 
525324 
525333 
525335 
525337 
525339 
525341 
525343 
525345 
525348 
525351 
525354 
525357 
525360 
525363 
525366 
525371 
525374 
525377 
525380 
525383 
525386 
525389 
525394 
525401 
525408 
525415 
525422 
525429 
525436 
525449 
525453 
525457 
525461 
525465 
525469 
525473 
525480 
525485 
525490 
525495 
525500 
525505 
525510 
525519 
525524 
525529 
525534 
525539 
525544 
525549 
525558 
525562 
525566 
525570 
525574 
525578 
525582 
525589 
525594 
525599 
525604 
525609 
525614 
525619 
525628 
525633 
525638 
525643 
525648 
525653 
525658 
525667 
525670 
525673 
525676 
525679 
525682 
525685 
525690 
525693 
525696 
525699 
525702 
525705 
525708 
525713 
525717 
525721 
525725 
525729 
525733 
525737 
525744 
525748 
525752 
525756 
525760 
525764 
525768 
525775 
525778 
525781 
525784 
525787 
525790 
525793 
525798 
525800 
525802 
525804 
525806 
525808 
525810 
525813 
525817 
525821 
525825 
525829 
525833 
525837 
525844 
525847 
525850 
525853 
525856 
525859 
525862 
525867 
525870 
525873 
525876 
525879 
525882 
525885 
525890 
525892 
525894 
525896 
525898 
525900 
525902 
525905 
525912 
525919 
525926 
525933 
525940 
525947 
525960 
525966 
525972 
525978 
525984 
525990 
525996 
526007 
526011 
526015 
526019 
526023 
526027 
526031 
526038 
526043 
526048 
526053 
526058 
526063 
526068 
526077 
526081 
526085 
526089 
526093 
526097 
526101 
526108 
526113 
526118 
526123 
526128 
526133 
526138 
526147 
526151 
526155 
526159 
526163 
526167 
526171 
526178 
526182 
526186 
526190 
526194 
526198 
526202 
526209 
526213 
526217 
526221 
526225 
526229 
526233 
526240 
526244 
526248 
526252 
526256 
526260 
526264 
526271 
526276 
526281 
526286 
526291 
526296 
526301 
526310 
526313 
526316 
526319 
526322 
526325 
526328 
526333 
526337 
526341 
526345 
526349 
526353 
526357 
526364 
526367 
526370 
526373 
526376 
526379 
526382 
526387 
526391 
526395 
526399 
526403 
526407 
526411 
526418 
526423 
526428 
526433 
526438 
526443 
526448 
526457 
526463 
526469 
526475 
526481 
526487 
526493 
526504 
526507 
526510 
526513 
526516 
526519 
526522 
526527 
526531 
526535 
526539 
526543 
526547 
526551 
526558 
526562 
526566 
526570 
526574 
526578 
526582 
526589 
526595 
526601 
526607 
526613 
526619 
526625 
526636 
526640 
526644 
526648 
526652 
526656 
526660 
526667 
526673 
526679 
526685 
526691 
526697 
526703 
526714 
526721 
526728 
526735 
526742 
526749 
526756 
526769 
526773 
526777 
526781 
526785 
526789 
526793 
526800 
526804 
526808 
526812 
526816 
526820 
526824 
526831 
526835 
526839 
526843 
526847 
526851 
526855 
526862 
526866 
526870 
526874 
526878 
526882 
526886 
526893 
526896 
526899 
526902 
526905 
526908 
526911 
526916 
526921 
526926 
526931 
526936 
526941 
526946 
526955 
526958 
526961 
526964 
526967 
526970 
526973 
526978 
526981 
526984 
526987 
526990 
526993 
526996 
527001 
527004 
527007 
527010 
527013 
527016 
527019 
527024 
527028 
527032 
527036 
527040 
527044 
527048 
527055 
527060 
527065 
527070 
527075 
527080 
527085 
527094 
527098 
527102 
527106 
527110 
527114 
527118 
527125 
527127 
527129 
527131 
527133 
527135 
527137 
527140 
527144 
527148 
527152 
527156 
527160 
527164 
527171 
527175 
527179 
527183 
527187 
527191 
527195 
527202 
527205 
527208 
527211 
527214 
527217 
527220 
527225 
527228 
527231 
527234 
527237 
527240 
527243 
527248 
527251 
527254 
527257 
527260 
527263 
527266 
527271 
527275 
527279 
527283 
527287 
527291 
527295 
527302 
527305 
527308 
527311 
527314 
527317 
527320 
527325 
527329 
527333 
527337 
527341 
527345 
527349 
527356 
527362 
527368 
527374 
527380 
527386 
527392 
527403 
527407 
527411 
527415 
527419 
527423 
527427 
527434 
527437 
527440 
527443 
527446 
527449 
527452 
527457 
527460 
527463 
527466 
527469 
527472 
527475 
527480 
527484 
527488 
527492 
527496 
527500 
527504 
527511 
527516 
527521 
527526 
527531 
527536 
527541 
527550 
527556 
527562 
527568 
527574 
527580 
527586 
527597 
527601 
527605 
527609 
527613 
527617 
527621 
527628 
527631 
527634 
527637 
527640 
527643 
527646 
527651 
527656 
527661 
527666 
527671 
527676 
527681 
527690 
527693 
527696 
527699 
527702 
527705 
527708 
527713 
527716 
527719 
527722 
527725 
527728 
527731 
527736 
527739 
527742 
527745 
527748 
527751 
527754 
527759 
527764 
527769 
527774 
527779 
527784 
527789 
527798 
527803 
527808 
527813 
527818 
527823 
527828 
527837 
527841 
527845 
527849 
527853 
527857 
527861 
527868 
527872 
527876 
527880 
527884 
527888 
527892 
527899 
527903 
527907 
527911 
527915 
527919 
527923 
527930 
527934 
527938 
527942 
527946 
527950 
527954 
527961 
527964 
527967 
527970 
527973 
527976 
527979 
527984 
527988 
527992 
527996 
528000 
528004 
528008 
528015 
528020 
528025 
528030 
528035 
528040 
528045 
528054 
528059 
528064 
528069 
528074 
528079 
528084 
528093 
528097 
528101 
528105 
528109 
528113 
528117 
528124 
528128 
528132 
528136 
528140 
528144 
528148 
528155 
528159 
528163 
528167 
528171 
528175 
528179 
528186 
528188 
528190 
528192 
528194 
528196 
528198 
528201 
528204 
528207 
528210 
528213 
528216 
528219 
528224 
528229 
528234 
528239 
528244 
528249 
528254 
528263 
528267 
528271 
528275 
528279 
528283 
528287 
528294 
528299 
528304 
528309 
528314 
528319 
528324 
528333 
528337 
528341 
528345 
528349 
528353 
528357 
528364 
528368 
528372 
528376 
528380 
528384 
528388 
528395 
528399 
528403 
528407 
528411 
528415 
528419 
528426 
528430 
528434 
528438 
528442 
528446 
528450 
528457 
528459 
528461 
528463 
528465 
528467 
528469 
528472 
528474 
528476 
528478 
528480 
528482 
528484 
528487 
528491 
528495 
528499 
528503 
528507 
528511 
528518 
528521 
528524 
528527 
528530 
528533 
528536 
528541 
528546 
528551 
528556 
528561 
528566 
528571 
528580 
528582 
528584 
528586 
528588 
528590 
528592 
528595 
528599 
528603 
528607 
528611 
528615 
528619 
528626 
528628 
528630 
528632 
528634 
528636 
528638 
528641 
528644 
528647 
528650 
528653 
528656 
528659 
528664 
528670 
528676 
528682 
528688 
528694 
528700 
528711 
528714 
528717 
528720 
528723 
528726 
528729 
528734 
528736 
528738 
528740 
528742 
528744 
528746 
528749 
528751 
528753 
528755 
528757 
528759 
528761 
528764 
528769 
528774 
528779 
528784 
528789 
528794 
528803 
528806 
528809 
528812 
528815 
528818 
528821 
528826 
528830 
528834 
528838 
528842 
528846 
528850 
528857 
528860 
528863 
528866 
528869 
528872 
528875 
528880 
528883 
528886 
528889 
528892 
528895 
528898 
528903 
528904 
528905 
528906 
528907 
528908 
528909 
528910 
528911 
528912 
528913 
528914 
528915 
528916 
528917 
528921 
528925 
528929 
528933 
528937 
528941 
528948 
528954 
528960 
528966 
528972 
528978 
528984 
528995 
528999 
529003 
529007 
529011 
529015 
529019 
529026 
529032 
529038 
529044 
529050 
529056 
529062 
529073 
529076 
529079 
529082 
529085 
529088 
529091 
529096 
529099 
529102 
529105 
529108 
529111 
529114 
529119 
529123 
529127 
529131 
529135 
529139 
529143 
529150 
529154 
529158 
529162 
529166 
529170 
529174 
529181 
529183 
529185 
529187 
529189 
529191 
529193 
529196 
529199 
529202 
529205 
529208 
529211 
529214 
529219 
529223 
529227 
529231 
529235 
529239 
529243 
529250 
529254 
529258 
529262 
529266 
529270 
529274 
529281 
529284 
529287 
529290 
529293 
529296 
529299 
529304 
529307 
529310 
529313 
529316 
529319 
529322 
529327 
529333 
529339 
529345 
529351 
529357 
529363 
529374 
529378 
529382 
529386 
529390 
529394 
529398 
529405 
529410 
529415 
529420 
529425 
529430 
529435 
529444 
529448 
529452 
529456 
529460 
529464 
529468 
529475 
529480 
529485 
529490 
529495 
529500 
529505 
529514 
529520 
529526 
529532 
529538 
529544 
529550 
529561 
529566 
529571 
529576 
529581 
529586 
529591 
529600 
529605 
529610 
529615 
529620 
529625 
529630 
529639 
529643 
529647 
529651 
529655 
529659 
529663 
529670 
529675 
529680 
529685 
529690 
529695 
529700 
529709 
529712 
529715 
529718 
529721 
529724 
529727 
529732 
529737 
529742 
529747 
529752 
529757 
529762 
529771 
529776 
529781 
529786 
529791 
529796 
529801 
529810 
529817 
529824 
529831 
529838 
529845 
529852 
529865 
529868 
529871 
529874 
529877 
529880 
529883 
529888 
529892 
529896 
529900 
529904 
529908 
529912 
529919 
529925 
529931 
529937 
529943 
529949 
529955 
529966 
529971 
529976 
529981 
529986 
529991 
529996 
530005 
530009 
530013 
530017 
530021 
530025 
530029 
530036 
530041 
530046 
530051 
530056 
530061 
530066 
530075 
530080 
530085 
530090 
530095 
530100 
530105 
530114 
530117 
530120 
530123 
530126 
530129 
530132 
530137 
530140 
530143 
530146 
530149 
530152 
530155 
530160 
530162 
530164 
530166 
530168 
530170 
530172 
530175 
530180 
530185 
530190 
530195 
530200 
530205 
530214 
530219 
530224 
530229 
530234 
530239 
530244 
530253 
530258 
530263 
530268 
530273 
530278 
530283 
530292 
530297 
530302 
530307 
530312 
530317 
530322 
530331 
530336 
530341 
530346 
530351 
530356 
530361 
530370 
530375 
530380 
530385 
530390 
530395 
530400 
530409 
530414 
530419 
530424 
530429 
530434 
530439 
530448 
530451 
530454 
530457 
530460 
530463 
530466 
530471 
530474 
530477 
530480 
530483 
530486 
530489 
530494 
530498 
530502 
530506 
530510 
530514 
530518 
530525 
530527 
530529 
530531 
530533 
530535 
530537 
530540 
530543 
530546 
530549 
530552 
530555 
530558 
530563 
530567 
530571 
530575 
530579 
530583 
530587 
530594 
530598 
530602 
530606 
530610 
530614 
530618 
530625 
530628 
530631 
530634 
530637 
530640 
530643 
530648 
530651 
530654 
530657 
530660 
530663 
530666 
530671 
530677 
530683 
530689 
530695 
530701 
530707 
530718 
530722 
530726 
530730 
530734 
530738 
530742 
530749 
530754 
530759 
530764 
530769 
530774 
530779 
530788 
530794 
530800 
530806 
530812 
530818 
530824 
530835 
530839 
530843 
530847 
530851 
530855 
530859 
530866 
530871 
530876 
530881 
530886 
530891 
530896 
530905 
530911 
530917 
530923 
530929 
530935 
530941 
530952 
530957 
530962 
530967 
530972 
530977 
530982 
530991 
530996 
531001 
531006 
531011 
531016 
531021 
531030 
531033 
531036 
531039 
531042 
531045 
531048 
531053 
531058 
531063 
531068 
531073 
531078 
531083 
531092 
531097 
531102 
531107 
531112 
531117 
531122 
531131 
531134 
531137 
531140 
531143 
531146 
531149 
531154 
531157 
531160 
531163 
531166 
531169 
531172 
531177 
531181 
531185 
531189 
531193 
531197 
531201 
531208 
531211 
531214 
531217 
531220 
531223 
531226 
531231 
531234 
531237 
531240 
531243 
531246 
531249 
531254 
531257 
531260 
531263 
531266 
531269 
531272 
531277 
531281 
531285 
531289 
531293 
531297 
531301 
531308 
531312 
531316 
531320 
531324 
531328 
531332 
531339 
531343 
531347 
531351 
531355 
531359 
531363 
531370 
531373 
531376 
531379 
531382 
531385 
531388 
531393 
531398 
531403 
531408 
531413 
531418 
531423 
531432 
531436 
531440 
531444 
531448 
531452 
531456 
531463 
531467 
531471 
531475 
531479 
531483 
531487 
531494 
531496 
531498 
531500 
531502 
531504 
531506 
531509 
531512 
531515 
531518 
531521 
531524 
531527 
531532 
531536 
531540 
531544 
531548 
531552 
531556 
531563 
531566 
531569 
531572 
531575 
531578 
531581 
531586 
531589 
531592 
531595 
531598 
531601 
531604 
531609 
531611 
531613 
531615 
531617 
531619 
531621 
531624 
531628 
531632 
531636 
531640 
531644 
531648 
531655 
531660 
531665 
531670 
531675 
531680 
531685 
531694 
531696 
531698 
531700 
531702 
531704 
531706 
531709 
531713 
531717 
531721 
531725 
531729 
531733 
531740 
531744 
531748 
531752 
531756 
531760 
531764 
531771 
531773 
531775 
531777 
531779 
531781 
531783 
531786 
531791 
531796 
531801 
531806 
531811 
531816 
531825 
531829 
531833 
531837 
531841 
531845 
531849 
531856 
531860 
531864 
531868 
531872 
531876 
531880 
531887 
531892 
531897 
531902 
531907 
531912 
531917 
531926 
531928 
531930 
531932 
531934 
531936 
531938 
531941 
531946 
531951 
531956 
531961 
531966 
531971 
531980 
531982 
531984 
531986 
531988 
531990 
531992 
531995 
531998 
532001 
532004 
532007 
532010 
532013 
532018 
532019 
532020 
532021 
532022 
532023 
532024 
532025 
532027 
532029 
532031 
532033 
532035 
532037 
532040 
532044 
532048 
532052 
532056 
532060 
532064 
532071 
532076 
532081 
532086 
532091 
532096 
532101 
532110 
532114 
532118 
532122 
532126 
532130 
532134 
532141 
532145 
532149 
532153 
532157 
532161 
532165 
532172 
532176 
532180 
532184 
532188 
532192 
532196 
532203 
532207 
532211 
532215 
532219 
532223 
532227 
532234 
532240 
532246 
532252 
532258 
532264 
532270 
532281 
532285 
532289 
532293 
532297 
532301 
532305 
532312 
532315 
532318 
532321 
532324 
532327 
532330 
532335 
532337 
532339 
532341 
532343 
532345 
532347 
532350 
532354 
532358 
532362 
532366 
532370 
532374 
532381 
532386 
532391 
532396 
532401 
532406 
532411 
532420 
532423 
532426 
532429 
532432 
532435 
532438 
532443 
532447 
532451 
532455 
532459 
532463 
532467 
532474 
532477 
532480 
532483 
532486 
532489 
532492 
532497 
532501 
532505 
532509 
532513 
532517 
532521 
532528 
532530 
532532 
532534 
532536 
532538 
532540 
532543 
532546 
532549 
532552 
532555 
532558 
532561 
532566 
532571 
532576 
532581 
532586 
532591 
532596 
532605 
532608 
532611 
532614 
532617 
532620 
532623 
532628 
532632 
532636 
532640 
532644 
532648 
532652 
532659 
532664 
532669 
532674 
532679 
532684 
532689 
532698 
532700 
532702 
532704 
532706 
532708 
532710 
532713 
532718 
532723 
532728 
532733 
532738 
532743 
532752 
532754 
532756 
532758 
532760 
532762 
532764 
532767 
532770 
532773 
532776 
532779 
532782 
532785 
532790 
532791 
532792 
532793 
532794 
532795 
532796 
532797 
532802 
532807 
532812 
532817 
532822 
532827 
532836 
532840 
532844 
532848 
532852 
532856 
532860 
532867 
532871 
532875 
532879 
532883 
532887 
532891 
532898 
532902 
532906 
532910 
532914 
532918 
532922 
532929 
532932 
532935 
532938 
532941 
532944 
532947 
532952 
532955 
532958 
532961 
532964 
532967 
532970 
532975 
532981 
532987 
532993 
532999 
533005 
533011 
533022 
533026 
533030 
533034 
533038 
533042 
533046 
533053 
533057 
533061 
533065 
533069 
533073 
533077 
533084 
533088 
533092 
533096 
533100 
533104 
533108 
533115 
533118 
533121 
533124 
533127 
533130 
533133 
533138 
533142 
533146 
533150 
533154 
533158 
533162 
533169 
533172 
533175 
533178 
533181 
533184 
533187 
533192 
533194 
533196 
533198 
533200 
533202 
533204 
533207 
533210 
533213 
533216 
533219 
533222 
533225 
533230 
533233 
533236 
533239 
533242 
533245 
533248 
533253 
533259 
533265 
533271 
533277 
533283 
533289 
533300 
533303 
533306 
533309 
533312 
533315 
533318 
533323 
533326 
533329 
533332 
533335 
533338 
533341 
533346 
533351 
533356 
533361 
533366 
533371 
533376 
533385 
533388 
533391 
533394 
533397 
533400 
533403 
533408 
533411 
533414 
533417 
533420 
533423 
533426 
533431 
533434 
533437 
533440 
533443 
533446 
533449 
533454 
533460 
533466 
533472 
533478 
533484 
533490 
533501 
533502 
533503 
533504 
533505 
533506 
533507 
533508 
533511 
533514 
533517 
533520 
533523 
533526 
533531 
533534 
533537 
533540 
533543 
533546 
533549 
533554 
533557 
533560 
533563 
533566 
533569 
533572 
533577 
533581 
533585 
533589 
533593 
533597 
533601 
533608 
533610 
533612 
533614 
533616 
533618 
533620 
533623 
533625 
533627 
533629 
533631 
533633 
533635 
533638 
533640 
533642 
533644 
533646 
533648 
533650 
533653 
533656 
533659 
533662 
533665 
533668 
533671 
533676 
533681 
533686 
533691 
533696 
533701 
533706 
533715 
533720 
533725 
533730 
533735 
533740 
533745 
533754 
533757 
533760 
533763 
533766 
533769 
533772 
533777 
533780 
533783 
533786 
533789 
533792 
533795 
533800 
533803 
533806 
533809 
533812 
533815 
533818 
533823 
533827 
533831 
533835 
533839 
533843 
533847 
533854 
533857 
533860 
533863 
533866 
533869 
533872 
533877 
533882 
533887 
533892 
533897 
533902 
533907 
533916 
533920 
533924 
533928 
533932 
533936 
533940 
533947 
533951 
533955 
533959 
533963 
533967 
533971 
533978 
533983 
533988 
533993 
533998 
534003 
534008 
534017 
534020 
534023 
534026 
534029 
534032 
534035 
534040 
534043 
534046 
534049 
534052 
534055 
534058 
534063 
534066 
534069 
534072 
534075 
534078 
534081 
534086 
534090 
534094 
534098 
534102 
534106 
534110 
534117 
534120 
534123 
534126 
534129 
534132 
534135 
534140 
534145 
534150 
534155 
534160 
534165 
534170 
534179 
534182 
534185 
534188 
534191 
534194 
534197 
534202 
534204 
534206 
534208 
534210 
534212 
534214 
534217 
534220 
534223 
534226 
534229 
534232 
534235 
534240 
534245 
534250 
534255 
534260 
534265 
534270 
534279 
534283 
534287 
534291 
534295 
534299 
534303 
534310 
534314 
534318 
534322 
534326 
534330 
534334 
534341 
534344 
534347 
534350 
534353 
534356 
534359 
534364 
534367 
534370 
534373 
534376 
534379 
534382 
534387 
534390 
534393 
534396 
534399 
534402 
534405 
534410 
534412 
534414 
534416 
534418 
534420 
534422 
534425 
534428 
534431 
534434 
534437 
534440 
534443 
534448 
534450 
534452 
534454 
534456 
534458 
534460 
534463 
534469 
534475 
534481 
534487 
534493 
534499 
534510 
534513 
534516 
534519 
534522 
534525 
534528 
534533 
534536 
534539 
534542 
534545 
534548 
534551 
534556 
534560 
534564 
534568 
534572 
534576 
534580 
534587 
534592 
534597 
534602 
534607 
534612 
534617 
534626 
534629 
534632 
534635 
534638 
534641 
534644 
534649 
534652 
534655 
534658 
534661 
534664 
534667 
534672 
534675 
534678 
534681 
534684 
534687 
534690 
534695 
534699 
534703 
534707 
534711 
534715 
534719 
534726 
534728 
534730 
534732 
534734 
534736 
534738 
534741 
534743 
534745 
534747 
534749 
534751 
534753 
534756 
534758 
534760 
534762 
534764 
534766 
534768 
534771 
534774 
534777 
534780 
534783 
534786 
534789 
534794 
534797 
534800 
534803 
534806 
534809 
534812 
534817 
534820 
534823 
534826 
534829 
534832 
534835 
534840 
534842 
534844 
534846 
534848 
534850 
534852 
534855 
534857 
534859 
534861 
534863 
534865 
534867 
534870 
534874 
534878 
534882 
534886 
534890 
534894 
534901 
534905 
534909 
534913 
534917 
534921 
534925 
534932 
534934 
534936 
534938 
534940 
534942 
534944 
534947 
534950 
534953 
534956 
534959 
534962 
534965 
534970 
534975 
534980 
534985 
534990 
534995 
535000 
535009 
535014 
535019 
535024 
535029 
535034 
535039 
535048 
535051 
535054 
535057 
535060 
535063 
535066 
535071 
535076 
535081 
535086 
535091 
535096 
535101 
535110 
535115 
535120 
535125 
535130 
535135 
535140 
535149 
535153 
535157 
535161 
535165 
535169 
535173 
535180 
535183 
535186 
535189 
535192 
535195 
535198 
535203 
535205 
535207 
535209 
535211 
535213 
535215 
535218 
535221 
535224 
535227 
535230 
535233 
535236 
535241 
535244 
535247 
535250 
535253 
535256 
535259 
535264 
535268 
535272 
535276 
535280 
535284 
535288 
535295 
535297 
535299 
535301 
535303 
535305 
535307 
535310 
535314 
535318 
535322 
535326 
535330 
535334 
535341 
535343 
535345 
535347 
535349 
535351 
535353 
535356 
535359 
535362 
535365 
535368 
535371 
535374 
535379 
535381 
535383 
535385 
535387 
535389 
535391 
535394 
535398 
535402 
535406 
535410 
535414 
535418 
535425 
535429 
535433 
535437 
535441 
535445 
535449 
535456 
535460 
535464 
535468 
535472 
535476 
535480 
535487 
535493 
535499 
535505 
535511 
535517 
535523 
535534 
535537 
535540 
535543 
535546 
535549 
535552 
535557 
535562 
535567 
535572 
535577 
535582 
535587 
535596 
535600 
535604 
535608 
535612 
535616 
535620 
535627 
535630 
535633 
535636 
535639 
535642 
535645 
535650 
535654 
535658 
535662 
535666 
535670 
535674 
535681 
535686 
535691 
535696 
535701 
535706 
535711 
535720 
535724 
535728 
535732 
535736 
535740 
535744 
535751 
535754 
535757 
535760 
535763 
535766 
535769 
535774 
535778 
535782 
535786 
535790 
535794 
535798 
535805 
535808 
535811 
535814 
535817 
535820 
535823 
535828 
535833 
535838 
535843 
535848 
535853 
535858 
535867 
535872 
535877 
535882 
535887 
535892 
535897 
535906 
535910 
535914 
535918 
535922 
535926 
535930 
535937 
535940 
535943 
535946 
535949 
535952 
535955 
535960 
535965 
535970 
535975 
535980 
535985 
535990 
535999 
536004 
536009 
536014 
536019 
536024 
536029 
536038 
536042 
536046 
536050 
536054 
536058 
536062 
536069 
536072 
536075 
536078 
536081 
536084 
536087 
536092 
536095 
536098 
536101 
536104 
536107 
536110 
536115 
536121 
536127 
536133 
536139 
536145 
536151 
536162 
536166 
536170 
536174 
536178 
536182 
536186 
536193 
536196 
536199 
536202 
536205 
536208 
536211 
536216 
536220 
536224 
536228 
536232 
536236 
536240 
536247 
536251 
536255 
536259 
536263 
536267 
536271 
536278 
536282 
536286 
536290 
536294 
536298 
536302 
536309 
536314 
536319 
536324 
536329 
536334 
536339 
536348 
536352 
536356 
536360 
536364 
536368 
536372 
536379 
536383 
536387 
536391 
536395 
536399 
536403 
536410 
536415 
536420 
536425 
536430 
536435 
536440 
536449 
536452 
536455 
536458 
536461 
536464 
536467 
536472 
536476 
536480 
536484 
536488 
536492 
536496 
536503 
536506 
536509 
536512 
536515 
536518 
536521 
536526 
536530 
536534 
536538 
536542 
536546 
536550 
536557 
536562 
536567 
536572 
536577 
536582 
536587 
536596 
536602 
536608 
536614 
536620 
536626 
536632 
536643 
536649 
536655 
536661 
536667 
536673 
536679 
536690 
536694 
536698 
536702 
536706 
536710 
536714 
536721 
536726 
536731 
536736 
536741 
536746 
536751 
536760 
536767 
536774 
536781 
536788 
536795 
536802 
536815 
536819 
536823 
536827 
536831 
536835 
536839 
536846 
536851 
536856 
536861 
536866 
536871 
536876 
536885 
536889 
536893 
536897 
536901 
536905 
536909 
536916 
536919 
536922 
536925 
536928 
536931 
536934 
536939 
536942 
536945 
536948 
536951 
536954 
536957 
536962 
536966 
536970 
536974 
536978 
536982 
536986 
536993 
537000 
537007 
537014 
537021 
537028 
537035 
537048 
537053 
537058 
537063 
537068 
537073 
537078 
537087 
537090 
537093 
537096 
537099 
537102 
537105 
537110 
537116 
537122 
537128 
537134 
537140 
537146 
537157 
537161 
537165 
537169 
537173 
537177 
537181 
537188 
537192 
537196 
537200 
537204 
537208 
537212 
537219 
537222 
537225 
537228 
537231 
537234 
537237 
537242 
537246 
537250 
537254 
537258 
537262 
537266 
537273 
537275 
537277 
537279 
537281 
537283 
537285 
537288 
537293 
537298 
537303 
537308 
537313 
537318 
537327 
537332 
537337 
537342 
537347 
537352 
537357 
537366 
537369 
537372 
537375 
537378 
537381 
537384 
537389 
537392 
537395 
537398 
537401 
537404 
537407 
537412 
537414 
537416 
537418 
537420 
537422 
537424 
537427 
537431 
537435 
537439 
537443 
537447 
537451 
537458 
537463 
537468 
537473 
537478 
537483 
537488 
537497 
537501 
537505 
537509 
537513 
537517 
537521 
537528 
537530 
537532 
537534 
537536 
537538 
537540 
537543 
537546 
537549 
537552 
537555 
537558 
537561 
537566 
537569 
537572 
537575 
537578 
537581 
537584 
537589 
537592 
537595 
537598 
537601 
537604 
537607 
537612 
537618 
537624 
537630 
537636 
537642 
537648 
537659 
537662 
537665 
537668 
537671 
537674 
537677 
537682 
537685 
537688 
537691 
537694 
537697 
537700 
537705 
537708 
537711 
537714 
537717 
537720 
537723 
537728 
537733 
537738 
537743 
537748 
537753 
537758 
537767 
537770 
537773 
537776 
537779 
537782 
537785 
537790 
537794 
537798 
537802 
537806 
537810 
537814 
537821 
537824 
537827 
537830 
537833 
537836 
537839 
537844 
537846 
537848 
537850 
537852 
537854 
537856 
537859 
537861 
537863 
537865 
537867 
537869 
537871 
537874 
537880 
537886 
537892 
537898 
537904 
537910 
537921 
537925 
537929 
537933 
537937 
537941 
537945 
537952 
537955 
537958 
537961 
537964 
537967 
537970 
537975 
537979 
537983 
537987 
537991 
537995 
537999 
538006 
538008 
538010 
538012 
538014 
538016 
538018 
538021 
538025 
538029 
538033 
538037 
538041 
538045 
538052 
538057 
538062 
538067 
538072 
538077 
538082 
538091 
538095 
538099 
538103 
538107 
538111 
538115 
538122 
538126 
538130 
538134 
538138 
538142 
538146 
538153 
538156 
538159 
538162 
538165 
538168 
538171 
538176 
538182 
538188 
538194 
538200 
538206 
538212 
538223 
538227 
538231 
538235 
538239 
538243 
538247 
538254 
538257 
538260 
538263 
538266 
538269 
538272 
538277 
538282 
538287 
538292 
538297 
538302 
538307 
538316 
538321 
538326 
538331 
538336 
538341 
538346 
538355 
538359 
538363 
538367 
538371 
538375 
538379 
538386 
538387 
538388 
538389 
538390 
538391 
538392 
538393 
538397 
538401 
538405 
538409 
538413 
538417 
538424 
538428 
538432 
538436 
538440 
538444 
538448 
538455 
538459 
538463 
538467 
538471 
538475 
538479 
538486 
538491 
538496 
538501 
538506 
538511 
538516 
538525 
538528 
538531 
538534 
538537 
538540 
538543 
538548 
538553 
538558 
538563 
538568 
538573 
538578 
538587 
538590 
538593 
538596 
538599 
538602 
538605 
538610 
538614 
538618 
538622 
538626 
538630 
538634 
538641 
538645 
538649 
538653 
538657 
538661 
538665 
538672 
538673 
538674 
538675 
538676 
538677 
538678 
538679 
538682 
538685 
538688 
538691 
538694 
538697 
538702 
538706 
538710 
538714 
538718 
538722 
538726 
538733 
538738 
538743 
538748 
538753 
538758 
538763 
538772 
538777 
538782 
538787 
538792 
538797 
538802 
538811 
538816 
538821 
538826 
538831 
538836 
538841 
538850 
538855 
538860 
538865 
538870 
538875 
538880 
538889 
538894 
538899 
538904 
538909 
538914 
538919 
538928 
538933 
538938 
538943 
538948 
538953 
538958 
538967 
538972 
538977 
538982 
538987 
538992 
538997 
539006 
539009 
539012 
539015 
539018 
539021 
539024 
539029 
539031 
539033 
539035 
539037 
539039 
539041 
539044 
539046 
539048 
539050 
539052 
539054 
539056 
539059 
539063 
539067 
539071 
539075 
539079 
539083 
539090 
539094 
539098 
539102 
539106 
539110 
539114 
539121 
539124 
539127 
539130 
539133 
539136 
539139 
539144 
539147 
539150 
539153 
539156 
539159 
539162 
539167 
539171 
539175 
539179 
539183 
539187 
539191 
539198 
539201 
539204 
539207 
539210 
539213 
539216 
539221 
539223 
539225 
539227 
539229 
539231 
539233 
539236 
539241 
539246 
539251 
539256 
539261 
539266 
539275 
539279 
539283 
539287 
539291 
539295 
539299 
539306 
539311 
539316 
539321 
539326 
539331 
539336 
539345 
539349 
539353 
539357 
539361 
539365 
539369 
539376 
539382 
539388 
539394 
539400 
539406 
539412 
539423 
539426 
539429 
539432 
539435 
539438 
539441 
539446 
539450 
539454 
539458 
539462 
539466 
539470 
539477 
539482 
539487 
539492 
539497 
539502 
539507 
539516 
539522 
539528 
539534 
539540 
539546 
539552 
539563 
539567 
539571 
539575 
539579 
539583 
539587 
539594 
539599 
539604 
539609 
539614 
539619 
539624 
539633 
539636 
539639 
539642 
539645 
539648 
539651 
539656 
539659 
539662 
539665 
539668 
539671 
539674 
539679 
539683 
539687 
539691 
539695 
539699 
539703 
539710 
539714 
539718 
539722 
539726 
539730 
539734 
539741 
539746 
539751 
539756 
539761 
539766 
539771 
539780 
539784 
539788 
539792 
539796 
539800 
539804 
539811 
539817 
539823 
539829 
539835 
539841 
539847 
539858 
539862 
539866 
539870 
539874 
539878 
539882 
539889 
539894 
539899 
539904 
539909 
539914 
539919 
539928 
539934 
539940 
539946 
539952 
539958 
539964 
539975 
539980 
539985 
539990 
539995 
540000 
540005 
540014 
540019 
540024 
540029 
540034 
540039 
540044 
540053 
540059 
540065 
540071 
540077 
540083 
540089 
540100 
540103 
540106 
540109 
540112 
540115 
540118 
540123 
540128 
540133 
540138 
540143 
540148 
540153 
540162 
540166 
540170 
540174 
540178 
540182 
540186 
540193 
540197 
540201 
540205 
540209 
540213 
540217 
540224 
540227 
540230 
540233 
540236 
540239 
540242 
540247 
540251 
540255 
540259 
540263 
540267 
540271 
540278 
540282 
540286 
540290 
540294 
540298 
540302 
540309 
540314 
540319 
540324 
540329 
540334 
540339 
540348 
540355 
540362 
540369 
540376 
540383 
540390 
540403 
540408 
540413 
540418 
540423 
540428 
540433 
540442 
540448 
540454 
540460 
540466 
540472 
540478 
540489 
540493 
540497 
540501 
540505 
540509 
540513 
540520 
540523 
540526 
540529 
540532 
540535 
540538 
540543 
540545 
540547 
540549 
540551 
540553 
540555 
540558 
540565 
540572 
540579 
540586 
540593 
540600 
540613 
540618 
540623 
540628 
540633 
540638 
540643 
540652 
540656 
540660 
540664 
540668 
540672 
540676 
540683 
540688 
540693 
540698 
540703 
540708 
540713 
540722 
540727 
540732 
540737 
540742 
540747 
540752 
540761 
540765 
540769 
540773 
540777 
540781 
540785 
540792 
540797 
540802 
540807 
540812 
540817 
540822 
540831 
540836 
540841 
540846 
540851 
540856 
540861 
540870 
540873 
540876 
540879 
540882 
540885 
540888 
540893 
540897 
540901 
540905 
540909 
540913 
540917 
540924 
540927 
540930 
540933 
540936 
540939 
540942 
540947 
540951 
540955 
540959 
540963 
540967 
540971 
540978 
540983 
540988 
540993 
540998 
541003 
541008 
541017 
541019 
541021 
541023 
541025 
541027 
541029 
541032 
541039 
541046 
541053 
541060 
541067 
541074 
541087 
541091 
541095 
541099 
541103 
541107 
541111 
541118 
541122 
541126 
541130 
541134 
541138 
541142 
541149 
541153 
541157 
541161 
541165 
541169 
541173 
541180 
541187 
541194 
541201 
541208 
541215 
541222 
541235 
541240 
541245 
541250 
541255 
541260 
541265 
541274 
541278 
541282 
541286 
541290 
541294 
541298 
541305 
541308 
541311 
541314 
541317 
541320 
541323 
541328 
541335 
541342 
541349 
541356 
541363 
541370 
541383 
541386 
541389 
541392 
541395 
541398 
541401 
541406 
541410 
541414 
541418 
541422 
541426 
541430 
541437 
541443 
541449 
541455 
541461 
541467 
541473 
541484 
541490 
541496 
541502 
541508 
541514 
541520 
541531 
541535 
541539 
541543 
541547 
541551 
541555 
541562 
541565 
541568 
541571 
541574 
541577 
541580 
541585 
541590 
541595 
541600 
541605 
541610 
541615 
541624 
541628 
541632 
541636 
541640 
541644 
541648 
541655 
541658 
541661 
541664 
541667 
541670 
541673 
541678 
541684 
541690 
541696 
541702 
541708 
541714 
541725 
541730 
541735 
541740 
541745 
541750 
541755 
541764 
541770 
541776 
541782 
541788 
541794 
541800 
541811 
541816 
541821 
541826 
541831 
541836 
541841 
541850 
541853 
541856 
541859 
541862 
541865 
541868 
541873 
541877 
541881 
541885 
541889 
541893 
541897 
541904 
541909 
541914 
541919 
541924 
541929 
541934 
541943 
541948 
541953 
541958 
541963 
541968 
541973 
541982 
541986 
541990 
541994 
541998 
542002 
542006 
542013 
542017 
542021 
542025 
542029 
542033 
542037 
542044 
542048 
542052 
542056 
542060 
542064 
542068 
542075 
542077 
542079 
542081 
542083 
542085 
542087 
542090 
542093 
542096 
542099 
542102 
542105 
542108 
542113 
542118 
542123 
542128 
542133 
542138 
542143 
542152 
542157 
542162 
542167 
542172 
542177 
542182 
542191 
542196 
542201 
542206 
542211 
542216 
542221 
542230 
542234 
542238 
542242 
542246 
542250 
542254 
542261 
542264 
542267 
542270 
542273 
542276 
542279 
542284 
542288 
542292 
542296 
542300 
542304 
542308 
542315 
542317 
542319 
542321 
542323 
542325 
542327 
542330 
542332 
542334 
542336 
542338 
542340 
542342 
542345 
542349 
542353 
542357 
542361 
542365 
542369 
542376 
542379 
542382 
542385 
542388 
542391 
542394 
542399 
542404 
542409 
542414 
542419 
542424 
542429 
542438 
542441 
542444 
542447 
542450 
542453 
542456 
542461 
542464 
542467 
542470 
542473 
542476 
542479 
542484 
542487 
542490 
542493 
542496 
542499 
542502 
542507 
542511 
542515 
542519 
542523 
542527 
542531 
542538 
542542 
542546 
542550 
542554 
542558 
542562 
542569 
542573 
542577 
542581 
542585 
542589 
542593 
542600 
542604 
542608 
542612 
542616 
542620 
542624 
542631 
542633 
542635 
542637 
542639 
542641 
542643 
542646 
542650 
542654 
542658 
542662 
542666 
542670 
542677 
542681 
542685 
542689 
542693 
542697 
542701 
542708 
542711 
542714 
542717 
542720 
542723 
542726 
542731 
542735 
542739 
542743 
542747 
542751 
542755 
542762 
542765 
542768 
542771 
542774 
542777 
542780 
542785 
542788 
542791 
542794 
542797 
542800 
542803 
542808 
542811 
542814 
542817 
542820 
542823 
542826 
542831 
542835 
542839 
542843 
542847 
542851 
542855 
542862 
542864 
542866 
542868 
542870 
542872 
542874 
542877 
542883 
542889 
542895 
542901 
542907 
542913 
542924 
542927 
542930 
542933 
542936 
542939 
542942 
542947 
542950 
542953 
542956 
542959 
542962 
542965 
542970 
542974 
542978 
542982 
542986 
542990 
542994 
543001 
543005 
543009 
543013 
543017 
543021 
543025 
543032 
543035 
543038 
543041 
543044 
543047 
543050 
543055 
543060 
543065 
543070 
543075 
543080 
543085 
543094 
543097 
543100 
543103 
543106 
543109 
543112 
543117 
543120 
543123 
543126 
543129 
543132 
543135 
543140 
543144 
543148 
543152 
543156 
543160 
543164 
543171 
543174 
543177 
543180 
543183 
543186 
543189 
543194 
543196 
543198 
543200 
543202 
543204 
543206 
543209 
543212 
543215 
543218 
543221 
543224 
543227 
543232 
543238 
543244 
543250 
543256 
543262 
543268 
543279 
543282 
543285 
543288 
543291 
543294 
543297 
543302 
543304 
543306 
543308 
543310 
543312 
543314 
543317 
543320 
543323 
543326 
543329 
543332 
543335 
543340 
543346 
543352 
543358 
543364 
543370 
543376 
543387 
543391 
543395 
543399 
543403 
543407 
543411 
543418 
543423 
543428 
543433 
543438 
543443 
543448 
543457 
543460 
543463 
543466 
543469 
543472 
543475 
543480 
543482 
543484 
543486 
543488 
543490 
543492 
543495 
543497 
543499 
543501 
543503 
543505 
543507 
543510 
543512 
543514 
543516 
543518 
543520 
543522 
543525 
543526 
543527 
543528 
543529 
543530 
543531 
543532 
543533 
543534 
543535 
543536 
543537 
543538 
543539 
543544 
543549 
543554 
543559 
543564 
543569 
543578 
543582 
543586 
543590 
543594 
543598 
543602 
543609 
543614 
543619 
543624 
543629 
543634 
543639 
543648 
543652 
543656 
543660 
543664 
543668 
543672 
543679 
543686 
543693 
543700 
543707 
543714 
543721 
543734 
543739 
543744 
543749 
543754 
543759 
543764 
543773 
543778 
543783 
543788 
543793 
543798 
543803 
543812 
543818 
543824 
543830 
543836 
543842 
543848 
543859 
543865 
543871 
543877 
543883 
543889 
543895 
543906 
543909 
543912 
543915 
543918 
543921 
543924 
543929 
543934 
543939 
543944 
543949 
543954 
543959 
543968 
543972 
543976 
543980 
543984 
543988 
543992 
543999 
544002 
544005 
544008 
544011 
544014 
544017 
544022 
544025 
544028 
544031 
544034 
544037 
544040 
544045 
544048 
544051 
544054 
544057 
544060 
544063 
544068 
544073 
544078 
544083 
544088 
544093 
544098 
544107 
544112 
544117 
544122 
544127 
544132 
544137 
544146 
544153 
544160 
544167 
544174 
544181 
544188 
544201 
544208 
544215 
544222 
544229 
544236 
544243 
544256 
544260 
544264 
544268 
544272 
544276 
544280 
544287 
544291 
544295 
544299 
544303 
544307 
544311 
544318 
544321 
544324 
544327 
544330 
544333 
544336 
544341 
544345 
544349 
544353 
544357 
544361 
544365 
544372 
544376 
544380 
544384 
544388 
544392 
544396 
544403 
544408 
544413 
544418 
544423 
544428 
544433 
544442 
544446 
544450 
544454 
544458 
544462 
544466 
544473 
544476 
544479 
544482 
544485 
544488 
544491 
544496 
544499 
544502 
544505 
544508 
544511 
544514 
544519 
544524 
544529 
544534 
544539 
544544 
544549 
544558 
544561 
544564 
544567 
544570 
544573 
544576 
544581 
544583 
544585 
544587 
544589 
544591 
544593 
544596 
544599 
544602 
544605 
544608 
544611 
544614 
544619 
544622 
544625 
544628 
544631 
544634 
544637 
544642 
544645 
544648 
544651 
544654 
544657 
544660 
544665 
544667 
544669 
544671 
544673 
544675 
544677 
544680 
544685 
544690 
544695 
544700 
544705 
544710 
544719 
544723 
544727 
544731 
544735 
544739 
544743 
544750 
544755 
544760 
544765 
544770 
544775 
544780 
544789 
544795 
544801 
544807 
544813 
544819 
544825 
544836 
544840 
544844 
544848 
544852 
544856 
544860 
544867 
544872 
544877 
544882 
544887 
544892 
544897 
544906 
544911 
544916 
544921 
544926 
544931 
544936 
544945 
544948 
544951 
544954 
544957 
544960 
544963 
544968 
544970 
544972 
544974 
544976 
544978 
544980 
544983 
544985 
544987 
544989 
544991 
544993 
544995 
544998 
545001 
545004 
545007 
545010 
545013 
545016 
545021 
545024 
545027 
545030 
545033 
545036 
545039 
545044 
545046 
545048 
545050 
545052 
545054 
545056 
545059 
545063 
545067 
545071 
545075 
545079 
545083 
545090 
545094 
545098 
545102 
545106 
545110 
545114 
545121 
545124 
545127 
545130 
545133 
545136 
545139 
545144 
545146 
545148 
545150 
545152 
545154 
545156 
545159 
545165 
545171 
545177 
545183 
545189 
545195 
545206 
545210 
545214 
545218 
545222 
545226 
545230 
545237 
545242 
545247 
545252 
545257 
545262 
545267 
545276 
545281 
545286 
545291 
545296 
545301 
545306 
545315 
545320 
545325 
545330 
545335 
545340 
545345 
545354 
545360 
545366 
545372 
545378 
545384 
545390 
545401 
545406 
545411 
545416 
545421 
545426 
545431 
545440 
545444 
545448 
545452 
545456 
545460 
545464 
545471 
545474 
545477 
545480 
545483 
545486 
545489 
545494 
545498 
545502 
545506 
545510 
545514 
545518 
545525 
545529 
545533 
545537 
545541 
545545 
545549 
545556 
545560 
545564 
545568 
545572 
545576 
545580 
545587 
545592 
545597 
545602 
545607 
545612 
545617 
545626 
545630 
545634 
545638 
545642 
545646 
545650 
545657 
545661 
545665 
545669 
545673 
545677 
545681 
545688 
545692 
545696 
545700 
545704 
545708 
545712 
545719 
545722 
545725 
545728 
545731 
545734 
545737 
545742 
545746 
545750 
545754 
545758 
545762 
545766 
545773 
545777 
545781 
545785 
545789 
545793 
545797 
545804 
545808 
545812 
545816 
545820 
545824 
545828 
545835 
545839 
545843 
545847 
545851 
545855 
545859 
545866 
545869 
545872 
545875 
545878 
545881 
545884 
545889 
545894 
545899 
545904 
545909 
545914 
545919 
545928 
545932 
545936 
545940 
545944 
545948 
545952 
545959 
545963 
545967 
545971 
545975 
545979 
545983 
545990 
545994 
545998 
546002 
546006 
546010 
546014 
546021 
546022 
546023 
546024 
546025 
546026 
546027 
546028 
546033 
546038 
546043 
546048 
546053 
546058 
546067 
546072 
546077 
546082 
546087 
546092 
546097 
546106 
546112 
546118 
546124 
546130 
546136 
546142 
546153 
546160 
546167 
546174 
546181 
546188 
546195 
546208 
546212 
546216 
546220 
546224 
546228 
546232 
546239 
546242 
546245 
546248 
546251 
546254 
546257 
546262 
546266 
546270 
546274 
546278 
546282 
546286 
546293 
546296 
546299 
546302 
546305 
546308 
546311 
546316 
546319 
546322 
546325 
546328 
546331 
546334 
546339 
546343 
546347 
546351 
546355 
546359 
546363 
546370 
546374 
546378 
546382 
546386 
546390 
546394 
546401 
546405 
546409 
546413 
546417 
546421 
546425 
546432 
546437 
546442 
546447 
546452 
546457 
546462 
546471 
546474 
546477 
546480 
546483 
546486 
546489 
546494 
546498 
546502 
546506 
546510 
546514 
546518 
546525 
546528 
546531 
546534 
546537 
546540 
546543 
546548 
546555 
546562 
546569 
546576 
546583 
546590 
546603 
546605 
546607 
546609 
546611 
546613 
546615 
546618 
546622 
546626 
546630 
546634 
546638 
546642 
546649 
546652 
546655 
546658 
546661 
546664 
546667 
546672 
546675 
546678 
546681 
546684 
546687 
546690 
546695 
546699 
546703 
546707 
546711 
546715 
546719 
546726 
546731 
546736 
546741 
546746 
546751 
546756 
546765 
546769 
546773 
546777 
546781 
546785 
546789 
546796 
546802 
546808 
546814 
546820 
546826 
546832 
546843 
546845 
546847 
546849 
546851 
546853 
546855 
546858 
546862 
546866 
546870 
546874 
546878 
546882 
546889 
546893 
546897 
546901 
546905 
546909 
546913 
546920 
546924 
546928 
546932 
546936 
546940 
546944 
546951 
546953 
546955 
546957 
546959 
546961 
546963 
546966 
546971 
546976 
546981 
546986 
546991 
546996 
547005 
547008 
547011 
547014 
547017 
547020 
547023 
547028 
547032 
547036 
547040 
547044 
547048 
547052 
547059 
547062 
547065 
547068 
547071 
547074 
547077 
547082 
547089 
547096 
547103 
547110 
547117 
547124 
547137 
547141 
547145 
547149 
547153 
547157 
547161 
547168 
547172 
547176 
547180 
547184 
547188 
547192 
547199 
547203 
547207 
547211 
547215 
547219 
547223 
547230 
547236 
547242 
547248 
547254 
547260 
547266 
547277 
547281 
547285 
547289 
547293 
547297 
547301 
547308 
547312 
547316 
547320 
547324 
547328 
547332 
547339 
547343 
547347 
547351 
547355 
547359 
547363 
547370 
547372 
547374 
547376 
547378 
547380 
547382 
547385 
547388 
547391 
547394 
547397 
547400 
547403 
547408 
547411 
547414 
547417 
547420 
547423 
547426 
547431 
547434 
547437 
547440 
547443 
547446 
547449 
547454 
547460 
547466 
547472 
547478 
547484 
547490 
547501 
547504 
547507 
547510 
547513 
547516 
547519 
547524 
547526 
547528 
547530 
547532 
547534 
547536 
547539 
547540 
547541 
547542 
547543 
547544 
547545 
547546 
547551 
547556 
547561 
547566 
547571 
547576 
547585 
547588 
547591 
547594 
547597 
547600 
547603 
547608 
547610 
547612 
547614 
547616 
547618 
547620 
547623 
547624 
547625 
547626 
547627 
547628 
547629 
547630 
547633 
547636 
547639 
547642 
547645 
547648 
547653 
547659 
547665 
547671 
547677 
547683 
547689 
547700 
547704 
547708 
547712 
547716 
547720 
547724 
547731 
547736 
547741 
547746 
547751 
547756 
547761 
547770 
547773 
547776 
547779 
547782 
547785 
547788 
547793 
547798 
547803 
547808 
547813 
547818 
547823 
547832 
547837 
547842 
547847 
547852 
547857 
547862 
547871 
547877 
547883 
547889 
547895 
547901 
547907 
547918 
547920 
547922 
547924 
547926 
547928 
547930 
547933 
547939 
547945 
547951 
547957 
547963 
547969 
547980 
547984 
547988 
547992 
547996 
548000 
548004 
548011 
548016 
548021 
548026 
548031 
548036 
548041 
548050 
548053 
548056 
548059 
548062 
548065 
548068 
548073 
548079 
548085 
548091 
548097 
548103 
548109 
548120 
548124 
548128 
548132 
548136 
548140 
548144 
548151 
548154 
548157 
548160 
548163 
548166 
548169 
548174 
548177 
548180 
548183 
548186 
548189 
548192 
548197 
548201 
548205 
548209 
548213 
548217 
548221 
548228 
548232 
548236 
548240 
548244 
548248 
548252 
548259 
548265 
548271 
548277 
548283 
548289 
548295 
548306 
548310 
548314 
548318 
548322 
548326 
548330 
548337 
548340 
548343 
548346 
548349 
548352 
548355 
548360 
548363 
548366 
548369 
548372 
548375 
548378 
548383 
548388 
548393 
548398 
548403 
548408 
548413 
548422 
548427 
548432 
548437 
548442 
548447 
548452 
548461 
548465 
548469 
548473 
548477 
548481 
548485 
548492 
548495 
548498 
548501 
548504 
548507 
548510 
548515 
548518 
548521 
548524 
548527 
548530 
548533 
548538 
548544 
548550 
548556 
548562 
548568 
548574 
548585 
548590 
548595 
548600 
548605 
548610 
548615 
548624 
548627 
548630 
548633 
548636 
548639 
548642 
548647 
548650 
548653 
548656 
548659 
548662 
548665 
548670 
548676 
548682 
548688 
548694 
548700 
548706 
548717 
548721 
548725 
548729 
548733 
548737 
548741 
548748 
548752 
548756 
548760 
548764 
548768 
548772 
548779 
548784 
548789 
548794 
548799 
548804 
548809 
548818 
548822 
548826 
548830 
548834 
548838 
548842 
548849 
548855 
548861 
548867 
548873 
548879 
548885 
548896 
548901 
548906 
548911 
548916 
548921 
548926 
548935 
548940 
548945 
548950 
548955 
548960 
548965 
548974 
548977 
548980 
548983 
548986 
548989 
548992 
548997 
549000 
549003 
549006 
549009 
549012 
549015 
549020 
549023 
549026 
549029 
549032 
549035 
549038 
549043 
549046 
549049 
549052 
549055 
549058 
549061 
549066 
549070 
549074 
549078 
549082 
549086 
549090 
549097 
549099 
549101 
549103 
549105 
549107 
549109 
549112 
549116 
549120 
549124 
549128 
549132 
549136 
549143 
549148 
549153 
549158 
549163 
549168 
549173 
549182 
549186 
549190 
549194 
549198 
549202 
549206 
549213 
549217 
549221 
549225 
549229 
549233 
549237 
549244 
549250 
549256 
549262 
549268 
549274 
549280 
549291 
549296 
549301 
549306 
549311 
549316 
549321 
549330 
549334 
549338 
549342 
549346 
549350 
549354 
549361 
549364 
549367 
549370 
549373 
549376 
549379 
549384 
549389 
549394 
549399 
549404 
549409 
549414 
549423 
549428 
549433 
549438 
549443 
549448 
549453 
549462 
549467 
549472 
549477 
549482 
549487 
549492 
549501 
549506 
549511 
549516 
549521 
549526 
549531 
549540 
549544 
549548 
549552 
549556 
549560 
549564 
549571 
549577 
549583 
549589 
549595 
549601 
549607 
549618 
549622 
549626 
549630 
549634 
549638 
549642 
549649 
549652 
549655 
549658 
549661 
549664 
549667 
549672 
549674 
549676 
549678 
549680 
549682 
549684 
549687 
549691 
549695 
549699 
549703 
549707 
549711 
549718 
549720 
549722 
549724 
549726 
549728 
549730 
549733 
549739 
549745 
549751 
549757 
549763 
549769 
549780 
549784 
549788 
549792 
549796 
549800 
549804 
549811 
549814 
549817 
549820 
549823 
549826 
549829 
549834 
549836 
549838 
549840 
549842 
549844 
549846 
549849 
549853 
549857 
549861 
549865 
549869 
549873 
549880 
549882 
549884 
549886 
549888 
549890 
549892 
549895 
549898 
549901 
549904 
549907 
549910 
549913 
549918 
549921 
549924 
549927 
549930 
549933 
549936 
549941 
549944 
549947 
549950 
549953 
549956 
549959 
549964 
549968 
549972 
549976 
549980 
549984 
549988 
549995 
549997 
549999 
550001 
550003 
550005 
550007 
550010 
550014 
550018 
550022 
550026 
550030 
550034 
550041 
550044 
550047 
550050 
550053 
550056 
550059 
550064 
550068 
550072 
550076 
550080 
550084 
550088 
550095 
550099 
550103 
550107 
550111 
550115 
550119 
550126 
550130 
550134 
550138 
550142 
550146 
550150 
550157 
550159 
550161 
550163 
550165 
550167 
550169 
550172 
550174 
550176 
550178 
550180 
550182 
550184 
550187 
550193 
550199 
550205 
550211 
550217 
550223 
550234 
550238 
550242 
550246 
550250 
550254 
550258 
550265 
550267 
550269 
550271 
550273 
550275 
550277 
550280 
550283 
550286 
550289 
550292 
550295 
550298 
550303 
550307 
550311 
550315 
550319 
550323 
550327 
550334 
550338 
550342 
550346 
550350 
550354 
550358 
550365 
550370 
550375 
550380 
550385 
550390 
550395 
550404 
550407 
550410 
550413 
550416 
550419 
550422 
550427 
550429 
550431 
550433 
550435 
550437 
550439 
550442 
550445 
550448 
550451 
550454 
550457 
550460 
550465 
550468 
550471 
550474 
550477 
550480 
550483 
550488 
550491 
550494 
550497 
550500 
550503 
550506 
550511 
550515 
550519 
550523 
550527 
550531 
550535 
550542 
550545 
550548 
550551 
550554 
550557 
550560 
550565 
550569 
550573 
550577 
550581 
550585 
550589 
550596 
550599 
550602 
550605 
550608 
550611 
550614 
550619 
550623 
550627 
550631 
550635 
550639 
550643 
550650 
550654 
550658 
550662 
550666 
550670 
550674 
550681 
550682 
550683 
550684 
550685 
550686 
550687 
550688 
550691 
550694 
550697 
550700 
550703 
550706 
550711 
550717 
550723 
550729 
550735 
550741 
550747 
550758 
550762 
550766 
550770 
550774 
550778 
550782 
550789 
550791 
550793 
550795 
550797 
550799 
550801 
550804 
550807 
550810 
550813 
550816 
550819 
550822 
550827 
550830 
550833 
550836 
550839 
550842 
550845 
550850 
550854 
550858 
550862 
550866 
550870 
550874 
550881 
550884 
550887 
550890 
550893 
550896 
550899 
550904 
550906 
550908 
550910 
550912 
550914 
550916 
550919 
550922 
550925 
550928 
550931 
550934 
550937 
550942 
550945 
550948 
550951 
550954 
550957 
550960 
550965 
550968 
550971 
550974 
550977 
550980 
550983 
550988 
550992 
550996 
551000 
551004 
551008 
551012 
551019 
551022 
551025 
551028 
551031 
551034 
551037 
551042 
551047 
551052 
551057 
551062 
551067 
551072 
551081 
551086 
551091 
551096 
551101 
551106 
551111 
551120 
551122 
551124 
551126 
551128 
551130 
551132 
551135 
551138 
551141 
551144 
551147 
551150 
551153 
551158 
551162 
551166 
551170 
551174 
551178 
551182 
551189 
551191 
551193 
551195 
551197 
551199 
551201 
551204 
551207 
551210 
551213 
551216 
551219 
551222 
551227 
551231 
551235 
551239 
551243 
551247 
551251 
551258 
551259 
551260 
551261 
551262 
551263 
551264 
551265 
551269 
551273 
551277 
551281 
551285 
551289 
551296 
551299 
551302 
551305 
551308 
551311 
551314 
551319 
551322 
551325 
551328 
551331 
551334 
551337 
551342 
551346 
551350 
551354 
551358 
551362 
551366 
551373 
551378 
551383 
551388 
551393 
551398 
551403 
551412 
551414 
551416 
551418 
551420 
551422 
551424 
551427 
551431 
551435 
551439 
551443 
551447 
551451 
551458 
551462 
551466 
551470 
551474 
551478 
551482 
551489 
551491 
551493 
551495 
551497 
551499 
551501 
551504 
551507 
551510 
551513 
551516 
551519 
551522 
551527 
551530 
551533 
551536 
551539 
551542 
551545 
551550 
551554 
551558 
551562 
551566 
551570 
551574 
551581 
551584 
551587 
551590 
551593 
551596 
551599 
551604 
551607 
551610 
551613 
551616 
551619 
551622 
551627 
551631 
551635 
551639 
551643 
551647 
551651 
551658 
551662 
551666 
551670 
551674 
551678 
551682 
551689 
551693 
551697 
551701 
551705 
551709 
551713 
551720 
551722 
551724 
551726 
551728 
551730 
551732 
551735 
551740 
551745 
551750 
551755 
551760 
551765 
551774 
551778 
551782 
551786 
551790 
551794 
551798 
551805 
551807 
551809 
551811 
551813 
551815 
551817 
551820 
551823 
551826 
551829 
551832 
551835 
551838 
551843 
551845 
551847 
551849 
551851 
551853 
551855 
551858 
551862 
551866 
551870 
551874 
551878 
551882 
551889 
551894 
551899 
551904 
551909 
551914 
551919 
551928 
551931 
551934 
551937 
551940 
551943 
551946 
551951 
551954 
551957 
551960 
551963 
551966 
551969 
551974 
551978 
551982 
551986 
551990 
551994 
551998 
552005 
552010 
552015 
552020 
552025 
552030 
552035 
552044 
552047 
552050 
552053 
552056 
552059 
552062 
552067 
552072 
552077 
552082 
552087 
552092 
552097 
552106 
552110 
552114 
552118 
552122 
552126 
552130 
552137 
552141 
552145 
552149 
552153 
552157 
552161 
552168 
552171 
552174 
552177 
552180 
552183 
552186 
552191 
552195 
552199 
552203 
552207 
552211 
552215 
552222 
552226 
552230 
552234 
552238 
552242 
552246 
552253 
552256 
552259 
552262 
552265 
552268 
552271 
552276 
552283 
552290 
552297 
552304 
552311 
552318 
552331 
552338 
552345 
552352 
552359 
552366 
552373 
552386 
552389 
552392 
552395 
552398 
552401 
552404 
552409 
552413 
552417 
552421 
552425 
552429 
552433 
552440 
552445 
552450 
552455 
552460 
552465 
552470 
552479 
552484 
552489 
552494 
552499 
552504 
552509 
552518 
552523 
552528 
552533 
552538 
552543 
552548 
552557 
552561 
552565 
552569 
552573 
552577 
552581 
552588 
552592 
552596 
552600 
552604 
552608 
552612 
552619 
552626 
552633 
552640 
552647 
552654 
552661 
552674 
552679 
552684 
552689 
552694 
552699 
552704 
552713 
552715 
552717 
552719 
552721 
552723 
552725 
552728 
552731 
552734 
552737 
552740 
552743 
552746 
552751 
552754 
552757 
552760 
552763 
552766 
552769 
552774 
552777 
552780 
552783 
552786 
552789 
552792 
552797 
552803 
552809 
552815 
552821 
552827 
552833 
552844 
552847 
552850 
552853 
552856 
552859 
552862 
552867 
552869 
552871 
552873 
552875 
552877 
552879 
552882 
552883 
552884 
552885 
552886 
552887 
552888 
552889 
552894 
552899 
552904 
552909 
552914 
552919 
552928 
552931 
552934 
552937 
552940 
552943 
552946 
552951 
552954 
552957 
552960 
552963 
552966 
552969 
552974 
552980 
552986 
552992 
552998 
553004 
553010 
553021 
553028 
553035 
553042 
553049 
553056 
553063 
553076 
553080 
553084 
553088 
553092 
553096 
553100 
553107 
553111 
553115 
553119 
553123 
553127 
553131 
553138 
553143 
553148 
553153 
553158 
553163 
553168 
553177 
553179 
553181 
553183 
553185 
553187 
553189 
553192 
553196 
553200 
553204 
553208 
553212 
553216 
553223 
553225 
553227 
553229 
553231 
553233 
553235 
553238 
553241 
553244 
553247 
553250 
553253 
553256 
553261 
553267 
553273 
553279 
553285 
553291 
553297 
553308 
553312 
553316 
553320 
553324 
553328 
553332 
553339 
553344 
553349 
553354 
553359 
553364 
553369 
553378 
553385 
553392 
553399 
553406 
553413 
553420 
553433 
553437 
553441 
553445 
553449 
553453 
553457 
553464 
553468 
553472 
553476 
553480 
553484 
553488 
553495 
553499 
553503 
553507 
553511 
553515 
553519 
553526 
553532 
553538 
553544 
553550 
553556 
553562 
553573 
553579 
553585 
553591 
553597 
553603 
553609 
553620 
553625 
553630 
553635 
553640 
553645 
553650 
553659 
553662 
553665 
553668 
553671 
553674 
553677 
553682 
553688 
553694 
553700 
553706 
553712 
553718 
553729 
553732 
553735 
553738 
553741 
553744 
553747 
553752 
553757 
553762 
553767 
553772 
553777 
553782 
553791 
553796 
553801 
553806 
553811 
553816 
553821 
553830 
553835 
553840 
553845 
553850 
553855 
553860 
553869 
553875 
553881 
553887 
553893 
553899 
553905 
553916 
553919 
553922 
553925 
553928 
553931 
553934 
553939 
553945 
553951 
553957 
553963 
553969 
553975 
553986 
553991 
553996 
554001 
554006 
554011 
554016 
554025 
554030 
554035 
554040 
554045 
554050 
554055 
554064 
554069 
554074 
554079 
554084 
554089 
554094 
554103 
554107 
554111 
554115 
554119 
554123 
554127 
554134 
554138 
554142 
554146 
554150 
554154 
554158 
554165 
554170 
554175 
554180 
554185 
554190 
554195 
554204 
554209 
554214 
554219 
554224 
554229 
554234 
554243 
554248 
554253 
554258 
554263 
554268 
554273 
554282 
554286 
554290 
554294 
554298 
554302 
554306 
554313 
554317 
554321 
554325 
554329 
554333 
554337 
554344 
554348 
554352 
554356 
554360 
554364 
554368 
554375 
554378 
554381 
554384 
554387 
554390 
554393 
554398 
554400 
554402 
554404 
554406 
554408 
554410 
554413 
554419 
554425 
554431 
554437 
554443 
554449 
554460 
554465 
554470 
554475 
554480 
554485 
554490 
554499 
554501 
554503 
554505 
554507 
554509 
554511 
554514 
554517 
554520 
554523 
554526 
554529 
554532 
554537 
554539 
554541 
554543 
554545 
554547 
554549 
554552 
554558 
554564 
554570 
554576 
554582 
554588 
554599 
554603 
554607 
554611 
554615 
554619 
554623 
554630 
554634 
554638 
554642 
554646 
554650 
554654 
554661 
554666 
554671 
554676 
554681 
554686 
554691 
554700 
554703 
554706 
554709 
554712 
554715 
554718 
554723 
554726 
554729 
554732 
554735 
554738 
554741 
554746 
554751 
554756 
554761 
554766 
554771 
554776 
554785 
554790 
554795 
554800 
554805 
554810 
554815 
554824 
554829 
554834 
554839 
554844 
554849 
554854 
554863 
554866 
554869 
554872 
554875 
554878 
554881 
554886 
554889 
554892 
554895 
554898 
554901 
554904 
554909 
554914 
554919 
554924 
554929 
554934 
554939 
554948 
554952 
554956 
554960 
554964 
554968 
554972 
554979 
554983 
554987 
554991 
554995 
554999 
555003 
555010 
555015 
555020 
555025 
555030 
555035 
555040 
555049 
555054 
555059 
555064 
555069 
555074 
555079 
555088 
555091 
555094 
555097 
555100 
555103 
555106 
555111 
555114 
555117 
555120 
555123 
555126 
555129 
555134 
555137 
555140 
555143 
555146 
555149 
555152 
555157 
555164 
555171 
555178 
555185 
555192 
555199 
555212 
555217 
555222 
555227 
555232 
555237 
555242 
555251 
555258 
555265 
555272 
555279 
555286 
555293 
555306 
555310 
555314 
555318 
555322 
555326 
555330 
555337 
555342 
555347 
555352 
555357 
555362 
555367 
555376 
555380 
555384 
555388 
555392 
555396 
555400 
555407 
555413 
555419 
555425 
555431 
555437 
555443 
555454 
555458 
555462 
555466 
555470 
555474 
555478 
555485 
555490 
555495 
555500 
555505 
555510 
555515 
555524 
555527 
555530 
555533 
555536 
555539 
555542 
555547 
555551 
555555 
555559 
555563 
555567 
555571 
555578 
555581 
555584 
555587 
555590 
555593 
555596 
555601 
555605 
555609 
555613 
555617 
555621 
555625 
555632 
555637 
555642 
555647 
555652 
555657 
555662 
555671 
555673 
555675 
555677 
555679 
555681 
555683 
555686 
555693 
555700 
555707 
555714 
555721 
555728 
555741 
555745 
555749 
555753 
555757 
555761 
555765 
555772 
555776 
555780 
555784 
555788 
555792 
555796 
555803 
555806 
555809 
555812 
555815 
555818 
555821 
555826 
555829 
555832 
555835 
555838 
555841 
555844 
555849 
555855 
555861 
555867 
555873 
555879 
555885 
555896 
555900 
555904 
555908 
555912 
555916 
555920 
555927 
555931 
555935 
555939 
555943 
555947 
555951 
555958 
555963 
555968 
555973 
555978 
555983 
555988 
555997 
556003 
556009 
556015 
556021 
556027 
556033 
556044 
556049 
556054 
556059 
556064 
556069 
556074 
556083 
556087 
556091 
556095 
556099 
556103 
556107 
556114 
556118 
556122 
556126 
556130 
556134 
556138 
556145 
556149 
556153 
556157 
556161 
556165 
556169 
556176 
556178 
556180 
556182 
556184 
556186 
556188 
556191 
556194 
556197 
556200 
556203 
556206 
556209 
556214 
556219 
556224 
556229 
556234 
556239 
556244 
556253 
556257 
556261 
556265 
556269 
556273 
556277 
556284 
556288 
556292 
556296 
556300 
556304 
556308 
556315 
556319 
556323 
556327 
556331 
556335 
556339 
556346 
556348 
556350 
556352 
556354 
556356 
556358 
556361 
556363 
556365 
556367 
556369 
556371 
556373 
556376 
556380 
556384 
556388 
556392 
556396 
556400 
556407 
556410 
556413 
556416 
556419 
556422 
556425 
556430 
556433 
556436 
556439 
556442 
556445 
556448 
556453 
556457 
556461 
556465 
556469 
556473 
556477 
556484 
556489 
556494 
556499 
556504 
556509 
556514 
556523 
556526 
556529 
556532 
556535 
556538 
556541 
556546 
556551 
556556 
556561 
556566 
556571 
556576 
556585 
556591 
556597 
556603 
556609 
556615 
556621 
556632 
556635 
556638 
556641 
556644 
556647 
556650 
556655 
556657 
556659 
556661 
556663 
556665 
556667 
556670 
556673 
556676 
556679 
556682 
556685 
556688 
556693 
556698 
556703 
556708 
556713 
556718 
556723 
556732 
556735 
556738 
556741 
556744 
556747 
556750 
556755 
556757 
556759 
556761 
556763 
556765 
556767 
556770 
556772 
556774 
556776 
556778 
556780 
556782 
556785 
556787 
556789 
556791 
556793 
556795 
556797 
556800 
556803 
556806 
556809 
556812 
556815 
556818 
556823 
556825 
556827 
556829 
556831 
556833 
556835 
556838 
556840 
556842 
556844 
556846 
556848 
556850 
556853 
556857 
556861 
556865 
556869 
556873 
556877 
556884 
556888 
556892 
556896 
556900 
556904 
556908 
556915 
556918 
556921 
556924 
556927 
556930 
556933 
556938 
556944 
556950 
556956 
556962 
556968 
556974 
556985 
556991 
556997 
557003 
557009 
557015 
557021 
557032 
557037 
557042 
557047 
557052 
557057 
557062 
557071 
557078 
557085 
557092 
557099 
557106 
557113 
557126 
557129 
557132 
557135 
557138 
557141 
557144 
557149 
557152 
557155 
557158 
557161 
557164 
557167 
557172 
557178 
557184 
557190 
557196 
557202 
557208 
557219 
557225 
557231 
557237 
557243 
557249 
557255 
557266 
557270 
557274 
557278 
557282 
557286 
557290 
557297 
557300 
557303 
557306 
557309 
557312 
557315 
557320 
557323 
557326 
557329 
557332 
557335 
557338 
557343 
557350 
557357 
557364 
557371 
557378 
557385 
557398 
557402 
557406 
557410 
557414 
557418 
557422 
557429 
557433 
557437 
557441 
557445 
557449 
557453 
557460 
557465 
557470 
557475 
557480 
557485 
557490 
557499 
557503 
557507 
557511 
557515 
557519 
557523 
557530 
557535 
557540 
557545 
557550 
557555 
557560 
557569 
557574 
557579 
557584 
557589 
557594 
557599 
557608 
557611 
557614 
557617 
557620 
557623 
557626 
557631 
557633 
557635 
557637 
557639 
557641 
557643 
557646 
557648 
557650 
557652 
557654 
557656 
557658 
557661 
557664 
557667 
557670 
557673 
557676 
557679 
557684 
557687 
557690 
557693 
557696 
557699 
557702 
557707 
557709 
557711 
557713 
557715 
557717 
557719 
557722 
557725 
557728 
557731 
557734 
557737 
557740 
557745 
557749 
557753 
557757 
557761 
557765 
557769 
557776 
557780 
557784 
557788 
557792 
557796 
557800 
557807 
557810 
557813 
557816 
557819 
557822 
557825 
557830 
557832 
557834 
557836 
557838 
557840 
557842 
557845 
557850 
557855 
557860 
557865 
557870 
557875 
557884 
557888 
557892 
557896 
557900 
557904 
557908 
557915 
557920 
557925 
557930 
557935 
557940 
557945 
557954 
557958 
557962 
557966 
557970 
557974 
557978 
557985 
557990 
557995 
558000 
558005 
558010 
558015 
558024 
558029 
558034 
558039 
558044 
558049 
558054 
558063 
558069 
558075 
558081 
558087 
558093 
558099 
558110 
558116 
558122 
558128 
558134 
558140 
558146 
558157 
558160 
558163 
558166 
558169 
558172 
558175 
558180 
558185 
558190 
558195 
558200 
558205 
558210 
558219 
558222 
558225 
558228 
558231 
558234 
558237 
558242 
558245 
558248 
558251 
558254 
558257 
558260 
558265 
558269 
558273 
558277 
558281 
558285 
558289 
558296 
558300 
558304 
558308 
558312 
558316 
558320 
558327 
558332 
558337 
558342 
558347 
558352 
558357 
558366 
558370 
558374 
558378 
558382 
558386 
558390 
558397 
558400 
558403 
558406 
558409 
558412 
558415 
558420 
558424 
558428 
558432 
558436 
558440 
558444 
558451 
558453 
558455 
558457 
558459 
558461 
558463 
558466 
558470 
558474 
558478 
558482 
558486 
558490 
558497 
558502 
558507 
558512 
558517 
558522 
558527 
558536 
558540 
558544 
558548 
558552 
558556 
558560 
558567 
558573 
558579 
558585 
558591 
558597 
558603 
558614 
558618 
558622 
558626 
558630 
558634 
558638 
558645 
558650 
558655 
558660 
558665 
558670 
558675 
558684 
558686 
558688 
558690 
558692 
558694 
558696 
558699 
558703 
558707 
558711 
558715 
558719 
558723 
558730 
558734 
558738 
558742 
558746 
558750 
558754 
558761 
558764 
558767 
558770 
558773 
558776 
558779 
558784 
558787 
558790 
558793 
558796 
558799 
558802 
558807 
558810 
558813 
558816 
558819 
558822 
558825 
558830 
558835 
558840 
558845 
558850 
558855 
558860 
558869 
558872 
558875 
558878 
558881 
558884 
558887 
558892 
558896 
558900 
558904 
558908 
558912 
558916 
558923 
558925 
558927 
558929 
558931 
558933 
558935 
558938 
558942 
558946 
558950 
558954 
558958 
558962 
558969 
558970 
558971 
558972 
558973 
558974 
558975 
558976 
558979 
558982 
558985 
558988 
558991 
558994 
558999 
559001 
559003 
559005 
559007 
559009 
559011 
559014 
559019 
559024 
559029 
559034 
559039 
559044 
559053 
559057 
559061 
559065 
559069 
559073 
559077 
559084 
559088 
559092 
559096 
559100 
559104 
559108 
559115 
559120 
559125 
559130 
559135 
559140 
559145 
559154 
559156 
559158 
559160 
559162 
559164 
559166 
559169 
559174 
559179 
559184 
559189 
559194 
559199 
559208 
559210 
559212 
559214 
559216 
559218 
559220 
559223 
559226 
559229 
559232 
559235 
559238 
559241 
559246 
559247 
559248 
559249 
559250 
559251 
559252 
559253 
559255 
559257 
559259 
559261 
559263 
559265 
559268 
559272 
559276 
559280 
559284 
559288 
559292 
559299 
559303 
559307 
559311 
559315 
559319 
559323 
559330 
559334 
559338 
559342 
559346 
559350 
559354 
559361 
559364 
559367 
559370 
559373 
559376 
559379 
559384 
559388 
559392 
559396 
559400 
559404 
559408 
559415 
559421 
559427 
559433 
559439 
559445 
559451 
559462 
559466 
559470 
559474 
559478 
559482 
559486 
559493 
559496 
559499 
559502 
559505 
559508 
559511 
559516 
559518 
559520 
559522 
559524 
559526 
559528 
559531 
559534 
559537 
559540 
559543 
559546 
559549 
559554 
559557 
559560 
559563 
559566 
559569 
559572 
559577 
559581 
559585 
559589 
559593 
559597 
559601 
559608 
559611 
559614 
559617 
559620 
559623 
559626 
559631 
559634 
559637 
559640 
559643 
559646 
559649 
559654 
559656 
559658 
559660 
559662 
559664 
559666 
559669 
559673 
559677 
559681 
559685 
559689 
559693 
559700 
559704 
559708 
559712 
559716 
559720 
559724 
559731 
559736 
559741 
559746 
559751 
559756 
559761 
559770 
559773 
559776 
559779 
559782 
559785 
559788 
559793 
559798 
559803 
559808 
559813 
559818 
559823 
559832 
559834 
559836 
559838 
559840 
559842 
559844 
559847 
559850 
559853 
559856 
559859 
559862 
559865 
559870 
559875 
559880 
559885 
559890 
559895 
559900 
559909 
559912 
559915 
559918 
559921 
559924 
559927 
559932 
559936 
559940 
559944 
559948 
559952 
559956 
559963 
559968 
559973 
559978 
559983 
559988 
559993 
560002 
560004 
560006 
560008 
560010 
560012 
560014 
560017 
560019 
560021 
560023 
560025 
560027 
560029 
560032 
560035 
560038 
560041 
560044 
560047 
560050 
560055 
560058 
560061 
560064 
560067 
560070 
560073 
560078 
560079 
560080 
560081 
560082 
560083 
560084 
560085 
560090 
560095 
560100 
560105 
560110 
560115 
560124 
560129 
560134 
560139 
560144 
560149 
560154 
560163 
560167 
560171 
560175 
560179 
560183 
560187 
560194 
560198 
560202 
560206 
560210 
560214 
560218 
560225 
560228 
560231 
560234 
560237 
560240 
560243 
560248 
560250 
560252 
560254 
560256 
560258 
560260 
560263 
560269 
560275 
560281 
560287 
560293 
560299 
560310 
560314 
560318 
560322 
560326 
560330 
560334 
560341 
560344 
560347 
560350 
560353 
560356 
560359 
560364 
560368 
560372 
560376 
560380 
560384 
560388 
560395 
560399 
560403 
560407 
560411 
560415 
560419 
560426 
560429 
560432 
560435 
560438 
560441 
560444 
560449 
560453 
560457 
560461 
560465 
560469 
560473 
560480 
560483 
560486 
560489 
560492 
560495 
560498 
560503 
560505 
560507 
560509 
560511 
560513 
560515 
560518 
560521 
560524 
560527 
560530 
560533 
560536 
560541 
560544 
560547 
560550 
560553 
560556 
560559 
560564 
560570 
560576 
560582 
560588 
560594 
560600 
560611 
560614 
560617 
560620 
560623 
560626 
560629 
560634 
560637 
560640 
560643 
560646 
560649 
560652 
560657 
560662 
560667 
560672 
560677 
560682 
560687 
560696 
560699 
560702 
560705 
560708 
560711 
560714 
560719 
560723 
560727 
560731 
560735 
560739 
560743 
560750 
560753 
560756 
560759 
560762 
560765 
560768 
560773 
560776 
560779 
560782 
560785 
560788 
560791 
560796 
560802 
560808 
560814 
560820 
560826 
560832 
560843 
560844 
560845 
560846 
560847 
560848 
560849 
560850 
560853 
560856 
560859 
560862 
560865 
560868 
560873 
560876 
560879 
560882 
560885 
560888 
560891 
560896 
560899 
560902 
560905 
560908 
560911 
560914 
560919 
560923 
560927 
560931 
560935 
560939 
560943 
560950 
560952 
560954 
560956 
560958 
560960 
560962 
560965 
560967 
560969 
560971 
560973 
560975 
560977 
560980 
560982 
560984 
560986 
560988 
560990 
560992 
560995 
560998 
561001 
561004 
561007 
561010 
561013 
561018 
561023 
561028 
561033 
561038 
561043 
561048 
561057 
561062 
561067 
561072 
561077 
561082 
561087 
561096 
561099 
561102 
561105 
561108 
561111 
561114 
561119 
561122 
561125 
561128 
561131 
561134 
561137 
561142 
561145 
561148 
561151 
561154 
561157 
561160 
561165 
561169 
561173 
561177 
561181 
561185 
561189 
561196 
561199 
561202 
561205 
561208 
561211 
561214 
561219 
561224 
561229 
561234 
561239 
561244 
561249 
561258 
561262 
561266 
561270 
561274 
561278 
561282 
561289 
561291 
561293 
561295 
561297 
561299 
561301 
561304 
561308 
561312 
561316 
561320 
561324 
561328 
561335 
561338 
561341 
561344 
561347 
561350 
561353 
561358 
561361 
561364 
561367 
561370 
561373 
561376 
561381 
561384 
561387 
561390 
561393 
561396 
561399 
561404 
561408 
561412 
561416 
561420 
561424 
561428 
561435 
561440 
561445 
561450 
561455 
561460 
561465 
561474 
561477 
561480 
561483 
561486 
561489 
561492 
561497 
561499 
561501 
561503 
561505 
561507 
561509 
561512 
561515 
561518 
561521 
561524 
561527 
561530 
561535 
561539 
561543 
561547 
561551 
561555 
561559 
561566 
561570 
561574 
561578 
561582 
561586 
561590 
561597 
561600 
561603 
561606 
561609 
561612 
561615 
561620 
561623 
561626 
561629 
561632 
561635 
561638 
561643 
561646 
561649 
561652 
561655 
561658 
561661 
561666 
561668 
561670 
561672 
561674 
561676 
561678 
561681 
561684 
561687 
561690 
561693 
561696 
561699 
561704 
561706 
561708 
561710 
561712 
561714 
561716 
561719 
561725 
561731 
561737 
561743 
561749 
561755 
561766 
561769 
561772 
561775 
561778 
561781 
561784 
561789 
561792 
561795 
561798 
561801 
561804 
561807 
561812 
561816 
561820 
561824 
561828 
561832 
561836 
561843 
561846 
561849 
561852 
561855 
561858 
561861 
561866 
561869 
561872 
561875 
561878 
561881 
561884 
561889 
561892 
561895 
561898 
561901 
561904 
561907 
561912 
561916 
561920 
561924 
561928 
561932 
561936 
561943 
561945 
561947 
561949 
561951 
561953 
561955 
561958 
561960 
561962 
561964 
561966 
561968 
561970 
561973 
561975 
561977 
561979 
561981 
561983 
561985 
561988 
561991 
561994 
561997 
562000 
562003 
562006 
562011 
562014 
562017 
562020 
562023 
562026 
562029 
562034 
562037 
562040 
562043 
562046 
562049 
562052 
562057 
562059 
562061 
562063 
562065 
562067 
562069 
562072 
562074 
562076 
562078 
562080 
562082 
562084 
562087 
562092 
562097 
562102 
562107 
562112 
562117 
562126 
562130 
562134 
562138 
562142 
562146 
562150 
562157 
562162 
562167 
562172 
562177 
562182 
562187 
562196 
562201 
562206 
562211 
562216 
562221 
562226 
562235 
562240 
562245 
562250 
562255 
562260 
562265 
562274 
562278 
562282 
562286 
562290 
562294 
562298 
562305 
562308 
562311 
562314 
562317 
562320 
562323 
562328 
562332 
562336 
562340 
562344 
562348 
562352 
562359 
562364 
562369 
562374 
562379 
562384 
562389 
562398 
562402 
562406 
562410 
562414 
562418 
562422 
562429 
562432 
562435 
562438 
562441 
562444 
562447 
562452 
562455 
562458 
562461 
562464 
562467 
562470 
562475 
562479 
562483 
562487 
562491 
562495 
562499 
562506 
562510 
562514 
562518 
562522 
562526 
562530 
562537 
562539 
562541 
562543 
562545 
562547 
562549 
562552 
562555 
562558 
562561 
562564 
562567 
562570 
562575 
562580 
562585 
562590 
562595 
562600 
562605 
562614 
562619 
562624 
562629 
562634 
562639 
562644 
562653 
562658 
562663 
562668 
562673 
562678 
562683 
562692 
562695 
562698 
562701 
562704 
562707 
562710 
562715 
562720 
562725 
562730 
562735 
562740 
562745 
562754 
562757 
562760 
562763 
562766 
562769 
562772 
562777 
562780 
562783 
562786 
562789 
562792 
562795 
562800 
562802 
562804 
562806 
562808 
562810 
562812 
562815 
562818 
562821 
562824 
562827 
562830 
562833 
562838 
562841 
562844 
562847 
562850 
562853 
562856 
562861 
562865 
562869 
562873 
562877 
562881 
562885 
562892 
562894 
562896 
562898 
562900 
562902 
562904 
562907 
562911 
562915 
562919 
562923 
562927 
562931 
562938 
562940 
562942 
562944 
562946 
562948 
562950 
562953 
562956 
562959 
562962 
562965 
562968 
562971 
562976 
562978 
562980 
562982 
562984 
562986 
562988 
562991 
562995 
562999 
563003 
563007 
563011 
563015 
563022 
563025 
563028 
563031 
563034 
563037 
563040 
563045 
563049 
563053 
563057 
563061 
563065 
563069 
563076 
563081 
563086 
563091 
563096 
563101 
563106 
563115 
563119 
563123 
563127 
563131 
563135 
563139 
563146 
563149 
563152 
563155 
563158 
563161 
563164 
563169 
563174 
563179 
563184 
563189 
563194 
563199 
563208 
563212 
563216 
563220 
563224 
563228 
563232 
563239 
563242 
563245 
563248 
563251 
563254 
563257 
563262 
563267 
563272 
563277 
563282 
563287 
563292 
563301 
563305 
563309 
563313 
563317 
563321 
563325 
563332 
563336 
563340 
563344 
563348 
563352 
563356 
563363 
563367 
563371 
563375 
563379 
563383 
563387 
563394 
563397 
563400 
563403 
563406 
563409 
563412 
563417 
563421 
563425 
563429 
563433 
563437 
563441 
563448 
563451 
563454 
563457 
563460 
563463 
563466 
563471 
563475 
563479 
563483 
563487 
563491 
563495 
563502 
563506 
563510 
563514 
563518 
563522 
563526 
563533 
563535 
563537 
563539 
563541 
563543 
563545 
563548 
563551 
563554 
563557 
563560 
563563 
563566 
563571 
563577 
563583 
563589 
563595 
563601 
563607 
563618 
563622 
563626 
563630 
563634 
563638 
563642 
563649 
563651 
563653 
563655 
563657 
563659 
563661 
563664 
563667 
563670 
563673 
563676 
563679 
563682 
563687 
563691 
563695 
563699 
563703 
563707 
563711 
563718 
563722 
563726 
563730 
563734 
563738 
563742 
563749 
563754 
563759 
563764 
563769 
563774 
563779 
563788 
563791 
563794 
563797 
563800 
563803 
563806 
563811 
563813 
563815 
563817 
563819 
563821 
563823 
563826 
563829 
563832 
563835 
563838 
563841 
563844 
563849 
563852 
563855 
563858 
563861 
563864 
563867 
563872 
563875 
563878 
563881 
563884 
563887 
563890 
563895 
563899 
563903 
563907 
563911 
563915 
563919 
563926 
563929 
563932 
563935 
563938 
563941 
563944 
563949 
563952 
563955 
563958 
563961 
563964 
563967 
563972 
563975 
563978 
563981 
563984 
563987 
563990 
563995 
563999 
564003 
564007 
564011 
564015 
564019 
564026 
564028 
564030 
564032 
564034 
564036 
564038 
564041 
564047 
564053 
564059 
564065 
564071 
564077 
564088 
564092 
564096 
564100 
564104 
564108 
564112 
564119 
564121 
564123 
564125 
564127 
564129 
564131 
564134 
564137 
564140 
564143 
564146 
564149 
564152 
564157 
564160 
564163 
564166 
564169 
564172 
564175 
564180 
564184 
564188 
564192 
564196 
564200 
564204 
564211 
564215 
564219 
564223 
564227 
564231 
564235 
564242 
564244 
564246 
564248 
564250 
564252 
564254 
564257 
564259 
564261 
564263 
564265 
564267 
564269 
564272 
564275 
564278 
564281 
564284 
564287 
564290 
564295 
564299 
564303 
564307 
564311 
564315 
564319 
564326 
564329 
564332 
564335 
564338 
564341 
564344 
564349 
564353 
564357 
564361 
564365 
564369 
564373 
564380 
564384 
564388 
564392 
564396 
564400 
564404 
564411 
564415 
564419 
564423 
564427 
564431 
564435 
564442 
564443 
564444 
564445 
564446 
564447 
564448 
564449 
564451 
564453 
564455 
564457 
564459 
564461 
564464 
564467 
564470 
564473 
564476 
564479 
564482 
564487 
564490 
564493 
564496 
564499 
564502 
564505 
564510 
564514 
564518 
564522 
564526 
564530 
564534 
564541 
564544 
564547 
564550 
564553 
564556 
564559 
564564 
564569 
564574 
564579 
564584 
564589 
564594 
564603 
564608 
564613 
564618 
564623 
564628 
564633 
564642 
564644 
564646 
564648 
564650 
564652 
564654 
564657 
564660 
564663 
564666 
564669 
564672 
564675 
564680 
564684 
564688 
564692 
564696 
564700 
564704 
564711 
564713 
564715 
564717 
564719 
564721 
564723 
564726 
564729 
564732 
564735 
564738 
564741 
564744 
564749 
564753 
564757 
564761 
564765 
564769 
564773 
564780 
564781 
564782 
564783 
564784 
564785 
564786 
564787 
564789 
564791 
564793 
564795 
564797 
564799 
564802 
564805 
564808 
564811 
564814 
564817 
564820 
564825 
564829 
564833 
564837 
564841 
564845 
564849 
564856 
564861 
564866 
564871 
564876 
564881 
564886 
564895 
564899 
564903 
564907 
564911 
564915 
564919 
564926 
564929 
564932 
564935 
564938 
564941 
564944 
564949 
564954 
564959 
564964 
564969 
564974 
564979 
564988 
564991 
564994 
564997 
565000 
565003 
565006 
565011 
565013 
565015 
565017 
565019 
565021 
565023 
565026 
565030 
565034 
565038 
565042 
565046 
565050 
565057 
565061 
565065 
565069 
565073 
565077 
565081 
565088 
565091 
565094 
565097 
565100 
565103 
565106 
565111 
565116 
565121 
565126 
565131 
565136 
565141 
565150 
565154 
565158 
565162 
565166 
565170 
565174 
565181 
565183 
565185 
565187 
565189 
565191 
565193 
565196 
565199 
565202 
565205 
565208 
565211 
565214 
565219 
565222 
565225 
565228 
565231 
565234 
565237 
565242 
565246 
565250 
565254 
565258 
565262 
565266 
565273 
565277 
565281 
565285 
565289 
565293 
565297 
565304 
565307 
565310 
565313 
565316 
565319 
565322 
565327 
565333 
565339 
565345 
565351 
565357 
565363 
565374 
565378 
565382 
565386 
565390 
565394 
565398 
565405 
565407 
565409 
565411 
565413 
565415 
565417 
565420 
565423 
565426 
565429 
565432 
565435 
565438 
565443 
565448 
565453 
565458 
565463 
565468 
565473 
565482 
565486 
565490 
565494 
565498 
565502 
565506 
565513 
565516 
565519 
565522 
565525 
565528 
565531 
565536 
565541 
565546 
565551 
565556 
565561 
565566 
565575 
565579 
565583 
565587 
565591 
565595 
565599 
565606 
565610 
565614 
565618 
565622 
565626 
565630 
565637 
565641 
565645 
565649 
565653 
565657 
565661 
565668 
565671 
565674 
565677 
565680 
565683 
565686 
565691 
565695 
565699 
565703 
565707 
565711 
565715 
565722 
565726 
565730 
565734 
565738 
565742 
565746 
565753 
565756 
565759 
565762 
565765 
565768 
565771 
565776 
565779 
565782 
565785 
565788 
565791 
565794 
565799 
565802 
565805 
565808 
565811 
565814 
565817 
565822 
565823 
565824 
565825 
565826 
565827 
565828 
565829 
565832 
565835 
565838 
565841 
565844 
565847 
565852 
565855 
565858 
565861 
565864 
565867 
565870 
565875 
565876 
565877 
565878 
565879 
565880 
565881 
565882 
565887 
565892 
565897 
565902 
565907 
565912 
565921 
565924 
565927 
565930 
565933 
565936 
565939 
565944 
565948 
565952 
565956 
565960 
565964 
565968 
565975 
565977 
565979 
565981 
565983 
565985 
565987 
565990 
565992 
565994 
565996 
565998 
566000 
566002 
566005 
566010 
566015 
566020 
566025 
566030 
566035 
566044 
566047 
566050 
566053 
566056 
566059 
566062 
566067 
566071 
566075 
566079 
566083 
566087 
566091 
566098 
566100 
566102 
566104 
566106 
566108 
566110 
566113 
566115 
566117 
566119 
566121 
566123 
566125 
566128 
566132 
566136 
566140 
566144 
566148 
566152 
566159 
566163 
566167 
566171 
566175 
566179 
566183 
566190 
566193 
566196 
566199 
566202 
566205 
566208 
566213 
566216 
566219 
566222 
566225 
566228 
566231 
566236 
566240 
566244 
566248 
566252 
566256 
566260 
566267 
566270 
566273 
566276 
566279 
566282 
566285 
566290 
566293 
566296 
566299 
566302 
566305 
566308 
566313 
566315 
566317 
566319 
566321 
566323 
566325 
566328 
566329 
566330 
566331 
566332 
566333 
566334 
566335 
566338 
566341 
566344 
566347 
566350 
566353 
566358 
566361 
566364 
566367 
566370 
566373 
566376 
566381 
566382 
566383 
566384 
566385 
566386 
566387 
566388 
566391 
566394 
566397 
566400 
566403 
566406 
566411 
566414 
566417 
566420 
566423 
566426 
566429 
566434 
566437 
566440 
566443 
566446 
566449 
566452 
566457 
566459 
566461 
566463 
566465 
566467 
566469 
566472 
566477 
566482 
566487 
566492 
566497 
566502 
566511 
566515 
566519 
566523 
566527 
566531 
566535 
566542 
566546 
566550 
566554 
566558 
566562 
566566 
566573 
566575 
566577 
566579 
566581 
566583 
566585 
566588 
566591 
566594 
566597 
566600 
566603 
566606 
566611 
566615 
566619 
566623 
566627 
566631 
566635 
566642 
566646 
566650 
566654 
566658 
566662 
566666 
566673 
566676 
566679 
566682 
566685 
566688 
566691 
566696 
566699 
566702 
566705 
566708 
566711 
566714 
566719 
566723 
566727 
566731 
566735 
566739 
566743 
566750 
566753 
566756 
566759 
566762 
566765 
566768 
566773 
566776 
566779 
566782 
566785 
566788 
566791 
566796 
566798 
566800 
566802 
566804 
566806 
566808 
566811 
566812 
566813 
566814 
566815 
566816 
566817 
566818 
566821 
566824 
566827 
566830 
566833 
566836 
566841 
566844 
566847 
566850 
566853 
566856 
566859 
566864 
566865 
566866 
566867 
566868 
566869 
566870 
566871 
566874 
566877 
566880 
566883 
566886 
566889 
566894 
566897 
566900 
566903 
566906 
566909 
566912 
566917 
566920 
566923 
566926 
566929 
566932 
566935 
566940 
566942 
566944 
566946 
566948 
566950 
566952 
566955 
566960 
566965 
566970 
566975 
566980 
566985 
566994 
566998 
567002 
567006 
567010 
567014 
567018 
567025 
567029 
567033 
567037 
567041 
567045 
567049 
567056 
567058 
567060 
567062 
567064 
567066 
567068 
567071 
567074 
567077 
567080 
567083 
567086 
567089 
567094 
567098 
567102 
567106 
567110 
567114 
567118 
567125 
567129 
567133 
567137 
567141 
567145 
567149 
567156 
567159 
567162 
567165 
567168 
567171 
567174 
567179 
567182 
567185 
567188 
567191 
567194 
567197 
567202 
567205 
567208 
567211 
567214 
567217 
567220 
567225 
567228 
567231 
567234 
567237 
567240 
567243 
567248 
567251 
567254 
567257 
567260 
567263 
567266 
567271 
567273 
567275 
567277 
567279 
567281 
567283 
567286 
567287 
567288 
567289 
567290 
567291 
567292 
567293 
567296 
567299 
567302 
567305 
567308 
567311 
567316 
567318 
567320 
567322 
567324 
567326 
567328 
567331 
567332 
567333 
567334 
567335 
567336 
567337 
567338 
567343 
567348 
567353 
567358 
567363 
567368 
567377 
567380 
567383 
567386 
567389 
567392 
567395 
567400 
567404 
567408 
567412 
567416 
567420 
567424 
567431 
567433 
567435 
567437 
567439 
567441 
567443 
567446 
567449 
567452 
567455 
567458 
567461 
567464 
567469 
567472 
567475 
567478 
567481 
567484 
567487 
567492 
567496 
567500 
567504 
567508 
567512 
567516 
567523 
567526 
567529 
567532 
567535 
567538 
567541 
567546 
567549 
567552 
567555 
567558 
567561 
567564 
567569 
567573 
567577 
567581 
567585 
567589 
567593 
567600 
567604 
567608 
567612 
567616 
567620 
567624 
567631 
567635 
567639 
567643 
567647 
567651 
567655 
567662 
567666 
567670 
567674 
567678 
567682 
567686 
567693 
567696 
567699 
567702 
567705 
567708 
567711 
567716 
567719 
567722 
567725 
567728 
567731 
567734 
567739 
567742 
567745 
567748 
567751 
567754 
567757 
567762 
567765 
567768 
567771 
567774 
567777 
567780 
567785 
567790 
567795 
567800 
567805 
567810 
567815 
567824 
567829 
567834 
567839 
567844 
567849 
567854 
567863 
567866 
567869 
567872 
567875 
567878 
567881 
567886 
567889 
567892 
567895 
567898 
567901 
567904 
567909 
567915 
567921 
567927 
567933 
567939 
567945 
567956 
567960 
567964 
567968 
567972 
567976 
567980 
567987 
567989 
567991 
567993 
567995 
567997 
567999 
568002 
568004 
568006 
568008 
568010 
568012 
568014 
568017 
568019 
568021 
568023 
568025 
568027 
568029 
568032 
568038 
568044 
568050 
568056 
568062 
568068 
568079 
568082 
568085 
568088 
568091 
568094 
568097 
568102 
568105 
568108 
568111 
568114 
568117 
568120 
568125 
568127 
568129 
568131 
568133 
568135 
568137 
568140 
568144 
568148 
568152 
568156 
568160 
568164 
568171 
568175 
568179 
568183 
568187 
568191 
568195 
568202 
568205 
568208 
568211 
568214 
568217 
568220 
568225 
568229 
568233 
568237 
568241 
568245 
568249 
568256 
568259 
568262 
568265 
568268 
568271 
568274 
568279 
568281 
568283 
568285 
568287 
568289 
568291 
568294 
568297 
568300 
568303 
568306 
568309 
568312 
568317 
568320 
568323 
568326 
568329 
568332 
568335 
568340 
568345 
568350 
568355 
568360 
568365 
568370 
568379 
568384 
568389 
568394 
568399 
568404 
568409 
568418 
568421 
568424 
568427 
568430 
568433 
568436 
568441 
568444 
568447 
568450 
568453 
568456 
568459 
568464 
568470 
568476 
568482 
568488 
568494 
568500 
568511 
568514 
568517 
568520 
568523 
568526 
568529 
568534 
568537 
568540 
568543 
568546 
568549 
568552 
568557 
568559 
568561 
568563 
568565 
568567 
568569 
568572 
568574 
568576 
568578 
568580 
568582 
568584 
568587 
568593 
568599 
568605 
568611 
568617 
568623 
568634 
568637 
568640 
568643 
568646 
568649 
568652 
568657 
568660 
568663 
568666 
568669 
568672 
568675 
568680 
568684 
568688 
568692 
568696 
568700 
568704 
568711 
568712 
568713 
568714 
568715 
568716 
568717 
568718 
568722 
568726 
568730 
568734 
568738 
568742 
568749 
568753 
568757 
568761 
568765 
568769 
568773 
568780 
568783 
568786 
568789 
568792 
568795 
568798 
568803 
568807 
568811 
568815 
568819 
568823 
568827 
568834 
568837 
568840 
568843 
568846 
568849 
568852 
568857 
568859 
568861 
568863 
568865 
568867 
568869 
568872 
568875 
568878 
568881 
568884 
568887 
568890 
568895 
568898 
568901 
568904 
568907 
568910 
568913 
568918 
568923 
568928 
568933 
568938 
568943 
568948 
568957 
568962 
568967 
568972 
568977 
568982 
568987 
568996 
568999 
569002 
569005 
569008 
569011 
569014 
569019 
569022 
569025 
569028 
569031 
569034 
569037 
569042 
569048 
569054 
569060 
569066 
569072 
569078 
569089 
569092 
569095 
569098 
569101 
569104 
569107 
569112 
569115 
569118 
569121 
569124 
569127 
569130 
569135 
569137 
569139 
569141 
569143 
569145 
569147 
569150 
569152 
569154 
569156 
569158 
569160 
569162 
569165 
569171 
569177 
569183 
569189 
569195 
569201 
569212 
569215 
569218 
569221 
569224 
569227 
569230 
569235 
569238 
569241 
569244 
569247 
569250 
569253 
569258 
569260 
569262 
569264 
569266 
569268 
569270 
569273 
569277 
569281 
569285 
569289 
569293 
569297 
569304 
569308 
569312 
569316 
569320 
569324 
569328 
569335 
569338 
569341 
569344 
569347 
569350 
569353 
569358 
569361 
569364 
569367 
569370 
569373 
569376 
569381 
569384 
569387 
569390 
569393 
569396 
569399 
569404 
569406 
569408 
569410 
569412 
569414 
569416 
569419 
569422 
569425 
569428 
569431 
569434 
569437 
569442 
569444 
569446 
569448 
569450 
569452 
569454 
569457 
569462 
569467 
569472 
569477 
569482 
569487 
569496 
569501 
569506 
569511 
569516 
569521 
569526 
569535 
569538 
569541 
569544 
569547 
569550 
569553 
569558 
569561 
569564 
569567 
569570 
569573 
569576 
569581 
569587 
569593 
569599 
569605 
569611 
569617 
569628 
569631 
569634 
569637 
569640 
569643 
569646 
569651 
569654 
569657 
569660 
569663 
569666 
569669 
569674 
569676 
569678 
569680 
569682 
569684 
569686 
569689 
569691 
569693 
569695 
569697 
569699 
569701 
569704 
569710 
569716 
569722 
569728 
569734 
569740 
569751 
569754 
569757 
569760 
569763 
569766 
569769 
569774 
569776 
569778 
569780 
569782 
569784 
569786 
569789 
569791 
569793 
569795 
569797 
569799 
569801 
569804 
569808 
569812 
569816 
569820 
569824 
569828 
569835 
569836 
569837 
569838 
569839 
569840 
569841 
569842 
569846 
569850 
569854 
569858 
569862 
569866 
569873 
569876 
569879 
569882 
569885 
569888 
569891 
569896 
569900 
569904 
569908 
569912 
569916 
569920 
569927 
569931 
569935 
569939 
569943 
569947 
569951 
569958 
569961 
569964 
569967 
569970 
569973 
569976 
569981 
569984 
569987 
569990 
569993 
569996 
569999 
570004 
570010 
570016 
570022 
570028 
570034 
570040 
570051 
570055 
570059 
570063 
570067 
570071 
570075 
570082 
570084 
570086 
570088 
570090 
570092 
570094 
570097 
570100 
570103 
570106 
570109 
570112 
570115 
570120 
570123 
570126 
570129 
570132 
570135 
570138 
570143 
570147 
570151 
570155 
570159 
570163 
570167 
570174 
570176 
570178 
570180 
570182 
570184 
570186 
570189 
570191 
570193 
570195 
570197 
570199 
570201 
570204 
570208 
570212 
570216 
570220 
570224 
570228 
570235 
570239 
570243 
570247 
570251 
570255 
570259 
570266 
570269 
570272 
570275 
570278 
570281 
570284 
570289 
570292 
570295 
570298 
570301 
570304 
570307 
570312 
570316 
570320 
570324 
570328 
570332 
570336 
570343 
570345 
570347 
570349 
570351 
570353 
570355 
570358 
570363 
570368 
570373 
570378 
570383 
570388 
570397 
570400 
570403 
570406 
570409 
570412 
570415 
570420 
570426 
570432 
570438 
570444 
570450 
570456 
570467 
570471 
570475 
570479 
570483 
570487 
570491 
570498 
570500 
570502 
570504 
570506 
570508 
570510 
570513 
570516 
570519 
570522 
570525 
570528 
570531 
570536 
570539 
570542 
570545 
570548 
570551 
570554 
570559 
570562 
570565 
570568 
570571 
570574 
570577 
570582 
570584 
570586 
570588 
570590 
570592 
570594 
570597 
570599 
570601 
570603 
570605 
570607 
570609 
570612 
570615 
570618 
570621 
570624 
570627 
570630 
570635 
570639 
570643 
570647 
570651 
570655 
570659 
570666 
570669 
570672 
570675 
570678 
570681 
570684 
570689 
570693 
570697 
570701 
570705 
570709 
570713 
570720 
570724 
570728 
570732 
570736 
570740 
570744 
570751 
570753 
570755 
570757 
570759 
570761 
570763 
570766 
570769 
570772 
570775 
570778 
570781 
570784 
570789 
570792 
570795 
570798 
570801 
570804 
570807 
570812 
570815 
570818 
570821 
570824 
570827 
570830 
570835 
570839 
570843 
570847 
570851 
570855 
570859 
570866 
570869 
570872 
570875 
570878 
570881 
570884 
570889 
570891 
570893 
570895 
570897 
570899 
570901 
570904 
570908 
570912 
570916 
570920 
570924 
570928 
570935 
570938 
570941 
570944 
570947 
570950 
570953 
570958 
570961 
570964 
570967 
570970 
570973 
570976 
570981 
570986 
570991 
570996 
571001 
571006 
571011 
571020 
571023 
571026 
571029 
571032 
571035 
571038 
571043 
571048 
571053 
571058 
571063 
571068 
571073 
571082 
571086 
571090 
571094 
571098 
571102 
571106 
571113 
571117 
571121 
571125 
571129 
571133 
571137 
571144 
571149 
571154 
571159 
571164 
571169 
571174 
571183 
571185 
571187 
571189 
571191 
571193 
571195 
571198 
571201 
571204 
571207 
571210 
571213 
571216 
571221 
571223 
571225 
571227 
571229 
571231 
571233 
571236 
571240 
571244 
571248 
571252 
571256 
571260 
571267 
571269 
571271 
571273 
571275 
571277 
571279 
571282 
571285 
571288 
571291 
571294 
571297 
571300 
571305 
571310 
571315 
571320 
571325 
571330 
571335 
571344 
571347 
571350 
571353 
571356 
571359 
571362 
571367 
571369 
571371 
571373 
571375 
571377 
571379 
571382 
571387 
571392 
571397 
571402 
571407 
571412 
571421 
571424 
571427 
571430 
571433 
571436 
571439 
571444 
571448 
571452 
571456 
571460 
571464 
571468 
571475 
571480 
571485 
571490 
571495 
571500 
571505 
571514 
571517 
571520 
571523 
571526 
571529 
571532 
571537 
571539 
571541 
571543 
571545 
571547 
571549 
571552 
571555 
571558 
571561 
571564 
571567 
571570 
571575 
571579 
571583 
571587 
571591 
571595 
571599 
571606 
571608 
571610 
571612 
571614 
571616 
571618 
571621 
571626 
571631 
571636 
571641 
571646 
571651 
571660 
571664 
571668 
571672 
571676 
571680 
571684 
571691 
571696 
571701 
571706 
571711 
571716 
571721 
571730 
571733 
571736 
571739 
571742 
571745 
571748 
571753 
571756 
571759 
571762 
571765 
571768 
571771 
571776 
571779 
571782 
571785 
571788 
571791 
571794 
571799 
571804 
571809 
571814 
571819 
571824 
571829 
571838 
571841 
571844 
571847 
571850 
571853 
571856 
571861 
571863 
571865 
571867 
571869 
571871 
571873 
571876 
571880 
571884 
571888 
571892 
571896 
571900 
571907 
571912 
571917 
571922 
571927 
571932 
571937 
571946 
571951 
571956 
571961 
571966 
571971 
571976 
571985 
571988 
571991 
571994 
571997 
572000 
572003 
572008 
572013 
572018 
572023 
572028 
572033 
572038 
572047 
572051 
572055 
572059 
572063 
572067 
572071 
572078 
572083 
572088 
572093 
572098 
572103 
572108 
572117 
572120 
572123 
572126 
572129 
572132 
572135 
572140 
572143 
572146 
572149 
572152 
572155 
572158 
572163 
572167 
572171 
572175 
572179 
572183 
572187 
572194 
572197 
572200 
572203 
572206 
572209 
572212 
572217 
572220 
572223 
572226 
572229 
572232 
572235 
572240 
572243 
572246 
572249 
572252 
572255 
572258 
572263 
572268 
572273 
572278 
572283 
572288 
572293 
572302 
572306 
572310 
572314 
572318 
572322 
572326 
572333 
572334 
572335 
572336 
572337 
572338 
572339 
572340 
572344 
572348 
572352 
572356 
572360 
572364 
572371 
572375 
572379 
572383 
572387 
572391 
572395 
572402 
572406 
572410 
572414 
572418 
572422 
572426 
572433 
572436 
572439 
572442 
572445 
572448 
572451 
572456 
572461 
572466 
572471 
572476 
572481 
572486 
572495 
572499 
572503 
572507 
572511 
572515 
572519 
572526 
572531 
572536 
572541 
572546 
572551 
572556 
572565 
572569 
572573 
572577 
572581 
572585 
572589 
572596 
572597 
572598 
572599 
572600 
572601 
572602 
572603 
572606 
572609 
572612 
572615 
572618 
572621 
572626 
572630 
572634 
572638 
572642 
572646 
572650 
572657 
572660 
572663 
572666 
572669 
572672 
572675 
572680 
572683 
572686 
572689 
572692 
572695 
572698 
572703 
572707 
572711 
572715 
572719 
572723 
572727 
572734 
572735 
572736 
572737 
572738 
572739 
572740 
572741 
572744 
572747 
572750 
572753 
572756 
572759 
572764 
572769 
572774 
572779 
572784 
572789 
572794 
572803 
572808 
572813 
572818 
572823 
572828 
572833 
572842 
572844 
572846 
572848 
572850 
572852 
572854 
572857 
572861 
572865 
572869 
572873 
572877 
572881 
572888 
572892 
572896 
572900 
572904 
572908 
572912 
572919 
572922 
572925 
572928 
572931 
572934 
572937 
572942 
572943 
572944 
572945 
572946 
572947 
572948 
572949 
572954 
572959 
572964 
572969 
572974 
572979 
572988 
572990 
572992 
572994 
572996 
572998 
573000 
573003 
573005 
573007 
573009 
573011 
573013 
573015 
573018 
573022 
573026 
573030 
573034 
573038 
573042 
573049 
573053 
573057 
573061 
573065 
573069 
573073 
573080 
573084 
573088 
573092 
573096 
573100 
573104 
573111 
573117 
573123 
573129 
573135 
573141 
573147 
573158 
573161 
573164 
573167 
573170 
573173 
573176 
573181 
573184 
573187 
573190 
573193 
573196 
573199 
573204 
573207 
573210 
573213 
573216 
573219 
573222 
573227 
573230 
573233 
573236 
573239 
573242 
573245 
573250 
573252 
573254 
573256 
573258 
573260 
573262 
573265 
573269 
573273 
573277 
573281 
573285 
573289 
573296 
573299 
573302 
573305 
573308 
573311 
573314 
573319 
573322 
573325 
573328 
573331 
573334 
573337 
573342 
573345 
573348 
573351 
573354 
573357 
573360 
573365 
573370 
573375 
573380 
573385 
573390 
573395 
573404 
573407 
573410 
573413 
573416 
573419 
573422 
573427 
573431 
573435 
573439 
573443 
573447 
573451 
573458 
573462 
573466 
573470 
573474 
573478 
573482 
573489 
573492 
573495 
573498 
573501 
573504 
573507 
573512 
573514 
573516 
573518 
573520 
573522 
573524 
573527 
573532 
573537 
573542 
573547 
573552 
573557 
573566 
573571 
573576 
573581 
573586 
573591 
573596 
573605 
573607 
573609 
573611 
573613 
573615 
573617 
573620 
573623 
573626 
573629 
573632 
573635 
573638 
573643 
573647 
573651 
573655 
573659 
573663 
573667 
573674 
573676 
573678 
573680 
573682 
573684 
573686 
573689 
573692 
573695 
573698 
573701 
573704 
573707 
573712 
573713 
573714 
573715 
573716 
573717 
573718 
573719 
573722 
573725 
573728 
573731 
573734 
573737 
573742 
573747 
573752 
573757 
573762 
573767 
573772 
573781 
573787 
573793 
573799 
573805 
573811 
573817 
573828 
573832 
573836 
573840 
573844 
573848 
573852 
573859 
573862 
573865 
573868 
573871 
573874 
573877 
573882 
573885 
573888 
573891 
573894 
573897 
573900 
573905 
573911 
573917 
573923 
573929 
573935 
573941 
573952 
573956 
573960 
573964 
573968 
573972 
573976 
573983 
573986 
573989 
573992 
573995 
573998 
574001 
574006 
574011 
574016 
574021 
574026 
574031 
574036 
574045 
574050 
574055 
574060 
574065 
574070 
574075 
574084 
574087 
574090 
574093 
574096 
574099 
574102 
574107 
574110 
574113 
574116 
574119 
574122 
574125 
574130 
574134 
574138 
574142 
574146 
574150 
574154 
574161 
574165 
574169 
574173 
574177 
574181 
574185 
574192 
574195 
574198 
574201 
574204 
574207 
574210 
574215 
574220 
574225 
574230 
574235 
574240 
574245 
574254 
574258 
574262 
574266 
574270 
574274 
574278 
574285 
574289 
574293 
574297 
574301 
574305 
574309 
574316 
574319 
574322 
574325 
574328 
574331 
574334 
574339 
574344 
574349 
574354 
574359 
574364 
574369 
574378 
574381 
574384 
574387 
574390 
574393 
574396 
574401 
574403 
574405 
574407 
574409 
574411 
574413 
574416 
574419 
574422 
574425 
574428 
574431 
574434 
574439 
574444 
574449 
574454 
574459 
574464 
574469 
574478 
574481 
574484 
574487 
574490 
574493 
574496 
574501 
574504 
574507 
574510 
574513 
574516 
574519 
574524 
574528 
574532 
574536 
574540 
574544 
574548 
574555 
574559 
574563 
574567 
574571 
574575 
574579 
574586 
574590 
574594 
574598 
574602 
574606 
574610 
574617 
574620 
574623 
574626 
574629 
574632 
574635 
574640 
574644 
574648 
574652 
574656 
574660 
574664 
574671 
574674 
574677 
574680 
574683 
574686 
574689 
574694 
574696 
574698 
574700 
574702 
574704 
574706 
574709 
574712 
574715 
574718 
574721 
574724 
574727 
574732 
574735 
574738 
574741 
574744 
574747 
574750 
574755 
574761 
574767 
574773 
574779 
574785 
574791 
574802 
574805 
574808 
574811 
574814 
574817 
574820 
574825 
574828 
574831 
574834 
574837 
574840 
574843 
574848 
574853 
574858 
574863 
574868 
574873 
574878 
574887 
574890 
574893 
574896 
574899 
574902 
574905 
574910 
574913 
574916 
574919 
574922 
574925 
574928 
574933 
574936 
574939 
574942 
574945 
574948 
574951 
574956 
574958 
574960 
574962 
574964 
574966 
574968 
574971 
574974 
574977 
574980 
574983 
574986 
574989 
574994 
574997 
575000 
575003 
575006 
575009 
575012 
575017 
575021 
575025 
575029 
575033 
575037 
575041 
575048 
575052 
575056 
575060 
575064 
575068 
575072 
575079 
575081 
575083 
575085 
575087 
575089 
575091 
575094 
575097 
575100 
575103 
575106 
575109 
575112 
575117 
575119 
575121 
575123 
575125 
575127 
575129 
575132 
575135 
575138 
575141 
575144 
575147 
575150 
575155 
575160 
575165 
575170 
575175 
575180 
575185 
575194 
575199 
575204 
575209 
575214 
575219 
575224 
575233 
575236 
575239 
575242 
575245 
575248 
575251 
575256 
575259 
575262 
575265 
575268 
575271 
575274 
575279 
575282 
575285 
575288 
575291 
575294 
575297 
575302 
575306 
575310 
575314 
575318 
575322 
575326 
575333 
575336 
575339 
575342 
575345 
575348 
575351 
575356 
575361 
575366 
575371 
575376 
575381 
575386 
575395 
575399 
575403 
575407 
575411 
575415 
575419 
575426 
575430 
575434 
575438 
575442 
575446 
575450 
575457 
575460 
575463 
575466 
575469 
575472 
575475 
575480 
575484 
575488 
575492 
575496 
575500 
575504 
575511 
575514 
575517 
575520 
575523 
575526 
575529 
575534 
575537 
575540 
575543 
575546 
575549 
575552 
575557 
575561 
575565 
575569 
575573 
575577 
575581 
575588 
575591 
575594 
575597 
575600 
575603 
575606 
575611 
575616 
575621 
575626 
575631 
575636 
575641 
575650 
575653 
575656 
575659 
575662 
575665 
575668 
575673 
575675 
575677 
575679 
575681 
575683 
575685 
575688 
575690 
575692 
575694 
575696 
575698 
575700 
575703 
575710 
575717 
575724 
575731 
575738 
575745 
575758 
575762 
575766 
575770 
575774 
575778 
575782 
575789 
575793 
575797 
575801 
575805 
575809 
575813 
575820 
575823 
575826 
575829 
575832 
575835 
575838 
575843 
575846 
575849 
575852 
575855 
575858 
575861 
575866 
575869 
575872 
575875 
575878 
575881 
575884 
575889 
575891 
575893 
575895 
575897 
575899 
575901 
575904 
575907 
575910 
575913 
575916 
575919 
575922 
575927 
575929 
575931 
575933 
575935 
575937 
575939 
575942 
575948 
575954 
575960 
575966 
575972 
575978 
575989 
575992 
575995 
575998 
576001 
576004 
576007 
576012 
576015 
576018 
576021 
576024 
576027 
576030 
576035 
576039 
576043 
576047 
576051 
576055 
576059 
576066 
576069 
576072 
576075 
576078 
576081 
576084 
576089 
576092 
576095 
576098 
576101 
576104 
576107 
576112 
576115 
576118 
576121 
576124 
576127 
576130 
576135 
576139 
576143 
576147 
576151 
576155 
576159 
576166 
576168 
576170 
576172 
576174 
576176 
576178 
576181 
576183 
576185 
576187 
576189 
576191 
576193 
576196 
576198 
576200 
576202 
576204 
576206 
576208 
576211 
576214 
576217 
576220 
576223 
576226 
576229 
576234 
576237 
576240 
576243 
576246 
576249 
576252 
576257 
576260 
576263 
576266 
576269 
576272 
576275 
576280 
576282 
576284 
576286 
576288 
576290 
576292 
576295 
576300 
576305 
576310 
576315 
576320 
576325 
576334 
576338 
576342 
576346 
576350 
576354 
576358 
576365 
576371 
576377 
576383 
576389 
576395 
576401 
576412 
576416 
576420 
576424 
576428 
576432 
576436 
576443 
576446 
576449 
576452 
576455 
576458 
576461 
576466 
576469 
576472 
576475 
576478 
576481 
576484 
576489 
576494 
576499 
576504 
576509 
576514 
576519 
576528 
576533 
576538 
576543 
576548 
576553 
576558 
576567 
576572 
576577 
576582 
576587 
576592 
576597 
576606 
576608 
576610 
576612 
576614 
576616 
576618 
576621 
576623 
576625 
576627 
576629 
576631 
576633 
576636 
576641 
576646 
576651 
576656 
576661 
576666 
576675 
576679 
576683 
576687 
576691 
576695 
576699 
576706 
576709 
576712 
576715 
576718 
576721 
576724 
576729 
576733 
576737 
576741 
576745 
576749 
576753 
576760 
576764 
576768 
576772 
576776 
576780 
576784 
576791 
576794 
576797 
576800 
576803 
576806 
576809 
576814 
576819 
576824 
576829 
576834 
576839 
576844 
576853 
576858 
576863 
576868 
576873 
576878 
576883 
576892 
576895 
576898 
576901 
576904 
576907 
576910 
576915 
576920 
576925 
576930 
576935 
576940 
576945 
576954 
576959 
576964 
576969 
576974 
576979 
576984 
576993 
576997 
577001 
577005 
577009 
577013 
577017 
577024 
577029 
577034 
577039 
577044 
577049 
577054 
577063 
577067 
577071 
577075 
577079 
577083 
577087 
577094 
577097 
577100 
577103 
577106 
577109 
577112 
577117 
577119 
577121 
577123 
577125 
577127 
577129 
577132 
577135 
577138 
577141 
577144 
577147 
577150 
577155 
577159 
577163 
577167 
577171 
577175 
577179 
577186 
577189 
577192 
577195 
577198 
577201 
577204 
577209 
577214 
577219 
577224 
577229 
577234 
577239 
577248 
577252 
577256 
577260 
577264 
577268 
577272 
577279 
577282 
577285 
577288 
577291 
577294 
577297 
577302 
577308 
577314 
577320 
577326 
577332 
577338 
577349 
577354 
577359 
577364 
577369 
577374 
577379 
577388 
577392 
577396 
577400 
577404 
577408 
577412 
577419 
577422 
577425 
577428 
577431 
577434 
577437 
577442 
577445 
577448 
577451 
577454 
577457 
577460 
577465 
577470 
577475 
577480 
577485 
577490 
577495 
577504 
577508 
577512 
577516 
577520 
577524 
577528 
577535 
577539 
577543 
577547 
577551 
577555 
577559 
577566 
577569 
577572 
577575 
577578 
577581 
577584 
577589 
577594 
577599 
577604 
577609 
577614 
577619 
577628 
577633 
577638 
577643 
577648 
577653 
577658 
577667 
577670 
577673 
577676 
577679 
577682 
577685 
577690 
577695 
577700 
577705 
577710 
577715 
577720 
577729 
577734 
577739 
577744 
577749 
577754 
577759 
577768 
577772 
577776 
577780 
577784 
577788 
577792 
577799 
577802 
577805 
577808 
577811 
577814 
577817 
577822 
577824 
577826 
577828 
577830 
577832 
577834 
577837 
577843 
577849 
577855 
577861 
577867 
577873 
577884 
577886 
577888 
577890 
577892 
577894 
577896 
577899 
577904 
577909 
577914 
577919 
577924 
577929 
577938 
577941 
577944 
577947 
577950 
577953 
577956 
577961 
577965 
577969 
577973 
577977 
577981 
577985 
577992 
577995 
577998 
578001 
578004 
578007 
578010 
578015 
578019 
578023 
578027 
578031 
578035 
578039 
578046 
578051 
578056 
578061 
578066 
578071 
578076 
578085 
578090 
578095 
578100 
578105 
578110 
578115 
578124 
578128 
578132 
578136 
578140 
578144 
578148 
578155 
578159 
578163 
578167 
578171 
578175 
578179 
578186 
578191 
578196 
578201 
578206 
578211 
578216 
578225 
578228 
578231 
578234 
578237 
578240 
578243 
578248 
578252 
578256 
578260 
578264 
578268 
578272 
578279 
578282 
578285 
578288 
578291 
578294 
578297 
578302 
578308 
578314 
578320 
578326 
578332 
578338 
578349 
578353 
578357 
578361 
578365 
578369 
578373 
578380 
578384 
578388 
578392 
578396 
578400 
578404 
578411 
578417 
578423 
578429 
578435 
578441 
578447 
578458 
578464 
578470 
578476 
578482 
578488 
578494 
578505 
578512 
578519 
578526 
578533 
578540 
578547 
578560 
578564 
578568 
578572 
578576 
578580 
578584 
578591 
578595 
578599 
578603 
578607 
578611 
578615 
578622 
578629 
578636 
578643 
578650 
578657 
578664 
578677 
578679 
578681 
578683 
578685 
578687 
578689 
578692 
578696 
578700 
578704 
578708 
578712 
578716 
578723 
578727 
578731 
578735 
578739 
578743 
578747 
578754 
578758 
578762 
578766 
578770 
578774 
578778 
578785 
578792 
578799 
578806 
578813 
578820 
578827 
578840 
578845 
578850 
578855 
578860 
578865 
578870 
578879 
578882 
578885 
578888 
578891 
578894 
578897 
578902 
578908 
578914 
578920 
578926 
578932 
578938 
578949 
578953 
578957 
578961 
578965 
578969 
578973 
578980 
578984 
578988 
578992 
578996 
579000 
579004 
579011 
579014 
579017 
579020 
579023 
579026 
579029 
579034 
579039 
579044 
579049 
579054 
579059 
579064 
579073 
579076 
579079 
579082 
579085 
579088 
579091 
579096 
579099 
579102 
579105 
579108 
579111 
579114 
579119 
579122 
579125 
579128 
579131 
579134 
579137 
579142 
579146 
579150 
579154 
579158 
579162 
579166 
579173 
579178 
579183 
579188 
579193 
579198 
579203 
579212 
579216 
579220 
579224 
579228 
579232 
579236 
579243 
579245 
579247 
579249 
579251 
579253 
579255 
579258 
579261 
579264 
579267 
579270 
579273 
579276 
579281 
579287 
579293 
579299 
579305 
579311 
579317 
579328 
579331 
579334 
579337 
579340 
579343 
579346 
579351 
579354 
579357 
579360 
579363 
579366 
579369 
579374 
579377 
579380 
579383 
579386 
579389 
579392 
579397 
579402 
579407 
579412 
579417 
579422 
579427 
579436 
579439 
579442 
579445 
579448 
579451 
579454 
579459 
579461 
579463 
579465 
579467 
579469 
579471 
579474 
579477 
579480 
579483 
579486 
579489 
579492 
579497 
579500 
579503 
579506 
579509 
579512 
579515 
579520 
579522 
579524 
579526 
579528 
579530 
579532 
579535 
579537 
579539 
579541 
579543 
579545 
579547 
579550 
579552 
579554 
579556 
579558 
579560 
579562 
579565 
579571 
579577 
579583 
579589 
579595 
579601 
579612 
579616 
579620 
579624 
579628 
579632 
579636 
579643 
579646 
579649 
579652 
579655 
579658 
579661 
579666 
579670 
579674 
579678 
579682 
579686 
579690 
579697 
579698 
579699 
579700 
579701 
579702 
579703 
579704 
579710 
579716 
579722 
579728 
579734 
579740 
579751 
579755 
579759 
579763 
579767 
579771 
579775 
579782 
579785 
579788 
579791 
579794 
579797 
579800 
579805 
579811 
579817 
579823 
579829 
579835 
579841 
579852 
579856 
579860 
579864 
579868 
579872 
579876 
579883 
579886 
579889 
579892 
579895 
579898 
579901 
579906 
579911 
579916 
579921 
579926 
579931 
579936 
579945 
579949 
579953 
579957 
579961 
579965 
579969 
579976 
579977 
579978 
579979 
579980 
579981 
579982 
579983 
579986 
579989 
579992 
579995 
579998 
580001 
580006 
580010 
580014 
580018 
580022 
580026 
580030 
580037 
580041 
580045 
580049 
580053 
580057 
580061 
580068 
580073 
580078 
580083 
580088 
580093 
580098 
580107 
580112 
580117 
580122 
580127 
580132 
580137 
580146 
580149 
580152 
580155 
580158 
580161 
580164 
580169 
580173 
580177 
580181 
580185 
580189 
580193 
580200 
580204 
580208 
580212 
580216 
580220 
580224 
580231 
580236 
580241 
580246 
580251 
580256 
580261 
580270 
580274 
580278 
580282 
580286 
580290 
580294 
580301 
580302 
580303 
580304 
580305 
580306 
580307 
580308 
580312 
580316 
580320 
580324 
580328 
580332 
580339 
580344 
580349 
580354 
580359 
580364 
580369 
580378 
580383 
580388 
580393 
580398 
580403 
580408 
580417 
580422 
580427 
580432 
580437 
580442 
580447 
580456 
580461 
580466 
580471 
580476 
580481 
580486 
580495 
580500 
580505 
580510 
580515 
580520 
580525 
580534 
580539 
580544 
580549 
580554 
580559 
580564 
580573 
580578 
580583 
580588 
580593 
580598 
580603 
580612 
580615 
580618 
580621 
580624 
580627 
580630 
580635 
580638 
580641 
580644 
580647 
580650 
580653 
580658 
580662 
580666 
580670 
580674 
580678 
580682 
580689 
580693 
580697 
580701 
580705 
580709 
580713 
580720 
580723 
580726 
580729 
580732 
580735 
580738 
580743 
580746 
580749 
580752 
580755 
580758 
580761 
580766 
580770 
580774 
580778 
580782 
580786 
580790 
580797 
580800 
580803 
580806 
580809 
580812 
580815 
580820 
580823 
580826 
580829 
580832 
580835 
580838 
580843 
580849 
580855 
580861 
580867 
580873 
580879 
580890 
580894 
580898 
580902 
580906 
580910 
580914 
580921 
580926 
580931 
580936 
580941 
580946 
580951 
580960 
580966 
580972 
580978 
580984 
580990 
580996 
581007 
581011 
581015 
581019 
581023 
581027 
581031 
581038 
581042 
581046 
581050 
581054 
581058 
581062 
581069 
581074 
581079 
581084 
581089 
581094 
581099 
581108 
581114 
581120 
581126 
581132 
581138 
581144 
581155 
581160 
581165 
581170 
581175 
581180 
581185 
581194 
581199 
581204 
581209 
581214 
581219 
581224 
581233 
581237 
581241 
581245 
581249 
581253 
581257 
581264 
581269 
581274 
581279 
581284 
581289 
581294 
581303 
581307 
581311 
581315 
581319 
581323 
581327 
581334 
581337 
581340 
581343 
581346 
581349 
581352 
581357 
581360 
581363 
581366 
581369 
581372 
581375 
581380 
581384 
581388 
581392 
581396 
581400 
581404 
581411 
581415 
581419 
581423 
581427 
581431 
581435 
581442 
581445 
581448 
581451 
581454 
581457 
581460 
581465 
581470 
581475 
581480 
581485 
581490 
581495 
581504 
581509 
581514 
581519 
581524 
581529 
581534 
581543 
581547 
581551 
581555 
581559 
581563 
581567 
581574 
581579 
581584 
581589 
581594 
581599 
581604 
581613 
581617 
581621 
581625 
581629 
581633 
581637 
581644 
581649 
581654 
581659 
581664 
581669 
581674 
581683 
581687 
581691 
581695 
581699 
581703 
581707 
581714 
581720 
581726 
581732 
581738 
581744 
581750 
581761 
581766 
581771 
581776 
581781 
581786 
581791 
581800 
581803 
581806 
581809 
581812 
581815 
581818 
581823 
581828 
581833 
581838 
581843 
581848 
581853 
581862 
581866 
581870 
581874 
581878 
581882 
581886 
581893 
581895 
581897 
581899 
581901 
581903 
581905 
581908 
581913 
581918 
581923 
581928 
581933 
581938 
581947 
581951 
581955 
581959 
581963 
581967 
581971 
581978 
581982 
581986 
581990 
581994 
581998 
582002 
582009 
582012 
582015 
582018 
582021 
582024 
582027 
582032 
582035 
582038 
582041 
582044 
582047 
582050 
582055 
582060 
582065 
582070 
582075 
582080 
582085 
582094 
582099 
582104 
582109 
582114 
582119 
582124 
582133 
582137 
582141 
582145 
582149 
582153 
582157 
582164 
582171 
582178 
582185 
582192 
582199 
582206 
582219 
582223 
582227 
582231 
582235 
582239 
582243 
582250 
582254 
582258 
582262 
582266 
582270 
582274 
582281 
582287 
582293 
582299 
582305 
582311 
582317 
582328 
582333 
582338 
582343 
582348 
582353 
582358 
582367 
582370 
582373 
582376 
582379 
582382 
582385 
582390 
582393 
582396 
582399 
582402 
582405 
582408 
582413 
582415 
582417 
582419 
582421 
582423 
582425 
582428 
582432 
582436 
582440 
582444 
582448 
582452 
582459 
582464 
582469 
582474 
582479 
582484 
582489 
582498 
582502 
582506 
582510 
582514 
582518 
582522 
582529 
582531 
582533 
582535 
582537 
582539 
582541 
582544 
582548 
582552 
582556 
582560 
582564 
582568 
582575 
582580 
582585 
582590 
582595 
582600 
582605 
582614 
582618 
582622 
582626 
582630 
582634 
582638 
582645 
582647 
582649 
582651 
582653 
582655 
582657 
582660 
582662 
582664 
582666 
582668 
582670 
582672 
582675 
582678 
582681 
582684 
582687 
582690 
582693 
582698 
582701 
582704 
582707 
582710 
582713 
582716 
582721 
582724 
582727 
582730 
582733 
582736 
582739 
582744 
582748 
582752 
582756 
582760 
582764 
582768 
582775 
582781 
582787 
582793 
582799 
582805 
582811 
582822 
582825 
582828 
582831 
582834 
582837 
582840 
582845 
582847 
582849 
582851 
582853 
582855 
582857 
582860 
582862 
582864 
582866 
582868 
582870 
582872 
582875 
582880 
582885 
582890 
582895 
582900 
582905 
582914 
582917 
582920 
582923 
582926 
582929 
582932 
582937 
582941 
582945 
582949 
582953 
582957 
582961 
582968 
582970 
582972 
582974 
582976 
582978 
582980 
582983 
582989 
582995 
583001 
583007 
583013 
583019 
583030 
583033 
583036 
583039 
583042 
583045 
583048 
583053 
583058 
583063 
583068 
583073 
583078 
583083 
583092 
583097 
583102 
583107 
583112 
583117 
583122 
583131 
583137 
583143 
583149 
583155 
583161 
583167 
583178 
583183 
583188 
583193 
583198 
583203 
583208 
583217 
583222 
583227 
583232 
583237 
583242 
583247 
583256 
583263 
583270 
583277 
583284 
583291 
583298 
583311 
583316 
583321 
583326 
583331 
583336 
583341 
583350 
583354 
583358 
583362 
583366 
583370 
583374 
583381 
583386 
583391 
583396 
583401 
583406 
583411 
583420 
583426 
583432 
583438 
583444 
583450 
583456 
583467 
583471 
583475 
583479 
583483 
583487 
583491 
583498 
583503 
583508 
583513 
583518 
583523 
583528 
583537 
583544 
583551 
583558 
583565 
583572 
583579 
583592 
583596 
583600 
583604 
583608 
583612 
583616 
583623 
583628 
583633 
583638 
583643 
583648 
583653 
583662 
583667 
583672 
583677 
583682 
583687 
583692 
583701 
583703 
583705 
583707 
583709 
583711 
583713 
583716 
583719 
583722 
583725 
583728 
583731 
583734 
583739 
583741 
583743 
583745 
583747 
583749 
583751 
583754 
583759 
583764 
583769 
583774 
583779 
583784 
583793 
583796 
583799 
583802 
583805 
583808 
583811 
583816 
583820 
583824 
583828 
583832 
583836 
583840 
583847 
583852 
583857 
583862 
583867 
583872 
583877 
583886 
583889 
583892 
583895 
583898 
583901 
583904 
583909 
583914 
583919 
583924 
583929 
583934 
583939 
583948 
583955 
583962 
583969 
583976 
583983 
583990 
584003 
584008 
584013 
584018 
584023 
584028 
584033 
584042 
584045 
584048 
584051 
584054 
584057 
584060 
584065 
584069 
584073 
584077 
584081 
584085 
584089 
584096 
584100 
584104 
584108 
584112 
584116 
584120 
584127 
584130 
584133 
584136 
584139 
584142 
584145 
584150 
584151 
584152 
584153 
584154 
584155 
584156 
584157 
584159 
584161 
584163 
584165 
584167 
584169 
584172 
584178 
584184 
584190 
584196 
584202 
584208 
584219 
584225 
584231 
584237 
584243 
584249 
584255 
584266 
584269 
584272 
584275 
584278 
584281 
584284 
584289 
584295 
584301 
584307 
584313 
584319 
584325 
584336 
584340 
584344 
584348 
584352 
584356 
584360 
584367 
584373 
584379 
584385 
584391 
584397 
584403 
584414 
584419 
584424 
584429 
584434 
584439 
584444 
584453 
584458 
584463 
584468 
584473 
584478 
584483 
584492 
584496 
584500 
584504 
584508 
584512 
584516 
584523 
584529 
584535 
584541 
584547 
584553 
584559 
584570 
584573 
584576 
584579 
584582 
584585 
584588 
584593 
584598 
584603 
584608 
584613 
584618 
584623 
584632 
584637 
584642 
584647 
584652 
584657 
584662 
584671 
584675 
584679 
584683 
584687 
584691 
584695 
584702 
584706 
584710 
584714 
584718 
584722 
584726 
584733 
584738 
584743 
584748 
584753 
584758 
584763 
584772 
584777 
584782 
584787 
584792 
584797 
584802 
584811 
584816 
584821 
584826 
584831 
584836 
584841 
584850 
584854 
584858 
584862 
584866 
584870 
584874 
584881 
584887 
584893 
584899 
584905 
584911 
584917 
584928 
584932 
584936 
584940 
584944 
584948 
584952 
584959 
584962 
584965 
584968 
584971 
584974 
584977 
584982 
584985 
584988 
584991 
584994 
584997 
585000 
585005 
585009 
585013 
585017 
585021 
585025 
585029 
585036 
585039 
585042 
585045 
585048 
585051 
585054 
585059 
585064 
585069 
585074 
585079 
585084 
585089 
585098 
585102 
585106 
585110 
585114 
585118 
585122 
585129 
585133 
585137 
585141 
585145 
585149 
585153 
585160 
585164 
585168 
585172 
585176 
585180 
585184 
585191 
585194 
585197 
585200 
585203 
585206 
585209 
585214 
585221 
585228 
585235 
585242 
585249 
585256 
585269 
585275 
585281 
585287 
585293 
585299 
585305 
585316 
585322 
585328 
585334 
585340 
585346 
585352 
585363 
585367 
585371 
585375 
585379 
585383 
585387 
585394 
585398 
585402 
585406 
585410 
585414 
585418 
585425 
585431 
585437 
585443 
585449 
585455 
585461 
585472 
585476 
585480 
585484 
585488 
585492 
585496 
585503 
585507 
585511 
585515 
585519 
585523 
585527 
585534 
585540 
585546 
585552 
585558 
585564 
585570 
585581 
585585 
585589 
585593 
585597 
585601 
585605 
585612 
585617 
585622 
585627 
585632 
585637 
585642 
585651 
585656 
585661 
585666 
585671 
585676 
585681 
585690 
585694 
585698 
585702 
585706 
585710 
585714 
585721 
585724 
585727 
585730 
585733 
585736 
585739 
585744 
585747 
585750 
585753 
585756 
585759 
585762 
585767 
585770 
585773 
585776 
585779 
585782 
585785 
585790 
585795 
585800 
585805 
585810 
585815 
585820 
585829 
585832 
585835 
585838 
585841 
585844 
585847 
585852 
585858 
585864 
585870 
585876 
585882 
585888 
585899 
585904 
585909 
585914 
585919 
585924 
585929 
585938 
585941 
585944 
585947 
585950 
585953 
585956 
585961 
585964 
585967 
585970 
585973 
585976 
585979 
585984 
585986 
585988 
585990 
585992 
585994 
585996 
585999 
586005 
586011 
586017 
586023 
586029 
586035 
586046 
586050 
586054 
586058 
586062 
586066 
586070 
586077 
586079 
586081 
586083 
586085 
586087 
586089 
586092 
586095 
586098 
586101 
586104 
586107 
586110 
586115 
586118 
586121 
586124 
586127 
586130 
586133 
586138 
586142 
586146 
586150 
586154 
586158 
586162 
586169 
586171 
586173 
586175 
586177 
586179 
586181 
586184 
586186 
586188 
586190 
586192 
586194 
586196 
586199 
586203 
586207 
586211 
586215 
586219 
586223 
586230 
586234 
586238 
586242 
586246 
586250 
586254 
586261 
586265 
586269 
586273 
586277 
586281 
586285 
586292 
586295 
586298 
586301 
586304 
586307 
586310 
586315 
586319 
586323 
586327 
586331 
586335 
586339 
586346 
586350 
586354 
586358 
586362 
586366 
586370 
586377 
586380 
586383 
586386 
586389 
586392 
586395 
586400 
586403 
586406 
586409 
586412 
586415 
586418 
586423 
586426 
586429 
586432 
586435 
586438 
586441 
586446 
586450 
586454 
586458 
586462 
586466 
586470 
586477 
586480 
586483 
586486 
586489 
586492 
586495 
586500 
586506 
586512 
586518 
586524 
586530 
586536 
586547 
586551 
586555 
586559 
586563 
586567 
586571 
586578 
586580 
586582 
586584 
586586 
586588 
586590 
586593 
586596 
586599 
586602 
586605 
586608 
586611 
586616 
586619 
586622 
586625 
586628 
586631 
586634 
586639 
586642 
586645 
586648 
586651 
586654 
586657 
586662 
586664 
586666 
586668 
586670 
586672 
586674 
586677 
586679 
586681 
586683 
586685 
586687 
586689 
586692 
586695 
586698 
586701 
586704 
586707 
586710 
586715 
586719 
586723 
586727 
586731 
586735 
586739 
586746 
586749 
586752 
586755 
586758 
586761 
586764 
586769 
586773 
586777 
586781 
586785 
586789 
586793 
586800 
586804 
586808 
586812 
586816 
586820 
586824 
586831 
586833 
586835 
586837 
586839 
586841 
586843 
586846 
586849 
586852 
586855 
586858 
586861 
586864 
586869 
586872 
586875 
586878 
586881 
586884 
586887 
586892 
586895 
586898 
586901 
586904 
586907 
586910 
586915 
586919 
586923 
586927 
586931 
586935 
586939 
586946 
586949 
586952 
586955 
586958 
586961 
586964 
586969 
586972 
586975 
586978 
586981 
586984 
586987 
586992 
586996 
587000 
587004 
587008 
587012 
587016 
587023 
587027 
587031 
587035 
587039 
587043 
587047 
587054 
587056 
587058 
587060 
587062 
587064 
587066 
587069 
587071 
587073 
587075 
587077 
587079 
587081 
587084 
587089 
587094 
587099 
587104 
587109 
587114 
587123 
587126 
587129 
587132 
587135 
587138 
587141 
587146 
587150 
587154 
587158 
587162 
587166 
587170 
587177 
587182 
587187 
587192 
587197 
587202 
587207 
587216 
587218 
587220 
587222 
587224 
587226 
587228 
587231 
587234 
587237 
587240 
587243 
587246 
587249 
587254 
587259 
587264 
587269 
587274 
587279 
587284 
587293 
587297 
587301 
587305 
587309 
587313 
587317 
587324 
587328 
587332 
587336 
587340 
587344 
587348 
587355 
587360 
587365 
587370 
587375 
587380 
587385 
587394 
587396 
587398 
587400 
587402 
587404 
587406 
587409 
587412 
587415 
587418 
587421 
587424 
587427 
587432 
587434 
587436 
587438 
587440 
587442 
587444 
587447 
587451 
587455 
587459 
587463 
587467 
587471 
587478 
587480 
587482 
587484 
587486 
587488 
587490 
587493 
587496 
587499 
587502 
587505 
587508 
587511 
587516 
587521 
587526 
587531 
587536 
587541 
587546 
587555 
587557 
587559 
587561 
587563 
587565 
587567 
587570 
587575 
587580 
587585 
587590 
587595 
587600 
587609 
587614 
587619 
587624 
587629 
587634 
587639 
587648 
587653 
587658 
587663 
587668 
587673 
587678 
587687 
587691 
587695 
587699 
587703 
587707 
587711 
587718 
587723 
587728 
587733 
587738 
587743 
587748 
587757 
587760 
587763 
587766 
587769 
587772 
587775 
587780 
587784 
587788 
587792 
587796 
587800 
587804 
587811 
587816 
587821 
587826 
587831 
587836 
587841 
587850 
587853 
587856 
587859 
587862 
587865 
587868 
587873 
587875 
587877 
587879 
587881 
587883 
587885 
587888 
587891 
587894 
587897 
587900 
587903 
587906 
587911 
587914 
587917 
587920 
587923 
587926 
587929 
587934 
587936 
587938 
587940 
587942 
587944 
587946 
587949 
587952 
587955 
587958 
587961 
587964 
587967 
587972 
587975 
587978 
587981 
587984 
587987 
587990 
587995 
587999 
588003 
588007 
588011 
588015 
588019 
588026 
588031 
588036 
588041 
588046 
588051 
588056 
588065 
588069 
588073 
588077 
588081 
588085 
588089 
588096 
588099 
588102 
588105 
588108 
588111 
588114 
588119 
588124 
588129 
588134 
588139 
588144 
588149 
588158 
588161 
588164 
588167 
588170 
588173 
588176 
588181 
588186 
588191 
588196 
588201 
588206 
588211 
588220 
588225 
588230 
588235 
588240 
588245 
588250 
588259 
588263 
588267 
588271 
588275 
588279 
588283 
588290 
588293 
588296 
588299 
588302 
588305 
588308 
588313 
588318 
588323 
588328 
588333 
588338 
588343 
588352 
588356 
588360 
588364 
588368 
588372 
588376 
588383 
588386 
588389 
588392 
588395 
588398 
588401 
588406 
588410 
588414 
588418 
588422 
588426 
588430 
588437 
588441 
588445 
588449 
588453 
588457 
588461 
588468 
588470 
588472 
588474 
588476 
588478 
588480 
588483 
588488 
588493 
588498 
588503 
588508 
588513 
588522 
588526 
588530 
588534 
588538 
588542 
588546 
588553 
588554 
588555 
588556 
588557 
588558 
588559 
588560 
588563 
588566 
588569 
588572 
588575 
588578 
588583 
588588 
588593 
588598 
588603 
588608 
588613 
588622 
588627 
588632 
588637 
588642 
588647 
588652 
588661 
588665 
588669 
588673 
588677 
588681 
588685 
588692 
588695 
588698 
588701 
588704 
588707 
588710 
588715 
588719 
588723 
588727 
588731 
588735 
588739 
588746 
588749 
588752 
588755 
588758 
588761 
588764 
588769 
588772 
588775 
588778 
588781 
588784 
588787 
588792 
588796 
588800 
588804 
588808 
588812 
588816 
588823 
588827 
588831 
588835 
588839 
588843 
588847 
588854 
588855 
588856 
588857 
588858 
588859 
588860 
588861 
588865 
588869 
588873 
588877 
588881 
588885 
588892 
588896 
588900 
588904 
588908 
588912 
588916 
588923 
588928 
588933 
588938 
588943 
588948 
588953 
588962 
588964 
588966 
588968 
588970 
588972 
588974 
588977 
588981 
588985 
588989 
588993 
588997 
589001 
589008 
589011 
589014 
589017 
589020 
589023 
589026 
589031 
589036 
589041 
589046 
589051 
589056 
589061 
589070 
589074 
589078 
589082 
589086 
589090 
589094 
589101 
589105 
589109 
589113 
589117 
589121 
589125 
589132 
589136 
589140 
589144 
589148 
589152 
589156 
589163 
589168 
589173 
589178 
589183 
589188 
589193 
589202 
589209 
589216 
589223 
589230 
589237 
589244 
589257 
589260 
589263 
589266 
589269 
589272 
589275 
589280 
589285 
589290 
589295 
589300 
589305 
589310 
589319 
589323 
589327 
589331 
589335 
589339 
589343 
589350 
589354 
589358 
589362 
589366 
589370 
589374 
589381 
589384 
589387 
589390 
589393 
589396 
589399 
589404 
589410 
589416 
589422 
589428 
589434 
589440 
589451 
589455 
589459 
589463 
589467 
589471 
589475 
589482 
589485 
589488 
589491 
589494 
589497 
589500 
589505 
589507 
589509 
589511 
589513 
589515 
589517 
589520 
589525 
589530 
589535 
589540 
589545 
589550 
589559 
589561 
589563 
589565 
589567 
589569 
589571 
589574 
589578 
589582 
589586 
589590 
589594 
589598 
589605 
589608 
589611 
589614 
589617 
589620 
589623 
589628 
589633 
589638 
589643 
589648 
589653 
589658 
589667 
589670 
589673 
589676 
589679 
589682 
589685 
589690 
589693 
589696 
589699 
589702 
589705 
589708 
589713 
589717 
589721 
589725 
589729 
589733 
589737 
589744 
589749 
589754 
589759 
589764 
589769 
589774 
589783 
589790 
589797 
589804 
589811 
589818 
589825 
589838 
589841 
589844 
589847 
589850 
589853 
589856 
589861 
589865 
589869 
589873 
589877 
589881 
589885 
589892 
589899 
589906 
589913 
589920 
589927 
589934 
589947 
589951 
589955 
589959 
589963 
589967 
589971 
589978 
589982 
589986 
589990 
589994 
589998 
590002 
590009 
590014 
590019 
590024 
590029 
590034 
590039 
590048 
590053 
590058 
590063 
590068 
590073 
590078 
590087 
590092 
590097 
590102 
590107 
590112 
590117 
590126 
590130 
590134 
590138 
590142 
590146 
590150 
590157 
590162 
590167 
590172 
590177 
590182 
590187 
590196 
590203 
590210 
590217 
590224 
590231 
590238 
590251 
590255 
590259 
590263 
590267 
590271 
590275 
590282 
590285 
590288 
590291 
590294 
590297 
590300 
590305 
590309 
590313 
590317 
590321 
590325 
590329 
590336 
590342 
590348 
590354 
590360 
590366 
590372 
590383 
590387 
590391 
590395 
590399 
590403 
590407 
590414 
590420 
590426 
590432 
590438 
590444 
590450 
590461 
590466 
590471 
590476 
590481 
590486 
590491 
590500 
590506 
590512 
590518 
590524 
590530 
590536 
590547 
590551 
590555 
590559 
590563 
590567 
590571 
590578 
590584 
590590 
590596 
590602 
590608 
590614 
590625 
590630 
590635 
590640 
590645 
590650 
590655 
590664 
590668 
590672 
590676 
590680 
590684 
590688 
590695 
590700 
590705 
590710 
590715 
590720 
590725 
590734 
590739 
590744 
590749 
590754 
590759 
590764 
590773 
590778 
590783 
590788 
590793 
590798 
590803 
590812 
590817 
590822 
590827 
590832 
590837 
590842 
590851 
590855 
590859 
590863 
590867 
590871 
590875 
590882 
590886 
590890 
590894 
590898 
590902 
590906 
590913 
590918 
590923 
590928 
590933 
590938 
590943 
590952 
590956 
590960 
590964 
590968 
590972 
590976 
590983 
590987 
590991 
590995 
590999 
591003 
591007 
591014 
591019 
591024 
591029 
591034 
591039 
591044 
591053 
591058 
591063 
591068 
591073 
591078 
591083 
591092 
591098 
591104 
591110 
591116 
591122 
591128 
591139 
591142 
591145 
591148 
591151 
591154 
591157 
591162 
591165 
591168 
591171 
591174 
591177 
591180 
591185 
591191 
591197 
591203 
591209 
591215 
591221 
591232 
591237 
591242 
591247 
591252 
591257 
591262 
591271 
591274 
591277 
591280 
591283 
591286 
591289 
591294 
591297 
591300 
591303 
591306 
591309 
591312 
591317 
591320 
591323 
591326 
591329 
591332 
591335 
591340 
591343 
591346 
591349 
591352 
591355 
591358 
591363 
591366 
591369 
591372 
591375 
591378 
591381 
591386 
591391 
591396 
591401 
591406 
591411 
591416 
591425 
591428 
591431 
591434 
591437 
591440 
591443 
591448 
591452 
591456 
591460 
591464 
591468 
591472 
591479 
591483 
591487 
591491 
591495 
591499 
591503 
591510 
591515 
591520 
591525 
591530 
591535 
591540 
591549 
591552 
591555 
591558 
591561 
591564 
591567 
591572 
591575 
591578 
591581 
591584 
591587 
591590 
591595 
591600 
591605 
591610 
591615 
591620 
591625 
591634 
591639 
591644 
591649 
591654 
591659 
591664 
591673 
591678 
591683 
591688 
591693 
591698 
591703 
591712 
591717 
591722 
591727 
591732 
591737 
591742 
591751 
591754 
591757 
591760 
591763 
591766 
591769 
591774 
591777 
591780 
591783 
591786 
591789 
591792 
591797 
591801 
591805 
591809 
591813 
591817 
591821 
591828 
591833 
591838 
591843 
591848 
591853 
591858 
591867 
591871 
591875 
591879 
591883 
591887 
591891 
591898 
591902 
591906 
591910 
591914 
591918 
591922 
591929 
591933 
591937 
591941 
591945 
591949 
591953 
591960 
591963 
591966 
591969 
591972 
591975 
591978 
591983 
591986 
591989 
591992 
591995 
591998 
592001 
592006 
592011 
592016 
592021 
592026 
592031 
592036 
592045 
592052 
592059 
592066 
592073 
592080 
592087 
592100 
592105 
592110 
592115 
592120 
592125 
592130 
592139 
592145 
592151 
592157 
592163 
592169 
592175 
592186 
592191 
592196 
592201 
592206 
592211 
592216 
592225 
592229 
592233 
592237 
592241 
592245 
592249 
592256 
592260 
592264 
592268 
592272 
592276 
592280 
592287 
592291 
592295 
592299 
592303 
592307 
592311 
592318 
592322 
592326 
592330 
592334 
592338 
592342 
592349 
592354 
592359 
592364 
592369 
592374 
592379 
592388 
592390 
592392 
592394 
592396 
592398 
592400 
592403 
592407 
592411 
592415 
592419 
592423 
592427 
592434 
592440 
592446 
592452 
592458 
592464 
592470 
592481 
592488 
592495 
592502 
592509 
592516 
592523 
592536 
592539 
592542 
592545 
592548 
592551 
592554 
592559 
592563 
592567 
592571 
592575 
592579 
592583 
592590 
592595 
592600 
592605 
592610 
592615 
592620 
592629 
592634 
592639 
592644 
592649 
592654 
592659 
592668 
592674 
592680 
592686 
592692 
592698 
592704 
592715 
592721 
592727 
592733 
592739 
592745 
592751 
592762 
592765 
592768 
592771 
592774 
592777 
592780 
592785 
592791 
592797 
592803 
592809 
592815 
592821 
592832 
592835 
592838 
592841 
592844 
592847 
592850 
592855 
592858 
592861 
592864 
592867 
592870 
592873 
592878 
592881 
592884 
592887 
592890 
592893 
592896 
592901 
592905 
592909 
592913 
592917 
592921 
592925 
592932 
592936 
592940 
592944 
592948 
592952 
592956 
592963 
592966 
592969 
592972 
592975 
592978 
592981 
592986 
592992 
592998 
593004 
593010 
593016 
593022 
593033 
593038 
593043 
593048 
593053 
593058 
593063 
593072 
593076 
593080 
593084 
593088 
593092 
593096 
593103 
593109 
593115 
593121 
593127 
593133 
593139 
593150 
593154 
593158 
593162 
593166 
593170 
593174 
593181 
593184 
593187 
593190 
593193 
593196 
593199 
593204 
593208 
593212 
593216 
593220 
593224 
593228 
593235 
593237 
593239 
593241 
593243 
593245 
593247 
593250 
593253 
593256 
593259 
593262 
593265 
593268 
593273 
593277 
593281 
593285 
593289 
593293 
593297 
593304 
593309 
593314 
593319 
593324 
593329 
593334 
593343 
593347 
593351 
593355 
593359 
593363 
593367 
593374 
593377 
593380 
593383 
593386 
593389 
593392 
593397 
593400 
593403 
593406 
593409 
593412 
593415 
593420 
593426 
593432 
593438 
593444 
593450 
593456 
593467 
593472 
593477 
593482 
593487 
593492 
593497 
593506 
593509 
593512 
593515 
593518 
593521 
593524 
593529 
593533 
593537 
593541 
593545 
593549 
593553 
593560 
593565 
593570 
593575 
593580 
593585 
593590 
593599 
593603 
593607 
593611 
593615 
593619 
593623 
593630 
593631 
593632 
593633 
593634 
593635 
593636 
593637 
593641 
593645 
593649 
593653 
593657 
593661 
593668 
593671 
593674 
593677 
593680 
593683 
593686 
593691 
593696 
593701 
593706 
593711 
593716 
593721 
593730 
593733 
593736 
593739 
593742 
593745 
593748 
593753 
593757 
593761 
593765 
593769 
593773 
593777 
593784 
593788 
593792 
593796 
593800 
593804 
593808 
593815 
593819 
593823 
593827 
593831 
593835 
593839 
593846 
593850 
593854 
593858 
593862 
593866 
593870 
593877 
593878 
593879 
593880 
593881 
593882 
593883 
593884 
593888 
593892 
593896 
593900 
593904 
593908 
593915 
593921 
593927 
593933 
593939 
593945 
593951 
593962 
593966 
593970 
593974 
593978 
593982 
593986 
593993 
593998 
594003 
594008 
594013 
594018 
594023 
594032 
594037 
594042 
594047 
594052 
594057 
594062 
594071 
594076 
594081 
594086 
594091 
594096 
594101 
594110 
594115 
594120 
594125 
594130 
594135 
594140 
594149 
594155 
594161 
594167 
594173 
594179 
594185 
594196 
594202 
594208 
594214 
594220 
594226 
594232 
594243 
594245 
594247 
594249 
594251 
594253 
594255 
594258 
594263 
594268 
594273 
594278 
594283 
594288 
594297 
594302 
594307 
594312 
594317 
594322 
594327 
594336 
594340 
594344 
594348 
594352 
594356 
594360 
594367 
594371 
594375 
594379 
594383 
594387 
594391 
594398 
594402 
594406 
594410 
594414 
594418 
594422 
594429 
594432 
594435 
594438 
594441 
594444 
594447 
594452 
594456 
594460 
594464 
594468 
594472 
594476 
594483 
594488 
594493 
594498 
594503 
594508 
594513 
594522 
594526 
594530 
594534 
594538 
594542 
594546 
594553 
594559 
594565 
594571 
594577 
594583 
594589 
594600 
594604 
594608 
594612 
594616 
594620 
594624 
594631 
594637 
594643 
594649 
594655 
594661 
594667 
594678 
594682 
594686 
594690 
594694 
594698 
594702 
594709 
594714 
594719 
594724 
594729 
594734 
594739 
594748 
594752 
594756 
594760 
594764 
594768 
594772 
594779 
594785 
594791 
594797 
594803 
594809 
594815 
594826 
594829 
594832 
594835 
594838 
594841 
594844 
594849 
594854 
594859 
594864 
594869 
594874 
594879 
594888 
594892 
594896 
594900 
594904 
594908 
594912 
594919 
594923 
594927 
594931 
594935 
594939 
594943 
594950 
594955 
594960 
594965 
594970 
594975 
594980 
594989 
594994 
594999 
595004 
595009 
595014 
595019 
595028 
595032 
595036 
595040 
595044 
595048 
595052 
595059 
595062 
595065 
595068 
595071 
595074 
595077 
595082 
595086 
595090 
595094 
595098 
595102 
595106 
595113 
595116 
595119 
595122 
595125 
595128 
595131 
595136 
595141 
595146 
595151 
595156 
595161 
595166 
595175 
595180 
595185 
595190 
595195 
595200 
595205 
595214 
595220 
595226 
595232 
595238 
595244 
595250 
595261 
595268 
595275 
595282 
595289 
595296 
595303 
595316 
595320 
595324 
595328 
595332 
595336 
595340 
595347 
595353 
595359 
595365 
595371 
595377 
595383 
595394 
595400 
595406 
595412 
595418 
595424 
595430 
595441 
595448 
595455 
595462 
595469 
595476 
595483 
595496 
595498 
595500 
595502 
595504 
595506 
595508 
595511 
595517 
595523 
595529 
595535 
595541 
595547 
595558 
595561 
595564 
595567 
595570 
595573 
595576 
595581 
595586 
595591 
595596 
595601 
595606 
595611 
595620 
595625 
595630 
595635 
595640 
595645 
595650 
595659 
595665 
595671 
595677 
595683 
595689 
595695 
595706 
595709 
595712 
595715 
595718 
595721 
595724 
595729 
595736 
595743 
595750 
595757 
595764 
595771 
595784 
595788 
595792 
595796 
595800 
595804 
595808 
595815 
595819 
595823 
595827 
595831 
595835 
595839 
595846 
595851 
595856 
595861 
595866 
595871 
595876 
595885 
595888 
595891 
595894 
595897 
595900 
595903 
595908 
595912 
595916 
595920 
595924 
595928 
595932 
595939 
595942 
595945 
595948 
595951 
595954 
595957 
595962 
595966 
595970 
595974 
595978 
595982 
595986 
595993 
595998 
596003 
596008 
596013 
596018 
596023 
596032 
596039 
596046 
596053 
596060 
596067 
596074 
596087 
596090 
596093 
596096 
596099 
596102 
596105 
596110 
596114 
596118 
596122 
596126 
596130 
596134 
596141 
596145 
596149 
596153 
596157 
596161 
596165 
596172 
596179 
596186 
596193 
596200 
596207 
596214 
596227 
596232 
596237 
596242 
596247 
596252 
596257 
596266 
596270 
596274 
596278 
596282 
596286 
596290 
596297 
596300 
596303 
596306 
596309 
596312 
596315 
596320 
596324 
596328 
596332 
596336 
596340 
596344 
596351 
596355 
596359 
596363 
596367 
596371 
596375 
596382 
596386 
596390 
596394 
596398 
596402 
596406 
596413 
596415 
596417 
596419 
596421 
596423 
596425 
596428 
596434 
596440 
596446 
596452 
596458 
596464 
596475 
596479 
596483 
596487 
596491 
596495 
596499 
596506 
596510 
596514 
596518 
596522 
596526 
596530 
596537 
596541 
596545 
596549 
596553 
596557 
596561 
596568 
596572 
596576 
596580 
596584 
596588 
596592 
596599 
596601 
596603 
596605 
596607 
596609 
596611 
596614 
596618 
596622 
596626 
596630 
596634 
596638 
596645 
596648 
596651 
596654 
596657 
596660 
596663 
596668 
596671 
596674 
596677 
596680 
596683 
596686 
596691 
596695 
596699 
596703 
596707 
596711 
596715 
596722 
596726 
596730 
596734 
596738 
596742 
596746 
596753 
596757 
596761 
596765 
596769 
596773 
596777 
596784 
596789 
596794 
596799 
596804 
596809 
596814 
596823 
596829 
596835 
596841 
596847 
596853 
596859 
596870 
596873 
596876 
596879 
596882 
596885 
596888 
596893 
596895 
596897 
596899 
596901 
596903 
596905 
596908 
596911 
596914 
596917 
596920 
596923 
596926 
596931 
596936 
596941 
596946 
596951 
596956 
596961 
596970 
596975 
596980 
596985 
596990 
596995 
597000 
597009 
597012 
597015 
597018 
597021 
597024 
597027 
597032 
597034 
597036 
597038 
597040 
597042 
597044 
597047 
597050 
597053 
597056 
597059 
597062 
597065 
597070 
597074 
597078 
597082 
597086 
597090 
597094 
597101 
597103 
597105 
597107 
597109 
597111 
597113 
597116 
597118 
597120 
597122 
597124 
597126 
597128 
597131 
597135 
597139 
597143 
597147 
597151 
597155 
597162 
597166 
597170 
597174 
597178 
597182 
597186 
597193 
597196 
597199 
597202 
597205 
597208 
597211 
597216 
597222 
597228 
597234 
597240 
597246 
597252 
597263 
597269 
597275 
597281 
597287 
597293 
597299 
597310 
597314 
597318 
597322 
597326 
597330 
597334 
597341 
597344 
597347 
597350 
597353 
597356 
597359 
597364 
597368 
597372 
597376 
597380 
597384 
597388 
597395 
597402 
597409 
597416 
597423 
597430 
597437 
597450 
597455 
597460 
597465 
597470 
597475 
597480 
597489 
597494 
597499 
597504 
597509 
597514 
597519 
597528 
597532 
597536 
597540 
597544 
597548 
597552 
597559 
597566 
597573 
597580 
597587 
597594 
597601 
597614 
597618 
597622 
597626 
597630 
597634 
597638 
597645 
597649 
597653 
597657 
597661 
597665 
597669 
597676 
597681 
597686 
597691 
597696 
597701 
597706 
597715 
597719 
597723 
597727 
597731 
597735 
597739 
597746 
597751 
597756 
597761 
597766 
597771 
597776 
597785 
597790 
597795 
597800 
597805 
597810 
597815 
597824 
597827 
597830 
597833 
597836 
597839 
597842 
597847 
597850 
597853 
597856 
597859 
597862 
597865 
597870 
597873 
597876 
597879 
597882 
597885 
597888 
597893 
597896 
597899 
597902 
597905 
597908 
597911 
597916 
597918 
597920 
597922 
597924 
597926 
597928 
597931 
597935 
597939 
597943 
597947 
597951 
597955 
597962 
597966 
597970 
597974 
597978 
597982 
597986 
597993 
597996 
597999 
598002 
598005 
598008 
598011 
598016 
598018 
598020 
598022 
598024 
598026 
598028 
598031 
598036 
598041 
598046 
598051 
598056 
598061 
598070 
598074 
598078 
598082 
598086 
598090 
598094 
598101 
598106 
598111 
598116 
598121 
598126 
598131 
598140 
598144 
598148 
598152 
598156 
598160 
598164 
598171 
598176 
598181 
598186 
598191 
598196 
598201 
598210 
598214 
598218 
598222 
598226 
598230 
598234 
598241 
598247 
598253 
598259 
598265 
598271 
598277 
598288 
598293 
598298 
598303 
598308 
598313 
598318 
598327 
598330 
598333 
598336 
598339 
598342 
598345 
598350 
598355 
598360 
598365 
598370 
598375 
598380 
598389 
598393 
598397 
598401 
598405 
598409 
598413 
598420 
598425 
598430 
598435 
598440 
598445 
598450 
598459 
598462 
598465 
598468 
598471 
598474 
598477 
598482 
598487 
598492 
598497 
598502 
598507 
598512 
598521 
598525 
598529 
598533 
598537 
598541 
598545 
598552 
598555 
598558 
598561 
598564 
598567 
598570 
598575 
598579 
598583 
598587 
598591 
598595 
598599 
598606 
598611 
598616 
598621 
598626 
598631 
598636 
598645 
598649 
598653 
598657 
598661 
598665 
598669 
598676 
598679 
598682 
598685 
598688 
598691 
598694 
598699 
598703 
598707 
598711 
598715 
598719 
598723 
598730 
598734 
598738 
598742 
598746 
598750 
598754 
598761 
598767 
598773 
598779 
598785 
598791 
598797 
598808 
598813 
598818 
598823 
598828 
598833 
598838 
598847 
598852 
598857 
598862 
598867 
598872 
598877 
598886 
598888 
598890 
598892 
598894 
598896 
598898 
598901 
598905 
598909 
598913 
598917 
598921 
598925 
598932 
598936 
598940 
598944 
598948 
598952 
598956 
598963 
598966 
598969 
598972 
598975 
598978 
598981 
598986 
598987 
598988 
598989 
598990 
598991 
598992 
598993 
598995 
598997 
598999 
599001 
599003 
599005 
599008 
599013 
599018 
599023 
599028 
599033 
599038 
599047 
599049 
599051 
599053 
599055 
599057 
599059 
599062 
599065 
599068 
599071 
599074 
599077 
599080 
599085 
599089 
599093 
599097 
599101 
599105 
599109 
599116 
599121 
599126 
599131 
599136 
599141 
599146 
599155 
599159 
599163 
599167 
599171 
599175 
599179 
599186 
599191 
599196 
599201 
599206 
599211 
599216 
599225 
599231 
599237 
599243 
599249 
599255 
599261 
599272 
599276 
599280 
599284 
599288 
599292 
599296 
599303 
599307 
599311 
599315 
599319 
599323 
599327 
599334 
599337 
599340 
599343 
599346 
599349 
599352 
599357 
599359 
599361 
599363 
599365 
599367 
599369 
599372 
599375 
599378 
599381 
599384 
599387 
599390 
599395 
599400 
599405 
599410 
599415 
599420 
599425 
599434 
599437 
599440 
599443 
599446 
599449 
599452 
599457 
599461 
599465 
599469 
599473 
599477 
599481 
599488 
599491 
599494 
599497 
599500 
599503 
599506 
599511 
599515 
599519 
599523 
599527 
599531 
599535 
599542 
599544 
599546 
599548 
599550 
599552 
599554 
599557 
599560 
599563 
599566 
599569 
599572 
599575 
599580 
599585 
599590 
599595 
599600 
599605 
599610 
599619 
599624 
599629 
599634 
599639 
599644 
599649 
599658 
599660 
599662 
599664 
599666 
599668 
599670 
599673 
599676 
599679 
599682 
599685 
599688 
599691 
599696 
599700 
599704 
599708 
599712 
599716 
599720 
599727 
599729 
599731 
599733 
599735 
599737 
599739 
599742 
599745 
599748 
599751 
599754 
599757 
599760 
599765 
599766 
599767 
599768 
599769 
599770 
599771 
599772 
599777 
599782 
599787 
599792 
599797 
599802 
599811 
599815 
599819 
599823 
599827 
599831 
599835 
599842 
599846 
599850 
599854 
599858 
599862 
599866 
599873 
599878 
599883 
599888 
599893 
599898 
599903 
599912 
599917 
599922 
599927 
599932 
599937 
599942 
599951 
599955 
599959 
599963 
599967 
599971 
599975 
599982 
599985 
599988 
599991 
599994 
599997 
600000 
600005 
600008 
600011 
600014 
600017 
600020 
600023 
600028 
600031 
600034 
600037 
600040 
600043 
600046 
600051 
600057 
600063 
600069 
600075 
600081 
600087 
600098 
600103 
600108 
600113 
600118 
600123 
600128 
600137 
600141 
600145 
600149 
600153 
600157 
600161 
600168 
600173 
600178 
600183 
600188 
600193 
600198 
600207 
600212 
600217 
600222 
600227 
600232 
600237 
600246 
600249 
600252 
600255 
600258 
600261 
600264 
600269 
600272 
600275 
600278 
600281 
600284 
600287 
600292 
600296 
600300 
600304 
600308 
600312 
600316 
600323 
600327 
600331 
600335 
600339 
600343 
600347 
600354 
600357 
600360 
600363 
600366 
600369 
600372 
600377 
600382 
600387 
600392 
600397 
600402 
600407 
600416 
600420 
600424 
600428 
600432 
600436 
600440 
600447 
600451 
600455 
600459 
600463 
600467 
600471 
600478 
600481 
600484 
600487 
600490 
600493 
600496 
600501 
600506 
600511 
600516 
600521 
600526 
600531 
600540 
600543 
600546 
600549 
600552 
600555 
600558 
600563 
600565 
600567 
600569 
600571 
600573 
600575 
600578 
600581 
600584 
600587 
600590 
600593 
600596 
600601 
600608 
600615 
600622 
600629 
600636 
600643 
600656 
600659 
600662 
600665 
600668 
600671 
600674 
600679 
600682 
600685 
600688 
600691 
600694 
600697 
600702 
600706 
600710 
600714 
600718 
600722 
600726 
600733 
600736 
600739 
600742 
600745 
600748 
600751 
600756 
600760 
600764 
600768 
600772 
600776 
600780 
600787 
600791 
600795 
600799 
600803 
600807 
600811 
600818 
600821 
600824 
600827 
600830 
600833 
600836 
600841 
600845 
600849 
600853 
600857 
600861 
600865 
600872 
600875 
600878 
600881 
600884 
600887 
600890 
600895 
600897 
600899 
600901 
600903 
600905 
600907 
600910 
600913 
600916 
600919 
600922 
600925 
600928 
600933 
600936 
600939 
600942 
600945 
600948 
600951 
600956 
600962 
600968 
600974 
600980 
600986 
600992 
601003 
601006 
601009 
601012 
601015 
601018 
601021 
601026 
601029 
601032 
601035 
601038 
601041 
601044 
601049 
601053 
601057 
601061 
601065 
601069 
601073 
601080 
601083 
601086 
601089 
601092 
601095 
601098 
601103 
601106 
601109 
601112 
601115 
601118 
601121 
601126 
601128 
601130 
601132 
601134 
601136 
601138 
601141 
601144 
601147 
601150 
601153 
601156 
601159 
601164 
601167 
601170 
601173 
601176 
601179 
601182 
601187 
601191 
601195 
601199 
601203 
601207 
601211 
601218 
601222 
601226 
601230 
601234 
601238 
601242 
601249 
601251 
601253 
601255 
601257 
601259 
601261 
601264 
601267 
601270 
601273 
601276 
601279 
601282 
601287 
601289 
601291 
601293 
601295 
601297 
601299 
601302 
601305 
601308 
601311 
601314 
601317 
601320 
601325 
601330 
601335 
601340 
601345 
601350 
601355 
601364 
601369 
601374 
601379 
601384 
601389 
601394 
601403 
601406 
601409 
601412 
601415 
601418 
601421 
601426 
601429 
601432 
601435 
601438 
601441 
601444 
601449 
601452 
601455 
601458 
601461 
601464 
601467 
601472 
601476 
601480 
601484 
601488 
601492 
601496 
601503 
601506 
601509 
601512 
601515 
601518 
601521 
601526 
601531 
601536 
601541 
601546 
601551 
601556 
601565 
601569 
601573 
601577 
601581 
601585 
601589 
601596 
601600 
601604 
601608 
601612 
601616 
601620 
601627 
601630 
601633 
601636 
601639 
601642 
601645 
601650 
601653 
601656 
601659 
601662 
601665 
601668 
601673 
601676 
601679 
601682 
601685 
601688 
601691 
601696 
601700 
601704 
601708 
601712 
601716 
601720 
601727 
601732 
601737 
601742 
601747 
601752 
601757 
601766 
601769 
601772 
601775 
601778 
601781 
601784 
601789 
601791 
601793 
601795 
601797 
601799 
601801 
601804 
601807 
601810 
601813 
601816 
601819 
601822 
601827 
601834 
601841 
601848 
601855 
601862 
601869 
601882 
601887 
601892 
601897 
601902 
601907 
601912 
601921 
601925 
601929 
601933 
601937 
601941 
601945 
601952 
601956 
601960 
601964 
601968 
601972 
601976 
601983 
601986 
601989 
601992 
601995 
601998 
602001 
602006 
602009 
602012 
602015 
602018 
602021 
602024 
602029 
602032 
602035 
602038 
602041 
602044 
602047 
602052 
602054 
602056 
602058 
602060 
602062 
602064 
602067 
602070 
602073 
602076 
602079 
602082 
602085 
602090 
602092 
602094 
602096 
602098 
602100 
602102 
602105 
602111 
602117 
602123 
602129 
602135 
602141 
602152 
602155 
602158 
602161 
602164 
602167 
602170 
602175 
602178 
602181 
602184 
602187 
602190 
602193 
602198 
602202 
602206 
602210 
602214 
602218 
602222 
602229 
602234 
602239 
602244 
602249 
602254 
602259 
602268 
602271 
602274 
602277 
602280 
602283 
602286 
602291 
602294 
602297 
602300 
602303 
602306 
602309 
602314 
602317 
602320 
602323 
602326 
602329 
602332 
602337 
602341 
602345 
602349 
602353 
602357 
602361 
602368 
602370 
602372 
602374 
602376 
602378 
602380 
602383 
602385 
602387 
602389 
602391 
602393 
602395 
602398 
602400 
602402 
602404 
602406 
602408 
602410 
602413 
602416 
602419 
602422 
602425 
602428 
602431 
602436 
602439 
602442 
602445 
602448 
602451 
602454 
602459 
602462 
602465 
602468 
602471 
602474 
602477 
602482 
602484 
602486 
602488 
602490 
602492 
602494 
602497 
602501 
602505 
602509 
602513 
602517 
602521 
602528 
602532 
602536 
602540 
602544 
602548 
602552 
602559 
602563 
602567 
602571 
602575 
602579 
602583 
602590 
602596 
602602 
602608 
602614 
602620 
602626 
602637 
602641 
602645 
602649 
602653 
602657 
602661 
602668 
602672 
602676 
602680 
602684 
602688 
602692 
602699 
602701 
602703 
602705 
602707 
602709 
602711 
602714 
602718 
602722 
602726 
602730 
602734 
602738 
602745 
602749 
602753 
602757 
602761 
602765 
602769 
602776 
602781 
602786 
602791 
602796 
602801 
602806 
602815 
602820 
602825 
602830 
602835 
602840 
602845 
602854 
602858 
602862 
602866 
602870 
602874 
602878 
602885 
602888 
602891 
602894 
602897 
602900 
602903 
602908 
602911 
602914 
602917 
602920 
602923 
602926 
602931 
602934 
602937 
602940 
602943 
602946 
602949 
602954 
602957 
602960 
602963 
602966 
602969 
602972 
602977 
602981 
602985 
602989 
602993 
602997 
603001 
603008 
603013 
603018 
603023 
603028 
603033 
603038 
603047 
603051 
603055 
603059 
603063 
603067 
603071 
603078 
603082 
603086 
603090 
603094 
603098 
603102 
603109 
603112 
603115 
603118 
603121 
603124 
603127 
603132 
603137 
603142 
603147 
603152 
603157 
603162 
603171 
603176 
603181 
603186 
603191 
603196 
603201 
603210 
603215 
603220 
603225 
603230 
603235 
603240 
603249 
603253 
603257 
603261 
603265 
603269 
603273 
603280 
603285 
603290 
603295 
603300 
603305 
603310 
603319 
603323 
603327 
603331 
603335 
603339 
603343 
603350 
603355 
603360 
603365 
603370 
603375 
603380 
603389 
603393 
603397 
603401 
603405 
603409 
603413 
603420 
603424 
603428 
603432 
603436 
603440 
603444 
603451 
603456 
603461 
603466 
603471 
603476 
603481 
603490 
603493 
603496 
603499 
603502 
603505 
603508 
603513 
603518 
603523 
603528 
603533 
603538 
603543 
603552 
603557 
603562 
603567 
603572 
603577 
603582 
603591 
603596 
603601 
603606 
603611 
603616 
603621 
603630 
603633 
603636 
603639 
603642 
603645 
603648 
603653 
603658 
603663 
603668 
603673 
603678 
603683 
603692 
603698 
603704 
603710 
603716 
603722 
603728 
603739 
603742 
603745 
603748 
603751 
603754 
603757 
603762 
603766 
603770 
603774 
603778 
603782 
603786 
603793 
603798 
603803 
603808 
603813 
603818 
603823 
603832 
603835 
603838 
603841 
603844 
603847 
603850 
603855 
603860 
603865 
603870 
603875 
603880 
603885 
603894 
603897 
603900 
603903 
603906 
603909 
603912 
603917 
603920 
603923 
603926 
603929 
603932 
603935 
603940 
603942 
603944 
603946 
603948 
603950 
603952 
603955 
603958 
603961 
603964 
603967 
603970 
603973 
603978 
603982 
603986 
603990 
603994 
603998 
604002 
604009 
604013 
604017 
604021 
604025 
604029 
604033 
604040 
604043 
604046 
604049 
604052 
604055 
604058 
604063 
604068 
604073 
604078 
604083 
604088 
604093 
604102 
604107 
604112 
604117 
604122 
604127 
604132 
604141 
604146 
604151 
604156 
604161 
604166 
604171 
604180 
604183 
604186 
604189 
604192 
604195 
604198 
604203 
604208 
604213 
604218 
604223 
604228 
604233 
604242 
604245 
604248 
604251 
604254 
604257 
604260 
604265 
604268 
604271 
604274 
604277 
604280 
604283 
604288 
604290 
604292 
604294 
604296 
604298 
604300 
604303 
604306 
604309 
604312 
604315 
604318 
604321 
604326 
604331 
604336 
604341 
604346 
604351 
604356 
604365 
604369 
604373 
604377 
604381 
604385 
604389 
604396 
604400 
604404 
604408 
604412 
604416 
604420 
604427 
604431 
604435 
604439 
604443 
604447 
604451 
604458 
604461 
604464 
604467 
604470 
604473 
604476 
604481 
604485 
604489 
604493 
604497 
604501 
604505 
604512 
604518 
604524 
604530 
604536 
604542 
604548 
604559 
604566 
604573 
604580 
604587 
604594 
604601 
604614 
604618 
604622 
604626 
604630 
604634 
604638 
604645 
604649 
604653 
604657 
604661 
604665 
604669 
604676 
604677 
604678 
604679 
604680 
604681 
604682 
604683 
604688 
604693 
604698 
604703 
604708 
604713 
604722 
604724 
604726 
604728 
604730 
604732 
604734 
604737 
604740 
604743 
604746 
604749 
604752 
604755 
604760 
604762 
604764 
604766 
604768 
604770 
604772 
604775 
604782 
604789 
604796 
604803 
604810 
604817 
604830 
604834 
604838 
604842 
604846 
604850 
604854 
604861 
604865 
604869 
604873 
604877 
604881 
604885 
604892 
604896 
604900 
604904 
604908 
604912 
604916 
604923 
604927 
604931 
604935 
604939 
604943 
604947 
604954 
604957 
604960 
604963 
604966 
604969 
604972 
604977 
604982 
604987 
604992 
604997 
605002 
605007 
605016 
605021 
605026 
605031 
605036 
605041 
605046 
605055 
605060 
605065 
605070 
605075 
605080 
605085 
605094 
605098 
605102 
605106 
605110 
605114 
605118 
605125 
605128 
605131 
605134 
605137 
605140 
605143 
605148 
605151 
605154 
605157 
605160 
605163 
605166 
605171 
605177 
605183 
605189 
605195 
605201 
605207 
605218 
605222 
605226 
605230 
605234 
605238 
605242 
605249 
605252 
605255 
605258 
605261 
605264 
605267 
605272 
605276 
605280 
605284 
605288 
605292 
605296 
605303 
605306 
605309 
605312 
605315 
605318 
605321 
605326 
605332 
605338 
605344 
605350 
605356 
605362 
605373 
605377 
605381 
605385 
605389 
605393 
605397 
605404 
605408 
605412 
605416 
605420 
605424 
605428 
605435 
605440 
605445 
605450 
605455 
605460 
605465 
605474 
605479 
605484 
605489 
605494 
605499 
605504 
605513 
605516 
605519 
605522 
605525 
605528 
605531 
605536 
605541 
605546 
605551 
605556 
605561 
605566 
605575 
605580 
605585 
605590 
605595 
605600 
605605 
605614 
605618 
605622 
605626 
605630 
605634 
605638 
605645 
605646 
605647 
605648 
605649 
605650 
605651 
605652 
605655 
605658 
605661 
605664 
605667 
605670 
605675 
605679 
605683 
605687 
605691 
605695 
605699 
605706 
605710 
605714 
605718 
605722 
605726 
605730 
605737 
605742 
605747 
605752 
605757 
605762 
605767 
605776 
605781 
605786 
605791 
605796 
605801 
605806 
605815 
605820 
605825 
605830 
605835 
605840 
605845 
605854 
605857 
605860 
605863 
605866 
605869 
605872 
605877 
605881 
605885 
605889 
605893 
605897 
605901 
605908 
605909 
605910 
605911 
605912 
605913 
605914 
605915 
605917 
605919 
605921 
605923 
605925 
605927 
605930 
605934 
605938 
605942 
605946 
605950 
605954 
605961 
605965 
605969 
605973 
605977 
605981 
605985 
605992 
605996 
606000 
606004 
606008 
606012 
606016 
606023 
606026 
606029 
606032 
606035 
606038 
606041 
606046 
606051 
606056 
606061 
606066 
606071 
606076 
606085 
606089 
606093 
606097 
606101 
606105 
606109 
606116 
606121 
606126 
606131 
606136 
606141 
606146 
606155 
606159 
606163 
606167 
606171 
606175 
606179 
606186 
606192 
606198 
606204 
606210 
606216 
606222 
606233 
606237 
606241 
606245 
606249 
606253 
606257 
606264 
606270 
606276 
606282 
606288 
606294 
606300 
606311 
606317 
606323 
606329 
606335 
606341 
606347 
606358 
606361 
606364 
606367 
606370 
606373 
606376 
606381 
606384 
606387 
606390 
606393 
606396 
606399 
606404 
606409 
606414 
606419 
606424 
606429 
606434 
606443 
606447 
606451 
606455 
606459 
606463 
606467 
606474 
606478 
606482 
606486 
606490 
606494 
606498 
606505 
606510 
606515 
606520 
606525 
606530 
606535 
606544 
606548 
606552 
606556 
606560 
606564 
606568 
606575 
606578 
606581 
606584 
606587 
606590 
606593 
606598 
606601 
606604 
606607 
606610 
606613 
606616 
606621 
606624 
606627 
606630 
606633 
606636 
606639 
606644 
606650 
606656 
606662 
606668 
606674 
606680 
606691 
606695 
606699 
606703 
606707 
606711 
606715 
606722 
606727 
606732 
606737 
606742 
606747 
606752 
606761 
606765 
606769 
606773 
606777 
606781 
606785 
606792 
606798 
606804 
606810 
606816 
606822 
606828 
606839 
606845 
606851 
606857 
606863 
606869 
606875 
606886 
606891 
606896 
606901 
606906 
606911 
606916 
606925 
606930 
606935 
606940 
606945 
606950 
606955 
606964 
606969 
606974 
606979 
606984 
606989 
606994 
607003 
607008 
607013 
607018 
607023 
607028 
607033 
607042 
607046 
607050 
607054 
607058 
607062 
607066 
607073 
607076 
607079 
607082 
607085 
607088 
607091 
607096 
607100 
607104 
607108 
607112 
607116 
607120 
607127 
607129 
607131 
607133 
607135 
607137 
607139 
607142 
607145 
607148 
607151 
607154 
607157 
607160 
607165 
607169 
607173 
607177 
607181 
607185 
607189 
607196 
607200 
607204 
607208 
607212 
607216 
607220 
607227 
607231 
607235 
607239 
607243 
607247 
607251 
607258 
607265 
607272 
607279 
607286 
607293 
607300 
607313 
607318 
607323 
607328 
607333 
607338 
607343 
607352 
607358 
607364 
607370 
607376 
607382 
607388 
607399 
607403 
607407 
607411 
607415 
607419 
607423 
607430 
607434 
607438 
607442 
607446 
607450 
607454 
607461 
607465 
607469 
607473 
607477 
607481 
607485 
607492 
607497 
607502 
607507 
607512 
607517 
607522 
607531 
607535 
607539 
607543 
607547 
607551 
607555 
607562 
607567 
607572 
607577 
607582 
607587 
607592 
607601 
607606 
607611 
607616 
607621 
607626 
607631 
607640 
607646 
607652 
607658 
607664 
607670 
607676 
607687 
607691 
607695 
607699 
607703 
607707 
607711 
607718 
607722 
607726 
607730 
607734 
607738 
607742 
607749 
607752 
607755 
607758 
607761 
607764 
607767 
607772 
607776 
607780 
607784 
607788 
607792 
607796 
607803 
607808 
607813 
607818 
607823 
607828 
607833 
607842 
607847 
607852 
607857 
607862 
607867 
607872 
607881 
607886 
607891 
607896 
607901 
607906 
607911 
607920 
607925 
607930 
607935 
607940 
607945 
607950 
607959 
607963 
607967 
607971 
607975 
607979 
607983 
607990 
607993 
607996 
607999 
608002 
608005 
608008 
608013 
608018 
608023 
608028 
608033 
608038 
608043 
608052 
608056 
608060 
608064 
608068 
608072 
608076 
608083 
608087 
608091 
608095 
608099 
608103 
608107 
608114 
608117 
608120 
608123 
608126 
608129 
608132 
608137 
608140 
608143 
608146 
608149 
608152 
608155 
608160 
608164 
608168 
608172 
608176 
608180 
608184 
608191 
608197 
608203 
608209 
608215 
608221 
608227 
608238 
608241 
608244 
608247 
608250 
608253 
608256 
608261 
608263 
608265 
608267 
608269 
608271 
608273 
608276 
608279 
608282 
608285 
608288 
608291 
608294 
608299 
608305 
608311 
608317 
608323 
608329 
608335 
608346 
608348 
608350 
608352 
608354 
608356 
608358 
608361 
608366 
608371 
608376 
608381 
608386 
608391 
608400 
608405 
608410 
608415 
608420 
608425 
608430 
608439 
608442 
608445 
608448 
608451 
608454 
608457 
608462 
608468 
608474 
608480 
608486 
608492 
608498 
608509 
608512 
608515 
608518 
608521 
608524 
608527 
608532 
608535 
608538 
608541 
608544 
608547 
608550 
608555 
608559 
608563 
608567 
608571 
608575 
608579 
608586 
608589 
608592 
608595 
608598 
608601 
608604 
608609 
608612 
608615 
608618 
608621 
608624 
608627 
608632 
608637 
608642 
608647 
608652 
608657 
608662 
608671 
608674 
608677 
608680 
608683 
608686 
608689 
608694 
608699 
608704 
608709 
608714 
608719 
608724 
608733 
608736 
608739 
608742 
608745 
608748 
608751 
608756 
608762 
608768 
608774 
608780 
608786 
608792 
608803 
608805 
608807 
608809 
608811 
608813 
608815 
608818 
608822 
608826 
608830 
608834 
608838 
608842 
608849 
608852 
608855 
608858 
608861 
608864 
608867 
608872 
608876 
608880 
608884 
608888 
608892 
608896 
608903 
608905 
608907 
608909 
608911 
608913 
608915 
608918 
608921 
608924 
608927 
608930 
608933 
608936 
608941 
608943 
608945 
608947 
608949 
608951 
608953 
608956 
608960 
608964 
608968 
608972 
608976 
608980 
608987 
608990 
608993 
608996 
608999 
609002 
609005 
609010 
609014 
609018 
609022 
609026 
609030 
609034 
609041 
609044 
609047 
609050 
609053 
609056 
609059 
609064 
609068 
609072 
609076 
609080 
609084 
609088 
609095 
609098 
609101 
609104 
609107 
609110 
609113 
609118 
609122 
609126 
609130 
609134 
609138 
609142 
609149 
609151 
609153 
609155 
609157 
609159 
609161 
609164 
609166 
609168 
609170 
609172 
609174 
609176 
609179 
609181 
609183 
609185 
609187 
609189 
609191 
609194 
609195 
609196 
609197 
609198 
609199 
609200 
609201 
609202 
609203 
609204 
609205 
609206 
609207 
609208 
609213 
609218 
609223 
609228 
609233 
609238 
609247 
609251 
609255 
609259 
609263 
609267 
609271 
609278 
609281 
609284 
609287 
609290 
609293 
609296 
609301 
609305 
609309 
609313 
609317 
609321 
609325 
609332 
609335 
609338 
609341 
609344 
609347 
609350 
609355 
609358 
609361 
609364 
609367 
609370 
609373 
609378 
609383 
609388 
609393 
609398 
609403 
609408 
609417 
609418 
609419 
609420 
609421 
609422 
609423 
609424 
609428 
609432 
609436 
609440 
609444 
609448 
609455 
609457 
609459 
609461 
609463 
609465 
609467 
609470 
609472 
609474 
609476 
609478 
609480 
609482 
609485 
609488 
609491 
609494 
609497 
609500 
609503 
609508 
609510 
609512 
609514 
609516 
609518 
609520 
609523 
609526 
609529 
609532 
609535 
609538 
609541 
609546 
609548 
609550 
609552 
609554 
609556 
609558 
609561 
609565 
609569 
609573 
609577 
609581 
609585 
609592 
609595 
609598 
609601 
609604 
609607 
609610 
609615 
609619 
609623 
609627 
609631 
609635 
609639 
609646 
609648 
609650 
609652 
609654 
609656 
609658 
609661 
609664 
609667 
609670 
609673 
609676 
609679 
609684 
609689 
609694 
609699 
609704 
609709 
609714 
609723 
609729 
609735 
609741 
609747 
609753 
609759 
609770 
609776 
609782 
609788 
609794 
609800 
609806 
609817 
609823 
609829 
609835 
609841 
609847 
609853 
609864 
609867 
609870 
609873 
609876 
609879 
609882 
609887 
609891 
609895 
609899 
609903 
609907 
609911 
609918 
609920 
609922 
609924 
609926 
609928 
609930 
609933 
609935 
609937 
609939 
609941 
609943 
609945 
609948 
609951 
609954 
609957 
609960 
609963 
609966 
609971 
609975 
609979 
609983 
609987 
609991 
609995 
610002 
610004 
610006 
610008 
610010 
610012 
610014 
610017 
610020 
610023 
610026 
610029 
610032 
610035 
610040 
610042 
610044 
610046 
610048 
610050 
610052 
610055 
610059 
610063 
610067 
610071 
610075 
610079 
610086 
610089 
610092 
610095 
610098 
610101 
610104 
610109 
610113 
610117 
610121 
610125 
610129 
610133 
610140 
610143 
610146 
610149 
610152 
610155 
610158 
610163 
610166 
610169 
610172 
610175 
610178 
610181 
610186 
610190 
610194 
610198 
610202 
610206 
610210 
610217 
610220 
610223 
610226 
610229 
610232 
610235 
610240 
610243 
610246 
610249 
610252 
610255 
610258 
610263 
610265 
610267 
610269 
610271 
610273 
610275 
610278 
610279 
610280 
610281 
610282 
610283 
610284 
610285 
610289 
610293 
610297 
610301 
610305 
610309 
610316 
610320 
610324 
610328 
610332 
610336 
610340 
610347 
610351 
610355 
610359 
610363 
610367 
610371 
610378 
610380 
610382 
610384 
610386 
610388 
610390 
610393 
610395 
610397 
610399 
610401 
610403 
610405 
610408 
610410 
610412 
610414 
610416 
610418 
610420 
610423 
610426 
610429 
610432 
610435 
610438 
610441 
610446 
610450 
610454 
610458 
610462 
610466 
610470 
610477 
610479 
610481 
610483 
610485 
610487 
610489 
610492 
610496 
610500 
610504 
610508 
610512 
610516 
610523 
610526 
610529 
610532 
610535 
610538 
610541 
610546 
610549 
610552 
610555 
610558 
610561 
610564 
610569 
610571 
610573 
610575 
610577 
610579 
610581 
610584 
610587 
610590 
610593 
610596 
610599 
610602 
610607 
610610 
610613 
610616 
610619 
610622 
610625 
610630 
610633 
610636 
610639 
610642 
610645 
610648 
610653 
610657 
610661 
610665 
610669 
610673 
610677 
610684 
610686 
610688 
610690 
610692 
610694 
610696 
610699 
610702 
610705 
610708 
610711 
610714 
610717 
610722 
610725 
610728 
610731 
610734 
610737 
610740 
610745 
610748 
610751 
610754 
610757 
610760 
610763 
610768 
610771 
610774 
610777 
610780 
610783 
610786 
610791 
610793 
610795 
610797 
610799 
610801 
610803 
610806 
610809 
610812 
610815 
610818 
610821 
610824 
610829 
610832 
610835 
610838 
610841 
610844 
610847 
610852 
610854 
610856 
610858 
610860 
610862 
610864 
610867 
610871 
610875 
610879 
610883 
610887 
610891 
610898 
610902 
610906 
610910 
610914 
610918 
610922 
610929 
610933 
610937 
610941 
610945 
610949 
610953 
610960 
610964 
610968 
610972 
610976 
610980 
610984 
610991 
610994 
610997 
611000 
611003 
611006 
611009 
611014 
611016 
611018 
611020 
611022 
611024 
611026 
611029 
611035 
611041 
611047 
611053 
611059 
611065 
611076 
611079 
611082 
611085 
611088 
611091 
611094 
611099 
611101 
611103 
611105 
611107 
611109 
611111 
611114 
611116 
611118 
611120 
611122 
611124 
611126 
611129 
611133 
611137 
611141 
611145 
611149 
611153 
611160 
611164 
611168 
611172 
611176 
611180 
611184 
611191 
611195 
611199 
611203 
611207 
611211 
611215 
611222 
611226 
611230 
611234 
611238 
611242 
611246 
611253 
611256 
611259 
611262 
611265 
611268 
611271 
611276 
611283 
611290 
611297 
611304 
611311 
611318 
611331 
611337 
611343 
611349 
611355 
611361 
611367 
611378 
611380 
611382 
611384 
611386 
611388 
611390 
611393 
611396 
611399 
611402 
611405 
611408 
611411 
611416 
611421 
611426 
611431 
611436 
611441 
611446 
611455 
611458 
611461 
611464 
611467 
611470 
611473 
611478 
611482 
611486 
611490 
611494 
611498 
611502 
611509 
611511 
611513 
611515 
611517 
611519 
611521 
611524 
611527 
611530 
611533 
611536 
611539 
611542 
611547 
611552 
611557 
611562 
611567 
611572 
611577 
611586 
611589 
611592 
611595 
611598 
611601 
611604 
611609 
611614 
611619 
611624 
611629 
611634 
611639 
611648 
611651 
611654 
611657 
611660 
611663 
611666 
611671 
611675 
611679 
611683 
611687 
611691 
611695 
611702 
611707 
611712 
611717 
611722 
611727 
611732 
611741 
611743 
611745 
611747 
611749 
611751 
611753 
611756 
611759 
611762 
611765 
611768 
611771 
611774 
611779 
611782 
611785 
611788 
611791 
611794 
611797 
611802 
611805 
611808 
611811 
611814 
611817 
611820 
611825 
611827 
611829 
611831 
611833 
611835 
611837 
611840 
611844 
611848 
611852 
611856 
611860 
611864 
611871 
611875 
611879 
611883 
611887 
611891 
611895 
611902 
611905 
611908 
611911 
611914 
611917 
611920 
611925 
611930 
611935 
611940 
611945 
611950 
611955 
611964 
611966 
611968 
611970 
611972 
611974 
611976 
611979 
611981 
611983 
611985 
611987 
611989 
611991 
611994 
611997 
612000 
612003 
612006 
612009 
612012 
612017 
612018 
612019 
612020 
612021 
612022 
612023 
612024 
612027 
612030 
612033 
612036 
612039 
612042 
612047 
612050 
612053 
612056 
612059 
612062 
612065 
612070 
612071 
612072 
612073 
612074 
612075 
612076 
612077 
612082 
612087 
612092 
612097 
612102 
612107 
612116 
612121 
612126 
612131 
612136 
612141 
612146 
612155 
612157 
612159 
612161 
612163 
612165 
612167 
612170 
612172 
612174 
612176 
612178 
612180 
612182 
612185 
612190 
612195 
612200 
612205 
612210 
612215 
612224 
612226 
612228 
612230 
612232 
612234 
612236 
612239 
612244 
612249 
612254 
612259 
612264 
612269 
612278 
612282 
612286 
612290 
612294 
612298 
612302 
612309 
612310 
612311 
612312 
612313 
612314 
612315 
612316 
612321 
612326 
612331 
612336 
612341 
612346 
612355 
612357 
612359 
612361 
612363 
612365 
612367 
612370 
612372 
612374 
612376 
612378 
612380 
612382 
612385 
612388 
612391 
612394 
612397 
612400 
612403 
612408 
612412 
612416 
612420 
612424 
612428 
612432 
612439 
612443 
612447 
612451 
612455 
612459 
612463 
612470 
612474 
612478 
612482 
612486 
612490 
612494 
612501 
612504 
612507 
612510 
612513 
612516 
612519 
612524 
612528 
612532 
612536 
612540 
612544 
612548 
612555 
612560 
612565 
612570 
612575 
612580 
612585 
612594 
612600 
612606 
612612 
612618 
612624 
612630 
612641 
612646 
612651 
612656 
612661 
612666 
612671 
612680 
612683 
612686 
612689 
612692 
612695 
612698 
612703 
612705 
612707 
612709 
612711 
612713 
612715 
612718 
612722 
612726 
612730 
612734 
612738 
612742 
612749 
612754 
612759 
612764 
612769 
612774 
612779 
612788 
612793 
612798 
612803 
612808 
612813 
612818 
612827 
612830 
612833 
612836 
612839 
612842 
612845 
612850 
612851 
612852 
612853 
612854 
612855 
612856 
612857 
612859 
612861 
612863 
612865 
612867 
612869 
612872 
612875 
612878 
612881 
612884 
612887 
612890 
612895 
612900 
612905 
612910 
612915 
612920 
612925 
612934 
612939 
612944 
612949 
612954 
612959 
612964 
612973 
612976 
612979 
612982 
612985 
612988 
612991 
612996 
612997 
612998 
612999 
613000 
613001 
613002 
613003 
613008 
613013 
613018 
613023 
613028 
613033 
613042 
613047 
613052 
613057 
613062 
613067 
613072 
613081 
613083 
613085 
613087 
613089 
613091 
613093 
613096 
613099 
613102 
613105 
613108 
613111 
613114 
613119 
613122 
613125 
613128 
613131 
613134 
613137 
613142 
613148 
613154 
613160 
613166 
613172 
613178 
613189 
613194 
613199 
613204 
613209 
613214 
613219 
613228 
613232 
613236 
613240 
613244 
613248 
613252 
613259 
613263 
613267 
613271 
613275 
613279 
613283 
613290 
613293 
613296 
613299 
613302 
613305 
613308 
613313 
613316 
613319 
613322 
613325 
613328 
613331 
613336 
613340 
613344 
613348 
613352 
613356 
613360 
613367 
613370 
613373 
613376 
613379 
613382 
613385 
613390 
613393 
613396 
613399 
613402 
613405 
613408 
613413 
613417 
613421 
613425 
613429 
613433 
613437 
613444 
613449 
613454 
613459 
613464 
613469 
613474 
613483 
613487 
613491 
613495 
613499 
613503 
613507 
613514 
613517 
613520 
613523 
613526 
613529 
613532 
613537 
613541 
613545 
613549 
613553 
613557 
613561 
613568 
613571 
613574 
613577 
613580 
613583 
613586 
613591 
613597 
613603 
613609 
613615 
613621 
613627 
613638 
613643 
613648 
613653 
613658 
613663 
613668 
613677 
613681 
613685 
613689 
613693 
613697 
613701 
613708 
613711 
613714 
613717 
613720 
613723 
613726 
613731 
613734 
613737 
613740 
613743 
613746 
613749 
613754 
613759 
613764 
613769 
613774 
613779 
613784 
613793 
613795 
613797 
613799 
613801 
613803 
613805 
613808 
613811 
613814 
613817 
613820 
613823 
613826 
613831 
613836 
613841 
613846 
613851 
613856 
613861 
613870 
613873 
613876 
613879 
613882 
613885 
613888 
613893 
613896 
613899 
613902 
613905 
613908 
613911 
613916 
613920 
613924 
613928 
613932 
613936 
613940 
613947 
613951 
613955 
613959 
613963 
613967 
613971 
613978 
613982 
613986 
613990 
613994 
613998 
614002 
614009 
614011 
614013 
614015 
614017 
614019 
614021 
614024 
614027 
614030 
614033 
614036 
614039 
614042 
614047 
614050 
614053 
614056 
614059 
614062 
614065 
614070 
614074 
614078 
614082 
614086 
614090 
614094 
614101 
614103 
614105 
614107 
614109 
614111 
614113 
614116 
614122 
614128 
614134 
614140 
614146 
614152 
614163 
614168 
614173 
614178 
614183 
614188 
614193 
614202 
614207 
614212 
614217 
614222 
614227 
614232 
614241 
614245 
614249 
614253 
614257 
614261 
614265 
614272 
614275 
614278 
614281 
614284 
614287 
614290 
614295 
614300 
614305 
614310 
614315 
614320 
614325 
614334 
614336 
614338 
614340 
614342 
614344 
614346 
614349 
614353 
614357 
614361 
614365 
614369 
614373 
614380 
614384 
614388 
614392 
614396 
614400 
614404 
614411 
614414 
614417 
614420 
614423 
614426 
614429 
614434 
614436 
614438 
614440 
614442 
614444 
614446 
614449 
614453 
614457 
614461 
614465 
614469 
614473 
614480 
614484 
614488 
614492 
614496 
614500 
614504 
614511 
614513 
614515 
614517 
614519 
614521 
614523 
614526 
614530 
614534 
614538 
614542 
614546 
614550 
614557 
614560 
614563 
614566 
614569 
614572 
614575 
614580 
614584 
614588 
614592 
614596 
614600 
614604 
614611 
614614 
614617 
614620 
614623 
614626 
614629 
614634 
614639 
614644 
614649 
614654 
614659 
614664 
614673 
614676 
614679 
614682 
614685 
614688 
614691 
614696 
614697 
614698 
614699 
614700 
614701 
614702 
614703 
614707 
614711 
614715 
614719 
614723 
614727 
614734 
614739 
614744 
614749 
614754 
614759 
614764 
614773 
614776 
614779 
614782 
614785 
614788 
614791 
614796 
614798 
614800 
614802 
614804 
614806 
614808 
614811 
614815 
614819 
614823 
614827 
614831 
614835 
614842 
614846 
614850 
614854 
614858 
614862 
614866 
614873 
614877 
614881 
614885 
614889 
614893 
614897 
614904 
614909 
614914 
614919 
614924 
614929 
614934 
614943 
614945 
614947 
614949 
614951 
614953 
614955 
614958 
614964 
614970 
614976 
614982 
614988 
614994 
615005 
615010 
615015 
615020 
615025 
615030 
615035 
615044 
615046 
615048 
615050 
615052 
615054 
615056 
615059 
615062 
615065 
615068 
615071 
615074 
615077 
615082 
615087 
615092 
615097 
615102 
615107 
615112 
615121 
615124 
615127 
615130 
615133 
615136 
615139 
615144 
615147 
615150 
615153 
615156 
615159 
615162 
615167 
615170 
615173 
615176 
615179 
615182 
615185 
615190 
615193 
615196 
615199 
615202 
615205 
615208 
615213 
615216 
615219 
615222 
615225 
615228 
615231 
615236 
615241 
615246 
615251 
615256 
615261 
615266 
615275 
615277 
615279 
615281 
615283 
615285 
615287 
615290 
615292 
615294 
615296 
615298 
615300 
615302 
615305 
615309 
615313 
615317 
615321 
615325 
615329 
615336 
615339 
615342 
615345 
615348 
615351 
615354 
615359 
615361 
615363 
615365 
615367 
615369 
615371 
615374 
615379 
615384 
615389 
615394 
615399 
615404 
615413 
615417 
615421 
615425 
615429 
615433 
615437 
615444 
615447 
615450 
615453 
615456 
615459 
615462 
615467 
615470 
615473 
615476 
615479 
615482 
615485 
615490 
615494 
615498 
615502 
615506 
615510 
615514 
615521 
615524 
615527 
615530 
615533 
615536 
615539 
615544 
615547 
615550 
615553 
615556 
615559 
615562 
615567 
615572 
615577 
615582 
615587 
615592 
615597 
615606 
615609 
615612 
615615 
615618 
615621 
615624 
615629 
615633 
615637 
615641 
615645 
615649 
615653 
615660 
615664 
615668 
615672 
615676 
615680 
615684 
615691 
615695 
615699 
615703 
615707 
615711 
615715 
615722 
615726 
615730 
615734 
615738 
615742 
615746 
615753 
615757 
615761 
615765 
615769 
615773 
615777 
615784 
615788 
615792 
615796 
615800 
615804 
615808 
615815 
615817 
615819 
615821 
615823 
615825 
615827 
615830 
615834 
615838 
615842 
615846 
615850 
615854 
615861 
615863 
615865 
615867 
615869 
615871 
615873 
615876 
615877 
615878 
615879 
615880 
615881 
615882 
615883 
615885 
615887 
615889 
615891 
615893 
615895 
615898 
615902 
615906 
615910 
615914 
615918 
615922 
615929 
615931 
615933 
615935 
615937 
615939 
615941 
615944 
615946 
615948 
615950 
615952 
615954 
615956 
615959 
615962 
615965 
615968 
615971 
615974 
615977 
615982 
615985 
615988 
615991 
615994 
615997 
616000 
616005 
616007 
616009 
616011 
616013 
616015 
616017 
616020 
616024 
616028 
616032 
616036 
616040 
616044 
616051 
616056 
616061 
616066 
616071 
616076 
616081 
616090 
616094 
616098 
616102 
616106 
616110 
616114 
616121 
616124 
616127 
616130 
616133 
616136 
616139 
616144 
616151 
616158 
616165 
616172 
616179 
616186 
616199 
616203 
616207 
616211 
616215 
616219 
616223 
616230 
616234 
616238 
616242 
616246 
616250 
616254 
616261 
616265 
616269 
616273 
616277 
616281 
616285 
616292 
616294 
616296 
616298 
616300 
616302 
616304 
616307 
616312 
616317 
616322 
616327 
616332 
616337 
616346 
616350 
616354 
616358 
616362 
616366 
616370 
616377 
616382 
616387 
616392 
616397 
616402 
616407 
616416 
616420 
616424 
616428 
616432 
616436 
616440 
616447 
616450 
616453 
616456 
616459 
616462 
616465 
616470 
616473 
616476 
616479 
616482 
616485 
616488 
616493 
616495 
616497 
616499 
616501 
616503 
616505 
616508 
616510 
616512 
616514 
616516 
616518 
616520 
616523 
616529 
616535 
616541 
616547 
616553 
616559 
616570 
616573 
616576 
616579 
616582 
616585 
616588 
616593 
616596 
616599 
616602 
616605 
616608 
616611 
616616 
616620 
616624 
616628 
616632 
616636 
616640 
616647 
616650 
616653 
616656 
616659 
616662 
616665 
616670 
616677 
616684 
616691 
616698 
616705 
616712 
616725 
616731 
616737 
616743 
616749 
616755 
616761 
616772 
616773 
616774 
616775 
616776 
616777 
616778 
616779 
616784 
616789 
616794 
616799 
616804 
616809 
616818 
616822 
616826 
616830 
616834 
616838 
616842 
616849 
616852 
616855 
616858 
616861 
616864 
616867 
616872 
616878 
616884 
616890 
616896 
616902 
616908 
616919 
616923 
616927 
616931 
616935 
616939 
616943 
616950 
616953 
616956 
616959 
616962 
616965 
616968 
616973 
616978 
616983 
616988 
616993 
616998 
617003 
617012 
617016 
617020 
617024 
617028 
617032 
617036 
617043 
617047 
617051 
617055 
617059 
617063 
617067 
617074 
617077 
617080 
617083 
617086 
617089 
617092 
617097 
617098 
617099 
617100 
617101 
617102 
617103 
617104 
617108 
617112 
617116 
617120 
617124 
617128 
617135 
617140 
617145 
617150 
617155 
617160 
617165 
617174 
617176 
617178 
617180 
617182 
617184 
617186 
617189 
617191 
617193 
617195 
617197 
617199 
617201 
617204 
617207 
617210 
617213 
617216 
617219 
617222 
617227 
617232 
617237 
617242 
617247 
617252 
617257 
617266 
617269 
617272 
617275 
617278 
617281 
617284 
617289 
617295 
617301 
617307 
617313 
617319 
617325 
617336 
617340 
617344 
617348 
617352 
617356 
617360 
617367 
617370 
617373 
617376 
617379 
617382 
617385 
617390 
617394 
617398 
617402 
617406 
617410 
617414 
617421 
617424 
617427 
617430 
617433 
617436 
617439 
617444 
617450 
617456 
617462 
617468 
617474 
617480 
617491 
617494 
617497 
617500 
617503 
617506 
617509 
617514 
617517 
617520 
617523 
617526 
617529 
617532 
617537 
617544 
617551 
617558 
617565 
617572 
617579 
617592 
617598 
617604 
617610 
617616 
617622 
617628 
617639 
617642 
617645 
617648 
617651 
617654 
617657 
617662 
617666 
617670 
617674 
617678 
617682 
617686 
617693 
617694 
617695 
617696 
617697 
617698 
617699 
617700 
617705 
617710 
617715 
617720 
617725 
617730 
617739 
617746 
617753 
617760 
617767 
617774 
617781 
617794 
617798 
617802 
617806 
617810 
617814 
617818 
617825 
617828 
617831 
617834 
617837 
617840 
617843 
617848 
617850 
617852 
617854 
617856 
617858 
617860 
617863 
617867 
617871 
617875 
617879 
617883 
617887 
617894 
617898 
617902 
617906 
617910 
617914 
617918 
617925 
617928 
617931 
617934 
617937 
617940 
617943 
617948 
617951 
617954 
617957 
617960 
617963 
617966 
617971 
617974 
617977 
617980 
617983 
617986 
617989 
617994 
617998 
618002 
618006 
618010 
618014 
618018 
618025 
618028 
618031 
618034 
618037 
618040 
618043 
618048 
618051 
618054 
618057 
618060 
618063 
618066 
618071 
618074 
618077 
618080 
618083 
618086 
618089 
618094 
618099 
618104 
618109 
618114 
618119 
618124 
618133 
618135 
618137 
618139 
618141 
618143 
618145 
618148 
618153 
618158 
618163 
618168 
618173 
618178 
618187 
618191 
618195 
618199 
618203 
618207 
618211 
618218 
618223 
618228 
618233 
618238 
618243 
618248 
618257 
618260 
618263 
618266 
618269 
618272 
618275 
618280 
618282 
618284 
618286 
618288 
618290 
618292 
618295 
618298 
618301 
618304 
618307 
618310 
618313 
618318 
618321 
618324 
618327 
618330 
618333 
618336 
618341 
618345 
618349 
618353 
618357 
618361 
618365 
618372 
618375 
618378 
618381 
618384 
618387 
618390 
618395 
618399 
618403 
618407 
618411 
618415 
618419 
618426 
618429 
618432 
618435 
618438 
618441 
618444 
618449 
618451 
618453 
618455 
618457 
618459 
618461 
618464 
618468 
618472 
618476 
618480 
618484 
618488 
618495 
618498 
618501 
618504 
618507 
618510 
618513 
618518 
618520 
618522 
618524 
618526 
618528 
618530 
618533 
618537 
618541 
618545 
618549 
618553 
618557 
618564 
618565 
618566 
618567 
618568 
618569 
618570 
618571 
618574 
618577 
618580 
618583 
618586 
618589 
618594 
618596 
618598 
618600 
618602 
618604 
618606 
618609 
618611 
618613 
618615 
618617 
618619 
618621 
618624 
618626 
618628 
618630 
618632 
618634 
618636 
618639 
618641 
618643 
618645 
618647 
618649 
618651 
618654 
618659 
618664 
618669 
618674 
618679 
618684 
618693 
618697 
618701 
618705 
618709 
618713 
618717 
618724 
618726 
618728 
618730 
618732 
618734 
618736 
618739 
618742 
618745 
618748 
618751 
618754 
618757 
618762 
618763 
618764 
618765 
618766 
618767 
618768 
618769 
618774 
618779 
618784 
618789 
618794 
618799 
618808 
618810 
618812 
618814 
618816 
618818 
618820 
618823 
618824 
618825 
618826 
618827 
618828 
618829 
618830 
618833 
618836 
618839 
618842 
618845 
618848 
618853 
618856 
618859 
618862 
618865 
618868 
618871 
618876 
618879 
618882 
618885 
618888 
618891 
618894 
618899 
618901 
618903 
618905 
618907 
618909 
618911 
618914 
618917 
618920 
618923 
618926 
618929 
618932 
618937 
618938 
618939 
618940 
618941 
618942 
618943 
618944 
618946 
618948 
618950 
618952 
618954 
618956 
618959 
618962 
618965 
618968 
618971 
618974 
618977 
618982 
618985 
618988 
618991 
618994 
618997 
619000 
619005 
619007 
619009 
619011 
619013 
619015 
619017 
619020 
619023 
619026 
619029 
619032 
619035 
619038 
619043 
619045 
619047 
619049 
619051 
619053 
619055 
619058 
619061 
619064 
619067 
619070 
619073 
619076 
619081 
619085 
619089 
619093 
619097 
619101 
619105 
619112 
619116 
619120 
619124 
619128 
619132 
619136 
619143 
619145 
619147 
619149 
619151 
619153 
619155 
619158 
619162 
619166 
619170 
619174 
619178 
619182 
619189 
619192 
619195 
619198 
619201 
619204 
619207 
619212 
619214 
619216 
619218 
619220 
619222 
619224 
619227 
619230 
619233 
619236 
619239 
619242 
619245 
619250 
619253 
619256 
619259 
619262 
619265 
619268 
619273 
619277 
619281 
619285 
619289 
619293 
619297 
619304 
619308 
619312 
619316 
619320 
619324 
619328 
619335 
619342 
619349 
619356 
619363 
619370 
619377 
619390 
619394 
619398 
619402 
619406 
619410 
619414 
619421 
619424 
619427 
619430 
619433 
619436 
619439 
619444 
619446 
619448 
619450 
619452 
619454 
619456 
619459 
619463 
619467 
619471 
619475 
619479 
619483 
619490 
619497 
619504 
619511 
619518 
619525 
619532 
619545 
619550 
619555 
619560 
619565 
619570 
619575 
619584 
619588 
619592 
619596 
619600 
619604 
619608 
619615 
619619 
619623 
619627 
619631 
619635 
619639 
619646 
619650 
619654 
619658 
619662 
619666 
619670 
619677 
619682 
619687 
619692 
619697 
619702 
619707 
619716 
619718 
619720 
619722 
619724 
619726 
619728 
619731 
619734 
619737 
619740 
619743 
619746 
619749 
619754 
619758 
619762 
619766 
619770 
619774 
619778 
619785 
619788 
619791 
619794 
619797 
619800 
619803 
619808 
619813 
619818 
619823 
619828 
619833 
619838 
619847 
619850 
619853 
619856 
619859 
619862 
619865 
619870 
619873 
619876 
619879 
619882 
619885 
619888 
619893 
619896 
619899 
619902 
619905 
619908 
619911 
619916 
619918 
619920 
619922 
619924 
619926 
619928 
619931 
619933 
619935 
619937 
619939 
619941 
619943 
619946 
619951 
619956 
619961 
619966 
619971 
619976 
619985 
619988 
619991 
619994 
619997 
620000 
620003 
620008 
620013 
620018 
620023 
620028 
620033 
620038 
620047 
620049 
620051 
620053 
620055 
620057 
620059 
620062 
620065 
620068 
620071 
620074 
620077 
620080 
620085 
620088 
620091 
620094 
620097 
620100 
620103 
620108 
620111 
620114 
620117 
620120 
620123 
620126 
620131 
620135 
620139 
620143 
620147 
620151 
620155 
620162 
620165 
620168 
620171 
620174 
620177 
620180 
620185 
620187 
620189 
620191 
620193 
620195 
620197 
620200 
620204 
620208 
620212 
620216 
620220 
620224 
620231 
620233 
620235 
620237 
620239 
620241 
620243 
620246 
620249 
620252 
620255 
620258 
620261 
620264 
620269 
620274 
620279 
620284 
620289 
620294 
620299 
620308 
620313 
620318 
620323 
620328 
620333 
620338 
620347 
620350 
620353 
620356 
620359 
620362 
620365 
620370 
620375 
620380 
620385 
620390 
620395 
620400 
620409 
620412 
620415 
620418 
620421 
620424 
620427 
620432 
620433 
620434 
620435 
620436 
620437 
620438 
620439 
620442 
620445 
620448 
620451 
620454 
620457 
620462 
620465 
620468 
620471 
620474 
620477 
620480 
620485 
620487 
620489 
620491 
620493 
620495 
620497 
620500 
620503 
620506 
620509 
620512 
620515 
620518 
620523 
620527 
620531 
620535 
620539 
620543 
620547 
620554 
620556 
620558 
620560 
620562 
620564 
620566 
620569 
620573 
620577 
620581 
620585 
620589 
620593 
620600 
620606 
620612 
620618 
620624 
620630 
620636 
620647 
620653 
620659 
620665 
620671 
620677 
620683 
620694 
620697 
620700 
620703 
620706 
620709 
620712 
620717 
620720 
620723 
620726 
620729 
620732 
620735 
620740 
620742 
620744 
620746 
620748 
620750 
620752 
620755 
620758 
620761 
620764 
620767 
620770 
620773 
620778 
620781 
620784 
620787 
620790 
620793 
620796 
620801 
620806 
620811 
620816 
620821 
620826 
620831 
620840 
620845 
620850 
620855 
620860 
620865 
620870 
620879 
620883 
620887 
620891 
620895 
620899 
620903 
620910 
620914 
620918 
620922 
620926 
620930 
620934 
620941 
620944 
620947 
620950 
620953 
620956 
620959 
620964 
620966 
620968 
620970 
620972 
620974 
620976 
620979 
620983 
620987 
620991 
620995 
620999 
621003 
621010 
621013 
621016 
621019 
621022 
621025 
621028 
621033 
621036 
621039 
621042 
621045 
621048 
621051 
621056 
621058 
621060 
621062 
621064 
621066 
621068 
621071 
621074 
621077 
621080 
621083 
621086 
621089 
621094 
621098 
621102 
621106 
621110 
621114 
621118 
621125 
621128 
621131 
621134 
621137 
621140 
621143 
621148 
621152 
621156 
621160 
621164 
621168 
621172 
621179 
621182 
621185 
621188 
621191 
621194 
621197 
621202 
621205 
621208 
621211 
621214 
621217 
621220 
621225 
621229 
621233 
621237 
621241 
621245 
621249 
621256 
621260 
621264 
621268 
621272 
621276 
621280 
621287 
621291 
621295 
621299 
621303 
621307 
621311 
621318 
621323 
621328 
621333 
621338 
621343 
621348 
621357 
621360 
621363 
621366 
621369 
621372 
621375 
621380 
621381 
621382 
621383 
621384 
621385 
621386 
621387 
621390 
621393 
621396 
621399 
621402 
621405 
621410 
621413 
621416 
621419 
621422 
621425 
621428 
621433 
621434 
621435 
621436 
621437 
621438 
621439 
621440 
621443 
621446 
621449 
621452 
621455 
621458 
621463 
621466 
621469 
621472 
621475 
621478 
621481 
621486 
621488 
621490 
621492 
621494 
621496 
621498 
621501 
621504 
621507 
621510 
621513 
621516 
621519 
621524 
621529 
621534 
621539 
621544 
621549 
621554 
621563 
621566 
621569 
621572 
621575 
621578 
621581 
621586 
621590 
621594 
621598 
621602 
621606 
621610 
621617 
621620 
621623 
621626 
621629 
621632 
621635 
621640 
621643 
621646 
621649 
621652 
621655 
621658 
621663 
621665 
621667 
621669 
621671 
621673 
621675 
621678 
621680 
621682 
621684 
621686 
621688 
621690 
621693 
621698 
621703 
621708 
621713 
621718 
621723 
621732 
621735 
621738 
621741 
621744 
621747 
621750 
621755 
621757 
621759 
621761 
621763 
621765 
621767 
621770 
621771 
621772 
621773 
621774 
621775 
621776 
621777 
621780 
621783 
621786 
621789 
621792 
621795 
621800 
621804 
621808 
621812 
621816 
621820 
621824 
621831 
621835 
621839 
621843 
621847 
621851 
621855 
621862 
621867 
621872 
621877 
621882 
621887 
621892 
621901 
621904 
621907 
621910 
621913 
621916 
621919 
621924 
621925 
621926 
621927 
621928 
621929 
621930 
621931 
621935 
621939 
621943 
621947 
621951 
621955 
621962 
621968 
621974 
621980 
621986 
621992 
621998 
622009 
622012 
622015 
622018 
622021 
622024 
622027 
622032 
622035 
622038 
622041 
622044 
622047 
622050 
622055 
622059 
622063 
622067 
622071 
622075 
622079 
622086 
622089 
622092 
622095 
622098 
622101 
622104 
622109 
622111 
622113 
622115 
622117 
622119 
622121 
622124 
622126 
622128 
622130 
622132 
622134 
622136 
622139 
622143 
622147 
622151 
622155 
622159 
622163 
622170 
622172 
622174 
622176 
622178 
622180 
622182 
622185 
622188 
622191 
622194 
622197 
622200 
622203 
622208 
622212 
622216 
622220 
622224 
622228 
622232 
622239 
622242 
622245 
622248 
622251 
622254 
622257 
622262 
622264 
622266 
622268 
622270 
622272 
622274 
622277 
622281 
622285 
622289 
622293 
622297 
622301 
622308 
622312 
622316 
622320 
622324 
622328 
622332 
622339 
622341 
622343 
622345 
622347 
622349 
622351 
622354 
622357 
622360 
622363 
622366 
622369 
622372 
622377 
622379 
622381 
622383 
622385 
622387 
622389 
622392 
622395 
622398 
622401 
622404 
622407 
622410 
622415 
622418 
622421 
622424 
622427 
622430 
622433 
622438 
622442 
622446 
622450 
622454 
622458 
622462 
622469 
622472 
622475 
622478 
622481 
622484 
622487 
622492 
622494 
622496 
622498 
622500 
622502 
622504 
622507 
622509 
622511 
622513 
622515 
622517 
622519 
622522 
622525 
622528 
622531 
622534 
622537 
622540 
622545 
622550 
622555 
622560 
622565 
622570 
622575 
622584 
622589 
622594 
622599 
622604 
622609 
622614 
622623 
622626 
622629 
622632 
622635 
622638 
622641 
622646 
622649 
622652 
622655 
622658 
622661 
622664 
622669 
622671 
622673 
622675 
622677 
622679 
622681 
622684 
622687 
622690 
622693 
622696 
622699 
622702 
622707 
622711 
622715 
622719 
622723 
622727 
622731 
622738 
622741 
622744 
622747 
622750 
622753 
622756 
622761 
622765 
622769 
622773 
622777 
622781 
622785 
622792 
622798 
622804 
622810 
622816 
622822 
622828 
622839 
622842 
622845 
622848 
622851 
622854 
622857 
622862 
622865 
622868 
622871 
622874 
622877 
622880 
622885 
622887 
622889 
622891 
622893 
622895 
622897 
622900 
622903 
622906 
622909 
622912 
622915 
622918 
622923 
622929 
622935 
622941 
622947 
622953 
622959 
622970 
622973 
622976 
622979 
622982 
622985 
622988 
622993 
622998 
623003 
623008 
623013 
623018 
623023 
623032 
623036 
623040 
623044 
623048 
623052 
623056 
623063 
623068 
623073 
623078 
623083 
623088 
623093 
623102 
623106 
623110 
623114 
623118 
623122 
623126 
623133 
623138 
623143 
623148 
623153 
623158 
623163 
623172 
623175 
623178 
623181 
623184 
623187 
623190 
623195 
623199 
623203 
623207 
623211 
623215 
623219 
623226 
623230 
623234 
623238 
623242 
623246 
623250 
623257 
623261 
623265 
623269 
623273 
623277 
623281 
623288 
623291 
623294 
623297 
623300 
623303 
623306 
623311 
623315 
623319 
623323 
623327 
623331 
623335 
623342 
623346 
623350 
623354 
623358 
623362 
623366 
623373 
623378 
623383 
623388 
623393 
623398 
623403 
623412 
623416 
623420 
623424 
623428 
623432 
623436 
623443 
623448 
623453 
623458 
623463 
623468 
623473 
623482 
623485 
623488 
623491 
623494 
623497 
623500 
623505 
623509 
623513 
623517 
623521 
623525 
623529 
623536 
623539 
623542 
623545 
623548 
623551 
623554 
623559 
623562 
623565 
623568 
623571 
623574 
623577 
623582 
623585 
623588 
623591 
623594 
623597 
623600 
623605 
623609 
623613 
623617 
623621 
623625 
623629 
623636 
623641 
623646 
623651 
623656 
623661 
623666 
623675 
623678 
623681 
623684 
623687 
623690 
623693 
623698 
623703 
623708 
623713 
623718 
623723 
623728 
623737 
623740 
623743 
623746 
623749 
623752 
623755 
623760 
623763 
623766 
623769 
623772 
623775 
623778 
623783 
623785 
623787 
623789 
623791 
623793 
623795 
623798 
623801 
623804 
623807 
623810 
623813 
623816 
623821 
623824 
623827 
623830 
623833 
623836 
623839 
623844 
623848 
623852 
623856 
623860 
623864 
623868 
623875 
623878 
623881 
623884 
623887 
623890 
623893 
623898 
623901 
623904 
623907 
623910 
623913 
623916 
623921 
623923 
623925 
623927 
623929 
623931 
623933 
623936 
623939 
623942 
623945 
623948 
623951 
623954 
623959 
623961 
623963 
623965 
623967 
623969 
623971 
623974 
623976 
623978 
623980 
623982 
623984 
623986 
623989 
623993 
623997 
624001 
624005 
624009 
624013 
624020 
624025 
624030 
624035 
624040 
624045 
624050 
624059 
624063 
624067 
624071 
624075 
624079 
624083 
624090 
624093 
624096 
624099 
624102 
624105 
624108 
624113 
624116 
624119 
624122 
624125 
624128 
624131 
624136 
624141 
624146 
624151 
624156 
624161 
624166 
624175 
624180 
624185 
624190 
624195 
624200 
624205 
624214 
624216 
624218 
624220 
624222 
624224 
624226 
624229 
624234 
624239 
624244 
624249 
624254 
624259 
624268 
624272 
624276 
624280 
624284 
624288 
624292 
624299 
624302 
624305 
624308 
624311 
624314 
624317 
624322 
624325 
624328 
624331 
624334 
624337 
624340 
624345 
624346 
624347 
624348 
624349 
624350 
624351 
624352 
624355 
624358 
624361 
624364 
624367 
624370 
624375 
624379 
624383 
624387 
624391 
624395 
624399 
624406 
624409 
624412 
624415 
624418 
624421 
624424 
624429 
624431 
624433 
624435 
624437 
624439 
624441 
624444 
624448 
624452 
624456 
624460 
624464 
624468 
624475 
624478 
624481 
624484 
624487 
624490 
624493 
624498 
624501 
624504 
624507 
624510 
624513 
624516 
624521 
624523 
624525 
624527 
624529 
624531 
624533 
624536 
624540 
624544 
624548 
624552 
624556 
624560 
624567 
624572 
624577 
624582 
624587 
624592 
624597 
624606 
624608 
624610 
624612 
624614 
624616 
624618 
624621 
624624 
624627 
624630 
624633 
624636 
624639 
624644 
624645 
624646 
624647 
624648 
624649 
624650 
624651 
624655 
624659 
624663 
624667 
624671 
624675 
624682 
624685 
624688 
624691 
624694 
624697 
624700 
624705 
624708 
624711 
624714 
624717 
624720 
624723 
624728 
624731 
624734 
624737 
624740 
624743 
624746 
624751 
624754 
624757 
624760 
624763 
624766 
624769 
624774 
624780 
624786 
624792 
624798 
624804 
624810 
624821 
624824 
624827 
624830 
624833 
624836 
624839 
624844 
624848 
624852 
624856 
624860 
624864 
624868 
624875 
624878 
624881 
624884 
624887 
624890 
624893 
624898 
624900 
624902 
624904 
624906 
624908 
624910 
624913 
624919 
624925 
624931 
624937 
624943 
624949 
624960 
624966 
624972 
624978 
624984 
624990 
624996 
625007 
625011 
625015 
625019 
625023 
625027 
625031 
625038 
625042 
625046 
625050 
625054 
625058 
625062 
625069 
625073 
625077 
625081 
625085 
625089 
625093 
625100 
625104 
625108 
625112 
625116 
625120 
625124 
625131 
625136 
625141 
625146 
625151 
625156 
625161 
625170 
625174 
625178 
625182 
625186 
625190 
625194 
625201 
625205 
625209 
625213 
625217 
625221 
625225 
625232 
625237 
625242 
625247 
625252 
625257 
625262 
625271 
625274 
625277 
625280 
625283 
625286 
625289 
625294 
625297 
625300 
625303 
625306 
625309 
625312 
625317 
625320 
625323 
625326 
625329 
625332 
625335 
625340 
625344 
625348 
625352 
625356 
625360 
625364 
625371 
625375 
625379 
625383 
625387 
625391 
625395 
625402 
625407 
625412 
625417 
625422 
625427 
625432 
625441 
625444 
625447 
625450 
625453 
625456 
625459 
625464 
625466 
625468 
625470 
625472 
625474 
625476 
625479 
625483 
625487 
625491 
625495 
625499 
625503 
625510 
625513 
625516 
625519 
625522 
625525 
625528 
625533 
625537 
625541 
625545 
625549 
625553 
625557 
625564 
625569 
625574 
625579 
625584 
625589 
625594 
625603 
625605 
625607 
625609 
625611 
625613 
625615 
625618 
625619 
625620 
625621 
625622 
625623 
625624 
625625 
625627 
625629 
625631 
625633 
625635 
625637 
625640 
625643 
625646 
625649 
625652 
625655 
625658 
625663 
625665 
625667 
625669 
625671 
625673 
625675 
625678 
625681 
625684 
625687 
625690 
625693 
625696 
625701 
625703 
625705 
625707 
625709 
625711 
625713 
625716 
625719 
625722 
625725 
625728 
625731 
625734 
625739 
625743 
625747 
625751 
625755 
625759 
625763 
625770 
625773 
625776 
625779 
625782 
625785 
625788 
625793 
625798 
625803 
625808 
625813 
625818 
625823 
625832 
625835 
625838 
625841 
625844 
625847 
625850 
625855 
625859 
625863 
625867 
625871 
625875 
625879 
625886 
625888 
625890 
625892 
625894 
625896 
625898 
625901 
625905 
625909 
625913 
625917 
625921 
625925 
625932 
625934 
625936 
625938 
625940 
625942 
625944 
625947 
625951 
625955 
625959 
625963 
625967 
625971 
625978 
625981 
625984 
625987 
625990 
625993 
625996 
626001 
626006 
626011 
626016 
626021 
626026 
626031 
626040 
626044 
626048 
626052 
626056 
626060 
626064 
626071 
626075 
626079 
626083 
626087 
626091 
626095 
626102 
626106 
626110 
626114 
626118 
626122 
626126 
626133 
626136 
626139 
626142 
626145 
626148 
626151 
626156 
626159 
626162 
626165 
626168 
626171 
626174 
626179 
626182 
626185 
626188 
626191 
626194 
626197 
626202 
626205 
626208 
626211 
626214 
626217 
626220 
626225 
626228 
626231 
626234 
626237 
626240 
626243 
626248 
626251 
626254 
626257 
626260 
626263 
626266 
626271 
626274 
626277 
626280 
626283 
626286 
626289 
626294 
626300 
626306 
626312 
626318 
626324 
626330 
626341 
626344 
626347 
626350 
626353 
626356 
626359 
626364 
626369 
626374 
626379 
626384 
626389 
626394 
626403 
626407 
626411 
626415 
626419 
626423 
626427 
626434 
626439 
626444 
626449 
626454 
626459 
626464 
626473 
626478 
626483 
626488 
626493 
626498 
626503 
626512 
626515 
626518 
626521 
626524 
626527 
626530 
626535 
626539 
626543 
626547 
626551 
626555 
626559 
626566 
626569 
626572 
626575 
626578 
626581 
626584 
626589 
626594 
626599 
626604 
626609 
626614 
626619 
626628 
626632 
626636 
626640 
626644 
626648 
626652 
626659 
626662 
626665 
626668 
626671 
626674 
626677 
626682 
626686 
626690 
626694 
626698 
626702 
626706 
626713 
626716 
626719 
626722 
626725 
626728 
626731 
626736 
626739 
626742 
626745 
626748 
626751 
626754 
626759 
626763 
626767 
626771 
626775 
626779 
626783 
626790 
626794 
626798 
626802 
626806 
626810 
626814 
626821 
626824 
626827 
626830 
626833 
626836 
626839 
626844 
626849 
626854 
626859 
626864 
626869 
626874 
626883 
626888 
626893 
626898 
626903 
626908 
626913 
626922 
626925 
626928 
626931 
626934 
626937 
626940 
626945 
626948 
626951 
626954 
626957 
626960 
626963 
626968 
626971 
626974 
626977 
626980 
626983 
626986 
626991 
626996 
627001 
627006 
627011 
627016 
627021 
627030 
627034 
627038 
627042 
627046 
627050 
627054 
627061 
627063 
627065 
627067 
627069 
627071 
627073 
627076 
627080 
627084 
627088 
627092 
627096 
627100 
627107 
627109 
627111 
627113 
627115 
627117 
627119 
627122 
627126 
627130 
627134 
627138 
627142 
627146 
627153 
627156 
627159 
627162 
627165 
627168 
627171 
627176 
627179 
627182 
627185 
627188 
627191 
627194 
627199 
627202 
627205 
627208 
627211 
627214 
627217 
627222 
627224 
627226 
627228 
627230 
627232 
627234 
627237 
627241 
627245 
627249 
627253 
627257 
627261 
627268 
627271 
627274 
627277 
627280 
627283 
627286 
627291 
627294 
627297 
627300 
627303 
627306 
627309 
627314 
627317 
627320 
627323 
627326 
627329 
627332 
627337 
627339 
627341 
627343 
627345 
627347 
627349 
627352 
627356 
627360 
627364 
627368 
627372 
627376 
627383 
627385 
627387 
627389 
627391 
627393 
627395 
627398 
627401 
627404 
627407 
627410 
627413 
627416 
627421 
627424 
627427 
627430 
627433 
627436 
627439 
627444 
627447 
627450 
627453 
627456 
627459 
627462 
627467 
627470 
627473 
627476 
627479 
627482 
627485 
627490 
627493 
627496 
627499 
627502 
627505 
627508 
627513 
627516 
627519 
627522 
627525 
627528 
627531 
627536 
627539 
627542 
627545 
627548 
627551 
627554 
627559 
627563 
627567 
627571 
627575 
627579 
627583 
627590 
627593 
627596 
627599 
627602 
627605 
627608 
627613 
627615 
627617 
627619 
627621 
627623 
627625 
627628 
627631 
627634 
627637 
627640 
627643 
627646 
627651 
627655 
627659 
627663 
627667 
627671 
627675 
627682 
627684 
627686 
627688 
627690 
627692 
627694 
627697 
627702 
627707 
627712 
627717 
627722 
627727 
627736 
627740 
627744 
627748 
627752 
627756 
627760 
627767 
627772 
627777 
627782 
627787 
627792 
627797 
627806 
627810 
627814 
627818 
627822 
627826 
627830 
627837 
627842 
627847 
627852 
627857 
627862 
627867 
627876 
627879 
627882 
627885 
627888 
627891 
627894 
627899 
627903 
627907 
627911 
627915 
627919 
627923 
627930 
627933 
627936 
627939 
627942 
627945 
627948 
627953 
627957 
627961 
627965 
627969 
627973 
627977 
627984 
627989 
627994 
627999 
628004 
628009 
628014 
628023 
628026 
628029 
628032 
628035 
628038 
628041 
628046 
628049 
628052 
628055 
628058 
628061 
628064 
628069 
628072 
628075 
628078 
628081 
628084 
628087 
628092 
628094 
628096 
628098 
628100 
628102 
628104 
628107 
628112 
628117 
628122 
628127 
628132 
628137 
628146 
628149 
628152 
628155 
628158 
628161 
628164 
628169 
628175 
628181 
628187 
628193 
628199 
628205 
628216 
628219 
628222 
628225 
628228 
628231 
628234 
628239 
628243 
628247 
628251 
628255 
628259 
628263 
628270 
628275 
628280 
628285 
628290 
628295 
628300 
628309 
628313 
628317 
628321 
628325 
628329 
628333 
628340 
628345 
628350 
628355 
628360 
628365 
628370 
628379 
628382 
628385 
628388 
628391 
628394 
628397 
628402 
628405 
628408 
628411 
628414 
628417 
628420 
628425 
628428 
628431 
628434 
628437 
628440 
628443 
628448 
628453 
628458 
628463 
628468 
628473 
628478 
628487 
628492 
628497 
628502 
628507 
628512 
628517 
628526 
628531 
628536 
628541 
628546 
628551 
628556 
628565 
628569 
628573 
628577 
628581 
628585 
628589 
628596 
628599 
628602 
628605 
628608 
628611 
628614 
628619 
628622 
628625 
628628 
628631 
628634 
628637 
628642 
628645 
628648 
628651 
628654 
628657 
628660 
628665 
628668 
628671 
628674 
628677 
628680 
628683 
628688 
628690 
628692 
628694 
628696 
628698 
628700 
628703 
628706 
628709 
628712 
628715 
628718 
628721 
628726 
628729 
628732 
628735 
628738 
628741 
628744 
628749 
628755 
628761 
628767 
628773 
628779 
628785 
628796 
628800 
628804 
628808 
628812 
628816 
628820 
628827 
628831 
628835 
628839 
628843 
628847 
628851 
628858 
628862 
628866 
628870 
628874 
628878 
628882 
628889 
628893 
628897 
628901 
628905 
628909 
628913 
628920 
628925 
628930 
628935 
628940 
628945 
628950 
628959 
628962 
628965 
628968 
628971 
628974 
628977 
628982 
628986 
628990 
628994 
628998 
629002 
629006 
629013 
629017 
629021 
629025 
629029 
629033 
629037 
629044 
629047 
629050 
629053 
629056 
629059 
629062 
629067 
629071 
629075 
629079 
629083 
629087 
629091 
629098 
629100 
629102 
629104 
629106 
629108 
629110 
629113 
629118 
629123 
629128 
629133 
629138 
629143 
629152 
629156 
629160 
629164 
629168 
629172 
629176 
629183 
629184 
629185 
629186 
629187 
629188 
629189 
629190 
629193 
629196 
629199 
629202 
629205 
629208 
629213 
629217 
629221 
629225 
629229 
629233 
629237 
629244 
629248 
629252 
629256 
629260 
629264 
629268 
629275 
629279 
629283 
629287 
629291 
629295 
629299 
629306 
629308 
629310 
629312 
629314 
629316 
629318 
629321 
629324 
629327 
629330 
629333 
629336 
629339 
629344 
629348 
629352 
629356 
629360 
629364 
629368 
629375 
629378 
629381 
629384 
629387 
629390 
629393 
629398 
629402 
629406 
629410 
629414 
629418 
629422 
629429 
629433 
629437 
629441 
629445 
629449 
629453 
629460 
629463 
629466 
629469 
629472 
629475 
629478 
629483 
629488 
629493 
629498 
629503 
629508 
629513 
629522 
629525 
629528 
629531 
629534 
629537 
629540 
629545 
629547 
629549 
629551 
629553 
629555 
629557 
629560 
629564 
629568 
629572 
629576 
629580 
629584 
629591 
629596 
629601 
629606 
629611 
629616 
629621 
629630 
629634 
629638 
629642 
629646 
629650 
629654 
629661 
629664 
629667 
629670 
629673 
629676 
629679 
629684 
629688 
629692 
629696 
629700 
629704 
629708 
629715 
629719 
629723 
629727 
629731 
629735 
629739 
629746 
629749 
629752 
629755 
629758 
629761 
629764 
629769 
629771 
629773 
629775 
629777 
629779 
629781 
629784 
629788 
629792 
629796 
629800 
629804 
629808 
629815 
629819 
629823 
629827 
629831 
629835 
629839 
629846 
629850 
629854 
629858 
629862 
629866 
629870 
629877 
629884 
629891 
629898 
629905 
629912 
629919 
629932 
629934 
629936 
629938 
629940 
629942 
629944 
629947 
629950 
629953 
629956 
629959 
629962 
629965 
629970 
629975 
629980 
629985 
629990 
629995 
630000 
630009 
630012 
630015 
630018 
630021 
630024 
630027 
630032 
630036 
630040 
630044 
630048 
630052 
630056 
630063 
630066 
630069 
630072 
630075 
630078 
630081 
630086 
630091 
630096 
630101 
630106 
630111 
630116 
630125 
630128 
630131 
630134 
630137 
630140 
630143 
630148 
630151 
630154 
630157 
630160 
630163 
630166 
630171 
630174 
630177 
630180 
630183 
630186 
630189 
630194 
630196 
630198 
630200 
630202 
630204 
630206 
630209 
630211 
630213 
630215 
630217 
630219 
630221 
630224 
630228 
630232 
630236 
630240 
630244 
630248 
630255 
630260 
630265 
630270 
630275 
630280 
630285 
630294 
630297 
630300 
630303 
630306 
630309 
630312 
630317 
630319 
630321 
630323 
630325 
630327 
630329 
630332 
630336 
630340 
630344 
630348 
630352 
630356 
630363 
630366 
630369 
630372 
630375 
630378 
630381 
630386 
630389 
630392 
630395 
630398 
630401 
630404 
630409 
630413 
630417 
630421 
630425 
630429 
630433 
630440 
630443 
630446 
630449 
630452 
630455 
630458 
630463 
630466 
630469 
630472 
630475 
630478 
630481 
630486 
630489 
630492 
630495 
630498 
630501 
630504 
630509 
630513 
630517 
630521 
630525 
630529 
630533 
630540 
630543 
630546 
630549 
630552 
630555 
630558 
630563 
630565 
630567 
630569 
630571 
630573 
630575 
630578 
630580 
630582 
630584 
630586 
630588 
630590 
630593 
630594 
630595 
630596 
630597 
630598 
630599 
630600 
630602 
630604 
630606 
630608 
630610 
630612 
630615 
630617 
630619 
630621 
630623 
630625 
630627 
630630 
630632 
630634 
630636 
630638 
630640 
630642 
630645 
630650 
630655 
630660 
630665 
630670 
630675 
630684 
630686 
630688 
630690 
630692 
630694 
630696 
630699 
630704 
630709 
630714 
630719 
630724 
630729 
630738 
630743 
630748 
630753 
630758 
630763 
630768 
630777 
630779 
630781 
630783 
630785 
630787 
630789 
630792 
630795 
630798 
630801 
630804 
630807 
630810 
630815 
630819 
630823 
630827 
630831 
630835 
630839 
630846 
630849 
630852 
630855 
630858 
630861 
630864 
630869 
630872 
630875 
630878 
630881 
630884 
630887 
630892 
630896 
630900 
630904 
630908 
630912 
630916 
630923 
630929 
630935 
630941 
630947 
630953 
630959 
630970 
630974 
630978 
630982 
630986 
630990 
630994 
631001 
631004 
631007 
631010 
631013 
631016 
631019 
631024 
631026 
631028 
631030 
631032 
631034 
631036 
631039 
631044 
631049 
631054 
631059 
631064 
631069 
631078 
631080 
631082 
631084 
631086 
631088 
631090 
631093 
631096 
631099 
631102 
631105 
631108 
631111 
631116 
631118 
631120 
631122 
631124 
631126 
631128 
631131 
631133 
631135 
631137 
631139 
631141 
631143 
631146 
631150 
631154 
631158 
631162 
631166 
631170 
631177 
631179 
631181 
631183 
631185 
631187 
631189 
631192 
631196 
631200 
631204 
631208 
631212 
631216 
631223 
631227 
631231 
631235 
631239 
631243 
631247 
631254 
631258 
631262 
631266 
631270 
631274 
631278 
631285 
631288 
631291 
631294 
631297 
631300 
631303 
631308 
631312 
631316 
631320 
631324 
631328 
631332 
631339 
631343 
631347 
631351 
631355 
631359 
631363 
631370 
631374 
631378 
631382 
631386 
631390 
631394 
631401 
631403 
631405 
631407 
631409 
631411 
631413 
631416 
631417 
631418 
631419 
631420 
631421 
631422 
631423 
631425 
631427 
631429 
631431 
631433 
631435 
631438 
631442 
631446 
631450 
631454 
631458 
631462 
631469 
631472 
631475 
631478 
631481 
631484 
631487 
631492 
631494 
631496 
631498 
631500 
631502 
631504 
631507 
631510 
631513 
631516 
631519 
631522 
631525 
631530 
631533 
631536 
631539 
631542 
631545 
631548 
631553 
631557 
631561 
631565 
631569 
631573 
631577 
631584 
631587 
631590 
631593 
631596 
631599 
631602 
631607 
631610 
631613 
631616 
631619 
631622 
631625 
631630 
631633 
631636 
631639 
631642 
631645 
631648 
631653 
631656 
631659 
631662 
631665 
631668 
631671 
631676 
631679 
631682 
631685 
631688 
631691 
631694 
631699 
631701 
631703 
631705 
631707 
631709 
631711 
631714 
631716 
631718 
631720 
631722 
631724 
631726 
631729 
631734 
631739 
631744 
631749 
631754 
631759 
631768 
631773 
631778 
631783 
631788 
631793 
631798 
631807 
631812 
631817 
631822 
631827 
631832 
631837 
631846 
631850 
631854 
631858 
631862 
631866 
631870 
631877 
631880 
631883 
631886 
631889 
631892 
631895 
631900 
631903 
631906 
631909 
631912 
631915 
631918 
631923 
631926 
631929 
631932 
631935 
631938 
631941 
631946 
631950 
631954 
631958 
631962 
631966 
631970 
631977 
631982 
631987 
631992 
631997 
632002 
632007 
632016 
632020 
632024 
632028 
632032 
632036 
632040 
632047 
632052 
632057 
632062 
632067 
632072 
632077 
632086 
632089 
632092 
632095 
632098 
632101 
632104 
632109 
632112 
632115 
632118 
632121 
632124 
632127 
632132 
632135 
632138 
632141 
632144 
632147 
632150 
632155 
632160 
632165 
632170 
632175 
632180 
632185 
632194 
632198 
632202 
632206 
632210 
632214 
632218 
632225 
632231 
632237 
632243 
632249 
632255 
632261 
632272 
632276 
632280 
632284 
632288 
632292 
632296 
632303 
632305 
632307 
632309 
632311 
632313 
632315 
632318 
632321 
632324 
632327 
632330 
632333 
632336 
632341 
632344 
632347 
632350 
632353 
632356 
632359 
632364 
632369 
632374 
632379 
632384 
632389 
632394 
632403 
632406 
632409 
632412 
632415 
632418 
632421 
632426 
632430 
632434 
632438 
632442 
632446 
632450 
632457 
632462 
632467 
632472 
632477 
632482 
632487 
632496 
632499 
632502 
632505 
632508 
632511 
632514 
632519 
632522 
632525 
632528 
632531 
632534 
632537 
632542 
632545 
632548 
632551 
632554 
632557 
632560 
632565 
632569 
632573 
632577 
632581 
632585 
632589 
632596 
632598 
632600 
632602 
632604 
632606 
632608 
632611 
632614 
632617 
632620 
632623 
632626 
632629 
632634 
632637 
632640 
632643 
632646 
632649 
632652 
632657 
632663 
632669 
632675 
632681 
632687 
632693 
632704 
632705 
632706 
632707 
632708 
632709 
632710 
632711 
632714 
632717 
632720 
632723 
632726 
632729 
632734 
632738 
632742 
632746 
632750 
632754 
632758 
632765 
632768 
632771 
632774 
632777 
632780 
632783 
632788 
632790 
632792 
632794 
632796 
632798 
632800 
632803 
632807 
632811 
632815 
632819 
632823 
632827 
632834 
632838 
632842 
632846 
632850 
632854 
632858 
632865 
632868 
632871 
632874 
632877 
632880 
632883 
632888 
632891 
632894 
632897 
632900 
632903 
632906 
632911 
632916 
632921 
632926 
632931 
632936 
632941 
632950 
632955 
632960 
632965 
632970 
632975 
632980 
632989 
632995 
633001 
633007 
633013 
633019 
633025 
633036 
633041 
633046 
633051 
633056 
633061 
633066 
633075 
633078 
633081 
633084 
633087 
633090 
633093 
633098 
633101 
633104 
633107 
633110 
633113 
633116 
633121 
633124 
633127 
633130 
633133 
633136 
633139 
633144 
633148 
633152 
633156 
633160 
633164 
633168 
633175 
633180 
633185 
633190 
633195 
633200 
633205 
633214 
633217 
633220 
633223 
633226 
633229 
633232 
633237 
633241 
633245 
633249 
633253 
633257 
633261 
633268 
633271 
633274 
633277 
633280 
633283 
633286 
633291 
633293 
633295 
633297 
633299 
633301 
633303 
633306 
633310 
633314 
633318 
633322 
633326 
633330 
633337 
633340 
633343 
633346 
633349 
633352 
633355 
633360 
633362 
633364 
633366 
633368 
633370 
633372 
633375 
633380 
633385 
633390 
633395 
633400 
633405 
633414 
633418 
633422 
633426 
633430 
633434 
633438 
633445 
633449 
633453 
633457 
633461 
633465 
633469 
633476 
633481 
633486 
633491 
633496 
633501 
633506 
633515 
633518 
633521 
633524 
633527 
633530 
633533 
633538 
633543 
633548 
633553 
633558 
633563 
633568 
633577 
633580 
633583 
633586 
633589 
633592 
633595 
633600 
633602 
633604 
633606 
633608 
633610 
633612 
633615 
633617 
633619 
633621 
633623 
633625 
633627 
633630 
633631 
633632 
633633 
633634 
633635 
633636 
633637 
633642 
633647 
633652 
633657 
633662 
633667 
633676 
633682 
633688 
633694 
633700 
633706 
633712 
633723 
633729 
633735 
633741 
633747 
633753 
633759 
633770 
633773 
633776 
633779 
633782 
633785 
633788 
633793 
633797 
633801 
633805 
633809 
633813 
633817 
633824 
633827 
633830 
633833 
633836 
633839 
633842 
633847 
633851 
633855 
633859 
633863 
633867 
633871 
633878 
633883 
633888 
633893 
633898 
633903 
633908 
633917 
633921 
633925 
633929 
633933 
633937 
633941 
633948 
633952 
633956 
633960 
633964 
633968 
633972 
633979 
633984 
633989 
633994 
633999 
634004 
634009 
634018 
634021 
634024 
634027 
634030 
634033 
634036 
634041 
634044 
634047 
634050 
634053 
634056 
634059 
634064 
634067 
634070 
634073 
634076 
634079 
634082 
634087 
634090 
634093 
634096 
634099 
634102 
634105 
634110 
634115 
634120 
634125 
634130 
634135 
634140 
634149 
634151 
634153 
634155 
634157 
634159 
634161 
634164 
634168 
634172 
634176 
634180 
634184 
634188 
634195 
634199 
634203 
634207 
634211 
634215 
634219 
634226 
634229 
634232 
634235 
634238 
634241 
634244 
634249 
634252 
634255 
634258 
634261 
634264 
634267 
634272 
634276 
634280 
634284 
634288 
634292 
634296 
634303 
634306 
634309 
634312 
634315 
634318 
634321 
634326 
634329 
634332 
634335 
634338 
634341 
634344 
634349 
634353 
634357 
634361 
634365 
634369 
634373 
634380 
634385 
634390 
634395 
634400 
634405 
634410 
634419 
634422 
634425 
634428 
634431 
634434 
634437 
634442 
634443 
634444 
634445 
634446 
634447 
634448 
634449 
634453 
634457 
634461 
634465 
634469 
634473 
634480 
634483 
634486 
634489 
634492 
634495 
634498 
634503 
634508 
634513 
634518 
634523 
634528 
634533 
634542 
634544 
634546 
634548 
634550 
634552 
634554 
634557 
634562 
634567 
634572 
634577 
634582 
634587 
634596 
634601 
634606 
634611 
634616 
634621 
634626 
634635 
634637 
634639 
634641 
634643 
634645 
634647 
634650 
634652 
634654 
634656 
634658 
634660 
634662 
634665 
634667 
634669 
634671 
634673 
634675 
634677 
634680 
634685 
634690 
634695 
634700 
634705 
634710 
634719 
634721 
634723 
634725 
634727 
634729 
634731 
634734 
634737 
634740 
634743 
634746 
634749 
634752 
634757 
634760 
634763 
634766 
634769 
634772 
634775 
634780 
634784 
634788 
634792 
634796 
634800 
634804 
634811 
634816 
634821 
634826 
634831 
634836 
634841 
634850 
634854 
634858 
634862 
634866 
634870 
634874 
634881 
634884 
634887 
634890 
634893 
634896 
634899 
634904 
634905 
634906 
634907 
634908 
634909 
634910 
634911 
634915 
634919 
634923 
634927 
634931 
634935 
634942 
634947 
634952 
634957 
634962 
634967 
634972 
634981 
634984 
634987 
634990 
634993 
634996 
634999 
635004 
635007 
635010 
635013 
635016 
635019 
635022 
635027 
635028 
635029 
635030 
635031 
635032 
635033 
635034 
635038 
635042 
635046 
635050 
635054 
635058 
635065 
635069 
635073 
635077 
635081 
635085 
635089 
635096 
635099 
635102 
635105 
635108 
635111 
635114 
635119 
635122 
635125 
635128 
635131 
635134 
635137 
635142 
635145 
635148 
635151 
635154 
635157 
635160 
635165 
635168 
635171 
635174 
635177 
635180 
635183 
635188 
635194 
635200 
635206 
635212 
635218 
635224 
635235 
635240 
635245 
635250 
635255 
635260 
635265 
635274 
635278 
635282 
635286 
635290 
635294 
635298 
635305 
635307 
635309 
635311 
635313 
635315 
635317 
635320 
635324 
635328 
635332 
635336 
635340 
635344 
635351 
635353 
635355 
635357 
635359 
635361 
635363 
635366 
635368 
635370 
635372 
635374 
635376 
635378 
635381 
635387 
635393 
635399 
635405 
635411 
635417 
635428 
635433 
635438 
635443 
635448 
635453 
635458 
635467 
635471 
635475 
635479 
635483 
635487 
635491 
635498 
635502 
635506 
635510 
635514 
635518 
635522 
635529 
635532 
635535 
635538 
635541 
635544 
635547 
635552 
635557 
635562 
635567 
635572 
635577 
635582 
635591 
635594 
635597 
635600 
635603 
635606 
635609 
635614 
635619 
635624 
635629 
635634 
635639 
635644 
635653 
635657 
635661 
635665 
635669 
635673 
635677 
635684 
635689 
635694 
635699 
635704 
635709 
635714 
635723 
635726 
635729 
635732 
635735 
635738 
635741 
635746 
635750 
635754 
635758 
635762 
635766 
635770 
635777 
635780 
635783 
635786 
635789 
635792 
635795 
635800 
635803 
635806 
635809 
635812 
635815 
635818 
635823 
635828 
635833 
635838 
635843 
635848 
635853 
635862 
635867 
635872 
635877 
635882 
635887 
635892 
635901 
635905 
635909 
635913 
635917 
635921 
635925 
635932 
635935 
635938 
635941 
635944 
635947 
635950 
635955 
635960 
635965 
635970 
635975 
635980 
635985 
635994 
635999 
636004 
636009 
636014 
636019 
636024 
636033 
636034 
636035 
636036 
636037 
636038 
636039 
636040 
636042 
636044 
636046 
636048 
636050 
636052 
636055 
636057 
636059 
636061 
636063 
636065 
636067 
636070 
636073 
636076 
636079 
636082 
636085 
636088 
636093 
636096 
636099 
636102 
636105 
636108 
636111 
636116 
636119 
636122 
636125 
636128 
636131 
636134 
636139 
636142 
636145 
636148 
636151 
636154 
636157 
636162 
636166 
636170 
636174 
636178 
636182 
636186 
636193 
636195 
636197 
636199 
636201 
636203 
636205 
636208 
636214 
636220 
636226 
636232 
636238 
636244 
636255 
636259 
636263 
636267 
636271 
636275 
636279 
636286 
636289 
636292 
636295 
636298 
636301 
636304 
636309 
636313 
636317 
636321 
636325 
636329 
636333 
636340 
636343 
636346 
636349 
636352 
636355 
636358 
636363 
636367 
636371 
636375 
636379 
636383 
636387 
636394 
636397 
636400 
636403 
636406 
636409 
636412 
636417 
636421 
636425 
636429 
636433 
636437 
636441 
636448 
636451 
636454 
636457 
636460 
636463 
636466 
636471 
636475 
636479 
636483 
636487 
636491 
636495 
636502 
636505 
636508 
636511 
636514 
636517 
636520 
636525 
636530 
636535 
636540 
636545 
636550 
636555 
636564 
636567 
636570 
636573 
636576 
636579 
636582 
636587 
636591 
636595 
636599 
636603 
636607 
636611 
636618 
636621 
636624 
636627 
636630 
636633 
636636 
636641 
636643 
636645 
636647 
636649 
636651 
636653 
636656 
636662 
636668 
636674 
636680 
636686 
636692 
636703 
636707 
636711 
636715 
636719 
636723 
636727 
636734 
636737 
636740 
636743 
636746 
636749 
636752 
636757 
636761 
636765 
636769 
636773 
636777 
636781 
636788 
636789 
636790 
636791 
636792 
636793 
636794 
636795 
636798 
636801 
636804 
636807 
636810 
636813 
636818 
636822 
636826 
636830 
636834 
636838 
636842 
636849 
636851 
636853 
636855 
636857 
636859 
636861 
636864 
636868 
636872 
636876 
636880 
636884 
636888 
636895 
636900 
636905 
636910 
636915 
636920 
636925 
636934 
636937 
636940 
636943 
636946 
636949 
636952 
636957 
636961 
636965 
636969 
636973 
636977 
636981 
636988 
636993 
636998 
637003 
637008 
637013 
637018 
637027 
637031 
637035 
637039 
637043 
637047 
637051 
637058 
637063 
637068 
637073 
637078 
637083 
637088 
637097 
637099 
637101 
637103 
637105 
637107 
637109 
637112 
637114 
637116 
637118 
637120 
637122 
637124 
637127 
637129 
637131 
637133 
637135 
637137 
637139 
637142 
637145 
637148 
637151 
637154 
637157 
637160 
637165 
637170 
637175 
637180 
637185 
637190 
637195 
637204 
637208 
637212 
637216 
637220 
637224 
637228 
637235 
637242 
637249 
637256 
637263 
637270 
637277 
637290 
637295 
637300 
637305 
637310 
637315 
637320 
637329 
637334 
637339 
637344 
637349 
637354 
637359 
637368 
637370 
637372 
637374 
637376 
637378 
637380 
637383 
637385 
637387 
637389 
637391 
637393 
637395 
637398 
637401 
637404 
637407 
637410 
637413 
637416 
637421 
637425 
637429 
637433 
637437 
637441 
637445 
637452 
637455 
637458 
637461 
637464 
637467 
637470 
637475 
637478 
637481 
637484 
637487 
637490 
637493 
637498 
637501 
637504 
637507 
637510 
637513 
637516 
637521 
637524 
637527 
637530 
637533 
637536 
637539 
637544 
637547 
637550 
637553 
637556 
637559 
637562 
637567 
637571 
637575 
637579 
637583 
637587 
637591 
637598 
637602 
637606 
637610 
637614 
637618 
637622 
637629 
637633 
637637 
637641 
637645 
637649 
637653 
637660 
637663 
637666 
637669 
637672 
637675 
637678 
637683 
637687 
637691 
637695 
637699 
637703 
637707 
637714 
637719 
637724 
637729 
637734 
637739 
637744 
637753 
637757 
637761 
637765 
637769 
637773 
637777 
637784 
637789 
637794 
637799 
637804 
637809 
637814 
637823 
637826 
637829 
637832 
637835 
637838 
637841 
637846 
637849 
637852 
637855 
637858 
637861 
637864 
637869 
637872 
637875 
637878 
637881 
637884 
637887 
637892 
637895 
637898 
637901 
637904 
637907 
637910 
637915 
637920 
637925 
637930 
637935 
637940 
637945 
637954 
637955 
637956 
637957 
637958 
637959 
637960 
637961 
637964 
637967 
637970 
637973 
637976 
637979 
637984 
637986 
637988 
637990 
637992 
637994 
637996 
637999 
638000 
638001 
638002 
638003 
638004 
638005 
638006 
638011 
638016 
638021 
638026 
638031 
638036 
638045 
638048 
638051 
638054 
638057 
638060 
638063 
638068 
638070 
638072 
638074 
638076 
638078 
638080 
638083 
638085 
638087 
638089 
638091 
638093 
638095 
638098 
638102 
638106 
638110 
638114 
638118 
638122 
638129 
638134 
638139 
638144 
638149 
638154 
638159 
638168 
638170 
638172 
638174 
638176 
638178 
638180 
638183 
638188 
638193 
638198 
638203 
638208 
638213 
638222 
638224 
638226 
638228 
638230 
638232 
638234 
638237 
638239 
638241 
638243 
638245 
638247 
638249 
638252 
638253 
638254 
638255 
638256 
638257 
638258 
638259 
638262 
638265 
638268 
638271 
638274 
638277 
638282 
638286 
638290 
638294 
638298 
638302 
638306 
638313 
638316 
638319 
638322 
638325 
638328 
638331 
638336 
638339 
638342 
638345 
638348 
638351 
638354 
638359 
638362 
638365 
638368 
638371 
638374 
638377 
638382 
638384 
638386 
638388 
638390 
638392 
638394 
638397 
638400 
638403 
638406 
638409 
638412 
638415 
638420 
638423 
638426 
638429 
638432 
638435 
638438 
638443 
638447 
638451 
638455 
638459 
638463 
638467 
638474 
638477 
638480 
638483 
638486 
638489 
638492 
638497 
638500 
638503 
638506 
638509 
638512 
638515 
638520 
638523 
638526 
638529 
638532 
638535 
638538 
638543 
638546 
638549 
638552 
638555 
638558 
638561 
638566 
638569 
638572 
638575 
638578 
638581 
638584 
638589 
638593 
638597 
638601 
638605 
638609 
638613 
638620 
638623 
638626 
638629 
638632 
638635 
638638 
638643 
638647 
638651 
638655 
638659 
638663 
638667 
638674 
638677 
638680 
638683 
638686 
638689 
638692 
638697 
638702 
638707 
638712 
638717 
638722 
638727 
638736 
638739 
638742 
638745 
638748 
638751 
638754 
638759 
638762 
638765 
638768 
638771 
638774 
638777 
638782 
638784 
638786 
638788 
638790 
638792 
638794 
638797 
638800 
638803 
638806 
638809 
638812 
638815 
638820 
638822 
638824 
638826 
638828 
638830 
638832 
638835 
638839 
638843 
638847 
638851 
638855 
638859 
638866 
638868 
638870 
638872 
638874 
638876 
638878 
638881 
638885 
638889 
638893 
638897 
638901 
638905 
638912 
638914 
638916 
638918 
638920 
638922 
638924 
638927 
638931 
638935 
638939 
638943 
638947 
638951 
638958 
638961 
638964 
638967 
638970 
638973 
638976 
638981 
638984 
638987 
638990 
638993 
638996 
638999 
639004 
639007 
639010 
639013 
639016 
639019 
639022 
639027 
639032 
639037 
639042 
639047 
639052 
639057 
639066 
639071 
639076 
639081 
639086 
639091 
639096 
639105 
639109 
639113 
639117 
639121 
639125 
639129 
639136 
639138 
639140 
639142 
639144 
639146 
639148 
639151 
639153 
639155 
639157 
639159 
639161 
639163 
639166 
639167 
639168 
639169 
639170 
639171 
639172 
639173 
639175 
639177 
639179 
639181 
639183 
639185 
639188 
639192 
639196 
639200 
639204 
639208 
639212 
639219 
639221 
639223 
639225 
639227 
639229 
639231 
639234 
639238 
639242 
639246 
639250 
639254 
639258 
639265 
639269 
639273 
639277 
639281 
639285 
639289 
639296 
639298 
639300 
639302 
639304 
639306 
639308 
639311 
639314 
639317 
639320 
639323 
639326 
639329 
639334 
639336 
639338 
639340 
639342 
639344 
639346 
639349 
639350 
639351 
639352 
639353 
639354 
639355 
639356 
639361 
639366 
639371 
639376 
639381 
639386 
639395 
639398 
639401 
639404 
639407 
639410 
639413 
639418 
639421 
639424 
639427 
639430 
639433 
639436 
639441 
639443 
639445 
639447 
639449 
639451 
639453 
639456 
639461 
639466 
639471 
639476 
639481 
639486 
639495 
639499 
639503 
639507 
639511 
639515 
639519 
639526 
639529 
639532 
639535 
639538 
639541 
639544 
639549 
639554 
639559 
639564 
639569 
639574 
639579 
639588 
639591 
639594 
639597 
639600 
639603 
639606 
639611 
639614 
639617 
639620 
639623 
639626 
639629 
639634 
639638 
639642 
639646 
639650 
639654 
639658 
639665 
639668 
639671 
639674 
639677 
639680 
639683 
639688 
639693 
639698 
639703 
639708 
639713 
639718 
639727 
639733 
639739 
639745 
639751 
639757 
639763 
639774 
639778 
639782 
639786 
639790 
639794 
639798 
639805 
639807 
639809 
639811 
639813 
639815 
639817 
639820 
639822 
639824 
639826 
639828 
639830 
639832 
639835 
639838 
639841 
639844 
639847 
639850 
639853 
639858 
639861 
639864 
639867 
639870 
639873 
639876 
639881 
639883 
639885 
639887 
639889 
639891 
639893 
639896 
639899 
639902 
639905 
639908 
639911 
639914 
639919 
639923 
639927 
639931 
639935 
639939 
639943 
639950 
639953 
639956 
639959 
639962 
639965 
639968 
639973 
639975 
639977 
639979 
639981 
639983 
639985 
639988 
639991 
639994 
639997 
640000 
640003 
640006 
640011 
640015 
640019 
640023 
640027 
640031 
640035 
640042 
640044 
640046 
640048 
640050 
640052 
640054 
640057 
640060 
640063 
640066 
640069 
640072 
640075 
640080 
640084 
640088 
640092 
640096 
640100 
640104 
640111 
640115 
640119 
640123 
640127 
640131 
640135 
640142 
640148 
640154 
640160 
640166 
640172 
640178 
640189 
640192 
640195 
640198 
640201 
640204 
640207 
640212 
640215 
640218 
640221 
640224 
640227 
640230 
640235 
640236 
640237 
640238 
640239 
640240 
640241 
640242 
640245 
640248 
640251 
640254 
640257 
640260 
640265 
640269 
640273 
640277 
640281 
640285 
640289 
640296 
640299 
640302 
640305 
640308 
640311 
640314 
640319 
640320 
640321 
640322 
640323 
640324 
640325 
640326 
640329 
640332 
640335 
640338 
640341 
640344 
640349 
640351 
640353 
640355 
640357 
640359 
640361 
640364 
640366 
640368 
640370 
640372 
640374 
640376 
640379 
640383 
640387 
640391 
640395 
640399 
640403 
640410 
640413 
640416 
640419 
640422 
640425 
640428 
640433 
640436 
640439 
640442 
640445 
640448 
640451 
640456 
640460 
640464 
640468 
640472 
640476 
640480 
640487 
640489 
640491 
640493 
640495 
640497 
640499 
640502 
640504 
640506 
640508 
640510 
640512 
640514 
640517 
640521 
640525 
640529 
640533 
640537 
640541 
640548 
640553 
640558 
640563 
640568 
640573 
640578 
640587 
640588 
640589 
640590 
640591 
640592 
640593 
640594 
640597 
640600 
640603 
640606 
640609 
640612 
640617 
640619 
640621 
640623 
640625 
640627 
640629 
640632 
640637 
640642 
640647 
640652 
640657 
640662 
640671 
640674 
640677 
640680 
640683 
640686 
640689 
640694 
640697 
640700 
640703 
640706 
640709 
640712 
640717 
640722 
640727 
640732 
640737 
640742 
640747 
640756 
640761 
640766 
640771 
640776 
640781 
640786 
640795 
640798 
640801 
640804 
640807 
640810 
640813 
640818 
640821 
640824 
640827 
640830 
640833 
640836 
640841 
640843 
640845 
640847 
640849 
640851 
640853 
640856 
640859 
640862 
640865 
640868 
640871 
640874 
640879 
640883 
640887 
640891 
640895 
640899 
640903 
640910 
640912 
640914 
640916 
640918 
640920 
640922 
640925 
640928 
640931 
640934 
640937 
640940 
640943 
640948 
640951 
640954 
640957 
640960 
640963 
640966 
640971 
640974 
640977 
640980 
640983 
640986 
640989 
640994 
640998 
641002 
641006 
641010 
641014 
641018 
641025 
641028 
641031 
641034 
641037 
641040 
641043 
641048 
641051 
641054 
641057 
641060 
641063 
641066 
641071 
641073 
641075 
641077 
641079 
641081 
641083 
641086 
641088 
641090 
641092 
641094 
641096 
641098 
641101 
641104 
641107 
641110 
641113 
641116 
641119 
641124 
641127 
641130 
641133 
641136 
641139 
641142 
641147 
641152 
641157 
641162 
641167 
641172 
641177 
641186 
641190 
641194 
641198 
641202 
641206 
641210 
641217 
641220 
641223 
641226 
641229 
641232 
641235 
641240 
641244 
641248 
641252 
641256 
641260 
641264 
641271 
641273 
641275 
641277 
641279 
641281 
641283 
641286 
641289 
641292 
641295 
641298 
641301 
641304 
641309 
641315 
641321 
641327 
641333 
641339 
641345 
641356 
641360 
641364 
641368 
641372 
641376 
641380 
641387 
641391 
641395 
641399 
641403 
641407 
641411 
641418 
641422 
641426 
641430 
641434 
641438 
641442 
641449 
641451 
641453 
641455 
641457 
641459 
641461 
641464 
641469 
641474 
641479 
641484 
641489 
641494 
641503 
641506 
641509 
641512 
641515 
641518 
641521 
641526 
641530 
641534 
641538 
641542 
641546 
641550 
641557 
641561 
641565 
641569 
641573 
641577 
641581 
641588 
641591 
641594 
641597 
641600 
641603 
641606 
641611 
641613 
641615 
641617 
641619 
641621 
641623 
641626 
641629 
641632 
641635 
641638 
641641 
641644 
641649 
641653 
641657 
641661 
641665 
641669 
641673 
641680 
641683 
641686 
641689 
641692 
641695 
641698 
641703 
641706 
641709 
641712 
641715 
641718 
641721 
641726 
641728 
641730 
641732 
641734 
641736 
641738 
641741 
641743 
641745 
641747 
641749 
641751 
641753 
641756 
641761 
641766 
641771 
641776 
641781 
641786 
641795 
641797 
641799 
641801 
641803 
641805 
641807 
641810 
641814 
641818 
641822 
641826 
641830 
641834 
641841 
641843 
641845 
641847 
641849 
641851 
641853 
641856 
641859 
641862 
641865 
641868 
641871 
641874 
641879 
641882 
641885 
641888 
641891 
641894 
641897 
641902 
641905 
641908 
641911 
641914 
641917 
641920 
641925 
641929 
641933 
641937 
641941 
641945 
641949 
641956 
641960 
641964 
641968 
641972 
641976 
641980 
641987 
641989 
641991 
641993 
641995 
641997 
641999 
642002 
642007 
642012 
642017 
642022 
642027 
642032 
642041 
642044 
642047 
642050 
642053 
642056 
642059 
642064 
642066 
642068 
642070 
642072 
642074 
642076 
642079 
642080 
642081 
642082 
642083 
642084 
642085 
642086 
642090 
642094 
642098 
642102 
642106 
642110 
642117 
642120 
642123 
642126 
642129 
642132 
642135 
642140 
642144 
642148 
642152 
642156 
642160 
642164 
642171 
642173 
642175 
642177 
642179 
642181 
642183 
642186 
642191 
642196 
642201 
642206 
642211 
642216 
642225 
642228 
642231 
642234 
642237 
642240 
642243 
642248 
642254 
642260 
642266 
642272 
642278 
642284 
642295 
642299 
642303 
642307 
642311 
642315 
642319 
642326 
642329 
642332 
642335 
642338 
642341 
642344 
642349 
642353 
642357 
642361 
642365 
642369 
642373 
642380 
642381 
642382 
642383 
642384 
642385 
642386 
642387 
642389 
642391 
642393 
642395 
642397 
642399 
642402 
642404 
642406 
642408 
642410 
642412 
642414 
642417 
642421 
642425 
642429 
642433 
642437 
642441 
642448 
642451 
642454 
642457 
642460 
642463 
642466 
642471 
642473 
642475 
642477 
642479 
642481 
642483 
642486 
642491 
642496 
642501 
642506 
642511 
642516 
642525 
642528 
642531 
642534 
642537 
642540 
642543 
642548 
642550 
642552 
642554 
642556 
642558 
642560 
642563 
642564 
642565 
642566 
642567 
642568 
642569 
642570 
642574 
642578 
642582 
642586 
642590 
642594 
642601 
642605 
642609 
642613 
642617 
642621 
642625 
642632 
642634 
642636 
642638 
642640 
642642 
642644 
642647 
642648 
642649 
642650 
642651 
642652 
642653 
642654 
642659 
642664 
642669 
642674 
642679 
642684 
642693 
642698 
642703 
642708 
642713 
642718 
642723 
642732 
642735 
642738 
642741 
642744 
642747 
642750 
642755 
642758 
642761 
642764 
642767 
642770 
642773 
642778 
642780 
642782 
642784 
642786 
642788 
642790 
642793 
642796 
642799 
642802 
642805 
642808 
642811 
642816 
642821 
642826 
642831 
642836 
642841 
642846 
642855 
642859 
642863 
642867 
642871 
642875 
642879 
642886 
642892 
642898 
642904 
642910 
642916 
642922 
642933 
642937 
642941 
642945 
642949 
642953 
642957 
642964 
642967 
642970 
642973 
642976 
642979 
642982 
642987 
642990 
642993 
642996 
642999 
643002 
643005 
643010 
643013 
643016 
643019 
643022 
643025 
643028 
643033 
643038 
643043 
643048 
643053 
643058 
643063 
643072 
643076 
643080 
643084 
643088 
643092 
643096 
643103 
643105 
643107 
643109 
643111 
643113 
643115 
643118 
643121 
643124 
643127 
643130 
643133 
643136 
643141 
643146 
643151 
643156 
643161 
643166 
643171 
643180 
643183 
643186 
643189 
643192 
643195 
643198 
643203 
643205 
643207 
643209 
643211 
643213 
643215 
643218 
643221 
643224 
643227 
643230 
643233 
643236 
643241 
643245 
643249 
643253 
643257 
643261 
643265 
643272 
643274 
643276 
643278 
643280 
643282 
643284 
643287 
643289 
643291 
643293 
643295 
643297 
643299 
643302 
643305 
643308 
643311 
643314 
643317 
643320 
643325 
643327 
643329 
643331 
643333 
643335 
643337 
643340 
643343 
643346 
643349 
643352 
643355 
643358 
643363 
643367 
643371 
643375 
643379 
643383 
643387 
643394 
643395 
643396 
643397 
643398 
643399 
643400 
643401 
643405 
643409 
643413 
643417 
643421 
643425 
643432 
643433 
643434 
643435 
643436 
643437 
643438 
643439 
643444 
643449 
643454 
643459 
643464 
643469 
643478 
643482 
643486 
643490 
643494 
643498 
643502 
643509 
643513 
643517 
643521 
643525 
643529 
643533 
643540 
643543 
643546 
643549 
643552 
643555 
643558 
643563 
643565 
643567 
643569 
643571 
643573 
643575 
643578 
643583 
643588 
643593 
643598 
643603 
643608 
643617 
643622 
643627 
643632 
643637 
643642 
643647 
643656 
643659 
643662 
643665 
643668 
643671 
643674 
643679 
643682 
643685 
643688 
643691 
643694 
643697 
643702 
643705 
643708 
643711 
643714 
643717 
643720 
643725 
643727 
643729 
643731 
643733 
643735 
643737 
643740 
643743 
643746 
643749 
643752 
643755 
643758 
643763 
643768 
643773 
643778 
643783 
643788 
643793 
643802 
643806 
643810 
643814 
643818 
643822 
643826 
643833 
643838 
643843 
643848 
643853 
643858 
643863 
643872 
643875 
643878 
643881 
643884 
643887 
643890 
643895 
643898 
643901 
643904 
643907 
643910 
643913 
643918 
643921 
643924 
643927 
643930 
643933 
643936 
643941 
643945 
643949 
643953 
643957 
643961 
643965 
643972 
643975 
643978 
643981 
643984 
643987 
643990 
643995 
643999 
644003 
644007 
644011 
644015 
644019 
644026 
644028 
644030 
644032 
644034 
644036 
644038 
644041 
644045 
644049 
644053 
644057 
644061 
644065 
644072 
644075 
644078 
644081 
644084 
644087 
644090 
644095 
644098 
644101 
644104 
644107 
644110 
644113 
644118 
644121 
644124 
644127 
644130 
644133 
644136 
644141 
644144 
644147 
644150 
644153 
644156 
644159 
644164 
644167 
644170 
644173 
644176 
644179 
644182 
644187 
644190 
644193 
644196 
644199 
644202 
644205 
644210 
644211 
644212 
644213 
644214 
644215 
644216 
644217 
644221 
644225 
644229 
644233 
644237 
644241 
644248 
644250 
644252 
644254 
644256 
644258 
644260 
644263 
644266 
644269 
644272 
644275 
644278 
644281 
644286 
644289 
644292 
644295 
644298 
644301 
644304 
644309 
644313 
644317 
644321 
644325 
644329 
644333 
644340 
644343 
644346 
644349 
644352 
644355 
644358 
644363 
644365 
644367 
644369 
644371 
644373 
644375 
644378 
644380 
644382 
644384 
644386 
644388 
644390 
644393 
644395 
644397 
644399 
644401 
644403 
644405 
644408 
644411 
644414 
644417 
644420 
644423 
644426 
644431 
644433 
644435 
644437 
644439 
644441 
644443 
644446 
644450 
644454 
644458 
644462 
644466 
644470 
644477 
644480 
644483 
644486 
644489 
644492 
644495 
644500 
644503 
644506 
644509 
644512 
644515 
644518 
644523 
644526 
644529 
644532 
644535 
644538 
644541 
644546 
644548 
644550 
644552 
644554 
644556 
644558 
644561 
644564 
644567 
644570 
644573 
644576 
644579 
644584 
644586 
644588 
644590 
644592 
644594 
644596 
644599 
644604 
644609 
644614 
644619 
644624 
644629 
644638 
644642 
644646 
644650 
644654 
644658 
644662 
644669 
644672 
644675 
644678 
644681 
644684 
644687 
644692 
644694 
644696 
644698 
644700 
644702 
644704 
644707 
644710 
644713 
644716 
644719 
644722 
644725 
644730 
644732 
644734 
644736 
644738 
644740 
644742 
644745 
644748 
644751 
644754 
644757 
644760 
644763 
644768 
644770 
644772 
644774 
644776 
644778 
644780 
644783 
644787 
644791 
644795 
644799 
644803 
644807 
644814 
644818 
644822 
644826 
644830 
644834 
644838 
644845 
644848 
644851 
644854 
644857 
644860 
644863 
644868 
644871 
644874 
644877 
644880 
644883 
644886 
644891 
644892 
644893 
644894 
644895 
644896 
644897 
644898 
644902 
644906 
644910 
644914 
644918 
644922 
644929 
644932 
644935 
644938 
644941 
644944 
644947 
644952 
644956 
644960 
644964 
644968 
644972 
644976 
644983 
644986 
644989 
644992 
644995 
644998 
645001 
645006 
645010 
645014 
645018 
645022 
645026 
645030 
645037 
645040 
645043 
645046 
645049 
645052 
645055 
645060 
645061 
645062 
645063 
645064 
645065 
645066 
645067 
645069 
645071 
645073 
645075 
645077 
645079 
645082 
645086 
645090 
645094 
645098 
645102 
645106 
645113 
645116 
645119 
645122 
645125 
645128 
645131 
645136 
645138 
645140 
645142 
645144 
645146 
645148 
645151 
645155 
645159 
645163 
645167 
645171 
645175 
645182 
645185 
645188 
645191 
645194 
645197 
645200 
645205 
645208 
645211 
645214 
645217 
645220 
645223 
645228 
645231 
645234 
645237 
645240 
645243 
645246 
645251 
645254 
645257 
645260 
645263 
645266 
645269 
645274 
645277 
645280 
645283 
645286 
645289 
645292 
645297 
645300 
645303 
645306 
645309 
645312 
645315 
645320 
645324 
645328 
645332 
645336 
645340 
645344 
645351 
645352 
645353 
645354 
645355 
645356 
645357 
645358 
645363 
645368 
645373 
645378 
645383 
645388 
645397 
645401 
645405 
645409 
645413 
645417 
645421 
645428 
645431 
645434 
645437 
645440 
645443 
645446 
645451 
645453 
645455 
645457 
645459 
645461 
645463 
645466 
645467 
645468 
645469 
645470 
645471 
645472 
645473 
645476 
645479 
645482 
645485 
645488 
645491 
645496 
645498 
645500 
645502 
645504 
645506 
645508 
645511 
645514 
645517 
645520 
645523 
645526 
645529 
645534 
645537 
645540 
645543 
645546 
645549 
645552 
645557 
645560 
645563 
645566 
645569 
645572 
645575 
645580 
645583 
645586 
645589 
645592 
645595 
645598 
645603 
645605 
645607 
645609 
645611 
645613 
645615 
645618 
645620 
645622 
645624 
645626 
645628 
645630 
645633 
645635 
645637 
645639 
645641 
645643 
645645 
645648 
645649 
645650 
645651 
645652 
645653 
645654 
645655 
645660 
645665 
645670 
645675 
645680 
645685 
645694 
645699 
645704 
645709 
645714 
645719 
645724 
645733 
645736 
645739 
645742 
645745 
645748 
645751 
645756 
645759 
645762 
645765 
645768 
645771 
645774 
645779 
645782 
645785 
645788 
645791 
645794 
645797 
645802 
645806 
645810 
645814 
645818 
645822 
645826 
645833 
645836 
645839 
645842 
645845 
645848 
645851 
645856 
645860 
645864 
645868 
645872 
645876 
645880 
645887 
645890 
645893 
645896 
645899 
645902 
645905 
645910 
645915 
645920 
645925 
645930 
645935 
645940 
645949 
645952 
645955 
645958 
645961 
645964 
645967 
645972 
645973 
645974 
645975 
645976 
645977 
645978 
645979 
645984 
645989 
645994 
645999 
646004 
646009 
646018 
646022 
646026 
646030 
646034 
646038 
646042 
646049 
646053 
646057 
646061 
646065 
646069 
646073 
646080 
646082 
646084 
646086 
646088 
646090 
646092 
646095 
646096 
646097 
646098 
646099 
646100 
646101 
646102 
646107 
646112 
646117 
646122 
646127 
646132 
646141 
646144 
646147 
646150 
646153 
646156 
646159 
646164 
646166 
646168 
646170 
646172 
646174 
646176 
646179 
646184 
646189 
646194 
646199 
646204 
646209 
646218 
646221 
646224 
646227 
646230 
646233 
646236 
646241 
646244 
646247 
646250 
646253 
646256 
646259 
646264 
646267 
646270 
646273 
646276 
646279 
646282 
646287 
646291 
646295 
646299 
646303 
646307 
646311 
646318 
646322 
646326 
646330 
646334 
646338 
646342 
646349 
646353 
646357 
646361 
646365 
646369 
646373 
646380 
646382 
646384 
646386 
646388 
646390 
646392 
646395 
646398 
646401 
646404 
646407 
646410 
646413 
646418 
646422 
646426 
646430 
646434 
646438 
646442 
646449 
646452 
646455 
646458 
646461 
646464 
646467 
646472 
646474 
646476 
646478 
646480 
646482 
646484 
646487 
646488 
646489 
646490 
646491 
646492 
646493 
646494 
646497 
646500 
646503 
646506 
646509 
646512 
646517 
646520 
646523 
646526 
646529 
646532 
646535 
646540 
646544 
646548 
646552 
646556 
646560 
646564 
646571 
646573 
646575 
646577 
646579 
646581 
646583 
646586 
646588 
646590 
646592 
646594 
646596 
646598 
646601 
646602 
646603 
646604 
646605 
646606 
646607 
646608 
646610 
646612 
646614 
646616 
646618 
646620 
646623 
646626 
646629 
646632 
646635 
646638 
646641 
646646 
646648 
646650 
646652 
646654 
646656 
646658 
646661 
646664 
646667 
646670 
646673 
646676 
646679 
646684 
646685 
646686 
646687 
646688 
646689 
646690 
646691 
646694 
646697 
646700 
646703 
646706 
646709 
646714 
646716 
646718 
646720 
646722 
646724 
646726 
646729 
646732 
646735 
646738 
646741 
646744 
646747 
646752 
646754 
646756 
646758 
646760 
646762 
646764 
646767 
646769 
646771 
646773 
646775 
646777 
646779 
646782 
646785 
646788 
646791 
646794 
646797 
646800 
646805 
646808 
646811 
646814 
646817 
646820 
646823 
646828 
646830 
646832 
646834 
646836 
646838 
646840 
646843 
646846 
646849 
646852 
646855 
646858 
646861 
646866 
646868 
646870 
646872 
646874 
646876 
646878 
646881 
646883 
646885 
646887 
646889 
646891 
646893 
646896 
646898 
646900 
646902 
646904 
646906 
646908 
646911 
646914 
646917 
646920 
646923 
646926 
646929 
646934 
646938 
646942 
646946 
646950 
646954 
646958 
646965 
646967 
646969 
646971 
646973 
646975 
646977 
646980 
646984 
646988 
646992 
646996 
647000 
647004 
647011 
647014 
647017 
647020 
647023 
647026 
647029 
647034 
647036 
647038 
647040 
647042 
647044 
647046 
647049 
647051 
647053 
647055 
647057 
647059 
647061 
647064 
647068 
647072 
647076 
647080 
647084 
647088 
647095 
647098 
647101 
647104 
647107 
647110 
647113 
647118 
647120 
647122 
647124 
647126 
647128 
647130 
647133 
647135 
647137 
647139 
647141 
647143 
647145 
647148 
647150 
647152 
647154 
647156 
647158 
647160 
647163 
647168 
647173 
647178 
647183 
647188 
647193 
647202 
647206 
647210 
647214 
647218 
647222 
647226 
647233 
647235 
647237 
647239 
647241 
647243 
647245 
647248 
647251 
647254 
647257 
647260 
647263 
647266 
647271 
647276 
647281 
647286 
647291 
647296 
647301 
647310 
647315 
647320 
647325 
647330 
647335 
647340 
647349 
647352 
647355 
647358 
647361 
647364 
647367 
647372 
647375 
647378 
647381 
647384 
647387 
647390 
647395 
647400 
647405 
647410 
647415 
647420 
647425 
647434 
647438 
647442 
647446 
647450 
647454 
647458 
647465 
647467 
647469 
647471 
647473 
647475 
647477 
647480 
647483 
647486 
647489 
647492 
647495 
647498 
647503 
647505 
647507 
647509 
647511 
647513 
647515 
647518 
647522 
647526 
647530 
647534 
647538 
647542 
647549 
647552 
647555 
647558 
647561 
647564 
647567 
647572 
647574 
647576 
647578 
647580 
647582 
647584 
647587 
647589 
647591 
647593 
647595 
647597 
647599 
647602 
647607 
647612 
647617 
647622 
647627 
647632 
647641 
647643 
647645 
647647 
647649 
647651 
647653 
647656 
647659 
647662 
647665 
647668 
647671 
647674 
647679 
647683 
647687 
647691 
647695 
647699 
647703 
647710 
647714 
647718 
647722 
647726 
647730 
647734 
647741 
647742 
647743 
647744 
647745 
647746 
647747 
647748 
647751 
647754 
647757 
647760 
647763 
647766 
647771 
647774 
647777 
647780 
647783 
647786 
647789 
647794 
647796 
647798 
647800 
647802 
647804 
647806 
647809 
647813 
647817 
647821 
647825 
647829 
647833 
647840 
647843 
647846 
647849 
647852 
647855 
647858 
647863 
647865 
647867 
647869 
647871 
647873 
647875 
647878 
647881 
647884 
647887 
647890 
647893 
647896 
647901 
647903 
647905 
647907 
647909 
647911 
647913 
647916 
647919 
647922 
647925 
647928 
647931 
647934 
647939 
647940 
647941 
647942 
647943 
647944 
647945 
647946 
647950 
647954 
647958 
647962 
647966 
647970 
647977 
647981 
647985 
647989 
647993 
647997 
648001 
648008 
648012 
648016 
648020 
648024 
648028 
648032 
648039 
648040 
648041 
648042 
648043 
648044 
648045 
648046 
648051 
648056 
648061 
648066 
648071 
648076 
648085 
648089 
648093 
648097 
648101 
648105 
648109 
648116 
648119 
648122 
648125 
648128 
648131 
648134 
648139 
648141 
648143 
648145 
648147 
648149 
648151 
648154 
648156 
648158 
648160 
648162 
648164 
648166 
648169 
648173 
648177 
648181 
648185 
648189 
648193 
648200 
648204 
648208 
648212 
648216 
648220 
648224 
648231 
648234 
648237 
648240 
648243 
648246 
648249 
648254 
648256 
648258 
648260 
648262 
648264 
648266 
648269 
648271 
648273 
648275 
648277 
648279 
648281 
648284 
648286 
648288 
648290 
648292 
648294 
648296 
648299 
648302 
648305 
648308 
648311 
648314 
648317 
648322 
648327 
648332 
648337 
648342 
648347 
648352 
648361 
648364 
648367 
648370 
648373 
648376 
648379 
648384 
648386 
648388 
648390 
648392 
648394 
648396 
648399 
648401 
648403 
648405 
648407 
648409 
648411 
648414 
648415 
648416 
648417 
648418 
648419 
648420 
648421 
648424 
648427 
648430 
648433 
648436 
648439 
648444 
648445 
648446 
648447 
648448 
648449 
648450 
648451 
648454 
648457 
648460 
648463 
648466 
648469 
648474 
648476 
648478 
648480 
648482 
648484 
648486 
648489 
648490 
648491 
648492 
648493 
648494 
648495 
648496 
648500 
648504 
648508 
648512 
648516 
648520 
648527 
648530 
648533 
648536 
648539 
648542 
648545 
648550 
648555 
648560 
648565 
648570 
648575 
648580 
648589 
648593 
648597 
648601 
648605 
648609 
648613 
648620 
648623 
648626 
648629 
648632 
648635 
648638 
648643 
648645 
648647 
648649 
648651 
648653 
648655 
648658 
648659 
648660 
648661 
648662 
648663 
648664 
648665 
648668 
648671 
648674 
648677 
648680 
648683 
648688 
648691 
648694 
648697 
648700 
648703 
648706 
648711 
648713 
648715 
648717 
648719 
648721 
648723 
648726 
648727 
648728 
648729 
648730 
648731 
648732 
648733 
648736 
648739 
648742 
648745 
648748 
648751 
648756 
648758 
648760 
648762 
648764 
648766 
648768 
648771 
648774 
648777 
648780 
648783 
648786 
648789 
648794 
648799 
648804 
648809 
648814 
648819 
648824 
648833 
648836 
648839 
648842 
648845 
648848 
648851 
648856 
648858 
648860 
648862 
648864 
648866 
648868 
648871 
648875 
648879 
648883 
648887 
648891 
648895 
648902 
648907 
648912 
648917 
648922 
648927 
648932 
648941 
648945 
648949 
648953 
648957 
648961 
648965 
648972 
648975 
648978 
648981 
648984 
648987 
648990 
648995 
648998 
649001 
649004 
649007 
649010 
649013 
649018 
649022 
649026 
649030 
649034 
649038 
649042 
649049 
649053 
649057 
649061 
649065 
649069 
649073 
649080 
649083 
649086 
649089 
649092 
649095 
649098 
649103 
649104 
649105 
649106 
649107 
649108 
649109 
649110 
649113 
649116 
649119 
649122 
649125 
649128 
649133 
649135 
649137 
649139 
649141 
649143 
649145 
649148 
649152 
649156 
649160 
649164 
649168 
649172 
649179 
649181 
649183 
649185 
649187 
649189 
649191 
649194 
649196 
649198 
649200 
649202 
649204 
649206 
649209 
649211 
649213 
649215 
649217 
649219 
649221 
649224 
649227 
649230 
649233 
649236 
649239 
649242 
649247 
649250 
649253 
649256 
649259 
649262 
649265 
649270 
649271 
649272 
649273 
649274 
649275 
649276 
649277 
649281 
649285 
649289 
649293 
649297 
649301 
649308 
649309 
649310 
649311 
649312 
649313 
649314 
649315 
649316 
649317 
649318 
649319 
649320 
649321 
649322 
649327 
649332 
649337 
649342 
649347 
649352 
649361 
649365 
649369 
649373 
649377 
649381 
649385 
649392 
649393 
649394 
649395 
649396 
649397 
649398 
649399 
649400 
649401 
649402 
649403 
649404 
649405 
649406 
649408 
649410 
649412 
649414 
649416 
649418 
649421 
649423 
649425 
649427 
649429 
649431 
649433 
649436 
649438 
649440 
649442 
649444 
649446 
649448 
649451 
649458 
649465 
649472 
649479 
649486 
649493 
649506 
649508 
649510 
649512 
649514 
649516 
649518 
649521 
649523 
649525 
649527 
649529 
649531 
649533 
649536 
649539 
649542 
649545 
649548 
649551 
649554 
649559 
649560 
649561 
649562 
649563 
649564 
649565 
649566 
649569 
649572 
649575 
649578 
649581 
649584 
649589 
649592 
649595 
649598 
649601 
649604 
649607 
649612 
649615 
649618 
649621 
649624 
649627 
649630 
649635 
649638 
649641 
649644 
649647 
649650 
649653 
649658 
649660 
649662 
649664 
649666 
649668 
649670 
649673 
649676 
649679 
649682 
649685 
649688 
649691 
649696 
649698 
649700 
649702 
649704 
649706 
649708 
649711 
649713 
649715 
649717 
649719 
649721 
649723 
649726 
649729 
649732 
649735 
649738 
649741 
649744 
649749 
649752 
649755 
649758 
649761 
649764 
649767 
649772 
649775 
649778 
649781 
649784 
649787 
649790 
649795 
649798 
649801 
649804 
649807 
649810 
649813 
649818 
649821 
649824 
649827 
649830 
649833 
649836 
649841 
649844 
649847 
649850 
649853 
649856 
649859 
649864 
649866 
649868 
649870 
649872 
649874 
649876 
649879 
649882 
649885 
649888 
649891 
649894 
649897 
649902 
649907 
649912 
649917 
649922 
649927 
649932 
649941 
649945 
649949 
649953 
649957 
649961 
649965 
649972 
649977 
649982 
649987 
649992 
649997 
650002 
650011 
650014 
650017 
650020 
650023 
650026 
650029 
650034 
650036 
650038 
650040 
650042 
650044 
650046 
650049 
650052 
650055 
650058 
650061 
650064 
650067 
650072 
650075 
650078 
650081 
650084 
650087 
650090 
650095 
650098 
650101 
650104 
650107 
650110 
650113 
650118 
650121 
650124 
650127 
650130 
650133 
650136 
650141 
650144 
650147 
650150 
650153 
650156 
650159 
650164 
650167 
650170 
650173 
650176 
650179 
650182 
650187 
650190 
650193 
650196 
650199 
650202 
650205 
650210 
650214 
650218 
650222 
650226 
650230 
650234 
650241 
650245 
650249 
650253 
650257 
650261 
650265 
650272 
650274 
650276 
650278 
650280 
650282 
650284 
650287 
650288 
650289 
650290 
650291 
650292 
650293 
650294 
650297 
650300 
650303 
650306 
650309 
650312 
650317 
650322 
650327 
650332 
650337 
650342 
650347 
650356 
650357 
650358 
650359 
650360 
650361 
650362 
650363 
650367 
650371 
650375 
650379 
650383 
650387 
650394 
650395 
650396 
650397 
650398 
650399 
650400 
650401 
650406 
650411 
650416 
650421 
650426 
650431 
650440 
650441 
650442 
650443 
650444 
650445 
650446 
650447 
650449 
650451 
650453 
650455 
650457 
650459 
650462 
650464 
650466 
650468 
650470 
650472 
650474 
650477 
650482 
650487 
650492 
650497 
650502 
650507 
650516 
650518 
650520 
650522 
650524 
650526 
650528 
650531 
650532 
650533 
650534 
650535 
650536 
650537 
650538 
650540 
650542 
650544 
650546 
650548 
650550 
650553 
650558 
650563 
650568 
650573 
650578 
650583 
650592 
650598 
650604 
650610 
650616 
650622 
650628 
650639 
650642 
650645 
650648 
650651 
650654 
650657 
650662 
650666 
650670 
650674 
650678 
650682 
650686 
650693 
650696 
650699 
650702 
650705 
650708 
650711 
650716 
650717 
650718 
650719 
650720 
650721 
650722 
650723 
650726 
650729 
650732 
650735 
650738 
650741 
650746 
650748 
650750 
650752 
650754 
650756 
650758 
650761 
650762 
650763 
650764 
650765 
650766 
650767 
650768 
650771 
650774 
650777 
650780 
650783 
650786 
650791 
650796 
650801 
650806 
650811 
650816 
650821 
650830 
650832 
650834 
650836 
650838 
650840 
650842 
650845 
650848 
650851 
650854 
650857 
650860 
650863 
650868 
650872 
650876 
650880 
650884 
650888 
650892 
650899 
650903 
650907 
650911 
650915 
650919 
650923 
650930 
650931 
650932 
650933 
650934 
650935 
650936 
650937 
650938 
650939 
650940 
650941 
650942 
650943 
650944 
650947 
650950 
650953 
650956 
650959 
650962 
650967 
650969 
650971 
650973 
650975 
650977 
650979 
650982 
650984 
650986 
650988 
650990 
650992 
650994 
650997 
651000 
651003 
651006 
651009 
651012 
651015 
651020 
651022 
651024 
651026 
651028 
651030 
651032 
651035 
651038 
651041 
651044 
651047 
651050 
651053 
651058 
651061 
651064 
651067 
651070 
651073 
651076 
651081 
651084 
651087 
651090 
651093 
651096 
651099 
651104 
651107 
651110 
651113 
651116 
651119 
651122 
651127 
651130 
651133 
651136 
651139 
651142 
651145 
651150 
651155 
651160 
651165 
651170 
651175 
651180 
651189 
651193 
651197 
651201 
651205 
651209 
651213 
651220 
651223 
651226 
651229 
651232 
651235 
651238 
651243 
651247 
651251 
651255 
651259 
651263 
651267 
651274 
651279 
651284 
651289 
651294 
651299 
651304 
651313 
651317 
651321 
651325 
651329 
651333 
651337 
651344 
651347 
651350 
651353 
651356 
651359 
651362 
651367 
651370 
651373 
651376 
651379 
651382 
651385 
651390 
651394 
651398 
651402 
651406 
651410 
651414 
651421 
651425 
651429 
651433 
651437 
651441 
651445 
651452 
651456 
651460 
651464 
651468 
651472 
651476 
651483 
651486 
651489 
651492 
651495 
651498 
651501 
651506 
651507 
651508 
651509 
651510 
651511 
651512 
651513 
651516 
651519 
651522 
651525 
651528 
651531 
651536 
651538 
651540 
651542 
651544 
651546 
651548 
651551 
651555 
651559 
651563 
651567 
651571 
651575 
651582 
651587 
651592 
651597 
651602 
651607 
651612 
651621 
651623 
651625 
651627 
651629 
651631 
651633 
651636 
651638 
651640 
651642 
651644 
651646 
651648 
651651 
651653 
651655 
651657 
651659 
651661 
651663 
651666 
651668 
651670 
651672 
651674 
651676 
651678 
651681 
651684 
651687 
651690 
651693 
651696 
651699 
651704 
651707 
651710 
651713 
651716 
651719 
651722 
651727 
651730 
651733 
651736 
651739 
651742 
651745 
651750 
651753 
651756 
651759 
651762 
651765 
651768 
651773 
651776 
651779 
651782 
651785 
651788 
651791 
651796 
651798 
651800 
651802 
651804 
651806 
651808 
651811 
651813 
651815 
651817 
651819 
651821 
651823 
651826 
651828 
651830 
651832 
651834 
651836 
651838 
651841 
651844 
651847 
651850 
651853 
651856 
651859 
651864 
651867 
651870 
651873 
651876 
651879 
651882 
651887 
651890 
651893 
651896 
651899 
651902 
651905 
651910 
651912 
651914 
651916 
651918 
651920 
651922 
651925 
651927 
651929 
651931 
651933 
651935 
651937 
651940 
651944 
651948 
651952 
651956 
651960 
651964 
651971 
651974 
651977 
651980 
651983 
651986 
651989 
651994 
651996 
651998 
652000 
652002 
652004 
652006 
652009 
652011 
652013 
652015 
652017 
652019 
652021 
652024 
652028 
652032 
652036 
652040 
652044 
652048 
652055 
652058 
652061 
652064 
652067 
652070 
652073 
652078 
652080 
652082 
652084 
652086 
652088 
652090 
652093 
652095 
652097 
652099 
652101 
652103 
652105 
652108 
652110 
652112 
652114 
652116 
652118 
652120 
652123 
652128 
652133 
652138 
652143 
652148 
652153 
652162 
652166 
652170 
652174 
652178 
652182 
652186 
652193 
652195 
652197 
652199 
652201 
652203 
652205 
652208 
652211 
652214 
652217 
652220 
652223 
652226 
652231 
652236 
652241 
652246 
652251 
652256 
652261 
652270 
652275 
652280 
652285 
652290 
652295 
652300 
652309 
652312 
652315 
652318 
652321 
652324 
652327 
652332 
652335 
652338 
652341 
652344 
652347 
652350 
652355 
652360 
652365 
652370 
652375 
652380 
652385 
652394 
652398 
652402 
652406 
652410 
652414 
652418 
652425 
652427 
652429 
652431 
652433 
652435 
652437 
652440 
652443 
652446 
652449 
652452 
652455 
652458 
652463 
652466 
652469 
652472 
652475 
652478 
652481 
652486 
652490 
652494 
652498 
652502 
652506 
652510 
652517 
652521 
652525 
652529 
652533 
652537 
652541 
652548 
652549 
652550 
652551 
652552 
652553 
652554 
652555 
652557 
652559 
652561 
652563 
652565 
652567 
652570 
652575 
652580 
652585 
652590 
652595 
652600 
652609 
652613 
652617 
652621 
652625 
652629 
652633 
652640 
652643 
652646 
652649 
652652 
652655 
652658 
652663 
652665 
652667 
652669 
652671 
652673 
652675 
652678 
652680 
652682 
652684 
652686 
652688 
652690 
652693 
652695 
652697 
652699 
652701 
652703 
652705 
652708 
652713 
652718 
652723 
652728 
652733 
652738 
652747 
652749 
652751 
652753 
652755 
652757 
652759 
652762 
652765 
652768 
652771 
652774 
652777 
652780 
652785 
652789 
652793 
652797 
652801 
652805 
652809 
652816 
652819 
652822 
652825 
652828 
652831 
652834 
652839 
652842 
652845 
652848 
652851 
652854 
652857 
652862 
652866 
652870 
652874 
652878 
652882 
652886 
652893 
652895 
652897 
652899 
652901 
652903 
652905 
652908 
652911 
652914 
652917 
652920 
652923 
652926 
652931 
652933 
652935 
652937 
652939 
652941 
652943 
652946 
652948 
652950 
652952 
652954 
652956 
652958 
652961 
652964 
652967 
652970 
652973 
652976 
652979 
652984 
652986 
652988 
652990 
652992 
652994 
652996 
652999 
653001 
653003 
653005 
653007 
653009 
653011 
653014 
653017 
653020 
653023 
653026 
653029 
653032 
653037 
653039 
653041 
653043 
653045 
653047 
653049 
653052 
653055 
653058 
653061 
653064 
653067 
653070 
653075 
653078 
653081 
653084 
653087 
653090 
653093 
653098 
653101 
653104 
653107 
653110 
653113 
653116 
653121 
653123 
653125 
653127 
653129 
653131 
653133 
653136 
653140 
653144 
653148 
653152 
653156 
653160 
653167 
653172 
653177 
653182 
653187 
653192 
653197 
653206 
653209 
653212 
653215 
653218 
653221 
653224 
653229 
653232 
653235 
653238 
653241 
653244 
653247 
653252 
653255 
653258 
653261 
653264 
653267 
653270 
653275 
653278 
653281 
653284 
653287 
653290 
653293 
653298 
653300 
653302 
653304 
653306 
653308 
653310 
653313 
653316 
653319 
653322 
653325 
653328 
653331 
653336 
653339 
653342 
653345 
653348 
653351 
653354 
653359 
653362 
653365 
653368 
653371 
653374 
653377 
653382 
653385 
653388 
653391 
653394 
653397 
653400 
653405 
653408 
653411 
653414 
653417 
653420 
653423 
653428 
653432 
653436 
653440 
653444 
653448 
653452 
653459 
653463 
653467 
653471 
653475 
653479 
653483 
653490 
653493 
653496 
653499 
653502 
653505 
653508 
653513 
653514 
653515 
653516 
653517 
653518 
653519 
653520 
653523 
653526 
653529 
653532 
653535 
653538 
653543 
653548 
653553 
653558 
653563 
653568 
653573 
653582 
653584 
653586 
653588 
653590 
653592 
653594 
653597 
653599 
653601 
653603 
653605 
653607 
653609 
653612 
653617 
653622 
653627 
653632 
653637 
653642 
653651 
653655 
653659 
653663 
653667 
653671 
653675 
653682 
653684 
653686 
653688 
653690 
653692 
653694 
653697 
653700 
653703 
653706 
653709 
653712 
653715 
653720 
653725 
653730 
653735 
653740 
653745 
653750 
653759 
653763 
653767 
653771 
653775 
653779 
653783 
653790 
653792 
653794 
653796 
653798 
653800 
653802 
653805 
653808 
653811 
653814 
653817 
653820 
653823 
653828 
653833 
653838 
653843 
653848 
653853 
653858 
653867 
653869 
653871 
653873 
653875 
653877 
653879 
653882 
653885 
653888 
653891 
653894 
653897 
653900 
653905 
653907 
653909 
653911 
653913 
653915 
653917 
653920 
653925 
653930 
653935 
653940 
653945 
653950 
653959 
653962 
653965 
653968 
653971 
653974 
653977 
653982 
653984 
653986 
653988 
653990 
653992 
653994 
653997 
653999 
654001 
654003 
654005 
654007 
654009 
654012 
654016 
654020 
654024 
654028 
654032 
654036 
654043 
654048 
654053 
654058 
654063 
654068 
654073 
654082 
654085 
654088 
654091 
654094 
654097 
654100 
654105 
654108 
654111 
654114 
654117 
654120 
654123 
654128 
654133 
654138 
654143 
654148 
654153 
654158 
654167 
654169 
654171 
654173 
654175 
654177 
654179 
654182 
654185 
654188 
654191 
654194 
654197 
654200 
654205 
654210 
654215 
654220 
654225 
654230 
654235 
654244 
654247 
654250 
654253 
654256 
654259 
654262 
654267 
654269 
654271 
654273 
654275 
654277 
654279 
654282 
654284 
654286 
654288 
654290 
654292 
654294 
654297 
654302 
654307 
654312 
654317 
654322 
654327 
654336 
654341 
654346 
654351 
654356 
654361 
654366 
654375 
654378 
654381 
654384 
654387 
654390 
654393 
654398 
654401 
654404 
654407 
654410 
654413 
654416 
654421 
654426 
654431 
654436 
654441 
654446 
654451 
654460 
654462 
654464 
654466 
654468 
654470 
654472 
654475 
654478 
654481 
654484 
654487 
654490 
654493 
654498 
654500 
654502 
654504 
654506 
654508 
654510 
654513 
654518 
654523 
654528 
654533 
654538 
654543 
654552 
654556 
654560 
654564 
654568 
654572 
654576 
654583 
654585 
654587 
654589 
654591 
654593 
654595 
654598 
654601 
654604 
654607 
654610 
654613 
654616 
654621 
654625 
654629 
654633 
654637 
654641 
654645 
654652 
654656 
654660 
654664 
654668 
654672 
654676 
654683 
654685 
654687 
654689 
654691 
654693 
654695 
654698 
654701 
654704 
654707 
654710 
654713 
654716 
654721 
654724 
654727 
654730 
654733 
654736 
654739 
654744 
654746 
654748 
654750 
654752 
654754 
654756 
654759 
654761 
654763 
654765 
654767 
654769 
654771 
654774 
654777 
654780 
654783 
654786 
654789 
654792 
654797 
654799 
654801 
654803 
654805 
654807 
654809 
654812 
654815 
654818 
654821 
654824 
654827 
654830 
654835 
654838 
654841 
654844 
654847 
654850 
654853 
654858 
654861 
654864 
654867 
654870 
654873 
654876 
654881 
654884 
654887 
654890 
654893 
654896 
654899 
654904 
654908 
654912 
654916 
654920 
654924 
654928 
654935 
654937 
654939 
654941 
654943 
654945 
654947 
654950 
654952 
654954 
654956 
654958 
654960 
654962 
654965 
654967 
654969 
654971 
654973 
654975 
654977 
654980 
654984 
654988 
654992 
654996 
655000 
655004 
655011 
655015 
655019 
655023 
655027 
655031 
655035 
655042 
655044 
655046 
655048 
655050 
655052 
655054 
655057 
655060 
655063 
655066 
655069 
655072 
655075 
655080 
655083 
655086 
655089 
655092 
655095 
655098 
655103 
655106 
655109 
655112 
655115 
655118 
655121 
655126 
655129 
655132 
655135 
655138 
655141 
655144 
655149 
655153 
655157 
655161 
655165 
655169 
655173 
655180 
655183 
655186 
655189 
655192 
655195 
655198 
655203 
655206 
655209 
655212 
655215 
655218 
655221 
655226 
655229 
655232 
655235 
655238 
655241 
655244 
655249 
655252 
655255 
655258 
655261 
655264 
655267 
655272 
655276 
655280 
655284 
655288 
655292 
655296 
655303 
655306 
655309 
655312 
655315 
655318 
655321 
655326 
655328 
655330 
655332 
655334 
655336 
655338 
655341 
655344 
655347 
655350 
655353 
655356 
655359 
655364 
655365 
655366 
655367 
655368 
655369 
655370 
655371 
655373 
655375 
655377 
655379 
655381 
655383 
655386 
655390 
655394 
655398 
655402 
655406 
655410 
655417 
655419 
655421 
655423 
655425 
655427 
655429 
655432 
655435 
655438 
655441 
655444 
655447 
655450 
655455 
655459 
655463 
655467 
655471 
655475 
655479 
655486 
655488 
655490 
655492 
655494 
655496 
655498 
655501 
655504 
655507 
655510 
655513 
655516 
655519 
655524 
655526 
655528 
655530 
655532 
655534 
655536 
655539 
655541 
655543 
655545 
655547 
655549 
655551 
655554 
655556 
655558 
655560 
655562 
655564 
655566 
655569 
655570 
655571 
655572 
655573 
655574 
655575 
655576 
655580 
655584 
655588 
655592 
655596 
655600 
655607 
655610 
655613 
655616 
655619 
655622 
655625 
655630 
655632 
655634 
655636 
655638 
655640 
655642 
655645 
655649 
655653 
655657 
655661 
655665 
655669 
655676 
655679 
655682 
655685 
655688 
655691 
655694 
655699 
655701 
655703 
655705 
655707 
655709 
655711 
655714 
655719 
655724 
655729 
655734 
655739 
655744 
655753 
655757 
655761 
655765 
655769 
655773 
655777 
655784 
655786 
655788 
655790 
655792 
655794 
655796 
655799 
655802 
655805 
655808 
655811 
655814 
655817 
655822 
655825 
655828 
655831 
655834 
655837 
655840 
655845 
655847 
655849 
655851 
655853 
655855 
655857 
655860 
655864 
655868 
655872 
655876 
655880 
655884 
655891 
655895 
655899 
655903 
655907 
655911 
655915 
655922 
655924 
655926 
655928 
655930 
655932 
655934 
655937 
655940 
655943 
655946 
655949 
655952 
655955 
655960 
655965 
655970 
655975 
655980 
655985 
655990 
655999 
656002 
656005 
656008 
656011 
656014 
656017 
656022 
656024 
656026 
656028 
656030 
656032 
656034 
656037 
656039 
656041 
656043 
656045 
656047 
656049 
656052 
656055 
656058 
656061 
656064 
656067 
656070 
656075 
656077 
656079 
656081 
656083 
656085 
656087 
656090 
656092 
656094 
656096 
656098 
656100 
656102 
656105 
656107 
656109 
656111 
656113 
656115 
656117 
656120 
656125 
656130 
656135 
656140 
656145 
656150 
656159 
656164 
656169 
656174 
656179 
656184 
656189 
656198 
656201 
656204 
656207 
656210 
656213 
656216 
656221 
656224 
656227 
656230 
656233 
656236 
656239 
656244 
656249 
656254 
656259 
656264 
656269 
656274 
656283 
656288 
656293 
656298 
656303 
656308 
656313 
656322 
656325 
656328 
656331 
656334 
656337 
656340 
656345 
656348 
656351 
656354 
656357 
656360 
656363 
656368 
656373 
656378 
656383 
656388 
656393 
656398 
656407 
656411 
656415 
656419 
656423 
656427 
656431 
656438 
656440 
656442 
656444 
656446 
656448 
656450 
656453 
656456 
656459 
656462 
656465 
656468 
656471 
656476 
656480 
656484 
656488 
656492 
656496 
656500 
656507 
656509 
656511 
656513 
656515 
656517 
656519 
656522 
656524 
656526 
656528 
656530 
656532 
656534 
656537 
656540 
656543 
656546 
656549 
656552 
656555 
656560 
656565 
656570 
656575 
656580 
656585 
656590 
656599 
656603 
656607 
656611 
656615 
656619 
656623 
656630 
656633 
656636 
656639 
656642 
656645 
656648 
656653 
656655 
656657 
656659 
656661 
656663 
656665 
656668 
656670 
656672 
656674 
656676 
656678 
656680 
656683 
656688 
656693 
656698 
656703 
656708 
656713 
656722 
656725 
656728 
656731 
656734 
656737 
656740 
656745 
656748 
656751 
656754 
656757 
656760 
656763 
656768 
656771 
656774 
656777 
656780 
656783 
656786 
656791 
656793 
656795 
656797 
656799 
656801 
656803 
656806 
656808 
656810 
656812 
656814 
656816 
656818 
656821 
656825 
656829 
656833 
656837 
656841 
656845 
656852 
656854 
656856 
656858 
656860 
656862 
656864 
656867 
656871 
656875 
656879 
656883 
656887 
656891 
656898 
656901 
656904 
656907 
656910 
656913 
656916 
656921 
656924 
656927 
656930 
656933 
656936 
656939 
656944 
656946 
656948 
656950 
656952 
656954 
656956 
656959 
656963 
656967 
656971 
656975 
656979 
656983 
656990 
656996 
657002 
657008 
657014 
657020 
657026 
657037 
657040 
657043 
657046 
657049 
657052 
657055 
657060 
657062 
657064 
657066 
657068 
657070 
657072 
657075 
657079 
657083 
657087 
657091 
657095 
657099 
657106 
657108 
657110 
657112 
657114 
657116 
657118 
657121 
657124 
657127 
657130 
657133 
657136 
657139 
657144 
657146 
657148 
657150 
657152 
657154 
657156 
657159 
657161 
657163 
657165 
657167 
657169 
657171 
657174 
657178 
657182 
657186 
657190 
657194 
657198 
657205 
657208 
657211 
657214 
657217 
657220 
657223 
657228 
657231 
657234 
657237 
657240 
657243 
657246 
657251 
657254 
657257 
657260 
657263 
657266 
657269 
657274 
657275 
657276 
657277 
657278 
657279 
657280 
657281 
657286 
657291 
657296 
657301 
657306 
657311 
657320 
657324 
657328 
657332 
657336 
657340 
657344 
657351 
657355 
657359 
657363 
657367 
657371 
657375 
657382 
657384 
657386 
657388 
657390 
657392 
657394 
657397 
657399 
657401 
657403 
657405 
657407 
657409 
657412 
657416 
657420 
657424 
657428 
657432 
657436 
657443 
657447 
657451 
657455 
657459 
657463 
657467 
657474 
657477 
657480 
657483 
657486 
657489 
657492 
657497 
657500 
657503 
657506 
657509 
657512 
657515 
657520 
657521 
657522 
657523 
657524 
657525 
657526 
657527 
657529 
657531 
657533 
657535 
657537 
657539 
657542 
657544 
657546 
657548 
657550 
657552 
657554 
657557 
657559 
657561 
657563 
657565 
657567 
657569 
657572 
657577 
657582 
657587 
657592 
657597 
657602 
657611 
657614 
657617 
657620 
657623 
657626 
657629 
657634 
657636 
657638 
657640 
657642 
657644 
657646 
657649 
657650 
657651 
657652 
657653 
657654 
657655 
657656 
657657 
657658 
657659 
657660 
657661 
657662 
657663 
657666 
657669 
657672 
657675 
657678 
657681 
657686 
657687 
657688 
657689 
657690 
657691 
657692 
657693 
657696 
657699 
657702 
657705 
657708 
657711 
657716 
657719 
657722 
657725 
657728 
657731 
657734 
657739 
657741 
657743 
657745 
657747 
657749 
657751 
657754 
657756 
657758 
657760 
657762 
657764 
657766 
657769 
657771 
657773 
657775 
657777 
657779 
657781 
657784 
657787 
657790 
657793 
657796 
657799 
657802 
657807 
657813 
657819 
657825 
657831 
657837 
657843 
657854 
657858 
657862 
657866 
657870 
657874 
657878 
657885 
657887 
657889 
657891 
657893 
657895 
657897 
657900 
657903 
657906 
657909 
657912 
657915 
657918 
657923 
657925 
657927 
657929 
657931 
657933 
657935 
657938 
657942 
657946 
657950 
657954 
657958 
657962 
657969 
657970 
657971 
657972 
657973 
657974 
657975 
657976 
657977 
657978 
657979 
657980 
657981 
657982 
657983 
657985 
657987 
657989 
657991 
657993 
657995 
657998 
657999 
658000 
658001 
658002 
658003 
658004 
658005 
658008 
658011 
658014 
658017 
658020 
658023 
658028 
658029 
658030 
658031 
658032 
658033 
658034 
658035 
658039 
658043 
658047 
658051 
658055 
658059 
658066 
658068 
658070 
658072 
658074 
658076 
658078 
658081 
658083 
658085 
658087 
658089 
658091 
658093 
658096 
658099 
658102 
658105 
658108 
658111 
658114 
658119 
658123 
658127 
658131 
658135 
658139 
658143 
658150 
658155 
658160 
658165 
658170 
658175 
658180 
658189 
658192 
658195 
658198 
658201 
658204 
658207 
658212 
658215 
658218 
658221 
658224 
658227 
658230 
658235 
658239 
658243 
658247 
658251 
658255 
658259 
658266 
658268 
658270 
658272 
658274 
658276 
658278 
658281 
658284 
658287 
658290 
658293 
658296 
658299 
658304 
658305 
658306 
658307 
658308 
658309 
658310 
658311 
658313 
658315 
658317 
658319 
658321 
658323 
658326 
658329 
658332 
658335 
658338 
658341 
658344 
658349 
658352 
658355 
658358 
658361 
658364 
658367 
658372 
658375 
658378 
658381 
658384 
658387 
658390 
658395 
658397 
658399 
658401 
658403 
658405 
658407 
658410 
658412 
658414 
658416 
658418 
658420 
658422 
658425 
658427 
658429 
658431 
658433 
658435 
658437 
658440 
658442 
658444 
658446 
658448 
658450 
658452 
658455 
658459 
658463 
658467 
658471 
658475 
658479 
658486 
658490 
658494 
658498 
658502 
658506 
658510 
658517 
658519 
658521 
658523 
658525 
658527 
658529 
658532 
658535 
658538 
658541 
658544 
658547 
658550 
658555 
658558 
658561 
658564 
658567 
658570 
658573 
658578 
658582 
658586 
658590 
658594 
658598 
658602 
658609 
658612 
658615 
658618 
658621 
658624 
658627 
658632 
658635 
658638 
658641 
658644 
658647 
658650 
658655 
658658 
658661 
658664 
658667 
658670 
658673 
658678 
658683 
658688 
658693 
658698 
658703 
658708 
658717 
658721 
658725 
658729 
658733 
658737 
658741 
658748 
658751 
658754 
658757 
658760 
658763 
658766 
658771 
658773 
658775 
658777 
658779 
658781 
658783 
658786 
658789 
658792 
658795 
658798 
658801 
658804 
658809 
658810 
658811 
658812 
658813 
658814 
658815 
658816 
658819 
658822 
658825 
658828 
658831 
658834 
658839 
658843 
658847 
658851 
658855 
658859 
658863 
658870 
658872 
658874 
658876 
658878 
658880 
658882 
658885 
658888 
658891 
658894 
658897 
658900 
658903 
658908 
658912 
658916 
658920 
658924 
658928 
658932 
658939 
658940 
658941 
658942 
658943 
658944 
658945 
658946 
658947 
658948 
658949 
658950 
658951 
658952 
658953 
658955 
658957 
658959 
658961 
658963 
658965 
658968 
658973 
658978 
658983 
658988 
658993 
658998 
659007 
659009 
659011 
659013 
659015 
659017 
659019 
659022 
659023 
659024 
659025 
659026 
659027 
659028 
659029 
659034 
659039 
659044 
659049 
659054 
659059 
659068 
659072 
659076 
659080 
659084 
659088 
659092 
659099 
659101 
659103 
659105 
659107 
659109 
659111 
659114 
659116 
659118 
659120 
659122 
659124 
659126 
659129 
659132 
659135 
659138 
659141 
659144 
659147 
659152 
659154 
659156 
659158 
659160 
659162 
659164 
659167 
659169 
659171 
659173 
659175 
659177 
659179 
659182 
659184 
659186 
659188 
659190 
659192 
659194 
659197 
659200 
659203 
659206 
659209 
659212 
659215 
659220 
659224 
659228 
659232 
659236 
659240 
659244 
659251 
659256 
659261 
659266 
659271 
659276 
659281 
659290 
659292 
659294 
659296 
659298 
659300 
659302 
659305 
659308 
659311 
659314 
659317 
659320 
659323 
659328 
659332 
659336 
659340 
659344 
659348 
659352 
659359 
659362 
659365 
659368 
659371 
659374 
659377 
659382 
659384 
659386 
659388 
659390 
659392 
659394 
659397 
659399 
659401 
659403 
659405 
659407 
659409 
659412 
659415 
659418 
659421 
659424 
659427 
659430 
659435 
659438 
659441 
659444 
659447 
659450 
659453 
659458 
659461 
659464 
659467 
659470 
659473 
659476 
659481 
659484 
659487 
659490 
659493 
659496 
659499 
659504 
659509 
659514 
659519 
659524 
659529 
659534 
659543 
659546 
659549 
659552 
659555 
659558 
659561 
659566 
659568 
659570 
659572 
659574 
659576 
659578 
659581 
659585 
659589 
659593 
659597 
659601 
659605 
659612 
659616 
659620 
659624 
659628 
659632 
659636 
659643 
659645 
659647 
659649 
659651 
659653 
659655 
659658 
659660 
659662 
659664 
659666 
659668 
659670 
659673 
659677 
659681 
659685 
659689 
659693 
659697 
659704 
659707 
659710 
659713 
659716 
659719 
659722 
659727 
659729 
659731 
659733 
659735 
659737 
659739 
659742 
659745 
659748 
659751 
659754 
659757 
659760 
659765 
659766 
659767 
659768 
659769 
659770 
659771 
659772 
659774 
659776 
659778 
659780 
659782 
659784 
659787 
659789 
659791 
659793 
659795 
659797 
659799 
659802 
659806 
659810 
659814 
659818 
659822 
659826 
659833 
659838 
659843 
659848 
659853 
659858 
659863 
659872 
659875 
659878 
659881 
659884 
659887 
659890 
659895 
659896 
659897 
659898 
659899 
659900 
659901 
659902 
659906 
659910 
659914 
659918 
659922 
659926 
659933 
659936 
659939 
659942 
659945 
659948 
659951 
659956 
659959 
659962 
659965 
659968 
659971 
659974 
659979 
659980 
659981 
659982 
659983 
659984 
659985 
659986 
659987 
659988 
659989 
659990 
659991 
659992 
659993 
659995 
659997 
659999 
660001 
660003 
660005 
660008 
660012 
660016 
660020 
660024 
660028 
660032 
660039 
660042 
660045 
660048 
660051 
660054 
660057 
660062 
660068 
660074 
660080 
660086 
660092 
660098 
660109 
660113 
660117 
660121 
660125 
660129 
660133 
660140 
660143 
660146 
660149 
660152 
660155 
660158 
660163 
660165 
660167 
660169 
660171 
660173 
660175 
660178 
660180 
660182 
660184 
660186 
660188 
660190 
660193 
660194 
660195 
660196 
660197 
660198 
660199 
660200 
660204 
660208 
660212 
660216 
660220 
660224 
660231 
660234 
660237 
660240 
660243 
660246 
660249 
660254 
660256 
660258 
660260 
660262 
660264 
660266 
660269 
660272 
660275 
660278 
660281 
660284 
660287 
660292 
660295 
660298 
660301 
660304 
660307 
660310 
660315 
660317 
660319 
660321 
660323 
660325 
660327 
660330 
660333 
660336 
660339 
660342 
660345 
660348 
660353 
660355 
660357 
660359 
660361 
660363 
660365 
660368 
660371 
660374 
660377 
660380 
660383 
660386 
660391 
660394 
660397 
660400 
660403 
660406 
660409 
660414 
660417 
660420 
660423 
660426 
660429 
660432 
660437 
660442 
660447 
660452 
660457 
660462 
660467 
660476 
660480 
660484 
660488 
660492 
660496 
660500 
660507 
660510 
660513 
660516 
660519 
660522 
660525 
660530 
660532 
660534 
660536 
660538 
660540 
660542 
660545 
660549 
660553 
660557 
660561 
660565 
660569 
660576 
660580 
660584 
660588 
660592 
660596 
660600 
660607 
660610 
660613 
660616 
660619 
660622 
660625 
660630 
660633 
660636 
660639 
660642 
660645 
660648 
660653 
660658 
660663 
660668 
660673 
660678 
660683 
660692 
660696 
660700 
660704 
660708 
660712 
660716 
660723 
660727 
660731 
660735 
660739 
660743 
660747 
660754 
660756 
660758 
660760 
660762 
660764 
660766 
660769 
660772 
660775 
660778 
660781 
660784 
660787 
660792 
660796 
660800 
660804 
660808 
660812 
660816 
660823 
660825 
660827 
660829 
660831 
660833 
660835 
660838 
660840 
660842 
660844 
660846 
660848 
660850 
660853 
660856 
660859 
660862 
660865 
660868 
660871 
660876 
660878 
660880 
660882 
660884 
660886 
660888 
660891 
660893 
660895 
660897 
660899 
660901 
660903 
660906 
660910 
660914 
660918 
660922 
660926 
660930 
660937 
660939 
660941 
660943 
660945 
660947 
660949 
660952 
660954 
660956 
660958 
660960 
660962 
660964 
660967 
660970 
660973 
660976 
660979 
660982 
660985 
660990 
660993 
660996 
660999 
661002 
661005 
661008 
661013 
661016 
661019 
661022 
661025 
661028 
661031 
661036 
661038 
661040 
661042 
661044 
661046 
661048 
661051 
661054 
661057 
661060 
661063 
661066 
661069 
661074 
661076 
661078 
661080 
661082 
661084 
661086 
661089 
661093 
661097 
661101 
661105 
661109 
661113 
661120 
661123 
661126 
661129 
661132 
661135 
661138 
661143 
661145 
661147 
661149 
661151 
661153 
661155 
661158 
661161 
661164 
661167 
661170 
661173 
661176 
661181 
661183 
661185 
661187 
661189 
661191 
661193 
661196 
661198 
661200 
661202 
661204 
661206 
661208 
661211 
661214 
661217 
661220 
661223 
661226 
661229 
661234 
661239 
661244 
661249 
661254 
661259 
661264 
661273 
661277 
661281 
661285 
661289 
661293 
661297 
661304 
661306 
661308 
661310 
661312 
661314 
661316 
661319 
661322 
661325 
661328 
661331 
661334 
661337 
661342 
661344 
661346 
661348 
661350 
661352 
661354 
661357 
661362 
661367 
661372 
661377 
661382 
661387 
661396 
661400 
661404 
661408 
661412 
661416 
661420 
661427 
661429 
661431 
661433 
661435 
661437 
661439 
661442 
661445 
661448 
661451 
661454 
661457 
661460 
661465 
661470 
661475 
661480 
661485 
661490 
661495 
661504 
661507 
661510 
661513 
661516 
661519 
661522 
661527 
661529 
661531 
661533 
661535 
661537 
661539 
661542 
661544 
661546 
661548 
661550 
661552 
661554 
661557 
661559 
661561 
661563 
661565 
661567 
661569 
661572 
661574 
661576 
661578 
661580 
661582 
661584 
661587 
661592 
661597 
661602 
661607 
661612 
661617 
661626 
661631 
661636 
661641 
661646 
661651 
661656 
661665 
661668 
661671 
661674 
661677 
661680 
661683 
661688 
661691 
661694 
661697 
661700 
661703 
661706 
661711 
661716 
661721 
661726 
661731 
661736 
661741 
661750 
661755 
661760 
661765 
661770 
661775 
661780 
661789 
661792 
661795 
661798 
661801 
661804 
661807 
661812 
661815 
661818 
661821 
661824 
661827 
661830 
661835 
661840 
661845 
661850 
661855 
661860 
661865 
661874 
661878 
661882 
661886 
661890 
661894 
661898 
661905 
661907 
661909 
661911 
661913 
661915 
661917 
661920 
661923 
661926 
661929 
661932 
661935 
661938 
661943 
661947 
661951 
661955 
661959 
661963 
661967 
661974 
661976 
661978 
661980 
661982 
661984 
661986 
661989 
661992 
661995 
661998 
662001 
662004 
662007 
662012 
662015 
662018 
662021 
662024 
662027 
662030 
662035 
662038 
662041 
662044 
662047 
662050 
662053 
662058 
662061 
662064 
662067 
662070 
662073 
662076 
662081 
662084 
662087 
662090 
662093 
662096 
662099 
662104 
662107 
662110 
662113 
662116 
662119 
662122 
662127 
662131 
662135 
662139 
662143 
662147 
662151 
662158 
662160 
662162 
662164 
662166 
662168 
662170 
662173 
662177 
662181 
662185 
662189 
662193 
662197 
662204 
662208 
662212 
662216 
662220 
662224 
662228 
662235 
662236 
662237 
662238 
662239 
662240 
662241 
662242 
662245 
662248 
662251 
662254 
662257 
662260 
662265 
662269 
662273 
662277 
662281 
662285 
662289 
662296 
662299 
662302 
662305 
662308 
662311 
662314 
662319 
662321 
662323 
662325 
662327 
662329 
662331 
662334 
662336 
662338 
662340 
662342 
662344 
662346 
662349 
662354 
662359 
662364 
662369 
662374 
662379 
662388 
662390 
662392 
662394 
662396 
662398 
662400 
662403 
662408 
662413 
662418 
662423 
662428 
662433 
662442 
662446 
662450 
662454 
662458 
662462 
662466 
662473 
662477 
662481 
662485 
662489 
662493 
662497 
662504 
662506 
662508 
662510 
662512 
662514 
662516 
662519 
662524 
662529 
662534 
662539 
662544 
662549 
662558 
662560 
662562 
662564 
662566 
662568 
662570 
662573 
662575 
662577 
662579 
662581 
662583 
662585 
662588 
662593 
662598 
662603 
662608 
662613 
662618 
662627 
662630 
662633 
662636 
662639 
662642 
662645 
662650 
662653 
662656 
662659 
662662 
662665 
662668 
662673 
662676 
662679 
662682 
662685 
662688 
662691 
662696 
662699 
662702 
662705 
662708 
662711 
662714 
662719 
662722 
662725 
662728 
662731 
662734 
662737 
662742 
662745 
662748 
662751 
662754 
662757 
662760 
662765 
662767 
662769 
662771 
662773 
662775 
662777 
662780 
662785 
662790 
662795 
662800 
662805 
662810 
662819 
662823 
662827 
662831 
662835 
662839 
662843 
662850 
662854 
662858 
662862 
662866 
662870 
662874 
662881 
662882 
662883 
662884 
662885 
662886 
662887 
662888 
662890 
662892 
662894 
662896 
662898 
662900 
662903 
662904 
662905 
662906 
662907 
662908 
662909 
662910 
662912 
662914 
662916 
662918 
662920 
662922 
662925 
662928 
662931 
662934 
662937 
662940 
662943 
662948 
662953 
662958 
662963 
662968 
662973 
662978 
662987 
662990 
662993 
662996 
662999 
663002 
663005 
663010 
663012 
663014 
663016 
663018 
663020 
663022 
663025 
663032 
663039 
663046 
663053 
663060 
663067 
663080 
663084 
663088 
663092 
663096 
663100 
663104 
663111 
663115 
663119 
663123 
663127 
663131 
663135 
663142 
663145 
663148 
663151 
663154 
663157 
663160 
663165 
663167 
663169 
663171 
663173 
663175 
663177 
663180 
663182 
663184 
663186 
663188 
663190 
663192 
663195 
663200 
663205 
663210 
663215 
663220 
663225 
663234 
663238 
663242 
663246 
663250 
663254 
663258 
663265 
663268 
663271 
663274 
663277 
663280 
663283 
663288 
663290 
663292 
663294 
663296 
663298 
663300 
663303 
663305 
663307 
663309 
663311 
663313 
663315 
663318 
663322 
663326 
663330 
663334 
663338 
663342 
663349 
663351 
663353 
663355 
663357 
663359 
663361 
663364 
663366 
663368 
663370 
663372 
663374 
663376 
663379 
663382 
663385 
663388 
663391 
663394 
663397 
663402 
663405 
663408 
663411 
663414 
663417 
663420 
663425 
663428 
663431 
663434 
663437 
663440 
663443 
663448 
663449 
663450 
663451 
663452 
663453 
663454 
663455 
663457 
663459 
663461 
663463 
663465 
663467 
663470 
663473 
663476 
663479 
663482 
663485 
663488 
663493 
663496 
663499 
663502 
663505 
663508 
663511 
663516 
663519 
663522 
663525 
663528 
663531 
663534 
663539 
663541 
663543 
663545 
663547 
663549 
663551 
663554 
663556 
663558 
663560 
663562 
663564 
663566 
663569 
663571 
663573 
663575 
663577 
663579 
663581 
663584 
663585 
663586 
663587 
663588 
663589 
663590 
663591 
663593 
663595 
663597 
663599 
663601 
663603 
663606 
663608 
663610 
663612 
663614 
663616 
663618 
663621 
663622 
663623 
663624 
663625 
663626 
663627 
663628 
663631 
663634 
663637 
663640 
663643 
663646 
663651 
663652 
663653 
663654 
663655 
663656 
663657 
663658 
663659 
663660 
663661 
663662 
663663 
663664 
663665 
663667 
663669 
663671 
663673 
663675 
663677 
663680 
663684 
663688 
663692 
663696 
663700 
663704 
663711 
663714 
663717 
663720 
663723 
663726 
663729 
663734 
663739 
663744 
663749 
663754 
663759 
663764 
663773 
663774 
663775 
663776 
663777 
663778 
663779 
663780 
663782 
663784 
663786 
663788 
663790 
663792 
663795 
663799 
663803 
663807 
663811 
663815 
663819 
663826 
663828 
663830 
663832 
663834 
663836 
663838 
663841 
663843 
663845 
663847 
663849 
663851 
663853 
663856 
663858 
663860 
663862 
663864 
663866 
663868 
663871 
663872 
663873 
663874 
663875 
663876 
663877 
663878 
663881 
663884 
663887 
663890 
663893 
663896 
663901 
663905 
663909 
663913 
663917 
663921 
663925 
663932 
663933 
663934 
663935 
663936 
663937 
663938 
663939 
663941 
663943 
663945 
663947 
663949 
663951 
663954 
663957 
663960 
663963 
663966 
663969 
663972 
663977 
663980 
663983 
663986 
663989 
663992 
663995 
664000 
664003 
664006 
664009 
664012 
664015 
664018 
664023 
664024 
664025 
664026 
664027 
664028 
664029 
664030 
664031 
664032 
664033 
664034 
664035 
664036 
664037 
664040 
664043 
664046 
664049 
664052 
664055 
664060 
664061 
664062 
664063 
664064 
664065 
664066 
664067 
664072 
664077 
664082 
664087 
664092 
664097 
664106 
664109 
664112 
664115 
664118 
664121 
664124 
664129 
664133 
664137 
664141 
664145 
664149 
664153 
664160 
664163 
664166 
664169 
664172 
664175 
664178 
664183 
664186 
664189 
664192 
664195 
664198 
664201 
664206 
664209 
664212 
664215 
664218 
664221 
664224 
664229 
664231 
664233 
664235 
664237 
664239 
664241 
664244 
664247 
664250 
664253 
664256 
664259 
664262 
664267 
664269 
664271 
664273 
664275 
664277 
664279 
664282 
664284 
664286 
664288 
664290 
664292 
664294 
664297 
664298 
664299 
664300 
664301 
664302 
664303 
664304 
664306 
664308 
664310 
664312 
664314 
664316 
664319 
664322 
664325 
664328 
664331 
664334 
664337 
664342 
664344 
664346 
664348 
664350 
664352 
664354 
664357 
664359 
664361 
664363 
664365 
664367 
664369 
664372 
664373 
664374 
664375 
664376 
664377 
664378 
664379 
664383 
664387 
664391 
664395 
664399 
664403 
664410 
664413 
664416 
664419 
664422 
664425 
664428 
664433 
664434 
664435 
664436 
664437 
664438 
664439 
664440 
664442 
664444 
664446 
664448 
664450 
664452 
664455 
664456 
664457 
664458 
664459 
664460 
664461 
664462 
664467 
664472 
664477 
664482 
664487 
664492 
664501 
664505 
664509 
664513 
664517 
664521 
664525 
664532 
664536 
664540 
664544 
664548 
664552 
664556 
664563 
664565 
664567 
664569 
664571 
664573 
664575 
664578 
664580 
664582 
664584 
664586 
664588 
664590 
664593 
664595 
664597 
664599 
664601 
664603 
664605 
664608 
664609 
664610 
664611 
664612 
664613 
664614 
664615 
664619 
664623 
664627 
664631 
664635 
664639 
664646 
664649 
664652 
664655 
664658 
664661 
664664 
664669 
664673 
664677 
664681 
664685 
664689 
664693 
664700 
664705 
664710 
664715 
664720 
664725 
664730 
664739 
664741 
664743 
664745 
664747 
664749 
664751 
664754 
664756 
664758 
664760 
664762 
664764 
664766 
664769 
664772 
664775 
664778 
664781 
664784 
664787 
664792 
664796 
664800 
664804 
664808 
664812 
664816 
664823 
664825 
664827 
664829 
664831 
664833 
664835 
664838 
664840 
664842 
664844 
664846 
664848 
664850 
664853 
664855 
664857 
664859 
664861 
664863 
664865 
664868 
664870 
664872 
664874 
664876 
664878 
664880 
664883 
664886 
664889 
664892 
664895 
664898 
664901 
664906 
664910 
664914 
664918 
664922 
664926 
664930 
664937 
664939 
664941 
664943 
664945 
664947 
664949 
664952 
664954 
664956 
664958 
664960 
664962 
664964 
664967 
664969 
664971 
664973 
664975 
664977 
664979 
664982 
664983 
664984 
664985 
664986 
664987 
664988 
664989 
664992 
664995 
664998 
665001 
665004 
665007 
665012 
665015 
665018 
665021 
665024 
665027 
665030 
665035 
665036 
665037 
665038 
665039 
665040 
665041 
665042 
665044 
665046 
665048 
665050 
665052 
665054 
665057 
665059 
665061 
665063 
665065 
665067 
665069 
665072 
665075 
665078 
665081 
665084 
665087 
665090 
665095 
665099 
665103 
665107 
665111 
665115 
665119 
665126 
665129 
665132 
665135 
665138 
665141 
665144 
665149 
665151 
665153 
665155 
665157 
665159 
665161 
665164 
665166 
665168 
665170 
665172 
665174 
665176 
665179 
665182 
665185 
665188 
665191 
665194 
665197 
665202 
665204 
665206 
665208 
665210 
665212 
665214 
665217 
665220 
665223 
665226 
665229 
665232 
665235 
665240 
665243 
665246 
665249 
665252 
665255 
665258 
665263 
665267 
665271 
665275 
665279 
665283 
665287 
665294 
665296 
665298 
665300 
665302 
665304 
665306 
665309 
665311 
665313 
665315 
665317 
665319 
665321 
665324 
665328 
665332 
665336 
665340 
665344 
665348 
665355 
665358 
665361 
665364 
665367 
665370 
665373 
665378 
665382 
665386 
665390 
665394 
665398 
665402 
665409 
665411 
665413 
665415 
665417 
665419 
665421 
665424 
665426 
665428 
665430 
665432 
665434 
665436 
665439 
665444 
665449 
665454 
665459 
665464 
665469 
665478 
665481 
665484 
665487 
665490 
665493 
665496 
665501 
665505 
665509 
665513 
665517 
665521 
665525 
665532 
665534 
665536 
665538 
665540 
665542 
665544 
665547 
665549 
665551 
665553 
665555 
665557 
665559 
665562 
665564 
665566 
665568 
665570 
665572 
665574 
665577 
665579 
665581 
665583 
665585 
665587 
665589 
665592 
665593 
665594 
665595 
665596 
665597 
665598 
665599 
665603 
665607 
665611 
665615 
665619 
665623 
665630 
665633 
665636 
665639 
665642 
665645 
665648 
665653 
665656 
665659 
665662 
665665 
665668 
665671 
665676 
665681 
665686 
665691 
665696 
665701 
665706 
665715 
665718 
665721 
665724 
665727 
665730 
665733 
665738 
665739 
665740 
665741 
665742 
665743 
665744 
665745 
665747 
665749 
665751 
665753 
665755 
665757 
665760 
665761 
665762 
665763 
665764 
665765 
665766 
665767 
665770 
665773 
665776 
665779 
665782 
665785 
665790 
665792 
665794 
665796 
665798 
665800 
665802 
665805 
665809 
665813 
665817 
665821 
665825 
665829 
665836 
665839 
665842 
665845 
665848 
665851 
665854 
665859 
665861 
665863 
665865 
665867 
665869 
665871 
665874 
665876 
665878 
665880 
665882 
665884 
665886 
665889 
665890 
665891 
665892 
665893 
665894 
665895 
665896 
665897 
665898 
665899 
665900 
665901 
665902 
665903 
665906 
665909 
665912 
665915 
665918 
665921 
665926 
665929 
665932 
665935 
665938 
665941 
665944 
665949 
665950 
665951 
665952 
665953 
665954 
665955 
665956 
665957 
665958 
665959 
665960 
665961 
665962 
665963 
665965 
665967 
665969 
665971 
665973 
665975 
665978 
665980 
665982 
665984 
665986 
665988 
665990 
665993 
665995 
665997 
665999 
666001 
666003 
666005 
666008 
666010 
666012 
666014 
666016 
666018 
666020 
666023 
666025 
666027 
666029 
666031 
666033 
666035 
666038 
666039 
666040 
666041 
666042 
666043 
666044 
666045 
666048 
666051 
666054 
666057 
666060 
666063 
666068 
666071 
666074 
666077 
666080 
666083 
666086 
666091 
666096 
666101 
666106 
666111 
666116 
666121 
666130 
666133 
666136 
666139 
666142 
666145 
666148 
666153 
666154 
666155 
666156 
666157 
666158 
666159 
666160 
666161 
666162 
666163 
666164 
666165 
666166 
666167 
666170 
666173 
666176 
666179 
666182 
666185 
666190 
666192 
666194 
666196 
666198 
666200 
666202 
666205 
666206 
666207 
666208 
666209 
666210 
666211 
666212 
666214 
666216 
666218 
666220 
666222 
666224 
666227 
666231 
666235 
666239 
666243 
666247 
666251 
666258 
666261 
666264 
666267 
666270 
666273 
666276 
666281 
666282 
666283 
666284 
666285 
666286 
666287 
666288 
666289 
666290 
666291 
666292 
666293 
666294 
666295 
666297 
666299 
666301 
666303 
666305 
666307 
666310 
666312 
666314 
666316 
666318 
666320 
666322 
666325 
666329 
666333 
666337 
666341 
666345 
666349 
666356 
666359 
666362 
666365 
666368 
666371 
666374 
666379 
666382 
666385 
666388 
666391 
666394 
666397 
666402 
666405 
666408 
666411 
666414 
666417 
666420 
666425 
666427 
666429 
666431 
666433 
666435 
666437 
666440 
666442 
666444 
666446 
666448 
666450 
666452 
666455 
666457 
666459 
666461 
666463 
666465 
666467 
666470 
666472 
666474 
666476 
666478 
666480 
666482 
666485 
666488 
666491 
666494 
666497 
666500 
666503 
666508 
666510 
666512 
666514 
666516 
666518 
666520 
666523 
666526 
666529 
666532 
666535 
666538 
666541 
666546 
666548 
666550 
666552 
666554 
666556 
666558 
666561 
666563 
666565 
666567 
666569 
666571 
666573 
666576 
666579 
666582 
666585 
666588 
666591 
666594 
666599 
666600 
666601 
666602 
666603 
666604 
666605 
666606 
666610 
666614 
666618 
666622 
666626 
666630 
666637 
666642 
666647 
666652 
666657 
666662 
666667 
666676 
666679 
666682 
666685 
666688 
666691 
666694 
666699 
666702 
666705 
666708 
666711 
666714 
666717 
666722 
666724 
666726 
666728 
666730 
666732 
666734 
666737 
666739 
666741 
666743 
666745 
666747 
666749 
666752 
666754 
666756 
666758 
666760 
666762 
666764 
666767 
666769 
666771 
666773 
666775 
666777 
666779 
666782 
666784 
666786 
666788 
666790 
666792 
666794 
666797 
666801 
666805 
666809 
666813 
666817 
666821 
666828 
666831 
666834 
666837 
666840 
666843 
666846 
666851 
666852 
666853 
666854 
666855 
666856 
666857 
666858 
666859 
666860 
666861 
666862 
666863 
666864 
666865 
666866 
666867 
666868 
666869 
666870 
666871 
666872 
666873 
666874 
666875 
666876 
666877 
666878 
666879 
666882 
666885 
666888 
666891 
666894 
666897 
666902 
666905 
666908 
666911 
666914 
666917 
666920 
666925 
666926 
666927 
666928 
666929 
666930 
666931 
666932 
666933 
666934 
666935 
666936 
666937 
666938 
666939 
666942 
666945 
666948 
666951 
666954 
666957 
666962 
666963 
666964 
666965 
666966 
666967 
666968 
666969 
666970 
666971 
666972 
666973 
666974 
666975 
666976 
666979 
666982 
666985 
666988 
666991 
666994 
666999 
667001 
667003 
667005 
667007 
667009 
667011 
667014 
667016 
667018 
667020 
667022 
667024 
667026 
667029 
667030 
667031 
667032 
667033 
667034 
667035 
667036 
667040 
667044 
667048 
667052 
667056 
667060 
667067 
667069 
667071 
667073 
667075 
667077 
667079 
667082 
667086 
667090 
667094 
667098 
667102 
667106 
667113 
667114 
667115 
667116 
667117 
667118 
667119 
667120 
667123 
667126 
667129 
667132 
667135 
667138 
667143 
667144 
667145 
667146 
667147 
667148 
667149 
667150 
667154 
667158 
667162 
667166 
667170 
667174 
667181 
667183 
667185 
667187 
667189 
667191 
667193 
667196 
667200 
667204 
667208 
667212 
667216 
667220 
667227 
667229 
667231 
667233 
667235 
667237 
667239 
667242 
667244 
667246 
667248 
667250 
667252 
667254 
667257 
667259 
667261 
667263 
667265 
667267 
667269 
667272 
667274 
667276 
667278 
667280 
667282 
667284 
667287 
667290 
667293 
667296 
667299 
667302 
667305 
667310 
667311 
667312 
667313 
667314 
667315 
667316 
667317 
667320 
667323 
667326 
667329 
667332 
667335 
667340 
667341 
667342 
667343 
667344 
667345 
667346 
667347 
667350 
667353 
667356 
667359 
667362 
667365 
667370 
667372 
667374 
667376 
667378 
667380 
667382 
667385 
667387 
667389 
667391 
667393 
667395 
667397 
667400 
667403 
667406 
667409 
667412 
667415 
667418 
667423 
667425 
667427 
667429 
667431 
667433 
667435 
667438 
667444 
667450 
667456 
667462 
667468 
667474 
667485 
667491 
667497 
667503 
667509 
667515 
667521 
667532 
667536 
667540 
667544 
667548 
667552 
667556 
667563 
667566 
667569 
667572 
667575 
667578 
667581 
667586 
667590 
667594 
667598 
667602 
667606 
667610 
667617 
667619 
667621 
667623 
667625 
667627 
667629 
667632 
667635 
667638 
667641 
667644 
667647 
667650 
667655 
667657 
667659 
667661 
667663 
667665 
667667 
667670 
667673 
667676 
667679 
667682 
667685 
667688 
667693 
667695 
667697 
667699 
667701 
667703 
667705 
667708 
667710 
667712 
667714 
667716 
667718 
667720 
667723 
667727 
667731 
667735 
667739 
667743 
667747 
667754 
667756 
667758 
667760 
667762 
667764 
667766 
667769 
667770 
667771 
667772 
667773 
667774 
667775 
667776 
667777 
667778 
667779 
667780 
667781 
667782 
667783 
667788 
667793 
667798 
667803 
667808 
667813 
667822 
667825 
667828 
667831 
667834 
667837 
667840 
667845 
667849 
667853 
667857 
667861 
667865 
667869 
667876 
667881 
667886 
667891 
667896 
667901 
667906 
667915 
667917 
667919 
667921 
667923 
667925 
667927 
667930 
667933 
667936 
667939 
667942 
667945 
667948 
667953 
667956 
667959 
667962 
667965 
667968 
667971 
667976 
667979 
667982 
667985 
667988 
667991 
667994 
667999 
668002 
668005 
668008 
668011 
668014 
668017 
668022 
668024 
668026 
668028 
668030 
668032 
668034 
668037 
668039 
668041 
668043 
668045 
668047 
668049 
668052 
668054 
668056 
668058 
668060 
668062 
668064 
668067 
668071 
668075 
668079 
668083 
668087 
668091 
668098 
668101 
668104 
668107 
668110 
668113 
668116 
668121 
668124 
668127 
668130 
668133 
668136 
668139 
668144 
668147 
668150 
668153 
668156 
668159 
668162 
668167 
668168 
668169 
668170 
668171 
668172 
668173 
668174 
668176 
668178 
668180 
668182 
668184 
668186 
668189 
668190 
668191 
668192 
668193 
668194 
668195 
668196 
668199 
668202 
668205 
668208 
668211 
668214 
668219 
668223 
668227 
668231 
668235 
668239 
668243 
668250 
668252 
668254 
668256 
668258 
668260 
668262 
668265 
668268 
668271 
668274 
668277 
668280 
668283 
668288 
668290 
668292 
668294 
668296 
668298 
668300 
668303 
668305 
668307 
668309 
668311 
668313 
668315 
668318 
668321 
668324 
668327 
668330 
668333 
668336 
668341 
668344 
668347 
668350 
668353 
668356 
668359 
668364 
668369 
668374 
668379 
668384 
668389 
668394 
668403 
668406 
668409 
668412 
668415 
668418 
668421 
668426 
668429 
668432 
668435 
668438 
668441 
668444 
668449 
668452 
668455 
668458 
668461 
668464 
668467 
668472 
668474 
668476 
668478 
668480 
668482 
668484 
668487 
668490 
668493 
668496 
668499 
668502 
668505 
668510 
668512 
668514 
668516 
668518 
668520 
668522 
668525 
668529 
668533 
668537 
668541 
668545 
668549 
668556 
668561 
668566 
668571 
668576 
668581 
668586 
668595 
668597 
668599 
668601 
668603 
668605 
668607 
668610 
668612 
668614 
668616 
668618 
668620 
668622 
668625 
668627 
668629 
668631 
668633 
668635 
668637 
668640 
668645 
668650 
668655 
668660 
668665 
668670 
668679 
668681 
668683 
668685 
668687 
668689 
668691 
668694 
668697 
668700 
668703 
668706 
668709 
668712 
668717 
668720 
668723 
668726 
668729 
668732 
668735 
668740 
668743 
668746 
668749 
668752 
668755 
668758 
668763 
668764 
668765 
668766 
668767 
668768 
668769 
668770 
668772 
668774 
668776 
668778 
668780 
668782 
668785 
668786 
668787 
668788 
668789 
668790 
668791 
668792 
668793 
668794 
668795 
668796 
668797 
668798 
668799 
668802 
668805 
668808 
668811 
668814 
668817 
668822 
668824 
668826 
668828 
668830 
668832 
668834 
668837 
668838 
668839 
668840 
668841 
668842 
668843 
668844 
668847 
668850 
668853 
668856 
668859 
668862 
668867 
668870 
668873 
668876 
668879 
668882 
668885 
668890 
668893 
668896 
668899 
668902 
668905 
668908 
668913 
668914 
668915 
668916 
668917 
668918 
668919 
668920 
668923 
668926 
668929 
668932 
668935 
668938 
668943 
668945 
668947 
668949 
668951 
668953 
668955 
668958 
668962 
668966 
668970 
668974 
668978 
668982 
668989 
668992 
668995 
668998 
669001 
669004 
669007 
669012 
669015 
669018 
669021 
669024 
669027 
669030 
669035 
669037 
669039 
669041 
669043 
669045 
669047 
669050 
669053 
669056 
669059 
669062 
669065 
669068 
669073 
669076 
669079 
669082 
669085 
669088 
669091 
669096 
669097 
669098 
669099 
669100 
669101 
669102 
669103 
669104 
669105 
669106 
669107 
669108 
669109 
669110 
669113 
669116 
669119 
669122 
669125 
669128 
669133 
669136 
669139 
669142 
669145 
669148 
669151 
669156 
669157 
669158 
669159 
669160 
669161 
669162 
669163 
669164 
669165 
669166 
669167 
669168 
669169 
669170 
669173 
669176 
669179 
669182 
669185 
669188 
669193 
669196 
669199 
669202 
669205 
669208 
669211 
669216 
669217 
669218 
669219 
669220 
669221 
669222 
669223 
669224 
669225 
669226 
669227 
669228 
669229 
669230 
669231 
669232 
669233 
669234 
669235 
669236 
669237 
669240 
669243 
669246 
669249 
669252 
669255 
669260 
669263 
669266 
669269 
669272 
669275 
669278 
669283 
669285 
669287 
669289 
669291 
669293 
669295 
669298 
669300 
669302 
669304 
669306 
669308 
669310 
669313 
669314 
669315 
669316 
669317 
669318 
669319 
669320 
669321 
669322 
669323 
669324 
669325 
669326 
669327 
669330 
669333 
669336 
669339 
669342 
669345 
669350 
669353 
669356 
669359 
669362 
669365 
669368 
669373 
669375 
669377 
669379 
669381 
669383 
669385 
669388 
669389 
669390 
669391 
669392 
669393 
669394 
669395 
669396 
669397 
669398 
669399 
669400 
669401 
669402 
669403 
669404 
669405 
669406 
669407 
669408 
669409 
669412 
669415 
669418 
669421 
669424 
669427 
669432 
669433 
669434 
669435 
669436 
669437 
669438 
669439 
669441 
669443 
669445 
669447 
669449 
669451 
669454 
669455 
669456 
669457 
669458 
669459 
669460 
669461 
669462 
669463 
669464 
669465 
669466 
669467 
669468 
669471 
669474 
669477 
669480 
669483 
669486 
669491 
669493 
669495 
669497 
669499 
669501 
669503 
669506 
669508 
669510 
669512 
669514 
669516 
669518 
669521 
669524 
669527 
669530 
669533 
669536 
669539 
669544 
669548 
669552 
669556 
669560 
669564 
669568 
669575 
669578 
669581 
669584 
669587 
669590 
669593 
669598 
669600 
669602 
669604 
669606 
669608 
669610 
669613 
669614 
669615 
669616 
669617 
669618 
669619 
669620 
669624 
669628 
669632 
669636 
669640 
669644 
669651 
669654 
669657 
669660 
669663 
669666 
669669 
669674 
669675 
669676 
669677 
669678 
669679 
669680 
669681 
669684 
669687 
669690 
669693 
669696 
669699 
669704 
669706 
669708 
669710 
669712 
669714 
669716 
669719 
669723 
669727 
669731 
669735 
669739 
669743 
669750 
669753 
669756 
669759 
669762 
669765 
669768 
669773 
669775 
669777 
669779 
669781 
669783 
669785 
669788 
669790 
669792 
669794 
669796 
669798 
669800 
669803 
669804 
669805 
669806 
669807 
669808 
669809 
669810 
669813 
669816 
669819 
669822 
669825 
669828 
669833 
669834 
669835 
669836 
669837 
669838 
669839 
669840 
669844 
669848 
669852 
669856 
669860 
669864 
669871 
669874 
669877 
669880 
669883 
669886 
669889 
669894 
669896 
669898 
669900 
669902 
669904 
669906 
669909 
669913 
669917 
669921 
669925 
669929 
669933 
669940 
669943 
669946 
669949 
669952 
669955 
669958 
669963 
669964 
669965 
669966 
669967 
669968 
669969 
669970 
669973 
669976 
669979 
669982 
669985 
669988 
669993 
669994 
669995 
669996 
669997 
669998 
669999 
670000 
670003 
670006 
670009 
670012 
670015 
670018 
670023 
670025 
670027 
670029 
670031 
670033 
670035 
670038 
670040 
670042 
670044 
670046 
670048 
670050 
670053 
670055 
670057 
670059 
670061 
670063 
670065 
670068 
670070 
670072 
670074 
670076 
670078 
670080 
670083 
670086 
670089 
670092 
670095 
670098 
670101 
670106 
670109 
670112 
670115 
670118 
670121 
670124 
670129 
670133 
670137 
670141 
670145 
670149 
670153 
670160 
670161 
670162 
670163 
670164 
670165 
670166 
670167 
670171 
670175 
670179 
670183 
670187 
670191 
670198 
670200 
670202 
670204 
670206 
670208 
670210 
670213 
670215 
670217 
670219 
670221 
670223 
670225 
670228 
670231 
670234 
670237 
670240 
670243 
670246 
670251 
670254 
670257 
670260 
670263 
670266 
670269 
670274 
670277 
670280 
670283 
670286 
670289 
670292 
670297 
670299 
670301 
670303 
670305 
670307 
670309 
670312 
670314 
670316 
670318 
670320 
670322 
670324 
670327 
670329 
670331 
670333 
670335 
670337 
670339 
670342 
670343 
670344 
670345 
670346 
670347 
670348 
670349 
670352 
670355 
670358 
670361 
670364 
670367 
670372 
670375 
670378 
670381 
670384 
670387 
670390 
670395 
670400 
670405 
670410 
670415 
670420 
670425 
670434 
670437 
670440 
670443 
670446 
670449 
670452 
670457 
670458 
670459 
670460 
670461 
670462 
670463 
670464 
670465 
670466 
670467 
670468 
670469 
670470 
670471 
670475 
670479 
670483 
670487 
670491 
670495 
670502 
670504 
670506 
670508 
670510 
670512 
670514 
670517 
670521 
670525 
670529 
670533 
670537 
670541 
670548 
670552 
670556 
670560 
670564 
670568 
670572 
670579 
670582 
670585 
670588 
670591 
670594 
670597 
670602 
670605 
670608 
670611 
670614 
670617 
670620 
670625 
670626 
670627 
670628 
670629 
670630 
670631 
670632 
670634 
670636 
670638 
670640 
670642 
670644 
670647 
670648 
670649 
670650 
670651 
670652 
670653 
670654 
670657 
670660 
670663 
670666 
670669 
670672 
670677 
670680 
670683 
670686 
670689 
670692 
670695 
670700 
670701 
670702 
670703 
670704 
670705 
670706 
670707 
670708 
670709 
670710 
670711 
670712 
670713 
670714 
670716 
670718 
670720 
670722 
670724 
670726 
670729 
670730 
670731 
670732 
670733 
670734 
670735 
670736 
670739 
670742 
670745 
670748 
670751 
670754 
670759 
670760 
670761 
670762 
670763 
670764 
670765 
670766 
670769 
670772 
670775 
670778 
670781 
670784 
670789 
670791 
670793 
670795 
670797 
670799 
670801 
670804 
670805 
670806 
670807 
670808 
670809 
670810 
670811 
670812 
670813 
670814 
670815 
670816 
670817 
670818 
670824 
670830 
670836 
670842 
670848 
670854 
670865 
670869 
670873 
670877 
670881 
670885 
670889 
670896 
670898 
670900 
670902 
670904 
670906 
670908 
670911 
670914 
670917 
670920 
670923 
670926 
670929 
670934 
670936 
670938 
670940 
670942 
670944 
670946 
670949 
670951 
670953 
670955 
670957 
670959 
670961 
670964 
670966 
670968 
670970 
670972 
670974 
670976 
670979 
670981 
670983 
670985 
670987 
670989 
670991 
670994 
670997 
671000 
671003 
671006 
671009 
671012 
671017 
671018 
671019 
671020 
671021 
671022 
671023 
671024 
671025 
671026 
671027 
671028 
671029 
671030 
671031 
671035 
671039 
671043 
671047 
671051 
671055 
671062 
671064 
671066 
671068 
671070 
671072 
671074 
671077 
671078 
671079 
671080 
671081 
671082 
671083 
671084 
671085 
671086 
671087 
671088 
671089 
671090 
671091 
671092 
671093 
671094 
671095 
671096 
671097 
671098 
671101 
671104 
671107 
671110 
671113 
671116 
671121 
671122 
671123 
671124 
671125 
671126 
671127 
671128 
671130 
671132 
671134 
671136 
671138 
671140 
671143 
671146 
671149 
671152 
671155 
671158 
671161 
671166 
671168 
671170 
671172 
671174 
671176 
671178 
671181 
671183 
671185 
671187 
671189 
671191 
671193 
671196 
671199 
671202 
671205 
671208 
671211 
671214 
671219 
671223 
671227 
671231 
671235 
671239 
671243 
671250 
671253 
671256 
671259 
671262 
671265 
671268 
671273 
671274 
671275 
671276 
671277 
671278 
671279 
671280 
671282 
671284 
671286 
671288 
671290 
671292 
671295 
671298 
671301 
671304 
671307 
671310 
671313 
671318 
671321 
671324 
671327 
671330 
671333 
671336 
671341 
671344 
671347 
671350 
671353 
671356 
671359 
671364 
671365 
671366 
671367 
671368 
671369 
671370 
671371 
671372 
671373 
671374 
671375 
671376 
671377 
671378 
671380 
671382 
671384 
671386 
671388 
671390 
671393 
671396 
671399 
671402 
671405 
671408 
671411 
671416 
671419 
671422 
671425 
671428 
671431 
671434 
671439 
671441 
671443 
671445 
671447 
671449 
671451 
671454 
671455 
671456 
671457 
671458 
671459 
671460 
671461 
671462 
671463 
671464 
671465 
671466 
671467 
671468 
671472 
671476 
671480 
671484 
671488 
671492 
671499 
671502 
671505 
671508 
671511 
671514 
671517 
671522 
671526 
671530 
671534 
671538 
671542 
671546 
671553 
671555 
671557 
671559 
671561 
671563 
671565 
671568 
671571 
671574 
671577 
671580 
671583 
671586 
671591 
671593 
671595 
671597 
671599 
671601 
671603 
671606 
671607 
671608 
671609 
671610 
671611 
671612 
671613 
671616 
671619 
671622 
671625 
671628 
671631 
671636 
671637 
671638 
671639 
671640 
671641 
671642 
671643 
671645 
671647 
671649 
671651 
671653 
671655 
671658 
671661 
671664 
671667 
671670 
671673 
671676 
671681 
671682 
671683 
671684 
671685 
671686 
671687 
671688 
671691 
671694 
671697 
671700 
671703 
671706 
671711 
671712 
671713 
671714 
671715 
671716 
671717 
671718 
671720 
671722 
671724 
671726 
671728 
671730 
671733 
671735 
671737 
671739 
671741 
671743 
671745 
671748 
671750 
671752 
671754 
671756 
671758 
671760 
671763 
671765 
671767 
671769 
671771 
671773 
671775 
671778 
671783 
671788 
671793 
671798 
671803 
671808 
671817 
671819 
671821 
671823 
671825 
671827 
671829 
671832 
671836 
671840 
671844 
671848 
671852 
671856 
671863 
671867 
671871 
671875 
671879 
671883 
671887 
671894 
671896 
671898 
671900 
671902 
671904 
671906 
671909 
671913 
671917 
671921 
671925 
671929 
671933 
671940 
671942 
671944 
671946 
671948 
671950 
671952 
671955 
671959 
671963 
671967 
671971 
671975 
671979 
671986 
671988 
671990 
671992 
671994 
671996 
671998 
672001 
672003 
672005 
672007 
672009 
672011 
672013 
672016 
672018 
672020 
672022 
672024 
672026 
672028 
672031 
672032 
672033 
672034 
672035 
672036 
672037 
672038 
672040 
672042 
672044 
672046 
672048 
672050 
672053 
672057 
672061 
672065 
672069 
672073 
672077 
672084 
672086 
672088 
672090 
672092 
672094 
672096 
672099 
672101 
672103 
672105 
672107 
672109 
672111 
672114 
672115 
672116 
672117 
672118 
672119 
672120 
672121 
672125 
672129 
672133 
672137 
672141 
672145 
672152 
672155 
672158 
672161 
672164 
672167 
672170 
672175 
672176 
672177 
672178 
672179 
672180 
672181 
672182 
672183 
672184 
672185 
672186 
672187 
672188 
672189 
672191 
672193 
672195 
672197 
672199 
672201 
672204 
672206 
672208 
672210 
672212 
672214 
672216 
672219 
672220 
672221 
672222 
672223 
672224 
672225 
672226 
672229 
672232 
672235 
672238 
672241 
672244 
672249 
672252 
672255 
672258 
672261 
672264 
672267 
672272 
672277 
672282 
672287 
672292 
672297 
672302 
672311 
672314 
672317 
672320 
672323 
672326 
672329 
672334 
672335 
672336 
672337 
672338 
672339 
672340 
672341 
672345 
672349 
672353 
672357 
672361 
672365 
672372 
672375 
672378 
672381 
672384 
672387 
672390 
672395 
672398 
672401 
672404 
672407 
672410 
672413 
672418 
672422 
672426 
672430 
672434 
672438 
672442 
672449 
672450 
672451 
672452 
672453 
672454 
672455 
672456 
672458 
672460 
672462 
672464 
672466 
672468 
672471 
672475 
672479 
672483 
672487 
672491 
672495 
672502 
672505 
672508 
672511 
672514 
672517 
672520 
672525 
672528 
672531 
672534 
672537 
672540 
672543 
672548 
672551 
672554 
672557 
672560 
672563 
672566 
672571 
672572 
672573 
672574 
672575 
672576 
672577 
672578 
672579 
672580 
672581 
672582 
672583 
672584 
672585 
672587 
672589 
672591 
672593 
672595 
672597 
672600 
672602 
672604 
672606 
672608 
672610 
672612 
672615 
672618 
672621 
672624 
672627 
672630 
672633 
672638 
672641 
672644 
672647 
672650 
672653 
672656 
672661 
672664 
672667 
672670 
672673 
672676 
672679 
672684 
672686 
672688 
672690 
672692 
672694 
672696 
672699 
672701 
672703 
672705 
672707 
672709 
672711 
672714 
672716 
672718 
672720 
672722 
672724 
672726 
672729 
672731 
672733 
672735 
672737 
672739 
672741 
672744 
672747 
672750 
672753 
672756 
672759 
672762 
672767 
672771 
672775 
672779 
672783 
672787 
672791 
672798 
672803 
672808 
672813 
672818 
672823 
672828 
672837 
672841 
672845 
672849 
672853 
672857 
672861 
672868 
672869 
672870 
672871 
672872 
672873 
672874 
672875 
672879 
672883 
672887 
672891 
672895 
672899 
672906 
672909 
672912 
672915 
672918 
672921 
672924 
672929 
672932 
672935 
672938 
672941 
672944 
672947 
672952 
672954 
672956 
672958 
672960 
672962 
672964 
672967 
672968 
672969 
672970 
672971 
672972 
672973 
672974 
672975 
672976 
672977 
672978 
672979 
672980 
672981 
672983 
672985 
672987 
672989 
672991 
672993 
672996 
673000 
673004 
673008 
673012 
673016 
673020 
673027 
673030 
673033 
673036 
673039 
673042 
673045 
673050 
673053 
673056 
673059 
673062 
673065 
673068 
673073 
673076 
673079 
673082 
673085 
673088 
673091 
673096 
673097 
673098 
673099 
673100 
673101 
673102 
673103 
673104 
673105 
673106 
673107 
673108 
673109 
673110 
673111 
673112 
673113 
673114 
673115 
673116 
673117 
673121 
673125 
673129 
673133 
673137 
673141 
673148 
673150 
673152 
673154 
673156 
673158 
673160 
673163 
673167 
673171 
673175 
673179 
673183 
673187 
673194 
673197 
673200 
673203 
673206 
673209 
673212 
673217 
673219 
673221 
673223 
673225 
673227 
673229 
673232 
673234 
673236 
673238 
673240 
673242 
673244 
673247 
673248 
673249 
673250 
673251 
673252 
673253 
673254 
673256 
673258 
673260 
673262 
673264 
673266 
673269 
673272 
673275 
673278 
673281 
673284 
673287 
673292 
673296 
673300 
673304 
673308 
673312 
673316 
673323 
673325 
673327 
673329 
673331 
673333 
673335 
673338 
673341 
673344 
673347 
673350 
673353 
673356 
673361 
673364 
673367 
673370 
673373 
673376 
673379 
673384 
673388 
673392 
673396 
673400 
673404 
673408 
673415 
673417 
673419 
673421 
673423 
673425 
673427 
673430 
673433 
673436 
673439 
673442 
673445 
673448 
673453 
673455 
673457 
673459 
673461 
673463 
673465 
673468 
673472 
673476 
673480 
673484 
673488 
673492 
673499 
673502 
673505 
673508 
673511 
673514 
673517 
673522 
673525 
673528 
673531 
673534 
673537 
673540 
673545 
673548 
673551 
673554 
673557 
673560 
673563 
673568 
673570 
673572 
673574 
673576 
673578 
673580 
673583 
673586 
673589 
673592 
673595 
673598 
673601 
673606 
673608 
673610 
673612 
673614 
673616 
673618 
673621 
673623 
673625 
673627 
673629 
673631 
673633 
673636 
673637 
673638 
673639 
673640 
673641 
673642 
673643 
673645 
673647 
673649 
673651 
673653 
673655 
673658 
673661 
673664 
673667 
673670 
673673 
673676 
673681 
673685 
673689 
673693 
673697 
673701 
673705 
673712 
673715 
673718 
673721 
673724 
673727 
673730 
673735 
673737 
673739 
673741 
673743 
673745 
673747 
673750 
673754 
673758 
673762 
673766 
673770 
673774 
673781 
673784 
673787 
673790 
673793 
673796 
673799 
673804 
673807 
673810 
673813 
673816 
673819 
673822 
673827 
673830 
673833 
673836 
673839 
673842 
673845 
673850 
673852 
673854 
673856 
673858 
673860 
673862 
673865 
673867 
673869 
673871 
673873 
673875 
673877 
673880 
673882 
673884 
673886 
673888 
673890 
673892 
673895 
673899 
673903 
673907 
673911 
673915 
673919 
673926 
673929 
673932 
673935 
673938 
673941 
673944 
673949 
673952 
673955 
673958 
673961 
673964 
673967 
673972 
673973 
673974 
673975 
673976 
673977 
673978 
673979 
673980 
673981 
673982 
673983 
673984 
673985 
673986 
673988 
673990 
673992 
673994 
673996 
673998 
674001 
674004 
674007 
674010 
674013 
674016 
674019 
674024 
674027 
674030 
674033 
674036 
674039 
674042 
674047 
674050 
674053 
674056 
674059 
674062 
674065 
674070 
674073 
674076 
674079 
674082 
674085 
674088 
674093 
674094 
674095 
674096 
674097 
674098 
674099 
674100 
674102 
674104 
674106 
674108 
674110 
674112 
674115 
674116 
674117 
674118 
674119 
674120 
674121 
674122 
674125 
674128 
674131 
674134 
674137 
674140 
674145 
674148 
674151 
674154 
674157 
674160 
674163 
674168 
674172 
674176 
674180 
674184 
674188 
674192 
674199 
674202 
674205 
674208 
674211 
674214 
674217 
674222 
674225 
674228 
674231 
674234 
674237 
674240 
674245 
674247 
674249 
674251 
674253 
674255 
674257 
674260 
674264 
674268 
674272 
674276 
674280 
674284 
674291 
674293 
674295 
674297 
674299 
674301 
674303 
674306 
674310 
674314 
674318 
674322 
674326 
674330 
674337 
674338 
674339 
674340 
674341 
674342 
674343 
674344 
674347 
674350 
674353 
674356 
674359 
674362 
674367 
674369 
674371 
674373 
674375 
674377 
674379 
674382 
674384 
674386 
674388 
674390 
674392 
674394 
674397 
674400 
674403 
674406 
674409 
674412 
674415 
674420 
674421 
674422 
674423 
674424 
674425 
674426 
674427 
674429 
674431 
674433 
674435 
674437 
674439 
674442 
674445 
674448 
674451 
674454 
674457 
674460 
674465 
674466 
674467 
674468 
674469 
674470 
674471 
674472 
674474 
674476 
674478 
674480 
674482 
674484 
674487 
674488 
674489 
674490 
674491 
674492 
674493 
674494 
674497 
674500 
674503 
674506 
674509 
674512 
674517 
674521 
674525 
674529 
674533 
674537 
674541 
674548 
674549 
674550 
674551 
674552 
674553 
674554 
674555 
674557 
674559 
674561 
674563 
674565 
674567 
674570 
674571 
674572 
674573 
674574 
674575 
674576 
674577 
674579 
674581 
674583 
674585 
674587 
674589 
674592 
674593 
674594 
674595 
674596 
674597 
674598 
674599 
674601 
674603 
674605 
674607 
674609 
674611 
674614 
674618 
674622 
674626 
674630 
674634 
674638 
674645 
674649 
674653 
674657 
674661 
674665 
674669 
674676 
674678 
674680 
674682 
674684 
674686 
674688 
674691 
674693 
674695 
674697 
674699 
674701 
674703 
674706 
674708 
674710 
674712 
674714 
674716 
674718 
674721 
674724 
674727 
674730 
674733 
674736 
674739 
674744 
674747 
674750 
674753 
674756 
674759 
674762 
674767 
674772 
674777 
674782 
674787 
674792 
674797 
674806 
674808 
674810 
674812 
674814 
674816 
674818 
674821 
674823 
674825 
674827 
674829 
674831 
674833 
674836 
674838 
674840 
674842 
674844 
674846 
674848 
674851 
674853 
674855 
674857 
674859 
674861 
674863 
674866 
674867 
674868 
674869 
674870 
674871 
674872 
674873 
674874 
674875 
674876 
674877 
674878 
674879 
674880 
674883 
674886 
674889 
674892 
674895 
674898 
674903 
674907 
674911 
674915 
674919 
674923 
674927 
674934 
674935 
674936 
674937 
674938 
674939 
674940 
674941 
674943 
674945 
674947 
674949 
674951 
674953 
674956 
674958 
674960 
674962 
674964 
674966 
674968 
674971 
674974 
674977 
674980 
674983 
674986 
674989 
674994 
674995 
674996 
674997 
674998 
674999 
675000 
675001 
675003 
675005 
675007 
675009 
675011 
675013 
675016 
675018 
675020 
675022 
675024 
675026 
675028 
675031 
675033 
675035 
675037 
675039 
675041 
675043 
675046 
675048 
675050 
675052 
675054 
675056 
675058 
675061 
675063 
675065 
675067 
675069 
675071 
675073 
675076 
675077 
675078 
675079 
675080 
675081 
675082 
675083 
675085 
675087 
675089 
675091 
675093 
675095 
675098 
675099 
675100 
675101 
675102 
675103 
675104 
675105 
675107 
675109 
675111 
675113 
675115 
675117 
675120 
675124 
675128 
675132 
675136 
675140 
675144 
675151 
675154 
675157 
675160 
675163 
675166 
675169 
675174 
675180 
675186 
675192 
675198 
675204 
675210 
675221 
675225 
675229 
675233 
675237 
675241 
675245 
675252 
675256 
675260 
675264 
675268 
675272 
675276 
675283 
675287 
675291 
675295 
675299 
675303 
675307 
675314 
675316 
675318 
675320 
675322 
675324 
675326 
675329 
675330 
675331 
675332 
675333 
675334 
675335 
675336 
675337 
675338 
675339 
675340 
675341 
675342 
675343 
675345 
675347 
675349 
675351 
675353 
675355 
675358 
675360 
675362 
675364 
675366 
675368 
675370 
675373 
675375 
675377 
675379 
675381 
675383 
675385 
675388 
675391 
675394 
675397 
675400 
675403 
675406 
675411 
675414 
675417 
675420 
675423 
675426 
675429 
675434 
675436 
675438 
675440 
675442 
675444 
675446 
675449 
675451 
675453 
675455 
675457 
675459 
675461 
675464 
675466 
675468 
675470 
675472 
675474 
675476 
675479 
675480 
675481 
675482 
675483 
675484 
675485 
675486 
675488 
675490 
675492 
675494 
675496 
675498 
675501 
675503 
675505 
675507 
675509 
675511 
675513 
675516 
675517 
675518 
675519 
675520 
675521 
675522 
675523 
675525 
675527 
675529 
675531 
675533 
675535 
675538 
675540 
675542 
675544 
675546 
675548 
675550 
675553 
675554 
675555 
675556 
675557 
675558 
675559 
675560 
675563 
675566 
675569 
675572 
675575 
675578 
675583 
675585 
675587 
675589 
675591 
675593 
675595 
675598 
675602 
675606 
675610 
675614 
675618 
675622 
675629 
675631 
675633 
675635 
675637 
675639 
675641 
675644 
675646 
675648 
675650 
675652 
675654 
675656 
675659 
675662 
675665 
675668 
675671 
675674 
675677 
675682 
675683 
675684 
675685 
675686 
675687 
675688 
675689 
675691 
675693 
675695 
675697 
675699 
675701 
675704 
675705 
675706 
675707 
675708 
675709 
675710 
675711 
675712 
675713 
675714 
675715 
675716 
675717 
675718 
675720 
675722 
675724 
675726 
675728 
675730 
675733 
675735 
675737 
675739 
675741 
675743 
675745 
675748 
675749 
675750 
675751 
675752 
675753 
675754 
675755 
675759 
675763 
675767 
675771 
675775 
675779 
675786 
675790 
675794 
675798 
675802 
675806 
675810 
675817 
675820 
675823 
675826 
675829 
675832 
675835 
675840 
675842 
675844 
675846 
675848 
675850 
675852 
675855 
675857 
675859 
675861 
675863 
675865 
675867 
675870 
675873 
675876 
675879 
675882 
675885 
675888 
675893 
675897 
675901 
675905 
675909 
675913 
675917 
675924 
675928 
675932 
675936 
675940 
675944 
675948 
675955 
675957 
675959 
675961 
675963 
675965 
675967 
675970 
675972 
675974 
675976 
675978 
675980 
675982 
675985 
675987 
675989 
675991 
675993 
675995 
675997 
676000 
676001 
676002 
676003 
676004 
676005 
676006 
676007 
676010 
676013 
676016 
676019 
676022 
676025 
676030 
676032 
676034 
676036 
676038 
676040 
676042 
676045 
676047 
676049 
676051 
676053 
676055 
676057 
676060 
676061 
676062 
676063 
676064 
676065 
676066 
676067 
676070 
676073 
676076 
676079 
676082 
676085 
676090 
676092 
676094 
676096 
676098 
676100 
676102 
676105 
676107 
676109 
676111 
676113 
676115 
676117 
676120 
676121 
676122 
676123 
676124 
676125 
676126 
676127 
676129 
676131 
676133 
676135 
676137 
676139 
676142 
676143 
676144 
676145 
676146 
676147 
676148 
676149 
676154 
676159 
676164 
676169 
676174 
676179 
676188 
676191 
676194 
676197 
676200 
676203 
676206 
676211 
676213 
676215 
676217 
676219 
676221 
676223 
676226 
676229 
676232 
676235 
676238 
676241 
676244 
676249 
676250 
676251 
676252 
676253 
676254 
676255 
676256 
676260 
676264 
676268 
676272 
676276 
676280 
676287 
676288 
676289 
676290 
676291 
676292 
676293 
676294 
676297 
676300 
676303 
676306 
676309 
676312 
676317 
676320 
676323 
676326 
676329 
676332 
676335 
676340 
676341 
676342 
676343 
676344 
676345 
676346 
676347 
676350 
676353 
676356 
676359 
676362 
676365 
676370 
676372 
676374 
676376 
676378 
676380 
676382 
676385 
676387 
676389 
676391 
676393 
676395 
676397 
676400 
676404 
676408 
676412 
676416 
676420 
676424 
676431 
676435 
676439 
676443 
676447 
676451 
676455 
676462 
676463 
676464 
676465 
676466 
676467 
676468 
676469 
676470 
676471 
676472 
676473 
676474 
676475 
676476 
676479 
676482 
676485 
676488 
676491 
676494 
676499 
676500 
676501 
676502 
676503 
676504 
676505 
676506 
676510 
676514 
676518 
676522 
676526 
676530 
676537 
676538 
676539 
676540 
676541 
676542 
676543 
676544 
676546 
676548 
676550 
676552 
676554 
676556 
676559 
676561 
676563 
676565 
676567 
676569 
676571 
676574 
676575 
676576 
676577 
676578 
676579 
676580 
676581 
676583 
676585 
676587 
676589 
676591 
676593 
676596 
676597 
676598 
676599 
676600 
676601 
676602 
676603 
676605 
676607 
676609 
676611 
676613 
676615 
676618 
676621 
676624 
676627 
676630 
676633 
676636 
676641 
676642 
676643 
676644 
676645 
676646 
676647 
676648 
676650 
676652 
676654 
676656 
676658 
676660 
676663 
676664 
676665 
676666 
676667 
676668 
676669 
676670 
676671 
676672 
676673 
676674 
676675 
676676 
676677 
676680 
676683 
676686 
676689 
676692 
676695 
676700 
676702 
676704 
676706 
676708 
676710 
676712 
676715 
676719 
676723 
676727 
676731 
676735 
676739 
676746 
676749 
676752 
676755 
676758 
676761 
676764 
676769 
676772 
676775 
676778 
676781 
676784 
676787 
676792 
676796 
676800 
676804 
676808 
676812 
676816 
676823 
676824 
676825 
676826 
676827 
676828 
676829 
676830 
676833 
676836 
676839 
676842 
676845 
676848 
676853 
676855 
676857 
676859 
676861 
676863 
676865 
676868 
676871 
676874 
676877 
676880 
676883 
676886 
676891 
676892 
676893 
676894 
676895 
676896 
676897 
676898 
676900 
676902 
676904 
676906 
676908 
676910 
676913 
676916 
676919 
676922 
676925 
676928 
676931 
676936 
676938 
676940 
676942 
676944 
676946 
676948 
676951 
676955 
676959 
676963 
676967 
676971 
676975 
676982 
676985 
676988 
676991 
676994 
676997 
677000 
677005 
677006 
677007 
677008 
677009 
677010 
677011 
677012 
677014 
677016 
677018 
677020 
677022 
677024 
677027 
677028 
677029 
677030 
677031 
677032 
677033 
677034 
677035 
677036 
677037 
677038 
677039 
677040 
677041 
677045 
677049 
677053 
677057 
677061 
677065 
677072 
677075 
677078 
677081 
677084 
677087 
677090 
677095 
677097 
677099 
677101 
677103 
677105 
677107 
677110 
677113 
677116 
677119 
677122 
677125 
677128 
677133 
677134 
677135 
677136 
677137 
677138 
677139 
677140 
677143 
677146 
677149 
677152 
677155 
677158 
677163 
677165 
677167 
677169 
677171 
677173 
677175 
677178 
677180 
677182 
677184 
677186 
677188 
677190 
677193 
677195 
677197 
677199 
677201 
677203 
677205 
677208 
677210 
677212 
677214 
677216 
677218 
677220 
677223 
677226 
677229 
677232 
677235 
677238 
677241 
677246 
677248 
677250 
677252 
677254 
677256 
677258 
677261 
677262 
677263 
677264 
677265 
677266 
677267 
677268 
677270 
677272 
677274 
677276 
677278 
677280 
677283 
677284 
677285 
677286 
677287 
677288 
677289 
677290 
677293 
677296 
677299 
677302 
677305 
677308 
677313 
677316 
677319 
677322 
677325 
677328 
677331 
677336 
677338 
677340 
677342 
677344 
677346 
677348 
677351 
677353 
677355 
677357 
677359 
677361 
677363 
677366 
677369 
677372 
677375 
677378 
677381 
677384 
677389 
677391 
677393 
677395 
677397 
677399 
677401 
677404 
677406 
677408 
677410 
677412 
677414 
677416 
677419 
677420 
677421 
677422 
677423 
677424 
677425 
677426 
677430 
677434 
677438 
677442 
677446 
677450 
677457 
677460 
677463 
677466 
677469 
677472 
677475 
677480 
677482 
677484 
677486 
677488 
677490 
677492 
677495 
677498 
677501 
677504 
677507 
677510 
677513 
677518 
677523 
677528 
677533 
677538 
677543 
677548 
677557 
677559 
677561 
677563 
677565 
677567 
677569 
677572 
677574 
677576 
677578 
677580 
677582 
677584 
677587 
677591 
677595 
677599 
677603 
677607 
677611 
677618 
677619 
677620 
677621 
677622 
677623 
677624 
677625 
677628 
677631 
677634 
677637 
677640 
677643 
677648 
677650 
677652 
677654 
677656 
677658 
677660 
677663 
677665 
677667 
677669 
677671 
677673 
677675 
677678 
677681 
677684 
677687 
677690 
677693 
677696 
677701 
677702 
677703 
677704 
677705 
677706 
677707 
677708 
677710 
677712 
677714 
677716 
677718 
677720 
677723 
677726 
677729 
677732 
677735 
677738 
677741 
677746 
677747 
677748 
677749 
677750 
677751 
677752 
677753 
677755 
677757 
677759 
677761 
677763 
677765 
677768 
677771 
677774 
677777 
677780 
677783 
677786 
677791 
677795 
677799 
677803 
677807 
677811 
677815 
677822 
677823 
677824 
677825 
677826 
677827 
677828 
677829 
677831 
677833 
677835 
677837 
677839 
677841 
677844 
677846 
677848 
677850 
677852 
677854 
677856 
677859 
677860 
677861 
677862 
677863 
677864 
677865 
677866 
677868 
677870 
677872 
677874 
677876 
677878 
677881 
677882 
677883 
677884 
677885 
677886 
677887 
677888 
677890 
677892 
677894 
677896 
677898 
677900 
677903 
677907 
677911 
677915 
677919 
677923 
677927 
677934 
677937 
677940 
677943 
677946 
677949 
677952 
677957 
677960 
677963 
677966 
677969 
677972 
677975 
677980 
677982 
677984 
677986 
677988 
677990 
677992 
677995 
677998 
678001 
678004 
678007 
678010 
678013 
678018 
678021 
678024 
678027 
678030 
678033 
678036 
678041 
678045 
678049 
678053 
678057 
678061 
678065 
678072 
678074 
678076 
678078 
678080 
678082 
678084 
678087 
678089 
678091 
678093 
678095 
678097 
678099 
678102 
678106 
678110 
678114 
678118 
678122 
678126 
678133 
678135 
678137 
678139 
678141 
678143 
678145 
678148 
678150 
678152 
678154 
678156 
678158 
678160 
678163 
678164 
678165 
678166 
678167 
678168 
678169 
678170 
678171 
678172 
678173 
678174 
678175 
678176 
678177 
678180 
678183 
678186 
678189 
678192 
678195 
678200 
678204 
678208 
678212 
678216 
678220 
678224 
678231 
678232 
678233 
678234 
678235 
678236 
678237 
678238 
678240 
678242 
678244 
678246 
678248 
678250 
678253 
678255 
678257 
678259 
678261 
678263 
678265 
678268 
678270 
678272 
678274 
678276 
678278 
678280 
678283 
678284 
678285 
678286 
678287 
678288 
678289 
678290 
678292 
678294 
678296 
678298 
678300 
678302 
678305 
678308 
678311 
678314 
678317 
678320 
678323 
678328 
678330 
678332 
678334 
678336 
678338 
678340 
678343 
678347 
678351 
678355 
678359 
678363 
678367 
678374 
678376 
678378 
678380 
678382 
678384 
678386 
678389 
678391 
678393 
678395 
678397 
678399 
678401 
678404 
678407 
678410 
678413 
678416 
678419 
678422 
678427 
678428 
678429 
678430 
678431 
678432 
678433 
678434 
678436 
678438 
678440 
678442 
678444 
678446 
678449 
678450 
678451 
678452 
678453 
678454 
678455 
678456 
678459 
678462 
678465 
678468 
678471 
678474 
678479 
678480 
678481 
678482 
678483 
678484 
678485 
678486 
678488 
678490 
678492 
678494 
678496 
678498 
678501 
678502 
678503 
678504 
678505 
678506 
678507 
678508 
678511 
678514 
678517 
678520 
678523 
678526 
678531 
678533 
678535 
678537 
678539 
678541 
678543 
678546 
678549 
678552 
678555 
678558 
678561 
678564 
678569 
678572 
678575 
678578 
678581 
678584 
678587 
678592 
678594 
678596 
678598 
678600 
678602 
678604 
678607 
678610 
678613 
678616 
678619 
678622 
678625 
678630 
678631 
678632 
678633 
678634 
678635 
678636 
678637 
678638 
678639 
678640 
678641 
678642 
678643 
678644 
678648 
678652 
678656 
678660 
678664 
678668 
678675 
678679 
678683 
678687 
678691 
678695 
678699 
678706 
678710 
678714 
678718 
678722 
678726 
678730 
678737 
678739 
678741 
678743 
678745 
678747 
678749 
678752 
678753 
678754 
678755 
678756 
678757 
678758 
678759 
678761 
678763 
678765 
678767 
678769 
678771 
678774 
678776 
678778 
678780 
678782 
678784 
678786 
678789 
678791 
678793 
678795 
678797 
678799 
678801 
678804 
678806 
678808 
678810 
678812 
678814 
678816 
678819 
678821 
678823 
678825 
678827 
678829 
678831 
678834 
678836 
678838 
678840 
678842 
678844 
678846 
678849 
678854 
678859 
678864 
678869 
678874 
678879 
678888 
678891 
678894 
678897 
678900 
678903 
678906 
678911 
678913 
678915 
678917 
678919 
678921 
678923 
678926 
678928 
678930 
678932 
678934 
678936 
678938 
678941 
678942 
678943 
678944 
678945 
678946 
678947 
678948 
678949 
678950 
678951 
678952 
678953 
678954 
678955 
678957 
678959 
678961 
678963 
678965 
678967 
678970 
678973 
678976 
678979 
678982 
678985 
678988 
678993 
678995 
678997 
678999 
679001 
679003 
679005 
679008 
679010 
679012 
679014 
679016 
679018 
679020 
679023 
679024 
679025 
679026 
679027 
679028 
679029 
679030 
679032 
679034 
679036 
679038 
679040 
679042 
679045 
679048 
679051 
679054 
679057 
679060 
679063 
679068 
679070 
679072 
679074 
679076 
679078 
679080 
679083 
679086 
679089 
679092 
679095 
679098 
679101 
679106 
679108 
679110 
679112 
679114 
679116 
679118 
679121 
679124 
679127 
679130 
679133 
679136 
679139 
679144 
679146 
679148 
679150 
679152 
679154 
679156 
679159 
679162 
679165 
679168 
679171 
679174 
679177 
679182 
679185 
679188 
679191 
679194 
679197 
679200 
679205 
679209 
679213 
679217 
679221 
679225 
679229 
679236 
679237 
679238 
679239 
679240 
679241 
679242 
679243 
679247 
679251 
679255 
679259 
679263 
679267 
679274 
679277 
679280 
679283 
679286 
679289 
679292 
679297 
679301 
679305 
679309 
679313 
679317 
679321 
679328 
679331 
679334 
679337 
679340 
679343 
679346 
679351 
679352 
679353 
679354 
679355 
679356 
679357 
679358 
679359 
679360 
679361 
679362 
679363 
679364 
679365 
679367 
679369 
679371 
679373 
679375 
679377 
679380 
679382 
679384 
679386 
679388 
679390 
679392 
679395 
679396 
679397 
679398 
679399 
679400 
679401 
679402 
679404 
679406 
679408 
679410 
679412 
679414 
679417 
679419 
679421 
679423 
679425 
679427 
679429 
679432 
679434 
679436 
679438 
679440 
679442 
679444 
679447 
679449 
679451 
679453 
679455 
679457 
679459 
679462 
679465 
679468 
679471 
679474 
679477 
679480 
679485 
679487 
679489 
679491 
679493 
679495 
679497 
679500 
679502 
679504 
679506 
679508 
679510 
679512 
679515 
679516 
679517 
679518 
679519 
679520 
679521 
679522 
679523 
679524 
679525 
679526 
679527 
679528 
679529 
679533 
679537 
679541 
679545 
679549 
679553 
679560 
679562 
679564 
679566 
679568 
679570 
679572 
679575 
679576 
679577 
679578 
679579 
679580 
679581 
679582 
679583 
679584 
679585 
679586 
679587 
679588 
679589 
679590 
679591 
679592 
679593 
679594 
679595 
679596 
679597 
679598 
679599 
679600 
679601 
679602 
679603 
679604 
679605 
679606 
679607 
679608 
679609 
679610 
679611 
679612 
679613 
679614 
679615 
679616 
679617 
679619 
679621 
679623 
679625 
679627 
679629 
679632 
679636 
679640 
679644 
679648 
679652 
679656 
679663 
679665 
679667 
679669 
679671 
679673 
679675 
679678 
679681 
679684 
679687 
679690 
679693 
679696 
679701 
679702 
679703 
679704 
679705 
679706 
679707 
679708 
679709 
679710 
679711 
679712 
679713 
679714 
679715 
679719 
679723 
679727 
679731 
679735 
679739 
679746 
679749 
679752 
679755 
679758 
679761 
679764 
679769 
679771 
679773 
679775 
679777 
679779 
679781 
679784 
679786 
679788 
679790 
679792 
679794 
679796 
679799 
679801 
679803 
679805 
679807 
679809 
679811 
679814 
679817 
679820 
679823 
679826 
679829 
679832 
679837 
679838 
679839 
679840 
679841 
679842 
679843 
679844 
679845 
679846 
679847 
679848 
679849 
679850 
679851 
679854 
679857 
679860 
679863 
679866 
679869 
679874 
679875 
679876 
679877 
679878 
679879 
679880 
679881 
679883 
679885 
679887 
679889 
679891 
679893 
679896 
679900 
679904 
679908 
679912 
679916 
679920 
679927 
679929 
679931 
679933 
679935 
679937 
679939 
679942 
679944 
679946 
679948 
679950 
679952 
679954 
679957 
679959 
679961 
679963 
679965 
679967 
679969 
679972 
679974 
679976 
679978 
679980 
679982 
679984 
679987 
679988 
679989 
679990 
679991 
679992 
679993 
679994 
679997 
680000 
680003 
680006 
680009 
680012 
680017 
680020 
680023 
680026 
680029 
680032 
680035 
680040 
680042 
680044 
680046 
680048 
680050 
680052 
680055 
680056 
680057 
680058 
680059 
680060 
680061 
680062 
680063 
680064 
680065 
680066 
680067 
680068 
680069 
680070 
680071 
680072 
680073 
680074 
680075 
680076 
680078 
680080 
680082 
680084 
680086 
680088 
680091 
680092 
680093 
680094 
680095 
680096 
680097 
680098 
680100 
680102 
680104 
680106 
680108 
680110 
680113 
680116 
680119 
680122 
680125 
680128 
680131 
680136 
680139 
680142 
680145 
680148 
680151 
680154 
680159 
680162 
680165 
680168 
680171 
680174 
680177 
680182 
680184 
680186 
680188 
680190 
680192 
680194 
680197 
680199 
680201 
680203 
680205 
680207 
680209 
680212 
680213 
680214 
680215 
680216 
680217 
680218 
680219 
680222 
680225 
680228 
680231 
680234 
680237 
680242 
680245 
680248 
680251 
680254 
680257 
680260 
680265 
680267 
680269 
680271 
680273 
680275 
680277 
680280 
680284 
680288 
680292 
680296 
680300 
680304 
680311 
680313 
680315 
680317 
680319 
680321 
680323 
680326 
680329 
680332 
680335 
680338 
680341 
680344 
680349 
680352 
680355 
680358 
680361 
680364 
680367 
680372 
680374 
680376 
680378 
680380 
680382 
680384 
680387 
680389 
680391 
680393 
680395 
680397 
680399 
680402 
680405 
680408 
680411 
680414 
680417 
680420 
680425 
680428 
680431 
680434 
680437 
680440 
680443 
680448 
680452 
680456 
680460 
680464 
680468 
680472 
680479 
680480 
680481 
680482 
680483 
680484 
680485 
680486 
680487 
680488 
680489 
680490 
680491 
680492 
680493 
680495 
680497 
680499 
680501 
680503 
680505 
680508 
680512 
680516 
680520 
680524 
680528 
680532 
680539 
680541 
680543 
680545 
680547 
680549 
680551 
680554 
680556 
680558 
680560 
680562 
680564 
680566 
680569 
680570 
680571 
680572 
680573 
680574 
680575 
680576 
680578 
680580 
680582 
680584 
680586 
680588 
680591 
680595 
680599 
680603 
680607 
680611 
680615 
680622 
680625 
680628 
680631 
680634 
680637 
680640 
680645 
680647 
680649 
680651 
680653 
680655 
680657 
680660 
680662 
680664 
680666 
680668 
680670 
680672 
680675 
680678 
680681 
680684 
680687 
680690 
680693 
680698 
680701 
680704 
680707 
680710 
680713 
680716 
680721 
680722 
680723 
680724 
680725 
680726 
680727 
680728 
680730 
680732 
680734 
680736 
680738 
680740 
680743 
680745 
680747 
680749 
680751 
680753 
680755 
680758 
680760 
680762 
680764 
680766 
680768 
680770 
680773 
680775 
680777 
680779 
680781 
680783 
680785 
680788 
680789 
680790 
680791 
680792 
680793 
680794 
680795 
680796 
680797 
680798 
680799 
680800 
680801 
680802 
680806 
680810 
680814 
680818 
680822 
680826 
680833 
680835 
680837 
680839 
680841 
680843 
680845 
680848 
680852 
680856 
680860 
680864 
680868 
680872 
680879 
680882 
680885 
680888 
680891 
680894 
680897 
680902 
680905 
680908 
680911 
680914 
680917 
680920 
680925 
680928 
680931 
680934 
680937 
680940 
680943 
680948 
680949 
680950 
680951 
680952 
680953 
680954 
680955 
680959 
680963 
680967 
680971 
680975 
680979 
680986 
680989 
680992 
680995 
680998 
681001 
681004 
681009 
681010 
681011 
681012 
681013 
681014 
681015 
681016 
681017 
681018 
681019 
681020 
681021 
681022 
681023 
681026 
681029 
681032 
681035 
681038 
681041 
681046 
681050 
681054 
681058 
681062 
681066 
681070 
681077 
681080 
681083 
681086 
681089 
681092 
681095 
681100 
681101 
681102 
681103 
681104 
681105 
681106 
681107 
681108 
681109 
681110 
681111 
681112 
681113 
681114 
681117 
681120 
681123 
681126 
681129 
681132 
681137 
681140 
681143 
681146 
681149 
681152 
681155 
681160 
681165 
681170 
681175 
681180 
681185 
681190 
681199 
681201 
681203 
681205 
681207 
681209 
681211 
681214 
681216 
681218 
681220 
681222 
681224 
681226 
681229 
681232 
681235 
681238 
681241 
681244 
681247 
681252 
681253 
681254 
681255 
681256 
681257 
681258 
681259 
681261 
681263 
681265 
681267 
681269 
681271 
681274 
681275 
681276 
681277 
681278 
681279 
681280 
681281 
681283 
681285 
681287 
681289 
681291 
681293 
681296 
681301 
681306 
681311 
681316 
681321 
681326 
681335 
681337 
681339 
681341 
681343 
681345 
681347 
681350 
681352 
681354 
681356 
681358 
681360 
681362 
681365 
681368 
681371 
681374 
681377 
681380 
681383 
681388 
681389 
681390 
681391 
681392 
681393 
681394 
681395 
681396 
681397 
681398 
681399 
681400 
681401 
681402 
681405 
681408 
681411 
681414 
681417 
681420 
681425 
681428 
681431 
681434 
681437 
681440 
681443 
681448 
681450 
681452 
681454 
681456 
681458 
681460 
681463 
681465 
681467 
681469 
681471 
681473 
681475 
681478 
681480 
681482 
681484 
681486 
681488 
681490 
681493 
681496 
681499 
681502 
681505 
681508 
681511 
681516 
681519 
681522 
681525 
681528 
681531 
681534 
681539 
681540 
681541 
681542 
681543 
681544 
681545 
681546 
681548 
681550 
681552 
681554 
681556 
681558 
681561 
681563 
681565 
681567 
681569 
681571 
681573 
681576 
681579 
681582 
681585 
681588 
681591 
681594 
681599 
681602 
681605 
681608 
681611 
681614 
681617 
681622 
681624 
681626 
681628 
681630 
681632 
681634 
681637 
681639 
681641 
681643 
681645 
681647 
681649 
681652 
681653 
681654 
681655 
681656 
681657 
681658 
681659 
681662 
681665 
681668 
681671 
681674 
681677 
681682 
681683 
681684 
681685 
681686 
681687 
681688 
681689 
681692 
681695 
681698 
681701 
681704 
681707 
681712 
681715 
681718 
681721 
681724 
681727 
681730 
681735 
681737 
681739 
681741 
681743 
681745 
681747 
681750 
681752 
681754 
681756 
681758 
681760 
681762 
681765 
681766 
681767 
681768 
681769 
681770 
681771 
681772 
681774 
681776 
681778 
681780 
681782 
681784 
681787 
681790 
681793 
681796 
681799 
681802 
681805 
681810 
681811 
681812 
681813 
681814 
681815 
681816 
681817 
681819 
681821 
681823 
681825 
681827 
681829 
681832 
681835 
681838 
681841 
681844 
681847 
681850 
681855 
681857 
681859 
681861 
681863 
681865 
681867 
681870 
681874 
681878 
681882 
681886 
681890 
681894 
681901 
681904 
681907 
681910 
681913 
681916 
681919 
681924 
681925 
681926 
681927 
681928 
681929 
681930 
681931 
681933 
681935 
681937 
681939 
681941 
681943 
681946 
681948 
681950 
681952 
681954 
681956 
681958 
681961 
681962 
681963 
681964 
681965 
681966 
681967 
681968 
681969 
681970 
681971 
681972 
681973 
681974 
681975 
681977 
681979 
681981 
681983 
681985 
681987 
681990 
681993 
681996 
681999 
682002 
682005 
682008 
682013 
682014 
682015 
682016 
682017 
682018 
682019 
682020 
682022 
682024 
682026 
682028 
682030 
682032 
682035 
682037 
682039 
682041 
682043 
682045 
682047 
682050 
682051 
682052 
682053 
682054 
682055 
682056 
682057 
682059 
682061 
682063 
682065 
682067 
682069 
682072 
682074 
682076 
682078 
682080 
682082 
682084 
682087 
682089 
682091 
682093 
682095 
682097 
682099 
682102 
682103 
682104 
682105 
682106 
682107 
682108 
682109 
682111 
682113 
682115 
682117 
682119 
682121 
682124 
682125 
682126 
682127 
682128 
682129 
682130 
682131 
682134 
682137 
682140 
682143 
682146 
682149 
682154 
682157 
682160 
682163 
682166 
682169 
682172 
682177 
682179 
682181 
682183 
682185 
682187 
682189 
682192 
682194 
682196 
682198 
682200 
682202 
682204 
682207 
682210 
682213 
682216 
682219 
682222 
682225 
682230 
682232 
682234 
682236 
682238 
682240 
682242 
682245 
682247 
682249 
682251 
682253 
682255 
682257 
682260 
682261 
682262 
682263 
682264 
682265 
682266 
682267 
682271 
682275 
682279 
682283 
682287 
682291 
682298 
682301 
682304 
682307 
682310 
682313 
682316 
682321 
682325 
682329 
682333 
682337 
682341 
682345 
682352 
682355 
682358 
682361 
682364 
682367 
682370 
682375 
682376 
682377 
682378 
682379 
682380 
682381 
682382 
682383 
682384 
682385 
682386 
682387 
682388 
682389 
682391 
682393 
682395 
682397 
682399 
682401 
682404 
682407 
682410 
682413 
682416 
682419 
682422 
682427 
682429 
682431 
682433 
682435 
682437 
682439 
682442 
682444 
682446 
682448 
682450 
682452 
682454 
682457 
682458 
682459 
682460 
682461 
682462 
682463 
682464 
682466 
682468 
682470 
682472 
682474 
682476 
682479 
682481 
682483 
682485 
682487 
682489 
682491 
682494 
682495 
682496 
682497 
682498 
682499 
682500 
682501 
682503 
682505 
682507 
682509 
682511 
682513 
682516 
682517 
682518 
682519 
682520 
682521 
682522 
682523 
682526 
682529 
682532 
682535 
682538 
682541 
682546 
682551 
682556 
682561 
682566 
682571 
682576 
682585 
682587 
682589 
682591 
682593 
682595 
682597 
682600 
682602 
682604 
682606 
682608 
682610 
682612 
682615 
682616 
682617 
682618 
682619 
682620 
682621 
682622 
682625 
682628 
682631 
682634 
682637 
682640 
682645 
682646 
682647 
682648 
682649 
682650 
682651 
682652 
682657 
682662 
682667 
682672 
682677 
682682 
682691 
682693 
682695 
682697 
682699 
682701 
682703 
682706 
682709 
682712 
682715 
682718 
682721 
682724 
682729 
682731 
682733 
682735 
682737 
682739 
682741 
682744 
682746 
682748 
682750 
682752 
682754 
682756 
682759 
682762 
682765 
682768 
682771 
682774 
682777 
682782 
682785 
682788 
682791 
682794 
682797 
682800 
682805 
682809 
682813 
682817 
682821 
682825 
682829 
682836 
682839 
682842 
682845 
682848 
682851 
682854 
682859 
682860 
682861 
682862 
682863 
682864 
682865 
682866 
682867 
682868 
682869 
682870 
682871 
682872 
682873 
682875 
682877 
682879 
682881 
682883 
682885 
682888 
682890 
682892 
682894 
682896 
682898 
682900 
682903 
682906 
682909 
682912 
682915 
682918 
682921 
682926 
682930 
682934 
682938 
682942 
682946 
682950 
682957 
682960 
682963 
682966 
682969 
682972 
682975 
682980 
682984 
682988 
682992 
682996 
683000 
683004 
683011 
683014 
683017 
683020 
683023 
683026 
683029 
683034 
683037 
683040 
683043 
683046 
683049 
683052 
683057 
683058 
683059 
683060 
683061 
683062 
683063 
683064 
683066 
683068 
683070 
683072 
683074 
683076 
683079 
683082 
683085 
683088 
683091 
683094 
683097 
683102 
683105 
683108 
683111 
683114 
683117 
683120 
683125 
683127 
683129 
683131 
683133 
683135 
683137 
683140 
683142 
683144 
683146 
683148 
683150 
683152 
683155 
683156 
683157 
683158 
683159 
683160 
683161 
683162 
683164 
683166 
683168 
683170 
683172 
683174 
683177 
683180 
683183 
683186 
683189 
683192 
683195 
683200 
683203 
683206 
683209 
683212 
683215 
683218 
683223 
683226 
683229 
683232 
683235 
683238 
683241 
683246 
683247 
683248 
683249 
683250 
683251 
683252 
683253 
683254 
683255 
683256 
683257 
683258 
683259 
683260 
683263 
683266 
683269 
683272 
683275 
683278 
683283 
683289 
683295 
683301 
683307 
683313 
683319 
683330 
683336 
683342 
683348 
683354 
683360 
683366 
683377 
683380 
683383 
683386 
683389 
683392 
683395 
683400 
683401 
683402 
683403 
683404 
683405 
683406 
683407 
683409 
683411 
683413 
683415 
683417 
683419 
683422 
683426 
683430 
683434 
683438 
683442 
683446 
683453 
683454 
683455 
683456 
683457 
683458 
683459 
683460 
683462 
683464 
683466 
683468 
683470 
683472 
683475 
683476 
683477 
683478 
683479 
683480 
683481 
683482 
683484 
683486 
683488 
683490 
683492 
683494 
683497 
683500 
683503 
683506 
683509 
683512 
683515 
683520 
683521 
683522 
683523 
683524 
683525 
683526 
683527 
683532 
683537 
683542 
683547 
683552 
683557 
683566 
683569 
683572 
683575 
683578 
683581 
683584 
683589 
683590 
683591 
683592 
683593 
683594 
683595 
683596 
683599 
683602 
683605 
683608 
683611 
683614 
683619 
683623 
683627 
683631 
683635 
683639 
683643 
683650 
683652 
683654 
683656 
683658 
683660 
683662 
683665 
683666 
683667 
683668 
683669 
683670 
683671 
683672 
683675 
683678 
683681 
683684 
683687 
683690 
683695 
683697 
683699 
683701 
683703 
683705 
683707 
683710 
683715 
683720 
683725 
683730 
683735 
683740 
683749 
683751 
683753 
683755 
683757 
683759 
683761 
683764 
683767 
683770 
683773 
683776 
683779 
683782 
683787 
683789 
683791 
683793 
683795 
683797 
683799 
683802 
683804 
683806 
683808 
683810 
683812 
683814 
683817 
683819 
683821 
683823 
683825 
683827 
683829 
683832 
683836 
683840 
683844 
683848 
683852 
683856 
683863 
683865 
683867 
683869 
683871 
683873 
683875 
683878 
683881 
683884 
683887 
683890 
683893 
683896 
683901 
683902 
683903 
683904 
683905 
683906 
683907 
683908 
683911 
683914 
683917 
683920 
683923 
683926 
683931 
683933 
683935 
683937 
683939 
683941 
683943 
683946 
683948 
683950 
683952 
683954 
683956 
683958 
683961 
683962 
683963 
683964 
683965 
683966 
683967 
683968 
683971 
683974 
683977 
683980 
683983 
683986 
683991 
683992 
683993 
683994 
683995 
683996 
683997 
683998 
683999 
684000 
684001 
684002 
684003 
684004 
684005 
684006 
684007 
684008 
684009 
684010 
684011 
684012 
684015 
684018 
684021 
684024 
684027 
684030 
684035 
684036 
684037 
684038 
684039 
684040 
684041 
684042 
684044 
684046 
684048 
684050 
684052 
684054 
684057 
684058 
684059 
684060 
684061 
684062 
684063 
684064 
684065 
684066 
684067 
684068 
684069 
684070 
684071 
684075 
684079 
684083 
684087 
684091 
684095 
684102 
684103 
684104 
684105 
684106 
684107 
684108 
684109 
684111 
684113 
684115 
684117 
684119 
684121 
684124 
684126 
684128 
684130 
684132 
684134 
684136 
684139 
684142 
684145 
684148 
684151 
684154 
684157 
684162 
684165 
684168 
684171 
684174 
684177 
684180 
684185 
684190 
684195 
684200 
684205 
684210 
684215 
684224 
684227 
684230 
684233 
684236 
684239 
684242 
684247 
684249 
684251 
684253 
684255 
684257 
684259 
684262 
684264 
684266 
684268 
684270 
684272 
684274 
684277 
684279 
684281 
684283 
684285 
684287 
684289 
684292 
684295 
684298 
684301 
684304 
684307 
684310 
684315 
684317 
684319 
684321 
684323 
684325 
684327 
684330 
684332 
684334 
684336 
684338 
684340 
684342 
684345 
684346 
684347 
684348 
684349 
684350 
684351 
684352 
684353 
684354 
684355 
684356 
684357 
684358 
684359 
684361 
684363 
684365 
684367 
684369 
684371 
684374 
684377 
684380 
684383 
684386 
684389 
684392 
684397 
684401 
684405 
684409 
684413 
684417 
684421 
684428 
684430 
684432 
684434 
684436 
684438 
684440 
684443 
684445 
684447 
684449 
684451 
684453 
684455 
684458 
684459 
684460 
684461 
684462 
684463 
684464 
684465 
684466 
684467 
684468 
684469 
684470 
684471 
684472 
684475 
684478 
684481 
684484 
684487 
684490 
684495 
684497 
684499 
684501 
684503 
684505 
684507 
684510 
684513 
684516 
684519 
684522 
684525 
684528 
684533 
684534 
684535 
684536 
684537 
684538 
684539 
684540 
684542 
684544 
684546 
684548 
684550 
684552 
684555 
684559 
684563 
684567 
684571 
684575 
684579 
684586 
684587 
684588 
684589 
684590 
684591 
684592 
684593 
684595 
684597 
684599 
684601 
684603 
684605 
684608 
684611 
684614 
684617 
684620 
684623 
684626 
684631 
684632 
684633 
684634 
684635 
684636 
684637 
684638 
684639 
684640 
684641 
684642 
684643 
684644 
684645 
684648 
684651 
684654 
684657 
684660 
684663 
684668 
684671 
684674 
684677 
684680 
684683 
684686 
684691 
684693 
684695 
684697 
684699 
684701 
684703 
684706 
684708 
684710 
684712 
684714 
684716 
684718 
684721 
684723 
684725 
684727 
684729 
684731 
684733 
684736 
684738 
684740 
684742 
684744 
684746 
684748 
684751 
684752 
684753 
684754 
684755 
684756 
684757 
684758 
684761 
684764 
684767 
684770 
684773 
684776 
684781 
684784 
684787 
684790 
684793 
684796 
684799 
684804 
684806 
684808 
684810 
684812 
684814 
684816 
684819 
684821 
684823 
684825 
684827 
684829 
684831 
684834 
684836 
684838 
684840 
684842 
684844 
684846 
684849 
684852 
684855 
684858 
684861 
684864 
684867 
684872 
684876 
684880 
684884 
684888 
684892 
684896 
684903 
684905 
684907 
684909 
684911 
684913 
684915 
684918 
684921 
684924 
684927 
684930 
684933 
684936 
684941 
684943 
684945 
684947 
684949 
684951 
684953 
684956 
684958 
684960 
684962 
684964 
684966 
684968 
684971 
684973 
684975 
684977 
684979 
684981 
684983 
684986 
684987 
684988 
684989 
684990 
684991 
684992 
684993 
684996 
684999 
685002 
685005 
685008 
685011 
685016 
685018 
685020 
685022 
685024 
685026 
685028 
685031 
685032 
685033 
685034 
685035 
685036 
685037 
685038 
685041 
685044 
685047 
685050 
685053 
685056 
685061 
685062 
685063 
685064 
685065 
685066 
685067 
685068 
685069 
685070 
685071 
685072 
685073 
685074 
685075 
685076 
685077 
685078 
685079 
685080 
685081 
685082 
685084 
685086 
685088 
685090 
685092 
685094 
685097 
685098 
685099 
685100 
685101 
685102 
685103 
685104 
685105 
685106 
685107 
685108 
685109 
685110 
685111 
685112 
685113 
685114 
685115 
685116 
685117 
685118 
685119 
685120 
685121 
685122 
685123 
685124 
685125 
685126 
685127 
685128 
685129 
685130 
685131 
685132 
685135 
685138 
685141 
685144 
685147 
685150 
685155 
685157 
685159 
685161 
685163 
685165 
685167 
685170 
685172 
685174 
685176 
685178 
685180 
685182 
685185 
685188 
685191 
685194 
685197 
685200 
685203 
685208 
685211 
685214 
685217 
685220 
685223 
685226 
685231 
685233 
685235 
685237 
685239 
685241 
685243 
685246 
685247 
685248 
685249 
685250 
685251 
685252 
685253 
685255 
685257 
685259 
685261 
685263 
685265 
685268 
685269 
685270 
685271 
685272 
685273 
685274 
685275 
685278 
685281 
685284 
685287 
685290 
685293 
685298 
685300 
685302 
685304 
685306 
685308 
685310 
685313 
685314 
685315 
685316 
685317 
685318 
685319 
685320 
685321 
685322 
685323 
685324 
685325 
685326 
685327 
685330 
685333 
685336 
685339 
685342 
685345 
685350 
685353 
685356 
685359 
685362 
685365 
685368 
685373 
685375 
685377 
685379 
685381 
685383 
685385 
685388 
685390 
685392 
685394 
685396 
685398 
685400 
685403 
685404 
685405 
685406 
685407 
685408 
685409 
685410 
685412 
685414 
685416 
685418 
685420 
685422 
685425 
685426 
685427 
685428 
685429 
685430 
685431 
685432 
685434 
685436 
685438 
685440 
685442 
685444 
685447 
685450 
685453 
685456 
685459 
685462 
685465 
685470 
685473 
685476 
685479 
685482 
685485 
685488 
685493 
685494 
685495 
685496 
685497 
685498 
685499 
685500 
685502 
685504 
685506 
685508 
685510 
685512 
685515 
685517 
685519 
685521 
685523 
685525 
685527 
685530 
685531 
685532 
685533 
685534 
685535 
685536 
685537 
685539 
685541 
685543 
685545 
685547 
685549 
685552 
685553 
685554 
685555 
685556 
685557 
685558 
685559 
685562 
685565 
685568 
685571 
685574 
685577 
685582 
685584 
685586 
685588 
685590 
685592 
685594 
685597 
685598 
685599 
685600 
685601 
685602 
685603 
685604 
685606 
685608 
685610 
685612 
685614 
685616 
685619 
685621 
685623 
685625 
685627 
685629 
685631 
685634 
685636 
685638 
685640 
685642 
685644 
685646 
685649 
685650 
685651 
685652 
685653 
685654 
685655 
685656 
685658 
685660 
685662 
685664 
685666 
685668 
685671 
685672 
685673 
685674 
685675 
685676 
685677 
685678 
685679 
685680 
685681 
685682 
685683 
685684 
685685 
685687 
685689 
685691 
685693 
685695 
685697 
685700 
685702 
685704 
685706 
685708 
685710 
685712 
685715 
685716 
685717 
685718 
685719 
685720 
685721 
685722 
685726 
685730 
685734 
685738 
685742 
685746 
685753 
685756 
685759 
685762 
685765 
685768 
685771 
685776 
685778 
685780 
685782 
685784 
685786 
685788 
685791 
685794 
685797 
685800 
685803 
685806 
685809 
685814 
685817 
685820 
685823 
685826 
685829 
685832 
685837 
685838 
685839 
685840 
685841 
685842 
685843 
685844 
685847 
685850 
685853 
685856 
685859 
685862 
685867 
685869 
685871 
685873 
685875 
685877 
685879 
685882 
685884 
685886 
685888 
685890 
685892 
685894 
685897 
685898 
685899 
685900 
685901 
685902 
685903 
685904 
685907 
685910 
685913 
685916 
685919 
685922 
685927 
685930 
685933 
685936 
685939 
685942 
685945 
685950 
685952 
685954 
685956 
685958 
685960 
685962 
685965 
685967 
685969 
685971 
685973 
685975 
685977 
685980 
685983 
685986 
685989 
685992 
685995 
685998 
686003 
686006 
686009 
686012 
686015 
686018 
686021 
686026 
686028 
686030 
686032 
686034 
686036 
686038 
686041 
686044 
686047 
686050 
686053 
686056 
686059 
686064 
686066 
686068 
686070 
686072 
686074 
686076 
686079 
686081 
686083 
686085 
686087 
686089 
686091 
686094 
686097 
686100 
686103 
686106 
686109 
686112 
686117 
686119 
686121 
686123 
686125 
686127 
686129 
686132 
686135 
686138 
686141 
686144 
686147 
686150 
686155 
686157 
686159 
686161 
686163 
686165 
686167 
686170 
686172 
686174 
686176 
686178 
686180 
686182 
686185 
686187 
686189 
686191 
686193 
686195 
686197 
686200 
686201 
686202 
686203 
686204 
686205 
686206 
686207 
686208 
686209 
686210 
686211 
686212 
686213 
686214 
686215 
686216 
686217 
686218 
686219 
686220 
686221 
686223 
686225 
686227 
686229 
686231 
686233 
686236 
686237 
686238 
686239 
686240 
686241 
686242 
686243 
686247 
686251 
686255 
686259 
686263 
686267 
686274 
686277 
686280 
686283 
686286 
686289 
686292 
686297 
686299 
686301 
686303 
686305 
686307 
686309 
686312 
686316 
686320 
686324 
686328 
686332 
686336 
686343 
686344 
686345 
686346 
686347 
686348 
686349 
686350 
686352 
686354 
686356 
686358 
686360 
686362 
686365 
686367 
686369 
686371 
686373 
686375 
686377 
686380 
686381 
686382 
686383 
686384 
686385 
686386 
686387 
686389 
686391 
686393 
686395 
686397 
686399 
686402 
686404 
686406 
686408 
686410 
686412 
686414 
686417 
686418 
686419 
686420 
686421 
686422 
686423 
686424 
686427 
686430 
686433 
686436 
686439 
686442 
686447 
686448 
686449 
686450 
686451 
686452 
686453 
686454 
686456 
686458 
686460 
686462 
686464 
686466 
686469 
686470 
686471 
686472 
686473 
686474 
686475 
686476 
686478 
686480 
686482 
686484 
686486 
686488 
686491 
686494 
686497 
686500 
686503 
686506 
686509 
686514 
686516 
686518 
686520 
686522 
686524 
686526 
686529 
686532 
686535 
686538 
686541 
686544 
686547 
686552 
686555 
686558 
686561 
686564 
686567 
686570 
686575 
686577 
686579 
686581 
686583 
686585 
686587 
686590 
686592 
686594 
686596 
686598 
686600 
686602 
686605 
686608 
686611 
686614 
686617 
686620 
686623 
686628 
686631 
686634 
686637 
686640 
686643 
686646 
686651 
686653 
686655 
686657 
686659 
686661 
686663 
686666 
686668 
686670 
686672 
686674 
686676 
686678 
686681 
686683 
686685 
686687 
686689 
686691 
686693 
686696 
686697 
686698 
686699 
686700 
686701 
686702 
686703 
686705 
686707 
686709 
686711 
686713 
686715 
686718 
686720 
686722 
686724 
686726 
686728 
686730 
686733 
686735 
686737 
686739 
686741 
686743 
686745 
686748 
686749 
686750 
686751 
686752 
686753 
686754 
686755 
686756 
686757 
686758 
686759 
686760 
686761 
686762 
686763 
686764 
686765 
686766 
686767 
686768 
686769 
686772 
686775 
686778 
686781 
686784 
686787 
686792 
686795 
686798 
686801 
686804 
686807 
686810 
686815 
686816 
686817 
686818 
686819 
686820 
686821 
686822 
686823 
686824 
686825 
686826 
686827 
686828 
686829 
686833 
686837 
686841 
686845 
686849 
686853 
686860 
686862 
686864 
686866 
686868 
686870 
686872 
686875 
686878 
686881 
686884 
686887 
686890 
686893 
686898 
686899 
686900 
686901 
686902 
686903 
686904 
686905 
686907 
686909 
686911 
686913 
686915 
686917 
686920 
686921 
686922 
686923 
686924 
686925 
686926 
686927 
686929 
686931 
686933 
686935 
686937 
686939 
686942 
686945 
686948 
686951 
686954 
686957 
686960 
686965 
686968 
686971 
686974 
686977 
686980 
686983 
686988 
686989 
686990 
686991 
686992 
686993 
686994 
686995 
686996 
686997 
686998 
686999 
687000 
687001 
687002 
687003 
687004 
687005 
687006 
687007 
687008 
687009 
687012 
687015 
687018 
687021 
687024 
687027 
687032 
687035 
687038 
687041 
687044 
687047 
687050 
687055 
687056 
687057 
687058 
687059 
687060 
687061 
687062 
687063 
687064 
687065 
687066 
687067 
687068 
687069 
687072 
687075 
687078 
687081 
687084 
687087 
687092 
687096 
687100 
687104 
687108 
687112 
687116 
687123 
687125 
687127 
687129 
687131 
687133 
687135 
687138 
687141 
687144 
687147 
687150 
687153 
687156 
687161 
687163 
687165 
687167 
687169 
687171 
687173 
687176 
687178 
687180 
687182 
687184 
687186 
687188 
687191 
687194 
687197 
687200 
687203 
687206 
687209 
687214 
687218 
687222 
687226 
687230 
687234 
687238 
687245 
687248 
687251 
687254 
687257 
687260 
687263 
687268 
687269 
687270 
687271 
687272 
687273 
687274 
687275 
687278 
687281 
687284 
687287 
687290 
687293 
687298 
687299 
687300 
687301 
687302 
687303 
687304 
687305 
687308 
687311 
687314 
687317 
687320 
687323 
687328 
687331 
687334 
687337 
687340 
687343 
687346 
687351 
687352 
687353 
687354 
687355 
687356 
687357 
687358 
687359 
687360 
687361 
687362 
687363 
687364 
687365 
687366 
687367 
687368 
687369 
687370 
687371 
687372 
687374 
687376 
687378 
687380 
687382 
687384 
687387 
687388 
687389 
687390 
687391 
687392 
687393 
687394 
687397 
687400 
687403 
687406 
687409 
687412 
687417 
687418 
687419 
687420 
687421 
687422 
687423 
687424 
687426 
687428 
687430 
687432 
687434 
687436 
687439 
687442 
687445 
687448 
687451 
687454 
687457 
687462 
687463 
687464 
687465 
687466 
687467 
687468 
687469 
687470 
687471 
687472 
687473 
687474 
687475 
687476 
687479 
687482 
687485 
687488 
687491 
687494 
687499 
687502 
687505 
687508 
687511 
687514 
687517 
687522 
687523 
687524 
687525 
687526 
687527 
687528 
687529 
687530 
687531 
687532 
687533 
687534 
687535 
687536 
687540 
687544 
687548 
687552 
687556 
687560 
687567 
687569 
687571 
687573 
687575 
687577 
687579 
687582 
687584 
687586 
687588 
687590 
687592 
687594 
687597 
687599 
687601 
687603 
687605 
687607 
687609 
687612 
687616 
687620 
687624 
687628 
687632 
687636 
687643 
687645 
687647 
687649 
687651 
687653 
687655 
687658 
687661 
687664 
687667 
687670 
687673 
687676 
687681 
687684 
687687 
687690 
687693 
687696 
687699 
687704 
687705 
687706 
687707 
687708 
687709 
687710 
687711 
687712 
687713 
687714 
687715 
687716 
687717 
687718 
687721 
687724 
687727 
687730 
687733 
687736 
687741 
687745 
687749 
687753 
687757 
687761 
687765 
687772 
687774 
687776 
687778 
687780 
687782 
687784 
687787 
687789 
687791 
687793 
687795 
687797 
687799 
687802 
687805 
687808 
687811 
687814 
687817 
687820 
687825 
687827 
687829 
687831 
687833 
687835 
687837 
687840 
687841 
687842 
687843 
687844 
687845 
687846 
687847 
687850 
687853 
687856 
687859 
687862 
687865 
687870 
687874 
687878 
687882 
687886 
687890 
687894 
687901 
687903 
687905 
687907 
687909 
687911 
687913 
687916 
687918 
687920 
687922 
687924 
687926 
687928 
687931 
687932 
687933 
687934 
687935 
687936 
687937 
687938 
687940 
687942 
687944 
687946 
687948 
687950 
687953 
687956 
687959 
687962 
687965 
687968 
687971 
687976 
687980 
687984 
687988 
687992 
687996 
688000 
688007 
688008 
688009 
688010 
688011 
688012 
688013 
688014 
688016 
688018 
688020 
688022 
688024 
688026 
688029 
688030 
688031 
688032 
688033 
688034 
688035 
688036 
688039 
688042 
688045 
688048 
688051 
688054 
688059 
688062 
688065 
688068 
688071 
688074 
688077 
688082 
688085 
688088 
688091 
688094 
688097 
688100 
688105 
688108 
688111 
688114 
688117 
688120 
688123 
688128 
688131 
688134 
688137 
688140 
688143 
688146 
688151 
688153 
688155 
688157 
688159 
688161 
688163 
688166 
688167 
688168 
688169 
688170 
688171 
688172 
688173 
688174 
688175 
688176 
688177 
688178 
688179 
688180 
688183 
688186 
688189 
688192 
688195 
688198 
688203 
688205 
688207 
688209 
688211 
688213 
688215 
688218 
688220 
688222 
688224 
688226 
688228 
688230 
688233 
688234 
688235 
688236 
688237 
688238 
688239 
688240 
688242 
688244 
688246 
688248 
688250 
688252 
688255 
688256 
688257 
688258 
688259 
688260 
688261 
688262 
688263 
688264 
688265 
688266 
688267 
688268 
688269 
688272 
688275 
688278 
688281 
688284 
688287 
688292 
688295 
688298 
688301 
688304 
688307 
688310 
688315 
688317 
688319 
688321 
688323 
688325 
688327 
688330 
688333 
688336 
688339 
688342 
688345 
688348 
688353 
688356 
688359 
688362 
688365 
688368 
688371 
688376 
688378 
688380 
688382 
688384 
688386 
688388 
688391 
688392 
688393 
688394 
688395 
688396 
688397 
688398 
688401 
688404 
688407 
688410 
688413 
688416 
688421 
688425 
688429 
688433 
688437 
688441 
688445 
688452 
688454 
688456 
688458 
688460 
688462 
688464 
688467 
688469 
688471 
688473 
688475 
688477 
688479 
688482 
688485 
688488 
688491 
688494 
688497 
688500 
688505 
688507 
688509 
688511 
688513 
688515 
688517 
688520 
688522 
688524 
688526 
688528 
688530 
688532 
688535 
688538 
688541 
688544 
688547 
688550 
688553 
688558 
688559 
688560 
688561 
688562 
688563 
688564 
688565 
688568 
688571 
688574 
688577 
688580 
688583 
688588 
688591 
688594 
688597 
688600 
688603 
688606 
688611 
688613 
688615 
688617 
688619 
688621 
688623 
688626 
688628 
688630 
688632 
688634 
688636 
688638 
688641 
688642 
688643 
688644 
688645 
688646 
688647 
688648 
688649 
688650 
688651 
688652 
688653 
688654 
688655 
688656 
688657 
688658 
688659 
688660 
688661 
688662 
688664 
688666 
688668 
688670 
688672 
688674 
688677 
688679 
688681 
688683 
688685 
688687 
688689 
688692 
688696 
688700 
688704 
688708 
688712 
688716 
688723 
688726 
688729 
688732 
688735 
688738 
688741 
688746 
688749 
688752 
688755 
688758 
688761 
688764 
688769 
688771 
688773 
688775 
688777 
688779 
688781 
688784 
688786 
688788 
688790 
688792 
688794 
688796 
688799 
688801 
688803 
688805 
688807 
688809 
688811 
688814 
688817 
688820 
688823 
688826 
688829 
688832 
688837 
688841 
688845 
688849 
688853 
688857 
688861 
688868 
688870 
688872 
688874 
688876 
688878 
688880 
688883 
688885 
688887 
688889 
688891 
688893 
688895 
688898 
688900 
688902 
688904 
688906 
688908 
688910 
688913 
688915 
688917 
688919 
688921 
688923 
688925 
688928 
688929 
688930 
688931 
688932 
688933 
688934 
688935 
688937 
688939 
688941 
688943 
688945 
688947 
688950 
688952 
688954 
688956 
688958 
688960 
688962 
688965 
688966 
688967 
688968 
688969 
688970 
688971 
688972 
688973 
688974 
688975 
688976 
688977 
688978 
688979 
688983 
688987 
688991 
688995 
688999 
689003 
689010 
689013 
689016 
689019 
689022 
689025 
689028 
689033 
689035 
689037 
689039 
689041 
689043 
689045 
689048 
689049 
689050 
689051 
689052 
689053 
689054 
689055 
689056 
689057 
689058 
689059 
689060 
689061 
689062 
689063 
689064 
689065 
689066 
689067 
689068 
689069 
689071 
689073 
689075 
689077 
689079 
689081 
689084 
689086 
689088 
689090 
689092 
689094 
689096 
689099 
689100 
689101 
689102 
689103 
689104 
689105 
689106 
689107 
689108 
689109 
689110 
689111 
689112 
689113 
689116 
689119 
689122 
689125 
689128 
689131 
689136 
689137 
689138 
689139 
689140 
689141 
689142 
689143 
689144 
689145 
689146 
689147 
689148 
689149 
689150 
689152 
689154 
689156 
689158 
689160 
689162 
689165 
689169 
689173 
689177 
689181 
689185 
689189 
689196 
689200 
689204 
689208 
689212 
689216 
689220 
689227 
689228 
689229 
689230 
689231 
689232 
689233 
689234 
689236 
689238 
689240 
689242 
689244 
689246 
689249 
689252 
689255 
689258 
689261 
689264 
689267 
689272 
689275 
689278 
689281 
689284 
689287 
689290 
689295 
689298 
689301 
689304 
689307 
689310 
689313 
689318 
689321 
689324 
689327 
689330 
689333 
689336 
689341 
689344 
689347 
689350 
689353 
689356 
689359 
689364 
689366 
689368 
689370 
689372 
689374 
689376 
689379 
689381 
689383 
689385 
689387 
689389 
689391 
689394 
689396 
689398 
689400 
689402 
689404 
689406 
689409 
689413 
689417 
689421 
689425 
689429 
689433 
689440 
689442 
689444 
689446 
689448 
689450 
689452 
689455 
689458 
689461 
689464 
689467 
689470 
689473 
689478 
689480 
689482 
689484 
689486 
689488 
689490 
689493 
689497 
689501 
689505 
689509 
689513 
689517 
689524 
689526 
689528 
689530 
689532 
689534 
689536 
689539 
689540 
689541 
689542 
689543 
689544 
689545 
689546 
689548 
689550 
689552 
689554 
689556 
689558 
689561 
689562 
689563 
689564 
689565 
689566 
689567 
689568 
689571 
689574 
689577 
689580 
689583 
689586 
689591 
689593 
689595 
689597 
689599 
689601 
689603 
689606 
689607 
689608 
689609 
689610 
689611 
689612 
689613 
689616 
689619 
689622 
689625 
689628 
689631 
689636 
689640 
689644 
689648 
689652 
689656 
689660 
689667 
689668 
689669 
689670 
689671 
689672 
689673 
689674 
689677 
689680 
689683 
689686 
689689 
689692 
689697 
689699 
689701 
689703 
689705 
689707 
689709 
689712 
689714 
689716 
689718 
689720 
689722 
689724 
689727 
689730 
689733 
689736 
689739 
689742 
689745 
689750 
689753 
689756 
689759 
689762 
689765 
689768 
689773 
689776 
689779 
689782 
689785 
689788 
689791 
689796 
689799 
689802 
689805 
689808 
689811 
689814 
689819 
689821 
689823 
689825 
689827 
689829 
689831 
689834 
689835 
689836 
689837 
689838 
689839 
689840 
689841 
689843 
689845 
689847 
689849 
689851 
689853 
689856 
689859 
689862 
689865 
689868 
689871 
689874 
689879 
689882 
689885 
689888 
689891 
689894 
689897 
689902 
689904 
689906 
689908 
689910 
689912 
689914 
689917 
689920 
689923 
689926 
689929 
689932 
689935 
689940 
689942 
689944 
689946 
689948 
689950 
689952 
689955 
689958 
689961 
689964 
689967 
689970 
689973 
689978 
689982 
689986 
689990 
689994 
689998 
690002 
690009 
690010 
690011 
690012 
690013 
690014 
690015 
690016 
690019 
690022 
690025 
690028 
690031 
690034 
690039 
690041 
690043 
690045 
690047 
690049 
690051 
690054 
690055 
690056 
690057 
690058 
690059 
690060 
690061 
690064 
690067 
690070 
690073 
690076 
690079 
690084 
690086 
690088 
690090 
690092 
690094 
690096 
690099 
690100 
690101 
690102 
690103 
690104 
690105 
690106 
690108 
690110 
690112 
690114 
690116 
690118 
690121 
690124 
690127 
690130 
690133 
690136 
690139 
690144 
690147 
690150 
690153 
690156 
690159 
690162 
690167 
690168 
690169 
690170 
690171 
690172 
690173 
690174 
690176 
690178 
690180 
690182 
690184 
690186 
690189 
690190 
690191 
690192 
690193 
690194 
690195 
690196 
690197 
690198 
690199 
690200 
690201 
690202 
690203 
690206 
690209 
690212 
690215 
690218 
690221 
690226 
690228 
690230 
690232 
690234 
690236 
690238 
690241 
690243 
690245 
690247 
690249 
690251 
690253 
690256 
690257 
690258 
690259 
690260 
690261 
690262 
690263 
690264 
690265 
690266 
690267 
690268 
690269 
690270 
690272 
690274 
690276 
690278 
690280 
690282 
690285 
690287 
690289 
690291 
690293 
690295 
690297 
690300 
690303 
690306 
690309 
690312 
690315 
690318 
690323 
690324 
690325 
690326 
690327 
690328 
690329 
690330 
690333 
690336 
690339 
690342 
690345 
690348 
690353 
690356 
690359 
690362 
690365 
690368 
690371 
690376 
690379 
690382 
690385 
690388 
690391 
690394 
690399 
690401 
690403 
690405 
690407 
690409 
690411 
690414 
690416 
690418 
690420 
690422 
690424 
690426 
690429 
690432 
690435 
690438 
690441 
690444 
690447 
690452 
690453 
690454 
690455 
690456 
690457 
690458 
690459 
690462 
690465 
690468 
690471 
690474 
690477 
690482 
690484 
690486 
690488 
690490 
690492 
690494 
690497 
690499 
690501 
690503 
690505 
690507 
690509 
690512 
690516 
690520 
690524 
690528 
690532 
690536 
690543 
690546 
690549 
690552 
690555 
690558 
690561 
690566 
690567 
690568 
690569 
690570 
690571 
690572 
690573 
690575 
690577 
690579 
690581 
690583 
690585 
690588 
690589 
690590 
690591 
690592 
690593 
690594 
690595 
690596 
690597 
690598 
690599 
690600 
690601 
690602 
690603 
690604 
690605 
690606 
690607 
690608 
690609 
690612 
690615 
690618 
690621 
690624 
690627 
690632 
690633 
690634 
690635 
690636 
690637 
690638 
690639 
690641 
690643 
690645 
690647 
690649 
690651 
690654 
690655 
690656 
690657 
690658 
690659 
690660 
690661 
690665 
690669 
690673 
690677 
690681 
690685 
690692 
690694 
690696 
690698 
690700 
690702 
690704 
690707 
690710 
690713 
690716 
690719 
690722 
690725 
690730 
690731 
690732 
690733 
690734 
690735 
690736 
690737 
690739 
690741 
690743 
690745 
690747 
690749 
690752 
690756 
690760 
690764 
690768 
690772 
690776 
690783 
690785 
690787 
690789 
690791 
690793 
690795 
690798 
690801 
690804 
690807 
690810 
690813 
690816 
690821 
690824 
690827 
690830 
690833 
690836 
690839 
690844 
690846 
690848 
690850 
690852 
690854 
690856 
690859 
690863 
690867 
690871 
690875 
690879 
690883 
690890 
690892 
690894 
690896 
690898 
690900 
690902 
690905 
690906 
690907 
690908 
690909 
690910 
690911 
690912 
690914 
690916 
690918 
690920 
690922 
690924 
690927 
690928 
690929 
690930 
690931 
690932 
690933 
690934 
690937 
690940 
690943 
690946 
690949 
690952 
690957 
690959 
690961 
690963 
690965 
690967 
690969 
690972 
690973 
690974 
690975 
690976 
690977 
690978 
690979 
690982 
690985 
690988 
690991 
690994 
690997 
691002 
691003 
691004 
691005 
691006 
691007 
691008 
691009 
691011 
691013 
691015 
691017 
691019 
691021 
691024 
691027 
691030 
691033 
691036 
691039 
691042 
691047 
691050 
691053 
691056 
691059 
691062 
691065 
691070 
691072 
691074 
691076 
691078 
691080 
691082 
691085 
691087 
691089 
691091 
691093 
691095 
691097 
691100 
691102 
691104 
691106 
691108 
691110 
691112 
691115 
691116 
691117 
691118 
691119 
691120 
691121 
691122 
691125 
691128 
691131 
691134 
691137 
691140 
691145 
691146 
691147 
691148 
691149 
691150 
691151 
691152 
691153 
691154 
691155 
691156 
691157 
691158 
691159 
691161 
691163 
691165 
691167 
691169 
691171 
691174 
691175 
691176 
691177 
691178 
691179 
691180 
691181 
691184 
691187 
691190 
691193 
691196 
691199 
691204 
691206 
691208 
691210 
691212 
691214 
691216 
691219 
691222 
691225 
691228 
691231 
691234 
691237 
691242 
691245 
691248 
691251 
691254 
691257 
691260 
691265 
691266 
691267 
691268 
691269 
691270 
691271 
691272 
691274 
691276 
691278 
691280 
691282 
691284 
691287 
691290 
691293 
691296 
691299 
691302 
691305 
691310 
691312 
691314 
691316 
691318 
691320 
691322 
691325 
691326 
691327 
691328 
691329 
691330 
691331 
691332 
691333 
691334 
691335 
691336 
691337 
691338 
691339 
691343 
691347 
691351 
691355 
691359 
691363 
691370 
691372 
691374 
691376 
691378 
691380 
691382 
691385 
691387 
691389 
691391 
691393 
691395 
691397 
691400 
691401 
691402 
691403 
691404 
691405 
691406 
691407 
691410 
691413 
691416 
691419 
691422 
691425 
691430 
691432 
691434 
691436 
691438 
691440 
691442 
691445 
691446 
691447 
691448 
691449 
691450 
691451 
691452 
691454 
691456 
691458 
691460 
691462 
691464 
691467 
691469 
691471 
691473 
691475 
691477 
691479 
691482 
691483 
691484 
691485 
691486 
691487 
691488 
691489 
691490 
691491 
691492 
691493 
691494 
691495 
691496 
691498 
691500 
691502 
691504 
691506 
691508 
691511 
691514 
691517 
691520 
691523 
691526 
691529 
691534 
691536 
691538 
691540 
691542 
691544 
691546 
691549 
691550 
691551 
691552 
691553 
691554 
691555 
691556 
691557 
691558 
691559 
691560 
691561 
691562 
691563 
691567 
691571 
691575 
691579 
691583 
691587 
691594 
691596 
691598 
691600 
691602 
691604 
691606 
691609 
691612 
691615 
691618 
691621 
691624 
691627 
691632 
691634 
691636 
691638 
691640 
691642 
691644 
691647 
691649 
691651 
691653 
691655 
691657 
691659 
691662 
691663 
691664 
691665 
691666 
691667 
691668 
691669 
691670 
691671 
691672 
691673 
691674 
691675 
691676 
691682 
691688 
691694 
691700 
691706 
691712 
691723 
691729 
691735 
691741 
691747 
691753 
691759 
691770 
691773 
691776 
691779 
691782 
691785 
691788 
691793 
691794 
691795 
691796 
691797 
691798 
691799 
691800 
691802 
691804 
691806 
691808 
691810 
691812 
691815 
691820 
691825 
691830 
691835 
691840 
691845 
691854 
691856 
691858 
691860 
691862 
691864 
691866 
691869 
691871 
691873 
691875 
691877 
691879 
691881 
691884 
691886 
691888 
691890 
691892 
691894 
691896 
691899 
691900 
691901 
691902 
691903 
691904 
691905 
691906 
691908 
691910 
691912 
691914 
691916 
691918 
691921 
691925 
691929 
691933 
691937 
691941 
691945 
691952 
691954 
691956 
691958 
691960 
691962 
691964 
691967 
691969 
691971 
691973 
691975 
691977 
691979 
691982 
691988 
691994 
692000 
692006 
692012 
692018 
692029 
692031 
692033 
692035 
692037 
692039 
692041 
692044 
692046 
692048 
692050 
692052 
692054 
692056 
692059 
692062 
692065 
692068 
692071 
692074 
692077 
692082 
692083 
692084 
692085 
692086 
692087 
692088 
692089 
692090 
692091 
692092 
692093 
692094 
692095 
692096 
692099 
692102 
692105 
692108 
692111 
692114 
692119 
692124 
692129 
692134 
692139 
692144 
692149 
692158 
692161 
692164 
692167 
692170 
692173 
692176 
692181 
692182 
692183 
692184 
692185 
692186 
692187 
692188 
692191 
692194 
692197 
692200 
692203 
692206 
692211 
692213 
692215 
692217 
692219 
692221 
692223 
692226 
692229 
692232 
692235 
692238 
692241 
692244 
692249 
692253 
692257 
692261 
692265 
692269 
692273 
692280 
692283 
692286 
692289 
692292 
692295 
692298 
692303 
692304 
692305 
692306 
692307 
692308 
692309 
692310 
692311 
692312 
692313 
692314 
692315 
692316 
692317 
692321 
692325 
692329 
692333 
692337 
692341 
692348 
692350 
692352 
692354 
692356 
692358 
692360 
692363 
692364 
692365 
692366 
692367 
692368 
692369 
692370 
692372 
692374 
692376 
692378 
692380 
692382 
692385 
692386 
692387 
692388 
692389 
692390 
692391 
692392 
692394 
692396 
692398 
692400 
692402 
692404 
692407 
692409 
692411 
692413 
692415 
692417 
692419 
692422 
692423 
692424 
692425 
692426 
692427 
692428 
692429 
692430 
692431 
692432 
692433 
692434 
692435 
692436 
692437 
692438 
692439 
692440 
692441 
692442 
692443 
692446 
692449 
692452 
692455 
692458 
692461 
692466 
692469 
692472 
692475 
692478 
692481 
692484 
692489 
692490 
692491 
692492 
692493 
692494 
692495 
692496 
692498 
692500 
692502 
692504 
692506 
692508 
692511 
692514 
692517 
692520 
692523 
692526 
692529 
692534 
692536 
692538 
692540 
692542 
692544 
692546 
692549 
692553 
692557 
692561 
692565 
692569 
692573 
692580 
692583 
692586 
692589 
692592 
692595 
692598 
692603 
692604 
692605 
692606 
692607 
692608 
692609 
692610 
692612 
692614 
692616 
692618 
692620 
692622 
692625 
692626 
692627 
692628 
692629 
692630 
692631 
692632 
692633 
692634 
692635 
692636 
692637 
692638 
692639 
692640 
692641 
692642 
692643 
692644 
692645 
692646 
692649 
692652 
692655 
692658 
692661 
692664 
692669 
692672 
692675 
692678 
692681 
692684 
692687 
692692 
692694 
692696 
692698 
692700 
692702 
692704 
692707 
692710 
692713 
692716 
692719 
692722 
692725 
692730 
692731 
692732 
692733 
692734 
692735 
692736 
692737 
692739 
692741 
692743 
692745 
692747 
692749 
692752 
692754 
692756 
692758 
692760 
692762 
692764 
692767 
692768 
692769 
692770 
692771 
692772 
692773 
692774 
692778 
692782 
692786 
692790 
692794 
692798 
692805 
692807 
692809 
692811 
692813 
692815 
692817 
692820 
692822 
692824 
692826 
692828 
692830 
692832 
692835 
692837 
692839 
692841 
692843 
692845 
692847 
692850 
692853 
692856 
692859 
692862 
692865 
692868 
692873 
692875 
692877 
692879 
692881 
692883 
692885 
692888 
692890 
692892 
692894 
692896 
692898 
692900 
692903 
692906 
692909 
692912 
692915 
692918 
692921 
692926 
692928 
692930 
692932 
692934 
692936 
692938 
692941 
692943 
692945 
692947 
692949 
692951 
692953 
692956 
692959 
692962 
692965 
692968 
692971 
692974 
692979 
692981 
692983 
692985 
692987 
692989 
692991 
692994 
692995 
692996 
692997 
692998 
692999 
693000 
693001 
693002 
693003 
693004 
693005 
693006 
693007 
693008 
693011 
693014 
693017 
693020 
693023 
693026 
693031 
693033 
693035 
693037 
693039 
693041 
693043 
693046 
693047 
693048 
693049 
693050 
693051 
693052 
693053 
693056 
693059 
693062 
693065 
693068 
693071 
693076 
693077 
693078 
693079 
693080 
693081 
693082 
693083 
693086 
693089 
693092 
693095 
693098 
693101 
693106 
693108 
693110 
693112 
693114 
693116 
693118 
693121 
693122 
693123 
693124 
693125 
693126 
693127 
693128 
693130 
693132 
693134 
693136 
693138 
693140 
693143 
693145 
693147 
693149 
693151 
693153 
693155 
693158 
693159 
693160 
693161 
693162 
693163 
693164 
693165 
693167 
693169 
693171 
693173 
693175 
693177 
693180 
693181 
693182 
693183 
693184 
693185 
693186 
693187 
693190 
693193 
693196 
693199 
693202 
693205 
693210 
693212 
693214 
693216 
693218 
693220 
693222 
693225 
693227 
693229 
693231 
693233 
693235 
693237 
693240 
693243 
693246 
693249 
693252 
693255 
693258 
693263 
693267 
693271 
693275 
693279 
693283 
693287 
693294 
693297 
693300 
693303 
693306 
693309 
693312 
693317 
693322 
693327 
693332 
693337 
693342 
693347 
693356 
693359 
693362 
693365 
693368 
693371 
693374 
693379 
693381 
693383 
693385 
693387 
693389 
693391 
693394 
693396 
693398 
693400 
693402 
693404 
693406 
693409 
693411 
693413 
693415 
693417 
693419 
693421 
693424 
693426 
693428 
693430 
693432 
693434 
693436 
693439 
693440 
693441 
693442 
693443 
693444 
693445 
693446 
693448 
693450 
693452 
693454 
693456 
693458 
693461 
693465 
693469 
693473 
693477 
693481 
693485 
693492 
693495 
693498 
693501 
693504 
693507 
693510 
693515 
693519 
693523 
693527 
693531 
693535 
693539 
693546 
693548 
693550 
693552 
693554 
693556 
693558 
693561 
693562 
693563 
693564 
693565 
693566 
693567 
693568 
693570 
693572 
693574 
693576 
693578 
693580 
693583 
693584 
693585 
693586 
693587 
693588 
693589 
693590 
693591 
693592 
693593 
693594 
693595 
693596 
693597 
693599 
693601 
693603 
693605 
693607 
693609 
693612 
693613 
693614 
693615 
693616 
693617 
693618 
693619 
693622 
693625 
693628 
693631 
693634 
693637 
693642 
693644 
693646 
693648 
693650 
693652 
693654 
693657 
693659 
693661 
693663 
693665 
693667 
693669 
693672 
693673 
693674 
693675 
693676 
693677 
693678 
693679 
693681 
693683 
693685 
693687 
693689 
693691 
693694 
693697 
693700 
693703 
693706 
693709 
693712 
693717 
693719 
693721 
693723 
693725 
693727 
693729 
693732 
693734 
693736 
693738 
693740 
693742 
693744 
693747 
693749 
693751 
693753 
693755 
693757 
693759 
693762 
693763 
693764 
693765 
693766 
693767 
693768 
693769 
693770 
693771 
693772 
693773 
693774 
693775 
693776 
693779 
693782 
693785 
693788 
693791 
693794 
693799 
693802 
693805 
693808 
693811 
693814 
693817 
693822 
693825 
693828 
693831 
693834 
693837 
693840 
693845 
693846 
693847 
693848 
693849 
693850 
693851 
693852 
693853 
693854 
693855 
693856 
693857 
693858 
693859 
693861 
693863 
693865 
693867 
693869 
693871 
693874 
693875 
693876 
693877 
693878 
693879 
693880 
693881 
693882 
693883 
693884 
693885 
693886 
693887 
693888 
693889 
693890 
693891 
693892 
693893 
693894 
693895 
693897 
693899 
693901 
693903 
693905 
693907 
693910 
693913 
693916 
693919 
693922 
693925 
693928 
693933 
693936 
693939 
693942 
693945 
693948 
693951 
693956 
693957 
693958 
693959 
693960 
693961 
693962 
693963 
693965 
693967 
693969 
693971 
693973 
693975 
693978 
693980 
693982 
693984 
693986 
693988 
693990 
693993 
693995 
693997 
693999 
694001 
694003 
694005 
694008 
694009 
694010 
694011 
694012 
694013 
694014 
694015 
694017 
694019 
694021 
694023 
694025 
694027 
694030 
694031 
694032 
694033 
694034 
694035 
694036 
694037 
694040 
694043 
694046 
694049 
694052 
694055 
694060 
694062 
694064 
694066 
694068 
694070 
694072 
694075 
694076 
694077 
694078 
694079 
694080 
694081 
694082 
694084 
694086 
694088 
694090 
694092 
694094 
694097 
694099 
694101 
694103 
694105 
694107 
694109 
694112 
694114 
694116 
694118 
694120 
694122 
694124 
694127 
694128 
694129 
694130 
694131 
694132 
694133 
694134 
694136 
694138 
694140 
694142 
694144 
694146 
694149 
694151 
694153 
694155 
694157 
694159 
694161 
694164 
694165 
694166 
694167 
694168 
694169 
694170 
694171 
694173 
694175 
694177 
694179 
694181 
694183 
694186 
694187 
694188 
694189 
694190 
694191 
694192 
694193 
694194 
694195 
694196 
694197 
694198 
694199 
694200 
694203 
694206 
694209 
694212 
694215 
694218 
694223 
694225 
694227 
694229 
694231 
694233 
694235 
694238 
694239 
694240 
694241 
694242 
694243 
694244 
694245 
694247 
694249 
694251 
694253 
694255 
694257 
694260 
694261 
694262 
694263 
694264 
694265 
694266 
694267 
694271 
694275 
694279 
694283 
694287 
694291 
694298 
694299 
694300 
694301 
694302 
694303 
694304 
694305 
694308 
694311 
694314 
694317 
694320 
694323 
694328 
694329 
694330 
694331 
694332 
694333 
694334 
694335 
694337 
694339 
694341 
694343 
694345 
694347 
694350 
694351 
694352 
694353 
694354 
694355 
694356 
694357 
694358 
694359 
694360 
694361 
694362 
694363 
694364 
694365 
694366 
694367 
694368 
694369 
694370 
694371 
694377 
694383 
694389 
694395 
694401 
694407 
694418 
694421 
694424 
694427 
694430 
694433 
694436 
694441 
694443 
694445 
694447 
694449 
694451 
694453 
694456 
694460 
694464 
694468 
694472 
694476 
694480 
694487 
694490 
694493 
694496 
694499 
694502 
694505 
694510 
694512 
694514 
694516 
694518 
694520 
694522 
694525 
694528 
694531 
694534 
694537 
694540 
694543 
694548 
694550 
694552 
694554 
694556 
694558 
694560 
694563 
694565 
694567 
694569 
694571 
694573 
694575 
694578 
694581 
694584 
694587 
694590 
694593 
694596 
694601 
694604 
694607 
694610 
694613 
694616 
694619 
694624 
694625 
694626 
694627 
694628 
694629 
694630 
694631 
694634 
694637 
694640 
694643 
694646 
694649 
694654 
694657 
694660 
694663 
694666 
694669 
694672 
694677 
694680 
694683 
694686 
694689 
694692 
694695 
694700 
694701 
694702 
694703 
694704 
694705 
694706 
694707 
694709 
694711 
694713 
694715 
694717 
694719 
694722 
694723 
694724 
694725 
694726 
694727 
694728 
694729 
694730 
694731 
694732 
694733 
694734 
694735 
694736 
694738 
694740 
694742 
694744 
694746 
694748 
694751 
694753 
694755 
694757 
694759 
694761 
694763 
694766 
694767 
694768 
694769 
694770 
694771 
694772 
694773 
694774 
694775 
694776 
694777 
694778 
694779 
694780 
694783 
694786 
694789 
694792 
694795 
694798 
694803 
694805 
694807 
694809 
694811 
694813 
694815 
694818 
694821 
694824 
694827 
694830 
694833 
694836 
694841 
694843 
694845 
694847 
694849 
694851 
694853 
694856 
694857 
694858 
694859 
694860 
694861 
694862 
694863 
694866 
694869 
694872 
694875 
694878 
694881 
694886 
694888 
694890 
694892 
694894 
694896 
694898 
694901 
694903 
694905 
694907 
694909 
694911 
694913 
694916 
694920 
694924 
694928 
694932 
694936 
694940 
694947 
694951 
694955 
694959 
694963 
694967 
694971 
694978 
694979 
694980 
694981 
694982 
694983 
694984 
694985 
694986 
694987 
694988 
694989 
694990 
694991 
694992 
694995 
694998 
695001 
695004 
695007 
695010 
695015 
695017 
695019 
695021 
695023 
695025 
695027 
695030 
695032 
695034 
695036 
695038 
695040 
695042 
695045 
695046 
695047 
695048 
695049 
695050 
695051 
695052 
695053 
695054 
695055 
695056 
695057 
695058 
695059 
695061 
695063 
695065 
695067 
695069 
695071 
695074 
695075 
695076 
695077 
695078 
695079 
695080 
695081 
695082 
695083 
695084 
695085 
695086 
695087 
695088 
695090 
695092 
695094 
695096 
695098 
695100 
695103 
695104 
695105 
695106 
695107 
695108 
695109 
695110 
695114 
695118 
695122 
695126 
695130 
695134 
695141 
695145 
695149 
695153 
695157 
695161 
695165 
695172 
695176 
695180 
695184 
695188 
695192 
695196 
695203 
695207 
695211 
695215 
695219 
695223 
695227 
695234 
695236 
695238 
695240 
695242 
695244 
695246 
695249 
695250 
695251 
695252 
695253 
695254 
695255 
695256 
695259 
695262 
695265 
695268 
695271 
695274 
695279 
695280 
695281 
695282 
695283 
695284 
695285 
695286 
695287 
695288 
695289 
695290 
695291 
695292 
695293 
695297 
695301 
695305 
695309 
695313 
695317 
695324 
695326 
695328 
695330 
695332 
695334 
695336 
695339 
695340 
695341 
695342 
695343 
695344 
695345 
695346 
695348 
695350 
695352 
695354 
695356 
695358 
695361 
695362 
695363 
695364 
695365 
695366 
695367 
695368 
695370 
695372 
695374 
695376 
695378 
695380 
695383 
695384 
695385 
695386 
695387 
695388 
695389 
695390 
695393 
695396 
695399 
695402 
695405 
695408 
695413 
695414 
695415 
695416 
695417 
695418 
695419 
695420 
695422 
695424 
695426 
695428 
695430 
695432 
695435 
695436 
695437 
695438 
695439 
695440 
695441 
695442 
695444 
695446 
695448 
695450 
695452 
695454 
695457 
695458 
695459 
695460 
695461 
695462 
695463 
695464 
695466 
695468 
695470 
695472 
695474 
695476 
695479 
695481 
695483 
695485 
695487 
695489 
695491 
695494 
695496 
695498 
695500 
695502 
695504 
695506 
695509 
695511 
695513 
695515 
695517 
695519 
695521 
695524 
695525 
695526 
695527 
695528 
695529 
695530 
695531 
695533 
695535 
695537 
695539 
695541 
695543 
695546 
695548 
695550 
695552 
695554 
695556 
695558 
695561 
695562 
695563 
695564 
695565 
695566 
695567 
695568 
695571 
695574 
695577 
695580 
695583 
695586 
695591 
695593 
695595 
695597 
695599 
695601 
695603 
695606 
695609 
695612 
695615 
695618 
695621 
695624 
695629 
695632 
695635 
695638 
695641 
695644 
695647 
695652 
695654 
695656 
695658 
695660 
695662 
695664 
695667 
695668 
695669 
695670 
695671 
695672 
695673 
695674 
695675 
695676 
695677 
695678 
695679 
695680 
695681 
695682 
695683 
695684 
695685 
695686 
695687 
695688 
695689 
695690 
695691 
695692 
695693 
695694 
695695 
695697 
695699 
695701 
695703 
695705 
695707 
695710 
695712 
695714 
695716 
695718 
695720 
695722 
695725 
695726 
695727 
695728 
695729 
695730 
695731 
695732 
695735 
695738 
695741 
695744 
695747 
695750 
695755 
695757 
695759 
695761 
695763 
695765 
695767 
695770 
695771 
695772 
695773 
695774 
695775 
695776 
695777 
695780 
695783 
695786 
695789 
695792 
695795 
695800 
695803 
695806 
695809 
695812 
695815 
695818 
695823 
695825 
695827 
695829 
695831 
695833 
695835 
695838 
695839 
695840 
695841 
695842 
695843 
695844 
695845 
695846 
695847 
695848 
695849 
695850 
695851 
695852 
695853 
695854 
695855 
695856 
695857 
695858 
695859 
695860 
695861 
695862 
695863 
695864 
695865 
695866 
695869 
695872 
695875 
695878 
695881 
695884 
695889 
695890 
695891 
695892 
695893 
695894 
695895 
695896 
695897 
695898 
695899 
695900 
695901 
695902 
695903 
695904 
695905 
695906 
695907 
695908 
695909 
695910 
695914 
695918 
695922 
695926 
695930 
695934 
695941 
695943 
695945 
695947 
695949 
695951 
695953 
695956 
695960 
695964 
695968 
695972 
695976 
695980 
695987 
695989 
695991 
695993 
695995 
695997 
695999 
696002 
696005 
696008 
696011 
696014 
696017 
696020 
696025 
696030 
696035 
696040 
696045 
696050 
696055 
696064 
696066 
696068 
696070 
696072 
696074 
696076 
696079 
696080 
696081 
696082 
696083 
696084 
696085 
696086 
696090 
696094 
696098 
696102 
696106 
696110 
696117 
696120 
696123 
696126 
696129 
696132 
696135 
696140 
696141 
696142 
696143 
696144 
696145 
696146 
696147 
696148 
696149 
696150 
696151 
696152 
696153 
696154 
696157 
696160 
696163 
696166 
696169 
696172 
434032 
696177 
696178 
696179 
696180 
696181 
434038 
696182 
696183 
696184 
696185 
696186 
696187 
434044 
696188 
696189 
696190 
696191 
696192 
696193 
434050 
696194 
696195 
696196 
696197 
696198 
434056 
696201 
696204 
434062 
696207 
696210 
434068 
696213 
696216 
696221 
434079 
696223 
696225 
696227 
434085 
696229 
696231 
696233 
434091 
696236 
696239 
434097 
696242 
696245 
434103 
696248 
696251 
434109 
696254 
434115 
696259 
696262 
696265 
696268 
434126 
696271 
696274 
434132 
696277 
434138 
696282 
696283 
696284 
696285 
696286 
696287 
434144 
696288 
696289 
696290 
696291 
696292 
696293 
434150 
696294 
696295 
696296 
696297 
696298 
696299 
434156 
696300 
696301 
696302 
696303 
696305 
434162 
696307 
696309 
696311 
696313 
696315 
434173 
696318 
696321 
434179 
696324 
696327 
434185 
696330 
696333 
434191 
696336 
434197 
696341 
696345 
434203 
696349 
434209 
696353 
696357 
696361 
434220 
696365 
434226 
696372 
696373 
696374 
696375 
434232 
696376 
696377 
696378 
696379 
696381 
434238 
696383 
696385 
696387 
434244 
696389 
696391 
434250 
696394 
696395 
696396 
696397 
696398 
696399 
434256 
696400 
696401 
696403 
696405 
696407 
696409 
434267 
696411 
696413 
434272 
696416 
696419 
434277 
696422 
696425 
434282 
696428 
434287 
696431 
696434 
434292 
696439 
434297 
696441 
696443 
696445 
696447 
696449 
434306 
696451 
696454 
434311 
696457 
434316 
696460 
696463 
434321 
696466 
696469 
434326 
696472 
434331 
696477 
434336 
696480 
696483 
696486 
434345 
696489 
696492 
434350 
696495 
434355 
696500 
696503 
434360 
696506 
434365 
696509 
696512 
434370 
696515 
696518 
434375 
696523 
696524 
696525 
696526 
696527 
434384 
696528 
696529 
696530 
696531 
696532 
696533 
434390 
696534 
696535 
696536 
696537 
696538 
696539 
434396 
696540 
696541 
696542 
696543 
696544 
434402 
696546 
696548 
696550 
434408 
696552 
696554 
696556 
434414 
696559 
696562 
434420 
696565 
696568 
696571 
696574 
434431 
696577 
434436 
696582 
434441 
696585 
696588 
434446 
696591 
696594 
434451 
696597 
434456 
696600 
434461 
696605 
696606 
696607 
696608 
696609 
696610 
696611 
696612 
696613 
434470 
696614 
696615 
696616 
696617 
696618 
696619 
434476 
696620 
696621 
696622 
696623 
696624 
696625 
434482 
696626 
696628 
696630 
434488 
696632 
696634 
696636 
434494 
696638 
696641 
696643 
434500 
696645 
696647 
696649 
434506 
696651 
696653 
696656 
696658 
696660 
434517 
696662 
696664 
434522 
696666 
696668 
434527 
696671 
696672 
696673 
696674 
696675 
434532 
696676 
696677 
696678 
434537 
696681 
696684 
434542 
696687 
696690 
434547 
696693 
696696 
434556 
696701 
696703 
434561 
696705 
696707 
696709 
434566 
696711 
696713 
434571 
696716 
696718 
434576 
696720 
696722 
696724 
434581 
696726 
696728 
434586 
696731 
696733 
696735 
696737 
434595 
696739 
696741 
696743 
434600 
696746 
696747 
696748 
434605 
696749 
696750 
696751 
696752 
696753 
434610 
696755 
696757 
434615 
696759 
696761 
696763 
434620 
696765 
696768 
434625 
696770 
696772 
696774 
696776 
434634 
696778 
696780 
696783 
434640 
696785 
696787 
696789 
434646 
696791 
696793 
696795 
434652 
696798 
696799 
696800 
696801 
434658 
696802 
696803 
696804 
696805 
434664 
696810 
434670 
696815 
696820 
434681 
696825 
434686 
696830 
434691 
696835 
434696 
696844 
434701 
696847 
434706 
696850 
696853 
434711 
696856 
696859 
696862 
434720 
696867 
434725 
696870 
696873 
434730 
696876 
434735 
696879 
696882 
434740 
696885 
434745 
696890 
696892 
434750 
696894 
696896 
696898 
696900 
696902 
434759 
696905 
696906 
696907 
696908 
434765 
696909 
696910 
696911 
696912 
434771 
696915 
696918 
434777 
696921 
696924 
434783 
696927 
696930 
434789 
696935 
696938 
434795 
696941 
696944 
696947 
434806 
696950 
696953 
434811 
696958 
434816 
696960 
696962 
696964 
434821 
696966 
696968 
434826 
696970 
696973 
434831 
696976 
696979 
434836 
696982 
696985 
696988 
434845 
696991 
434851 
696996 
696998 
697000 
434857 
697002 
697004 
697006 
434863 
697008 
697011 
434869 
697014 
697017 
434875 
697020 
697023 
434881 
697026 
697029 
697034 
697035 
434892 
697036 
697037 
697038 
697039 
697040 
434897 
697041 
697042 
697043 
697044 
697045 
434902 
697046 
697047 
697048 
434907 
697053 
434912 
697058 
434917 
697063 
434922 
697068 
697073 
434931 
697078 
434936 
434941 
697087 
434946 
697090 
697093 
434951 
697096 
697099 
434956 
697102 
434961 
697105 
697110 
697112 
434970 
697114 
697116 
697118 
434975 
697120 
697122 
434980 
697125 
697126 
697127 
697128 
434985 
697129 
697130 
697131 
697132 
697133 
434990 
697134 
697135 
697136 
697137 
697138 
434995 
697139 
697140 
697141 
697142 
697143 
435000 
697144 
697145 
697146 
697148 
697150 
697152 
435009 
697154 
697156 
697158 
435015 
697161 
697164 
435021 
697167 
697170 
435027 
697173 
697176 
435033 
697179 
435039 
697184 
697186 
697188 
435045 
697190 
697192 
697194 
697196 
697199 
435056 
697201 
697203 
697205 
435062 
697207 
697209 
697211 
435068 
697214 
697216 
435074 
697218 
697220 
697222 
435080 
697224 
697226 
697229 
435086 
697231 
697233 
697235 
435092 
697237 
697239 
697241 
697244 
435103 
697247 
697250 
435108 
697253 
697256 
435113 
697259 
435118 
697262 
435123 
697267 
697269 
697271 
435128 
697273 
697275 
435133 
697277 
697279 
697282 
697283 
697284 
697285 
435142 
697286 
697287 
697288 
697289 
435147 
697292 
697295 
435152 
697298 
435157 
697301 
697304 
435162 
697307 
435167 
697312 
697315 
435172 
697318 
697321 
697324 
435181 
697327 
697330 
435187 
697335 
435193 
697337 
697339 
697341 
435199 
697343 
697345 
697347 
435205 
697350 
697352 
697354 
435211 
697356 
697358 
697360 
435217 
697362 
697365 
697366 
697367 
697368 
697369 
697370 
697371 
435228 
697372 
697374 
697376 
435234 
697378 
697380 
697382 
435240 
697384 
697387 
435246 
697392 
435252 
697397 
435258 
697402 
697407 
435264 
697412 
697417 
435275 
435281 
697426 
697430 
435287 
697434 
435293 
697438 
697442 
435299 
697446 
435305 
697450 
435311 
697457 
697459 
697461 
697463 
697465 
435322 
697467 
697469 
435327 
697472 
697473 
697474 
697475 
435332 
697476 
697477 
697478 
697479 
435337 
697481 
697483 
697485 
435342 
697487 
697489 
435347 
697491 
697494 
435352 
697496 
697498 
697500 
697502 
697504 
435361 
697506 
697509 
435368 
697513 
697517 
435375 
697521 
697525 
435382 
697529 
435389 
697533 
435396 
697540 
697543 
697546 
435403 
697549 
697552 
697555 
697558 
435416 
435419 
697563 
435422 
697567 
435425 
697571 
435428 
435431 
697575 
435434 
697579 
435439 
697583 
697587 
435444 
435449 
697594 
697596 
435454 
697598 
697600 
697602 
435459 
697604 
697606 
435464 
697609 
697610 
697611 
697612 
435469 
697613 
697614 
697615 
697616 
697618 
697620 
435478 
697622 
697624 
435482 
697626 
697628 
435486 
697631 
697632 
697633 
435490 
697634 
697635 
697636 
697637 
435494 
697638 
697640 
435498 
697642 
697644 
435502 
697646 
697648 
697650 
435509 
697653 
697656 
435514 
697659 
697662 
435519 
697665 
435524 
697668 
697671 
435529 
697676 
435534 
697678 
697680 
697682 
435539 
697684 
697686 
697688 
697691 
435548 
697693 
697695 
435553 
697697 
697699 
697701 
435558 
697703 
697706 
435563 
697708 
697710 
435568 
697712 
697714 
697716 
435573 
697718 
697721 
435578 
697723 
697725 
697727 
697729 
435587 
697731 
697733 
435590 
697736 
435593 
697739 
435596 
697742 
435599 
697745 
435602 
697748 
435605 
697751 
435610 
697754 
435615 
697759 
697761 
697763 
435620 
697765 
697767 
435625 
697769 
697771 
435630 
697774 
697778 
435635 
697782 
435640 
697786 
697790 
435649 
697794 
435653 
697798 
435657 
435661 
697805 
697807 
435665 
697809 
697811 
435669 
697813 
697815 
435673 
697817 
697820 
697822 
435680 
697824 
697826 
697828 
435686 
697830 
697832 
697835 
435692 
697838 
697841 
435698 
697844 
697847 
435704 
697850 
697853 
435710 
697858 
435716 
697861 
697864 
697867 
697870 
435727 
697873 
435731 
697876 
435735 
697881 
435739 
697883 
697885 
435743 
697887 
697889 
435747 
697891 
697893 
435751 
697896 
697898 
697900 
435758 
697902 
697904 
435761 
697906 
435764 
697908 
435767 
697911 
697913 
435770 
697915 
435773 
697917 
697919 
435776 
697921 
697923 
435781 
697926 
697928 
435786 
697930 
697932 
697934 
435791 
697936 
697938 
435796 
697941 
435801 
697946 
435806 
697951 
435811 
697956 
697961 
435820 
697966 
435825 
697971 
435830 
435835 
697980 
435840 
697984 
697988 
435845 
697992 
435850 
697996 
698000 
435859 
698004 
435862 
435865 
698011 
435868 
698013 
435871 
698015 
698017 
435874 
698019 
435877 
698021 
698023 
435882 
698026 
698028 
435886 
698030 
698032 
435890 
698034 
698036 
435894 
698038 
698041 
435898 
698042 
698043 
698044 
698045 
435902 
698046 
698047 
698048 
435906 
698050 
698052 
698054 
698056 
435913 
698058 
698060 
435917 
698063 
435921 
698065 
698067 
435925 
698069 
698071 
435929 
698073 
698075 
435933 
698078 
435937 
698082 
698086 
435944 
698090 
435947 
435950 
698094 
435953 
698098 
435956 
698102 
435959 
435962 
698109 
435967 
698112 
698115 
435972 
698118 
435977 
698121 
698124 
435982 
698127 
435987 
698132 
435992 
698136 
698140 
435997 
698144 
698148 
436006 
698152 
436009 
436012 
698156 
436015 
436018 
698163 
436021 
698165 
698167 
436024 
698169 
698171 
436029 
698173 
698175 
698178 
436035 
698180 
698182 
698184 
436041 
698186 
698188 
698190 
436047 
698193 
698194 
698195 
698196 
436053 
698197 
698198 
698199 
698200 
698201 
698202 
436059 
698203 
698204 
698205 
698206 
698207 
436065 
698209 
698211 
698213 
698215 
698217 
698219 
436076 
698222 
436080 
698224 
698226 
436084 
698228 
698230 
436088 
698232 
698234 
436092 
698237 
698238 
698239 
436096 
698240 
698241 
698242 
698243 
436100 
698244 
698247 
698250 
436107 
698253 
436112 
698256 
698259 
436117 
698262 
436122 
698267 
698270 
436127 
698273 
436132 
698276 
698279 
436137 
698282 
698285 
436146 
698290 
698292 
698294 
436152 
698296 
698298 
698300 
436158 
698302 
698305 
698306 
698307 
436164 
698308 
698309 
698310 
698311 
698312 
436170 
698318 
436176 
698324 
436182 
698330 
698336 
436193 
436197 
698342 
436201 
698348 
436205 
436209 
436213 
698359 
436217 
698362 
698365 
436224 
698368 
698371 
436230 
698374 
698377 
436236 
698382 
698385 
436242 
698388 
698391 
436248 
698394 
698397 
436254 
698400 
436260 
698405 
698407 
698409 
698411 
698413 
436271 
698415 
698417 
436275 
698420 
698422 
436279 
698424 
698426 
436283 
698428 
698430 
436287 
698432 
436291 
698435 
698438 
436295 
698441 
698444 
436302 
698447 
436305 
698450 
436308 
698453 
436311 
436314 
698458 
698460 
436317 
698462 
436320 
698464 
698466 
698468 
436325 
698470 
436329 
698473 
698474 
698475 
698476 
436333 
698477 
698478 
698479 
698480 
436337 
698483 
436341 
698486 
436345 
698489 
698492 
436349 
698495 
698498 
436356 
698503 
436361 
698506 
698509 
436366 
698512 
436371 
698515 
698518 
436376 
698521 
436381 
698526 
698528 
436386 
698530 
698532 
698534 
698536 
698538 
436395 
698541 
698542 
436399 
698543 
698544 
698545 
698546 
436403 
698547 
698548 
436407 
698551 
698554 
436411 
698557 
436415 
698560 
436419 
698563 
698566 
436426 
698571 
436429 
698575 
436432 
436435 
698579 
436438 
698583 
436441 
698587 
436444 
698591 
436449 
698595 
436456 
698602 
698606 
436463 
698610 
436470 
698614 
698618 
436477 
698622 
698626 
436484 
698633 
436491 
698635 
698637 
698639 
698641 
698643 
698645 
436504 
698648 
698650 
698652 
436509 
698654 
698656 
436514 
698658 
698660 
436519 
698663 
698664 
698665 
698666 
698667 
436524 
698668 
698669 
698670 
698671 
698672 
436529 
698673 
698674 
698675 
698676 
698677 
436534 
698681 
698685 
436543 
698689 
436547 
698693 
436551 
698697 
436555 
698701 
436559 
436563 
698708 
436567 
698711 
698714 
698717 
436574 
698720 
436579 
698723 
698726 
436584 
698731 
698732 
436589 
698733 
698734 
698735 
698736 
698737 
436594 
698738 
698740 
698742 
436599 
698744 
698746 
436604 
698748 
698750 
698753 
698756 
436613 
698759 
436616 
698762 
436619 
698765 
436622 
698768 
436625 
698771 
436628 
436631 
698776 
698777 
698778 
698779 
436636 
698780 
698781 
698782 
698783 
436641 
698785 
698787 
698789 
436646 
698791 
698793 
436651 
698795 
698798 
436656 
698801 
698804 
436661 
698807 
436666 
698810 
698813 
698816 
436675 
698821 
436678 
698822 
698823 
698824 
436681 
698825 
698826 
698827 
436684 
698828 
436687 
698831 
436690 
698834 
436693 
698837 
698840 
436698 
698843 
698846 
436703 
698851 
436708 
698853 
698855 
436713 
698857 
698859 
698861 
436718 
698863 
698866 
436723 
698870 
436728 
698874 
698878 
436737 
698882 
436741 
698886 
436745 
698890 
436749 
436753 
698897 
698900 
436757 
698903 
436761 
698906 
698909 
436768 
698912 
698915 
436774 
698920 
698922 
436780 
698924 
698926 
698928 
436786 
698930 
698932 
698935 
436792 
698937 
698939 
698941 
436798 
698943 
698945 
698947 
436804 
698950 
698953 
698956 
436815 
698959 
698962 
436819 
698965 
436823 
698968 
436827 
698973 
698974 
436831 
698975 
698976 
698977 
698978 
436835 
698979 
698980 
698981 
698982 
436839 
698983 
698984 
698985 
698986 
698987 
436846 
698991 
436851 
698995 
698999 
436856 
699003 
436861 
699007 
436866 
699011 
436871 
699018 
436876 
699021 
699024 
699027 
436885 
699030 
699033 
436890 
699036 
436895 
699041 
699042 
699043 
436900 
699044 
699045 
699046 
699047 
699048 
436905 
699050 
699052 
436910 
699054 
699056 
699058 
436915 
699060 
699063 
699065 
699067 
436924 
699069 
699071 
699073 
436930 
699075 
699078 
436936 
699080 
699082 
699084 
436942 
699086 
699088 
699090 
436948 
699093 
699094 
699095 
699096 
699097 
436954 
699098 
699099 
699100 
699102 
436960 
699104 
699106 
699108 
699110 
699112 
436971 
699115 
699116 
699117 
699118 
699119 
699120 
436977 
699121 
699122 
699125 
436983 
699128 
699131 
436989 
699134 
699137 
436995 
699140 
437001 
699145 
699147 
699149 
437007 
699151 
699153 
699155 
699157 
699160 
437018 
699162 
699164 
437022 
699166 
699168 
437026 
699170 
699172 
437030 
699175 
699176 
699177 
437034 
699178 
699179 
699180 
699181 
437038 
699182 
699183 
699184 
699185 
437042 
699186 
699187 
699188 
699189 
699191 
437049 
699193 
699195 
437053 
699197 
699199 
437057 
699201 
699204 
437061 
699206 
699208 
437065 
699210 
699212 
437069 
699214 
699216 
437073 
699219 
699222 
437080 
699225 
699228 
437085 
699231 
437090 
699234 
699237 
437095 
699242 
437100 
699244 
699246 
699248 
437105 
699250 
699252 
437110 
699254 
699257 
699258 
699259 
699260 
699261 
699262 
437119 
699263 
699264 
699266 
437124 
699268 
699270 
699272 
437129 
699274 
699276 
437134 
699279 
699280 
699281 
699282 
437139 
699283 
699284 
699285 
699286 
437144 
699291 
437149 
699296 
699301 
437158 
699306 
437163 
699311 
437168 
699316 
437173 
437178 
699325 
437183 
699327 
699329 
699331 
437188 
699333 
699335 
699337 
699340 
437197 
699344 
437201 
699348 
437205 
699352 
437209 
699356 
437213 
699360 
437217 
699364 
437221 
699371 
437228 
437231 
699375 
437234 
699379 
437237 
699383 
437240 
437243 
699387 
437246 
699391 
437251 
699395 
437256 
699402 
437261 
699405 
699408 
437266 
699411 
699414 
437271 
699417 
437276 
699420 
437281 
699425 
699427 
699429 
699431 
699433 
437290 
699435 
699437 
437294 
699440 
699441 
437298 
699442 
699443 
699444 
699445 
437302 
699446 
699447 
437306 
699451 
437310 
699455 
437314 
699459 
699463 
437321 
699467 
437325 
699471 
437329 
437333 
699478 
699480 
437337 
699482 
699484 
437341 
699486 
699488 
437345 
699490 
699493 
699495 
437352 
699497 
699499 
437356 
699501 
699503 
437360 
699505 
437364 
699508 
699509 
699510 
699511 
437368 
699512 
699513 
699514 
699515 
437372 
699519 
437376 
699523 
437383 
699527 
699531 
437388 
699535 
437393 
699539 
437398 
699546 
437403 
699548 
699550 
437408 
699552 
699554 
699556 
437413 
699558 
699561 
699562 
699563 
699564 
699565 
437422 
699566 
699567 
699568 
437425 
699569 
699570 
699571 
437428 
699572 
699573 
699574 
437431 
699575 
437434 
699579 
437437 
699583 
437440 
699587 
437445 
699591 
437450 
699595 
437455 
699599 
437460 
699606 
699608 
437465 
699610 
699612 
437470 
699614 
699616 
699618 
437475 
699621 
699623 
699625 
699627 
437484 
699629 
699631 
699633 
437490 
699636 
699637 
699638 
699639 
437496 
699640 
699641 
699642 
699643 
437502 
699646 
699649 
437508 
699652 
699655 
437514 
699658 
699661 
437520 
699666 
699668 
699670 
699672 
699674 
437531 
699676 
699678 
437537 
699681 
699683 
699685 
437543 
699687 
699689 
699691 
437549 
699693 
699696 
699697 
699698 
437555 
699699 
699700 
699701 
699702 
699703 
437561 
699705 
699707 
699709 
437567 
699711 
699713 
699715 
699718 
699721 
437578 
699724 
437582 
699727 
437586 
699730 
699733 
437590 
699736 
437594 
699741 
437598 
699744 
437602 
699747 
699750 
437609 
699753 
699756 
437613 
699759 
437617 
699764 
437621 
699765 
699766 
699767 
699768 
437625 
699769 
699770 
699771 
437629 
699773 
699775 
437633 
699777 
699779 
699781 
699783 
437640 
699786 
699788 
699790 
437647 
699792 
699794 
699796 
437654 
699798 
699801 
699803 
437661 
699805 
699807 
699809 
699811 
437668 
699813 
699816 
699817 
699818 
437675 
699819 
699820 
699821 
699822 
699823 
699824 
699825 
437682 
699826 
699827 
699828 
699829 
699830 
699832 
699834 
699836 
699838 
437695 
699840 
699842 
437699 
699845 
437703 
699849 
437707 
699853 
437711 
699857 
437715 
699861 
437719 
699865 
699869 
437726 
437731 
699876 
699878 
437736 
699880 
699882 
699884 
437741 
699886 
699888 
437746 
699891 
437751 
699895 
699899 
437756 
699903 
699907 
437765 
699911 
437770 
699915 
437775 
699922 
437780 
699924 
699926 
699928 
437785 
699930 
699932 
437790 
699934 
699937 
437795 
699940 
699943 
699946 
437804 
699949 
437807 
699952 
437810 
699955 
437813 
437816 
699960 
437819 
699965 
437822 
699970 
437827 
699975 
437832 
699980 
437837 
699985 
437842 
699990 
437847 
437852 
699999 
437857 
700001 
700003 
700005 
700007 
700009 
437866 
700011 
437870 
700014 
700015 
700016 
700017 
437874 
700018 
700019 
700020 
700021 
437878 
700025 
437882 
700029 
437886 
700033 
437890 
700037 
437897 
700041 
700045 
437902 
437907 
700052 
700055 
437912 
700058 
437917 
700061 
700064 
437922 
700067 
700070 
437927 
700075 
700076 
700077 
700078 
700079 
437936 
700080 
700081 
700082 
700083 
437940 
700084 
700085 
700086 
700087 
437944 
700088 
700089 
437948 
700092 
700095 
437952 
700098 
437956 
700101 
437960 
700104 
700107 
437967 
700112 
700113 
437970 
700114 
700115 
700116 
437973 
700117 
700118 
700119 
437976 
700120 
700121 
700122 
437979 
700123 
700124 
700125 
437982 
700126 
700128 
437985 
700130 
700132 
437990 
700134 
700136 
700138 
437995 
700141 
700143 
438000 
700145 
700147 
438005 
700149 
700151 
700153 
438010 
700156 
700157 
700158 
438015 
700159 
700160 
700161 
700162 
700163 
438020 
700164 
700165 
700166 
700167 
700168 
700169 
700170 
700172 
438029 
700174 
700176 
438034 
700178 
700180 
700182 
438039 
700185 
438044 
700189 
438049 
700193 
700197 
438054 
700201 
438059 
700205 
700209 
438068 
438072 
700216 
700218 
438076 
700220 
700222 
438080 
700224 
700226 
438084 
700228 
700231 
438088 
700233 
700235 
438092 
700237 
700239 
700241 
438099 
700243 
438102 
700246 
700247 
700248 
438105 
700249 
700250 
700251 
438108 
700252 
700253 
700254 
438111 
700255 
700256 
700257 
438114 
700258 
700259 
700260 
438117 
700262 
700264 
438122 
700266 
700268 
438126 
700270 
700272 
438130 
700275 
700276 
700277 
438134 
700278 
700279 
700280 
700281 
438138 
700282 
438142 
700286 
438146 
700290 
700294 
438153 
700298 
438158 
700302 
700306 
438163 
438168 
700313 
438173 
700317 
700321 
438178 
700325 
438183 
700329 
700333 
438192 
700337 
438195 
438198 
700344 
438201 
700345 
700346 
700347 
438204 
700348 
700349 
700350 
438207 
700351 
438210 
700355 
438215 
700359 
438219 
700363 
438223 
700367 
438227 
700371 
438231 
700375 
438235 
700382 
438239 
700387 
438246 
700392 
438249 
438252 
700397 
438255 
438258 
700402 
438261 
700407 
438264 
700412 
438269 
438275 
700421 
700424 
438281 
700427 
700430 
438287 
700433 
700436 
438293 
700439 
438299 
700444 
700448 
438305 
700452 
700456 
438316 
700460 
438320 
700464 
438324 
700468 
438328 
700475 
438332 
700476 
700477 
700478 
700479 
438336 
700480 
700481 
700482 
438340 
700484 
700486 
700488 
700490 
438347 
700492 
700494 
438352 
700497 
700498 
700499 
700500 
438357 
700501 
700502 
700503 
700504 
438362 
700506 
700508 
700510 
438367 
700512 
700514 
438372 
700516 
700519 
438377 
700522 
700525 
700528 
438386 
700531 
438389 
700534 
438392 
700537 
438395 
438398 
700542 
700544 
438401 
700546 
438404 
700548 
700550 
700552 
438409 
700554 
438413 
700557 
700558 
700559 
700560 
438417 
700561 
700562 
700563 
700564 
438421 
700566 
700568 
438425 
700570 
700572 
438429 
700574 
700576 
438433 
700579 
438440 
700584 
438445 
700589 
438450 
700594 
438455 
700599 
438460 
700604 
438465 
700609 
438470 
700618 
700621 
438479 
700624 
438483 
700627 
700630 
438487 
700633 
438491 
700636 
438495 
700641 
438499 
700643 
700645 
438503 
700647 
700649 
700651 
700653 
438510 
700656 
438514 
700659 
438518 
700662 
700665 
438522 
700668 
438526 
700671 
438530 
700674 
438534 
700679 
700680 
700681 
700682 
700683 
700684 
438541 
700685 
700686 
438545 
700689 
700692 
438549 
700695 
438553 
700698 
438557 
700701 
700704 
438561 
438565 
700709 
700711 
700713 
700715 
438572 
700717 
700719 
438577 
700721 
700724 
700725 
438582 
700726 
700727 
700728 
700729 
700730 
438587 
700731 
438592 
700736 
438597 
700741 
438602 
700746 
700751 
438611 
700756 
438616 
700761 
438621 
438626 
700770 
700772 
700774 
438631 
700776 
700778 
438636 
700780 
700782 
438641 
700785 
700788 
700791 
438650 
700794 
700797 
438655 
700800 
700803 
438660 
700808 
438665 
700811 
438670 
700814 
700817 
438675 
700820 
700823 
438680 
700826 
700831 
438689 
700833 
700835 
700837 
438695 
700839 
700841 
700843 
438701 
700846 
700847 
700848 
700849 
700850 
438707 
700851 
700852 
700853 
700855 
438713 
700857 
700859 
700861 
438719 
700863 
700865 
700868 
438725 
700873 
700878 
438736 
700883 
438740 
438744 
700888 
438748 
700893 
438752 
700898 
438756 
438760 
700907 
700910 
438767 
700913 
438772 
700916 
700919 
438777 
700922 
700925 
438782 
700930 
438787 
700931 
700932 
700933 
700934 
700935 
438792 
700936 
700937 
700940 
438797 
700943 
700946 
700949 
438806 
700952 
438810 
700955 
438814 
700960 
438818 
700963 
438822 
700966 
700969 
438826 
700972 
438830 
700975 
700978 
438837 
700983 
438840 
700985 
438843 
700987 
700989 
438846 
700991 
438849 
700993 
700995 
438852 
700998 
438855 
700999 
701000 
701001 
701002 
701003 
438860 
701004 
701005 
701006 
701007 
701008 
438865 
701009 
701010 
701011 
701012 
438870 
701014 
701016 
701018 
438875 
701020 
701022 
438880 
701024 
701027 
438885 
701029 
701031 
701033 
438890 
701035 
701037 
701039 
701042 
438899 
701043 
701044 
701045 
701046 
438903 
701047 
701048 
701049 
701050 
438907 
701051 
701052 
701053 
701054 
438911 
701055 
701056 
438915 
701059 
701062 
438919 
701065 
438923 
701068 
701071 
438930 
701074 
438935 
701079 
701082 
438940 
701085 
701088 
438945 
701091 
438950 
701094 
701097 
438955 
701102 
438960 
701104 
701106 
701108 
701110 
701112 
438969 
701114 
701117 
438974 
701119 
701121 
438979 
701123 
701125 
701127 
438984 
701129 
701132 
438989 
701136 
438994 
701140 
438999 
701144 
701148 
439008 
701152 
701156 
439014 
701163 
439020 
701165 
701167 
701169 
439026 
701171 
701173 
701175 
439032 
701178 
701181 
439038 
701184 
701187 
439044 
701190 
701193 
701196 
439055 
701201 
439059 
701205 
439063 
701209 
439067 
701213 
439071 
701217 
439075 
701221 
439079 
701225 
439086 
701232 
701234 
439092 
701236 
701238 
701240 
439098 
701242 
701244 
701247 
439104 
701249 
701251 
701253 
439110 
701255 
701257 
701259 
439116 
701262 
439122 
701266 
701270 
701274 
439133 
701278 
439137 
701282 
439141 
701286 
439145 
439149 
701293 
439153 
701297 
439157 
701301 
701305 
439164 
701309 
439167 
701313 
439170 
439173 
701317 
439176 
439179 
701324 
439182 
701326 
701328 
701330 
439187 
701332 
701334 
439191 
701336 
439195 
701339 
701340 
701341 
701342 
439199 
701343 
701344 
701345 
701346 
439203 
701348 
701350 
439207 
701352 
701354 
439211 
701356 
701358 
701361 
439218 
701362 
701363 
701364 
701365 
701366 
439223 
701367 
701368 
701371 
439228 
701374 
439233 
701377 
701380 
439238 
701383 
701386 
439243 
701391 
439248 
701393 
701395 
701397 
701399 
439257 
701401 
701403 
439261 
701406 
701407 
701408 
439265 
701409 
701410 
701411 
701412 
439269 
701413 
701415 
439273 
701417 
701419 
439277 
701421 
701423 
439281 
701425 
701428 
701429 
701430 
701431 
439288 
701432 
701433 
701434 
439291 
701435 
701437 
439294 
701439 
439297 
701441 
701443 
439300 
701445 
439303 
701447 
439306 
701450 
701453 
439311 
701456 
439314 
701459 
439317 
701462 
439320 
701465 
439323 
701468 
439326 
439329 
701473 
701477 
439334 
701481 
439339 
701485 
439344 
701489 
439349 
701493 
701497 
439354 
439359 
701504 
701506 
439364 
701508 
701510 
701512 
701514 
701516 
439373 
701519 
701521 
439379 
701523 
701525 
701527 
439385 
701529 
701531 
701534 
439391 
701535 
701536 
701537 
701538 
701539 
701540 
439397 
701541 
701543 
701545 
439403 
701547 
701549 
701551 
439409 
701553 
701556 
701558 
701560 
701562 
439420 
701564 
701566 
701568 
439426 
701571 
701574 
439432 
701577 
701580 
439438 
701583 
701586 
439444 
701589 
439450 
701594 
701596 
701598 
439456 
701600 
701602 
701604 
701606 
701609 
701610 
439467 
701611 
701612 
701613 
701614 
439471 
701615 
701616 
701617 
701618 
439475 
701619 
701620 
701621 
701622 
439479 
701623 
701626 
439483 
701629 
439487 
701632 
439491 
701635 
701638 
701641 
439498 
439502 
701646 
701648 
439506 
701650 
701652 
439510 
701654 
701656 
439514 
701658 
701661 
439518 
701663 
701665 
439522 
701667 
701669 
701671 
439529 
701673 
701676 
439534 
701679 
701682 
439539 
701685 
439544 
701688 
701691 
439549 
701694 
439554 
701699 
701701 
439559 
701703 
701705 
701707 
701709 
701711 
439568 
701714 
439572 
701717 
439576 
701720 
701723 
439580 
701726 
439584 
701729 
439588 
701732 
439592 
701737 
701739 
701741 
439599 
701743 
701745 
701747 
439604 
701749 
701752 
439609 
701755 
439614 
701758 
701761 
439619 
701764 
701767 
439624 
701770 
439629 
701775 
701777 
701779 
701781 
439638 
701783 
701785 
701787 
439644 
701790 
701793 
439650 
701796 
701799 
439656 
701802 
701805 
439662 
701808 
439668 
701813 
701816 
439674 
701819 
701822 
701825 
701828 
439685 
701831 
439691 
701836 
701839 
439697 
701842 
701845 
439703 
701848 
701851 
439709 
701854 
439715 
701859 
701861 
701863 
439721 
701865 
701867 
701869 
701871 
701874 
701875 
439732 
701876 
701877 
701878 
701879 
701880 
701881 
439738 
701882 
701883 
701884 
701885 
701886 
701887 
439744 
701888 
701890 
701892 
439750 
701894 
701896 
701898 
439756 
701900 
701903 
701905 
439762 
701907 
701909 
701911 
439768 
701913 
701915 
701918 
701919 
701920 
701921 
701922 
439779 
701923 
701924 
701925 
701928 
439785 
701931 
701934 
439791 
701937 
701940 
439797 
701943 
439803 
701948 
701950 
701952 
439809 
701954 
701956 
701958 
439815 
701960 
701963 
701965 
701967 
701969 
439826 
701971 
701973 
439830 
701975 
439834 
701978 
701981 
439838 
701984 
439842 
701987 
439846 
701990 
701993 
439850 
701996 
439857 
702001 
702005 
439862 
702009 
439867 
702013 
439872 
702017 
439877 
702021 
702025 
439882 
439887 
702032 
702035 
702038 
439896 
702041 
439900 
702044 
702047 
439904 
702050 
439908 
702055 
439912 
439916 
702060 
439920 
702065 
702070 
439927 
439930 
702075 
439933 
439936 
702080 
439939 
702085 
439942 
439945 
439950 
702094 
702097 
439954 
702100 
439958 
702103 
439962 
702106 
702109 
439966 
702112 
439970 
702117 
439974 
702119 
702121 
702123 
439981 
702125 
702127 
439984 
702129 
439987 
702132 
439990 
702134 
702136 
439993 
702138 
439996 
702140 
702142 
439999 
702144 
702147 
440004 
702149 
702151 
702153 
440011 
702155 
702157 
702159 
440018 
702162 
702164 
702166 
702168 
440025 
702170 
702172 
702174 
440032 
702177 
702179 
702181 
440039 
702183 
702185 
702187 
702189 
440046 
702192 
702193 
702194 
702195 
702196 
702197 
702198 
702199 
702201 
440059 
702203 
702205 
440063 
702207 
702209 
440067 
702211 
702214 
440071 
702217 
440075 
702220 
440079 
702223 
702226 
440083 
702229 
702232 
440090 
702237 
440095 
702241 
440100 
702245 
440105 
702249 
702253 
440110 
702257 
440115 
702261 
440120 
702268 
702270 
702272 
440129 
702274 
702276 
440134 
702278 
702280 
440139 
702283 
702284 
702285 
702286 
702287 
440144 
702288 
702289 
702290 
702292 
440149 
702294 
702296 
440154 
702298 
702300 
702302 
440159 
702305 
702306 
702307 
702308 
702309 
702310 
702311 
440168 
702312 
702313 
702314 
440171 
702315 
702316 
702317 
440174 
702318 
702319 
702320 
440177 
702321 
702322 
702323 
440180 
702324 
702325 
702326 
440183 
702328 
440186 
702330 
702332 
702334 
440191 
702336 
702338 
440196 
702341 
702343 
440201 
702345 
702347 
702349 
440206 
702351 
702353 
440211 
702356 
702357 
702358 
702359 
440216 
702360 
702361 
702362 
702363 
440221 
702365 
702367 
702369 
702371 
702373 
440230 
702375 
440234 
702378 
702381 
440238 
702384 
440242 
702387 
440246 
702390 
702393 
440250 
702396 
440254 
702401 
702404 
440261 
702407 
440266 
702410 
702413 
440271 
702416 
702419 
440276 
702424 
440281 
702426 
702428 
440286 
702430 
702432 
702434 
440291 
702436 
702439 
702441 
702443 
440300 
702445 
702447 
440304 
702449 
702451 
440308 
702454 
440312 
702457 
440316 
702460 
702463 
440320 
702466 
440324 
702469 
702472 
440331 
702477 
702479 
440336 
702481 
702483 
440341 
702485 
702487 
702489 
440346 
702492 
702494 
440351 
702496 
702498 
440356 
702500 
702502 
702504 
440361 
702507 
702508 
702509 
702510 
702511 
702512 
702513 
440370 
702514 
702516 
440373 
702518 
440376 
702520 
702522 
440379 
702524 
440382 
702526 
440385 
702529 
702531 
440388 
702533 
702535 
440393 
702537 
702539 
702541 
440398 
702544 
440403 
702547 
702550 
440408 
702553 
702556 
440413 
702559 
440418 
702562 
440423 
702567 
702570 
702573 
440432 
702576 
702579 
440436 
702582 
440440 
702585 
440444 
702590 
702591 
440448 
702592 
702593 
702594 
702595 
440452 
702596 
702597 
702598 
702599 
440456 
702600 
702601 
702602 
702603 
702604 
440463 
702607 
702610 
440468 
702613 
702616 
440473 
702619 
440478 
702622 
440483 
702627 
702629 
702631 
440488 
702633 
702635 
440493 
702637 
702639 
702642 
702643 
702644 
702645 
440502 
702646 
702647 
702648 
702649 
440506 
702651 
702653 
440510 
702655 
702657 
440514 
702659 
702661 
440518 
702664 
702665 
440522 
702666 
702667 
702668 
702669 
440526 
702670 
702671 
702673 
702675 
440533 
702677 
702679 
702681 
702683 
440540 
702686 
702688 
702690 
440547 
702692 
702694 
702696 
440554 
702698 
702701 
702702 
702703 
702704 
440561 
702705 
702706 
702707 
702708 
702711 
440568 
702714 
702717 
440575 
702720 
702723 
702726 
702731 
440588 
702733 
702735 
440592 
702737 
702739 
440596 
702741 
702743 
440600 
702746 
702747 
440604 
702748 
702749 
702750 
702751 
440608 
702752 
702753 
702754 
702755 
440612 
702756 
702757 
702758 
702759 
702760 
702761 
702762 
440619 
702763 
702764 
702765 
702766 
702767 
440624 
702769 
702771 
440629 
702773 
702775 
702777 
440634 
702779 
702782 
440639 
702783 
702784 
702785 
702786 
702787 
440644 
702788 
702789 
702792 
440649 
702795 
702798 
702801 
440658 
702804 
440662 
702807 
440666 
702812 
440670 
702815 
440674 
702818 
702821 
440678 
702824 
440682 
702827 
702830 
440689 
702835 
440692 
702838 
440695 
702841 
440698 
702844 
440701 
702847 
440704 
702850 
440707 
702853 
440712 
702858 
440716 
702861 
440720 
702864 
702867 
440724 
702870 
440728 
702873 
440732 
702876 
440736 
702881 
702882 
702883 
702884 
702885 
702886 
440743 
702887 
702888 
702889 
440746 
702890 
702891 
702892 
440749 
702893 
702894 
702895 
440752 
702897 
440755 
702899 
702901 
440758 
702903 
440761 
702905 
702907 
440766 
702910 
702911 
702912 
702913 
702914 
440771 
702915 
702916 
702917 
440776 
702920 
702923 
440781 
702926 
702929 
440786 
702932 
440791 
702935 
440796 
702940 
702943 
702946 
440805 
702949 
702952 
440811 
702955 
702958 
440817 
702963 
702965 
440823 
702967 
702969 
702971 
440829 
702973 
702975 
702978 
440835 
702980 
702982 
702984 
440841 
702986 
702988 
702990 
702993 
440852 
702996 
702999 
440857 
703002 
703005 
440862 
703008 
440867 
703011 
440872 
703016 
703019 
440877 
703022 
703025 
440882 
703028 
703031 
703034 
440891 
703039 
440897 
703042 
703045 
440903 
703048 
703051 
440909 
703054 
703057 
440915 
703062 
703064 
440921 
703066 
703068 
703070 
440927 
703072 
703074 
703077 
703079 
703081 
440938 
703083 
703085 
703087 
440944 
703089 
703092 
440950 
703094 
703096 
703098 
440956 
703100 
703102 
703104 
440962 
703107 
703110 
440968 
703113 
703116 
440974 
703119 
703122 
703125 
440985 
703130 
703132 
703134 
440991 
703136 
703138 
703140 
440997 
703142 
703145 
441003 
703148 
703151 
441009 
703154 
703157 
441015 
703160 
703163 
441021 
703168 
703170 
703172 
703174 
441032 
703176 
703178 
703180 
441038 
703183 
703185 
703187 
441044 
703189 
703191 
703193 
441050 
703195 
703198 
441056 
703200 
703202 
703204 
441062 
703206 
703208 
703210 
441068 
703213 
703214 
703215 
703216 
703217 
703218 
703219 
703220 
703221 
703222 
441079 
703223 
703224 
703225 
703226 
703227 
703228 
441085 
703229 
703230 
703231 
703232 
703233 
703234 
441091 
703236 
703238 
703240 
441097 
703242 
703244 
703246 
441103 
703249 
703250 
703251 
703252 
441109 
703253 
703254 
703255 
703256 
441115 
703260 
703264 
703268 
441126 
703272 
441131 
703276 
441136 
703280 
441141 
703287 
441146 
703290 
703293 
441151 
703296 
703299 
441156 
703302 
703305 
441165 
703310 
703314 
441171 
703318 
441177 
703322 
703326 
441183 
703330 
441189 
703334 
441195 
703341 
703342 
703343 
703344 
441201 
703345 
703346 
703347 
703348 
703351 
703354 
441212 
703357 
703360 
441217 
703363 
441222 
703366 
441227 
703371 
703372 
703373 
703374 
703375 
441232 
703376 
703377 
703378 
703379 
703380 
441237 
703381 
703382 
703383 
703384 
703385 
441242 
703387 
703389 
703391 
703393 
441251 
703395 
703397 
703400 
441257 
703402 
703404 
703406 
441263 
703408 
703410 
703412 
441269 
703415 
703416 
703417 
703418 
441275 
703419 
703420 
703421 
703422 
441281 
703426 
703430 
441287 
703434 
703438 
441298 
703442 
703446 
441304 
703453 
441310 
703456 
703459 
441316 
703462 
703465 
441322 
703468 
703471 
441328 
703476 
441334 
703478 
703480 
703482 
703484 
703486 
703488 
441345 
703491 
703492 
703493 
703494 
441351 
703495 
703496 
703497 
703498 
703500 
441357 
703502 
703504 
703506 
441363 
703508 
703510 
441369 
703513 
703516 
441375 
703519 
703522 
441381 
703525 
703528 
703531 
441392 
703536 
703540 
441398 
703544 
441404 
703548 
703552 
441410 
703556 
441416 
703560 
441422 
703567 
703570 
441428 
703573 
703576 
703579 
703582 
441439 
703585 
441445 
703590 
703593 
441451 
703596 
703599 
441457 
703602 
703605 
441463 
703608 
441469 
703613 
703616 
441475 
703619 
703622 
703625 
703628 
441486 
703631 
441492 
703636 
703638 
703640 
441498 
703642 
703644 
703646 
441504 
703648 
703651 
703652 
703653 
441510 
703654 
703655 
703656 
703657 
703658 
441516 
703662 
441522 
703666 
703670 
703674 
441533 
703678 
703682 
441539 
441545 
703689 
703692 
441551 
703695 
703698 
441557 
703701 
703704 
441563 
703707 
703712 
441569 
703714 
703716 
703718 
703720 
703722 
441580 
703724 
703727 
703728 
703729 
441586 
703730 
703731 
703732 
703733 
703734 
441592 
703736 
703738 
703740 
441598 
703742 
703744 
703746 
441604 
703749 
703751 
703753 
441610 
703755 
703757 
703759 
441616 
703761 
703764 
703766 
703768 
703770 
441627 
703772 
703774 
703776 
441633 
703779 
703780 
703781 
703782 
441639 
703783 
703784 
703785 
703786 
703787 
703788 
441645 
703789 
703790 
703791 
703792 
703793 
441651 
703795 
703797 
703799 
441657 
703801 
703803 
703805 
441663 
703808 
703811 
703814 
703817 
441674 
703820 
703823 
441680 
703826 
441686 
703831 
703834 
441692 
703837 
703840 
441698 
703843 
703846 
441704 
703849 
441710 
703854 
703855 
703856 
703857 
703858 
703859 
703860 
703861 
703862 
703863 
703864 
441721 
703865 
703866 
703867 
703868 
441727 
703872 
703876 
441733 
703880 
441739 
703884 
703888 
441745 
703892 
441751 
703899 
441757 
703901 
703903 
703905 
703907 
703909 
703911 
441768 
703914 
441773 
703917 
703920 
441778 
703923 
703926 
441783 
703929 
441788 
703932 
441793 
703937 
703938 
703939 
703940 
703941 
441798 
703942 
703943 
703944 
703945 
703946 
703947 
703948 
703949 
703950 
441807 
703951 
703953 
703955 
441812 
703957 
703959 
441817 
703961 
703963 
441822 
703966 
703969 
441827 
703972 
703975 
441832 
703978 
441837 
703981 
703984 
703989 
441846 
703992 
703995 
441852 
703998 
704001 
441858 
704004 
704007 
441864 
704012 
704013 
441870 
704014 
704015 
704016 
704017 
704018 
704019 
441876 
704020 
704021 
704022 
704023 
704024 
704025 
441882 
704026 
704027 
704028 
704029 
704030 
704031 
704032 
704033 
704036 
441893 
704039 
441898 
704042 
704045 
441903 
704048 
704051 
441908 
704056 
441913 
704059 
441918 
704062 
704065 
441923 
704068 
704071 
704074 
441932 
704079 
704080 
704081 
441938 
704082 
704083 
704084 
704085 
704086 
704087 
441944 
704088 
704089 
704090 
704091 
704092 
704093 
441950 
704096 
704099 
441956 
704102 
704105 
441962 
704108 
704111 
441968 
704116 
704120 
441979 
704124 
441984 
704128 
704132 
441989 
704136 
441994 
704140 
441999 
704147 
442004 
704149 
704151 
442009 
704153 
704155 
704157 
704159 
442018 
704162 
704165 
442024 
704168 
704171 
442030 
704174 
704177 
442036 
704180 
704185 
442042 
704187 
704189 
704191 
442048 
704193 
704195 
704197 
442054 
704200 
704202 
704204 
704206 
704208 
442065 
704210 
704212 
442070 
704215 
704218 
442075 
704221 
442080 
704224 
704227 
442085 
704230 
704233 
442090 
704238 
442095 
704242 
704246 
442104 
704250 
442110 
704254 
704258 
442116 
704262 
442122 
704269 
442128 
704272 
704275 
442134 
704278 
704281 
442140 
704284 
704287 
704292 
704293 
704294 
442151 
704295 
704296 
704297 
704298 
704299 
442157 
704302 
704305 
442163 
704308 
704311 
442169 
704314 
704317 
442175 
704322 
704324 
442181 
704326 
704328 
704330 
442187 
704332 
704334 
704337 
704339 
704341 
442198 
704343 
704345 
442203 
704347 
704349 
442208 
704352 
704356 
442213 
704360 
442218 
704364 
442223 
704368 
442228 
704372 
704376 
442237 
704383 
704385 
442243 
704387 
704389 
704391 
442249 
704393 
704395 
704398 
442255 
704401 
704404 
442261 
704407 
704410 
442267 
704413 
704416 
442273 
704421 
704422 
704423 
704424 
704425 
704426 
704427 
442284 
704428 
704429 
704430 
704431 
704432 
704433 
442290 
704434 
704435 
704436 
704437 
704438 
704439 
442296 
704440 
704441 
704442 
704444 
442302 
704446 
704448 
704450 
442308 
704452 
704454 
704457 
442314 
704458 
704459 
704460 
704461 
704462 
704463 
442320 
704464 
704467 
704470 
704473 
442331 
704476 
704479 
442338 
704482 
704487 
704488 
442345 
704489 
704490 
704491 
704492 
704493 
704494 
442352 
704496 
704498 
704500 
704502 
442359 
704504 
704506 
704509 
442366 
704512 
704515 
442373 
704518 
704521 
704524 
704527 
442386 
704532 
704533 
704534 
704535 
704536 
442393 
704537 
704538 
704539 
704540 
704541 
704542 
704543 
442400 
704544 
704545 
704546 
704549 
442407 
704552 
704555 
442414 
704558 
704561 
704564 
442421 
704569 
442428 
704572 
704575 
704578 
704581 
704584 
442441 
704587 
442448 
704592 
704593 
704594 
704595 
704596 
704597 
704598 
442455 
704599 
704600 
704601 
704602 
704603 
704604 
704605 
442462 
704606 
704609 
704612 
442469 
704615 
704618 
442476 
704621 
704624 
442483 
704629 
704633 
704637 
442496 
704641 
704645 
442502 
704649 
442508 
704653 
442514 
704660 
704662 
442520 
704664 
704666 
704668 
442526 
704670 
704672 
704675 
442532 
704678 
704681 
704684 
442543 
704687 
704690 
442548 
704693 
442553 
704698 
442558 
704703 
442563 
704708 
442568 
704713 
442573 
704718 
704723 
442582 
704728 
442588 
704737 
442594 
704739 
704741 
704743 
442600 
704745 
704747 
704749 
442606 
704752 
704754 
442612 
704756 
704758 
704760 
442618 
704762 
704764 
704767 
704770 
442629 
704773 
704776 
442634 
704779 
704782 
442639 
704785 
442644 
704790 
442649 
704793 
704796 
442654 
704799 
704802 
442659 
704805 
704808 
442668 
704813 
704814 
704815 
704816 
442673 
704817 
704818 
704819 
704820 
704821 
442678 
704822 
704823 
704824 
704825 
704826 
442683 
704827 
704830 
442688 
704833 
704836 
442693 
704839 
442698 
704842 
704845 
704850 
442707 
704853 
442712 
704856 
704859 
442717 
704862 
704865 
442722 
704868 
442727 
704873 
442732 
704876 
704879 
442737 
704882 
704885 
704888 
442746 
704891 
442751 
704896 
704897 
704898 
704899 
442756 
704900 
704901 
704902 
704903 
442761 
704905 
704907 
704909 
442766 
704911 
704913 
442771 
704915 
704918 
442776 
704921 
704924 
704927 
442785 
704930 
704933 
442790 
704936 
442795 
704941 
704943 
442800 
704945 
704947 
442805 
704949 
704951 
704953 
442810 
704956 
704958 
442815 
704960 
704962 
704964 
704966 
442824 
704968 
704971 
442829 
704976 
442834 
704981 
442839 
704986 
442844 
704991 
442849 
704996 
442854 
705001 
442863 
705010 
442868 
705013 
705016 
442873 
705019 
442878 
705022 
705025 
442883 
705028 
442888 
705033 
705036 
442893 
705039 
705042 
705045 
442902 
705048 
442907 
705051 
442912 
705056 
705058 
705060 
442917 
705062 
705064 
442922 
705066 
705068 
442927 
705071 
705074 
442932 
705077 
705080 
705083 
442941 
705086 
705089 
442948 
705094 
705097 
442955 
705100 
705103 
442962 
705106 
705109 
705112 
442969 
705117 
705119 
442976 
705121 
705123 
705125 
442983 
705127 
705129 
705132 
705133 
705134 
705135 
705136 
705137 
705138 
705139 
442996 
705143 
443001 
705147 
443006 
705151 
443011 
705155 
705159 
443016 
705163 
443021 
443026 
705170 
705171 
705172 
705173 
705174 
705175 
705176 
705177 
443035 
705179 
705181 
705183 
705185 
443042 
705187 
705189 
705192 
443049 
705194 
705196 
705198 
443056 
705200 
705202 
705204 
443063 
705207 
705210 
705213 
443070 
705216 
705219 
443077 
705222 
705225 
705230 
705232 
443090 
705234 
705236 
705238 
705240 
443097 
705242 
705245 
705247 
443104 
705249 
705251 
705253 
443111 
705255 
705257 
705260 
443118 
705263 
705266 
443125 
705269 
705272 
705275 
443132 
705278 
705283 
705284 
705285 
705286 
705287 
705288 
443145 
705289 
705290 
705291 
705292 
705293 
705294 
443151 
705295 
705296 
705297 
705300 
443157 
705303 
705306 
443163 
705309 
705312 
443169 
705315 
443175 
705320 
705323 
443181 
705326 
705329 
705332 
705335 
443192 
705338 
443197 
705343 
705345 
443202 
705347 
705349 
443207 
705351 
705353 
705355 
443212 
705358 
705360 
443217 
705362 
705364 
443222 
705366 
705368 
705370 
705373 
705374 
443231 
705375 
705376 
705377 
705378 
705379 
443236 
705380 
705381 
705382 
705383 
705384 
443241 
705385 
705386 
705387 
705389 
443246 
705391 
705393 
443251 
705395 
705397 
705399 
443256 
705402 
443261 
705405 
705408 
705411 
443270 
705414 
705417 
443276 
705420 
705425 
443282 
705429 
443288 
705433 
705437 
443294 
705441 
443300 
705445 
705449 
443306 
705456 
705458 
705460 
443317 
705462 
705464 
705466 
443323 
705468 
705471 
443329 
705473 
705475 
705477 
443335 
705479 
705481 
705483 
443341 
705486 
705487 
705488 
705489 
705490 
443347 
705491 
705492 
705493 
705495 
443353 
705497 
705499 
705501 
705503 
705505 
443364 
705508 
705511 
443369 
705514 
705517 
443374 
705520 
443379 
705523 
705526 
443384 
705531 
443389 
705535 
443394 
705539 
705543 
443403 
705547 
705551 
443408 
705555 
443413 
443418 
705562 
705563 
705564 
705565 
705566 
443423 
705567 
705568 
705569 
705571 
443428 
705573 
705575 
443433 
705577 
705579 
705581 
705584 
443442 
705587 
705590 
443447 
705593 
443452 
705596 
705599 
443457 
705602 
443462 
705607 
705609 
443467 
705611 
705613 
705615 
443472 
705617 
705619 
705622 
443481 
705625 
705628 
443486 
705631 
705634 
443491 
705637 
443496 
705640 
443501 
705645 
705648 
443506 
705651 
705654 
443511 
705657 
705660 
705663 
443520 
705668 
443525 
705670 
705672 
443530 
705674 
705676 
705678 
443535 
705680 
705683 
443540 
705684 
705685 
705686 
705687 
705688 
443545 
705689 
705690 
705691 
705692 
705693 
443550 
705694 
705695 
705696 
705697 
705700 
443559 
705703 
705706 
443564 
705709 
705712 
443569 
705715 
443574 
705720 
705722 
443579 
705724 
705726 
443584 
705728 
705730 
705732 
443589 
705735 
705737 
705739 
705741 
443598 
705743 
705745 
705747 
443605 
705750 
705751 
705752 
705753 
705754 
705755 
443612 
705756 
705757 
705759 
705761 
443619 
705763 
705765 
705767 
705769 
443626 
705772 
705773 
705774 
705775 
705776 
443633 
705777 
705778 
705779 
705780 
705781 
705782 
705783 
443640 
705784 
705785 
705786 
705791 
705796 
443653 
705801 
443658 
705806 
443663 
705811 
443668 
705816 
443673 
443678 
705825 
443683 
705827 
705829 
705831 
705833 
705835 
443692 
705837 
443696 
705840 
705843 
443700 
705846 
443704 
705849 
443708 
705852 
705855 
443712 
705858 
443716 
705863 
705865 
443723 
705867 
705869 
443727 
705871 
705873 
443731 
705875 
705878 
443735 
705880 
705882 
443739 
705884 
705886 
443743 
705888 
705890 
443747 
705893 
705896 
443754 
705899 
705902 
443761 
705905 
705908 
705911 
443768 
705916 
705918 
443775 
705920 
705922 
705924 
443782 
705926 
705928 
705931 
705932 
443789 
705933 
705934 
705935 
705936 
705937 
705938 
443796 
705940 
705942 
705944 
705946 
705948 
705950 
443809 
705953 
705955 
705957 
443814 
705959 
705961 
443819 
705963 
705965 
443824 
705968 
705970 
705972 
443829 
705974 
705976 
443834 
705978 
705980 
443839 
705983 
705985 
705987 
705989 
705991 
443848 
705993 
705995 
443852 
705998 
443856 
706001 
443860 
706004 
706007 
443864 
706010 
443868 
706013 
443872 
706016 
706021 
443879 
706025 
443884 
706029 
443889 
706033 
706037 
443894 
706041 
443899 
706045 
443904 
706052 
443909 
706054 
706056 
706058 
706060 
443918 
706062 
706064 
706067 
443925 
706069 
706071 
706073 
706075 
443932 
706077 
706079 
706082 
443939 
706083 
706084 
706085 
706086 
706087 
706088 
706089 
443946 
706090 
706091 
706092 
706093 
706094 
706095 
706096 
443953 
706097 
706098 
706099 
706100 
706101 
706102 
706103 
443960 
706107 
706111 
706115 
443973 
706119 
443978 
706123 
443983 
706127 
443988 
706134 
443993 
706137 
706140 
443998 
706143 
706146 
444003 
706149 
706152 
444012 
706157 
706158 
706159 
444016 
706160 
706161 
706162 
706163 
444020 
706164 
706166 
444024 
706168 
706170 
444028 
706172 
706174 
444032 
706176 
706179 
444036 
706180 
706181 
706182 
706183 
706184 
706185 
706186 
444043 
706187 
706188 
706189 
706190 
706191 
444048 
706192 
706193 
706195 
444053 
706197 
706199 
706201 
444058 
706203 
706205 
444063 
706208 
706209 
706210 
706211 
444068 
706212 
706213 
706214 
706215 
444073 
706218 
706221 
706224 
444082 
706227 
706230 
444089 
706233 
706238 
444096 
706240 
706242 
706244 
706246 
444103 
706248 
706250 
706253 
444110 
706255 
706257 
706259 
444117 
706261 
706263 
706265 
444124 
706268 
706269 
706270 
706271 
706272 
706273 
706274 
706275 
706276 
706277 
706278 
706279 
706280 
444137 
706281 
706282 
706283 
706284 
706285 
444142 
706286 
706287 
706288 
706289 
444147 
706292 
706295 
444152 
706298 
444157 
706301 
706304 
444162 
706307 
444167 
706312 
706314 
706316 
706318 
444176 
706320 
706322 
706324 
444181 
706327 
444186 
706330 
706333 
444191 
706336 
706339 
444196 
706342 
444201 
706345 
444206 
706350 
706353 
706356 
444215 
706359 
706362 
444220 
706365 
706368 
444225 
706373 
444230 
706374 
706375 
706376 
706377 
706378 
444235 
706379 
706380 
706381 
706382 
706383 
444240 
706384 
706385 
706386 
706387 
706388 
444245 
706389 
706390 
706391 
706392 
706393 
706394 
706396 
444254 
706398 
706400 
444258 
706402 
706404 
444262 
706406 
706409 
444266 
706412 
444270 
706415 
444274 
706418 
706421 
444278 
706424 
706427 
444285 
706432 
444289 
706436 
444293 
706440 
444297 
706444 
444301 
706448 
444305 
706452 
444309 
706456 
444316 
706463 
706464 
444321 
706465 
706466 
706467 
706468 
706469 
444326 
706470 
706472 
706474 
444331 
706476 
706478 
444336 
706480 
706482 
444341 
706485 
706486 
706487 
706488 
706489 
444346 
706490 
706491 
706492 
706495 
706498 
444355 
706501 
444360 
706504 
706507 
444365 
706510 
444370 
706515 
706518 
444375 
706521 
444380 
706524 
706527 
444385 
706530 
706533 
444394 
706538 
706539 
706540 
706541 
706542 
444399 
706543 
706544 
706545 
706546 
706547 
444404 
706548 
706549 
706550 
706551 
706552 
444409 
706554 
706556 
444414 
706558 
706560 
706562 
444419 
706564 
706567 
444424 
706570 
706573 
706576 
444433 
706579 
444438 
706582 
706585 
444443 
706590 
444448 
706592 
706594 
706596 
444453 
706598 
706600 
444458 
706602 
706605 
444463 
706608 
706611 
706614 
444472 
706617 
706620 
444478 
706623 
444484 
706628 
706631 
444490 
706634 
706637 
444496 
706640 
706643 
444502 
706646 
706651 
444508 
706652 
706653 
706654 
706655 
706656 
706657 
706658 
706659 
706660 
706661 
706662 
444519 
706663 
706664 
706665 
706666 
706667 
444524 
706668 
706669 
706670 
706671 
706672 
444529 
706674 
706676 
444534 
706678 
706680 
706682 
444539 
706684 
706687 
444544 
706688 
706689 
706690 
706691 
706692 
444549 
706693 
706694 
706696 
706698 
706700 
444558 
706702 
706704 
706706 
444564 
706709 
706711 
706713 
444570 
706715 
706717 
706719 
444576 
706721 
706724 
706725 
444582 
706726 
706727 
706728 
706729 
706730 
706731 
444588 
706733 
706735 
706737 
444594 
706739 
706741 
706743 
706746 
706747 
706748 
444605 
706749 
706750 
706751 
706752 
706753 
444610 
706757 
444615 
706761 
444620 
706765 
444625 
706769 
706773 
444630 
706777 
444635 
706784 
706786 
444644 
706788 
706790 
706792 
444650 
706794 
706796 
706799 
444656 
706801 
706803 
706805 
444662 
706807 
706809 
706811 
444668 
706814 
706816 
444674 
706818 
706820 
706822 
444680 
706824 
706826 
706829 
706831 
706833 
444691 
706835 
706837 
706839 
444696 
706841 
706844 
444701 
706845 
706846 
706847 
706848 
706849 
444706 
706850 
706851 
706853 
444711 
706855 
706857 
706859 
444716 
706861 
706863 
444721 
706866 
706868 
706870 
706872 
444730 
706874 
706876 
706878 
444737 
706881 
706882 
706883 
706884 
706885 
706886 
706887 
444744 
706888 
706890 
706892 
706894 
444751 
706896 
706898 
706900 
444758 
706903 
706907 
444765 
706911 
706915 
444772 
706919 
706923 
706927 
444785 
444790 
706934 
706936 
706938 
444795 
706940 
706942 
444800 
706944 
706946 
444805 
706949 
706952 
444810 
706955 
706958 
444815 
706961 
706964 
706967 
444824 
706972 
444831 
706975 
706978 
706981 
444838 
706984 
706987 
444845 
706990 
706995 
444852 
706997 
706999 
707001 
444859 
707003 
707005 
707007 
444866 
707010 
707013 
707016 
707019 
707022 
444879 
707025 
707028 
444886 
707033 
707035 
444893 
707037 
707039 
707041 
707043 
444900 
707045 
707048 
707050 
444907 
707052 
707054 
707056 
444914 
707058 
707060 
707063 
444921 
707066 
707069 
707072 
707075 
444934 
707078 
707081 
444940 
707086 
707089 
444946 
707092 
707095 
444952 
707098 
707101 
444958 
707104 
444964 
707109 
707113 
444970 
707117 
707121 
444981 
707125 
707129 
444986 
707133 
444991 
444996 
707140 
707141 
707142 
707143 
707144 
445001 
707145 
707146 
707147 
445006 
707150 
707153 
445011 
707156 
707159 
707162 
445020 
707165 
445025 
707170 
707172 
445030 
707174 
707176 
707178 
445035 
707180 
707182 
445040 
707185 
707186 
707187 
707188 
445045 
707189 
707190 
707191 
707192 
445050 
707195 
707198 
707201 
445059 
707204 
707207 
445065 
707210 
445071 
707215 
707216 
707217 
707218 
707219 
707220 
445077 
707221 
707222 
445083 
707227 
707232 
445089 
707237 
445095 
707242 
707247 
445106 
707252 
445110 
445114 
707261 
445118 
707265 
445122 
707269 
445126 
707273 
445130 
707277 
445137 
707281 
445141 
707285 
445145 
707292 
445149 
707294 
707296 
445153 
707298 
707300 
445157 
707302 
707304 
445161 
707307 
707308 
707309 
707310 
707311 
445168 
707312 
707313 
707314 
707316 
445173 
707318 
707320 
445178 
707322 
707324 
707326 
445183 
707329 
707330 
707331 
445188 
707332 
707333 
707334 
707335 
707336 
445193 
707338 
707340 
445198 
707342 
707344 
707346 
707348 
445207 
707351 
707355 
445212 
707359 
445217 
707363 
445222 
707367 
445227 
707371 
707375 
445232 
445237 
707382 
707385 
707388 
445246 
707391 
707394 
445252 
707397 
707400 
445258 
707405 
445264 
707409 
707413 
445270 
707417 
445276 
707421 
707425 
445282 
707429 
707436 
445293 
707438 
707440 
445298 
707442 
707444 
707446 
445303 
707448 
707451 
445308 
707453 
707455 
445313 
707457 
707459 
707461 
445318 
707463 
707466 
445323 
707467 
707468 
707469 
707470 
707471 
707472 
707473 
707474 
707475 
445332 
707476 
707477 
707478 
707479 
707480 
445338 
707484 
445344 
707488 
707492 
445350 
707496 
445356 
707500 
707504 
445362 
707511 
445368 
707515 
707519 
445379 
707523 
707527 
445384 
707531 
445389 
707535 
445394 
707542 
445399 
707545 
445404 
707548 
707551 
445409 
707554 
707557 
707560 
445418 
707565 
707567 
445425 
707569 
707571 
707573 
707575 
445432 
707577 
707580 
707582 
445439 
707584 
707586 
707588 
445446 
707590 
707592 
707595 
445453 
707597 
707599 
707601 
707603 
445460 
707605 
707607 
707610 
707612 
707614 
707616 
445473 
707618 
707620 
707622 
445480 
707625 
707627 
707629 
445487 
707631 
707633 
707635 
707637 
445494 
707640 
707642 
707644 
445501 
707646 
707648 
707650 
445508 
707652 
707655 
707658 
445515 
707661 
707664 
707667 
707670 
445528 
707673 
445533 
707678 
707680 
445538 
707682 
707684 
707686 
445543 
707688 
707690 
445548 
707693 
707695 
445553 
707697 
707699 
707701 
445558 
707703 
707705 
707708 
707709 
707710 
445567 
707711 
707712 
707713 
707714 
707715 
445573 
707719 
445579 
707723 
707727 
445585 
707731 
445591 
707735 
707739 
445597 
707746 
445603 
707749 
707752 
707755 
445614 
707758 
707761 
445619 
707764 
445624 
707769 
707771 
445629 
707773 
707775 
707777 
445634 
707779 
707781 
445639 
707784 
707785 
707786 
707787 
445644 
707788 
707789 
707790 
707791 
707794 
445653 
707797 
707800 
445659 
707803 
707806 
445665 
707809 
707814 
445671 
707815 
707816 
707817 
707818 
707819 
707820 
445677 
707821 
707822 
707823 
707824 
707825 
707826 
445683 
707827 
707828 
707830 
707832 
445689 
707834 
707836 
707838 
707840 
707843 
445700 
707847 
445706 
707851 
707855 
445712 
707859 
445718 
707863 
707867 
445724 
445730 
707874 
707876 
707878 
445736 
707880 
707882 
707884 
707886 
707889 
445747 
707891 
707893 
707895 
445753 
707897 
707899 
707901 
445759 
707904 
707907 
445765 
707910 
707913 
445771 
707916 
707919 
445777 
707922 
445783 
707927 
707929 
707931 
707933 
707935 
707937 
445794 
707939 
707942 
445799 
707944 
707946 
445804 
707948 
707950 
707952 
445809 
707954 
707957 
445814 
707959 
707961 
445819 
707963 
707965 
707967 
445824 
707969 
707972 
707975 
445833 
707978 
707981 
445839 
707984 
707987 
445845 
707990 
445851 
707995 
707996 
707997 
707998 
707999 
708000 
445857 
708001 
708002 
708004 
708006 
445863 
708008 
708010 
708012 
445869 
708014 
708017 
708020 
708023 
445880 
708026 
708029 
445886 
708032 
708035 
445892 
708040 
445898 
708042 
708044 
708046 
445904 
708048 
708050 
708052 
445910 
708055 
445916 
708060 
708065 
708070 
445927 
708075 
445933 
708080 
445939 
708085 
445945 
708094 
445951 
708098 
445957 
708102 
708106 
445963 
708110 
708114 
445974 
708118 
445979 
708125 
708127 
445984 
708129 
708131 
445989 
708133 
708135 
708137 
445994 
708140 
708141 
708142 
445999 
708143 
708144 
708145 
708146 
708147 
446004 
708150 
708153 
708156 
446013 
708159 
446018 
708162 
708165 
446023 
708170 
708171 
446028 
708172 
708173 
708174 
708175 
708176 
446033 
708177 
708179 
708181 
446038 
708183 
708185 
446043 
708187 
708189 
708192 
708193 
708194 
708195 
446052 
708196 
708197 
708198 
708199 
446057 
708201 
708203 
708205 
446062 
708207 
708209 
446067 
708211 
708214 
446072 
708217 
708220 
446077 
708223 
446082 
708226 
708229 
708232 
446091 
708237 
446097 
708241 
708245 
446103 
708249 
446109 
708253 
708257 
446115 
708261 
446121 
708268 
708270 
446127 
708272 
708274 
708276 
708278 
708280 
446138 
708283 
708284 
708285 
708286 
708287 
446144 
708288 
708289 
708290 
708292 
446150 
708294 
708296 
708298 
446156 
708300 
708302 
708305 
446162 
708306 
708307 
708308 
708309 
708310 
708311 
446168 
708312 
708315 
446174 
708318 
708321 
708324 
708327 
446185 
708330 
446190 
708335 
708338 
446195 
708341 
446200 
708344 
708347 
446205 
708350 
708353 
446210 
708358 
446215 
708361 
708364 
708367 
446224 
708370 
708373 
446230 
708376 
446236 
708381 
708382 
708383 
708384 
708385 
446242 
708386 
708387 
708388 
708390 
446248 
708392 
708394 
708396 
446254 
708398 
708400 
708403 
446260 
708406 
708409 
708412 
446271 
708415 
708418 
446276 
708421 
446281 
708426 
708427 
708428 
708429 
446286 
708430 
708431 
708432 
708433 
446291 
708436 
708439 
446296 
708442 
446301 
708445 
708448 
708451 
446310 
708456 
446315 
708459 
708462 
446320 
708465 
708468 
446325 
708471 
446330 
708474 
446335 
708479 
708482 
446340 
708485 
708488 
708491 
446349 
708494 
708497 
446354 
708502 
446359 
708503 
708504 
708505 
708506 
708507 
446364 
708508 
708509 
708511 
446369 
708513 
708515 
708517 
446374 
708519 
708521 
446379 
708524 
708527 
708530 
446388 
708533 
708536 
446394 
708539 
708542 
446400 
708547 
708548 
708549 
446406 
708550 
708551 
708552 
708553 
708554 
446412 
708557 
708560 
446418 
708563 
708566 
446424 
708569 
708572 
708577 
446435 
708580 
446439 
708583 
708586 
446443 
708589 
446447 
708592 
446451 
708595 
446455 
708600 
446459 
708603 
708606 
708609 
446466 
708612 
446471 
708615 
708618 
446476 
708623 
708624 
446481 
708625 
708626 
708627 
708628 
708629 
446486 
708630 
708632 
708634 
446491 
708636 
708638 
446496 
708640 
708642 
708645 
708647 
446505 
708649 
708651 
708653 
446511 
708655 
708657 
708660 
446517 
708661 
708662 
708663 
708664 
708665 
708666 
446523 
708667 
708670 
446529 
708673 
708676 
446535 
708679 
708682 
446541 
708685 
708690 
708693 
446552 
708696 
708699 
446557 
708702 
708705 
446562 
708708 
446567 
708713 
446572 
708716 
708719 
446577 
708722 
708725 
446582 
708728 
708731 
446591 
708736 
708738 
446596 
708740 
708742 
708744 
446601 
708746 
708748 
446606 
708751 
708754 
446611 
708757 
446616 
708760 
708763 
446621 
708766 
708769 
446630 
708774 
708775 
708776 
446633 
708777 
708778 
708779 
446636 
708780 
708781 
708782 
446639 
708783 
708784 
708785 
446642 
708786 
708787 
708788 
446645 
708791 
446648 
708794 
446653 
708797 
708800 
446658 
708803 
708806 
446663 
708811 
446668 
708814 
446673 
708817 
708820 
446678 
708823 
708826 
446683 
708829 
708834 
446692 
708837 
708840 
446699 
708843 
708846 
708849 
446706 
708852 
446713 
708857 
708858 
708859 
708860 
708861 
708862 
708863 
446720 
708864 
708866 
708868 
708870 
446727 
708872 
708874 
708876 
446734 
708879 
708881 
708883 
708885 
708887 
708889 
446747 
708891 
708894 
708895 
708896 
708897 
446754 
708898 
708899 
708900 
708901 
708904 
446761 
708907 
708910 
446768 
708913 
708916 
446775 
708919 
708924 
446782 
708927 
708930 
446789 
708933 
708936 
708939 
708942 
446802 
708947 
708950 
446807 
708953 
446812 
708956 
708959 
446817 
708962 
708965 
446822 
708970 
446827 
708972 
708974 
446832 
708976 
708978 
708980 
708982 
446841 
708985 
708988 
446847 
708991 
708994 
446853 
708997 
709000 
446859 
709003 
709008 
446865 
709009 
709010 
709011 
709012 
709013 
709014 
446871 
709015 
709016 
709017 
709018 
709019 
709020 
446877 
709021 
709022 
709025 
709028 
709031 
446888 
709034 
446893 
709037 
709040 
446898 
709045 
446903 
709048 
709051 
446908 
709054 
446913 
709057 
709060 
446918 
709063 
709068 
446927 
709071 
709074 
446931 
709077 
446935 
709080 
446939 
709083 
709086 
446943 
446947 
709091 
709093 
446951 
709095 
709097 
709099 
709101 
446958 
709103 
709106 
446963 
709108 
709110 
446968 
709112 
709114 
709116 
446973 
709118 
709121 
446978 
709122 
709123 
709124 
709125 
709126 
446983 
709127 
709128 
709129 
709130 
709131 
446988 
709132 
709133 
709134 
709135 
709138 
446997 
709141 
709144 
447002 
709147 
709150 
447007 
709153 
447012 
709158 
447017 
709161 
709164 
447022 
709167 
709170 
447027 
709173 
709176 
447036 
709181 
709184 
447041 
709187 
447046 
709190 
709193 
447051 
709196 
709199 
447056 
709204 
447061 
709206 
709208 
447066 
709210 
709212 
709214 
709216 
447075 
709219 
709221 
709223 
447080 
709225 
709227 
447085 
709229 
709231 
447090 
709234 
709235 
709236 
709237 
709238 
447095 
709239 
709240 
709241 
709242 
709243 
447100 
709244 
709245 
709246 
709247 
709248 
447105 
709251 
709254 
709257 
447114 
709260 
447118 
709263 
447122 
709266 
447126 
709271 
709272 
709273 
447130 
709274 
709275 
709276 
709277 
447134 
709278 
709281 
447138 
709284 
709287 
447145 
709290 
709293 
447150 
709296 
447155 
709301 
709302 
709303 
447160 
709304 
709305 
709306 
709307 
709308 
447165 
709309 
709310 
709311 
709312 
709313 
447170 
709314 
709315 
709318 
447175 
709321 
709324 
709327 
447184 
709330 
447189 
709333 
447194 
709338 
709342 
447199 
709346 
447204 
709350 
447209 
709354 
447214 
709358 
709362 
447223 
709369 
709370 
709371 
447228 
709372 
709373 
709374 
709375 
709376 
447233 
709378 
709380 
447238 
709382 
709384 
709386 
447243 
709388 
709391 
447248 
709394 
447253 
709397 
709400 
709403 
447262 
709406 
709409 
447267 
709414 
447272 
709418 
447277 
709422 
447282 
709426 
709430 
447287 
709434 
447292 
709438 
447301 
709445 
709446 
709447 
709448 
709449 
709450 
447307 
709451 
709452 
709454 
709456 
447313 
709458 
709460 
709462 
447319 
709464 
709467 
447325 
709469 
709471 
709473 
447331 
709475 
709477 
709479 
447337 
709482 
709485 
709488 
709491 
447348 
709494 
447353 
709497 
709500 
447358 
709505 
447363 
709508 
709511 
447368 
709514 
447373 
709517 
709520 
447378 
709523 
709528 
709529 
709530 
447387 
709531 
709532 
709533 
709534 
709535 
709536 
709537 
447394 
709538 
709539 
709540 
709541 
709542 
709544 
447401 
709546 
709548 
709550 
447408 
709552 
709554 
709557 
447415 
709559 
709561 
709563 
709565 
447422 
709567 
709569 
709572 
447429 
709575 
709578 
709581 
709584 
447442 
709587 
709590 
447448 
709595 
447454 
709598 
709601 
447460 
709604 
709607 
447466 
709610 
709613 
447472 
709618 
709619 
709620 
709621 
447478 
709622 
709623 
709624 
709625 
709626 
709627 
709628 
709629 
709630 
709631 
709632 
447489 
709634 
709636 
447493 
709638 
709640 
447497 
709642 
709644 
447501 
709647 
447505 
709650 
447509 
709653 
709656 
447513 
709659 
709662 
447520 
709665 
447525 
709670 
709671 
709672 
709673 
447530 
709674 
709675 
709676 
709677 
447535 
709680 
709683 
447540 
709686 
447545 
709689 
709692 
447550 
709695 
709700 
709701 
709702 
447559 
709703 
709704 
709705 
709706 
447563 
709707 
709708 
709709 
709710 
447567 
709711 
709712 
709713 
709714 
447571 
709717 
447575 
709720 
447579 
709723 
709726 
447583 
709729 
709732 
447590 
709737 
447595 
709741 
447600 
709745 
447605 
709749 
709753 
447610 
709757 
447615 
709761 
447620 
709768 
709769 
709770 
709771 
709772 
447629 
709773 
709774 
709775 
447633 
709777 
709779 
447637 
709781 
709783 
447641 
709785 
709787 
447645 
709790 
447649 
709793 
709796 
447653 
709799 
709802 
447660 
709805 
709808 
447665 
709813 
447670 
709818 
447675 
709823 
447680 
709828 
447685 
709833 
447690 
709838 
447699 
709843 
447704 
709852 
447709 
709854 
709856 
447714 
709858 
709860 
709862 
447719 
709864 
709867 
447724 
709869 
709871 
447729 
709873 
709875 
709877 
709879 
447738 
709882 
709884 
709886 
447744 
709888 
709890 
709892 
447750 
709894 
709897 
709898 
709899 
447756 
709900 
709901 
709902 
709903 
709904 
447762 
709907 
709910 
447768 
709913 
709916 
447774 
709919 
709922 
709927 
447785 
709930 
447789 
709933 
709936 
447793 
709939 
447797 
709942 
447801 
709945 
447805 
709950 
709951 
709952 
447809 
709953 
709954 
709955 
709956 
709957 
709958 
709959 
447816 
709960 
709961 
709962 
709963 
709964 
447821 
709966 
709968 
447826 
709970 
709972 
709974 
447831 
709976 
709979 
447836 
709982 
447841 
709985 
709988 
447846 
709991 
709994 
709997 
447855 
710002 
447861 
710006 
710010 
447867 
710014 
447873 
710018 
710022 
447879 
710026 
447885 
710033 
710034 
447891 
710035 
710036 
710037 
710038 
710039 
710040 
710042 
710044 
447902 
710046 
710048 
710050 
447907 
710052 
710055 
447912 
710058 
447917 
710061 
710064 
447922 
710067 
710070 
447927 
710073 
447932 
710078 
710079 
710080 
710081 
710082 
710083 
710084 
447941 
710085 
710088 
447945 
710091 
447949 
710094 
447953 
710097 
710100 
447957 
710103 
447961 
710108 
447965 
710109 
710110 
710111 
710112 
710113 
710114 
710115 
447972 
710116 
710117 
710118 
710119 
710120 
447977 
710121 
710122 
710125 
447982 
710128 
447987 
710131 
710134 
447992 
710137 
710140 
447997 
710145 
448002 
710149 
710153 
448011 
710157 
448016 
710161 
448021 
710165 
710169 
448026 
448031 
710176 
710177 
710178 
710179 
448036 
710180 
710181 
710182 
710183 
448041 
710185 
710187 
710189 
710191 
710193 
448050 
710195 
710198 
448055 
710201 
448060 
710204 
710207 
448065 
710210 
710213 
448070 
710216 
448075 
710221 
448080 
710226 
710231 
448089 
710236 
448094 
710241 
448099 
710246 
448104 
710251 
448109 
448114 
710260 
710262 
448119 
710264 
710266 
710268 
710270 
448128 
710272 
710275 
448132 
710277 
710279 
448136 
710281 
710283 
448140 
710285 
710287 
448144 
710290 
448148 
710292 
710294 
448152 
710296 
710298 
710300 
710302 
448159 
710305 
710308 
448165 
710311 
710314 
448171 
710317 
710320 
448177 
710323 
448183 
710328 
710331 
448189 
710334 
710337 
448195 
710340 
710343 
710346 
448206 
710351 
710352 
710353 
448210 
710354 
710355 
710356 
710357 
448214 
710358 
710359 
710360 
710361 
448218 
710362 
710363 
710364 
710365 
448222 
710366 
710367 
710368 
710369 
448226 
710370 
710371 
710372 
448230 
710374 
710376 
710378 
710380 
448237 
710382 
710384 
448242 
710387 
710390 
448247 
710393 
448252 
710396 
710399 
448257 
710402 
710405 
448262 
710410 
448267 
710414 
710418 
448276 
710422 
448282 
710426 
710430 
448288 
710434 
448294 
710441 
710442 
710443 
448300 
710444 
710445 
710446 
710447 
710448 
448306 
710450 
710452 
710454 
448312 
710456 
710458 
710460 
710463 
710465 
448323 
710467 
710469 
710471 
448328 
710473 
710475 
448333 
710478 
710481 
448338 
710484 
448343 
710487 
710490 
448348 
710493 
710496 
448353 
710501 
710504 
448362 
710507 
710510 
448367 
710513 
448372 
710516 
710519 
448377 
710524 
710525 
448382 
710526 
710527 
710528 
710529 
710530 
448387 
710531 
710532 
710533 
710534 
710535 
448392 
710536 
710537 
710538 
710541 
710544 
448401 
710547 
448405 
710550 
448409 
710553 
710556 
448413 
448417 
710561 
448421 
710566 
448425 
710571 
448432 
710576 
448436 
710581 
448440 
710586 
448444 
710591 
448448 
448452 
448456 
710600 
710602 
710604 
710606 
448463 
710608 
710610 
710612 
448469 
710615 
710617 
448475 
710619 
710621 
710623 
448481 
710625 
710627 
710630 
448487 
710633 
710636 
448493 
710639 
710642 
448499 
710645 
710648 
710653 
448510 
710658 
448515 
710663 
448520 
710668 
448525 
710673 
448530 
710678 
448535 
710683 
448540 
710692 
448549 
710694 
710696 
448554 
710698 
710700 
710702 
448559 
710704 
710707 
448564 
710709 
710711 
448569 
710713 
710715 
710717 
448574 
710719 
710722 
448579 
710724 
710726 
710728 
710730 
448588 
710732 
710734 
448591 
710737 
448594 
710738 
710739 
710740 
448597 
710741 
710742 
710743 
448600 
710744 
448603 
710747 
448606 
710750 
710753 
448611 
710756 
710759 
448616 
710762 
448621 
710767 
448626 
710771 
448631 
710775 
710779 
448636 
710783 
448641 
710787 
710791 
448650 
710798 
710799 
710800 
448657 
710801 
710802 
710803 
710804 
710805 
710807 
448664 
710809 
710811 
710813 
448671 
710815 
710817 
710820 
710821 
448678 
710822 
710823 
710824 
710825 
710826 
710827 
448685 
710830 
710833 
448692 
710836 
710839 
710842 
710845 
448705 
710850 
710854 
448711 
710858 
448717 
710862 
710866 
448723 
710870 
448729 
710874 
448735 
710881 
710882 
710883 
710884 
448741 
710885 
710886 
710887 
710888 
710890 
710892 
710894 
448752 
710896 
710898 
710900 
448757 
710903 
710904 
710905 
448762 
710906 
710907 
710908 
710909 
710910 
448767 
710911 
710912 
710913 
710914 
710915 
448772 
710916 
710917 
710920 
448777 
710923 
448782 
710926 
710929 
710932 
448791 
710935 
448796 
710940 
710942 
710944 
448801 
710946 
710948 
448806 
710950 
710952 
448811 
710955 
710958 
448816 
710961 
710964 
448821 
710967 
710970 
710973 
448830 
710978 
710979 
448836 
710980 
710981 
710982 
710983 
710984 
710985 
448842 
710987 
710989 
710991 
448848 
710993 
710995 
710997 
448854 
711000 
711002 
448860 
711004 
711006 
711008 
448866 
711010 
711012 
711015 
711017 
711019 
448877 
711021 
711023 
711025 
448882 
711027 
711030 
448887 
711031 
711032 
711033 
711034 
711035 
448892 
711036 
711037 
711039 
448897 
711041 
711043 
711045 
448902 
711047 
711049 
448907 
711052 
711055 
711058 
448916 
711061 
711064 
448921 
711067 
448926 
711070 
448931 
711075 
711078 
448936 
711081 
711084 
448941 
711087 
448946 
711090 
711093 
711098 
448955 
711102 
448960 
711106 
448965 
711110 
448970 
711114 
711118 
448975 
711122 
448980 
448985 
711129 
711130 
711131 
711132 
711133 
711134 
711135 
711136 
448994 
711138 
711140 
711142 
711144 
449001 
711146 
711148 
711151 
449008 
711152 
711153 
711154 
711155 
711156 
711157 
711158 
449015 
711161 
711164 
449022 
711167 
711170 
449029 
711173 
711176 
449036 
711181 
711184 
711187 
711190 
449049 
711193 
711196 
449055 
711199 
711204 
449061 
711205 
711206 
711207 
711208 
711209 
711210 
449067 
711211 
711213 
711215 
449073 
711217 
711219 
711221 
449079 
711223 
711226 
711228 
449085 
711230 
711232 
711234 
711236 
711238 
449096 
711241 
711243 
449100 
711245 
711247 
449104 
711249 
711251 
449108 
711253 
449112 
711256 
711257 
711258 
711259 
449116 
711260 
711261 
711262 
711263 
449120 
711266 
711269 
449127 
711272 
711275 
449132 
711278 
449137 
711281 
449142 
711286 
711288 
711290 
449147 
711292 
711294 
449152 
711296 
711298 
449157 
711301 
711304 
711307 
449166 
711310 
711313 
449171 
711316 
711319 
449176 
711324 
449181 
711327 
449186 
711330 
711333 
449191 
711336 
711339 
449196 
711342 
711347 
711348 
449205 
711349 
711350 
711351 
711352 
711353 
449210 
711354 
711355 
711356 
711357 
711358 
449215 
711359 
711360 
711361 
711363 
449220 
711365 
711367 
449225 
711369 
711371 
711373 
449230 
711376 
711377 
711378 
449235 
711379 
711380 
711381 
711382 
711383 
711385 
711387 
449244 
711389 
711391 
449249 
711393 
711395 
449254 
711398 
711399 
711400 
711401 
711402 
449259 
711403 
711404 
711405 
711407 
449264 
711409 
711411 
449269 
711413 
711415 
711417 
449274 
711420 
711423 
711426 
449283 
711429 
711432 
449290 
711435 
711438 
449297 
711443 
711445 
711447 
449304 
711449 
711451 
711453 
449311 
711455 
711458 
711460 
449318 
711462 
711464 
711466 
711468 
449325 
711470 
711473 
711475 
711477 
711479 
711481 
449338 
711483 
449341 
711485 
449344 
711488 
711489 
711490 
449347 
711491 
711492 
711493 
449350 
711494 
711495 
449353 
711498 
449356 
711501 
711504 
449361 
711507 
449364 
711510 
449367 
711513 
449370 
449373 
711518 
711519 
449376 
711520 
711521 
711522 
449379 
711523 
711524 
711525 
711526 
711527 
449384 
711528 
711529 
711530 
711531 
711532 
449390 
711535 
711538 
449396 
711541 
711544 
449402 
711547 
711550 
449408 
711555 
711557 
449414 
711559 
711561 
711563 
449420 
711565 
711567 
711570 
711572 
711574 
449431 
711576 
711578 
449436 
711580 
711582 
449441 
711585 
711586 
711587 
711588 
711589 
449446 
711590 
711591 
711592 
449451 
711595 
711598 
449456 
711601 
711604 
449461 
711607 
711610 
449470 
711615 
711616 
711617 
711618 
711619 
711620 
449477 
711621 
711622 
711623 
711624 
711625 
711626 
711627 
449484 
711628 
711629 
711631 
711633 
449491 
711635 
711637 
711639 
711641 
449498 
711644 
711645 
711646 
711647 
711648 
449505 
711649 
711650 
711651 
711654 
449512 
711657 
711660 
711663 
711666 
449525 
711669 
449530 
711674 
711676 
711678 
449535 
711680 
711682 
449540 
711684 
711686 
449545 
711689 
711691 
711693 
449550 
711695 
711697 
449555 
711699 
711701 
711704 
711706 
449564 
711708 
711710 
711712 
449570 
711714 
711716 
711719 
449576 
711720 
711721 
711722 
711723 
711724 
711725 
449582 
711726 
711727 
711728 
711729 
711730 
711731 
449588 
711732 
711733 
711735 
711737 
449594 
711739 
711741 
711743 
449600 
711745 
711748 
711749 
711750 
711751 
711752 
711753 
711754 
449611 
711755 
711757 
449615 
711759 
711761 
449619 
711763 
711765 
449623 
711767 
711770 
449627 
711771 
711772 
711773 
711774 
449631 
711775 
711776 
711777 
449635 
711780 
711783 
449642 
711786 
711789 
711792 
449649 
711795 
449656 
711800 
711803 
711806 
449663 
711809 
711812 
449670 
711815 
711818 
449677 
711823 
711825 
711827 
449684 
711829 
711831 
711833 
711835 
711838 
711840 
449697 
711842 
711844 
449702 
711846 
711848 
711850 
449707 
711853 
711854 
711855 
449712 
711856 
711857 
711858 
711859 
711860 
449717 
711863 
449722 
711866 
711869 
449727 
711872 
711875 
711878 
449736 
711883 
449740 
711884 
711885 
711886 
711887 
449744 
711888 
711889 
711890 
449748 
711893 
449752 
711896 
711899 
449756 
711902 
449760 
711905 
711908 
449767 
711913 
711914 
711915 
449772 
711916 
711917 
711918 
711919 
711920 
449777 
711921 
711922 
711923 
711924 
711925 
449782 
711926 
711927 
711929 
449787 
711931 
711933 
711935 
449792 
711937 
711939 
449797 
711942 
711943 
711944 
711945 
711946 
711947 
711948 
711949 
449806 
711951 
711953 
711955 
449812 
711957 
711959 
711961 
449818 
711964 
449824 
711968 
711972 
449830 
711976 
449836 
711980 
711984 
449842 
711988 
711995 
449853 
711998 
712001 
449858 
712004 
449863 
712007 
712010 
449868 
712013 
449873 
712018 
712021 
449878 
712024 
449883 
712027 
712030 
712033 
449892 
712036 
712041 
449898 
712042 
712043 
712044 
712045 
712046 
712047 
449904 
712048 
712050 
712052 
449910 
712054 
712056 
712058 
449916 
712060 
712063 
712064 
712065 
449922 
712066 
712067 
712068 
712069 
712070 
712071 
449928 
712072 
712073 
712074 
712075 
712076 
712077 
712081 
449939 
712085 
449944 
712089 
449949 
712093 
712097 
449954 
712101 
449959 
449964 
712108 
712112 
449969 
712116 
712120 
449978 
712124 
449983 
712128 
449988 
712132 
449993 
712139 
449998 
712142 
712145 
450003 
712148 
712151 
450008 
712154 
712157 
450017 
712162 
712164 
450021 
712166 
712168 
450025 
712170 
712172 
450029 
712174 
450033 
712177 
712179 
450037 
712181 
712183 
450041 
712185 
712187 
712189 
450048 
712192 
712194 
450052 
712196 
712198 
450056 
712200 
712202 
450060 
712204 
712207 
450064 
712209 
712211 
450068 
712213 
712215 
450072 
712217 
712219 
712222 
450079 
712225 
712228 
450085 
712231 
712234 
450091 
712237 
712240 
450097 
712245 
450103 
712250 
450109 
712255 
450115 
712260 
712265 
450126 
712270 
450131 
712275 
450136 
712284 
450141 
712287 
450146 
712290 
712293 
450151 
712296 
712299 
450156 
712302 
712307 
450165 
712309 
712311 
712313 
712315 
450172 
712317 
712319 
712322 
450179 
712324 
712326 
712328 
450186 
712330 
712332 
712334 
450193 
712337 
712338 
712339 
712340 
712341 
712342 
712343 
450200 
712344 
712345 
712346 
712347 
712348 
712349 
712350 
450207 
712351 
712352 
712353 
712354 
712355 
712356 
712357 
712358 
712360 
712362 
450220 
712364 
712366 
712368 
450225 
712370 
712373 
450230 
712375 
712377 
450235 
712379 
712381 
712383 
450240 
712385 
712388 
450245 
712389 
712390 
712391 
712392 
712393 
450250 
712394 
712395 
712397 
712399 
712401 
450259 
712403 
712405 
712407 
450265 
712410 
712413 
450271 
712416 
712419 
450277 
712422 
712425 
450283 
712428 
450289 
712433 
712435 
712437 
450295 
712439 
712441 
712443 
712445 
712448 
450306 
712451 
712454 
450311 
712457 
450316 
712460 
712463 
450321 
712466 
450326 
712471 
712473 
450331 
712475 
712477 
712479 
450336 
712481 
712483 
712486 
450345 
712489 
712492 
450351 
712495 
712498 
450357 
712501 
712504 
450363 
712509 
712512 
450369 
712515 
712518 
450375 
712521 
712524 
450381 
712527 
712532 
712534 
450392 
712536 
712538 
712540 
450398 
712542 
712544 
712547 
450404 
712549 
712551 
712553 
450410 
712555 
712557 
712559 
450416 
712562 
712565 
450422 
712568 
712571 
450428 
712574 
712577 
712580 
450439 
712585 
450444 
712588 
712591 
450449 
712594 
712597 
450454 
712600 
450459 
712603 
450464 
712608 
712612 
450469 
712616 
712620 
450478 
712624 
450483 
712628 
450488 
712632 
450493 
712639 
712640 
712641 
450498 
712642 
712643 
712644 
712645 
712646 
450503 
712648 
712650 
450508 
712652 
712654 
712656 
712658 
450517 
712661 
712664 
712667 
450524 
712670 
712673 
450531 
712676 
712679 
450538 
712684 
712686 
712688 
450545 
712690 
712692 
712694 
450552 
712696 
712699 
450559 
712704 
712709 
712714 
450572 
712719 
450578 
712724 
450584 
712729 
450590 
712738 
450596 
712741 
712744 
450602 
712747 
712750 
450608 
712753 
712756 
712761 
712762 
450619 
712763 
712764 
712765 
712766 
712767 
450624 
712768 
712769 
712770 
712771 
712772 
450629 
712773 
712774 
712775 
450634 
712778 
712781 
450639 
712784 
712787 
450644 
712790 
450649 
712793 
712798 
712799 
712800 
712801 
450658 
712802 
712803 
712804 
712805 
450663 
712807 
712809 
712811 
450668 
712813 
712815 
450673 
712817 
712820 
712821 
450678 
712822 
712823 
712824 
712825 
712826 
450683 
712827 
712829 
712831 
450688 
712833 
712835 
712837 
712839 
450697 
712842 
450700 
712845 
450703 
712848 
450706 
712851 
450709 
712854 
450712 
712857 
450715 
712860 
450720 
712865 
712868 
450726 
712871 
712874 
450732 
712877 
712880 
450738 
712883 
450744 
712888 
712889 
712890 
712891 
712892 
712893 
450750 
712894 
712895 
712897 
712899 
450756 
712901 
712903 
712905 
712907 
712910 
450767 
712911 
712912 
712913 
712914 
450771 
712915 
712916 
712917 
712918 
450775 
712919 
712920 
712921 
712922 
450779 
712923 
712924 
450783 
712928 
450787 
712932 
450791 
712936 
712940 
450798 
712944 
450804 
712948 
450810 
712955 
712959 
450816 
712963 
450822 
712967 
712971 
450828 
712975 
450834 
712979 
712986 
450845 
712989 
712992 
450850 
712995 
712998 
450855 
713001 
450860 
713004 
450865 
713009 
713011 
713013 
450870 
713015 
713017 
450875 
713019 
713021 
713024 
713025 
713026 
713027 
450884 
713028 
713029 
713030 
713031 
450889 
713034 
713037 
450894 
713040 
450899 
713043 
713046 
450904 
713049 
450909 
713054 
713057 
450914 
713060 
713063 
713066 
450923 
713069 
450928 
713072 
450933 
713077 
713080 
450938 
713083 
713086 
450943 
713089 
450948 
713092 
713095 
450953 
713100 
713102 
713104 
450962 
713106 
713108 
450966 
713110 
713112 
450970 
713115 
450974 
713119 
450978 
713123 
450982 
713127 
450986 
713131 
713135 
450993 
713139 
450998 
713146 
451003 
713148 
713150 
451008 
713152 
713154 
713156 
451013 
713158 
713161 
451018 
713163 
713165 
451023 
713167 
713169 
713171 
713173 
451032 
713176 
713177 
713178 
713179 
451036 
713180 
713181 
713182 
713183 
451040 
713185 
713187 
451044 
713189 
713191 
451048 
713193 
713195 
451052 
713198 
451056 
713200 
713202 
713204 
713206 
451063 
713208 
451066 
713210 
451069 
713213 
713214 
713215 
451072 
713216 
713217 
713218 
451075 
713219 
713220 
451078 
713224 
451081 
713228 
451086 
713232 
451091 
713236 
451096 
713240 
713244 
451101 
451106 
713251 
713254 
451111 
713257 
451116 
713260 
713263 
713266 
451125 
713269 
451130 
713274 
713275 
713276 
713277 
713278 
451135 
713279 
713280 
713281 
451140 
713284 
713287 
451145 
713290 
713293 
451150 
713296 
451155 
713299 
713304 
713306 
451164 
713308 
713310 
713312 
451169 
713314 
713316 
451174 
713319 
713320 
713321 
713322 
451179 
713323 
713324 
713325 
713326 
451184 
713329 
713332 
451189 
713335 
451194 
713338 
713341 
713344 
451203 
713349 
451207 
713352 
451211 
713355 
713358 
451215 
713361 
451219 
713364 
451223 
713367 
451227 
713372 
713374 
713376 
451234 
713378 
713380 
713382 
451239 
713384 
713387 
451244 
713389 
713391 
451249 
713393 
713395 
713397 
451254 
713399 
713402 
451259 
713404 
713406 
451264 
713408 
713410 
713412 
713414 
451273 
713417 
713421 
451279 
713425 
451285 
713429 
713433 
451291 
713437 
451297 
713441 
451303 
713448 
713452 
451309 
713456 
713460 
451320 
713464 
713468 
451325 
713472 
451330 
451335 
713479 
713482 
451340 
713485 
713488 
451345 
713491 
451350 
713494 
713497 
713502 
451359 
713504 
713506 
451363 
713508 
713510 
451367 
713512 
713514 
451371 
713517 
451375 
713519 
713521 
451379 
713523 
713525 
451383 
713527 
713529 
713532 
451390 
713536 
451395 
713540 
451400 
713544 
713548 
451405 
713552 
451410 
713556 
451415 
713563 
451420 
713566 
713569 
713572 
451429 
713575 
451433 
713578 
451437 
713581 
451441 
713586 
713588 
451445 
713590 
713592 
451449 
713594 
713596 
451453 
713598 
713601 
451460 
713604 
713607 
451465 
713610 
713613 
451470 
713616 
451475 
713619 
451480 
713624 
713625 
713626 
713627 
713628 
451485 
713629 
713630 
713631 
451490 
713634 
713637 
713640 
451499 
713643 
713646 
451505 
713649 
713654 
451511 
713655 
713656 
713657 
713658 
713659 
713660 
451517 
713661 
713663 
713665 
451523 
713667 
713669 
713671 
451529 
713673 
713676 
713678 
451535 
713680 
713682 
713684 
713686 
713688 
451546 
713691 
713692 
713693 
451550 
713694 
713695 
713696 
713697 
451554 
713698 
713699 
713700 
713701 
451558 
713702 
713703 
713704 
713705 
451562 
713707 
713709 
451566 
713711 
713713 
451570 
713715 
713717 
713720 
451577 
713722 
713724 
713726 
451583 
713728 
713730 
713732 
451589 
713735 
713737 
451595 
713739 
713741 
713743 
451601 
713745 
713747 
713750 
451607 
713751 
713752 
713753 
713754 
713755 
713756 
451613 
713757 
713761 
713765 
451624 
713769 
451629 
713773 
713777 
451634 
713781 
451639 
451644 
713788 
713791 
451649 
713794 
713797 
451654 
713800 
713803 
713806 
451663 
451667 
713811 
713813 
451671 
713815 
713817 
451675 
713819 
713821 
451679 
713823 
713826 
451683 
713829 
451687 
713832 
713835 
451694 
713838 
713841 
451698 
713844 
451702 
713849 
451706 
713852 
451710 
713855 
451714 
713858 
713861 
451718 
713864 
713867 
451725 
713872 
451729 
713873 
713874 
713875 
713876 
451733 
713877 
713878 
713879 
451737 
713881 
713883 
451741 
713885 
713887 
451745 
713889 
713891 
451749 
713894 
713895 
713896 
713897 
713898 
713899 
451756 
713900 
713901 
451760 
713905 
451764 
713909 
451768 
713913 
451772 
713917 
451776 
713921 
451780 
713925 
451787 
713932 
451792 
713936 
713940 
451797 
713944 
451802 
713948 
451807 
713952 
451812 
713956 
451817 
713963 
713964 
713965 
713966 
713967 
713968 
713969 
451826 
713970 
713972 
713974 
451831 
713976 
713978 
451836 
713980 
713982 
451841 
713985 
713986 
713987 
713988 
713989 
451846 
713990 
713991 
713992 
713994 
451851 
713996 
713998 
451856 
714000 
714002 
714004 
714007 
451865 
714010 
714013 
451870 
714016 
451875 
714019 
714022 
451880 
714025 
451885 
714030 
714032 
451890 
714034 
714036 
714038 
451895 
714040 
714042 
714045 
451904 
714048 
714051 
451909 
714054 
714057 
451914 
714060 
451919 
714063 
451924 
714068 
714072 
451929 
714076 
451934 
714080 
714084 
451943 
714088 
714092 
451949 
451955 
714099 
714103 
451961 
714107 
451967 
714111 
714115 
451973 
714119 
451979 
714123 
714130 
714132 
451990 
714134 
714136 
714138 
451995 
714140 
714142 
452000 
714145 
714147 
452005 
714149 
714151 
714153 
452010 
714155 
714157 
452015 
714160 
452020 
714164 
714168 
714172 
452029 
714176 
452033 
714180 
452037 
714184 
452041 
452045 
714191 
452049 
714194 
452053 
714197 
714200 
714203 
452060 
714206 
452064 
714209 
452068 
714214 
714215 
452072 
714216 
714217 
714218 
714219 
452076 
714220 
714221 
714222 
714223 
452080 
714224 
714225 
714226 
714227 
452084 
714228 
714231 
714234 
452091 
714237 
452095 
714240 
452099 
714243 
714246 
452103 
452107 
714251 
714254 
452111 
714257 
452115 
714260 
714263 
452122 
714266 
714269 
452126 
452130 
714274 
714276 
452134 
714278 
714280 
452138 
714282 
714284 
452142 
714286 
714289 
452146 
714291 
714293 
714295 
452153 
714297 
714299 
452156 
714301 
452159 
714304 
714305 
452162 
714306 
714307 
714308 
452165 
714309 
714310 
714311 
452168 
714313 
452171 
714315 
714317 
714319 
452176 
714321 
714323 
452181 
714326 
714328 
452186 
714330 
714332 
714334 
452191 
714336 
714338 
452196 
714341 
714342 
714343 
714344 
452201 
714345 
714346 
714347 
714348 
452206 
714350 
714352 
714354 
714356 
714358 
452215 
714360 
714363 
714364 
452221 
714365 
714366 
714367 
714368 
714369 
714370 
452227 
714371 
714372 
714373 
714374 
714375 
714376 
452233 
714377 
714381 
452239 
714385 
452245 
714389 
714393 
452251 
714397 
714401 
452262 
714408 
452266 
714410 
714412 
452270 
714414 
714416 
452274 
714418 
714420 
452278 
714423 
452282 
714428 
452286 
714433 
452293 
714438 
452298 
714443 
452303 
714448 
452308 
714453 
452313 
452318 
714462 
714465 
452323 
714468 
714471 
714474 
452332 
714477 
714480 
452337 
714485 
452342 
714487 
714489 
452347 
714491 
714493 
714495 
452352 
714497 
714500 
452357 
714502 
714504 
452362 
714506 
714508 
714510 
714512 
452371 
714515 
714517 
452375 
714519 
714521 
452379 
714523 
714525 
452383 
714527 
714530 
452387 
714531 
714532 
714533 
714534 
452391 
714535 
714536 
714537 
452395 
714540 
714543 
452402 
714546 
714549 
452406 
714552 
452410 
714555 
452414 
714560 
452418 
714563 
452422 
714566 
714569 
452426 
714572 
714575 
452433 
714578 
452438 
714583 
714586 
452443 
714589 
452448 
714592 
714595 
452453 
714598 
714601 
452458 
714606 
452463 
714607 
714608 
714609 
714610 
714611 
714612 
714613 
452472 
714616 
714619 
452477 
714622 
714625 
452482 
714628 
452487 
714631 
452492 
714636 
714637 
714638 
714639 
714640 
452497 
714641 
714642 
714643 
714645 
452502 
714647 
714649 
714651 
714653 
452511 
714655 
452514 
714658 
452517 
714661 
452520 
714664 
452523 
714667 
452526 
714670 
452529 
714673 
714676 
452534 
714681 
452538 
714682 
714683 
714684 
714685 
452542 
714686 
714687 
714688 
714689 
452546 
714690 
714691 
714692 
714693 
452550 
714694 
714695 
452554 
714698 
714701 
452558 
714704 
714707 
452565 
714710 
452568 
714713 
452571 
452574 
714718 
452577 
714721 
452580 
714724 
452583 
714727 
714730 
452588 
714733 
452592 
714736 
452596 
714741 
452600 
714745 
452604 
714749 
452608 
714753 
452612 
714757 
714761 
452619 
714765 
452624 
714772 
452629 
714773 
714774 
714775 
714776 
714777 
452634 
714778 
714779 
714781 
452639 
714783 
714785 
714787 
452644 
714789 
714791 
452649 
714794 
714795 
714796 
714797 
714798 
714799 
714800 
714801 
452658 
714803 
714805 
452662 
714807 
714809 
452666 
714811 
714813 
452670 
714816 
714817 
452674 
714818 
714819 
714820 
714821 
452678 
714822 
714823 
452682 
714826 
714829 
714832 
452689 
714835 
452693 
714838 
452697 
714841 
452701 
714846 
452705 
714849 
714852 
452709 
714855 
452713 
714858 
714861 
452720 
714864 
452725 
714869 
714870 
714871 
714872 
714873 
452730 
714874 
714875 
714876 
714877 
714878 
452735 
714879 
714880 
714881 
714882 
714883 
452740 
714886 
452745 
714889 
714892 
452750 
714895 
714898 
714901 
452759 
714906 
452764 
714910 
452769 
714914 
452774 
714918 
714922 
452779 
714926 
452784 
714930 
452789 
714937 
714938 
714939 
714940 
714941 
452798 
714942 
714943 
714944 
452801 
714946 
452804 
714948 
714950 
452807 
714952 
452810 
714954 
714956 
452813 
714959 
452816 
714963 
452821 
714967 
452825 
714971 
452829 
714975 
452833 
714979 
452837 
714983 
452841 
452845 
714990 
714992 
714994 
452852 
714996 
714998 
452856 
715000 
715002 
452860 
715005 
452864 
715008 
715011 
452868 
715014 
452872 
715017 
452876 
715020 
715023 
452883 
715028 
452888 
715032 
715036 
452893 
715040 
452898 
715044 
452903 
715048 
452908 
715052 
452913 
715059 
715061 
715063 
715065 
452922 
715067 
452925 
715069 
715071 
452928 
715074 
452931 
715077 
452934 
715080 
452937 
715083 
452940 
715086 
452945 
715089 
715092 
452949 
452953 
715097 
715098 
715099 
715100 
452957 
715101 
715102 
715103 
715104 
452961 
715105 
715106 
715107 
715108 
452965 
715109 
715110 
715111 
715112 
452969 
715113 
715114 
715115 
715116 
715117 
715118 
452976 
715121 
452979 
715124 
452982 
715127 
452985 
715130 
452988 
715133 
452991 
715136 
452994 
715141 
452999 
715144 
715147 
453004 
715150 
453009 
715153 
715156 
453014 
715159 
453019 
715164 
715165 
715166 
715167 
453024 
715168 
715169 
715170 
715171 
715172 
453029 
715173 
715174 
715175 
715176 
715177 
715178 
715179 
715180 
715181 
453038 
715182 
715183 
715184 
453041 
715185 
453044 
715190 
453047 
453050 
715195 
453053 
453056 
715200 
453061 
715205 
453065 
715210 
453069 
715215 
453073 
453077 
715224 
453081 
715228 
453085 
715232 
453092 
715236 
453096 
715240 
453100 
715244 
453104 
715248 
453108 
715255 
453112 
715257 
715259 
453116 
715261 
715263 
715265 
453123 
715267 
453126 
715270 
715272 
453129 
715274 
453132 
715276 
715278 
453135 
715280 
453138 
715282 
453141 
715285 
715286 
715287 
715288 
715289 
453146 
715290 
715291 
715292 
715294 
453152 
715296 
715298 
715300 
453158 
715302 
715304 
715307 
453164 
715310 
715313 
453170 
715316 
715319 
453176 
715322 
715325 
453182 
715330 
715334 
453193 
715338 
453196 
715342 
453199 
453202 
715346 
453205 
715350 
453208 
715354 
453211 
453216 
715361 
453220 
715364 
715367 
453224 
715370 
453228 
715373 
453232 
715376 
715379 
453236 
453240 
715384 
715385 
715386 
715387 
715388 
715389 
715390 
453247 
715391 
715393 
453251 
715395 
715397 
453255 
715399 
715401 
453259 
715403 
715406 
453263 
715408 
715410 
453267 
715412 
715414 
453271 
715416 
715418 
715421 
453278 
715424 
453281 
715427 
453284 
715430 
453287 
715433 
453290 
715436 
453293 
715439 
453296 
715444 
453301 
715447 
453306 
715450 
715453 
453311 
715456 
715459 
453316 
715462 
453321 
715467 
715468 
715469 
453326 
715470 
715471 
715472 
715473 
715474 
453331 
715475 
715476 
715477 
715478 
715479 
715480 
715481 
715482 
715483 
453340 
715484 
715485 
715486 
715487 
715488 
453345 
715490 
715492 
453350 
715494 
715496 
715498 
453355 
715500 
715503 
453360 
715504 
715505 
715506 
715507 
715508 
453365 
715509 
715510 
715513 
453370 
715516 
715519 
715522 
453379 
715525 
453384 
715528 
453389 
715533 
715534 
715535 
715536 
715537 
453394 
715538 
715539 
715540 
715542 
453399 
715544 
715546 
453404 
715548 
715550 
715552 
453409 
715555 
715558 
715561 
453418 
715564 
715567 
453424 
715570 
715573 
453430 
715578 
715579 
453436 
715580 
715581 
715582 
715583 
715584 
715585 
453442 
715587 
715589 
715591 
453448 
715593 
715595 
715597 
453454 
715600 
715603 
715606 
453465 
715609 
715612 
453469 
715615 
453473 
715618 
453477 
715623 
453481 
715626 
453485 
715629 
715632 
453489 
715635 
715638 
453496 
715641 
453501 
715646 
715647 
715648 
715649 
453506 
715650 
715651 
715652 
715653 
715654 
453511 
715655 
715656 
715657 
715658 
715659 
453516 
715660 
715663 
453521 
715666 
715669 
453526 
715672 
715675 
715678 
453535 
715683 
453541 
715687 
453547 
715691 
715695 
453553 
715699 
453559 
715703 
715707 
453565 
715714 
453571 
715716 
715718 
715720 
715722 
715724 
453582 
715726 
715729 
453586 
715732 
453590 
715735 
453594 
715738 
715741 
453598 
715744 
453602 
715747 
453606 
715752 
453613 
715757 
453618 
715762 
453623 
715767 
453628 
715772 
453633 
715777 
453638 
715782 
453643 
715791 
715793 
715795 
453652 
715797 
715799 
715801 
453658 
715803 
715806 
453664 
715808 
715810 
715812 
453670 
715814 
715816 
715818 
453676 
715821 
715824 
453682 
715827 
715830 
453688 
715833 
715836 
715839 
453699 
715844 
715847 
453705 
715850 
715853 
453711 
715856 
715859 
453717 
715862 
453723 
715867 
715868 
715869 
715870 
715871 
715872 
453729 
715873 
715874 
715875 
715876 
715877 
715878 
453735 
715879 
715880 
715881 
715884 
715887 
453746 
715890 
715893 
453751 
715896 
715899 
453756 
715904 
453761 
715907 
453766 
715910 
715913 
453771 
715916 
715919 
453776 
715922 
715927 
453785 
715930 
715933 
453790 
715936 
453795 
715939 
715942 
453800 
715945 
453805 
715950 
453810 
715954 
715958 
453815 
715962 
715966 
453824 
715970 
453828 
715974 
453832 
453836 
715981 
715982 
715983 
453840 
715984 
715985 
715986 
715987 
453844 
715988 
715990 
453848 
715992 
715994 
715996 
715998 
453855 
716000 
716003 
716004 
453861 
716005 
716006 
716007 
716008 
716009 
716010 
453867 
716013 
716016 
453873 
716019 
716022 
453879 
716025 
716028 
453885 
716033 
716034 
453891 
716035 
716036 
716037 
716038 
716039 
716040 
716044 
453902 
716048 
453906 
716052 
453910 
716056 
453914 
716060 
453918 
716064 
453922 
453926 
716071 
716073 
716075 
453933 
716077 
716079 
453937 
716081 
716083 
453941 
716086 
453945 
716089 
716092 
453949 
716095 
453953 
716098 
453957 
716101 
716104 
453964 
716109 
716110 
716111 
716112 
453969 
716113 
716114 
716115 
716116 
453974 
716118 
716120 
716122 
453979 
716124 
716126 
453984 
716128 
716131 
453989 
716134 
716137 
453994 
716140 
716143 
716146 
454003 
716149 
454006 
454009 
716154 
454012 
716158 
454015 
454018 
716162 
454021 
716166 
454026 
716170 
716174 
454033 
716178 
454040 
716185 
716187 
716189 
454047 
716191 
716193 
716195 
716197 
454054 
716200 
716202 
716204 
454061 
716206 
716208 
716210 
454068 
716212 
716215 
716218 
716221 
716224 
454081 
716227 
454086 
716230 
716233 
454091 
716238 
454096 
716240 
716242 
716244 
454101 
716246 
716248 
454106 
716250 
716253 
454111 
716255 
716257 
716259 
716261 
716263 
454120 
716265 
716268 
454125 
716269 
716270 
716271 
716272 
716273 
454130 
716274 
716275 
716278 
454135 
716281 
454140 
716284 
716287 
454145 
716290 
716293 
454150 
716298 
716301 
454159 
716304 
454163 
716307 
716310 
454167 
716313 
454171 
716316 
454175 
716321 
454179 
716323 
716325 
454183 
716327 
716329 
716331 
716333 
454190 
716336 
454194 
716338 
716340 
454198 
716342 
716344 
454202 
716346 
716348 
454206 
716351 
716352 
716353 
454210 
716354 
716355 
716356 
716357 
454214 
716358 
716359 
716360 
716361 
716362 
716363 
716364 
454221 
716365 
716366 
716367 
716368 
454225 
716369 
716370 
716371 
716372 
454229 
716374 
716376 
454233 
716378 
716380 
454237 
716382 
716384 
454241 
716387 
454245 
716390 
716393 
454252 
716396 
716399 
454256 
716402 
454260 
716405 
454264 
716410 
454268 
716412 
716414 
454272 
716416 
716418 
454276 
716420 
716422 
716425 
454283 
716429 
454287 
716433 
454291 
716437 
454295 
716441 
454299 
716445 
454303 
716449 
454307 
716456 
454314 
716460 
454318 
716464 
454322 
716468 
454326 
716472 
454330 
716476 
454334 
716480 
454338 
716487 
454345 
716490 
716493 
454350 
716496 
454355 
716499 
716502 
454360 
716505 
454365 
716510 
716512 
454370 
716514 
716516 
716518 
454375 
716520 
716522 
716525 
716526 
716527 
454384 
716528 
716529 
716530 
716531 
454388 
716532 
716533 
716534 
716535 
454392 
716536 
716537 
716538 
716539 
454396 
716542 
454400 
716545 
454404 
716548 
716551 
454408 
716554 
716557 
454415 
716562 
454419 
716565 
454423 
716568 
454427 
716571 
716574 
454431 
716577 
454435 
716580 
454439 
716585 
716589 
454446 
716593 
454452 
716597 
716601 
454458 
716605 
454464 
716609 
454470 
716616 
716617 
716618 
716619 
454476 
716620 
716621 
716622 
716623 
716625 
454482 
716627 
716629 
716631 
716633 
716635 
454493 
716638 
716641 
454499 
716644 
716647 
454505 
716650 
716653 
454511 
716656 
454517 
716661 
716664 
454523 
716667 
716670 
454529 
716673 
716676 
716679 
454540 
716684 
716686 
716688 
454545 
716690 
716692 
454550 
716694 
716696 
454555 
716699 
716700 
716701 
716702 
716703 
454560 
716704 
716705 
716706 
716707 
716708 
454565 
716709 
716710 
716711 
716712 
716713 
454570 
716716 
716719 
716722 
454579 
716725 
454584 
716728 
716731 
454589 
716736 
454594 
716740 
454599 
716744 
454604 
716748 
716752 
454609 
716756 
716760 
454618 
716767 
716768 
454625 
716769 
716770 
716771 
716772 
716773 
716774 
454632 
716776 
716778 
716780 
716782 
454639 
716784 
716786 
716789 
454646 
716792 
716795 
454653 
716798 
716801 
454660 
716804 
716807 
716812 
716815 
454673 
716818 
716821 
454679 
716824 
716827 
454685 
716830 
454691 
716835 
716836 
716837 
716838 
716839 
716840 
454697 
716841 
716842 
716843 
716844 
716845 
716846 
454703 
716847 
716848 
716849 
716851 
454709 
716853 
716855 
716857 
716859 
716861 
454720 
716864 
716865 
716866 
716867 
454724 
716868 
716869 
716870 
716871 
454728 
716872 
716873 
716874 
716875 
454732 
716876 
716877 
716878 
454736 
716882 
454740 
716886 
454744 
716890 
716894 
454751 
716898 
454757 
716902 
454763 
716909 
454769 
716913 
716917 
454775 
716921 
454781 
716925 
716929 
454787 
716933 
716940 
454798 
716943 
716946 
454803 
716949 
454808 
716952 
716955 
454813 
716958 
454818 
716963 
716965 
454823 
716967 
716969 
716971 
454828 
716973 
716975 
716978 
454837 
716981 
716984 
454841 
716987 
454845 
716990 
454849 
716993 
716996 
454853 
454857 
717001 
717002 
717003 
717004 
454861 
717005 
717006 
717007 
717008 
717011 
454868 
717014 
717017 
454874 
717020 
717023 
454880 
717026 
454886 
717031 
717033 
717035 
454892 
717037 
717039 
717041 
454898 
717043 
717046 
717047 
454904 
717048 
717049 
717050 
717051 
717052 
717053 
717056 
454915 
717059 
717062 
454920 
717065 
717068 
454925 
717071 
454930 
717076 
454935 
717079 
717082 
454940 
717085 
717088 
454945 
717091 
717094 
454954 
717099 
717101 
454959 
717103 
717105 
717107 
454964 
717109 
717111 
454969 
717114 
717116 
454974 
717118 
717120 
717122 
454979 
717124 
717126 
454984 
717129 
717131 
717133 
717135 
454993 
717137 
717139 
454996 
717141 
454999 
717144 
717145 
455002 
717146 
717147 
717148 
455005 
717149 
717150 
717151 
455008 
717152 
717153 
717154 
455011 
717155 
717156 
717157 
717158 
717159 
455016 
717160 
717161 
717162 
717163 
717164 
455021 
717165 
717167 
717169 
455026 
717171 
717173 
455031 
717175 
717177 
455036 
717180 
717183 
455041 
717186 
717189 
455046 
717192 
717195 
717198 
455055 
455059 
717203 
717204 
717205 
717206 
455063 
717207 
717208 
717209 
717210 
455067 
717212 
717214 
455071 
717216 
717218 
455075 
717220 
717222 
455079 
717225 
717226 
717227 
717228 
717229 
455086 
717230 
717231 
717232 
455090 
717235 
455094 
717238 
717241 
455098 
717244 
455102 
717247 
455106 
717250 
455110 
717255 
717259 
455117 
717263 
455120 
455123 
717267 
455126 
717271 
455129 
717275 
455132 
455135 
717279 
455140 
717286 
717288 
455145 
717290 
717292 
455150 
717294 
717296 
717298 
455155 
717301 
717303 
455160 
717305 
717307 
455165 
717309 
717311 
717313 
455170 
717316 
717317 
717318 
717319 
717320 
717321 
717322 
455179 
717323 
717325 
455183 
717327 
717329 
455187 
717331 
717333 
455191 
717335 
717338 
455195 
717341 
455199 
717344 
455203 
717347 
717350 
717353 
455210 
717356 
455214 
717361 
455218 
717365 
455222 
717369 
455226 
717373 
455230 
717377 
455234 
717381 
455241 
717385 
455246 
717392 
717393 
717394 
455251 
717395 
717396 
717397 
717398 
717399 
455256 
717401 
717403 
455261 
717405 
717407 
717409 
455266 
717411 
717414 
455271 
717416 
717418 
717420 
717422 
455280 
717424 
717426 
717429 
455287 
717432 
717435 
455294 
717438 
717441 
717444 
455301 
717447 
455308 
717452 
717456 
455315 
717460 
717464 
455322 
717468 
717472 
717476 
455335 
717483 
455341 
717485 
717487 
717489 
455347 
717491 
717493 
717495 
455353 
717498 
717501 
455359 
717504 
717507 
455365 
717510 
717513 
455371 
717516 
717521 
717524 
455382 
717527 
717530 
455387 
717533 
455392 
717536 
717539 
455397 
717544 
455402 
717546 
717548 
717550 
455407 
717552 
717554 
455412 
717556 
717559 
717560 
717561 
717562 
717563 
717564 
455421 
717565 
717566 
717567 
717568 
717569 
455426 
717570 
717571 
717572 
717573 
455431 
717576 
717579 
455436 
717582 
455441 
717585 
717588 
455446 
717591 
455451 
717596 
717599 
717602 
455460 
717605 
455464 
717608 
717611 
455468 
717614 
455472 
717619 
455476 
717620 
717621 
717622 
717623 
455480 
717624 
717625 
717626 
717627 
455484 
717628 
717629 
717630 
717631 
717632 
717633 
455491 
717635 
717637 
455495 
717639 
717641 
455499 
717643 
717645 
455503 
717648 
717649 
717650 
455507 
717651 
717652 
717653 
717654 
455511 
717655 
717656 
717657 
717658 
455515 
717659 
717660 
717661 
717662 
717665 
455522 
717668 
455526 
717671 
455530 
717674 
717677 
455534 
717680 
455538 
717685 
455542 
717687 
717689 
455546 
717691 
717693 
717695 
455553 
717697 
717700 
455558 
717702 
717704 
717706 
455563 
717708 
717710 
455568 
717712 
717715 
717716 
455573 
717717 
717718 
717719 
717720 
717721 
455578 
717722 
717723 
717724 
717725 
717726 
455583 
717727 
717728 
717729 
717730 
717731 
717732 
717733 
717734 
717735 
455592 
717736 
455596 
717741 
455600 
717746 
455604 
717751 
455608 
455612 
717756 
455616 
717761 
717766 
455623 
455627 
455631 
717775 
717777 
455635 
717779 
717781 
455639 
717783 
717785 
455643 
717787 
717790 
455647 
717792 
717794 
717796 
455654 
717798 
717800 
455657 
717802 
455660 
717805 
455663 
717808 
455666 
717811 
455669 
717814 
455672 
717817 
717820 
455677 
717823 
455683 
717828 
717831 
455689 
717834 
717837 
455695 
717840 
717843 
455701 
717846 
455707 
717851 
717854 
455713 
717857 
717860 
717863 
717866 
455724 
717869 
455729 
717874 
455734 
717878 
717882 
455739 
717886 
455744 
717890 
455749 
717894 
455754 
717898 
717905 
455763 
717907 
717909 
717911 
455768 
717913 
717915 
455773 
717917 
717920 
455778 
717922 
717924 
717926 
455783 
717928 
717930 
455788 
717932 
717935 
455793 
717937 
717939 
717941 
717943 
717945 
455802 
717947 
717950 
455807 
717952 
717954 
455812 
717956 
717958 
717960 
455817 
717962 
717965 
455822 
717967 
717969 
455827 
717971 
717973 
717975 
455832 
717977 
717980 
717982 
717984 
455841 
717986 
717988 
455846 
717990 
717992 
455851 
717995 
455856 
718000 
455861 
718005 
455866 
718010 
455871 
718015 
718020 
455880 
718025 
455884 
455888 
718034 
455892 
718036 
718038 
455896 
718040 
718042 
455900 
718044 
718046 
455904 
718049 
718051 
718053 
455911 
718055 
718057 
718059 
455916 
718061 
718064 
455921 
718066 
718068 
455926 
718070 
718072 
718074 
455931 
718076 
718079 
455936 
718083 
455941 
718087 
718091 
455950 
718095 
455955 
718099 
718103 
455960 
455965 
718110 
718113 
455970 
718116 
455975 
718119 
718122 
455980 
718125 
718128 
455989 
718133 
718135 
455993 
718137 
718139 
455997 
718141 
718143 
456001 
718145 
718148 
456005 
718149 
718150 
718151 
718152 
456009 
718153 
718154 
718155 
718156 
456013 
718157 
718158 
718159 
718160 
718161 
718162 
456020 
718164 
718166 
718168 
456025 
718170 
718172 
456030 
718174 
718177 
456035 
718180 
718183 
456040 
718186 
456045 
718189 
718192 
456050 
718195 
718200 
718202 
456059 
718204 
718206 
456064 
718208 
718210 
718212 
456069 
718215 
718216 
718217 
456074 
718218 
718219 
718220 
718221 
718222 
456079 
718225 
456084 
718228 
718231 
456089 
718234 
718237 
718240 
456098 
718245 
718247 
456105 
718249 
718251 
718253 
718255 
456112 
718257 
718260 
718261 
718262 
456119 
718263 
718264 
718265 
718266 
718267 
718268 
718269 
456126 
718270 
718271 
718272 
718273 
718274 
456133 
718277 
718280 
718283 
456140 
718286 
718289 
718292 
456153 
718297 
718302 
456160 
718307 
456167 
718312 
718317 
456174 
718322 
456181 
718327 
456188 
718336 
718338 
456195 
718340 
718342 
718344 
718346 
718348 
718351 
456208 
718353 
718355 
718357 
456215 
718359 
718361 
718363 
456222 
718366 
718369 
718372 
456229 
718375 
718378 
456236 
718381 
718384 
456243 
718389 
718391 
718393 
456250 
718395 
718397 
718399 
718401 
718404 
718405 
718406 
456263 
718407 
718408 
718409 
718410 
456267 
718411 
718413 
456271 
718415 
718417 
456275 
718419 
718421 
456279 
718423 
718426 
456283 
718429 
456287 
718432 
718435 
456294 
718438 
718441 
456299 
718444 
456304 
718449 
718450 
718451 
718452 
456309 
718453 
718454 
718455 
718456 
456314 
718459 
718462 
456319 
718465 
456324 
718468 
718471 
718474 
456333 
718479 
456338 
718482 
718485 
456343 
718488 
718491 
456348 
718494 
456353 
718497 
456358 
718502 
718503 
718504 
718505 
718506 
456363 
718507 
718508 
718509 
718513 
456372 
718517 
718521 
456378 
718525 
456384 
718529 
718533 
456390 
456396 
718540 
718543 
456402 
718546 
718549 
456408 
718552 
718555 
718558 
456419 
718563 
456423 
718567 
456427 
718571 
456431 
718575 
456435 
718579 
456439 
718583 
456443 
718587 
456450 
718594 
718595 
718596 
718597 
718598 
456455 
718599 
718600 
718601 
456460 
718604 
718607 
456465 
718610 
718613 
456470 
718616 
456475 
718619 
456480 
718624 
718626 
718628 
718630 
718632 
456489 
718634 
718636 
456494 
718639 
718640 
718641 
718642 
456499 
718643 
718644 
718645 
718646 
456504 
718649 
718652 
456509 
718655 
456514 
718658 
718661 
456519 
718664 
718669 
718671 
456528 
718673 
718675 
456533 
718677 
718679 
718681 
456538 
718684 
718686 
456543 
718688 
718690 
456548 
718692 
718694 
718696 
456553 
718699 
456558 
718702 
718705 
718708 
456567 
718711 
456570 
718714 
456573 
718717 
456576 
718722 
456579 
718725 
456582 
718728 
456585 
718731 
456590 
718734 
718737 
456595 
718740 
456600 
718745 
718746 
718747 
718748 
456605 
718749 
718750 
718751 
718752 
456610 
718754 
718756 
718758 
456615 
718760 
718762 
456620 
718764 
718767 
718768 
718769 
718770 
718771 
718772 
456629 
718773 
718774 
718775 
718776 
718777 
718778 
718779 
456636 
718780 
718781 
718784 
456643 
718787 
718790 
718793 
456650 
718796 
718799 
456657 
718804 
718806 
456664 
718808 
718810 
718812 
718814 
456671 
718816 
718819 
718821 
718823 
718825 
718827 
456684 
718829 
456687 
718831 
456690 
718834 
718835 
718836 
456693 
718837 
718838 
718839 
456696 
718840 
718841 
718842 
456699 
718843 
718844 
718845 
456702 
718846 
718847 
718848 
718850 
456707 
718852 
456710 
718854 
718856 
456713 
718858 
456716 
718860 
456719 
718863 
456722 
718866 
456725 
718869 
718872 
456730 
718875 
718878 
456736 
718881 
456742 
718886 
718887 
718888 
718889 
718890 
718891 
456748 
718892 
718893 
718896 
456754 
718899 
718902 
456760 
718905 
718908 
456766 
718911 
718916 
718919 
456777 
718922 
718925 
456782 
718928 
456787 
718931 
718934 
456792 
718939 
718940 
456797 
718941 
718942 
718943 
718944 
718945 
456802 
718946 
718948 
718950 
456807 
718952 
718954 
718956 
718958 
456816 
718961 
718963 
456821 
718965 
718967 
718969 
456826 
718971 
718973 
456831 
718976 
718979 
456836 
718982 
456841 
718985 
718988 
456846 
718991 
718994 
456855 
718999 
719002 
456860 
719005 
719008 
456865 
719011 
456870 
719014 
719017 
456875 
719022 
456880 
719025 
719028 
456885 
719031 
719034 
719037 
456894 
719040 
456899 
719045 
719047 
456904 
719049 
719051 
456909 
719053 
719055 
719057 
456914 
719060 
456919 
719063 
719066 
456924 
719069 
719072 
719075 
456933 
719078 
456937 
719083 
719084 
456941 
719085 
719086 
719087 
719088 
456945 
719089 
719090 
456949 
719094 
456953 
719098 
456957 
719102 
719106 
456964 
719110 
456968 
719114 
456972 
456976 
719121 
719123 
456980 
719125 
719127 
456984 
719129 
719131 
456988 
719133 
719136 
719138 
456995 
719140 
719142 
456999 
719144 
719146 
457003 
719148 
457007 
719151 
719153 
457011 
719155 
719157 
457015 
719159 
719161 
457019 
719163 
719166 
719167 
719168 
719169 
457026 
719170 
719171 
719172 
719173 
457030 
719175 
719177 
457034 
719179 
719181 
457038 
719183 
719185 
457042 
719188 
719189 
457046 
719190 
719191 
719192 
719193 
457050 
719194 
719195 
719197 
719199 
457057 
719201 
719203 
457060 
719205 
457063 
719207 
457066 
719210 
719212 
457069 
719214 
457072 
719216 
719218 
457075 
719220 
719222 
457080 
719225 
719226 
457083 
719227 
719228 
719229 
457086 
719230 
719231 
719232 
457089 
457092 
719236 
457095 
719240 
457098 
719244 
457103 
719248 
457108 
719252 
719256 
457113 
457118 
719263 
719265 
457123 
719267 
719269 
719271 
457128 
719273 
719275 
457133 
719278 
719280 
719282 
719284 
457142 
719286 
719288 
457146 
719290 
719293 
457150 
719295 
719297 
457154 
719299 
719301 
457158 
719303 
719305 
457162 
719308 
457166 
719311 
719314 
457173 
719317 
719320 
457178 
719323 
719326 
457183 
719331 
457188 
719334 
457193 
719337 
719340 
457198 
719343 
719346 
457203 
719349 
719354 
457212 
719356 
719358 
457216 
719360 
719362 
457220 
719364 
719366 
457224 
719369 
719371 
457228 
719373 
719375 
457232 
719377 
719379 
457236 
719381 
719384 
457243 
719388 
457248 
719392 
719396 
457253 
719400 
457258 
719404 
457263 
719408 
457268 
719415 
457273 
719417 
719419 
719421 
719423 
719425 
457282 
719427 
457286 
719430 
719433 
457290 
719436 
457294 
719439 
457298 
719442 
719445 
457302 
719448 
457306 
719453 
719456 
457313 
719459 
457318 
719462 
719465 
457323 
719468 
719471 
457328 
719476 
457333 
719479 
457338 
719482 
719485 
457343 
719488 
719491 
719494 
457352 
457355 
719499 
719501 
457358 
719503 
457361 
719505 
719507 
457364 
719509 
457367 
719511 
457370 
719514 
719515 
719516 
719517 
719518 
457375 
719519 
719520 
719521 
457380 
719524 
719527 
457385 
719530 
719533 
457390 
719536 
457395 
719539 
457400 
719544 
719546 
719548 
457405 
719550 
719552 
719554 
719556 
457414 
719559 
457417 
719561 
719563 
457420 
719565 
457423 
719567 
719569 
457426 
719571 
457429 
719574 
719575 
457432 
719576 
719577 
719578 
719579 
719580 
457437 
719581 
719584 
719587 
457444 
719590 
719593 
457451 
719596 
719599 
457458 
719604 
719605 
719606 
719607 
719608 
457465 
719609 
719610 
719611 
719612 
719613 
719614 
719615 
457472 
719616 
719617 
719618 
719621 
457479 
719624 
719627 
719630 
719633 
457492 
719636 
457496 
719641 
719643 
457500 
719645 
719647 
457504 
719649 
719651 
457508 
719653 
457512 
719656 
719658 
457516 
719660 
719662 
719664 
719666 
457523 
719668 
457527 
719671 
719673 
457531 
719675 
719677 
457535 
719679 
719681 
457539 
719683 
719686 
457543 
719688 
719690 
457547 
719692 
719694 
719696 
457554 
719698 
457557 
719701 
719703 
457560 
719705 
457563 
719707 
719709 
457566 
719711 
457569 
719713 
457572 
719716 
719717 
719718 
719719 
719720 
457577 
719721 
719722 
719723 
719724 
719725 
719726 
719727 
457584 
719728 
719729 
719730 
719732 
719734 
457591 
719736 
719738 
719740 
457598 
719742 
719745 
719746 
719747 
719748 
457605 
719749 
719750 
719751 
719752 
719754 
457612 
719756 
719758 
719760 
719762 
457619 
719764 
719767 
719768 
719769 
719770 
719771 
719772 
719773 
719774 
457632 
719777 
719780 
457637 
719783 
457642 
719786 
719789 
457647 
719792 
457652 
719797 
719800 
457657 
719803 
457662 
719806 
719809 
719812 
457671 
719815 
719820 
457677 
719821 
719822 
719823 
719824 
719825 
719826 
457683 
719827 
719829 
719831 
457689 
719833 
719835 
719837 
457695 
719839 
719842 
719843 
719844 
457701 
719845 
719846 
719847 
719848 
719849 
719850 
457707 
719851 
719852 
719853 
719854 
719855 
719856 
719858 
719860 
457718 
719862 
719864 
719866 
457723 
719868 
719871 
457728 
719872 
719873 
719874 
719875 
719876 
457733 
719877 
719878 
719881 
457738 
719884 
457743 
719887 
719890 
457748 
719893 
719896 
457757 
719901 
719903 
719905 
457763 
719907 
719909 
719911 
457769 
719913 
719916 
719917 
719918 
457775 
719919 
719920 
719921 
719922 
719923 
719924 
457781 
719925 
719926 
719927 
719928 
719929 
719930 
457787 
719931 
719932 
719933 
719934 
719935 
719936 
457793 
719937 
719939 
719941 
719943 
719945 
719947 
457804 
719949 
719952 
457809 
719955 
457814 
719958 
719961 
457819 
719964 
719967 
457824 
719970 
457829 
719975 
719977 
457834 
719979 
719981 
719983 
719985 
457843 
719987 
719990 
719991 
457848 
719992 
719993 
719994 
719995 
719996 
457853 
719997 
719998 
719999 
720000 
720001 
457858 
720002 
720003 
720004 
457863 
720007 
720010 
457868 
720013 
720016 
457873 
720019 
720022 
457882 
720027 
720030 
457887 
720033 
457892 
720036 
720039 
457897 
720042 
720045 
457902 
720050 
457907 
720052 
720054 
457912 
720056 
720058 
720060 
720062 
457921 
720065 
720067 
720069 
457926 
720071 
720073 
457931 
720075 
720077 
457936 
720080 
720081 
720082 
720083 
720084 
457941 
720085 
720086 
720087 
720088 
720089 
457946 
720090 
720091 
720092 
720093 
720094 
457951 
720096 
720098 
720100 
720102 
457960 
720104 
720106 
720109 
457966 
720111 
720113 
720115 
457972 
720117 
720119 
720121 
457978 
720124 
720125 
720126 
720127 
457984 
720128 
720129 
720130 
720131 
457990 
720134 
720137 
457996 
720140 
720143 
720146 
720149 
458007 
720154 
720156 
458014 
720158 
720160 
720162 
720164 
458021 
720166 
720169 
720170 
720171 
458028 
720172 
720173 
720174 
720175 
720176 
458035 
720179 
720182 
720185 
458042 
720188 
720191 
458049 
720194 
720199 
720201 
720203 
720205 
458062 
720207 
720209 
720211 
458069 
720214 
720215 
720216 
720217 
720218 
720219 
458076 
720220 
720221 
720226 
458083 
720231 
458090 
720236 
458097 
720241 
720246 
458104 
720251 
720260 
458117 
720266 
458124 
720272 
458131 
720278 
458138 
720284 
458145 
720290 
458152 
720296 
458159 
720307 
720311 
720315 
458172 
720319 
458176 
720323 
458180 
720327 
458184 
720331 
458188 
458192 
720338 
458196 
720340 
720342 
720344 
720346 
458203 
720348 
720350 
458207 
720353 
458211 
720355 
720357 
458215 
720359 
720361 
458219 
720363 
720365 
458223 
720368 
720370 
458227 
720372 
720374 
720376 
458234 
720378 
720380 
458239 
720383 
720386 
458244 
720389 
720392 
458249 
720395 
458254 
720398 
720401 
458259 
720406 
458264 
720408 
720410 
720412 
720414 
720416 
458273 
720418 
720421 
458280 
720424 
720427 
720430 
458287 
720433 
720436 
458294 
720439 
720444 
458301 
720446 
720448 
720450 
458308 
720452 
720454 
720456 
458315 
720459 
720460 
720461 
720462 
720463 
720464 
720465 
720466 
720469 
458328 
720472 
458331 
720475 
458334 
720478 
458337 
720481 
458340 
720484 
458343 
720489 
458346 
720492 
458351 
720495 
458354 
720498 
458357 
720501 
458360 
720504 
458363 
720507 
458366 
720512 
458369 
720514 
720516 
458374 
720518 
720520 
720522 
458379 
720524 
720527 
458384 
720530 
458389 
720533 
720536 
458394 
720539 
720542 
458399 
720545 
458404 
720550 
720551 
720552 
720553 
720554 
720555 
720556 
458413 
720557 
720559 
720561 
458418 
720563 
720565 
458423 
720567 
720569 
458428 
720572 
720573 
720574 
720575 
720576 
458433 
720577 
720578 
720579 
720580 
720581 
458438 
720582 
720583 
720584 
720585 
720586 
458443 
720590 
720594 
458452 
720598 
458457 
720602 
458462 
720606 
720610 
458467 
458472 
720617 
720619 
458477 
720621 
720623 
720625 
458482 
720627 
720629 
720632 
720633 
720634 
458491 
720635 
720636 
720637 
720638 
720639 
458496 
720641 
720643 
458501 
720645 
720647 
720649 
458506 
720651 
720654 
458511 
720658 
458516 
720662 
458521 
720666 
720670 
458530 
720674 
720678 
458535 
458540 
720685 
720687 
458545 
720689 
720691 
720693 
458550 
720695 
720697 
458555 
720700 
458560 
720704 
720708 
720712 
458569 
720716 
458576 
720720 
720724 
458583 
720731 
458590 
720734 
720737 
720740 
458597 
720743 
720746 
458604 
720749 
720754 
458611 
720756 
720758 
720760 
720762 
720764 
720766 
458624 
720769 
720771 
720773 
458631 
720775 
720777 
720779 
720781 
458638 
720784 
720786 
720788 
458645 
720790 
720792 
720794 
458652 
720796 
720799 
720800 
720801 
720802 
458659 
720803 
720804 
720805 
720806 
720809 
458666 
720812 
720815 
720818 
720821 
458679 
720824 
458684 
720829 
720832 
458689 
720835 
458694 
720838 
720841 
458699 
720844 
720847 
458704 
720852 
458709 
720853 
720854 
720855 
720856 
720857 
720858 
720859 
458718 
720862 
720865 
458723 
720868 
720871 
458728 
720874 
458733 
720877 
458738 
720882 
720884 
720886 
458743 
720888 
720890 
458748 
720892 
720894 
720897 
720899 
458757 
720901 
720903 
458761 
720905 
720907 
458765 
720909 
720912 
458769 
720914 
720916 
458773 
720918 
720920 
458777 
720922 
720924 
458781 
720927 
720929 
720931 
458788 
720933 
720935 
458793 
720937 
720939 
458798 
720942 
720944 
720946 
458803 
720948 
720950 
458808 
720952 
720954 
458813 
720957 
720958 
720959 
720960 
720961 
458818 
720962 
720963 
720964 
720966 
720968 
720970 
458827 
720972 
720974 
720976 
458833 
720979 
720981 
458839 
720983 
720985 
720987 
458845 
720989 
720991 
720994 
458851 
720995 
720996 
720997 
720998 
720999 
721000 
458857 
721001 
721002 
721003 
721004 
721005 
721006 
458863 
721007 
721008 
721010 
721012 
721014 
721016 
458874 
721018 
721020 
458878 
721023 
721025 
458882 
721027 
721029 
458886 
721031 
721033 
458890 
721035 
458894 
721038 
721040 
458898 
721042 
721044 
721046 
721048 
458905 
721050 
458908 
721053 
458911 
721057 
458914 
458917 
721061 
458920 
721065 
458923 
721069 
458928 
721073 
721077 
458934 
458940 
721084 
721087 
458946 
721090 
721093 
458952 
721096 
721099 
458958 
721102 
721107 
458964 
721110 
721113 
721116 
458975 
721119 
721122 
458981 
721125 
721130 
458987 
721133 
721136 
458993 
721139 
721142 
458999 
721145 
721148 
459005 
721153 
459011 
721156 
721159 
721162 
721165 
459022 
721168 
459027 
721171 
459032 
721176 
721178 
721180 
459037 
721182 
721184 
459042 
721186 
721188 
459047 
721191 
721192 
721193 
721194 
721195 
459052 
721196 
721197 
721198 
721199 
721200 
721201 
721202 
721203 
721204 
459061 
721205 
721209 
459067 
721213 
459073 
721217 
721221 
459079 
721225 
459085 
721229 
459091 
721236 
721239 
459097 
721242 
721245 
721248 
721251 
459108 
721254 
459111 
459114 
721259 
459117 
721261 
721263 
459120 
721265 
459123 
721267 
721269 
459126 
721271 
721274 
459131 
721276 
721278 
459135 
721280 
721282 
459139 
721284 
721286 
459143 
721289 
721290 
459147 
721291 
721292 
721293 
721294 
459151 
721295 
721296 
721298 
459155 
721300 
721302 
721304 
459162 
721306 
721308 
459166 
721311 
721312 
721313 
459170 
721314 
721315 
721316 
721317 
459174 
721318 
459178 
721323 
459182 
721328 
459186 
721333 
459193 
721338 
721343 
459200 
721348 
459207 
721357 
459214 
721360 
721363 
459221 
721366 
721369 
459228 
721372 
721375 
459235 
721380 
721383 
721386 
721389 
459248 
721392 
721395 
459254 
721398 
721403 
459260 
721405 
721407 
721409 
459266 
721411 
721413 
721415 
459272 
721418 
721419 
721420 
721421 
459278 
721422 
721423 
721424 
721425 
721426 
721427 
459284 
721428 
721429 
721430 
721431 
721432 
721434 
721436 
721438 
459295 
721440 
721442 
721444 
459301 
721447 
721448 
721449 
721450 
459307 
721451 
721452 
721453 
721454 
459313 
721457 
721460 
459319 
721463 
721466 
459325 
721469 
721472 
459331 
721477 
721480 
721483 
459342 
721486 
721489 
459347 
721492 
721495 
459352 
721500 
459357 
721502 
721504 
459362 
721506 
721508 
721510 
459367 
721512 
721515 
459372 
721517 
721519 
721521 
721523 
459381 
721525 
721527 
459385 
721530 
721532 
459389 
721534 
721536 
459393 
721538 
721540 
459397 
721542 
459401 
721545 
721546 
721547 
721548 
459405 
721549 
721550 
721551 
721552 
721554 
459412 
721556 
721558 
459416 
721560 
721562 
459420 
721564 
721567 
459424 
721569 
721571 
459428 
721573 
721575 
459432 
721577 
721579 
459436 
721582 
721585 
459443 
721588 
459447 
721591 
721594 
459451 
721597 
459455 
721600 
459459 
721605 
459463 
721607 
721609 
459467 
721611 
721613 
721615 
721617 
459474 
721620 
721621 
459478 
721622 
721623 
721624 
721625 
459482 
721626 
721627 
721628 
721629 
459486 
721630 
721631 
721632 
721633 
459490 
721634 
721636 
459494 
721638 
721640 
459498 
721642 
721644 
721646 
459505 
721649 
721650 
721651 
721652 
721653 
459510 
721654 
721655 
721656 
459515 
721660 
459520 
721664 
721668 
459525 
721672 
459530 
721676 
459535 
721680 
721687 
459544 
721689 
721691 
459549 
721693 
721695 
721697 
459554 
721699 
721702 
459559 
721705 
459564 
721708 
721711 
459569 
721714 
721717 
459574 
721720 
721725 
459583 
721729 
459588 
721733 
459593 
721737 
721741 
459598 
721745 
459603 
721749 
459608 
721756 
459613 
721758 
721760 
721762 
721764 
459622 
721766 
721768 
459627 
721771 
721774 
459632 
721777 
721780 
459637 
721783 
459642 
721786 
721789 
459647 
721794 
459652 
721797 
721800 
721803 
459661 
721806 
721809 
459667 
721812 
459673 
721817 
721818 
721819 
721820 
721821 
721822 
459679 
721823 
721824 
721828 
459685 
721832 
459691 
721836 
721840 
459697 
721844 
721848 
459708 
721855 
459712 
721858 
459716 
721861 
459720 
721864 
721867 
459724 
721870 
459728 
721873 
459732 
721878 
721879 
721880 
721881 
721882 
459739 
721883 
721884 
721885 
721886 
721887 
721888 
459745 
721889 
721890 
721891 
721892 
459751 
721896 
721900 
459757 
721904 
459763 
721908 
721912 
459769 
721916 
459775 
721923 
721926 
721929 
459786 
721932 
459791 
721935 
721938 
459796 
721941 
459801 
721946 
721947 
721948 
721949 
459806 
721950 
721951 
721952 
721953 
721954 
459811 
721955 
721956 
721957 
721958 
721959 
459816 
721960 
721963 
721966 
459825 
721969 
721972 
459829 
721975 
459833 
721978 
459837 
721983 
721984 
459841 
721985 
721986 
721987 
721988 
459845 
721989 
721990 
721991 
721992 
459849 
721993 
721994 
721995 
721996 
721997 
721999 
459856 
722001 
722003 
459860 
722005 
722007 
459864 
722009 
459868 
722012 
722014 
459872 
722016 
722018 
459876 
722020 
722022 
459880 
722024 
722027 
722028 
722029 
722030 
459887 
722031 
722032 
722033 
722034 
459891 
722036 
722038 
459895 
722040 
722042 
459899 
722044 
722046 
459903 
722049 
459907 
722051 
722053 
459911 
722055 
722057 
722059 
722061 
459918 
722064 
722065 
459922 
722066 
722067 
722068 
722069 
459926 
722070 
722071 
459930 
722075 
459934 
722079 
459938 
722083 
459942 
722087 
722091 
459949 
722095 
459952 
459955 
459958 
722102 
722104 
459961 
722106 
459964 
722108 
722110 
459967 
722112 
722114 
459972 
722117 
722119 
459977 
722121 
722123 
722125 
459982 
722127 
722129 
459987 
722132 
722133 
722134 
722135 
459992 
722136 
722137 
722138 
722139 
459997 
722141 
722143 
722145 
460002 
722147 
722149 
722151 
722154 
460011 
722155 
722156 
722157 
722158 
722159 
722160 
460017 
722161 
722162 
722163 
722164 
722165 
722166 
460023 
722167 
722168 
722171 
460029 
722174 
722177 
460035 
722180 
722183 
460041 
722186 
460047 
722191 
722192 
722193 
722194 
722195 
722196 
722197 
722198 
722200 
460058 
722202 
722204 
460062 
722206 
722208 
460066 
722210 
722213 
460070 
722215 
722217 
460074 
722219 
722221 
460078 
722223 
722225 
460082 
722228 
722229 
722230 
722231 
722232 
460089 
722233 
722234 
722235 
722236 
722237 
460094 
722238 
722239 
722240 
722241 
722242 
460099 
722245 
460104 
722248 
722251 
460109 
722254 
722257 
460114 
722260 
460119 
722265 
722267 
722269 
722271 
460128 
722273 
722275 
460133 
722277 
722280 
460138 
722283 
722286 
460143 
722289 
460148 
722292 
722295 
460153 
722298 
460158 
722303 
722307 
460167 
722311 
460171 
722315 
460175 
722319 
460179 
722323 
460183 
722327 
460187 
722334 
460191 
722335 
722336 
722337 
722338 
722339 
722340 
722341 
460198 
722343 
722345 
460202 
722347 
722349 
460206 
722351 
722353 
460210 
722356 
722357 
460214 
722358 
722359 
722360 
722361 
460218 
722362 
722363 
722365 
460222 
722367 
722369 
722371 
460229 
722373 
722375 
460234 
722378 
722379 
722380 
722381 
722382 
460239 
722383 
722384 
722385 
460244 
722388 
722391 
460249 
722394 
722397 
460254 
722400 
460259 
722403 
722408 
722411 
460268 
722414 
460273 
722417 
722420 
460278 
722423 
722426 
460283 
722431 
460288 
722434 
460293 
722437 
722440 
460298 
722443 
722446 
722449 
460307 
460310 
722454 
722455 
722456 
460313 
722457 
722458 
722459 
460316 
722460 
722461 
722462 
460319 
722463 
722464 
722465 
460322 
722466 
722467 
722468 
460325 
722470 
722472 
460330 
722474 
722476 
460334 
722478 
722480 
460338 
722483 
722484 
722485 
460342 
722486 
722487 
722488 
722489 
460346 
722490 
722493 
460350 
722496 
460354 
722499 
722502 
460361 
722505 
460364 
722508 
460367 
722513 
460370 
722515 
460373 
722517 
722519 
460376 
722521 
460379 
722523 
722525 
460384 
722528 
722531 
460388 
722534 
460392 
722537 
460396 
722540 
722543 
460400 
722546 
460404 
722551 
460408 
722554 
722557 
460415 
722560 
722563 
460420 
722566 
460425 
722569 
460430 
722574 
722575 
722576 
722577 
722578 
460435 
722579 
722580 
722581 
722582 
722583 
460440 
722584 
722585 
722586 
722587 
722588 
460445 
722590 
722592 
722594 
722596 
460454 
722598 
722600 
460458 
722603 
722604 
722605 
460462 
722606 
722607 
722608 
722609 
460466 
722610 
722612 
460470 
722614 
722616 
460474 
722618 
722620 
460478 
722622 
722625 
722626 
722627 
722628 
460485 
722629 
722630 
722631 
722632 
460489 
722634 
722636 
460493 
722638 
722640 
460497 
722642 
722644 
460501 
722647 
460505 
722651 
460509 
722655 
722659 
460516 
722663 
460521 
722667 
460526 
722671 
460531 
722678 
460536 
722680 
722682 
722684 
460541 
722686 
722688 
460546 
722690 
722693 
722695 
722697 
460555 
722699 
722701 
722703 
460560 
722705 
722708 
460565 
722710 
722712 
460570 
722714 
722716 
722718 
460575 
722720 
722723 
460580 
722725 
722727 
460585 
722729 
722731 
722733 
722735 
460594 
722738 
722739 
722740 
460597 
722741 
722742 
722743 
460600 
722744 
722745 
460603 
722747 
722749 
460606 
722751 
460609 
722753 
722755 
460612 
722757 
722760 
460617 
722762 
722764 
460621 
722766 
722768 
460625 
722770 
722772 
460629 
722775 
722776 
460633 
722777 
722778 
722779 
722780 
460637 
722781 
722782 
460641 
722785 
722788 
722791 
460648 
722794 
460652 
722797 
460656 
722800 
460660 
722805 
722807 
460664 
722809 
722811 
460668 
722813 
722815 
460672 
722817 
722820 
722822 
460679 
722824 
722826 
460684 
722828 
722830 
722832 
460689 
722835 
722837 
460694 
722839 
722841 
460699 
722843 
722845 
722847 
460704 
722850 
722851 
722852 
460709 
722853 
722854 
722855 
722856 
722857 
722860 
460718 
722863 
460721 
722866 
460724 
722869 
460727 
722872 
460730 
722875 
460733 
460736 
722880 
722881 
722882 
722883 
722884 
460741 
722885 
722886 
722887 
460745 
722889 
722891 
460749 
722893 
722895 
460753 
722897 
722899 
460757 
722902 
722904 
460761 
722906 
722908 
460765 
722910 
722912 
722914 
460772 
722917 
722918 
460775 
722919 
722920 
722921 
460778 
722922 
722923 
722924 
460781 
722926 
460784 
722928 
722930 
460787 
722932 
460790 
722934 
722936 
460795 
722939 
722942 
460800 
722945 
722948 
460805 
722951 
460810 
722954 
722957 
460815 
722962 
460820 
722964 
722966 
722968 
460825 
722970 
722972 
722974 
722977 
460834 
722979 
460837 
722981 
722983 
460840 
722985 
460843 
722987 
722989 
460846 
722992 
460849 
722993 
722994 
722995 
460852 
722996 
722997 
722998 
722999 
723000 
460857 
723001 
723002 
723003 
723004 
460861 
723005 
723006 
460865 
723009 
723012 
460869 
723015 
460873 
723018 
460877 
723021 
723024 
460881 
723029 
723031 
460888 
723033 
723035 
460892 
723037 
723039 
460896 
723041 
460900 
723044 
723046 
460904 
723048 
723050 
460908 
723052 
723054 
460912 
723056 
723059 
723060 
723061 
723062 
460919 
723063 
723064 
723065 
460922 
723066 
460925 
723069 
460928 
723072 
460931 
723075 
460934 
723078 
460937 
723081 
723084 
460942 
723089 
460947 
723092 
723095 
460952 
723098 
460957 
723101 
723104 
460962 
723107 
460967 
723112 
723114 
460972 
723116 
723118 
723120 
723122 
723124 
460981 
723127 
723129 
460986 
723131 
723133 
460991 
723135 
723137 
723139 
460996 
723142 
461001 
723147 
461006 
723152 
461011 
723157 
723162 
461020 
723167 
461026 
723172 
461032 
723181 
461038 
723184 
723187 
461044 
723190 
723193 
461050 
723196 
723199 
461056 
723204 
723205 
723206 
723207 
723208 
723209 
723210 
461067 
723211 
723212 
723213 
461070 
723214 
723215 
723216 
461073 
723217 
723218 
461076 
723221 
461079 
723224 
461082 
723227 
461085 
723230 
723233 
461090 
723236 
461094 
723241 
461098 
723242 
723243 
723244 
723245 
461102 
723246 
723247 
723248 
461106 
723250 
723252 
461110 
723254 
723256 
461114 
723258 
723260 
723263 
723264 
461121 
723265 
723266 
723267 
723268 
461125 
723269 
723270 
723271 
723272 
461129 
723273 
723274 
723275 
723276 
461133 
723277 
723279 
461137 
723281 
723283 
461141 
723285 
723287 
461145 
723289 
723292 
461152 
723296 
461155 
723300 
461158 
723304 
461161 
461164 
723308 
461167 
723312 
461170 
723316 
461175 
461179 
723323 
723326 
461183 
723329 
461187 
723332 
461191 
723335 
723338 
461195 
723341 
461199 
723346 
723349 
461206 
723352 
461211 
723355 
723358 
461216 
723361 
723364 
461221 
723369 
461226 
723370 
723371 
723372 
723373 
723374 
461231 
723375 
723376 
723378 
461236 
723380 
723382 
723384 
723386 
723388 
461245 
723391 
723392 
723393 
723394 
461251 
723395 
723396 
723397 
723398 
723399 
723400 
461257 
723401 
723402 
723403 
723404 
723405 
461263 
723407 
723409 
723411 
461269 
723413 
723415 
723417 
461275 
723420 
723423 
461281 
723426 
723429 
723432 
723435 
461292 
723438 
461297 
723443 
723445 
461302 
723447 
723449 
461307 
723451 
723453 
723455 
461312 
723458 
461317 
723461 
723464 
461322 
723467 
723470 
723473 
461331 
723476 
461336 
723481 
723483 
461341 
723485 
723487 
723489 
461346 
723491 
723493 
461351 
723496 
723499 
461356 
723502 
461361 
723505 
723508 
723511 
461370 
723514 
461374 
723519 
723521 
461378 
723523 
723525 
461382 
723527 
723529 
461386 
723531 
461390 
723534 
723536 
461394 
723538 
723540 
723542 
723544 
461401 
723546 
723549 
461406 
723552 
461411 
723555 
723558 
461416 
723561 
723564 
461421 
723567 
461426 
723572 
723574 
461431 
723576 
723578 
723580 
723582 
461440 
723584 
723587 
723588 
461445 
723589 
723590 
723591 
723592 
723593 
461450 
723594 
723597 
461455 
723600 
723603 
461460 
723606 
461465 
723609 
723612 
461470 
723617 
723620 
461479 
723623 
723626 
461483 
723629 
461487 
723632 
461491 
723635 
461495 
723640 
723642 
461499 
723644 
723646 
461503 
723648 
723650 
723652 
461510 
723655 
723657 
461514 
723659 
723661 
461518 
723663 
723665 
461522 
723667 
461526 
723670 
723673 
461530 
723676 
461534 
723679 
723682 
461541 
723685 
723688 
461545 
461549 
723693 
723694 
723695 
723696 
461553 
723697 
723698 
723699 
723700 
461557 
723702 
723704 
461561 
723706 
723708 
461565 
723710 
723712 
723715 
461572 
723716 
723717 
723718 
461575 
723719 
723720 
723721 
461578 
723722 
461581 
723725 
461584 
723728 
461587 
723731 
461590 
723734 
723737 
461595 
723740 
461598 
461601 
723745 
723746 
723747 
461604 
723748 
723749 
723750 
461607 
723751 
723752 
461610 
723754 
723756 
461613 
723758 
723760 
461618 
723762 
723764 
461623 
723767 
723768 
723769 
723770 
723771 
461628 
723772 
723773 
723774 
723776 
461633 
723778 
723780 
461638 
723782 
723784 
723786 
461643 
723789 
461648 
723793 
723797 
461657 
723801 
461661 
723805 
461665 
723809 
461669 
723813 
461673 
723820 
461677 
723823 
461681 
723826 
723829 
461688 
723832 
723835 
461693 
723838 
461698 
723843 
723846 
461703 
723849 
461708 
723852 
723855 
461713 
723858 
723861 
461718 
723866 
723867 
723868 
723869 
723870 
461727 
723871 
723872 
723873 
461730 
723875 
461733 
723877 
723879 
461736 
723881 
461739 
723883 
723885 
461742 
723888 
461745 
723889 
723890 
723891 
723892 
723893 
461750 
723894 
723895 
723896 
723897 
723898 
461755 
723899 
723900 
723901 
723902 
461760 
723906 
461765 
723910 
461770 
723914 
723918 
461775 
723922 
461780 
723926 
461789 
723933 
461793 
723937 
461797 
723941 
461801 
723945 
461805 
723949 
461809 
723953 
461813 
723957 
461820 
723964 
723967 
461825 
723970 
723973 
461830 
723976 
461835 
723979 
723982 
461840 
723987 
461845 
723989 
723991 
723993 
461850 
723995 
723997 
723999 
724002 
461859 
724003 
724004 
724005 
724006 
461863 
724007 
724008 
724009 
461867 
724011 
724013 
461871 
724015 
724017 
461875 
724019 
724021 
461879 
724024 
724026 
461883 
724028 
724030 
724032 
461890 
724034 
724036 
461895 
724039 
724043 
461900 
724047 
461905 
724051 
461910 
724055 
461915 
724059 
724063 
461920 
724070 
461929 
724073 
461932 
724076 
461935 
724079 
461938 
724082 
461941 
724085 
461944 
724088 
461947 
724093 
724094 
724095 
461952 
724096 
724097 
724098 
724099 
724100 
461959 
724103 
724106 
724109 
461966 
724112 
724115 
461973 
724118 
724123 
461980 
724125 
724127 
724129 
461987 
724131 
724133 
724135 
461994 
724138 
724139 
724140 
724141 
724142 
724143 
724144 
724145 
724146 
724147 
724148 
724149 
724150 
462007 
724151 
724152 
724153 
724154 
724155 
462012 
724156 
724157 
724158 
724159 
462017 
724161 
724163 
724165 
462022 
724167 
724169 
462027 
724171 
724174 
462032 
724176 
724178 
724180 
462037 
724182 
724184 
724186 
724189 
462046 
724190 
724191 
724192 
724193 
724194 
462051 
724195 
724196 
462056 
724200 
724204 
462061 
724208 
462066 
724212 
462071 
724216 
462076 
724220 
724227 
462085 
724231 
462090 
724235 
462095 
724239 
724243 
462100 
724247 
462105 
724251 
462110 
724258 
462115 
724262 
724266 
462124 
724270 
462129 
724274 
462134 
724278 
724282 
462139 
462144 
724289 
724291 
462149 
724293 
724295 
724297 
462154 
724299 
724301 
724304 
724305 
724306 
462163 
724307 
724308 
724309 
724310 
462167 
724311 
724313 
462171 
724315 
724317 
462175 
724319 
724321 
462179 
724323 
724326 
462183 
724329 
462187 
724332 
724335 
462194 
724338 
462197 
724341 
462200 
724344 
462203 
724349 
462206 
724351 
462209 
724353 
724355 
462212 
724357 
724359 
462217 
724361 
724364 
462221 
724368 
462225 
724372 
462229 
724376 
462233 
724380 
462237 
724384 
462241 
724388 
462248 
462251 
724395 
724396 
724397 
462254 
724398 
724399 
724400 
462257 
724401 
724402 
462260 
724404 
724406 
462263 
724408 
462266 
724410 
724412 
724414 
462271 
724417 
724418 
724419 
462276 
724420 
724421 
724422 
724423 
724424 
462281 
724427 
462286 
724430 
724433 
462291 
724436 
724439 
462296 
724442 
462301 
724447 
724448 
724449 
724450 
724451 
724452 
724453 
462310 
724454 
462314 
724458 
462318 
724462 
462322 
724466 
462326 
724470 
462330 
724474 
462334 
724478 
462341 
724485 
724488 
462345 
724491 
462349 
724494 
462353 
724497 
724500 
462357 
724503 
462361 
724508 
462365 
724510 
724512 
724514 
462372 
724516 
724518 
724520 
462377 
724523 
724524 
724525 
462382 
724526 
724527 
724528 
724529 
724530 
462387 
724533 
462392 
724536 
724539 
462397 
724542 
724545 
462402 
724548 
724553 
462411 
724555 
724557 
462414 
724559 
462417 
724561 
724563 
462420 
724565 
462423 
724568 
724569 
462426 
724570 
724571 
724572 
462429 
724573 
724574 
724575 
724577 
462434 
724579 
462437 
724581 
724583 
462440 
724585 
462443 
724587 
462446 
724590 
724591 
724592 
462449 
724593 
724594 
724595 
462452 
724596 
724597 
724600 
462457 
724603 
462462 
724606 
724609 
462467 
724612 
724615 
462472 
724620 
462477 
724621 
724622 
724623 
724624 
724625 
462482 
724626 
724627 
724628 
724629 
724630 
462487 
724631 
724632 
724633 
724634 
724636 
724638 
462496 
724640 
724642 
462500 
724644 
724646 
462504 
724649 
724651 
462508 
724653 
724655 
462512 
724657 
724659 
462516 
724661 
462520 
724664 
724665 
724666 
724667 
724668 
724669 
724670 
462527 
724671 
462532 
724676 
462537 
724681 
462542 
724686 
462547 
724691 
462552 
724696 
462557 
724701 
462566 
724710 
724712 
462570 
724714 
724716 
462574 
724718 
724720 
462578 
724722 
724725 
462582 
724729 
462586 
724733 
462590 
724737 
462597 
724741 
462601 
724745 
462605 
724749 
462609 
724756 
462613 
724759 
462617 
724762 
462621 
724765 
724768 
724771 
462628 
724774 
462633 
724779 
724781 
462638 
724783 
724785 
462643 
724787 
724789 
724791 
462648 
724794 
462653 
724797 
724800 
462658 
724803 
724806 
724809 
462667 
724812 
462670 
462673 
724817 
724819 
462676 
724821 
462679 
724823 
724825 
462682 
724827 
462685 
724829 
724832 
462690 
724836 
462693 
462696 
724840 
462699 
724844 
462702 
724848 
462705 
462708 
724852 
724856 
462713 
462718 
724863 
462723 
724867 
724871 
462728 
724875 
462733 
724879 
462738 
724883 
462743 
724887 
724894 
724895 
462752 
724896 
724897 
724898 
724899 
462756 
724900 
724901 
724902 
724903 
462760 
724904 
724905 
724906 
724907 
462764 
724908 
724910 
462768 
724912 
724914 
462772 
724916 
724918 
462776 
724920 
724923 
724926 
462783 
724929 
462788 
724932 
724935 
462793 
724938 
724941 
462798 
724946 
462803 
724948 
724950 
462808 
724952 
724954 
724956 
462813 
724958 
724961 
724963 
724965 
462822 
724967 
462825 
724969 
724971 
462828 
724973 
462831 
724976 
462834 
724978 
724980 
462837 
724982 
462840 
724984 
724986 
724988 
462845 
724991 
462849 
724993 
724995 
462853 
724997 
724999 
462857 
725001 
725003 
462861 
725006 
725008 
462865 
725010 
725012 
462869 
725014 
725016 
725018 
462876 
725021 
725022 
725023 
462880 
725024 
725025 
725026 
725027 
462884 
725028 
725031 
462888 
725034 
462892 
725037 
462896 
725040 
725043 
462900 
725046 
462907 
725051 
725052 
725053 
725054 
462911 
725055 
725056 
725057 
725058 
462915 
725060 
725062 
462919 
725064 
725066 
462923 
725068 
725070 
462927 
725073 
462931 
725076 
725079 
462938 
725082 
725085 
462942 
725088 
462946 
725091 
462950 
725096 
462954 
725099 
462958 
725102 
725105 
462962 
725108 
725111 
462969 
725114 
462973 
725119 
462977 
725121 
725123 
462981 
725125 
725127 
462985 
725129 
725131 
462989 
725134 
462993 
725137 
725140 
725143 
463000 
725146 
463004 
725149 
463008 
725152 
463012 
725157 
725159 
463016 
725161 
725163 
463020 
725165 
725167 
463024 
725169 
725172 
463031 
725176 
463036 
725180 
725184 
463041 
725188 
463046 
725192 
463051 
725196 
463056 
725203 
463061 
725206 
725209 
725212 
463070 
725215 
725218 
463075 
725221 
463080 
725226 
725228 
463085 
725230 
725232 
463090 
725234 
725236 
725238 
463095 
725241 
725243 
463100 
725245 
725247 
725249 
725251 
463109 
725253 
725256 
463114 
725259 
725262 
463119 
725265 
463124 
725268 
725271 
463129 
725274 
463134 
725279 
463139 
725283 
725287 
725291 
463148 
725295 
463153 
725299 
463158 
725303 
463163 
725310 
463168 
725314 
463173 
725318 
463178 
725322 
725326 
725330 
463187 
725334 
463191 
463195 
725341 
725342 
463199 
725343 
725344 
725345 
725346 
463203 
725347 
725348 
725349 
725350 
463207 
725351 
725352 
725353 
725354 
463211 
725355 
725358 
725361 
463218 
725364 
463222 
725367 
463226 
725370 
725373 
463230 
463234 
725378 
725381 
463238 
725384 
463242 
725387 
725390 
463249 
725393 
725396 
463254 
725401 
725402 
463259 
725403 
725404 
725405 
725406 
725407 
463264 
725408 
725410 
725412 
463269 
725414 
725416 
463274 
725418 
725420 
463279 
725423 
725424 
725425 
725426 
725427 
725428 
725429 
725430 
725431 
463288 
725432 
725433 
725434 
725435 
463292 
725436 
725437 
725438 
725439 
463296 
725440 
725441 
725442 
725443 
463300 
725444 
725446 
463304 
725448 
725450 
463308 
725452 
725454 
463312 
725456 
725459 
725462 
463319 
725465 
463323 
725468 
463327 
725471 
725474 
463331 
725477 
463335 
725482 
463339 
725484 
725486 
463343 
725488 
725490 
725492 
463350 
725494 
725497 
725498 
463355 
725499 
725500 
725501 
725502 
725503 
463360 
725504 
725506 
725508 
463365 
725510 
725512 
463370 
725514 
725516 
463375 
725519 
725522 
463380 
725525 
725528 
725531 
463389 
725534 
463392 
725537 
463395 
463398 
725542 
463401 
725545 
463404 
725548 
463407 
725551 
725554 
463412 
725557 
463416 
725560 
463420 
725565 
463424 
725569 
463428 
725573 
463432 
725577 
463436 
725581 
725585 
463443 
725589 
463448 
725596 
463453 
725600 
463458 
725604 
463463 
725608 
463468 
725612 
725616 
463473 
725620 
463482 
725627 
463486 
725630 
725633 
463490 
725636 
463494 
725639 
463498 
725642 
725645 
463502 
463506 
725650 
725651 
725652 
725653 
725654 
725655 
725656 
463513 
725657 
725659 
463517 
725661 
725663 
463521 
725665 
725667 
463525 
725669 
725672 
463529 
725673 
725674 
725675 
725676 
463533 
725677 
725678 
725679 
463537 
725682 
725685 
463544 
725688 
725691 
463549 
725694 
725697 
463554 
725702 
463559 
725705 
463564 
725708 
725711 
463569 
725714 
725717 
463574 
725720 
725725 
463583 
725727 
725729 
463586 
725731 
463589 
725733 
725735 
463592 
725737 
463595 
725740 
463598 
463601 
725746 
463606 
725752 
463610 
463614 
725758 
463618 
725764 
463622 
463626 
725770 
463630 
725776 
463637 
463642 
725787 
725790 
463647 
725793 
463652 
725796 
725799 
463657 
725802 
725805 
463662 
725810 
463667 
725812 
725814 
725816 
725818 
463676 
725820 
725822 
463679 
725825 
463682 
725827 
463685 
725829 
725831 
463688 
725833 
463691 
725835 
725837 
463694 
725840 
725842 
463699 
725844 
725846 
463703 
725848 
725850 
463707 
725852 
463711 
725855 
725857 
463715 
725859 
725861 
463719 
725863 
725865 
463723 
725867 
725870 
725872 
463730 
725874 
725876 
463734 
725878 
725880 
463738 
725882 
725885 
463742 
725888 
463746 
725891 
463750 
725894 
725897 
463754 
725900 
725903 
463761 
463764 
725908 
463767 
725911 
463770 
725914 
463773 
725917 
463776 
725920 
463779 
725923 
725926 
463784 
463787 
725931 
463790 
725935 
463793 
725939 
463796 
463799 
725943 
463802 
725947 
463807 
725951 
725955 
463813 
725962 
463819 
725963 
725964 
725965 
725966 
725967 
725968 
463825 
725969 
725971 
725973 
463831 
725975 
725977 
725979 
463837 
725981 
725984 
725986 
463843 
725988 
725990 
725992 
725994 
725996 
463854 
725999 
463858 
726002 
726005 
463862 
726008 
463866 
726011 
463870 
726014 
726017 
463874 
463878 
726022 
726023 
726024 
726025 
726026 
726027 
726028 
463885 
726029 
726031 
463888 
726033 
463891 
726035 
726037 
463894 
726039 
463897 
726041 
463900 
726044 
726046 
463903 
726048 
726050 
463908 
726052 
726054 
463912 
726056 
726059 
463916 
726062 
463920 
726065 
463924 
726068 
726071 
463928 
726074 
463932 
726077 
726082 
463939 
726084 
463942 
726086 
726088 
463945 
726090 
463948 
726092 
726094 
463951 
726097 
463954 
726099 
463957 
726101 
726103 
726105 
463962 
726107 
463965 
726109 
463968 
726112 
726114 
463971 
726116 
463974 
726118 
726120 
463977 
726122 
463980 
726124 
726127 
463985 
726129 
726131 
726133 
463991 
726135 
726137 
726139 
463997 
726142 
464003 
726148 
464009 
726154 
464015 
726160 
464021 
726166 
726172 
464032 
726178 
464036 
464040 
464044 
726189 
464048 
726193 
464052 
726197 
464056 
726201 
726205 
464063 
726209 
464067 
726213 
464071 
464075 
726220 
726222 
464079 
726224 
726226 
464083 
726228 
726230 
464087 
726232 
726235 
464094 
726238 
726241 
464099 
726244 
726247 
464104 
726250 
464109 
726253 
464114 
726258 
726262 
464119 
726266 
464124 
726270 
726274 
464133 
726278 
464137 
726282 
464141 
464145 
726289 
726290 
726291 
726292 
464149 
726293 
726294 
726295 
726296 
464153 
726298 
726300 
464157 
726302 
726304 
726306 
464164 
726308 
464167 
726311 
726312 
726313 
464170 
726314 
726315 
726316 
464173 
726317 
726318 
464176 
464179 
726323 
464182 
726328 
464187 
726333 
464192 
726338 
464197 
726343 
464202 
726348 
464207 
464212 
726357 
726360 
464217 
726363 
726366 
726369 
464226 
726372 
464230 
726375 
464234 
726380 
464238 
726382 
726384 
464242 
726386 
726388 
464246 
726390 
726392 
464250 
726395 
726397 
726399 
464257 
726401 
726403 
464261 
726405 
726407 
464265 
726410 
726411 
726412 
464269 
726413 
726414 
726415 
726416 
464273 
726417 
726419 
464277 
726421 
726423 
464281 
726425 
726427 
726429 
464288 
726432 
726433 
726434 
726435 
726436 
726437 
464294 
726438 
726439 
726443 
464300 
726447 
464306 
726451 
726455 
464312 
726459 
464318 
726463 
464324 
726470 
726473 
726476 
464335 
726479 
726482 
464339 
726485 
464343 
726488 
464347 
726493 
464351 
726495 
726497 
464355 
726499 
726501 
464359 
726503 
726505 
726508 
726509 
464366 
726510 
726511 
726512 
726513 
726514 
726515 
464373 
726517 
726519 
726521 
726523 
464380 
726525 
726527 
726530 
464387 
726531 
726532 
726533 
726534 
726535 
726536 
726537 
464394 
726539 
726541 
726543 
464401 
726545 
726547 
726549 
464408 
726552 
726553 
726554 
726555 
726556 
726557 
726558 
726559 
726561 
726563 
464421 
726565 
726567 
464425 
726569 
726571 
464429 
726574 
726576 
464433 
726578 
726580 
464437 
726582 
726584 
464441 
726586 
464445 
726589 
726591 
726593 
726595 
464452 
726597 
726599 
464457 
726601 
726604 
726605 
464462 
726606 
726607 
726608 
726609 
726610 
464467 
726611 
726613 
726615 
464472 
726617 
726619 
464477 
726621 
726623 
464482 
726626 
726627 
726628 
726629 
726630 
726631 
726632 
726633 
464491 
726635 
726637 
726639 
464496 
726641 
726643 
464501 
726645 
726648 
726649 
464506 
726650 
726651 
726652 
726653 
726654 
464511 
726655 
726657 
726659 
464516 
726661 
726663 
464521 
726665 
726667 
726670 
726671 
726672 
726673 
464530 
726674 
726675 
726676 
464533 
726677 
726678 
726679 
464536 
726680 
726681 
726682 
464539 
726683 
726684 
726685 
464542 
726686 
726687 
726688 
464545 
726689 
726690 
726691 
464548 
726692 
726693 
726694 
726695 
726696 
464553 
726697 
726698 
726701 
464559 
726704 
726707 
464565 
726710 
726713 
464571 
726716 
464577 
726721 
726724 
464583 
726727 
726730 
464589 
726733 
726736 
726739 
464600 
726744 
726747 
464604 
726750 
464608 
726753 
464612 
726756 
726759 
464616 
726762 
464620 
726767 
464624 
726768 
726769 
726770 
726771 
726772 
726773 
726774 
464631 
726776 
726778 
464635 
726780 
726782 
464639 
726784 
726786 
464643 
726789 
726790 
464647 
726791 
726792 
726793 
726794 
464651 
726795 
726796 
726797 
726798 
464655 
726799 
726800 
726801 
726802 
726803 
726804 
726805 
464662 
726806 
726807 
726808 
726809 
464666 
726810 
726811 
726812 
726813 
464670 
726814 
726815 
726816 
726817 
464674 
726818 
726819 
726820 
726821 
464678 
726822 
726823 
726824 
464682 
726826 
726828 
464686 
726830 
726832 
726834 
726836 
464693 
726839 
464698 
726843 
464703 
726847 
726851 
464708 
726855 
464713 
726859 
464718 
726863 
464723 
726870 
726872 
726874 
464732 
726876 
726878 
726880 
464738 
726882 
726885 
464744 
726888 
726891 
464750 
726894 
726897 
464756 
726900 
726903 
464762 
726908 
726910 
464768 
726912 
726914 
726916 
726918 
726920 
464779 
726923 
726925 
464782 
726927 
464785 
726929 
726931 
464788 
726933 
464791 
726935 
464794 
726938 
726939 
726940 
464797 
726941 
726942 
726943 
726944 
726945 
464802 
726946 
726947 
726948 
726949 
464806 
726950 
726951 
726952 
726953 
464810 
726954 
726955 
726956 
726957 
464814 
726958 
726959 
464818 
726964 
464822 
726969 
464826 
726974 
464833 
726979 
464838 
726984 
464843 
726989 
464848 
464853 
726998 
464858 
727002 
727006 
464863 
727010 
727014 
464872 
727018 
464877 
727022 
464882 
727029 
464887 
727031 
727033 
727035 
464892 
727037 
727039 
464897 
727041 
727044 
464902 
727047 
727050 
727053 
464911 
727056 
727059 
464916 
727062 
464921 
727067 
727068 
727069 
464926 
727070 
727071 
727072 
727073 
727074 
464931 
727077 
464936 
727080 
727083 
464941 
727086 
727089 
727092 
464950 
727097 
464955 
727101 
464960 
727105 
464965 
727109 
727113 
464970 
727117 
464975 
727121 
464980 
727128 
727130 
727132 
464989 
727134 
727136 
727138 
464995 
727140 
727143 
465001 
727146 
727149 
465007 
727152 
727155 
465013 
727158 
727161 
465019 
727166 
727168 
465025 
727170 
727172 
727174 
727176 
727178 
465036 
727181 
465040 
727186 
465044 
727191 
465048 
465052 
727196 
465056 
727201 
465060 
727206 
465067 
727211 
465073 
727220 
465079 
727223 
727226 
465085 
727229 
727232 
465091 
727235 
727238 
465097 
727243 
727245 
465103 
727247 
727249 
727251 
727253 
727255 
465114 
727258 
727260 
465118 
727262 
727264 
465122 
727266 
727268 
465126 
727270 
727273 
465130 
727277 
465134 
727281 
465138 
727285 
465145 
727289 
465148 
727293 
465151 
727297 
465154 
465157 
465160 
727304 
465163 
727309 
465168 
727314 
465172 
727319 
465176 
465180 
727324 
465184 
727329 
465188 
727334 
465192 
465199 
727343 
465203 
727347 
465207 
727351 
465211 
727355 
465215 
727359 
465219 
727363 
465223 
727367 
465230 
727374 
727376 
465233 
727378 
465236 
727380 
727382 
465239 
727384 
465242 
727386 
465245 
727389 
727391 
465248 
727393 
727395 
465253 
727397 
727399 
727401 
465258 
727404 
727405 
727406 
465263 
727407 
727408 
727409 
727410 
727411 
465268 
727413 
727415 
465273 
727417 
727419 
727421 
465278 
727423 
727426 
465283 
727427 
727428 
727429 
727430 
727431 
727432 
727433 
465292 
727436 
727439 
465298 
727442 
727445 
465304 
727448 
727451 
465310 
727456 
727457 
727458 
727459 
465316 
727460 
727461 
727462 
727463 
465322 
727466 
727469 
465328 
727472 
727475 
727478 
727481 
465339 
727486 
465343 
727489 
465347 
727492 
465351 
727495 
727498 
465355 
727501 
465359 
727504 
465363 
727509 
727510 
727511 
727512 
727513 
465370 
727514 
727515 
727516 
727518 
465375 
727520 
727522 
465380 
727524 
727526 
727528 
465385 
727531 
727533 
465390 
727535 
727537 
465395 
727539 
727541 
727543 
465400 
727546 
727547 
727548 
727549 
727550 
727551 
727552 
465409 
727553 
727557 
465414 
727561 
465419 
727565 
465424 
727569 
465429 
727573 
727577 
465434 
465439 
727584 
727589 
465448 
727594 
465453 
727599 
465458 
727604 
465463 
727609 
465468 
727614 
465473 
465478 
727623 
727628 
465487 
727633 
465492 
727638 
465497 
727643 
465502 
727648 
465507 
727653 
465512 
465517 
727662 
727665 
727668 
465526 
727671 
465530 
727674 
727677 
465534 
727680 
465538 
727685 
465542 
727687 
727689 
465546 
727691 
727693 
465550 
727695 
727697 
727700 
465557 
727701 
727702 
727703 
727704 
465561 
727705 
727706 
727707 
465565 
727709 
727711 
465569 
727713 
727715 
465573 
727717 
727719 
465577 
727722 
727723 
727724 
465581 
727725 
727726 
727727 
727728 
727729 
727731 
465588 
727733 
727735 
465593 
727737 
727739 
727741 
465598 
727744 
465603 
727747 
727750 
465608 
727753 
727756 
465613 
727759 
465618 
727762 
727767 
727769 
465627 
727771 
727773 
727775 
465632 
727777 
727779 
465637 
727782 
727783 
727784 
727785 
465642 
727786 
727787 
727788 
727789 
465647 
727791 
727793 
727795 
465652 
727797 
727799 
465657 
727801 
727804 
727807 
465666 
727810 
465669 
727813 
465672 
727816 
465675 
727819 
465678 
727822 
465681 
727827 
465684 
727830 
465689 
727833 
727836 
465693 
727839 
465697 
727842 
465701 
727845 
465705 
727850 
727852 
465709 
727854 
727856 
465713 
727858 
727860 
727862 
465720 
727865 
465723 
727867 
727869 
465726 
727871 
465729 
727873 
727875 
465732 
727877 
465735 
727880 
465738 
727882 
727884 
727886 
465743 
727888 
727890 
465748 
727892 
727895 
465753 
727897 
727899 
727901 
465758 
727903 
727905 
465763 
727907 
727910 
465768 
727913 
727916 
465773 
727919 
727922 
727925 
465782 
727928 
465786 
727933 
465790 
727935 
727937 
465794 
727939 
727941 
465798 
727943 
727945 
465802 
727948 
465806 
727950 
727952 
727954 
727956 
465813 
727958 
727960 
465818 
727963 
727964 
727965 
727966 
465823 
727967 
727968 
727969 
727970 
465828 
727972 
727974 
727976 
465833 
727978 
727980 
465838 
727982 
727985 
727986 
465843 
727987 
727988 
727989 
727990 
727991 
727992 
727993 
727994 
727995 
465852 
727996 
727997 
727998 
727999 
465856 
728000 
728001 
728002 
728003 
465860 
728004 
728005 
728006 
465864 
728009 
465868 
728012 
728015 
465872 
728018 
465876 
728021 
728024 
465883 
728029 
728031 
465888 
728033 
728035 
465893 
728037 
728039 
728041 
465898 
728044 
728046 
465903 
728048 
728050 
465908 
728052 
728054 
728056 
465913 
728059 
728063 
465922 
728067 
465927 
728071 
728075 
465932 
728079 
465937 
728083 
465942 
728090 
465947 
728093 
465952 
728096 
728099 
728102 
465961 
728105 
465964 
728108 
465967 
728113 
465970 
465973 
728117 
465976 
728121 
465979 
728125 
465984 
728129 
465988 
728133 
465992 
728137 
465996 
466000 
728144 
728145 
728146 
728147 
466004 
728148 
728149 
728150 
728151 
466008 
728154 
728157 
466015 
728160 
466019 
728163 
728166 
466023 
728169 
466027 
728174 
466031 
728176 
728178 
466035 
728180 
728182 
466039 
728184 
728186 
728189 
466046 
728192 
466051 
728195 
728198 
466056 
728201 
728204 
466061 
728207 
466066 
728212 
728214 
466071 
728216 
728218 
466076 
728220 
728222 
728224 
728227 
466085 
728229 
728231 
466088 
728233 
466091 
728235 
728237 
466094 
728239 
466097 
728242 
466100 
728244 
728246 
466103 
728248 
728250 
466108 
728252 
728254 
466112 
728257 
466116 
728260 
728263 
466120 
728266 
466124 
728269 
466128 
728272 
728275 
466132 
728280 
466139 
728283 
466142 
728286 
466145 
728289 
466148 
728292 
466151 
728295 
466154 
728298 
466157 
728303 
728304 
728305 
466162 
728306 
728307 
728308 
728309 
728310 
466167 
728312 
728314 
466172 
728316 
728318 
728320 
466177 
728322 
728325 
466182 
728326 
728327 
728328 
728329 
728330 
466187 
728331 
728332 
728333 
728334 
728335 
466192 
728336 
728337 
728338 
728339 
728341 
728343 
466201 
728345 
728347 
466204 
728349 
466207 
728351 
466210 
728354 
728356 
466213 
728358 
466216 
728360 
728362 
466219 
728364 
728366 
466224 
728369 
728370 
728371 
466228 
728372 
728373 
728374 
728375 
466232 
728376 
728379 
466236 
728382 
466240 
728385 
466244 
728388 
728391 
466248 
728394 
466255 
728399 
728401 
728403 
466261 
728405 
728407 
728409 
466267 
728411 
728414 
728416 
466273 
728418 
728420 
728422 
466279 
728424 
728426 
466285 
728429 
728431 
728433 
466291 
728435 
728437 
728439 
728441 
728444 
466302 
728447 
728450 
466307 
728453 
466312 
728456 
728459 
466317 
728462 
466322 
728467 
728468 
728469 
728470 
466327 
728471 
728472 
728473 
728474 
466332 
728476 
728478 
728480 
728482 
728484 
466341 
728486 
728489 
466346 
728491 
728493 
466351 
728495 
728497 
728499 
466356 
728501 
728504 
466361 
728508 
466366 
728512 
466371 
728516 
728520 
466380 
728524 
728528 
466386 
728535 
466392 
728536 
728537 
728538 
728539 
728540 
728541 
466398 
728542 
728545 
466404 
728548 
728551 
466410 
728554 
728557 
466416 
728560 
728565 
728567 
728569 
466427 
728571 
728573 
466431 
728575 
728577 
466435 
728580 
728582 
466439 
728584 
728586 
466443 
728588 
728590 
466447 
728592 
466451 
728595 
728596 
728597 
728598 
728599 
728600 
728601 
466458 
728602 
728603 
728604 
728605 
466462 
728606 
728607 
728608 
728609 
466466 
728612 
466470 
728615 
466474 
728618 
728621 
466478 
728624 
466482 
728627 
728632 
466489 
728633 
728634 
728635 
728636 
728637 
466494 
728638 
728639 
728641 
466499 
728643 
728645 
728647 
466504 
728649 
728651 
466509 
728654 
728655 
728656 
728657 
466514 
728658 
728659 
728660 
728661 
466519 
728665 
728669 
466528 
728673 
728677 
466534 
728681 
466540 
728685 
466546 
728692 
728694 
466552 
728696 
728698 
728700 
466558 
728702 
728704 
728707 
466564 
728710 
728713 
728716 
466575 
728719 
728722 
466581 
728725 
728730 
466587 
728732 
728734 
728736 
466593 
728738 
728740 
728742 
466599 
728745 
728747 
466605 
728749 
728751 
728753 
466611 
728755 
728757 
728760 
728762 
728764 
466622 
728766 
728768 
466625 
728770 
466628 
728772 
466631 
728775 
466634 
728778 
466637 
728781 
466640 
728784 
728787 
466645 
728790 
728793 
466651 
728798 
466657 
728802 
728806 
466663 
728810 
466669 
728814 
728818 
466675 
728822 
466681 
728829 
728831 
728833 
728835 
466692 
728837 
728839 
466696 
728841 
466700 
728844 
728847 
466704 
728850 
466708 
728853 
466712 
728856 
728859 
466716 
728862 
466723 
728867 
728869 
728871 
466728 
728873 
728875 
466733 
728877 
728879 
466738 
728882 
728884 
728886 
466743 
728888 
728890 
466748 
728892 
728894 
466753 
728897 
728899 
728901 
728903 
728905 
466762 
728907 
728909 
728912 
466769 
728914 
728916 
728918 
466776 
728920 
728922 
728924 
466783 
728927 
728928 
728929 
728930 
728931 
728932 
728933 
466790 
728934 
728937 
728940 
466797 
728943 
728946 
466804 
728949 
728952 
728957 
728959 
466817 
728961 
728963 
728965 
466823 
728967 
728969 
728972 
466829 
728974 
728976 
728978 
466835 
728980 
728982 
728984 
466841 
728987 
728988 
728989 
728990 
466847 
728991 
728992 
728993 
728994 
466853 
728997 
729000 
729003 
729006 
466864 
729009 
729012 
466870 
729017 
729018 
729019 
466876 
729020 
729021 
729022 
729023 
729024 
466882 
729027 
729030 
466888 
729033 
729036 
466894 
729039 
729042 
466900 
729047 
729049 
729051 
729053 
466911 
729055 
729057 
729059 
466916 
729062 
729063 
729064 
466921 
729065 
729066 
729067 
729068 
729069 
466926 
729071 
729073 
466931 
729075 
729077 
729079 
466936 
729081 
729084 
466941 
729086 
729088 
729090 
729092 
466950 
729094 
729096 
466954 
729099 
729100 
729101 
466958 
729102 
729103 
729104 
729105 
466962 
729106 
729108 
466966 
729110 
729112 
466970 
729114 
729116 
466974 
729118 
729121 
729123 
466981 
729125 
729127 
729129 
466986 
729131 
729133 
466991 
729136 
729137 
729138 
729139 
466996 
729140 
729141 
729142 
729143 
729144 
467001 
729145 
729146 
729147 
729148 
729149 
467006 
729150 
729152 
729154 
467011 
729156 
729158 
729160 
729162 
467020 
729165 
729167 
467024 
729169 
729171 
467028 
729173 
729175 
467032 
729177 
467036 
729180 
729183 
467040 
729186 
467044 
729189 
729192 
467051 
729195 
729198 
467057 
729203 
729205 
467063 
729207 
729209 
729211 
467069 
729213 
729215 
729218 
467075 
729219 
729220 
729221 
729222 
729223 
729224 
467081 
729225 
729226 
729227 
729228 
729229 
729230 
467087 
729231 
729232 
729233 
729234 
729235 
729236 
729237 
729238 
729239 
467098 
729242 
729245 
467102 
729248 
467106 
729251 
467110 
729254 
729257 
467114 
467118 
729262 
729264 
467122 
729266 
729268 
729270 
729272 
467129 
729274 
467133 
729277 
729278 
729279 
729280 
467137 
729281 
729282 
729283 
729284 
467141 
729286 
729288 
467145 
729290 
729292 
467149 
729294 
729296 
467153 
729299 
729301 
729303 
467160 
729305 
467163 
729307 
729309 
467166 
729311 
467169 
729314 
467172 
729317 
467175 
729320 
467178 
729323 
729326 
467183 
729329 
729332 
467190 
729337 
729340 
467197 
729343 
729346 
467204 
729349 
729352 
467211 
729355 
729360 
729361 
467218 
729362 
729363 
729364 
729365 
729366 
729367 
467225 
729369 
729371 
729373 
729375 
729377 
729379 
467238 
729382 
729385 
467243 
729388 
729391 
467248 
729394 
467253 
729397 
729400 
467258 
729405 
467263 
729409 
467268 
729413 
729417 
467277 
729421 
467281 
729425 
467285 
729429 
467289 
729436 
467293 
729438 
729440 
467297 
729442 
729444 
467301 
729446 
729448 
729451 
467308 
729452 
729453 
729454 
729455 
729456 
467313 
729457 
729458 
729460 
467318 
729462 
729464 
729466 
467323 
729468 
729470 
467328 
729473 
729474 
729475 
729476 
467333 
729477 
729478 
729479 
729480 
729481 
467338 
729482 
729483 
729484 
729485 
729486 
729487 
729488 
729489 
729490 
467347 
729491 
729492 
729493 
729494 
467351 
467355 
729500 
467359 
729506 
467363 
467367 
729512 
467371 
729518 
467378 
729524 
467382 
467386 
729530 
467390 
467394 
729541 
467398 
729544 
467402 
729547 
729550 
467409 
729553 
729556 
467413 
729559 
467417 
729564 
467421 
729565 
729566 
729567 
729568 
467425 
729569 
729570 
729571 
467429 
729576 
467433 
729581 
467440 
729586 
467444 
729591 
467448 
467452 
729596 
467456 
729601 
467460 
467464 
729610 
729614 
467471 
729618 
467475 
729622 
467479 
729626 
467483 
729630 
467487 
729634 
467491 
467495 
729641 
729643 
729645 
467502 
729647 
729649 
467506 
729651 
729653 
467510 
729656 
729657 
467514 
729658 
729659 
729660 
729661 
467518 
729662 
729663 
729664 
729665 
467522 
729666 
729667 
729668 
729669 
467526 
729670 
729672 
729674 
729676 
467533 
729678 
729680 
467537 
729682 
467541 
729685 
729687 
467545 
729689 
729691 
467549 
729693 
729695 
467553 
729697 
729700 
467557 
729701 
729702 
729703 
729704 
729705 
729706 
729707 
467564 
729708 
729709 
729710 
729711 
467568 
729712 
729713 
729714 
467572 
729717 
467576 
729720 
729723 
467580 
729726 
467584 
729729 
467588 
729732 
729737 
729738 
467595 
729739 
729740 
729741 
467598 
729742 
729743 
729744 
467601 
729745 
729746 
729747 
467604 
729748 
729749 
729750 
467607 
729751 
729752 
729753 
467610 
729754 
729755 
729756 
467613 
729757 
729758 
467618 
729763 
467623 
729768 
467628 
729773 
467633 
729778 
467638 
729783 
467643 
729788 
467648 
729797 
467657 
729801 
729805 
467662 
729809 
467667 
729813 
467672 
729817 
467677 
729821 
467682 
729828 
467687 
729832 
729836 
467696 
729840 
729844 
467703 
729848 
729852 
467710 
729859 
467717 
729861 
729863 
729865 
729867 
467724 
729869 
729871 
729874 
467731 
729877 
729880 
467738 
729883 
729886 
729889 
729892 
467751 
729897 
729899 
467756 
729901 
729903 
467761 
729905 
729907 
729909 
467766 
729912 
729913 
729914 
467771 
729915 
729916 
729917 
729918 
729919 
467776 
729924 
467781 
729929 
467790 
729934 
729939 
467796 
729944 
467802 
729949 
467808 
467814 
729958 
729962 
467820 
729966 
467826 
729970 
729974 
729978 
467837 
729982 
467842 
729989 
467847 
729991 
729993 
729995 
467852 
729997 
729999 
467857 
730001 
730004 
467862 
730007 
730010 
467867 
730013 
730016 
730019 
467876 
730022 
467882 
730027 
730030 
467888 
730033 
730036 
467894 
730039 
730042 
467900 
730045 
467906 
730050 
730052 
730054 
467912 
730056 
730058 
730060 
730062 
730065 
467923 
730068 
730071 
467928 
730074 
467933 
730077 
730080 
467938 
730083 
467943 
730088 
730090 
467948 
730092 
730094 
730096 
467953 
730098 
730100 
730103 
730105 
467962 
730107 
730109 
467967 
730111 
730113 
730115 
467972 
730118 
730119 
730120 
467977 
730121 
730122 
730123 
730124 
730125 
467982 
730126 
730127 
730128 
730129 
730130 
467987 
730131 
730132 
730134 
467992 
730136 
730138 
730140 
730142 
730144 
468001 
730147 
730150 
468008 
730153 
730156 
468015 
730159 
730162 
730165 
468022 
730170 
468029 
730173 
730176 
730179 
468036 
730182 
730185 
468043 
730188 
730193 
730194 
730195 
730196 
730197 
730198 
730199 
468056 
730200 
730202 
730204 
730206 
468063 
730208 
730210 
730212 
468070 
730215 
730216 
730217 
730218 
730219 
730220 
468077 
730221 
730222 
730226 
468084 
730230 
730234 
468091 
730238 
468098 
730242 
730246 
730253 
468111 
730255 
730257 
730259 
730261 
468118 
730263 
730265 
730268 
468125 
730271 
730274 
468132 
730277 
730280 
468139 
730283 
730286 
468146 
730291 
730293 
730295 
468153 
730297 
730299 
730301 
730303 
730306 
730308 
468166 
730310 
730312 
468170 
730314 
730316 
468174 
730318 
730321 
468178 
730323 
730325 
468182 
730327 
730329 
468186 
730331 
730333 
468190 
730336 
730339 
468197 
730342 
730345 
468202 
730348 
468207 
730351 
730354 
468212 
730359 
468217 
730363 
468222 
730367 
468227 
730371 
730375 
730379 
468236 
730383 
468243 
730390 
730392 
468250 
730394 
730396 
730398 
730400 
468257 
730402 
730405 
468264 
730408 
730411 
730414 
468271 
730417 
730420 
468278 
730423 
730428 
730430 
730432 
730434 
468291 
730436 
468294 
730438 
730440 
468297 
730443 
468300 
730445 
468303 
730447 
730449 
468306 
730451 
468309 
730453 
730455 
468314 
730458 
730460 
468317 
730462 
468320 
730464 
730466 
468323 
730468 
468326 
730470 
468329 
730473 
730475 
468332 
730477 
730479 
468337 
730481 
730483 
468341 
730485 
730488 
468345 
730489 
730490 
730491 
730492 
468349 
730493 
730494 
730495 
468353 
730498 
468357 
730501 
730504 
468361 
730507 
730510 
468368 
730513 
468373 
730518 
730520 
468378 
730522 
730524 
730526 
468383 
730528 
730530 
468388 
730533 
730535 
468393 
730537 
730539 
730541 
468398 
730543 
730545 
730548 
730549 
730550 
468407 
730551 
730552 
730553 
730554 
730555 
468412 
730557 
730559 
468417 
730561 
730563 
730565 
468422 
730567 
730570 
468427 
730571 
730572 
730573 
730574 
730575 
468432 
730576 
730577 
730579 
468437 
730581 
730583 
730585 
730587 
730589 
468446 
730592 
468451 
730596 
468456 
730600 
730604 
468461 
730608 
468466 
730612 
468471 
730616 
468476 
730623 
730625 
730627 
468485 
730629 
730631 
730633 
468491 
730635 
730638 
730640 
468497 
730642 
730644 
730646 
468503 
730648 
730650 
468509 
730653 
730654 
730655 
730656 
730657 
730658 
468515 
730659 
730660 
730662 
730664 
468521 
730666 
730668 
730670 
730672 
730675 
468532 
730678 
468536 
730681 
468540 
730684 
730687 
468544 
730690 
468548 
730693 
468552 
730698 
468556 
730700 
730702 
730704 
730706 
468563 
730708 
468566 
730710 
468569 
730713 
468572 
730716 
468575 
730719 
468578 
730722 
468581 
730725 
730728 
468586 
730731 
468592 
730736 
730737 
730738 
730739 
730740 
730741 
468598 
730742 
730743 
730744 
730745 
730746 
730747 
468604 
730748 
730749 
730750 
468610 
730754 
730758 
468616 
730762 
468622 
730766 
730770 
730774 
468633 
468636 
730781 
468639 
730783 
730785 
468642 
730787 
468645 
730789 
730791 
468648 
730793 
468651 
730796 
730798 
468656 
730800 
730802 
468659 
730804 
468662 
730806 
730808 
468665 
730811 
468668 
730814 
468671 
730817 
468674 
730820 
468679 
730823 
730826 
468685 
730829 
730834 
468691 
730836 
730838 
730840 
468697 
730842 
730844 
730846 
468703 
730849 
730851 
468709 
730853 
730855 
730857 
468715 
730859 
730861 
730864 
730867 
468726 
730870 
730873 
468730 
730876 
468734 
730879 
468738 
730882 
468742 
730887 
468746 
730890 
730893 
468750 
730896 
730899 
468757 
730902 
468761 
730905 
468765 
730910 
468769 
730913 
730916 
468773 
730919 
468777 
730922 
468781 
730925 
730928 
468788 
730933 
468792 
730936 
730939 
468796 
730942 
468800 
730945 
468804 
730948 
730951 
468808 
468812 
730956 
730958 
730960 
730962 
468819 
730964 
730966 
468824 
730968 
730971 
468829 
730973 
730975 
730977 
468834 
730979 
730981 
468839 
730983 
730986 
730987 
468844 
730988 
730989 
730990 
730991 
730992 
468849 
730993 
730995 
730997 
730999 
731001 
468858 
731003 
731005 
468862 
731008 
731009 
468866 
731010 
731011 
731012 
731013 
468870 
731014 
731015 
731017 
468874 
731019 
731021 
468878 
731023 
731025 
468882 
731027 
731030 
468889 
731033 
468892 
731036 
468895 
731039 
468898 
731042 
468901 
731045 
468904 
731048 
468907 
731053 
731055 
468912 
731057 
731059 
468917 
731061 
731063 
731065 
468922 
731068 
731070 
468927 
731072 
731074 
468932 
731076 
731078 
731080 
468937 
731083 
468942 
731086 
731089 
731092 
468951 
731095 
731098 
468955 
731101 
468959 
731106 
468963 
731109 
468967 
731112 
468971 
731115 
731118 
468975 
731121 
731124 
468982 
731129 
468986 
468990 
731134 
468994 
731139 
468998 
731144 
469002 
731149 
469006 
731154 
469013 
731159 
469019 
731168 
469025 
731171 
731174 
469031 
731177 
731180 
469037 
731183 
731186 
469043 
731191 
469049 
731193 
731195 
731197 
731199 
731201 
731203 
469060 
731206 
469064 
731208 
731210 
469068 
731212 
731214 
469072 
731216 
731218 
469076 
731221 
731223 
469080 
731225 
731227 
469084 
731229 
731231 
731233 
469091 
731236 
731238 
731240 
469097 
731242 
731244 
731246 
469103 
731248 
731251 
469109 
731253 
731255 
731257 
469115 
731259 
731261 
731263 
469121 
731266 
731267 
731268 
731269 
731270 
469127 
731271 
731272 
731273 
731274 
731275 
731276 
731277 
731278 
731279 
731280 
469138 
731282 
731284 
469142 
731286 
731288 
469146 
731290 
731292 
469150 
731295 
469154 
731299 
469158 
731303 
469162 
731307 
731311 
469169 
731315 
731319 
469176 
731326 
469183 
731329 
731332 
469190 
731335 
731338 
469197 
731341 
731344 
469204 
731349 
731353 
469211 
731357 
731361 
731365 
469224 
731369 
469228 
731373 
469232 
469236 
731380 
731382 
469240 
731384 
731386 
469244 
731388 
731390 
469248 
731392 
731395 
731396 
731397 
731398 
469255 
731399 
731400 
731401 
731402 
469260 
731404 
731406 
731408 
469265 
731410 
731412 
469270 
731414 
731417 
731418 
469275 
731419 
731420 
731421 
731422 
731423 
469280 
731424 
731425 
731426 
731427 
731428 
469285 
731429 
731430 
731431 
731432 
731433 
731434 
731435 
731436 
731437 
469294 
731438 
731439 
731440 
731441 
731442 
469299 
731443 
731444 
731445 
731447 
469304 
731449 
731451 
469309 
731453 
731455 
731457 
469314 
731460 
731462 
469319 
731464 
731466 
469324 
731468 
731470 
731472 
731475 
731476 
469333 
731477 
731478 
731479 
731480 
731481 
469338 
731482 
731485 
469343 
731488 
731491 
469348 
731494 
469353 
731497 
731500 
469358 
731505 
469363 
731509 
731513 
469372 
731517 
469375 
731521 
469378 
469381 
731525 
469384 
731529 
469387 
469390 
731536 
469395 
731540 
469399 
731544 
469403 
731548 
469407 
731552 
469411 
731556 
469415 
731560 
469419 
731567 
469426 
731570 
731573 
469430 
731576 
469434 
731579 
469438 
731582 
731585 
469442 
469446 
731590 
731593 
469450 
731596 
731599 
469457 
731602 
731605 
469462 
731608 
469467 
731613 
731614 
731615 
469472 
731616 
731617 
731618 
731619 
731620 
469477 
731622 
731624 
469482 
731626 
731628 
731630 
469487 
731632 
731635 
731637 
731639 
469496 
731641 
469499 
731643 
731645 
469502 
731647 
469505 
731650 
469508 
731652 
731654 
469511 
731656 
469514 
731658 
731660 
731662 
469519 
731665 
469524 
731668 
731671 
469529 
731674 
731677 
469534 
731680 
469539 
731683 
469544 
731688 
731690 
731692 
469549 
731694 
731696 
731698 
731700 
469558 
731703 
731705 
469562 
731707 
731709 
469566 
731711 
731713 
469570 
731715 
469574 
731718 
731719 
731720 
731721 
469578 
731722 
731723 
731724 
731725 
469582 
731727 
731729 
731731 
469589 
731733 
731735 
731737 
469594 
731740 
731741 
731742 
469599 
731743 
731744 
731745 
731746 
731747 
469604 
731749 
731751 
469609 
731753 
731755 
731757 
469614 
731759 
731762 
469619 
731765 
731768 
731771 
469628 
731774 
469632 
731777 
469636 
731780 
469640 
731785 
731787 
469644 
731789 
731791 
469648 
731793 
731795 
469652 
731797 
731800 
731802 
469659 
731804 
731806 
731808 
469665 
731810 
731812 
469671 
731815 
731816 
731817 
731818 
731819 
731820 
469677 
731821 
731822 
731825 
469683 
731828 
731831 
469689 
731834 
731837 
469695 
731840 
731845 
731847 
731849 
469706 
731851 
731853 
731855 
469713 
731857 
731860 
731861 
731862 
731863 
469720 
731864 
731865 
731866 
731867 
731870 
469727 
731873 
731876 
469734 
731879 
731882 
469741 
731885 
731890 
731891 
469748 
731892 
731893 
731894 
731895 
731896 
731897 
731899 
731901 
731903 
469761 
731905 
731907 
731909 
469767 
731912 
731914 
731916 
469773 
731918 
731920 
731922 
469779 
731924 
731927 
731928 
469785 
731929 
731930 
731931 
731932 
731933 
731934 
469791 
731935 
731936 
731937 
731938 
731939 
731940 
469797 
731941 
731942 
731943 
731944 
731945 
731946 
731947 
731948 
731949 
731950 
731951 
469808 
731952 
731953 
731954 
731955 
731957 
469814 
731959 
731961 
731963 
469820 
731965 
731967 
469826 
731970 
731973 
469832 
731976 
731979 
469838 
731982 
731985 
469844 
731988 
731993 
731996 
469855 
731999 
732002 
469860 
732005 
732008 
469865 
732011 
469870 
732016 
732018 
469875 
732020 
732022 
469880 
732024 
732026 
732028 
469885 
732031 
732033 
732035 
732037 
469894 
732039 
732041 
732043 
469900 
732046 
732049 
469906 
732052 
732055 
469912 
732058 
732061 
469918 
732064 
469924 
732069 
732071 
732073 
469930 
732075 
732077 
732079 
732081 
732084 
469941 
732087 
732090 
469948 
732093 
732096 
469955 
732099 
732102 
469962 
732107 
732108 
732109 
732110 
732111 
732112 
469969 
732113 
732114 
732116 
732118 
469976 
732120 
732122 
732124 
732126 
469983 
732129 
732133 
732137 
469996 
732141 
732145 
470003 
732149 
732153 
470010 
732160 
470017 
732161 
732162 
732163 
732164 
732165 
732166 
732167 
470024 
732169 
732171 
732173 
470031 
732175 
732177 
732179 
470038 
732182 
732185 
732188 
732191 
732194 
470051 
732197 
732200 
470058 
732205 
732206 
732207 
732208 
470065 
732209 
732210 
732211 
732212 
732214 
470072 
732216 
732218 
732220 
732222 
470079 
732224 
732227 
732229 
470086 
732231 
732233 
732235 
470093 
732237 
732239 
732242 
732244 
732246 
732248 
470106 
732250 
732252 
732254 
470111 
732257 
732258 
732259 
470116 
732260 
732261 
732262 
732263 
732264 
470121 
732265 
732266 
732267 
732268 
732269 
470126 
732270 
732271 
732273 
470131 
732275 
732277 
732279 
470136 
732281 
732283 
732286 
470145 
732289 
732292 
470150 
732295 
732298 
470155 
732301 
470160 
732304 
470165 
732309 
732311 
732313 
470170 
732315 
732317 
470175 
732319 
732321 
732324 
732326 
470184 
732328 
732330 
732332 
470189 
732334 
732336 
470194 
732339 
732340 
732341 
732342 
470199 
732343 
732344 
732345 
732346 
470204 
732349 
732352 
470209 
732355 
470214 
732358 
732361 
732364 
470223 
732369 
470228 
732372 
732375 
470233 
732378 
732381 
470238 
732384 
470243 
732387 
470248 
732392 
732394 
732396 
470253 
732398 
732400 
732402 
732404 
470262 
732407 
732410 
470267 
732413 
470272 
732416 
732419 
470277 
732422 
732425 
470282 
732430 
470287 
732432 
732434 
470292 
732436 
732438 
732440 
732442 
470301 
732445 
732447 
732449 
470306 
732451 
732453 
470311 
732455 
732457 
470316 
732460 
732461 
732462 
732463 
732464 
470321 
732465 
732466 
732467 
732469 
470326 
732471 
732473 
470331 
732475 
732477 
732479 
732482 
470340 
732484 
732486 
470344 
732488 
732490 
470348 
732492 
732494 
470352 
732497 
732498 
732499 
470356 
732500 
732501 
732502 
732503 
470360 
732504 
732507 
470364 
732510 
732513 
470371 
732516 
732519 
470376 
732522 
470381 
732527 
732528 
732529 
470386 
732530 
732531 
732532 
732533 
732534 
470391 
732536 
732538 
470396 
732540 
732542 
732544 
470401 
732546 
732549 
732550 
732551 
732552 
732553 
470410 
732554 
732555 
732556 
732558 
470416 
732560 
732562 
732564 
470422 
732566 
732568 
732571 
470428 
732573 
732575 
732577 
470434 
732579 
732581 
732583 
470440 
732586 
732589 
470446 
732592 
732595 
732598 
470457 
732601 
732604 
470462 
732609 
732610 
470467 
732611 
732612 
732613 
732614 
732615 
470472 
732616 
732620 
470477 
732624 
470482 
732628 
470487 
732632 
732636 
470496 
732640 
470501 
732647 
732649 
470506 
732651 
732653 
470511 
732655 
732657 
732659 
470516 
732662 
470521 
732666 
470526 
732670 
732674 
732678 
470535 
732682 
470539 
732686 
470543 
470547 
732693 
470551 
732697 
470555 
732701 
470559 
732705 
732709 
470566 
732713 
470572 
732717 
470578 
732724 
732726 
470584 
732728 
732730 
732732 
470590 
732734 
732736 
732739 
470596 
732742 
732745 
470602 
732748 
732751 
732754 
470613 
732757 
470617 
732762 
732764 
470621 
732766 
732768 
470625 
732770 
732772 
470629 
732774 
470633 
732777 
732778 
732779 
732780 
470637 
732781 
732782 
732783 
732784 
470644 
732788 
470648 
732792 
470652 
732796 
470656 
732800 
470660 
732804 
470664 
732808 
470668 
732815 
732818 
470675 
732821 
470680 
732824 
732827 
470685 
732830 
732833 
470690 
732838 
470695 
732841 
470700 
732844 
732847 
470705 
732850 
732853 
732856 
470714 
470717 
732861 
732863 
470720 
732865 
470723 
732867 
732869 
470726 
732871 
470729 
732873 
470732 
732876 
732878 
732880 
470737 
732882 
732884 
470741 
732886 
732888 
470745 
732891 
732892 
470749 
732893 
732894 
732895 
732896 
470753 
732897 
732898 
732900 
470757 
732902 
732904 
470761 
732906 
732908 
732910 
470768 
732913 
732915 
470772 
732917 
732919 
470776 
732921 
732923 
470780 
732925 
470784 
732928 
732930 
470788 
732932 
732934 
470792 
732936 
732938 
732940 
470799 
732943 
732944 
732945 
732946 
470803 
732947 
732948 
732949 
732950 
470807 
732952 
732954 
470811 
732956 
732958 
470815 
732960 
732962 
470819 
732965 
470823 
732968 
732971 
470830 
732974 
732977 
470834 
732980 
470838 
732983 
470842 
732988 
470846 
732992 
470850 
732996 
470854 
733000 
733004 
470861 
733008 
470865 
733012 
470869 
470873 
733019 
470877 
733024 
470881 
470885 
733029 
733034 
470892 
733039 
470897 
733044 
470902 
733049 
470907 
470912 
733058 
470917 
733061 
733064 
470922 
733067 
733070 
733073 
470931 
733076 
470936 
733081 
733084 
470941 
733087 
470946 
733090 
733093 
470951 
733096 
733099 
470956 
733104 
470961 
733107 
733110 
733113 
470970 
733116 
733119 
470976 
733122 
470982 
733127 
733129 
733131 
470988 
733133 
733135 
733137 
470994 
733139 
733142 
733143 
471000 
733144 
733145 
733146 
733147 
733148 
733149 
471006 
733150 
733151 
733152 
733153 
733154 
733155 
733156 
733159 
471017 
733162 
733165 
471022 
733168 
471027 
733171 
733174 
471032 
733179 
471037 
733182 
733185 
471042 
733188 
471047 
733191 
733194 
733197 
471056 
733202 
733204 
471061 
733206 
733208 
471066 
733210 
733212 
733214 
471071 
733217 
733219 
471076 
733221 
733223 
471081 
733225 
733227 
733229 
471086 
733232 
733235 
733238 
471095 
733241 
733244 
471101 
733247 
733250 
471107 
733255 
471113 
733259 
471119 
733263 
733267 
471125 
733271 
471131 
733275 
733279 
471142 
733286 
733287 
733288 
733289 
733290 
471147 
733291 
733292 
733293 
733295 
471152 
733297 
733299 
471157 
733301 
733303 
733305 
471162 
733308 
471167 
733311 
733314 
471172 
733317 
733320 
733323 
471181 
733326 
471186 
733331 
733332 
733333 
733334 
471191 
733335 
733336 
733337 
733338 
733339 
471196 
733340 
733341 
733342 
733343 
733344 
471201 
733345 
733348 
471206 
733351 
733354 
471211 
733357 
733360 
733363 
471220 
471224 
733368 
471228 
733372 
471232 
733376 
471236 
733380 
471240 
733384 
471244 
733388 
733392 
471251 
471255 
733399 
733400 
733401 
733402 
471259 
733403 
733404 
733405 
733406 
471263 
733408 
733410 
471267 
733412 
733414 
471271 
733416 
733418 
471275 
733421 
733422 
733423 
733424 
733425 
471282 
733426 
733427 
733428 
733430 
471287 
733432 
733434 
471292 
733436 
733438 
733440 
471297 
733443 
733444 
733445 
471302 
733446 
733447 
733448 
733449 
733450 
471307 
733453 
471312 
733456 
733459 
733462 
471321 
733465 
733468 
471325 
471329 
733473 
733476 
471333 
733479 
471337 
733482 
471341 
733485 
733488 
471345 
733491 
471352 
733496 
733497 
733498 
471355 
733499 
733500 
733501 
471358 
733502 
733503 
733504 
471361 
733505 
733506 
733507 
471364 
733508 
733509 
733510 
471367 
471370 
733514 
733518 
471375 
733522 
471381 
733526 
733530 
471387 
733534 
471393 
733541 
471399 
733543 
733545 
733547 
471405 
733549 
733551 
733553 
471411 
733556 
733559 
733562 
733565 
471422 
733568 
733571 
471428 
733574 
471434 
733579 
733580 
733581 
733582 
733583 
471440 
733584 
733585 
733586 
733589 
471446 
733592 
733595 
471452 
733598 
733601 
471458 
733604 
733609 
471469 
733613 
733617 
471474 
733621 
471479 
733625 
471484 
733629 
471489 
733633 
471494 
733640 
733642 
471499 
733644 
733646 
733648 
733650 
471508 
733652 
733655 
471514 
733658 
733661 
471520 
733664 
733667 
471526 
733670 
733673 
471532 
733678 
733681 
471538 
733684 
733687 
471544 
733690 
733693 
733696 
471555 
733701 
733702 
733703 
471560 
733704 
733705 
733706 
733707 
733708 
471565 
733711 
471570 
733714 
733717 
471575 
733720 
733723 
471580 
733726 
471585 
733731 
733734 
733737 
471594 
733740 
471597 
733743 
471600 
733746 
471603 
733749 
471606 
471609 
733754 
733755 
471612 
733756 
733757 
733758 
733759 
733760 
471617 
733761 
733762 
733763 
733764 
471621 
733765 
733766 
733767 
733768 
471625 
733771 
471629 
733774 
471633 
733777 
733780 
471637 
733783 
471641 
733786 
733791 
471648 
733794 
471652 
733797 
471656 
733800 
733803 
471660 
733806 
471664 
733809 
471668 
733814 
733815 
471672 
733816 
733817 
733818 
733819 
733820 
733821 
733822 
471679 
733823 
733824 
733825 
733826 
471683 
733827 
733828 
471687 
733832 
471691 
733836 
471695 
733840 
471699 
733844 
471703 
733848 
733852 
471710 
471714 
733859 
471718 
733863 
471722 
733867 
471726 
733871 
471730 
733875 
471734 
733879 
733883 
471741 
471746 
733890 
733893 
471751 
733896 
733899 
471756 
733902 
471761 
733905 
733908 
471766 
733913 
471771 
733917 
733921 
471780 
733925 
471785 
733929 
733933 
471790 
733937 
471795 
471800 
733944 
733946 
733948 
471805 
733950 
733952 
471810 
733954 
733956 
733959 
733961 
471819 
733963 
733965 
733967 
471824 
733969 
733971 
471829 
733974 
733976 
471834 
733978 
733980 
733982 
471839 
733984 
733986 
471844 
733989 
733990 
733991 
733992 
471849 
733993 
733994 
733995 
733996 
733999 
471858 
734002 
734005 
471863 
734008 
734011 
471868 
734014 
471873 
734019 
734021 
471878 
734023 
734025 
471883 
734027 
734029 
734031 
471888 
734034 
734035 
734036 
734037 
734038 
734039 
734040 
471897 
734041 
734044 
471902 
734047 
734050 
471907 
734053 
471912 
734056 
734059 
471917 
734064 
471922 
734067 
734070 
471927 
734073 
734076 
734079 
471936 
734082 
471942 
734087 
734088 
734089 
734090 
734091 
471948 
734092 
734093 
734094 
734097 
471954 
734100 
734103 
471960 
734106 
734109 
471966 
734112 
471972 
734117 
734120 
734123 
734126 
471983 
734129 
471987 
734132 
471991 
734135 
471995 
734140 
471999 
734143 
734146 
472003 
734149 
472007 
734152 
734155 
472014 
734158 
472018 
734163 
734164 
734165 
472022 
734166 
734167 
734168 
734169 
472026 
734170 
734171 
734172 
734173 
472030 
734174 
734175 
734176 
734177 
472034 
734178 
734179 
734180 
734181 
472038 
734182 
734183 
734184 
734186 
734188 
472045 
734190 
472048 
734192 
734194 
472051 
734196 
472054 
734199 
734200 
472057 
734201 
734202 
734203 
472060 
734204 
734205 
734206 
472063 
734209 
472068 
734212 
734215 
472073 
734218 
734221 
472078 
734224 
472083 
734229 
734230 
734231 
472088 
734232 
734233 
734234 
734235 
734236 
472093 
734238 
734240 
472098 
734242 
734244 
734246 
734248 
472107 
734251 
734254 
472113 
734257 
734260 
472119 
734263 
734266 
472125 
734269 
734274 
472131 
734275 
734276 
734277 
734278 
734279 
734280 
472137 
734281 
734283 
734285 
472143 
734287 
734289 
734291 
734293 
734296 
472154 
734299 
472158 
734302 
734305 
472162 
734308 
472166 
734311 
472170 
734314 
472174 
734319 
472178 
734322 
734325 
734328 
472185 
734331 
472190 
734334 
734337 
472195 
734342 
734343 
472200 
734344 
734345 
734346 
734347 
734348 
472205 
734349 
734350 
734351 
734352 
734353 
472210 
734354 
734355 
734356 
734358 
472215 
734360 
734362 
734364 
734366 
472224 
734368 
734371 
734373 
472230 
734375 
734377 
734379 
472236 
734381 
734383 
472242 
734386 
734389 
472248 
734392 
734395 
472254 
734398 
734401 
472260 
734404 
734409 
734414 
472271 
472275 
734419 
472279 
734424 
472283 
734429 
472287 
734434 
472291 
472295 
734439 
472302 
734448 
734450 
472307 
734452 
734454 
472312 
734456 
734458 
734460 
472317 
734463 
734465 
472322 
734467 
734469 
472327 
734471 
734473 
734475 
472332 
734478 
734481 
734484 
472341 
734487 
472346 
734490 
734493 
472351 
734496 
472356 
734501 
734504 
472361 
734507 
472366 
734510 
734513 
472371 
734516 
734519 
472380 
734524 
734525 
734526 
734527 
734528 
472385 
734529 
734530 
734531 
734532 
734533 
472390 
734534 
734535 
734536 
734537 
734538 
472395 
734542 
472400 
734546 
472405 
734550 
472410 
734554 
734558 
734562 
472419 
472423 
734569 
472427 
734571 
734573 
472431 
734575 
734577 
472435 
734579 
734581 
472439 
734584 
472443 
734587 
734590 
734593 
472450 
734596 
472454 
734599 
472458 
734602 
472462 
734607 
472466 
734610 
734613 
472470 
734616 
472474 
734619 
734622 
472481 
734625 
472486 
734630 
734631 
734632 
734633 
734634 
472491 
734635 
734636 
734637 
472496 
734640 
734643 
472501 
734646 
734649 
472506 
734652 
472511 
734655 
734660 
472520 
734664 
734668 
472525 
734672 
472530 
734676 
472535 
734680 
472540 
734684 
472545 
734691 
734692 
734693 
472550 
734694 
734695 
734696 
734697 
734698 
734700 
734702 
472559 
734704 
472562 
734706 
734708 
472565 
734710 
472568 
734713 
472571 
734716 
472574 
734719 
472577 
734722 
734725 
472582 
734728 
472586 
734731 
472590 
734736 
472594 
734738 
734740 
472598 
734742 
734744 
472602 
734746 
734748 
472606 
734751 
734754 
472613 
734757 
472616 
734760 
472619 
734763 
472622 
734766 
472625 
734769 
472628 
734774 
472631 
734775 
734776 
734777 
734778 
734779 
472636 
734780 
734781 
734783 
472641 
734785 
734787 
734789 
472646 
734791 
734793 
472651 
734796 
734799 
472656 
734802 
472661 
734805 
734808 
472666 
734811 
734814 
472675 
734819 
734820 
734821 
734822 
472679 
734823 
734824 
734825 
734826 
472683 
734827 
734828 
734829 
734830 
472687 
734831 
734832 
734833 
472691 
734836 
472695 
734839 
734842 
472699 
734845 
734848 
472706 
734851 
472711 
734856 
734858 
472716 
734860 
734862 
734864 
472721 
734866 
734868 
472726 
734871 
734873 
472731 
734875 
734877 
734879 
472736 
734881 
734883 
734886 
472745 
734890 
472749 
734894 
472753 
734898 
472757 
734902 
472761 
734906 
472765 
734910 
472769 
734917 
734919 
472776 
734921 
734923 
472781 
734925 
734927 
734929 
472786 
734932 
734934 
472791 
734936 
734938 
472796 
734940 
734942 
734944 
472801 
734947 
734949 
472806 
734951 
734953 
734955 
734957 
472815 
734959 
734962 
472820 
734964 
734966 
734968 
472825 
734970 
734972 
472830 
734974 
734977 
472835 
734979 
734981 
734983 
472840 
734985 
734987 
472845 
734989 
734992 
734993 
734994 
734995 
734996 
734997 
472854 
734998 
734999 
735000 
472857 
735001 
735002 
735003 
472860 
735004 
735005 
735006 
472863 
735008 
472866 
735010 
735012 
472869 
735014 
472872 
735016 
735018 
472877 
735021 
735023 
472881 
735025 
735027 
472885 
735029 
735031 
472889 
735033 
735036 
472893 
735038 
735040 
472897 
735042 
735044 
472901 
735046 
735048 
735051 
472908 
735053 
735055 
472912 
735057 
735059 
472916 
735061 
735063 
472920 
735066 
735067 
472924 
735068 
735069 
735070 
735071 
472928 
735072 
735073 
472932 
735078 
472939 
735083 
472944 
735088 
472949 
735093 
472954 
735098 
472959 
735103 
472964 
735112 
472969 
735114 
735116 
735118 
735120 
472978 
735122 
735124 
472981 
735127 
472984 
735130 
472987 
735133 
472990 
735136 
472993 
735139 
472996 
735142 
473001 
735145 
473005 
735150 
735152 
473009 
735154 
735156 
473013 
735158 
735160 
473017 
735162 
473021 
735165 
735168 
473025 
735171 
735174 
473032 
735177 
473035 
735180 
473038 
735183 
473041 
473044 
735188 
735189 
735190 
473047 
735191 
735192 
735193 
473050 
735194 
735195 
735197 
473055 
735199 
735201 
735203 
473060 
735205 
735207 
473065 
735210 
735211 
735212 
735213 
473070 
735214 
735215 
735216 
735217 
473075 
735219 
735221 
735223 
473080 
735225 
735227 
473085 
735229 
735232 
735235 
473094 
735238 
473097 
735241 
473100 
735244 
473103 
735247 
473106 
735250 
473109 
735255 
473112 
735257 
735259 
473117 
735261 
735263 
473121 
735265 
735267 
473125 
735270 
735272 
473129 
735274 
735276 
473133 
735278 
735280 
473137 
735282 
473141 
735285 
735287 
735289 
735291 
473148 
735293 
735295 
473153 
735297 
735300 
473158 
735303 
735306 
473163 
735309 
473168 
735312 
735315 
473173 
735318 
473178 
735323 
735327 
473187 
735331 
735335 
473192 
735339 
473197 
735343 
473202 
735347 
473207 
735354 
473212 
735356 
735358 
735360 
473217 
735362 
735364 
735366 
735369 
473226 
735371 
735373 
473230 
735375 
735377 
473234 
735379 
735381 
473238 
735384 
735385 
473242 
735386 
735387 
735388 
735389 
473246 
735390 
735391 
735392 
735393 
473250 
735394 
735395 
735396 
735397 
735398 
735399 
735400 
473257 
735401 
735402 
735403 
735404 
735405 
473262 
735409 
473267 
735413 
473272 
735417 
473277 
735421 
735425 
473282 
735429 
473287 
735436 
735439 
473296 
735442 
735445 
473302 
735448 
735451 
473308 
735454 
473314 
735459 
735460 
735461 
735462 
735463 
473320 
735464 
735465 
735466 
735468 
473326 
735470 
735472 
735474 
473332 
735476 
735478 
735481 
735482 
735483 
735484 
735485 
735486 
473343 
735487 
735488 
735489 
735490 
473347 
735491 
735492 
735493 
735494 
473351 
735495 
735497 
473355 
735499 
735501 
473359 
735503 
735505 
473363 
735507 
735510 
473367 
735513 
735516 
473374 
735519 
473377 
735522 
473380 
735525 
473383 
735528 
473386 
473389 
735533 
473392 
735536 
735539 
473397 
735542 
473401 
735545 
735548 
473405 
735551 
473409 
735556 
473413 
735558 
735560 
473417 
735562 
735564 
473421 
735566 
735568 
735571 
473428 
735572 
735573 
735574 
735575 
735576 
473433 
735577 
735578 
735579 
735580 
735581 
473438 
735582 
735583 
735584 
735585 
473443 
735588 
735591 
473448 
735594 
473453 
735597 
735600 
473458 
735603 
735608 
473467 
735611 
735614 
473472 
735617 
735620 
473477 
735623 
473482 
735626 
473487 
735631 
735634 
473492 
735637 
735640 
473497 
735643 
735646 
735649 
473506 
735654 
473511 
735655 
735656 
735657 
735658 
735659 
473516 
735660 
735661 
735663 
473521 
735665 
735667 
735669 
473526 
735671 
735673 
473531 
735676 
735678 
473536 
735680 
735682 
735684 
735686 
735688 
473545 
735691 
473549 
735693 
735695 
473553 
735697 
735699 
473557 
735701 
735703 
473561 
735706 
735707 
735708 
473565 
735709 
735710 
735711 
735712 
473569 
735713 
735714 
735715 
735716 
735717 
735718 
735719 
473576 
735720 
735723 
473582 
735726 
735729 
473588 
735732 
735735 
473594 
735738 
735743 
473600 
735747 
473606 
735751 
735755 
473612 
735759 
735763 
473623 
735767 
473627 
735774 
473631 
735775 
735776 
735777 
735778 
473635 
735779 
735780 
735781 
473639 
735784 
473643 
735787 
735790 
473647 
735793 
735796 
473654 
735799 
735804 
473661 
735807 
735810 
473668 
735813 
735816 
473675 
735819 
735822 
473682 
735827 
735828 
735829 
735830 
735831 
735832 
473689 
735833 
735834 
735836 
735838 
473696 
735840 
735842 
735844 
735846 
735849 
735850 
735851 
735852 
473709 
735853 
735854 
735855 
735856 
473713 
735859 
473717 
735862 
473721 
735865 
735868 
473725 
735871 
473729 
735874 
473733 
735879 
735883 
473740 
473743 
735887 
473746 
735891 
473749 
735895 
473752 
473755 
735899 
473758 
735903 
473763 
735910 
473767 
735912 
735914 
473771 
735916 
735918 
473775 
735920 
735922 
473779 
735925 
473783 
735928 
473787 
735931 
735934 
735937 
473794 
735940 
473798 
735943 
473802 
735948 
473806 
735950 
735952 
473810 
735954 
735956 
473814 
735958 
735960 
473818 
735963 
735964 
735965 
735966 
735967 
735968 
473825 
735969 
735970 
735972 
473829 
735974 
735976 
473833 
735978 
735980 
473837 
735982 
473841 
735985 
735988 
473845 
735991 
473849 
735994 
735997 
473856 
736000 
736003 
473860 
473864 
736008 
736011 
473868 
736014 
473872 
736017 
473876 
736020 
736023 
473880 
736026 
473887 
736031 
736032 
736033 
736034 
473891 
736035 
736036 
736037 
736038 
473895 
736040 
736042 
473899 
736044 
736046 
473903 
736048 
736050 
473907 
736053 
473911 
736056 
736059 
473918 
736062 
736065 
473922 
736068 
473926 
736071 
473930 
736076 
473934 
736079 
473938 
736082 
736085 
473942 
736088 
736091 
473949 
736094 
473955 
736099 
736102 
473961 
736105 
736108 
473967 
736111 
736114 
473973 
736117 
736122 
473979 
736125 
736128 
473985 
736131 
736134 
736137 
473996 
736140 
474001 
736145 
736148 
474006 
736151 
736154 
474011 
736157 
474016 
736160 
736163 
474021 
736168 
474026 
736170 
736172 
736174 
736176 
736178 
474035 
736180 
736183 
474040 
736184 
736185 
736186 
736187 
736188 
474045 
736189 
736190 
736192 
474050 
736194 
736196 
736198 
474055 
736200 
736202 
474060 
736205 
736206 
736207 
736208 
474065 
736209 
736210 
736211 
736212 
736213 
736214 
736215 
736216 
736217 
474074 
736218 
736219 
736221 
474079 
736223 
736225 
736227 
474084 
736229 
736231 
474089 
736234 
736235 
736236 
736237 
474094 
736238 
736239 
736240 
736241 
736242 
474099 
736243 
736244 
736245 
736246 
736247 
474104 
736248 
736250 
736252 
736254 
736256 
474113 
736258 
736260 
474119 
736263 
736265 
736267 
474125 
736269 
736271 
736273 
474131 
736275 
736278 
736279 
736280 
474137 
736281 
736282 
736283 
736284 
736285 
474143 
736290 
474149 
736295 
736300 
474160 
736305 
474166 
736310 
736315 
474172 
474178 
736324 
474184 
736328 
736332 
474190 
736336 
474196 
736340 
736344 
736348 
474207 
474211 
736355 
736358 
474215 
736361 
474219 
736364 
474223 
736367 
736370 
474227 
736373 
474231 
736378 
736380 
474238 
736382 
736384 
474242 
736386 
736388 
474246 
736390 
736393 
474250 
736395 
736397 
474254 
736399 
736401 
474258 
736403 
736405 
474262 
736408 
736409 
736410 
736411 
736412 
474269 
736413 
736414 
736415 
736417 
474274 
736419 
736421 
474279 
736423 
736425 
736427 
474284 
736430 
474289 
736434 
474294 
736438 
736442 
474299 
736446 
736450 
474308 
736454 
474313 
736461 
474318 
736464 
474323 
736467 
736470 
474328 
736473 
736476 
474333 
736479 
474338 
736484 
736486 
736488 
736490 
474347 
736492 
736494 
474352 
736496 
736499 
474357 
736502 
736505 
474362 
736508 
474367 
736511 
736514 
474372 
736517 
474377 
736522 
736524 
736526 
736528 
474386 
736530 
736532 
474390 
736534 
736537 
474394 
736540 
474398 
736543 
474402 
736546 
736549 
474406 
736552 
474410 
736555 
736560 
474417 
736561 
736562 
736563 
736564 
736565 
474422 
736566 
736567 
736570 
474427 
736573 
474432 
736576 
736579 
474437 
736582 
736585 
474442 
736590 
474447 
736593 
736596 
736599 
474456 
736602 
474461 
736605 
736608 
474466 
736613 
474471 
736615 
736617 
736619 
474476 
736621 
736623 
474481 
736625 
736628 
736629 
474486 
736630 
736631 
736632 
736633 
736634 
736635 
736638 
474495 
736641 
474500 
736644 
736647 
474505 
736650 
736653 
474510 
736658 
474515 
736659 
736660 
736661 
736662 
736663 
474520 
736664 
736665 
736667 
474525 
736669 
736671 
736673 
736675 
736677 
474534 
736680 
736682 
474539 
736684 
736686 
474544 
736688 
736690 
736692 
474549 
736695 
736696 
736697 
474554 
736698 
736699 
736700 
736701 
736702 
474559 
736703 
736704 
736705 
736706 
736707 
474564 
736708 
736709 
736712 
736715 
474573 
736718 
474577 
736721 
736724 
474581 
736727 
474585 
736732 
474589 
736733 
736734 
736735 
736736 
474593 
736737 
736738 
736739 
736740 
474597 
736741 
736742 
736743 
736744 
736745 
736746 
474604 
736750 
474608 
736754 
474612 
736758 
474616 
736762 
474620 
736766 
474624 
736770 
474628 
736777 
474635 
736783 
474641 
736789 
474647 
736795 
474653 
736801 
474659 
736807 
474665 
736813 
474671 
736824 
474682 
736829 
474688 
736834 
474694 
736839 
474700 
736844 
736849 
474706 
736854 
474712 
474718 
736863 
736865 
736867 
736869 
736871 
474729 
736873 
736875 
474733 
736878 
474737 
736881 
736884 
474741 
736887 
474745 
736890 
474749 
736893 
736896 
474753 
736901 
736903 
474760 
736905 
474763 
736907 
736909 
474766 
736911 
474769 
736913 
474772 
736916 
736917 
736918 
474775 
736919 
736920 
736921 
474778 
736922 
736923 
736924 
736925 
736926 
474783 
736927 
736928 
736929 
474786 
736930 
736932 
474789 
736934 
474792 
736936 
736938 
474795 
736940 
474798 
736942 
474801 
736945 
736947 
736949 
474806 
736951 
736953 
474811 
736955 
736957 
474816 
736960 
736961 
736962 
736963 
736964 
474821 
736965 
736966 
736967 
736969 
474826 
736971 
736973 
474831 
736975 
736977 
736979 
474836 
736982 
736985 
736988 
474845 
736991 
474850 
736994 
736997 
474855 
737000 
474860 
737005 
474865 
737009 
737013 
474870 
737017 
474875 
737021 
737025 
474884 
737029 
474889 
737036 
474894 
737038 
737040 
737042 
474899 
737044 
737046 
474904 
737048 
737051 
474909 
737054 
737057 
474914 
737060 
737063 
737066 
474923 
737069 
474927 
737074 
474931 
737077 
474935 
737080 
474939 
737083 
737086 
474943 
737089 
474947 
737092 
737097 
474954 
737099 
474957 
737101 
737103 
474960 
737105 
474963 
737107 
737109 
474966 
737112 
474969 
737114 
474972 
737116 
737118 
737120 
474977 
737122 
737124 
474982 
737127 
737130 
474987 
737133 
474992 
737136 
737139 
474997 
737142 
737145 
475002 
737150 
475007 
737152 
737154 
737156 
737158 
475016 
737160 
737162 
475020 
737165 
737167 
475024 
737169 
737171 
475028 
737173 
737175 
475032 
737177 
475036 
737180 
737182 
475040 
737184 
737186 
737188 
737190 
475047 
737192 
475050 
737195 
737196 
475053 
737197 
737198 
737199 
475056 
737200 
737201 
737202 
475059 
737204 
475062 
737206 
737208 
475065 
737210 
737212 
475070 
737214 
737217 
737219 
475076 
737221 
737223 
737225 
475082 
737227 
737229 
475088 
737232 
737235 
475094 
737238 
737241 
475100 
737244 
737247 
475106 
737250 
737255 
737258 
475117 
737261 
737264 
475122 
737267 
737270 
475127 
737273 
475132 
737278 
737280 
475137 
737282 
737284 
475142 
737286 
737288 
737290 
475147 
737293 
737296 
737299 
475156 
737302 
475160 
737305 
475164 
737308 
737311 
475168 
475172 
737316 
737317 
737318 
737319 
475176 
737320 
737321 
737322 
737323 
475180 
737327 
475187 
737331 
737335 
475192 
737339 
475197 
737343 
475202 
737347 
475207 
737354 
475212 
737356 
737358 
737360 
475217 
737362 
737364 
737366 
737369 
475226 
737371 
737373 
475230 
737375 
737377 
475234 
737379 
737381 
475238 
737384 
475242 
737386 
737388 
475246 
737390 
737392 
475250 
737394 
737396 
737399 
737400 
475257 
737401 
737402 
737403 
737404 
737405 
475262 
737406 
737408 
737410 
475267 
737412 
737414 
475272 
737416 
737418 
475277 
737421 
737422 
737423 
737424 
737425 
475282 
737426 
737427 
737428 
737430 
475287 
737432 
737434 
737436 
737438 
475296 
737440 
737443 
737445 
475302 
737447 
737449 
737451 
475308 
737453 
737455 
475314 
737458 
737459 
737460 
737461 
737462 
737463 
475320 
737464 
737465 
737469 
475326 
737473 
475332 
737477 
737481 
737485 
475343 
737489 
475348 
737496 
475353 
737498 
737500 
475358 
737502 
737504 
737506 
475363 
737508 
737511 
475368 
737513 
737515 
475373 
737517 
737519 
737521 
737523 
475382 
737526 
737528 
737530 
475387 
737532 
737534 
475392 
737536 
737538 
475397 
737541 
737544 
475402 
737547 
737550 
475407 
737553 
475412 
737556 
737559 
737564 
475421 
737567 
475426 
737570 
737573 
475431 
737576 
737579 
475436 
737582 
475441 
737587 
737589 
475446 
737591 
737593 
475451 
737595 
737597 
737599 
737602 
475460 
737604 
737606 
737608 
475465 
737610 
737612 
475470 
737614 
737617 
475475 
737620 
737623 
475480 
737626 
475485 
737629 
737632 
475490 
737635 
737640 
737642 
475499 
737644 
475502 
737646 
737648 
475505 
737650 
475508 
737652 
475511 
737655 
475514 
737658 
475517 
737661 
737664 
475522 
737667 
737670 
475528 
737673 
475534 
737678 
737680 
737682 
475540 
737684 
737686 
737688 
475546 
737690 
737693 
737694 
737695 
475552 
737696 
737697 
737698 
737699 
737700 
737701 
475558 
737702 
737703 
737704 
737705 
737706 
737707 
737710 
475569 
737713 
737716 
475573 
737719 
475577 
737722 
475581 
737725 
475585 
737730 
737732 
475589 
737734 
737736 
475593 
737738 
737740 
737742 
475600 
737745 
737746 
737747 
737748 
475605 
737749 
737750 
737751 
737752 
475610 
737754 
737756 
737758 
475615 
737760 
737762 
475620 
737764 
737767 
475625 
737769 
737771 
737773 
475630 
737775 
737777 
737779 
737782 
475639 
737785 
475642 
737788 
475645 
737791 
475648 
737794 
475651 
737797 
475654 
737800 
475657 
737805 
475662 
737806 
737807 
737808 
737809 
475666 
737810 
737811 
737812 
475670 
737814 
737816 
475674 
737818 
737820 
475678 
737822 
737824 
475682 
737827 
737828 
737829 
475686 
737830 
737831 
737832 
737833 
737834 
737835 
737836 
475693 
737837 
737838 
737839 
737840 
475697 
737841 
737842 
737843 
737844 
475701 
737845 
737846 
737847 
737848 
475705 
737851 
475709 
737854 
475713 
737857 
737860 
475717 
737863 
737866 
475724 
737871 
475728 
737873 
737875 
475732 
737877 
737879 
475736 
737881 
737883 
475740 
737886 
475744 
737888 
737890 
475748 
737892 
737894 
737896 
737898 
475755 
737901 
475759 
737905 
475763 
737909 
475767 
737913 
475771 
737917 
475775 
737921 
475779 
737925 
475786 
737932 
475790 
737935 
475794 
737938 
737941 
475798 
737944 
475802 
737947 
475806 
737950 
475810 
737955 
737959 
475817 
737963 
475821 
737967 
475825 
737971 
475829 
737975 
475833 
737979 
475837 
475841 
737986 
737987 
737988 
737989 
737990 
737991 
475848 
737992 
737993 
737996 
475854 
737999 
738002 
475860 
738005 
738008 
475866 
738011 
475872 
738016 
738018 
738020 
475878 
738022 
738024 
738026 
475884 
738028 
738031 
738033 
738035 
738037 
475895 
738039 
738041 
738043 
475900 
738046 
475905 
738049 
738052 
475910 
738055 
738058 
475915 
738061 
475920 
738064 
475925 
738069 
738071 
738073 
738075 
738077 
475934 
738079 
738081 
475940 
738084 
738085 
738086 
738087 
738088 
738089 
475946 
738090 
738091 
738093 
738095 
475952 
738097 
738099 
738101 
475958 
738103 
738106 
475964 
738110 
475970 
738114 
738118 
738122 
475981 
738126 
475985 
738130 
475989 
475993 
738137 
738140 
475997 
738143 
476001 
738146 
476005 
738149 
738152 
738155 
476012 
476016 
738160 
738163 
476020 
738166 
476024 
738169 
476028 
738172 
738175 
476032 
738178 
476036 
738183 
738184 
738185 
738186 
476043 
738187 
738188 
738189 
738190 
738192 
476049 
738194 
738196 
738198 
476055 
738200 
738202 
476061 
738205 
738206 
738207 
738208 
738209 
738210 
476067 
738211 
738212 
738213 
738214 
738215 
738216 
476073 
738217 
738218 
738219 
738221 
476079 
738223 
738225 
738227 
738229 
738231 
476090 
738234 
738235 
738236 
738237 
738238 
738239 
476096 
738240 
738241 
738244 
476102 
738247 
738250 
476108 
738253 
738256 
476114 
738259 
476120 
738264 
738266 
738268 
476126 
738270 
738272 
738274 
738276 
738279 
738280 
476137 
738281 
738282 
738283 
738284 
738285 
476142 
738286 
738289 
476147 
738292 
738295 
476152 
738298 
476157 
738301 
738304 
476162 
738309 
476167 
738311 
738313 
738315 
738317 
738319 
476176 
738321 
476180 
738324 
738325 
738326 
738327 
476184 
738328 
738329 
738330 
738331 
476188 
738333 
738335 
476192 
738337 
738339 
476196 
738341 
738343 
476200 
738346 
738347 
738348 
738349 
738350 
476207 
738351 
738352 
738353 
476211 
738355 
738357 
476215 
738359 
738361 
476219 
738363 
738365 
476223 
738368 
738370 
476227 
738372 
738374 
476231 
738376 
738378 
738380 
476238 
738383 
738384 
738385 
476242 
738386 
738387 
738388 
738389 
476246 
738390 
738392 
476250 
738394 
738396 
476254 
738398 
738400 
476258 
738402 
738405 
476262 
738406 
738407 
738408 
738409 
738410 
738411 
738412 
476269 
738413 
738414 
738415 
738416 
738417 
738418 
476275 
738419 
738422 
476281 
738425 
738428 
476287 
738431 
738434 
476293 
738437 
738442 
476299 
738444 
738446 
738448 
476305 
738450 
738452 
738454 
738457 
738458 
738459 
476316 
738460 
738461 
738462 
738463 
476320 
738464 
738467 
476324 
738470 
476328 
738473 
476332 
738476 
738479 
476336 
738482 
476340 
738487 
738490 
476347 
738493 
476350 
738496 
476353 
738499 
476356 
738502 
476359 
738505 
476362 
476365 
738510 
738511 
738512 
738513 
476370 
738514 
738515 
738516 
476373 
738517 
738519 
476376 
738521 
476379 
738523 
738525 
476382 
738527 
476385 
738529 
476388 
738532 
476393 
738537 
738542 
476399 
738547 
476405 
738552 
476411 
738557 
476417 
738562 
476423 
738571 
476429 
738573 
738575 
738577 
738579 
738581 
738583 
476440 
738586 
476443 
738588 
476446 
738590 
738592 
476449 
738594 
476452 
738596 
738598 
476455 
738601 
476458 
738602 
738603 
738604 
738605 
738606 
476463 
738607 
738608 
476466 
738610 
738612 
476469 
738614 
476472 
738616 
738618 
476475 
738620 
476478 
738623 
738624 
476481 
738625 
738626 
738627 
738628 
738629 
476486 
738630 
738631 
738632 
738633 
738634 
738635 
476492 
738636 
738637 
738638 
738639 
738640 
738641 
476498 
738642 
738643 
738644 
738645 
738646 
738647 
476504 
738648 
738649 
738650 
738651 
738652 
738653 
476510 
738654 
738655 
738656 
738657 
738658 
738659 
476516 
738660 
738661 
738662 
738663 
738664 
738665 
476522 
738668 
738671 
738674 
476533 
738677 
738680 
476538 
738683 
476543 
738688 
738690 
476548 
738692 
738694 
738696 
476553 
738698 
738700 
476558 
738703 
738705 
476563 
738707 
738709 
738711 
738713 
738715 
476572 
738718 
476575 
738721 
476578 
738724 
476581 
738727 
476584 
738730 
476587 
738733 
476590 
738736 
476595 
738741 
738742 
738743 
476600 
738744 
738745 
738746 
738747 
738748 
476605 
738751 
476610 
738754 
738757 
476615 
738760 
738763 
476620 
738766 
476625 
738771 
738772 
738773 
738774 
738775 
738776 
738777 
476634 
738778 
738780 
476638 
738782 
738784 
476642 
738786 
738788 
476646 
738790 
738793 
476650 
738795 
738797 
476654 
738799 
738801 
476658 
738803 
738805 
738808 
476665 
738809 
738810 
738811 
738812 
476669 
738813 
738814 
738815 
738816 
476673 
738817 
738818 
738819 
738820 
476677 
738821 
738822 
738823 
738824 
476681 
738825 
738826 
738827 
738828 
476685 
738829 
738830 
738831 
738832 
476689 
738833 
738834 
738835 
738836 
738837 
738838 
738839 
476696 
738840 
738841 
738842 
738843 
476701 
738845 
738847 
738849 
476706 
738851 
738853 
476711 
738855 
738858 
738859 
476716 
738860 
738861 
738862 
738863 
738864 
476721 
738865 
738866 
738867 
738868 
738869 
476726 
738870 
738871 
476735 
476741 
476747 
476753 
476759 
476765 
476771 
476782 
476787 
476792 
476797 
476802 
476807 
476812 
476821 
476825 
476829 
476833 
476837 
476841 
476845 
476852 
476855 
476858 
476861 
476864 
476867 
476870 
476875 
476879 
476883 
476887 
476891 
476895 
476899 
476906 
476911 
476916 
476921 
476926 
476931 
476936 
476945 
476950 
476955 
476960 
476965 
476970 
476975 
476984 
476987 
476990 
476993 
476996 
476999 
477002 
477007 
477013 
477019 
477025 
477031 
477037 
477043 
477054 
477058 
477062 
477066 
477070 
477074 
477078 
477085 
477090 
477095 
477100 
477105 
477110 
477115 
477124 
477127 
477130 
477133 
477136 
477139 
477142 
477147 
477151 
477155 
477159 
477163 
477167 
477171 
477178 
477182 
477186 
477190 
477194 
477198 
477202 
477209 
477213 
477217 
477221 
477225 
477229 
477233 
477240 
477244 
477248 
477252 
477256 
477260 
477264 
477271 
477275 
477279 
477283 
477287 
477291 
477295 
477302 
477306 
477310 
477314 
477318 
477322 
477326 
477333 
477339 
477345 
477351 
477357 
477363 
477369 
477380 
477384 
477388 
477392 
477396 
477400 
477404 
477411 
477414 
477417 
477420 
477423 
477426 
477429 
477434 
477437 
477440 
477443 
477446 
477449 
477452 
477457 
477461 
477465 
477469 
477473 
477477 
477481 
477488 
477493 
477498 
477503 
477508 
477513 
477518 
477527 
477531 
477535 
477539 
477543 
477547 
477551 
477558 
477564 
477570 
477576 
477582 
477588 
477594 
477605 
477610 
477615 
477620 
477625 
477630 
477635 
477644 
477648 
477652 
477656 
477660 
477664 
477668 
477675 
477679 
477683 
477687 
477691 
477695 
477699 
477706 
477710 
477714 
477718 
477722 
477726 
477730 
477737 
477743 
477749 
477755 
477761 
477767 
477773 
477784 
477789 
477794 
477799 
477804 
477809 
477814 
477823 
477829 
477835 
477841 
477847 
477853 
477859 
477870 
477874 
477878 
477882 
477886 
477890 
477894 
477901 
477905 
477909 
477913 
477917 
477921 
477925 
477932 
477938 
477944 
477950 
477956 
477962 
477968 
477979 
477982 
477985 
477988 
477991 
477994 
477997 
478002 
478005 
478008 
478011 
478014 
478017 
478020 
478025 
478031 
478037 
478043 
478049 
478055 
478061 
478072 
478077 
478082 
478087 
478092 
478097 
478102 
478111 
478114 
478117 
478120 
478123 
478126 
478129 
478134 
478139 
478144 
478149 
478154 
478159 
478164 
478173 
478177 
478181 
478185 
478189 
478193 
478197 
478204 
478208 
478212 
478216 
478220 
478224 
478228 
478235 
478239 
478243 
478247 
478251 
478255 
478259 
478266 
478271 
478276 
478281 
478286 
478291 
478296 
478305 
478309 
478313 
478317 
478321 
478325 
478329 
478336 
478341 
478346 
478351 
478356 
478361 
478366 
478375 
478380 
478385 
478390 
478395 
478400 
478405 
478414 
478418 
478422 
478426 
478430 
478434 
478438 
478445 
478449 
478453 
478457 
478461 
478465 
478469 
478476 
478480 
478484 
478488 
478492 
478496 
478500 
478507 
478511 
478515 
478519 
478523 
478527 
478531 
478538 
478544 
478550 
478556 
478562 
478568 
478574 
478585 
478589 
478593 
478597 
478601 
478605 
478609 
478616 
478622 
478628 
478634 
478640 
478646 
478652 
478663 
478668 
478673 
478678 
478683 
478688 
478693 
478702 
478706 
478710 
478714 
478718 
478722 
478726 
478733 
478738 
478743 
478748 
478753 
478758 
478763 
478772 
478776 
478780 
478784 
478788 
478792 
478796 
478803 
478807 
478811 
478815 
478819 
478823 
478827 
478834 
478838 
478842 
478846 
478850 
478854 
478858 
478865 
478870 
478875 
478880 
478885 
478890 
478895 
478904 
478910 
478916 
478922 
478928 
478934 
478940 
478951 
478956 
478961 
478966 
478971 
478976 
478981 
478990 
478994 
478998 
479002 
479006 
479010 
479014 
479021 
479024 
479027 
479030 
479033 
479036 
479039 
479044 
479048 
479052 
479056 
479060 
479064 
479068 
479075 
479081 
479087 
479093 
479099 
479105 
479111 
479122 
479127 
479132 
479137 
479142 
479147 
479152 
479161 
479165 
479169 
479173 
479177 
479181 
479185 
479192 
479197 
479202 
479207 
479212 
479217 
479222 
479231 
479236 
479241 
479246 
479251 
479256 
479261 
479270 
479274 
479278 
479282 
479286 
479290 
479294 
479301 
479305 
479309 
479313 
479317 
479321 
479325 
479332 
479336 
479340 
479344 
479348 
479352 
479356 
479363 
479367 
479371 
479375 
479379 
479383 
479387 
479394 
479400 
479406 
479412 
479418 
479424 
479430 
479441 
479447 
479453 
479459 
479465 
479471 
479477 
479488 
479491 
479494 
479497 
479500 
479503 
479506 
479511 
479514 
479517 
479520 
479523 
479526 
479529 
479534 
479540 
479546 
479552 
479558 
479564 
479570 
479581 
479586 
479591 
479596 
479601 
479606 
479611 
479620 
479623 
479626 
479629 
479632 
479635 
479638 
479643 
479647 
479651 
479655 
479659 
479663 
479667 
479674 
479677 
479680 
479683 
479686 
479689 
479692 
479697 
479701 
479705 
479709 
479713 
479717 
479721 
479728 
479734 
479740 
479746 
479752 
479758 
479764 
479775 
479778 
479781 
479784 
479787 
479790 
479793 
479798 
479802 
479806 
479810 
479814 
479818 
479822 
479829 
479833 
479837 
479841 
479845 
479849 
479853 
479860 
479864 
479868 
479872 
479876 
479880 
479884 
479891 
479896 
479901 
479906 
479911 
479916 
479921 
479930 
479934 
479938 
479942 
479946 
479950 
479954 
479961 
479964 
479967 
479970 
479973 
479976 
479979 
479984 
479989 
479994 
479999 
480004 
480009 
480014 
480023 
480026 
480029 
480032 
480035 
480038 
480041 
480046 
480051 
480056 
480061 
480066 
480071 
480076 
480085 
480088 
480091 
480094 
480097 
480100 
480103 
480108 
480111 
480114 
480117 
480120 
480123 
480126 
480131 
480133 
480135 
480137 
480139 
480141 
480143 
480146 
480151 
480156 
480161 
480166 
480171 
480176 
480185 
480187 
480189 
480191 
480193 
480195 
480197 
480200 
480202 
480204 
480206 
480208 
480210 
480212 
480215 
480220 
480225 
480230 
480235 
480240 
480245 
480254 
480257 
480260 
480263 
480266 
480269 
480272 
480277 
480281 
480285 
480289 
480293 
480297 
480301 
480308 
480313 
480318 
480323 
480328 
480333 
480338 
480347 
480351 
480355 
480359 
480363 
480367 
480371 
480378 
480381 
480384 
480387 
480390 
480393 
480396 
480401 
480405 
480409 
480413 
480417 
480421 
480425 
480432 
480435 
480438 
480441 
480444 
480447 
480450 
480455 
480460 
480465 
480470 
480475 
480480 
480485 
480494 
480498 
480502 
480506 
480510 
480514 
480518 
480525 
480530 
480535 
480540 
480545 
480550 
480555 
480564 
480568 
480572 
480576 
480580 
480584 
480588 
480595 
480598 
480601 
480604 
480607 
480610 
480613 
480618 
480623 
480628 
480633 
480638 
480643 
480648 
480657 
480662 
480667 
480672 
480677 
480682 
480687 
480696 
480699 
480702 
480705 
480708 
480711 
480714 
480719 
480723 
480727 
480731 
480735 
480739 
480743 
480750 
480753 
480756 
480759 
480762 
480765 
480768 
480773 
480777 
480781 
480785 
480789 
480793 
480797 
480804 
480807 
480810 
480813 
480816 
480819 
480822 
480827 
480833 
480839 
480845 
480851 
480857 
480863 
480874 
480880 
480886 
480892 
480898 
480904 
480910 
480921 
480925 
480929 
480933 
480937 
480941 
480945 
480952 
480957 
480962 
480967 
480972 
480977 
480982 
480991 
480994 
480997 
481000 
481003 
481006 
481009 
481014 
481017 
481020 
481023 
481026 
481029 
481032 
481037 
481043 
481049 
481055 
481061 
481067 
481073 
481084 
481087 
481090 
481093 
481096 
481099 
481102 
481107 
481110 
481113 
481116 
481119 
481122 
481125 
481130 
481135 
481140 
481145 
481150 
481155 
481160 
481169 
481172 
481175 
481178 
481181 
481184 
481187 
481192 
481196 
481200 
481204 
481208 
481212 
481216 
481223 
481226 
481229 
481232 
481235 
481238 
481241 
481246 
481250 
481254 
481258 
481262 
481266 
481270 
481277 
481280 
481283 
481286 
481289 
481292 
481295 
481300 
481304 
481308 
481312 
481316 
481320 
481324 
481331 
481334 
481337 
481340 
481343 
481346 
481349 
481354 
481359 
481364 
481369 
481374 
481379 
481384 
481393 
481398 
481403 
481408 
481413 
481418 
481423 
481432 
481438 
481444 
481450 
481456 
481462 
481468 
481479 
481481 
481483 
481485 
481487 
481489 
481491 
481494 
481497 
481500 
481503 
481506 
481509 
481512 
481517 
481523 
481529 
481535 
481541 
481547 
481553 
481564 
481567 
481570 
481573 
481576 
481579 
481582 
481587 
481591 
481595 
481599 
481603 
481607 
481611 
481618 
481621 
481624 
481627 
481630 
481633 
481636 
481641 
481645 
481649 
481653 
481657 
481661 
481665 
481672 
481676 
481680 
481684 
481688 
481692 
481696 
481703 
481707 
481711 
481715 
481719 
481723 
481727 
481734 
481738 
481742 
481746 
481750 
481754 
481758 
481765 
481768 
481771 
481774 
481777 
481780 
481783 
481788 
481793 
481798 
481803 
481808 
481813 
481818 
481827 
481830 
481833 
481836 
481839 
481842 
481845 
481850 
481853 
481856 
481859 
481862 
481865 
481868 
481873 
481878 
481883 
481888 
481893 
481898 
481903 
481912 
481917 
481922 
481927 
481932 
481937 
481942 
481951 
481953 
481955 
481957 
481959 
481961 
481963 
481966 
481971 
481976 
481981 
481986 
481991 
481996 
482005 
482007 
482009 
482011 
482013 
482015 
482017 
482020 
482024 
482028 
482032 
482036 
482040 
482044 
482051 
482055 
482059 
482063 
482067 
482071 
482075 
482082 
482086 
482090 
482094 
482098 
482102 
482106 
482113 
482116 
482119 
482122 
482125 
482128 
482131 
482136 
482140 
482144 
482148 
482152 
482156 
482160 
482167 
482172 
482177 
482182 
482187 
482192 
482197 
482206 
482212 
482218 
482224 
482230 
482236 
482242 
482253 
482258 
482263 
482268 
482273 
482278 
482283 
482292 
482295 
482298 
482301 
482304 
482307 
482310 
482315 
482319 
482323 
482327 
482331 
482335 
482339 
482346 
482352 
482358 
482364 
482370 
482376 
482382 
482393 
482396 
482399 
482402 
482405 
482408 
482411 
482416 
482419 
482422 
482425 
482428 
482431 
482434 
482439 
482445 
482451 
482457 
482463 
482469 
482475 
482486 
482491 
482496 
482501 
482506 
482511 
482516 
482525 
482528 
482531 
482534 
482537 
482540 
482543 
482548 
482553 
482558 
482563 
482568 
482573 
482578 
482587 
482591 
482595 
482599 
482603 
482607 
482611 
482618 
482623 
482628 
482633 
482638 
482643 
482648 
482657 
482660 
482663 
482666 
482669 
482672 
482675 
482680 
482685 
482690 
482695 
482700 
482705 
482710 
482719 
482722 
482725 
482728 
482731 
482734 
482737 
482742 
482746 
482750 
482754 
482758 
482762 
482766 
482773 
482777 
482781 
482785 
482789 
482793 
482797 
482804 
482807 
482810 
482813 
482816 
482819 
482822 
482827 
482831 
482835 
482839 
482843 
482847 
482851 
482858 
482864 
482870 
482876 
482882 
482888 
482894 
482905 
482908 
482911 
482914 
482917 
482920 
482923 
482928 
482932 
482936 
482940 
482944 
482948 
482952 
482959 
482963 
482967 
482971 
482975 
482979 
482983 
482990 
482994 
482998 
483002 
483006 
483010 
483014 
483021 
483025 
483029 
483033 
483037 
483041 
483045 
483052 
483054 
483056 
483058 
483060 
483062 
483064 
483067 
483072 
483077 
483082 
483087 
483092 
483097 
483106 
483108 
483110 
483112 
483114 
483116 
483118 
483121 
483123 
483125 
483127 
483129 
483131 
483133 
483136 
483141 
483146 
483151 
483156 
483161 
483166 
483175 
483178 
483181 
483184 
483187 
483190 
483193 
483198 
483200 
483202 
483204 
483206 
483208 
483210 
483213 
483217 
483221 
483225 
483229 
483233 
483237 
483244 
483249 
483254 
483259 
483264 
483269 
483274 
483283 
483286 
483289 
483292 
483295 
483298 
483301 
483306 
483309 
483312 
483315 
483318 
483321 
483324 
483329 
483332 
483335 
483338 
483341 
483344 
483347 
483352 
483356 
483360 
483364 
483368 
483372 
483376 
483383 
483388 
483393 
483398 
483403 
483408 
483413 
483422 
483426 
483430 
483434 
483438 
483442 
483446 
483453 
483458 
483463 
483468 
483473 
483478 
483483 
483492 
483496 
483500 
483504 
483508 
483512 
483516 
483523 
483528 
483533 
483538 
483543 
483548 
483553 
483562 
483566 
483570 
483574 
483578 
483582 
483586 
483593 
483599 
483605 
483611 
483617 
483623 
483629 
483640 
483646 
483652 
483658 
483664 
483670 
483676 
483687 
483689 
483691 
483693 
483695 
483697 
483699 
483702 
483705 
483708 
483711 
483714 
483717 
483720 
483725 
483731 
483737 
483743 
483749 
483755 
483761 
483772 
483777 
483782 
483787 
483792 
483797 
483802 
483811 
483813 
483815 
483817 
483819 
483821 
483823 
483826 
483832 
483838 
483844 
483850 
483856 
483862 
483873 
483875 
483877 
483879 
483881 
483883 
483885 
483888 
483891 
483894 
483897 
483900 
483903 
483906 
483911 
483917 
483923 
483929 
483935 
483941 
483947 
483958 
483963 
483968 
483973 
483978 
483983 
483988 
483997 
483999 
484001 
484003 
484005 
484007 
484009 
484012 
484014 
484016 
484018 
484020 
484022 
484024 
484027 
484032 
484037 
484042 
484047 
484052 
484057 
484066 
484070 
484074 
484078 
484082 
484086 
484090 
484097 
484101 
484105 
484109 
484113 
484117 
484121 
484128 
484135 
484142 
484149 
484156 
484163 
484170 
484183 
484186 
484189 
484192 
484195 
484198 
484201 
484206 
484208 
484210 
484212 
484214 
484216 
484218 
484221 
484227 
484233 
484239 
484245 
484251 
484257 
484268 
484273 
484278 
484283 
484288 
484293 
484298 
484307 
484313 
484319 
484325 
484331 
484337 
484343 
484354 
484359 
484364 
484369 
484374 
484379 
484384 
484393 
484399 
484405 
484411 
484417 
484423 
484429 
484440 
484445 
484450 
484455 
484460 
484465 
484470 
484479 
484483 
484487 
484491 
484495 
484499 
484503 
484510 
484516 
484522 
484528 
484534 
484540 
484546 
484557 
484562 
484567 
484572 
484577 
484582 
484587 
484596 
484600 
484604 
484608 
484612 
484616 
484620 
484627 
484631 
484635 
484639 
484643 
484647 
484651 
484658 
484661 
484664 
484667 
484670 
484673 
484676 
484681 
484685 
484689 
484693 
484697 
484701 
484705 
484712 
484716 
484720 
484724 
484728 
484732 
484736 
484743 
484746 
484749 
484752 
484755 
484758 
484761 
484766 
484770 
484774 
484778 
484782 
484786 
484790 
484797 
484801 
484805 
484809 
484813 
484817 
484821 
484828 
484832 
484836 
484840 
484844 
484848 
484852 
484859 
484863 
484867 
484871 
484875 
484879 
484883 
484890 
484894 
484898 
484902 
484906 
484910 
484914 
484921 
484925 
484929 
484933 
484937 
484941 
484945 
484952 
484956 
484960 
484964 
484968 
484972 
484976 
484983 
484986 
484989 
484992 
484995 
484998 
485001 
485006 
485011 
485016 
485021 
485026 
485031 
485036 
485045 
485048 
485051 
485054 
485057 
485060 
485063 
485068 
485071 
485074 
485077 
485080 
485083 
485086 
485091 
485097 
485103 
485109 
485115 
485121 
485127 
485138 
485143 
485148 
485153 
485158 
485163 
485168 
485177 
485181 
485185 
485189 
485193 
485197 
485201 
485208 
485210 
485212 
485214 
485216 
485218 
485220 
485223 
485229 
485235 
485241 
485247 
485253 
485259 
485270 
485273 
485276 
485279 
485282 
485285 
485288 
485293 
485296 
485299 
485302 
485305 
485308 
485311 
485316 
485320 
485324 
485328 
485332 
485336 
485340 
485347 
485353 
485359 
485365 
485371 
485377 
485383 
485394 
485398 
485402 
485406 
485410 
485414 
485418 
485425 
485427 
485429 
485431 
485433 
485435 
485437 
485440 
485442 
485444 
485446 
485448 
485450 
485452 
485455 
485458 
485461 
485464 
485467 
485470 
485473 
485478 
485482 
485486 
485490 
485494 
485498 
485502 
485509 
485513 
485517 
485521 
485525 
485529 
485533 
485540 
485545 
485550 
485555 
485560 
485565 
485570 
485579 
485582 
485585 
485588 
485591 
485594 
485597 
485602 
485607 
485612 
485617 
485622 
485627 
485632 
485641 
485646 
485651 
485656 
485661 
485666 
485671 
485680 
485684 
485688 
485692 
485696 
485700 
485704 
485711 
485715 
485719 
485723 
485727 
485731 
485735 
485742 
485747 
485752 
485757 
485762 
485767 
485772 
485781 
485785 
485789 
485793 
485797 
485801 
485805 
485812 
485818 
485824 
485830 
485836 
485842 
485848 
485859 
485864 
485869 
485874 
485879 
485884 
485889 
485898 
485900 
485902 
485904 
485906 
485908 
485910 
485913 
485917 
485921 
485925 
485929 
485933 
485937 
485944 
485949 
485954 
485959 
485964 
485969 
485974 
485983 
485987 
485991 
485995 
485999 
486003 
486007 
486014 
486018 
486022 
486026 
486030 
486034 
486038 
486045 
486051 
486057 
486063 
486069 
486075 
486081 
486092 
486096 
486100 
486104 
486108 
486112 
486116 
486123 
486126 
486129 
486132 
486135 
486138 
486141 
486146 
486152 
486158 
486164 
486170 
486176 
486182 
486193 
486198 
486203 
486208 
486213 
486218 
486223 
486232 
486235 
486238 
486241 
486244 
486247 
486250 
486255 
486261 
486267 
486273 
486279 
486285 
486291 
486302 
486308 
486314 
486320 
486326 
486332 
486338 
486349 
486354 
486359 
486364 
486369 
486374 
486379 
486388 
486392 
486396 
486400 
486404 
486408 
486412 
486419 
486424 
486429 
486434 
486439 
486444 
486449 
486458 
486462 
486466 
486470 
486474 
486478 
486482 
486489 
486495 
486501 
486507 
486513 
486519 
486525 
486536 
486539 
486542 
486545 
486548 
486551 
486554 
486559 
486566 
486573 
486580 
486587 
486594 
486601 
486614 
486617 
486620 
486623 
486626 
486629 
486632 
486637 
486639 
486641 
486643 
486645 
486647 
486649 
486652 
486658 
486664 
486670 
486676 
486682 
486688 
486699 
486704 
486709 
486714 
486719 
486724 
486729 
486738 
486744 
486750 
486756 
486762 
486768 
486774 
486785 
486790 
486795 
486800 
486805 
486810 
486815 
486824 
486828 
486832 
486836 
486840 
486844 
486848 
486855 
486858 
486861 
486864 
486867 
486870 
486873 
486878 
486881 
486884 
486887 
486890 
486893 
486896 
486901 
486906 
486911 
486916 
486921 
486926 
486931 
486940 
486945 
486950 
486955 
486960 
486965 
486970 
486979 
486985 
486991 
486997 
487003 
487009 
487015 
487026 
487029 
487032 
487035 
487038 
487041 
487044 
487049 
487052 
487055 
487058 
487061 
487064 
487067 
487072 
487078 
487084 
487090 
487096 
487102 
487108 
487119 
487124 
487129 
487134 
487139 
487144 
487149 
487158 
487160 
487162 
487164 
487166 
487168 
487170 
487173 
487178 
487183 
487188 
487193 
487198 
487203 
487212 
487215 
487218 
487221 
487224 
487227 
487230 
487235 
487240 
487245 
487250 
487255 
487260 
487265 
487274 
487277 
487280 
487283 
487286 
487289 
487292 
487297 
487301 
487305 
487309 
487313 
487317 
487321 
487328 
487332 
487336 
487340 
487344 
487348 
487352 
487359 
487363 
487367 
487371 
487375 
487379 
487383 
487390 
487395 
487400 
487405 
487410 
487415 
487420 
487429 
487432 
487435 
487438 
487441 
487444 
487447 
487452 
487455 
487458 
487461 
487464 
487467 
487470 
487475 
487481 
487487 
487493 
487499 
487505 
487511 
487522 
487525 
487528 
487531 
487534 
487537 
487540 
487545 
487549 
487553 
487557 
487561 
487565 
487569 
487576 
487580 
487584 
487588 
487592 
487596 
487600 
487607 
487612 
487617 
487622 
487627 
487632 
487637 
487646 
487649 
487652 
487655 
487658 
487661 
487664 
487669 
487672 
487675 
487678 
487681 
487684 
487687 
487692 
487697 
487702 
487707 
487712 
487717 
487722 
487731 
487736 
487741 
487746 
487751 
487756 
487761 
487770 
487773 
487776 
487779 
487782 
487785 
487788 
487793 
487797 
487801 
487805 
487809 
487813 
487817 
487824 
487828 
487832 
487836 
487840 
487844 
487848 
487855 
487861 
487867 
487873 
487879 
487885 
487891 
487902 
487906 
487910 
487914 
487918 
487922 
487926 
487933 
487936 
487939 
487942 
487945 
487948 
487951 
487956 
487960 
487964 
487968 
487972 
487976 
487980 
487987 
487990 
487993 
487996 
487999 
488002 
488005 
488010 
488016 
488022 
488028 
488034 
488040 
488046 
488057 
488062 
488067 
488072 
488077 
488082 
488087 
488096 
488099 
488102 
488105 
488108 
488111 
488114 
488119 
488122 
488125 
488128 
488131 
488134 
488137 
488142 
488148 
488154 
488160 
488166 
488172 
488178 
488189 
488192 
488195 
488198 
488201 
488204 
488207 
488212 
488215 
488218 
488221 
488224 
488227 
488230 
488235 
488238 
488241 
488244 
488247 
488250 
488253 
488258 
488263 
488268 
488273 
488278 
488283 
488288 
488297 
488300 
488303 
488306 
488309 
488312 
488315 
488320 
488324 
488328 
488332 
488336 
488340 
488344 
488351 
488354 
488357 
488360 
488363 
488366 
488369 
488374 
488378 
488382 
488386 
488390 
488394 
488398 
488405 
488408 
488411 
488414 
488417 
488420 
488423 
488428 
488433 
488438 
488443 
488448 
488453 
488458 
488467 
488472 
488477 
488482 
488487 
488492 
488497 
488506 
488511 
488516 
488521 
488526 
488531 
488536 
488545 
488548 
488551 
488554 
488557 
488560 
488563 
488568 
488571 
488574 
488577 
488580 
488583 
488586 
488591 
488597 
488603 
488609 
488615 
488621 
488627 
488638 
488642 
488646 
488650 
488654 
488658 
488662 
488669 
488673 
488677 
488681 
488685 
488689 
488693 
488700 
488704 
488708 
488712 
488716 
488720 
488724 
488731 
488734 
488737 
488740 
488743 
488746 
488749 
488754 
488759 
488764 
488769 
488774 
488779 
488784 
488793 
488797 
488801 
488805 
488809 
488813 
488817 
488824 
488826 
488828 
488830 
488832 
488834 
488836 
488839 
488845 
488851 
488857 
488863 
488869 
488875 
488886 
488889 
488892 
488895 
488898 
488901 
488904 
488909 
488912 
488915 
488918 
488921 
488924 
488927 
488932 
488936 
488940 
488944 
488948 
488952 
488956 
488963 
488967 
488971 
488975 
488979 
488983 
488987 
488994 
488999 
489004 
489009 
489014 
489019 
489024 
489033 
489039 
489045 
489051 
489057 
489063 
489069 
489080 
489083 
489086 
489089 
489092 
489095 
489098 
489103 
489107 
489111 
489115 
489119 
489123 
489127 
489134 
489140 
489146 
489152 
489158 
489164 
489170 
489181 
489185 
489189 
489193 
489197 
489201 
489205 
489212 
489214 
489216 
489218 
489220 
489222 
489224 
489227 
489229 
489231 
489233 
489235 
489237 
489239 
489242 
489245 
489248 
489251 
489254 
489257 
489260 
489265 
489270 
489275 
489280 
489285 
489290 
489295 
489304 
489309 
489314 
489319 
489324 
489329 
489334 
489343 
489349 
489355 
489361 
489367 
489373 
489379 
489390 
489395 
489400 
489405 
489410 
489415 
489420 
489429 
489435 
489441 
489447 
489453 
489459 
489465 
489476 
489480 
489484 
489488 
489492 
489496 
489500 
489507 
489512 
489517 
489522 
489527 
489532 
489537 
489546 
489550 
489554 
489558 
489562 
489566 
489570 
489577 
489582 
489587 
489592 
489597 
489602 
489607 
489616 
489620 
489624 
489628 
489632 
489636 
489640 
489647 
489650 
489653 
489656 
489659 
489662 
489665 
489670 
489676 
489682 
489688 
489694 
489700 
489706 
489717 
489721 
489725 
489729 
489733 
489737 
489741 
489748 
489752 
489756 
489760 
489764 
489768 
489772 
489779 
489782 
489785 
489788 
489791 
489794 
489797 
489802 
489806 
489810 
489814 
489818 
489822 
489826 
489833 
489836 
489839 
489842 
489845 
489848 
489851 
489856 
489861 
489866 
489871 
489876 
489881 
489886 
489895 
489900 
489905 
489910 
489915 
489920 
489925 
489934 
489939 
489944 
489949 
489954 
489959 
489964 
489973 
489979 
489985 
489991 
489997 
490003 
490009 
490020 
490023 
490026 
490029 
490032 
490035 
490038 
490043 
490046 
490049 
490052 
490055 
490058 
490061 
490066 
490068 
490070 
490072 
490074 
490076 
490078 
490081 
490085 
490089 
490093 
490097 
490101 
490105 
490112 
490116 
490120 
490124 
490128 
490132 
490136 
490143 
490148 
490153 
490158 
490163 
490168 
490173 
490182 
490188 
490194 
490200 
490206 
490212 
490218 
490229 
490233 
490237 
490241 
490245 
490249 
490253 
490260 
490266 
490272 
490278 
490284 
490290 
490296 
490307 
490310 
490313 
490316 
490319 
490322 
490325 
490330 
490333 
490336 
490339 
490342 
490345 
490348 
490353 
490356 
490359 
490362 
490365 
490368 
490371 
490376 
490380 
490384 
490388 
490392 
490396 
490400 
490407 
490411 
490415 
490419 
490423 
490427 
490431 
490438 
490444 
490450 
490456 
490462 
490468 
490474 
490485 
490490 
490495 
490500 
490505 
490510 
490515 
490524 
490530 
490536 
490542 
490548 
490554 
490560 
490571 
490576 
490581 
490586 
490591 
490596 
490601 
490610 
490616 
490622 
490628 
490634 
490640 
490646 
490657 
490661 
490665 
490669 
490673 
490677 
490681 
490688 
490692 
490696 
490700 
490704 
490708 
490712 
490719 
490724 
490729 
490734 
490739 
490744 
490749 
490758 
490762 
490766 
490770 
490774 
490778 
490782 
490789 
490794 
490799 
490804 
490809 
490814 
490819 
490828 
490834 
490840 
490846 
490852 
490858 
490864 
490875 
490880 
490885 
490890 
490895 
490900 
490905 
490914 
490920 
490926 
490932 
490938 
490944 
490950 
490961 
490964 
490967 
490970 
490973 
490976 
490979 
490984 
490987 
490990 
490993 
490996 
490999 
491002 
491007 
491013 
491019 
491025 
491031 
491037 
491043 
491054 
491057 
491060 
491063 
491066 
491069 
491072 
491077 
491081 
491085 
491089 
491093 
491097 
491101 
491108 
491111 
491114 
491117 
491120 
491123 
491126 
491131 
491135 
491139 
491143 
491147 
491151 
491155 
491162 
491166 
491170 
491174 
491178 
491182 
491186 
491193 
491197 
491201 
491205 
491209 
491213 
491217 
491224 
491228 
491232 
491236 
491240 
491244 
491248 
491255 
491257 
491259 
491261 
491263 
491265 
491267 
491270 
491275 
491280 
491285 
491290 
491295 
491300 
491309 
491312 
491315 
491318 
491321 
491324 
491327 
491332 
491335 
491338 
491341 
491344 
491347 
491350 
491355 
491360 
491365 
491370 
491375 
491380 
491385 
491394 
491397 
491400 
491403 
491406 
491409 
491412 
491417 
491420 
491423 
491426 
491429 
491432 
491435 
491440 
491445 
491450 
491455 
491460 
491465 
491470 
491479 
491481 
491483 
491485 
491487 
491489 
491491 
491494 
491499 
491504 
491509 
491514 
491519 
491524 
491533 
491535 
491537 
491539 
491541 
491543 
491545 
491548 
491552 
491556 
491560 
491564 
491568 
491572 
491579 
491583 
491587 
491591 
491595 
491599 
491603 
491610 
491615 
491620 
491625 
491630 
491635 
491640 
491649 
491655 
491661 
491667 
491673 
491679 
491685 
491696 
491701 
491706 
491711 
491716 
491721 
491726 
491735 
491739 
491743 
491747 
491751 
491755 
491759 
491766 
491770 
491774 
491778 
491782 
491786 
491790 
491797 
491801 
491805 
491809 
491813 
491817 
491821 
491828 
491832 
491836 
491840 
491844 
491848 
491852 
491859 
491864 
491869 
491874 
491879 
491884 
491889 
491898 
491902 
491906 
491910 
491914 
491918 
491922 
491929 
491931 
491933 
491935 
491937 
491939 
491941 
491944 
491948 
491952 
491956 
491960 
491964 
491968 
491975 
491980 
491985 
491990 
491995 
492000 
492005 
492014 
492018 
492022 
492026 
492030 
492034 
492038 
492045 
492049 
492053 
492057 
492061 
492065 
492069 
492076 
492082 
492088 
492094 
492100 
492106 
492112 
492123 
492129 
492135 
492141 
492147 
492153 
492159 
492170 
492174 
492178 
492182 
492186 
492190 
492194 
492201 
492204 
492207 
492210 
492213 
492216 
492219 
492224 
492230 
492236 
492242 
492248 
492254 
492260 
492271 
492276 
492281 
492286 
492291 
492296 
492301 
492310 
492313 
492316 
492319 
492322 
492325 
492328 
492333 
492339 
492345 
492351 
492357 
492363 
492369 
492380 
492386 
492392 
492398 
492404 
492410 
492416 
492427 
492432 
492437 
492442 
492447 
492452 
492457 
492466 
492470 
492474 
492478 
492482 
492486 
492490 
492497 
492502 
492507 
492512 
492517 
492522 
492527 
492536 
492540 
492544 
492548 
492552 
492556 
492560 
492567 
492573 
492579 
492585 
492591 
492597 
492603 
492614 
492617 
492620 
492623 
492626 
492629 
492632 
492637 
492644 
492651 
492658 
492665 
492672 
492679 
492692 
492695 
492698 
492701 
492704 
492707 
492710 
492715 
492717 
492719 
492721 
492723 
492725 
492727 
492730 
492736 
492742 
492748 
492754 
492760 
492766 
492777 
492782 
492787 
492792 
492797 
492802 
492807 
492816 
492822 
492828 
492834 
492840 
492846 
492852 
492863 
492868 
492873 
492878 
492883 
492888 
492893 
492902 
492906 
492910 
492914 
492918 
492922 
492926 
492933 
492936 
492939 
492942 
492945 
492948 
492951 
492956 
492959 
492962 
492965 
492968 
492971 
492974 
492979 
492984 
492989 
492994 
492999 
493004 
493009 
493018 
493022 
493026 
493030 
493034 
493038 
493042 
493049 
493053 
493057 
493061 
493065 
493069 
493073 
493080 
493085 
493090 
493095 
493100 
493105 
493110 
493119 
493125 
493131 
493137 
493143 
493149 
493155 
493166 
493171 
493176 
493181 
493186 
493191 
493196 
493205 
493209 
493213 
493217 
493221 
493225 
493229 
493236 
493239 
493242 
493245 
493248 
493251 
493254 
493259 
493265 
493271 
493277 
493283 
493289 
493295 
493306 
493310 
493314 
493318 
493322 
493326 
493330 
493337 
493342 
493347 
493352 
493357 
493362 
493367 
493376 
493381 
493386 
493391 
493396 
493401 
493406 
493415 
493419 
493423 
493427 
493431 
493435 
493439 
493446 
493450 
493454 
493458 
493462 
493466 
493470 
493477 
493482 
493487 
493492 
493497 
493502 
493507 
493516 
493520 
493524 
493528 
493532 
493536 
493540 
493547 
493550 
493553 
493556 
493559 
493562 
493565 
493570 
493574 
493578 
493582 
493586 
493590 
493594 
493601 
493606 
493611 
493616 
493621 
493626 
493631 
493640 
493645 
493650 
493655 
493660 
493665 
493670 
493679 
493683 
493687 
493691 
493695 
493699 
493703 
493710 
493714 
493718 
493722 
493726 
493730 
493734 
493741 
493745 
493749 
493753 
493757 
493761 
493765 
493772 
493777 
493782 
493787 
493792 
493797 
493802 
493811 
493815 
493819 
493823 
493827 
493831 
493835 
493842 
493848 
493854 
493860 
493866 
493872 
493878 
493889 
493892 
493895 
493898 
493901 
493904 
493907 
493912 
493915 
493918 
493921 
493924 
493927 
493930 
493935 
493939 
493943 
493947 
493951 
493955 
493959 
493966 
493972 
493978 
493984 
493990 
493996 
494002 
494013 
494016 
494019 
494022 
494025 
494028 
494031 
494036 
494039 
494042 
494045 
494048 
494051 
494054 
494059 
494062 
494065 
494068 
494071 
494074 
494077 
494082 
494088 
494094 
494100 
494106 
494112 
494118 
494129 
494131 
494133 
494135 
494137 
494139 
494141 
494144 
494146 
494148 
494150 
494152 
494154 
494156 
494159 
494165 
494171 
494177 
494183 
494189 
494195 
494206 
494211 
494216 
494221 
494226 
494231 
494236 
494245 
494248 
494251 
494254 
494257 
494260 
494263 
494268 
494274 
494280 
494286 
494292 
494298 
494304 
494315 
494317 
494319 
494321 
494323 
494325 
494327 
494330 
494333 
494336 
494339 
494342 
494345 
494348 
494353 
494359 
494365 
494371 
494377 
494383 
494389 
494400 
494405 
494410 
494415 
494420 
494425 
494430 
494439 
494442 
494445 
494448 
494451 
494454 
494457 
494462 
494468 
494474 
494480 
494486 
494492 
494498 
494509 
494514 
494519 
494524 
494529 
494534 
494539 
494548 
494554 
494560 
494566 
494572 
494578 
494584 
494595 
494601 
494607 
494613 
494619 
494625 
494631 
494642 
494647 
494652 
494657 
494662 
494667 
494672 
494681 
494687 
494693 
494699 
494705 
494711 
494717 
494728 
494734 
494740 
494746 
494752 
494758 
494764 
494775 
494780 
494785 
494790 
494795 
494800 
494805 
494814 
494820 
494826 
494832 
494838 
494844 
494850 
494861 
494867 
494873 
494879 
494885 
494891 
494897 
494908 
494913 
494918 
494923 
494928 
494933 
494938 
494947 
494953 
494959 
494965 
494971 
494977 
494983 
494994 
494997 
495000 
495003 
495006 
495009 
495012 
495017 
495023 
495029 
495035 
495041 
495047 
495053 
495064 
495071 
495078 
495085 
495092 
495099 
495106 
495119 
495122 
495125 
495128 
495131 
495134 
495137 
495142 
495144 
495146 
495148 
495150 
495152 
495154 
495157 
495161 
495165 
495169 
495173 
495177 
495181 
495188 
495192 
495196 
495200 
495204 
495208 
495212 
495219 
495222 
495225 
495228 
495231 
495234 
495237 
495242 
495245 
495248 
495251 
495254 
495257 
495260 
495265 
495268 
495271 
495274 
495277 
495280 
495283 
495288 
495291 
495294 
495297 
495300 
495303 
495306 
495311 
495317 
495323 
495329 
495335 
495341 
495347 
495358 
495362 
495366 
495370 
495374 
495378 
495382 
495389 
495392 
495395 
495398 
495401 
495404 
495407 
495412 
495418 
495424 
495430 
495436 
495442 
495448 
495459 
495462 
495465 
495468 
495471 
495474 
495477 
495482 
495486 
495490 
495494 
495498 
495502 
495506 
495513 
495517 
495521 
495525 
495529 
495533 
495537 
495544 
495548 
495552 
495556 
495560 
495564 
495568 
495575 
495581 
495587 
495593 
495599 
495605 
495611 
495622 
495627 
495632 
495637 
495642 
495647 
495652 
495661 
495666 
495671 
495676 
495681 
495686 
495691 
495700 
495702 
495704 
495706 
495708 
495710 
495712 
495715 
495718 
495721 
495724 
495727 
495730 
495733 
495738 
495743 
495748 
495753 
495758 
495763 
495768 
495777 
495779 
495781 
495783 
495785 
495787 
495789 
495792 
495797 
495802 
495807 
495812 
495817 
495822 
495831 
495836 
495841 
495846 
495851 
495856 
495861 
495870 
495874 
495878 
495882 
495886 
495890 
495894 
495901 
495906 
495911 
495916 
495921 
495926 
495931 
495940 
495944 
495948 
495952 
495956 
495960 
495964 
495971 
495977 
495983 
495989 
495995 
496001 
496007 
496018 
496021 
496024 
496027 
496030 
496033 
496036 
496041 
496044 
496047 
496050 
496053 
496056 
496059 
496064 
496070 
496076 
496082 
496088 
496094 
496100 
496111 
496116 
496121 
496126 
496131 
496136 
496141 
496150 
496152 
496154 
496156 
496158 
496160 
496162 
496165 
496170 
496175 
496180 
496185 
496190 
496195 
496204 
496207 
496210 
496213 
496216 
496219 
496222 
496227 
496232 
496237 
496242 
496247 
496252 
496257 
496266 
496269 
496272 
496275 
496278 
496281 
496284 
496289 
496293 
496297 
496301 
496305 
496309 
496313 
496320 
496325 
496330 
496335 
496340 
496345 
496350 
496359 
496362 
496365 
496368 
496371 
496374 
496377 
496382 
496385 
496388 
496391 
496394 
496397 
496400 
496405 
496411 
496417 
496423 
496429 
496435 
496441 
496452 
496455 
496458 
496461 
496464 
496467 
496470 
496475 
496479 
496483 
496487 
496491 
496495 
496499 
496506 
496510 
496514 
496518 
496522 
496526 
496530 
496537 
496541 
496545 
496549 
496553 
496557 
496561 
496568 
496573 
496578 
496583 
496588 
496593 
496598 
496607 
496612 
496617 
496622 
496627 
496632 
496637 
496646 
496651 
496656 
496661 
496666 
496671 
496676 
496685 
496691 
496697 
496703 
496709 
496715 
496721 
496732 
496736 
496740 
496744 
496748 
496752 
496756 
496763 
496769 
496775 
496781 
496787 
496793 
496799 
496810 
496815 
496820 
496825 
496830 
496835 
496840 
496849 
496853 
496857 
496861 
496865 
496869 
496873 
496880 
496885 
496890 
496895 
496900 
496905 
496910 
496919 
496925 
496931 
496937 
496943 
496949 
496955 
496966 
496972 
496978 
496984 
496990 
496996 
497002 
497013 
497017 
497021 
497025 
497029 
497033 
497037 
497044 
497049 
497054 
497059 
497064 
497069 
497074 
497083 
497089 
497095 
497101 
497107 
497113 
497119 
497130 
497135 
497140 
497145 
497150 
497155 
497160 
497169 
497173 
497177 
497181 
497185 
497189 
497193 
497200 
497204 
497208 
497212 
497216 
497220 
497224 
497231 
497235 
497239 
497243 
497247 
497251 
497255 
497262 
497267 
497272 
497277 
497282 
497287 
497292 
497301 
497307 
497313 
497319 
497325 
497331 
497337 
497348 
497353 
497358 
497363 
497368 
497373 
497378 
497387 
497390 
497393 
497396 
497399 
497402 
497405 
497410 
497415 
497420 
497425 
497430 
497435 
497440 
497449 
497455 
497461 
497467 
497473 
497479 
497485 
497496 
497499 
497502 
497505 
497508 
497511 
497514 
497519 
497521 
497523 
497525 
497527 
497529 
497531 
497534 
497540 
497546 
497552 
497558 
497564 
497570 
497581 
497584 
497587 
497590 
497593 
497596 
497599 
497604 
497608 
497612 
497616 
497620 
497624 
497628 
497635 
497639 
497643 
497647 
497651 
497655 
497659 
497666 
497670 
497674 
497678 
497682 
497686 
497690 
497697 
497702 
497707 
497712 
497717 
497722 
497727 
497736 
497740 
497744 
497748 
497752 
497756 
497760 
497767 
497772 
497777 
497782 
497787 
497792 
497797 
497806 
497808 
497810 
497812 
497814 
497816 
497818 
497821 
497826 
497831 
497836 
497841 
497846 
497851 
497860 
497862 
497864 
497866 
497868 
497870 
497872 
497875 
497879 
497883 
497887 
497891 
497895 
497899 
497906 
497912 
497918 
497924 
497930 
497936 
497942 
497953 
497958 
497963 
497968 
497973 
497978 
497983 
497992 
497996 
498000 
498004 
498008 
498012 
498016 
498023 
498028 
498033 
498038 
498043 
498048 
498053 
498062 
498065 
498068 
498071 
498074 
498077 
498080 
498085 
498088 
498091 
498094 
498097 
498100 
498103 
498108 
498110 
498112 
498114 
498116 
498118 
498120 
498123 
498128 
498133 
498138 
498143 
498148 
498153 
498162 
498168 
498174 
498180 
498186 
498192 
498198 
498209 
498213 
498217 
498221 
498225 
498229 
498233 
498240 
498245 
498250 
498255 
498260 
498265 
498270 
498279 
498282 
498285 
498288 
498291 
498294 
498297 
498302 
498306 
498310 
498314 
498318 
498322 
498326 
498333 
498338 
498343 
498348 
498353 
498358 
498363 
498372 
498376 
498380 
498384 
498388 
498392 
498396 
498403 
498408 
498413 
498418 
498423 
498428 
498433 
498442 
498447 
498452 
498457 
498462 
498467 
498472 
498481 
498485 
498489 
498493 
498497 
498501 
498505 
498512 
498516 
498520 
498524 
498528 
498532 
498536 
498543 
498548 
498553 
498558 
498563 
498568 
498573 
498582 
498586 
498590 
498594 
498598 
498602 
498606 
498613 
498619 
498625 
498631 
498637 
498643 
498649 
498660 
498663 
498666 
498669 
498672 
498675 
498678 
498683 
498689 
498695 
498701 
498707 
498713 
498719 
498730 
498735 
498740 
498745 
498750 
498755 
498760 
498769 
498775 
498781 
498787 
498793 
498799 
498805 
498816 
498819 
498822 
498825 
498828 
498831 
498834 
498839 
498843 
498847 
498851 
498855 
498859 
498863 
498870 
498874 
498878 
498882 
498886 
498890 
498894 
498901 
498903 
498905 
498907 
498909 
498911 
498913 
498916 
498919 
498922 
498925 
498928 
498931 
498934 
498939 
498945 
498951 
498957 
498963 
498969 
498975 
498986 
498990 
498994 
498998 
499002 
499006 
499010 
499017 
499022 
499027 
499032 
499037 
499042 
499047 
499056 
499062 
499068 
499074 
499080 
499086 
499092 
499103 
499107 
499111 
499115 
499119 
499123 
499127 
499134 
499139 
499144 
499149 
499154 
499159 
499164 
499173 
499176 
499179 
499182 
499185 
499188 
499191 
499196 
499200 
499204 
499208 
499212 
499216 
499220 
499227 
499231 
499235 
499239 
499243 
499247 
499251 
499258 
499263 
499268 
499273 
499278 
499283 
499288 
499297 
499301 
499305 
499309 
499313 
499317 
499321 
499328 
499333 
499338 
499343 
499348 
499353 
499358 
499367 
499372 
499377 
499382 
499387 
499392 
499397 
499406 
499410 
499414 
499418 
499422 
499426 
499430 
499437 
499442 
499447 
499452 
499457 
499462 
499467 
499476 
499480 
499484 
499488 
499492 
499496 
499500 
499507 
499513 
499519 
499525 
499531 
499537 
499543 
499554 
499557 
499560 
499563 
499566 
499569 
499572 
499577 
499581 
499585 
499589 
499593 
499597 
499601 
499608 
499614 
499620 
499626 
499632 
499638 
499644 
499655 
499660 
499665 
499670 
499675 
499680 
499685 
499694 
499700 
499706 
499712 
499718 
499724 
499730 
499741 
499744 
499747 
499750 
499753 
499756 
499759 
499764 
499768 
499772 
499776 
499780 
499784 
499788 
499795 
499799 
499803 
499807 
499811 
499815 
499819 
499826 
499828 
499830 
499832 
499834 
499836 
499838 
499841 
499844 
499847 
499850 
499853 
499856 
499859 
499864 
499870 
499876 
499882 
499888 
499894 
499900 
499911 
499915 
499919 
499923 
499927 
499931 
499935 
499942 
499945 
499948 
499951 
499954 
499957 
499960 
499965 
499970 
499975 
499980 
499985 
499990 
499995 
500004 
500008 
500012 
500016 
500020 
500024 
500028 
500035 
500038 
500041 
500044 
500047 
500050 
500053 
500058 
500065 
500072 
500079 
500086 
500093 
500100 
500113 
500118 
500123 
500128 
500133 
500138 
500143 
500152 
500156 
500160 
500164 
500168 
500172 
500176 
500183 
500189 
500195 
500201 
500207 
500213 
500219 
500230 
500233 
500236 
500239 
500242 
500245 
500248 
500253 
500257 
500261 
500265 
500269 
500273 
500277 
500284 
500289 
500294 
500299 
500304 
500309 
500314 
500323 
500326 
500329 
500332 
500335 
500338 
500341 
500346 
500350 
500354 
500358 
500362 
500366 
500370 
500377 
500381 
500385 
500389 
500393 
500397 
500401 
500408 
500414 
500420 
500426 
500432 
500438 
500444 
500455 
500459 
500463 
500467 
500471 
500475 
500479 
500486 
500491 
500496 
500501 
500506 
500511 
500516 
500525 
500528 
500531 
500534 
500537 
500540 
500543 
500548 
500553 
500558 
500563 
500568 
500573 
500578 
500587 
500592 
500597 
500602 
500607 
500612 
500617 
500626 
500632 
500638 
500644 
500650 
500656 
500662 
500673 
500677 
500681 
500685 
500689 
500693 
500697 
500704 
500708 
500712 
500716 
500720 
500724 
500728 
500735 
500739 
500743 
500747 
500751 
500755 
500759 
500766 
500770 
500774 
500778 
500782 
500786 
500790 
500797 
500803 
500809 
500815 
500821 
500827 
500833 
500844 
500849 
500854 
500859 
500864 
500869 
500874 
500883 
500887 
500891 
500895 
500899 
500903 
500907 
500914 
500919 
500924 
500929 
500934 
500939 
500944 
500953 
500957 
500961 
500965 
500969 
500973 
500977 
500984 
500990 
500996 
501002 
501008 
501014 
501020 
501031 
501034 
501037 
501040 
501043 
501046 
501049 
501054 
501058 
501062 
501066 
501070 
501074 
501078 
501085 
501089 
501093 
501097 
501101 
501105 
501109 
501116 
501119 
501122 
501125 
501128 
501131 
501134 
501139 
501140 
501141 
501142 
501143 
501144 
501145 
501146 
501149 
501152 
501155 
501158 
501161 
501164 
501169 
501174 
501179 
501184 
501189 
501194 
501199 
501208 
501212 
501216 
501220 
501224 
501228 
501232 
501239 
501244 
501249 
501254 
501259 
501264 
501269 
501278 
501283 
501288 
501293 
501298 
501303 
501308 
501317 
501321 
501325 
501329 
501333 
501337 
501341 
501348 
501354 
501360 
501366 
501372 
501378 
501384 
501395 
501399 
501403 
501407 
501411 
501415 
501419 
501426 
501429 
501432 
501435 
501438 
501441 
501444 
501449 
501454 
501459 
501464 
501469 
501474 
501479 
501488 
501492 
501496 
501500 
501504 
501508 
501512 
501519 
501526 
501533 
501540 
501547 
501554 
501561 
501574 
501579 
501584 
501589 
501594 
501599 
501604 
501613 
501617 
501621 
501625 
501629 
501633 
501637 
501644 
501650 
501656 
501662 
501668 
501674 
501680 
501691 
501694 
501697 
501700 
501703 
501706 
501709 
501714 
501718 
501722 
501726 
501730 
501734 
501738 
501745 
501749 
501753 
501757 
501761 
501765 
501769 
501776 
501778 
501780 
501782 
501784 
501786 
501788 
501791 
501794 
501797 
501800 
501803 
501806 
501809 
501814 
501819 
501824 
501829 
501834 
501839 
501844 
501853 
501857 
501861 
501865 
501869 
501873 
501877 
501884 
501889 
501894 
501899 
501904 
501909 
501914 
501923 
501929 
501935 
501941 
501947 
501953 
501959 
501970 
501974 
501978 
501982 
501986 
501990 
501994 
502001 
502006 
502011 
502016 
502021 
502026 
502031 
502040 
502045 
502050 
502055 
502060 
502065 
502070 
502079 
502085 
502091 
502097 
502103 
502109 
502115 
502126 
502131 
502136 
502141 
502146 
502151 
502156 
502165 
502171 
502177 
502183 
502189 
502195 
502201 
502212 
502217 
502222 
502227 
502232 
502237 
502242 
502251 
502256 
502261 
502266 
502271 
502276 
502281 
502290 
502294 
502298 
502302 
502306 
502310 
502314 
502321 
502325 
502329 
502333 
502337 
502341 
502345 
502352 
502357 
502362 
502367 
502372 
502377 
502382 
502391 
502395 
502399 
502403 
502407 
502411 
502415 
502422 
502427 
502432 
502437 
502442 
502447 
502452 
502461 
502467 
502473 
502479 
502485 
502491 
502497 
502508 
502511 
502514 
502517 
502520 
502523 
502526 
502531 
502535 
502539 
502543 
502547 
502551 
502555 
502562 
502565 
502568 
502571 
502574 
502577 
502580 
502585 
502590 
502595 
502600 
502605 
502610 
502615 
502624 
502630 
502636 
502642 
502648 
502654 
502660 
502671 
502674 
502677 
502680 
502683 
502686 
502689 
502694 
502698 
502702 
502706 
502710 
502714 
502718 
502725 
502730 
502735 
502740 
502745 
502750 
502755 
502764 
502769 
502774 
502779 
502784 
502789 
502794 
502803 
502808 
502813 
502818 
502823 
502828 
502833 
502842 
502845 
502848 
502851 
502854 
502857 
502860 
502865 
502869 
502873 
502877 
502881 
502885 
502889 
502896 
502902 
502908 
502914 
502920 
502926 
502932 
502943 
502949 
502955 
502961 
502967 
502973 
502979 
502990 
502994 
502998 
503002 
503006 
503010 
503014 
503021 
503023 
503025 
503027 
503029 
503031 
503033 
503036 
503038 
503040 
503042 
503044 
503046 
503048 
503051 
503056 
503061 
503066 
503071 
503076 
503081 
503090 
503095 
503100 
503105 
503110 
503115 
503120 
503129 
503132 
503135 
503138 
503141 
503144 
503147 
503152 
503156 
503160 
503164 
503168 
503172 
503176 
503183 
503189 
503195 
503201 
503207 
503213 
503219 
503230 
503234 
503238 
503242 
503246 
503250 
503254 
503261 
503263 
503265 
503267 
503269 
503271 
503273 
503276 
503278 
503280 
503282 
503284 
503286 
503288 
503291 
503297 
503303 
503309 
503315 
503321 
503327 
503338 
503342 
503346 
503350 
503354 
503358 
503362 
503369 
503374 
503379 
503384 
503389 
503394 
503399 
503408 
503411 
503414 
503417 
503420 
503423 
503426 
503431 
503435 
503439 
503443 
503447 
503451 
503455 
503462 
503467 
503472 
503477 
503482 
503487 
503492 
503501 
503506 
503511 
503516 
503521 
503526 
503531 
503540 
503547 
503554 
503561 
503568 
503575 
503582 
503595 
503600 
503605 
503610 
503615 
503620 
503625 
503634 
503640 
503646 
503652 
503658 
503664 
503670 
503681 
503686 
503691 
503696 
503701 
503706 
503711 
503720 
503723 
503726 
503729 
503732 
503735 
503738 
503743 
503748 
503753 
503758 
503763 
503768 
503773 
503782 
503786 
503790 
503794 
503798 
503802 
503806 
503813 
503819 
503825 
503831 
503837 
503843 
503849 
503860 
503864 
503868 
503872 
503876 
503880 
503884 
503891 
503897 
503903 
503909 
503915 
503921 
503927 
503938 
503941 
503944 
503947 
503950 
503953 
503956 
503961 
503965 
503969 
503973 
503977 
503981 
503985 
503992 
503997 
504002 
504007 
504012 
504017 
504022 
504031 
504036 
504041 
504046 
504051 
504056 
504061 
504070 
504075 
504080 
504085 
504090 
504095 
504100 
504109 
504114 
504119 
504124 
504129 
504134 
504139 
504148 
504153 
504158 
504163 
504168 
504173 
504178 
504187 
504193 
504199 
504205 
504211 
504217 
504223 
504234 
504239 
504244 
504249 
504254 
504259 
504264 
504273 
504277 
504281 
504285 
504289 
504293 
504297 
504304 
504308 
504312 
504316 
504320 
504324 
504328 
504335 
504341 
504347 
504353 
504359 
504365 
504371 
504382 
504387 
504392 
504397 
504402 
504407 
504412 
504421 
504426 
504431 
504436 
504441 
504446 
504451 
504460 
504465 
504470 
504475 
504480 
504485 
504490 
504499 
504502 
504505 
504508 
504511 
504514 
504517 
504522 
504526 
504530 
504534 
504538 
504542 
504546 
504553 
504558 
504563 
504568 
504573 
504578 
504583 
504592 
504598 
504604 
504610 
504616 
504622 
504628 
504639 
504642 
504645 
504648 
504651 
504654 
504657 
504662 
504665 
504668 
504671 
504674 
504677 
504680 
504685 
504690 
504695 
504700 
504705 
504710 
504715 
504724 
504729 
504734 
504739 
504744 
504749 
504754 
504763 
504767 
504771 
504775 
504779 
504783 
504787 
504794 
504797 
504800 
504803 
504806 
504809 
504812 
504817 
504823 
504829 
504835 
504841 
504847 
504853 
504864 
504869 
504874 
504879 
504884 
504889 
504894 
504903 
504905 
504907 
504909 
504911 
504913 
504915 
504918 
504921 
504924 
504927 
504930 
504933 
504936 
504941 
504947 
504953 
504959 
504965 
504971 
504977 
504988 
504992 
504996 
505000 
505004 
505008 
505012 
505019 
505024 
505029 
505034 
505039 
505044 
505049 
505058 
505061 
505064 
505067 
505070 
505073 
505076 
505081 
505086 
505091 
505096 
505101 
505106 
505111 
505120 
505123 
505126 
505129 
505132 
505135 
505138 
505143 
505148 
505153 
505158 
505163 
505168 
505173 
505182 
505186 
505190 
505194 
505198 
505202 
505206 
505213 
505217 
505221 
505225 
505229 
505233 
505237 
505244 
505247 
505250 
505253 
505256 
505259 
505262 
505267 
505270 
505273 
505276 
505279 
505282 
505285 
505290 
505293 
505296 
505299 
505302 
505305 
505308 
505313 
505315 
505317 
505319 
505321 
505323 
505325 
505328 
505331 
505334 
505337 
505340 
505343 
505346 
505351 
505353 
505355 
505357 
505359 
505361 
505363 
505366 
505370 
505374 
505378 
505382 
505386 
505390 
505397 
505401 
505405 
505409 
505413 
505417 
505421 
505428 
505431 
505434 
505437 
505440 
505443 
505446 
505451 
505455 
505459 
505463 
505467 
505471 
505475 
505482 
505485 
505488 
505491 
505494 
505497 
505500 
505505 
505507 
505509 
505511 
505513 
505515 
505517 
505520 
505523 
505526 
505529 
505532 
505535 
505538 
505543 
505546 
505549 
505552 
505555 
505558 
505561 
505566 
505570 
505574 
505578 
505582 
505586 
505590 
505597 
505601 
505605 
505609 
505613 
505617 
505621 
505628 
505632 
505636 
505640 
505644 
505648 
505652 
505659 
505663 
505667 
505671 
505675 
505679 
505683 
505690 
505693 
505696 
505699 
505702 
505705 
505708 
505713 
505715 
505717 
505719 
505721 
505723 
505725 
505728 
505731 
505734 
505737 
505740 
505743 
505746 
505751 
505754 
505757 
505760 
505763 
505766 
505769 
505774 
505778 
505782 
505786 
505790 
505794 
505798 
505805 
505809 
505813 
505817 
505821 
505825 
505829 
505836 
505840 
505844 
505848 
505852 
505856 
505860 
505867 
505871 
505875 
505879 
505883 
505887 
505891 
505898 
505901 
505904 
505907 
505910 
505913 
505916 
505921 
505924 
505927 
505930 
505933 
505936 
505939 
505944 
505947 
505950 
505953 
505956 
505959 
505962 
505967 
505970 
505973 
505976 
505979 
505982 
505985 
505990 
505995 
506000 
506005 
506010 
506015 
506020 
506029 
506034 
506039 
506044 
506049 
506054 
506059 
506068 
506071 
506074 
506077 
506080 
506083 
506086 
506091 
506095 
506099 
506103 
506107 
506111 
506115 
506122 
506125 
506128 
506131 
506134 
506137 
506140 
506145 
506148 
506151 
506154 
506157 
506160 
506163 
506168 
506173 
506178 
506183 
506188 
506193 
506198 
506207 
506212 
506217 
506222 
506227 
506232 
506237 
506246 
506250 
506254 
506258 
506262 
506266 
506270 
506277 
506280 
506283 
506286 
506289 
506292 
506295 
506300 
506306 
506312 
506318 
506324 
506330 
506336 
506347 
506350 
506353 
506356 
506359 
506362 
506365 
506370 
506373 
506376 
506379 
506382 
506385 
506388 
506393 
506399 
506405 
506411 
506417 
506423 
506429 
506440 
506444 
506448 
506452 
506456 
506460 
506464 
506471 
506476 
506481 
506486 
506491 
506496 
506501 
506510 
506514 
506518 
506522 
506526 
506530 
506534 
506541 
506544 
506547 
506550 
506553 
506556 
506559 
506564 
506568 
506572 
506576 
506580 
506584 
506588 
506595 
506597 
506599 
506601 
506603 
506605 
506607 
506610 
506616 
506622 
506628 
506634 
506640 
506646 
506657 
506661 
506665 
506669 
506673 
506677 
506681 
506688 
506693 
506698 
506703 
506708 
506713 
506718 
506727 
506730 
506733 
506736 
506739 
506742 
506745 
506750 
506753 
506756 
506759 
506762 
506765 
506768 
506773 
506778 
506783 
506788 
506793 
506798 
506803 
506812 
506816 
506820 
506824 
506828 
506832 
506836 
506843 
506848 
506853 
506858 
506863 
506868 
506873 
506882 
506887 
506892 
506897 
506902 
506907 
506912 
506921 
506925 
506929 
506933 
506937 
506941 
506945 
506952 
506958 
506964 
506970 
506976 
506982 
506988 
506999 
507003 
507007 
507011 
507015 
507019 
507023 
507030 
507035 
507040 
507045 
507050 
507055 
507060 
507069 
507073 
507077 
507081 
507085 
507089 
507093 
507100 
507103 
507106 
507109 
507112 
507115 
507118 
507123 
507127 
507131 
507135 
507139 
507143 
507147 
507154 
507160 
507166 
507172 
507178 
507184 
507190 
507201 
507205 
507209 
507213 
507217 
507221 
507225 
507232 
507236 
507240 
507244 
507248 
507252 
507256 
507263 
507269 
507275 
507281 
507287 
507293 
507299 
507310 
507313 
507316 
507319 
507322 
507325 
507328 
507333 
507339 
507345 
507351 
507357 
507363 
507369 
507380 
507383 
507386 
507389 
507392 
507395 
507398 
507403 
507407 
507411 
507415 
507419 
507423 
507427 
507434 
507438 
507442 
507446 
507450 
507454 
507458 
507465 
507468 
507471 
507474 
507477 
507480 
507483 
507488 
507489 
507490 
507491 
507492 
507493 
507494 
507495 
507498 
507501 
507504 
507507 
507510 
507513 
507518 
507523 
507528 
507533 
507538 
507543 
507548 
507557 
507561 
507565 
507569 
507573 
507577 
507581 
507588 
507593 
507598 
507603 
507608 
507613 
507618 
507627 
507632 
507637 
507642 
507647 
507652 
507657 
507666 
507672 
507678 
507684 
507690 
507696 
507702 
507713 
507717 
507721 
507725 
507729 
507733 
507737 
507744 
507747 
507750 
507753 
507756 
507759 
507762 
507767 
507772 
507777 
507782 
507787 
507792 
507797 
507806 
507810 
507814 
507818 
507822 
507826 
507830 
507837 
507842 
507847 
507852 
507857 
507862 
507867 
507876 
507881 
507886 
507891 
507896 
507901 
507906 
507915 
507919 
507923 
507927 
507931 
507935 
507939 
507946 
507952 
507958 
507964 
507970 
507976 
507982 
507993 
507996 
507999 
508002 
508005 
508008 
508011 
508016 
508020 
508024 
508028 
508032 
508036 
508040 
508047 
508052 
508057 
508062 
508067 
508072 
508077 
508086 
508091 
508096 
508101 
508106 
508111 
508116 
508125 
508130 
508135 
508140 
508145 
508150 
508155 
508164 
508168 
508172 
508176 
508180 
508184 
508188 
508195 
508198 
508201 
508204 
508207 
508210 
508213 
508218 
508221 
508224 
508227 
508230 
508233 
508236 
508241 
508244 
508247 
508250 
508253 
508256 
508259 
508264 
508269 
508274 
508279 
508284 
508289 
508294 
508303 
508308 
508313 
508318 
508323 
508328 
508333 
508342 
508346 
508350 
508354 
508358 
508362 
508366 
508373 
508376 
508379 
508382 
508385 
508388 
508391 
508396 
508401 
508406 
508411 
508416 
508421 
508426 
508435 
508437 
508439 
508441 
508443 
508445 
508447 
508450 
508452 
508454 
508456 
508458 
508460 
508462 
508465 
508471 
508477 
508483 
508489 
508495 
508501 
508512 
508516 
508520 
508524 
508528 
508532 
508536 
508543 
508548 
508553 
508558 
508563 
508568 
508573 
508582 
508586 
508590 
508594 
508598 
508602 
508606 
508613 
508616 
508619 
508622 
508625 
508628 
508631 
508636 
508642 
508648 
508654 
508660 
508666 
508672 
508683 
508687 
508691 
508695 
508699 
508703 
508707 
508714 
508719 
508724 
508729 
508734 
508739 
508744 
508753 
508756 
508759 
508762 
508765 
508768 
508771 
508776 
508779 
508782 
508785 
508788 
508791 
508794 
508799 
508803 
508807 
508811 
508815 
508819 
508823 
508830 
508835 
508840 
508845 
508850 
508855 
508860 
508869 
508874 
508879 
508884 
508889 
508894 
508899 
508908 
508913 
508918 
508923 
508928 
508933 
508938 
508947 
508951 
508955 
508959 
508963 
508967 
508971 
508978 
508983 
508988 
508993 
508998 
509003 
509008 
509017 
509022 
509027 
509032 
509037 
509042 
509047 
509056 
509063 
509070 
509077 
509084 
509091 
509098 
509111 
509116 
509121 
509126 
509131 
509136 
509141 
509150 
509154 
509158 
509162 
509166 
509170 
509174 
509181 
509186 
509191 
509196 
509201 
509206 
509211 
509220 
509224 
509228 
509232 
509236 
509240 
509244 
509251 
509256 
509261 
509266 
509271 
509276 
509281 
509290 
509293 
509296 
509299 
509302 
509305 
509308 
509313 
509318 
509323 
509328 
509333 
509338 
509343 
509352 
509356 
509360 
509364 
509368 
509372 
509376 
509383 
509389 
509395 
509401 
509407 
509413 
509419 
509430 
509434 
509438 
509442 
509446 
509450 
509454 
509461 
509467 
509473 
509479 
509485 
509491 
509497 
509508 
509511 
509514 
509517 
509520 
509523 
509526 
509531 
509535 
509539 
509543 
509547 
509551 
509555 
509562 
509567 
509572 
509577 
509582 
509587 
509592 
509601 
509605 
509609 
509613 
509617 
509621 
509625 
509632 
509638 
509644 
509650 
509656 
509662 
509668 
509679 
509682 
509685 
509688 
509691 
509694 
509697 
509702 
509706 
509710 
509714 
509718 
509722 
509726 
509733 
509738 
509743 
509748 
509753 
509758 
509763 
509772 
509777 
509782 
509787 
509792 
509797 
509802 
509811 
509817 
509823 
509829 
509835 
509841 
509847 
509858 
509861 
509864 
509867 
509870 
509873 
509876 
509881 
509885 
509889 
509893 
509897 
509901 
509905 
509912 
509916 
509920 
509924 
509928 
509932 
509936 
509943 
509946 
509949 
509952 
509955 
509958 
509961 
509966 
509970 
509974 
509978 
509982 
509986 
509990 
509997 
510002 
510007 
510012 
510017 
510022 
510027 
510036 
510041 
510046 
510051 
510056 
510061 
510066 
510075 
510080 
510085 
510090 
510095 
510100 
510105 
510114 
510120 
510126 
510132 
510138 
510144 
510150 
510161 
510165 
510169 
510173 
510177 
510181 
510185 
510192 
510197 
510202 
510207 
510212 
510217 
510222 
510231 
510235 
510239 
510243 
510247 
510251 
510255 
510262 
510269 
510276 
510283 
510290 
510297 
510304 
510317 
510322 
510327 
510332 
510337 
510342 
510347 
510356 
510361 
510366 
510371 
510376 
510381 
510386 
510395 
510400 
510405 
510410 
510415 
510420 
510425 
510434 
510440 
510446 
510452 
510458 
510464 
510470 
510481 
510486 
510491 
510496 
510501 
510506 
510511 
510520 
510526 
510532 
510538 
510544 
510550 
510556 
510567 
510572 
510577 
510582 
510587 
510592 
510597 
510606 
510613 
510620 
510627 
510634 
510641 
510648 
510661 
510667 
510673 
510679 
510685 
510691 
510697 
510708 
510711 
510714 
510717 
510720 
510723 
510726 
510731 
510736 
510741 
510746 
510751 
510756 
510761 
510770 
510774 
510778 
510782 
510786 
510790 
510794 
510801 
510807 
510813 
510819 
510825 
510831 
510837 
510848 
510853 
510858 
510863 
510868 
510873 
510878 
510887 
510892 
510897 
510902 
510907 
510912 
510917 
510926 
510931 
510936 
510941 
510946 
510951 
510956 
510965 
510969 
510973 
510977 
510981 
510985 
510989 
510996 
511002 
511008 
511014 
511020 
511026 
511032 
511043 
511047 
511051 
511055 
511059 
511063 
511067 
511074 
511079 
511084 
511089 
511094 
511099 
511104 
511113 
511118 
511123 
511128 
511133 
511138 
511143 
511152 
511155 
511158 
511161 
511164 
511167 
511170 
511175 
511178 
511181 
511184 
511187 
511190 
511193 
511198 
511202 
511206 
511210 
511214 
511218 
511222 
511229 
511233 
511237 
511241 
511245 
511249 
511253 
511260 
511263 
511266 
511269 
511272 
511275 
511278 
511283 
511288 
511293 
511298 
511303 
511308 
511313 
511322 
511326 
511330 
511334 
511338 
511342 
511346 
511353 
511358 
511363 
511368 
511373 
511378 
511383 
511392 
511396 
511400 
511404 
511408 
511412 
511416 
511423 
511427 
511431 
511435 
511439 
511443 
511447 
511454 
511457 
511460 
511463 
511466 
511469 
511472 
511477 
511482 
511487 
511492 
511497 
511502 
511507 
511516 
511519 
511522 
511525 
511528 
511531 
511534 
511539 
511541 
511543 
511545 
511547 
511549 
511551 
511554 
511557 
511560 
511563 
511566 
511569 
511572 
511577 
511580 
511583 
511586 
511589 
511592 
511595 
511600 
511603 
511606 
511609 
511612 
511615 
511618 
511623 
511627 
511631 
511635 
511639 
511643 
511647 
511654 
511657 
511660 
511663 
511666 
511669 
511672 
511677 
511681 
511685 
511689 
511693 
511697 
511701 
511708 
511710 
511712 
511714 
511716 
511718 
511720 
511723 
511727 
511731 
511735 
511739 
511743 
511747 
511754 
511757 
511760 
511763 
511766 
511769 
511772 
511777 
511782 
511787 
511792 
511797 
511802 
511807 
511816 
511819 
511822 
511825 
511828 
511831 
511834 
511839 
511844 
511849 
511854 
511859 
511864 
511869 
511878 
511883 
511888 
511893 
511898 
511903 
511908 
511917 
511920 
511923 
511926 
511929 
511932 
511935 
511940 
511943 
511946 
511949 
511952 
511955 
511958 
511963 
511967 
511971 
511975 
511979 
511983 
511987 
511994 
511996 
511998 
512000 
512002 
512004 
512006 
512009 
512013 
512017 
512021 
512025 
512029 
512033 
512040 
512043 
512046 
512049 
512052 
512055 
512058 
512063 
512068 
512073 
512078 
512083 
512088 
512093 
512102 
512105 
512108 
512111 
512114 
512117 
512120 
512125 
512127 
512129 
512131 
512133 
512135 
512137 
512140 
512142 
512144 
512146 
512148 
512150 
512152 
512155 
512161 
512167 
512173 
512179 
512185 
512191 
512202 
512205 
512208 
512211 
512214 
512217 
512220 
512225 
512229 
512233 
512237 
512241 
512245 
512249 
512256 
512259 
512262 
512265 
512268 
512271 
512274 
512279 
512284 
512289 
512294 
512299 
512304 
512309 
512318 
512320 
512322 
512324 
512326 
512328 
512330 
512333 
512336 
512339 
512342 
512345 
512348 
512351 
512356 
512359 
512362 
512365 
512368 
512371 
512374 
512379 
512383 
512387 
512391 
512395 
512399 
512403 
512410 
512414 
512418 
512422 
512426 
512430 
512434 
512441 
512445 
512449 
512453 
512457 
512461 
512465 
512472 
512476 
512480 
512484 
512488 
512492 
512496 
512503 
512507 
512511 
512515 
512519 
512523 
512527 
512534 
512535 
512536 
512537 
512538 
512539 
512540 
512541 
512545 
512549 
512553 
512557 
512561 
512565 
512572 
512576 
512580 
512584 
512588 
512592 
512596 
512603 
512608 
512613 
512618 
512623 
512628 
512633 
512642 
512645 
512648 
512651 
512654 
512657 
512660 
512665 
512669 
512673 
512677 
512681 
512685 
512689 
512696 
512701 
512706 
512711 
512716 
512721 
512726 
512735 
512739 
512743 
512747 
512751 
512755 
512759 
512766 
512769 
512772 
512775 
512778 
512781 
512784 
512789 
512793 
512797 
512801 
512805 
512809 
512813 
512820 
512823 
512826 
512829 
512832 
512835 
512838 
512843 
512846 
512849 
512852 
512855 
512858 
512861 
512866 
512869 
512872 
512875 
512878 
512881 
512884 
512889 
512892 
512895 
512898 
512901 
512904 
512907 
512912 
512916 
512920 
512924 
512928 
512932 
512936 
512943 
512948 
512953 
512958 
512963 
512968 
512973 
512982 
512984 
512986 
512988 
512990 
512992 
512994 
512997 
512999 
513001 
513003 
513005 
513007 
513009 
513012 
513019 
513026 
513033 
513040 
513047 
513054 
513067 
513073 
513079 
513085 
513091 
513097 
513103 
513114 
513120 
513126 
513132 
513138 
513144 
513150 
513161 
513164 
513167 
513170 
513173 
513176 
513179 
513184 
513191 
513198 
513205 
513212 
513219 
513226 
513239 
513244 
513249 
513254 
513259 
513264 
513269 
513278 
513280 
513282 
513284 
513286 
513288 
513290 
513293 
513298 
513303 
513308 
513313 
513318 
513323 
513332 
513337 
513342 
513347 
513352 
513357 
513362 
513371 
513376 
513381 
513386 
513391 
513396 
513401 
513410 
513416 
513422 
513428 
513434 
513440 
513446 
513457 
513464 
513471 
513478 
513485 
513492 
513499 
513512 
513518 
513524 
513530 
513536 
513542 
513548 
513559 
513565 
513571 
513577 
513583 
513589 
513595 
513606 
513611 
513616 
513621 
513626 
513631 
513636 
513645 
513649 
513653 
513657 
513661 
513665 
513669 
513676 
513679 
513682 
513685 
513688 
513691 
513694 
513699 
513701 
513703 
513705 
513707 
513709 
513711 
513714 
513717 
513720 
513723 
513726 
513729 
513732 
513737 
513742 
513747 
513752 
513757 
513762 
513767 
513776 
513781 
513786 
513791 
513796 
513801 
513806 
513815 
513818 
513821 
513824 
513827 
513830 
513833 
513838 
513842 
513846 
513850 
513854 
513858 
513862 
513869 
513873 
513877 
513881 
513885 
513889 
513893 
513900 
513903 
513906 
513909 
513912 
513915 
513918 
513923 
513927 
513931 
513935 
513939 
513943 
513947 
513954 
513956 
513958 
513960 
513962 
513964 
513966 
513969 
513971 
513973 
513975 
513977 
513979 
513981 
513984 
513989 
513994 
513999 
514004 
514009 
514014 
514023 
514029 
514035 
514041 
514047 
514053 
514059 
514070 
514075 
514080 
514085 
514090 
514095 
514100 
514109 
514112 
514115 
514118 
514121 
514124 
514127 
514132 
514136 
514140 
514144 
514148 
514152 
514156 
514163 
514166 
514169 
514172 
514175 
514178 
514181 
514186 
514191 
514196 
514201 
514206 
514211 
514216 
514225 
514228 
514231 
514234 
514237 
514240 
514243 
514248 
514251 
514254 
514257 
514260 
514263 
514266 
514271 
514276 
514281 
514286 
514291 
514296 
514301 
514310 
514315 
514320 
514325 
514330 
514335 
514340 
514349 
514352 
514355 
514358 
514361 
514364 
514367 
514372 
514377 
514382 
514387 
514392 
514397 
514402 
514411 
514415 
514419 
514423 
514427 
514431 
514435 
514442 
514446 
514450 
514454 
514458 
514462 
514466 
514473 
514476 
514479 
514482 
514485 
514488 
514491 
514496 
514499 
514502 
514505 
514508 
514511 
514514 
514519 
514522 
514525 
514528 
514531 
514534 
514537 
514542 
514546 
514550 
514554 
514558 
514562 
514566 
514573 
514577 
514581 
514585 
514589 
514593 
514597 
514604 
514606 
514608 
514610 
514612 
514614 
514616 
514619 
514624 
514629 
514634 
514639 
514644 
514649 
514658 
514664 
514670 
514676 
514682 
514688 
514694 
514705 
514708 
514711 
514714 
514717 
514720 
514723 
514728 
514732 
514736 
514740 
514744 
514748 
514752 
514759 
514764 
514769 
514774 
514779 
514784 
514789 
514798 
514802 
514806 
514810 
514814 
514818 
514822 
514829 
514834 
514839 
514844 
514849 
514854 
514859 
514868 
514870 
514872 
514874 
514876 
514878 
514880 
514883 
514888 
514893 
514898 
514903 
514908 
514913 
514922 
514925 
514928 
514931 
514934 
514937 
514940 
514945 
514949 
514953 
514957 
514961 
514965 
514969 
514976 
514979 
514982 
514985 
514988 
514991 
514994 
514999 
515006 
515013 
515020 
515027 
515034 
515041 
515054 
515058 
515062 
515066 
515070 
515074 
515078 
515085 
515089 
515093 
515097 
515101 
515105 
515109 
515116 
515120 
515124 
515128 
515132 
515136 
515140 
515147 
515150 
515153 
515156 
515159 
515162 
515165 
515170 
515176 
515182 
515188 
515194 
515200 
515206 
515217 
515221 
515225 
515229 
515233 
515237 
515241 
515248 
515252 
515256 
515260 
515264 
515268 
515272 
515279 
515283 
515287 
515291 
515295 
515299 
515303 
515310 
515313 
515316 
515319 
515322 
515325 
515328 
515333 
515337 
515341 
515345 
515349 
515353 
515357 
515364 
515368 
515372 
515376 
515380 
515384 
515388 
515395 
515400 
515405 
515410 
515415 
515420 
515425 
515434 
515438 
515442 
515446 
515450 
515454 
515458 
515465 
515469 
515473 
515477 
515481 
515485 
515489 
515496 
515501 
515506 
515511 
515516 
515521 
515526 
515535 
515540 
515545 
515550 
515555 
515560 
515565 
515574 
515579 
515584 
515589 
515594 
515599 
515604 
515613 
515618 
515623 
515628 
515633 
515638 
515643 
515652 
515655 
515658 
515661 
515664 
515667 
515670 
515675 
515678 
515681 
515684 
515687 
515690 
515693 
515698 
515703 
515708 
515713 
515718 
515723 
515728 
515737 
515741 
515745 
515749 
515753 
515757 
515761 
515768 
515772 
515776 
515780 
515784 
515788 
515792 
515799 
515803 
515807 
515811 
515815 
515819 
515823 
515830 
515836 
515842 
515848 
515854 
515860 
515866 
515877 
515880 
515883 
515886 
515889 
515892 
515895 
515900 
515904 
515908 
515912 
515916 
515920 
515924 
515931 
515937 
515943 
515949 
515955 
515961 
515967 
515978 
515982 
515986 
515990 
515994 
515998 
516002 
516009 
516012 
516015 
516018 
516021 
516024 
516027 
516032 
516037 
516042 
516047 
516052 
516057 
516062 
516071 
516075 
516079 
516083 
516087 
516091 
516095 
516102 
516105 
516108 
516111 
516114 
516117 
516120 
516125 
516130 
516135 
516140 
516145 
516150 
516155 
516164 
516168 
516172 
516176 
516180 
516184 
516188 
516195 
516200 
516205 
516210 
516215 
516220 
516225 
516234 
516239 
516244 
516249 
516254 
516259 
516264 
516273 
516278 
516283 
516288 
516293 
516298 
516303 
516312 
516316 
516320 
516324 
516328 
516332 
516336 
516343 
516347 
516351 
516355 
516359 
516363 
516367 
516374 
516379 
516384 
516389 
516394 
516399 
516404 
516413 
516417 
516421 
516425 
516429 
516433 
516437 
516444 
516449 
516454 
516459 
516464 
516469 
516474 
516483 
516487 
516491 
516495 
516499 
516503 
516507 
516514 
516521 
516528 
516535 
516542 
516549 
516556 
516569 
516572 
516575 
516578 
516581 
516584 
516587 
516592 
516597 
516602 
516607 
516612 
516617 
516622 
516631 
516636 
516641 
516646 
516651 
516656 
516661 
516670 
516674 
516678 
516682 
516686 
516690 
516694 
516701 
516705 
516709 
516713 
516717 
516721 
516725 
516732 
516736 
516740 
516744 
516748 
516752 
516756 
516763 
516768 
516773 
516778 
516783 
516788 
516793 
516802 
516806 
516810 
516814 
516818 
516822 
516826 
516833 
516837 
516841 
516845 
516849 
516853 
516857 
516864 
516867 
516870 
516873 
516876 
516879 
516882 
516887 
516892 
516897 
516902 
516907 
516912 
516917 
516926 
516931 
516936 
516941 
516946 
516951 
516956 
516965 
516968 
516971 
516974 
516977 
516980 
516983 
516988 
516991 
516994 
516997 
517000 
517003 
517006 
517011 
517015 
517019 
517023 
517027 
517031 
517035 
517042 
517046 
517050 
517054 
517058 
517062 
517066 
517073 
517076 
517079 
517082 
517085 
517088 
517091 
517096 
517101 
517106 
517111 
517116 
517121 
517126 
517135 
517139 
517143 
517147 
517151 
517155 
517159 
517166 
517171 
517176 
517181 
517186 
517191 
517196 
517205 
517209 
517213 
517217 
517221 
517225 
517229 
517236 
517239 
517242 
517245 
517248 
517251 
517254 
517259 
517262 
517265 
517268 
517271 
517274 
517277 
517282 
517287 
517292 
517297 
517302 
517307 
517312 
517321 
517324 
517327 
517330 
517333 
517336 
517339 
517344 
517346 
517348 
517350 
517352 
517354 
517356 
517359 
517362 
517365 
517368 
517371 
517374 
517377 
517382 
517388 
517394 
517400 
517406 
517412 
517418 
517429 
517432 
517435 
517438 
517441 
517444 
517447 
517452 
517455 
517458 
517461 
517464 
517467 
517470 
517475 
517479 
517483 
517487 
517491 
517495 
517499 
517506 
517509 
517512 
517515 
517518 
517521 
517524 
517529 
517533 
517537 
517541 
517545 
517549 
517553 
517560 
517562 
517564 
517566 
517568 
517570 
517572 
517575 
517579 
517583 
517587 
517591 
517595 
517599 
517606 
517609 
517612 
517615 
517618 
517621 
517624 
517629 
517634 
517639 
517644 
517649 
517654 
517659 
517668 
517671 
517674 
517677 
517680 
517683 
517686 
517691 
517696 
517701 
517706 
517711 
517716 
517721 
517730 
517735 
517740 
517745 
517750 
517755 
517760 
517769 
517772 
517775 
517778 
517781 
517784 
517787 
517792 
517795 
517798 
517801 
517804 
517807 
517810 
517815 
517819 
517823 
517827 
517831 
517835 
517839 
517846 
517848 
517850 
517852 
517854 
517856 
517858 
517861 
517865 
517869 
517873 
517877 
517881 
517885 
517892 
517895 
517898 
517901 
517904 
517907 
517910 
517915 
517920 
517925 
517930 
517935 
517940 
517945 
517954 
517957 
517960 
517963 
517966 
517969 
517972 
517977 
517979 
517981 
517983 
517985 
517987 
517989 
517992 
517994 
517996 
517998 
518000 
518002 
518004 
518007 
518011 
518015 
518019 
518023 
518027 
518031 
518038 
518043 
518048 
518053 
518058 
518063 
518068 
518077 
518080 
518083 
518086 
518089 
518092 
518095 
518100 
518105 
518110 
518115 
518120 
518125 
518130 
518139 
518145 
518151 
518157 
518163 
518169 
518175 
518186 
518190 
518194 
518198 
518202 
518206 
518210 
518217 
518222 
518227 
518232 
518237 
518242 
518247 
518256 
518261 
518266 
518271 
518276 
518281 
518286 
518295 
518298 
518301 
518304 
518307 
518310 
518313 
518318 
518322 
518326 
518330 
518334 
518338 
518342 
518349 
518353 
518357 
518361 
518365 
518369 
518373 
518380 
518383 
518386 
518389 
518392 
518395 
518398 
518403 
518406 
518409 
518412 
518415 
518418 
518421 
518426 
518428 
518430 
518432 
518434 
518436 
518438 
518441 
518444 
518447 
518450 
518453 
518456 
518459 
518464 
518470 
518476 
518482 
518488 
518494 
518500 
518511 
518514 
518517 
518520 
518523 
518526 
518529 
518534 
518539 
518544 
518549 
518554 
518559 
518564 
518573 
518576 
518579 
518582 
518585 
518588 
518591 
518596 
518601 
518606 
518611 
518616 
518621 
518626 
518635 
518638 
518641 
518644 
518647 
518650 
518653 
518658 
518663 
518668 
518673 
518678 
518683 
518688 
518697 
518701 
518705 
518709 
518713 
518717 
518721 
518728 
518732 
518736 
518740 
518744 
518748 
518752 
518759 
518762 
518765 
518768 
518771 
518774 
518777 
518782 
518785 
518788 
518791 
518794 
518797 
518800 
518805 
518808 
518811 
518814 
518817 
518820 
518823 
518828 
518832 
518836 
518840 
518844 
518848 
518852 
518859 
518861 
518863 
518865 
518867 
518869 
518871 
518874 
518877 
518880 
518883 
518886 
518889 
518892 
518897 
518902 
518907 
518912 
518917 
518922 
518927 
518936 
518939 
518942 
518945 
518948 
518951 
518954 
518959 
518963 
518967 
518971 
518975 
518979 
518983 
518990 
518993 
518996 
518999 
519002 
519005 
519008 
519013 
519016 
519019 
519022 
519025 
519028 
519031 
519036 
519040 
519044 
519048 
519052 
519056 
519060 
519067 
519069 
519071 
519073 
519075 
519077 
519079 
519082 
519086 
519090 
519094 
519098 
519102 
519106 
519113 
519117 
519121 
519125 
519129 
519133 
519137 
519144 
519148 
519152 
519156 
519160 
519164 
519168 
519175 
519178 
519181 
519184 
519187 
519190 
519193 
519198 
519201 
519204 
519207 
519210 
519213 
519216 
519221 
519226 
519231 
519236 
519241 
519246 
519251 
519260 
519263 
519266 
519269 
519272 
519275 
519278 
519283 
519286 
519289 
519292 
519295 
519298 
519301 
519306 
519309 
519312 
519315 
519318 
519321 
519324 
519329 
519333 
519337 
519341 
519345 
519349 
519353 
519360 
519364 
519368 
519372 
519376 
519380 
519384 
519391 
519395 
519399 
519403 
519407 
519411 
519415 
519422 
519425 
519428 
519431 
519434 
519437 
519440 
519445 
519449 
519453 
519457 
519461 
519465 
519469 
519476 
519480 
519484 
519488 
519492 
519496 
519500 
519507 
519510 
519513 
519516 
519519 
519522 
519525 
519530 
519533 
519536 
519539 
519542 
519545 
519548 
519553 
519556 
519559 
519562 
519565 
519568 
519571 
519576 
519580 
519584 
519588 
519592 
519596 
519600 
519607 
519611 
519615 
519619 
519623 
519627 
519631 
519638 
519642 
519646 
519650 
519654 
519658 
519662 
519669 
519673 
519677 
519681 
519685 
519689 
519693 
519700 
519703 
519706 
519709 
519712 
519715 
519718 
519723 
519727 
519731 
519735 
519739 
519743 
519747 
519754 
519757 
519760 
519763 
519766 
519769 
519772 
519777 
519780 
519783 
519786 
519789 
519792 
519795 
519800 
519804 
519808 
519812 
519816 
519820 
519824 
519831 
519835 
519839 
519843 
519847 
519851 
519855 
519862 
519865 
519868 
519871 
519874 
519877 
519880 
519885 
519888 
519891 
519894 
519897 
519900 
519903 
519908 
519914 
519920 
519926 
519932 
519938 
519944 
519955 
519960 
519965 
519970 
519975 
519980 
519985 
519994 
519997 
520000 
520003 
520006 
520009 
520012 
520017 
520022 
520027 
520032 
520037 
520042 
520047 
520056 
520063 
520070 
520077 
520084 
520091 
520098 
520111 
520115 
520119 
520123 
520127 
520131 
520135 
520142 
520147 
520152 
520157 
520162 
520167 
520172 
520181 
520186 
520191 
520196 
520201 
520206 
520211 
520220 
520223 
520226 
520229 
520232 
520235 
520238 
520243 
520247 
520251 
520255 
520259 
520263 
520267 
520274 
520276 
520278 
520280 
520282 
520284 
520286 
520289 
520296 
520303 
520310 
520317 
520324 
520331 
520344 
520347 
520350 
520353 
520356 
520359 
520362 
520367 
520372 
520377 
520382 
520387 
520392 
520397 
520406 
520410 
520414 
520418 
520422 
520426 
520430 
520437 
520443 
520449 
520455 
520461 
520467 
520473 
520484 
520488 
520492 
520496 
520500 
520504 
520508 
520515 
520519 
520523 
520527 
520531 
520535 
520539 
520546 
520550 
520554 
520558 
520562 
520566 
520570 
520577 
520581 
520585 
520589 
520593 
520597 
520601 
520608 
520612 
520616 
520620 
520624 
520628 
520632 
520639 
520645 
520651 
520657 
520663 
520669 
520675 
520686 
520690 
520694 
520698 
520702 
520706 
520710 
520717 
520720 
520723 
520726 
520729 
520732 
520735 
520740 
520743 
520746 
520749 
520752 
520755 
520758 
520763 
520768 
520773 
520778 
520783 
520788 
520793 
520802 
520806 
520810 
520814 
520818 
520822 
520826 
520833 
520837 
520841 
520845 
520849 
520853 
520857 
520864 
520869 
520874 
520879 
520884 
520889 
520894 
520903 
520907 
520911 
520915 
520919 
520923 
520927 
520934 
520935 
520936 
520937 
520938 
520939 
520940 
520941 
520946 
520951 
520956 
520961 
520966 
520971 
520980 
520984 
520988 
520992 
520996 
521000 
521004 
521011 
521015 
521019 
521023 
521027 
521031 
521035 
521042 
521045 
521048 
521051 
521054 
521057 
521060 
521065 
521068 
521071 
521074 
521077 
521080 
521083 
521088 
521092 
521096 
521100 
521104 
521108 
521112 
521119 
521122 
521125 
521128 
521131 
521134 
521137 
521142 
521146 
521150 
521154 
521158 
521162 
521166 
521173 
521178 
521183 
521188 
521193 
521198 
521203 
521212 
521217 
521222 
521227 
521232 
521237 
521242 
521251 
521256 
521261 
521266 
521271 
521276 
521281 
521290 
521295 
521300 
521305 
521310 
521315 
521320 
521329 
521335 
521341 
521347 
521353 
521359 
521365 
521376 
521379 
521382 
521385 
521388 
521391 
521394 
521399 
521402 
521405 
521408 
521411 
521414 
521417 
521422 
521427 
521432 
521437 
521442 
521447 
521452 
521461 
521464 
521467 
521470 
521473 
521476 
521479 
521484 
521487 
521490 
521493 
521496 
521499 
521502 
521507 
521512 
521517 
521522 
521527 
521532 
521537 
521546 
521551 
521556 
521561 
521566 
521571 
521576 
521585 
521590 
521595 
521600 
521605 
521610 
521615 
521624 
521629 
521634 
521639 
521644 
521649 
521654 
521663 
521668 
521673 
521678 
521683 
521688 
521693 
521702 
521706 
521710 
521714 
521718 
521722 
521726 
521733 
521738 
521743 
521748 
521753 
521758 
521763 
521772 
521776 
521780 
521784 
521788 
521792 
521796 
521803 
521808 
521813 
521818 
521823 
521828 
521833 
521842 
521847 
521852 
521857 
521862 
521867 
521872 
521881 
521884 
521887 
521890 
521893 
521896 
521899 
521904 
521908 
521912 
521916 
521920 
521924 
521928 
521935 
521939 
521943 
521947 
521951 
521955 
521959 
521966 
521968 
521970 
521972 
521974 
521976 
521978 
521981 
521986 
521991 
521996 
522001 
522006 
522011 
522020 
522025 
522030 
522035 
522040 
522045 
522050 
522059 
522061 
522063 
522065 
522067 
522069 
522071 
522074 
522076 
522078 
522080 
522082 
522084 
522086 
522089 
522093 
522097 
522101 
522105 
522109 
522113 
522120 
522122 
522124 
522126 
522128 
522130 
522132 
522135 
522140 
522145 
522150 
522155 
522160 
522165 
522174 
522179 
522184 
522189 
522194 
522199 
522204 
522213 
522218 
522223 
522228 
522233 
522238 
522243 
522252 
522256 
522260 
522264 
522268 
522272 
522276 
522283 
522287 
522291 
522295 
522299 
522303 
522307 
522314 
522319 
522324 
522329 
522334 
522339 
522344 
522353 
522357 
522361 
522365 
522369 
522373 
522377 
522384 
522390 
522396 
522402 
522408 
522414 
522420 
522431 
522435 
522439 
522443 
522447 
522451 
522455 
522462 
522467 
522472 
522477 
522482 
522487 
522492 
522501 
522507 
522513 
522519 
522525 
522531 
522537 
522548 
522551 
522554 
522557 
522560 
522563 
522566 
522571 
522574 
522577 
522580 
522583 
522586 
522589 
522594 
522597 
522600 
522603 
522606 
522609 
522612 
522617 
522622 
522627 
522632 
522637 
522642 
522647 
522656 
522659 
522662 
522665 
522668 
522671 
522674 
522679 
522683 
522687 
522691 
522695 
522699 
522703 
522710 
522715 
522720 
522725 
522730 
522735 
522740 
522749 
522753 
522757 
522761 
522765 
522769 
522773 
522780 
522783 
522786 
522789 
522792 
522795 
522798 
522803 
522807 
522811 
522815 
522819 
522823 
522827 
522834 
522839 
522844 
522849 
522854 
522859 
522864 
522873 
522878 
522883 
522888 
522893 
522898 
522903 
522912 
522917 
522922 
522927 
522932 
522937 
522942 
522951 
522957 
522963 
522969 
522975 
522981 
522987 
522998 
523002 
523006 
523010 
523014 
523018 
523022 
523029 
523034 
523039 
523044 
523049 
523054 
523059 
523068 
523073 
523078 
523083 
523088 
523093 
523098 
523107 
523110 
523113 
523116 
523119 
523122 
523125 
523130 
523133 
523136 
523139 
523142 
523145 
523148 
523153 
523157 
523161 
523165 
523169 
523173 
523177 
523184 
523188 
523192 
523196 
523200 
523204 
523208 
523215 
523218 
523221 
523224 
523227 
523230 
523233 
523238 
523241 
523244 
523247 
523250 
523253 
523256 
523261 
523265 
523269 
523273 
523277 
523281 
523285 
523292 
523295 
523298 
523301 
523304 
523307 
523310 
523315 
523318 
523321 
523324 
523327 
523330 
523333 
523338 
523344 
523350 
523356 
523362 
523368 
523374 
523385 
523389 
523393 
523397 
523401 
523405 
523409 
523416 
523419 
523422 
523425 
523428 
523431 
523434 
523439 
523444 
523449 
523454 
523459 
523464 
523469 
523478 
523482 
523486 
523490 
523494 
523498 
523502 
523509 
523512 
523515 
523518 
523521 
523524 
523527 
523532 
523537 
523542 
523547 
523552 
523557 
523562 
523571 
523575 
523579 
523583 
523587 
523591 
523595 
523602 
523607 
523612 
523617 
523622 
523627 
523632 
523641 
523646 
523651 
523656 
523661 
523666 
523671 
523680 
523685 
523690 
523695 
523700 
523705 
523710 
523719 
523724 
523729 
523734 
523739 
523744 
523749 
523758 
523762 
523766 
523770 
523774 
523778 
523782 
523789 
523793 
523797 
523801 
523805 
523809 
523813 
523820 
523824 
523828 
523832 
523836 
523840 
523844 
523851 
523857 
523863 
523869 
523875 
523881 
523887 
523898 
523902 
523906 
523910 
523914 
523918 
523922 
523929 
523934 
523939 
523944 
523949 
523954 
523959 
523968 
523972 
523976 
523980 
523984 
523988 
523992 
523999 
524006 
524013 
524020 
524027 
524034 
524041 
524054 
524057 
524060 
524063 
524066 
524069 
524072 
524077 
524081 
524085 
524089 
524093 
524097 
524101 
524108 
524113 
524118 
524123 
524128 
524133 
524138 
524147 
524152 
524157 
524162 
524167 
524172 
524177 
524186 
524189 
524192 
524195 
524198 
524201 
524204 
524209 
524213 
524217 
524221 
524225 
524229 
524233 
524240 
524244 
524248 
524252 
524256 
524260 
524264 
524271 
524276 
524281 
524286 
)

// ************************************************************************* //
